model,a,b,c,x_t_minus_1,x_t_0,x_t_plus_1,curvature_contrast
Linear · c = 0,0.30471707975443135,2.045793344720864,0.0,1.7321838680625428,1.9364003042648148,2.2883394645999164,0.0738613620664148
Linear · c = 0,-1.0399841062404955,1.342777472957529,0.0,2.477848135858086,1.3432264666375224,0.3538248632472842,0.07261003291516266
Linear · c = 0,0.7504511958064572,-1.0792203499271855,0.0,-1.7291596594033143,-1.135446569361827,-0.21533192957625735,0.1632007748720412
Linear · c = 0,0.9405647163912139,-2.2537551840613457,0.0,-3.1374935099338006,-2.4389771470980675,-1.096844748992195,0.3218080176350697
Linear · c = 0,-1.9510351886538364,-4.446793256762477,0.0,-2.5708697796721776,-4.695057558240254,-6.554585001854258,0.1323301674770363
Linear · c = 0,-1.302179506862318,-0.8152432618989518,0.0,0.33377947086161797,-0.8074172641003218,-2.1585003445932056,-0.10494317276547205
Linear · c = 0,0.12784040316728537,3.6306225183711036,0.0,3.4522573200577296,3.7235778131934754,3.8094442257172947,-0.09272704030596346
Linear · c = 0,-0.3162425923435822,0.6523264071954711,0.0,1.0159761801356961,0.713800675794775,0.42850401505222463,0.008439421799185332
Linear · c = 0,-0.016801157504288795,-0.8393584290742342,0.0,-1.1387502728365617,-0.8940241669139034,-1.183191096251944,-0.2669465176303495
Linear · c = 0,-0.85304392757358,0.6976203142504593,0.0,1.5560732308437086,0.6969253684168075,0.001406227895331319,0.08181436095271244
Linear · c = 0,0.8793979748628286,-2.3414375294916643,0.0,-3.0426903454463248,-2.311021272253809,-1.5370937162383707,0.02112924141146122
Linear · c = 0,0.7777919354289483,-0.4459850440464531,0.0,-1.1510028125935408,-0.5251726896451001,0.33159799366599285,0.11547028018132616
Linear · c = 0,0.06603069756121605,0.14921620952360773,0.0,0.23110595950650684,0.0655505076251942,0.3360987029711989,0.21805182361365866
Linear · c = 0,1.1272412069680329,-0.12915097773157275,0.0,-1.15478197939576,-0.272369750301196,1.1441743484690703,0.26706593483785107
Linear · c = 0,0.4675093422520456,1.1862091825351209,0.0,0.8234847920888011,1.2014980656410195,1.5393700060830187,-0.020070666555109584
Linear · c = 0,-0.8592924628832382,0.5169678393540785,0.0,1.2473793994509812,0.43631845281862514,-0.2609354540353657,0.05690351988918263
Linear · c = 0,0.36875078408249884,1.0024890271619955,0.0,0.490394467969287,1.068115864454976,1.1849764819127355,-0.23043038951396477
Linear · c = 0,-0.9588826008289989,-1.0325584233461391,0.0,-0.10428611018296756,-1.0161112601600377,-1.6246715024163003,0.1516324538604038
Linear · c = 0,0.8784503013072725,1.3467231126158221,0.0,0.2616754629804945,1.5675252975893421,2.247649776021187,-0.31286267808850154
Linear · c = 0,-0.049925910986252896,2.4434054214359873,0.0,2.555007120124635,2.461157608444218,2.460188533179019,0.04644021820760891
Linear · c = 0,-0.18486236354526056,-1.4552242794771189,0.0,-1.293414681586161,-1.2371167522585,-1.708557314656088,-0.2638692458626244
Linear · c = 0,-0.6809295444039414,-1.3315434835718396,0.0,-0.48077875334101106,-1.428198551603793,-2.021510804935974,0.17705377246530052
Linear · c = 0,1.2225413386740303,2.0036765044803495,0.0,0.6203407829627864,2.0719300625324775,3.44298673669336,-0.04026630270440412
Linear · c = 0,-0.15452948206880215,-0.28701598004259044,0.0,-0.1440899249469164,-0.31654883484817686,-0.6087380065715816,-0.05986513091107215
Linear · c = 0,-0.4283278221631072,2.1057320880998356,0.0,2.4996660122300964,1.8668129491416066,1.5404725679289042,0.15325634093789375
Linear · c = 0,-0.3521335504882296,-0.6638035678382759,0.0,-0.277652110433676,-0.4659515881770665,-0.5945554891420801,0.029847788389188445
Linear · c = 0,0.5323091855533487,2.182568364406067,0.0,1.562271416092083,2.397863387902883,2.751440422019663,-0.24100746884700985
Linear · c = 0,0.36544406436407834,0.19722872520817827,0.0,-0.19090248616785643,0.2621178929671011,0.5719602621242506,-0.07158900498890403
Linear · c = 0,0.4127326115959884,0.3873432349840428,0.0,-0.008830017770112848,0.3260932605600424,0.5903593976102035,-0.03532857063999706
Linear · c = 0,0.43082100300788273,2.3470770325048567,0.0,1.6847122491186617,2.4450637649970406,2.7363930219998824,-0.23451112943776842
Linear · c = 0,2.1416476008704612,-0.5426557161662569,0.0,-2.773716651985143,-0.5413798721577838,1.7182317226415484,0.013637407485986519
Linear · c = 0,-0.4064150163846156,-1.4116831438874375,0.0,-0.9782135360488622,-1.5100913843835826,-1.6341542169247107,0.20390750789679601
Linear · c = 0,-0.5122427290715373,-0.6728463120425315,0.0,0.07627424247625059,-0.5986628137441036,-1.0390395144124553,0.1172801777760012
Linear · c = 0,-0.8137727282478777,0.678500925964708,0.0,1.6785676537346574,0.8480158234253851,-0.04315692571627616,-0.03031045941619437
Linear · c = 0,0.6159794225754956,-2.3486386082707718,0.0,-2.874865973785035,-2.270689522268796,-1.8972598368773326,-0.11537338306238754
Linear · c = 0,1.1289722927208916,0.9562063539766823,0.0,-0.06765746521527145,0.7528342583076992,1.9659887284288156,0.1963313732990728
Linear · c = 0,-0.11394745765487507,-0.8081569764266148,0.0,-0.49867475860052657,-0.6821239520224851,-0.6989946906286105,0.08328922740791656
Linear · c = 0,-0.840156476962528,1.7217189911003452,0.0,2.5211243105097796,1.5488816649088302,0.8454969345772657,0.13442895763469243
Linear · c = 0,-0.8244812156912396,-3.591390457350707,0.0,-2.7516045470733816,-3.5795421498997055,-4.245819601228441,0.08083007574879408
Linear · c = 0,0.6505927878247011,-1.179848662656253,0.0,-1.884632014231471,-1.1270434918858143,-0.6775499472467428,-0.15404748885329256
Linear · c = 0,0.7432541712034423,-2.529702226851153,0.0,-3.2054088063480233,-2.5292359443233075,-1.898920056390388,-0.022928487045898116
Linear · c = 0,0.543154268305195,-1.239344199545929,0.0,-1.8178728721773518,-1.266970561523212,-0.7367132006412983,-0.010322474886113042
Linear · c = 0,-0.6655097072886943,0.3714988516634147,0.0,1.3027097452922614,0.35673195131723273,-0.3305952721518803,0.12932528525295778
Linear · c = 0,0.23216132306671977,-0.26883993817463236,0.0,-0.8156189048828734,-0.40297104097155395,-0.07613962877636551,-0.042908225858065474
Linear · c = 0,0.11668580914072822,-0.38006635342202244,0.0,-0.5996300639892471,-0.1728102144153529,-0.288121210590727,-0.2710654228746341
Linear · c = 0,0.21868859672901295,-0.2387773070700912,0.0,-0.26419926640136626,-0.229521611962536,-0.014504534877841764,0.090169711322932
Linear · c = 0,0.8714287779481898,0.30508236092991514,0.0,-0.5796658841751499,0.305651798673134,1.4343303893355839,0.12168045390708299
Linear · c = 0,0.22359554877468227,-1.5128040629146615,0.0,-2.0843412207020267,-1.8130359245804633,-1.3706841387983963,0.08552324483025164
Linear · c = 0,0.6789135630718949,1.0602744613485762,0.0,0.38354008056731664,1.163790125063178,1.8101511041245921,-0.06694453271722356
Linear · c = 0,0.06757906948889146,0.9939989555782258,0.0,0.8687829991572488,1.1468555095644901,1.216107335540027,-0.10441034221585221
Linear · c = 0,0.28911939868998415,0.5775569064841515,0.0,0.3160461824849021,0.7219555423571776,0.907573094688955,-0.11014590377024913
Linear · c = 0,0.6312882258385404,0.8348001641268947,0.0,0.1192894842709218,0.9394726899768955,1.4826803583522368,-0.1384877686653162
Linear · c = 0,-1.4571558198556664,0.44462700121298926,0.0,1.9019837980818286,0.6655700370414254,-1.3801596379236902,-0.4046579569623562
Linear · c = 0,-0.31967121635730134,3.052609954096601,0.0,3.159628544929967,2.8745493901404457,2.678449640603979,0.04448970262652718
Linear · c = 0,-0.4703726542927955,-0.13064125657876485,0.0,0.30154017224912616,-0.356740103744722,-0.7487876157181843,0.1331163820101929
Linear · c = 0,-0.6388778482433419,-0.4606248275018651,0.0,0.0491267689629413,-0.09201121369048137,-0.8292413835831351,-0.29804609361961554
Linear · c = 0,-0.27514225122668373,-1.1302913705360669,0.0,-0.9169115319620806,-1.1848288640820868,-1.5778142213409947,-0.0625340125694509
Linear · c = 0,1.4949413112343959,-1.5483940058667551,0.0,-3.329554879084941,-1.5659260338280336,-0.20313049211896309,-0.20041665177391854
Linear · c = 0,-0.8658311156932432,-1.866707681401613,0.0,-1.0136041454576712,-2.1067385587581344,-2.8468349658413947,0.17651900310860147
Linear · c = 0,0.9682783545914808,-1.3331959698463778,0.0,-2.279180260142434,-1.2782645301787872,-0.3022968214435948,-0.012474010614227371
Linear · c = 0,-1.6828697716158048,-0.10602057247810698,0.0,1.3787758515141422,0.022182287042227272,-1.9089220985841893,-0.2872554105772508
Linear · c = 0,-0.33488502998577485,0.5014426927465717,0.0,0.9312564099234425,0.49984689125384274,-0.03990046210089532,-0.05416891734256912
Linear · c = 0,0.1627530651050056,0.07671308782824268,0.0,-0.1334696329639411,0.13151764913780783,0.33141096000443815,-0.03254698561755931
Linear · c = 0,0.5862223313592781,-1.1483029161445695,0.0,-1.7556734321205105,-0.9185360825544115,-0.41095396913730753,-0.16477761807449753
Linear · c = 0,0.711226579792855,1.3502768460299448,0.0,0.6005521487771269,1.4627951178504865,2.351572448601028,0.013267180838590908
Linear · c = 0,0.7933472351999252,1.1091190084514213,0.0,0.6098444633689502,0.9249190263280467,1.763486276977774,0.26174634384531537
Linear · c = 0,-0.3487250722484376,-0.2394724611330255,0.0,0.3319904291254897,-0.3982146187586711,-0.786578703375215,0.17092048163380846
Linear · c = 0,-0.46235179266456716,-0.9793742169970681,0.0,-0.5899515439373579,-0.9163402105758802,-1.4570855156532996,-0.10717831921944843
Linear · c = 0,0.8579758812571538,0.8226418812446993,0.0,-0.13291854307329337,0.7215100119860229,1.5737672028399468,-0.0010856821026962171
Linear · c = 0,-0.1913043248816149,0.2819603812291567,0.0,0.34133826181193017,0.6242053128205659,0.13528271702537503,-0.3858948234019133
Linear · c = 0,-1.2756863233379219,-2.1721908891225716,0.0,-0.763490707623939,-2.2455525093404103,-3.475770714038401,0.12592179850924046
Linear · c = 0,-1.1332872140034806,-0.10197038397660735,0.0,0.9242837328213201,-0.4997266342144876,-1.4419589895072678,0.2408890058715138
Linear · c = 0,-0.9194522860016113,0.3930537181115715,0.0,1.0409132021161236,0.05558615141883044,-0.7057024140347552,0.11201924262185375
Linear · c = 0,0.49716074405376404,-1.3495421797316307,0.0,-1.6479595718781501,-1.356207604887284,-0.6587968713296906,0.20282938328336364
Linear · c = 0,0.14242573607056525,0.2847650892561645,0.0,0.20398673972073056,0.40214891311343837,0.29205627603104345,-0.15412740523755136
Linear · c = 0,0.6904853540677682,-2.1822337278866835,0.0,-2.794126438825551,-2.0729265927755316,-1.5782454676539692,-0.11325936046422846
Linear · c = 0,-0.42725264633653426,2.0042791500182564,0.0,2.5154628519472157,2.0892073138044815,1.4945936105122097,-0.08417908257476858
Linear · c = 0,0.15853969107671423,1.8719249775891478,0.0,1.5449700216717843,1.694305727804407,2.043440499954081,0.09989953300852594
Linear · c = 0,0.6255903939673367,-0.3787760014544471,0.0,-0.9553149151033866,-0.4976548760231343,0.2508021937118044,0.14539851532734316
Linear · c = 0,-0.3093465397202384,0.5451815067586098,0.0,0.940108601899621,0.6379101139584049,0.46861698505674465,0.06645267951977796
Linear · c = 0,0.45677523755741145,-3.6148829486998126,0.0,-3.8801110614275176,-3.765076663613294,-2.9055697797116977,0.3722362430436865
Linear · c = 0,-0.6619259410666513,-1.7345214903979993,0.0,-1.1522420250147054,-1.5777905685298352,-2.386249437556987,-0.19145516275601104
Linear · c = 0,-0.3630538465650718,-0.4406683802281947,0.0,-0.13943694043166807,-0.7118229091944346,-0.8294569033257186,0.2273759873157412
Linear · c = 0,-0.3817378939983291,-1.6081995321402887,0.0,-1.460369123437801,-1.4631046467638729,-1.7624185275677307,-0.1482891787388929
Linear · c = 0,-1.1958396455890397,1.0715947239459882,0.0,2.1478977211405246,1.1168903353238788,-0.23305364994424776,-0.1594682997257404
Linear · c = 0,0.4869724807855818,2.995944796121991,0.0,2.414699605815891,3.112119001701797,3.4771365376310612,-0.16620092997832092
Linear · c = 0,-0.46940234020272387,-1.764922079143953,0.0,-1.0345725326515773,-1.8372569509493912,-2.0844239694755036,0.2777586998858508
Linear · c = 0,0.01249411872768743,-1.2561951061277892,0.0,-1.2540772129118094,-1.1368284046661543,-1.3107746359995938,-0.14559751978954738
Linear · c = 0,0.48074665890590895,0.3531725524648955,0.0,-0.13500793207375086,0.3358477205700553,0.7085106441439364,-0.04909636453496252
Linear · c = 0,0.4465311760299441,2.4166742227494313,0.0,2.06945527690675,2.514211573586186,2.9522386030152106,-0.003364633625206004
Linear · c = 0,0.6653851089727862,-1.8335614688098547,0.0,-2.268401729694994,-1.6161597486244093,-1.2244180633144388,-0.1302501478803073
Linear · c = 0,-0.09848548450942361,0.37355418346041297,0.0,0.5279975157349633,0.28001408007168105,0.27857199636817265,0.12327067597988695
Linear · c = 0,-0.42329831204415375,2.731948276219663,0.0,3.0652841708959873,2.9749588225900707,2.363204686726954,-0.26071439377860006
Linear · c = 0,-0.07971821090639905,-2.477638722268901,0.0,-2.430624880578165,-2.2985959364904445,-2.8829492446446117,-0.35819112612094406
Linear · c = 0,-1.6873344339580298,-1.921603810268748,0.0,-0.5363847655405116,-1.8022280119857819,-3.5998679770091724,-0.26589835928906
Linear · c = 0,-1.4471124724230873,-0.6354099096912573,0.0,0.849269507770944,-0.8343693251890396,-2.0860074387418996,0.2160003597035618
Linear · c = 0,-1.3226996123544024,-0.7808826192831165,0.0,0.842343404631487,-0.6572526763137371,-2.078126249866097,0.039361253696432175
Linear · c = 0,-0.9972468276014818,1.2189019316304668,0.0,2.1502906727162077,1.1597160038500578,-0.09772457935101758,-0.13343295716746284
Linear · c = 0,0.3997742267234366,0.36248957973125706,0.0,0.001361416145994547,0.4893120460035352,0.5259209073791014,-0.22567088424098725
Linear · c = 0,-0.9054790553600608,-2.6624430894631925,0.0,-1.8561765679491542,-2.836062784298206,-3.712724824044568,0.051612088301344894
Linear · c = 0,-0.3781625540393897,0.7731156043512163,0.0,1.159300402413891,0.46045528110294515,0.4870936160653862,0.36274172813669353
Linear · c = 0,1.2992282977860654,-0.8663083310334758,0.0,-2.052458368329489,-0.9039737192390127,0.06081369025490835,-0.09184861979827752
Linear · c = 0,-0.35626397106142593,1.9116708254118586,0.0,2.118472002572926,2.0966061155272633,1.1387077122411469,-0.46801625812022696
Linear · c = 0,0.7375155684670865,-0.9413813046553795,0.0,-1.7310253849514938,-1.1183814214254684,-0.08318019095056747,0.21127863347443776
Linear · c = 0,-0.933617680009877,-0.9549229246533535,0.0,-0.1225723374649957,-0.8943298215430118,-1.8037215417878665,-0.06881711808341928
Linear · c = 0,-0.20543755786763002,0.8116974162067971,0.0,1.29256885003393,0.7812561246554917,0.6626665137825589,0.19636155725275284
Linear · c = 0,-0.9500220549105812,1.1443897235054048,0.0,1.8716534565468705,1.3229517579994665,0.08029134138411888,-0.3469793590339718
Linear · c = 0,-0.3390330759005625,0.6721490459043054,0.0,0.9270689971917059,0.6688118766769238,0.09868331820276546,-0.15593571897968805
Linear · c = 0,0.8403081374573955,-2.5283959760772126,0.0,-3.3343886091952673,-2.383276035138461,-1.6441477650952232,-0.10599215200678413
Linear · c = 0,-1.7273204231923487,0.8070516598923766,0.0,2.2960374484579162,0.7884802657429276,-0.8089644278530485,-0.04494375544049378
Linear · c = 0,0.43442364354585733,-1.5514620775115984,0.0,-2.267584035952342,-1.7126769795842556,-0.985556893353513,0.08610651493132826
Linear · c = 0,0.2377356023322779,0.3529141673823952,0.0,0.1556928801797103,0.4147099047014083,0.8695739908581699,0.09792353081753186
Linear · c = 0,-0.5941499556967944,-2.13560165309859,0.0,-1.4711687806258653,-2.036918451533613,-2.3231397797126356,0.1397641713643627
Linear · c = 0,-1.4460578543884546,0.6694832213145955,0.0,2.083470391989476,0.5498008067718212,-0.7124051733367892,0.13573180255452222
Linear · c = 0,0.07212950771386951,-1.2098983564610588,0.0,-1.216179209766594,-1.28890566525299,-1.2926284016804164,0.03450185952948481
Linear · c = 0,-0.5294927090638024,-1.9239519753907826,0.0,-1.0479826030134685,-1.874925454832579,-2.5632874916648962,0.06929040749339666
Linear · c = 0,0.23267621135470395,1.0707302047235991,0.0,0.975443538710835,1.054358431989399,1.2654741991306284,0.06610043693133272
Linear · c = 0,0.02185214552344288,0.36246678251512693,0.0,0.424955567778858,0.16868444228037344,0.43721300862614565,0.2623998459221284
Linear · c = 0,1.6017788913209154,-0.9209652020893457,0.0,-2.2358008722504983,-0.8510385527597492,0.6243818736640501,0.04532905346652505
Linear · c = 0,-0.23935562747302427,2.1767682735315965,0.0,2.3400581089403847,2.11521727752983,1.8993182443514052,0.004470899116064686
Linear · c = 0,-1.023497492621865,-0.6609786323546136,0.0,0.3058478803535105,-0.5235319161934286,-1.944457490457826,-0.2957728888587291
Linear · c = 0,0.17927563495631615,0.04816151095640199,0.0,-0.0018141164380940933,-0.008791467814982176,0.28397931376702396,0.14987406647944712
Linear · c = 0,0.21999668397176517,0.4033701715179014,0.0,0.014325301016006653,0.6026648315453168,0.8102120995154475,-0.19039613127958976
Linear · c = 0,1.3591875752404365,-0.9294989011929204,0.0,-2.144747897570846,-1.1567121175619512,0.554056834707424,0.3613665861302403
Linear · c = 0,0.8351112459145785,0.7067044400998941,0.0,-0.06767854266932812,0.4659137530300089,1.5381710784488503,0.2693325148597522
Linear · c = 0,0.35687105914950934,-0.8001785207470866,0.0,-1.1023694065416065,-0.7167672296736141,-0.4167182565552489,-0.04277660187481369
Linear · c = 0,1.4633028912195618,-0.6174574833243138,0.0,-2.0370756620167687,-0.39641577448634946,1.02975049438185,-0.10724680933110986
Linear · c = 0,-1.188763054322851,2.0439639597050117,0.0,2.802668770960451,1.9963481764793594,0.8305032512505681,-0.1797621653738497
Linear · c = 0,-0.6397515327497477,-1.5608790787686497,0.0,-1.1839423319279476,-1.546751620033803,-2.0133169456568214,-0.05187801875858167
Linear · c = 0,-0.9265759414055249,-3.6191704963942355,0.0,-2.855579733927299,-3.5687103555907544,-4.683119959394226,-0.200639491070008
Linear · c = 0,-0.38980980315576796,2.4164054925178418,0.0,2.7054284921216585,2.638014537643347,1.9452120163453,-0.3126942834098676
Linear · c = 0,-1.3766861475563088,3.8239919289105044,0.0,5.270009949818407,3.5433092115013562,2.726653415563428,0.4550224711895612
Linear · c = 0,0.6351509468144043,-0.6079038981739977,0.0,-1.1526569780424272,-0.635278874571537,0.11357902514039082,0.11573989812051877
Linear · c = 0,-0.22222269709877338,-2.905257060930278,0.0,-2.894507278173676,-2.727877449667379,-3.176077474353516,-0.3074149265962167
Linear · c = 0,-1.4708062945026579,-0.46572596429391566,0.0,0.974469902951477,-0.5394743065387383,-2.0236299692084114,0.014894273410271053
Linear · c = 0,-1.0155790812075416,-0.4293344247610038,0.0,0.6904452481907991,-0.3909483972453704,-1.3471512847580893,0.06259537896172529
Linear · c = 0,0.3135138474501953,-0.2848857615333856,0.0,-0.5997188124064166,-0.2079057898718084,-0.03419922567194604,-0.10905322916737287
Linear · c = 0,0.8381265678943811,-1.6700820628827724,0.0,-2.173748854565721,-1.9052716253473472,-0.6428148964539436,0.49698974983751487
Linear · c = 0,1.9967308916917865,0.8693417137147161,0.0,-0.9222030603689247,0.7415178928198771,3.2004636469898986,0.39761240049060986
Linear · c = 0,2.9138624660073296,0.7867610629291293,0.0,-1.9777778606364025,0.932431913952566,3.70482685699034,-0.06890741577559711
Linear · c = 0,0.4144094332759964,-2.24160842972896,0.0,-2.688601786737758,-2.273019753784901,-1.7686194070050358,0.04440915691350389
Linear · c = 0,-0.9895381200318641,1.0487950975423317,0.0,2.24851115882928,1.0759922302215446,-0.07745956596012599,0.009533566213032474
Linear · c = 0,-2.132046280731309,3.0790274729188365,0.0,5.334737813007893,3.2172000848780553,1.0451801214546952,-0.027241117646761293
Linear · c = 0,0.2677114623438358,0.25794049865558977,0.0,0.10205387229050135,0.21730127913191855,0.38630358592983866,0.02687744997825145
Linear · c = 0,-0.812941095310326,-0.5059877431027591,0.0,0.17672433761144996,-0.7513072303714378,-1.2833865466811927,0.19797612583656643
Linear · c = 0,-0.41535726017968533,-0.21300482161128198,0.0,0.1898351210844143,-0.2790029772907383,-1.071704905442728,-0.16193191488841852
Linear · c = 0,-0.6120967990598081,0.9228851504528419,0.0,1.3478843290585247,1.091011248163317,0.2110944513835642,-0.3115218579422725
Linear · c = 0,-0.14079088641638526,-2.596007408260827,0.0,-2.4011277701959157,-2.8046102227571157,-2.5209924723233277,0.343550101497494
Linear · c = 0,1.0659802307876436,0.24658605446595336,0.0,-0.8409983253298917,0.29009211393848366,1.6614332540358496,0.12012535041449529
Linear · c = 0,0.15704856744534462,-0.5856959241942151,0.0,-0.5152784765511492,-0.6316807673872737,-0.5176303844794243,0.11522633687198702
Linear · c = 0,-0.1586348370386883,2.771737519434068,0.0,2.8815406047448264,2.8482222567055486,2.5973190622577493,-0.10879242320426075
Linear · c = 0,-1.0356537528258116,-0.2612591007074368,0.0,0.7151080303678541,-0.041181913101080464,-1.314044337299924,-0.2582862403649545
Linear · c = 0,-1.674682944704357,2.5018314166792797,0.0,4.521452725339235,2.5154428012421057,1.0949462311086318,0.2927566769818277
Linear · c = 0,-0.4863079090733309,-1.6556110466730107,0.0,-1.1157052241930858,-1.5111669606855935,-2.2506106134740005,-0.1719909581479495
Linear · c = 0,-0.05378255081832049,0.8808887502041883,0.0,0.8066074176343971,0.9498446434564365,0.9753891857556651,-0.05884634176140535
Linear · c = 0,1.767929913579883,0.47910039568684326,0.0,-1.2827910425929703,0.28614139542428874,2.042991554323327,0.09395886044088964
Linear · c = 0,0.13027452147288585,-1.3035708717971737,0.0,-1.6479158535979956,-1.5687141887380809,-1.1568735464072248,0.16631948873547064
Linear · c = 0,0.9827395110230576,0.26609417195541063,0.0,-0.5478887508114432,0.26408180391668934,0.9097714693777905,-0.08314044463351566
Linear · c = 0,-0.49929559853915206,1.8187782552474006,0.0,2.2894597847363705,1.7943584057525095,1.6338824692420644,0.16731272123670782
Linear · c = 0,-1.1849437664170246,-0.485687556429901,0.0,0.4806855230491901,-0.5442891968197804,-1.414753420765241,0.07725524796175492
Linear · c = 0,-0.9651167622323719,-2.5379439737546448,0.0,-1.5053304603202906,-2.4534470127271812,-3.485873070433435,-0.042154752649681715
Linear · c = 0,-0.7252260645357532,-0.026344239716168866,0.0,0.7483733556181741,0.09029718982561152,-0.872993252085837,-0.15260713805944298
Linear · c = 0,2.1284697324351645,-1.3536346421887688,0.0,-3.350395587787703,-1.5595850947215997,0.8240902861711263,0.29643244391331125
Linear · c = 0,-0.8213866792243861,-0.5135114079958236,0.0,0.3346864157215116,-0.6059553712246398,-1.3383008785190567,0.10414813982586735
Linear · c = 0,0.838489203736345,-0.12238165452768146,0.0,-1.0542518811638593,-0.28313685355694307,0.6630653379666168,0.08754358195832185
Linear · c = 0,-0.9029271780870264,-2.558478324023276,0.0,-1.8211494412419986,-2.5100587044092886,-3.633918326233157,-0.21747517932828897
Linear · c = 0,0.9315730128742441,-2.423487508981017,0.0,-3.2482639684066035,-2.6007093691703402,-1.576858733443924,0.18814801824507654
Linear · c = 0,0.38495096610586316,0.7231002532882879,0.0,0.24445877595014787,0.9218722626195137,1.1575947112366398,-0.22084551902611982
Linear · c = 0,-0.1566378976580904,-0.7840780442545205,0.0,-0.6592002169780893,-0.7092701280940621,-1.2567947940120643,-0.2487273774010147
Linear · c = 0,-0.040762526135434025,-3.8471165127308504,0.0,-3.812824025041553,-3.547489386060136,-3.8680270629058833,-0.2929361579135823
Linear · c = 0,-0.6547876954293904,1.1772660549122027,0.0,1.8422407257169933,1.259485311858532,0.6568191459799642,-0.009955376010053474
Linear · c = 0,0.44607220148208054,0.40855463291135974,0.0,-0.33713757250419973,0.15620566064270575,0.8861705280563622,0.11831081713337549
Linear · c = 0,-0.45498348034078,-1.0708122360547259,0.0,-0.7230602399985724,-0.8740084467217387,-1.5730718748782895,-0.2740576107166922
Linear · c = 0,-1.2256057637672482,-1.9752453165873622,0.0,-1.0398191631770817,-2.1654474041139617,-3.6133024832991967,-0.16111341912417743
Linear · c = 0,-1.2779375743196193,1.2537118444715056,0.0,2.4965305881986883,1.2254542253818481,-0.08789513631539833,-0.021136499440203016
Linear · c = 0,0.17258791772211948,0.5240259338406443,0.0,0.5132698719729857,0.7038039093181484,0.6710555880593471,-0.11164117930198203
Linear · c = 0,1.579091256410435,3.57390342402611,0.0,1.6746081174941465,3.6664956610999484,5.236298714712832,-0.21104224499645952
Linear · c = 0,0.15999161357343825,0.630282898087406,0.0,0.5167000200375095,0.7775048604836233,0.6155502971916883,-0.21137970186902444
Linear · c = 0,-0.11863832610988256,0.5815547118930222,0.0,1.0015063459306757,0.437640548921742,0.5752998248632678,0.3507625364752297
Linear · c = 0,0.2858261396025429,-0.2503918951628477,0.0,-0.7893201889273933,-0.3899315982533553,0.2628895414484956,0.12671627451390644
Linear · c = 0,1.3060017417068248,1.2251638008011865,0.0,-0.11997291435576582,1.3511521915711062,2.5667088508158984,-0.12778422334104
Linear · c = 0,0.21938250136385634,0.9376278018722306,0.0,0.7025015771083483,1.1422053506121341,1.1215114795383019,-0.23019882228880906
Linear · c = 0,-0.41092723083373717,1.8775875128477924,0.0,2.0214040275470087,1.7571014990550367,1.5493390413193093,0.02827003537812245
Linear · c = 0,1.1062887100598888,-0.7819843779559271,0.0,-1.8289467220614397,-1.017043115491243,0.21565295419273156,0.2103962315568888
Linear · c = 0,0.4287564384616135,-0.6531112094159435,0.0,-1.1691258502578938,-0.7079316485330772,-0.43074180924456273,-0.09200218121815107
Linear · c = 0,1.535755991995992,-0.7186547563679702,0.0,-2.3486664145818836,-0.8279463291568993,0.9328312245923097,0.12002873416211235
Linear · c = 0,0.18323443722190613,1.1862025817684838,0.0,1.1243363411951142,1.1643310130551614,1.3106310496097802,0.05315268234728587
Linear · c = 0,-1.2244690317205003,2.247561660445098,0.0,3.493019338971465,2.1250753943267617,0.8510678163994815,0.046968183358711446
Linear · c = 0,-1.368159199245665,-0.688260739723951,0.0,0.5388652781828565,-0.7834827143196694,-2.2309410089384567,-0.0625551510581307
Linear · c = 0,1.6509279322312496,-0.6371605916896369,0.0,-2.2637795900614552,-0.5277032406220806,0.7757025954218766,-0.2163352566977087
Linear · c = 0,1.723665720783297,0.4711158358046988,0.0,-1.2487805782961934,0.4381254665147485,2.2460078594185164,0.060488174046413046
Linear · c = 0,-0.17951921328260065,-0.36864225001935214,0.0,-0.1910638519522897,-0.5866821420090967,-0.7375198581305276,0.12239028696768811
Linear · c = 0,-0.38318732113598775,1.428080479709835,0.0,1.8156813371835687,1.5823976176716614,0.7127650529173968,-0.3181744226211787
Linear · c = 0,1.4614442922422022,-3.37766593592857,0.0,-4.7872512412005355,-3.1992226351354236,-1.9391755251173,-0.16399074802349434
Linear · c = 0,-1.107045682043488,-1.2400575703753418,0.0,-0.05048151392788773,-1.3455179325100122,-2.365008182310361,0.13777308439088776
Linear · c = 0,-0.8947270189558264,-1.1736245009421689,0.0,-0.5220345097325652,-1.5252759972049998,-1.9269366497142038,0.3007904174816154
Linear · c = 0,0.6433267946890444,-3.4805340185792173,0.0,-4.2716100524269285,-3.548863195329732,-3.0451735618807017,-0.10952861182408302
Linear · c = 0,-0.3946051228595896,-1.4454576665532062,0.0,-1.262347999156198,-1.4715333215673987,-1.9494993685331425,-0.13439036227727175
Linear · c = 0,-0.005121866720071296,-1.3727341737688892,0.0,-1.3109166573496132,-1.3048534109219503,-1.3297285935402694,-0.015469214522990882
Linear · c = 0,-0.16344289852451258,-0.3016569817782455,0.0,-0.10242396461446639,-0.06499175103846261,-0.6252389456594909,-0.298839704098516
Linear · c = 0,0.33757454879893356,1.6694488374903953,0.0,1.3236340587610242,1.8393523105683336,2.196704357690034,-0.07918310234280446
Linear · c = 0,1.4074818613137168,-0.36759097678605357,0.0,-1.9883373855014561,-0.4144442930344341,1.2436090489077525,0.04208012473758227
Linear · c = 0,0.09058490690174555,-1.5462205804067306,0.0,-1.5605936215286162,-1.5169311256847646,-1.4882883775201836,-0.007509873839635306
Linear · c = 0,0.6439387932768579,-0.08543181182029347,0.0,-0.7869407439533131,-0.04219895235674484,0.5206508627088919,-0.09094598826546577
Linear · c = 0,-2.0501721010310225,1.573760432162024,0.0,3.61754574003638,1.5855502380792796,-0.5781223981430235,-0.06583856713260139
Linear · c = 0,-0.04871840193011795,-1.4639382241723573,0.0,-1.3354004161600237,-1.0268015269100443,-1.7792046220013864,-0.5305009921706607
Linear · c = 0,-0.8432302702928711,-1.365862325882173,0.0,-0.47403017696080485,-1.4798908391750087,-2.1224822095471567,0.18163464592102807
Linear · c = 0,-1.218813060423628,0.8378234389113351,0.0,2.0636201203341424,0.9521016550177046,-0.20466363503597595,-0.02262341236862131
Linear · c = 0,-0.8781523669287508,-0.3323041735962008,0.0,0.5747113609977772,-0.16249633033407407,-1.5621012245932533,-0.331198601463664
Linear · c = 0,-0.33412344070081207,0.9712270360642115,0.0,1.543918321452427,1.0274863588480625,0.7987800987251767,0.1438628512407394
Linear · c = 0,0.9159025423560131,-0.02047018769294514,0.0,-1.1193540917751865,-0.1450856699337455,0.917323098784784,0.04407017343854425
Linear · c = 0,-1.326392717739564,1.0524954721343507,0.0,2.3763325064732954,1.094955760335849,-0.11121997146571841,0.0376005071679395
Linear · c = 0,0.030631492594417446,-1.5526171710609613,0.0,-1.8480317109508062,-1.406544310303365,-1.5207433919728548,-0.2778432411584655
Linear · c = 0,-0.4841694333335785,-0.01812697618240116,0.0,0.43547517798249513,-0.2387942613401347,-0.4268391092594499,0.24311229570165732
Linear · c = 0,-0.32767309436196085,-0.31603502154473523,0.0,-0.35047810483742997,-0.21877591985892833,-0.8675239912276449,-0.3902251281736091
Linear · c = 0,1.0027578253046041,-1.823836386156196,0.0,-2.8185755245681787,-1.841711711755384,-0.6456478387575093,0.10960003009253994
Linear · c = 0,0.5381154370039261,-2.3452169218030328,0.0,-2.9101306341590423,-2.4493377059748824,-1.8830918891947872,0.05272644429796758
Linear · c = 0,1.3373981074427437,1.0286235529119927,0.0,-0.11784213921755146,1.1090680982891268,2.308177163126262,-0.013900586334771425
Linear · c = 0,-0.15450567924990047,-0.5264285733269671,0.0,-0.4073898570717437,-0.7615051369147842,-0.6226631224491365,0.2464786471543441
Linear · c = 0,-0.695942611670703,-1.5334204224709942,0.0,-1.101450166954611,-1.4206509525956759,-2.2100697952680073,-0.23510902851563342
Linear · c = 0,-0.22385881688049952,-0.14426840538499838,0.0,0.43763318143158947,-0.30928873844364424,-0.3835265359215928,0.3363420611986426
Linear · c = 0,0.2424967912712216,1.692028286023954,0.0,1.719274649891192,1.870736732067666,1.8300932695581904,-0.09605277234297471
Linear · c = 0,0.17657335845371103,-3.4211067680578844,0.0,-3.5640850122555783,-3.420806864595621,-3.2022400294950497,0.037644343720307116
Linear · c = 0,-1.0843880722333665,-2.2449580348549896,0.0,-1.2653720280193475,-2.2583560952601,-3.5690539633798632,-0.15885690043950573
Linear · c = 0,0.09048978162787422,-1.3843296628429014,0.0,-1.4545509266905634,-1.3168265618296267,-1.3279527931116097,-0.07442529807145992
Linear · c = 0,0.22822833013890514,2.1917683000804935,0.0,1.72128233635387,2.340048079508213,2.474675385918319,-0.24206921837211848
Linear · c = 0,2.5174740375339204,0.42388047437894477,0.0,-2.2024958278101225,0.38179040735323516,2.716254101495589,-0.12491127051050194
Linear · c = 0,1.8768446112816701,1.1509758606918403,0.0,-0.8796802697565155,1.0703041587382693,3.212083593815533,0.09589750329123947
Linear · c = 0,-0.8532433505588201,-1.7102413786893458,0.0,-0.952923536763647,-1.614209329790032,-2.6442321596774025,-0.18436851843049284
Linear · c = 0,-0.2873833615491761,-1.6793038129057893,0.0,-1.354728317228832,-1.7005131382273597,-1.8357286844410539,0.10528463739241678
Linear · c = 0,-1.4634420018370031,0.6717205750840656,0.0,2.054940876188285,0.4358413375836995,-0.9990137814574824,0.09212220978170171
Linear · c = 0,-0.5907070139634865,0.08741149640316984,0.0,0.5983368862752426,-0.09994749919853807,-0.441763715208384,0.1782340847319674
Linear · c = 0,0.3156050035903405,0.8231082282961899,0.0,0.43763799997713776,1.1792992108001545,0.8780560426159607,-0.5214521895036053
Linear · c = 0,1.2058536208882336,-0.28150648639267817,0.0,-1.4568151304744414,-0.4506994399185285,0.8503369334381536,0.1474603414003846
Linear · c = 0,-0.7290838377436085,0.4172155896819405,0.0,1.1675123484266308,0.06840988345079752,-0.2763443305434639,0.37717412549078594
Linear · c = 0,-0.6541464400677965,0.23717862735766376,0.0,1.1767611867665855,0.16916288260237483,-0.37799663418930635,0.2302193936862647
Linear · c = 0,-2.147289029738655,1.166651083627388,0.0,3.4676783673348526,1.1420580586233384,-1.0677819743909893,0.057890137848593204
Linear · c = 0,-0.16266592054490767,1.210512422916706,0.0,1.0318178829033509,1.3066610308259519,1.0308712409124636,-0.27531646891804473
Linear · c = 0,-1.062414411859563,-2.429807991587655,0.0,-1.5192961574363162,-2.410818485046001,-3.579774456968145,-0.13871682215622938
Linear · c = 0,-0.5294394273660737,-3.370902833011283,0.0,-2.9207273253125385,-3.279959159594977,-4.1010996220759335,-0.23095431409925915
Linear · c = 0,-0.8768607781675882,1.5026180964772609,0.0,2.536576167555913,1.2929651720095003,0.526352107056383,0.2384989652966476
Linear · c = 0,-0.09426255425255699,1.781587639892905,0.0,2.1642921232554486,1.9506908541392682,1.701965684514664,-0.017561950254211922
Linear · c = 0,-1.7577283913566313,-1.5309345292700063,0.0,0.08571432976144253,-1.6103253752749902,-3.277671623438783,0.0143467284363199
Linear · c = 0,-1.4670452453909906,-2.789753109818443,0.0,-1.3170793795765126,-2.8033837492623372,-4.261423232322061,0.014132443313050747
Linear · c = 0,2.129247112028298,0.14855223151080138,0.0,-2.0128511469732637,-0.06774457883520055,2.2003227322149743,0.16148037145605584
Linear · c = 0,-1.287422581274031,1.396257339525794,0.0,2.820873528897852,1.1910071948931265,0.08040143152087126,0.2596302853162351
Linear · c = 0,-1.0967855784546396,2.696391783651472,0.0,3.670214272790485,2.7130943480611887,1.5413112280368095,-0.10733159764754152
Linear · c = 0,1.836913528321314,0.7744463581521766,0.0,-0.8408581204229372,0.8504338312807146,2.414589411606909,-0.0635681856887288
Linear · c = 0,2.905067169240407,-0.5575750448785424,0.0,-3.361958012376894,-0.6737728233178518,2.2609426686552347,0.1232651514570221
Linear · c = 0,-1.1715666288253417,-1.339695932377294,0.0,-0.12105645053588394,-1.4134580453368142,-2.3773341887541926,0.1642627256917759
Linear · c = 0,-0.36824895678803055,0.017176937505981624,0.0,0.2692493850670029,-0.07566504538272285,-0.44952765331426525,-0.014474088740908317
Linear · c = 0,0.34155555094050954,-0.4488970558278846,0.0,-0.87529841902165,-0.2840183224957127,-0.013022060845829575,-0.16014191743802708
Linear · c = 0,1.7286976444055924,-1.5226018585932242,0.0,-2.9948079098970055,-1.182455228008336,0.051488231022517233,-0.2892046114289082
Linear · c = 0,-0.9868570784282374,3.07313347629493,0.0,4.070553423822261,2.896703428798415,1.9696355087044526,0.12339103746494207
Linear · c = 0,-0.24527784594210975,2.6777526031081966,0.0,2.8285180725119563,2.5191793719874553,2.2746916662313246,0.03242549738418532
Linear · c = 0,0.777337576061744,1.7040730253331426,0.0,0.9050927924933604,1.5215652625751817,2.6077296452655316,0.2348459563042644
Linear · c = 0,0.43476607446661863,-1.3812755967136914,0.0,-1.9537047017929372,-0.9598402511992326,-1.014217189891732,-0.5241206946431021
Linear · c = 0,-0.37615607123009925,1.2825289864459182,0.0,1.6694877039635754,1.0882278087760129,1.1622866789349646,0.327659382673257
Linear · c = 0,-0.13382296451604114,0.9594396142468528,0.0,1.261187680883331,1.0039769948572697,0.6235962674138767,-0.06158502070866567
Linear · c = 0,-1.3748958083699818,0.6638184363060795,0.0,2.0703142763347544,0.49560377940349126,-0.49172408254289823,0.29369131749243677
Linear · c = 0,-0.23817374397466523,1.8744979005656657,0.0,2.234050854318307,1.888813756338826,1.2708678071039021,-0.13635442562772138
Linear · c = 0,-0.2663874900089551,0.9530567142919161,0.0,1.0719318075020166,1.056220884031897,0.8686017780414343,-0.0859540912601715
Linear · c = 0,0.23216988962625595,1.1100213544565032,0.0,1.0442269365540668,0.8712194041202849,1.3874240901046946,0.34460610920909585
Linear · c = 0,-0.555327218819016,0.9553594250583152,0.0,1.6630139263497705,0.7066090902209784,0.3988465289333137,0.3243211374205638
Linear · c = 0,0.471538522545139,0.5111871120031588,0.0,0.08072494920428824,0.4660724242761486,0.7049013562381174,-0.07325927155494572
Linear · c = 0,1.0127158178198286,-2.6754166945712754,0.0,-3.7369872289021635,-2.724512509109529,-1.68491173743361,0.01356302594164216
Linear · c = 0,0.15542932766846604,0.12543161611583584,0.0,-0.11451842536639063,0.05897979312961574,0.2749050014322552,0.02121349490331656
Linear · c = 0,0.35175640839920347,-0.8342879382736879,0.0,-1.1196761559274346,-0.879951952702188,-0.5439788691296846,0.04812444017362827
Linear · c = 0,0.053155347577867364,-1.9197614364600306,0.0,-1.9590636782997293,-2.2078988253443077,-1.7950508197981945,0.33084157629534583
Linear · c = 0,8.439309141418043e-05,2.522724928951236,0.0,2.522556071291378,2.5286789579408704,2.66691946818182,0.06605881179572881
Linear · c = 0,-0.7215580335428474,2.5934930113285555,0.0,3.0221287153641656,2.297417930849711,1.913005554584236,0.17014920412448964
Linear · c = 0,0.316494261673308,2.038830900443418,0.0,1.7212691105008326,2.064357441922208,2.286006100840859,-0.060719836251362125
Linear · c = 0,-0.09728659841348947,0.38282012528381193,0.0,0.5797597748332911,0.52271595173248,0.3581308709630515,-0.053770628834308665
Linear · c = 0,2.093168308930595,2.025937681428985,0.0,-0.10635489626229716,1.7097842732868247,4.234491421565149,0.3542839893646015
Linear · c = 0,1.5733549024752425,0.018079770902738313,0.0,-1.3720158316398652,0.1147635327003353,1.4594883092728548,-0.0710272938838405
Linear · c = 0,0.3858465525565008,0.30419591534666907,0.0,0.019418521840331937,0.4332753715408859,0.9238649050730326,0.038366341915796354
Linear · c = 0,-0.7630572096947675,-1.6402070556929744,0.0,-1.0085663346324005,-1.6741752433745951,-2.2911734577162237,0.02430534720028299
Linear · c = 0,-1.112411471983418,0.59548695674826,0.0,1.7165099394474015,0.42788781644056884,-0.4547320724811525,0.20300111704255563
Linear · c = 0,1.191142953088865,0.09057889263662565,0.0,-1.0137648153799645,0.10377332708627594,1.3146595848024822,0.046674057624982904
Linear · c = 0,0.2627492251471385,-1.9539781752516967,0.0,-2.2555332856516945,-1.7322363348942877,-1.8263327776614597,-0.3086966967622895
Linear · c = 0,0.4801434033916108,-0.07679566772489535,0.0,-0.645037185531073,-0.07514784069576651,0.5351908398218493,0.02022466784115466
Linear · c = 0,-1.7445859869741926,-0.11959434578521272,0.0,1.4003856656747995,-0.31613885825002863,-2.169839608919613,-0.06858811337237813
Linear · c = 0,0.9274384815581808,2.69634174996696,0.0,1.7738075521967698,2.5285958773859782,3.5660977150224533,0.14135675622363308
Linear · c = 0,0.45442033821436295,1.3413199927701143,0.0,0.9861063830395075,1.2450885846526873,1.830432634395982,0.16318092406505746
Linear · c = 0,-1.110430684414478,0.017168158637199022,0.0,1.0826981568889187,0.11798530590166453,-1.0219933156750778,-0.08763288529474408
Linear · c = 0,-0.47152480744994896,0.3731809647016245,0.0,0.7409157177253819,0.34788320169155657,0.058217666909749693,0.05168349062600924
Linear · c = 0,0.2637172043565196,0.06631856715629708,0.0,-0.13839210666210794,-0.14322574150637263,0.428378480688524,0.28821892851958064
Linear · c = 0,0.05246679835624363,-0.3043709771933216,0.0,-0.519529368915001,-0.09249401669917073,-0.09828935286092427,-0.21641534418879188
Linear · c = 0,-0.292171185803555,-1.6236407960824302,0.0,-1.2879867888911152,-1.600055869567001,-1.947166820290098,-0.017520935023605633
Linear · c = 0,-0.10348826806596086,-0.22657781641039387,0.0,-0.021310955634428808,-0.2821945418297031,-0.29473060388037065,0.12417376207230338
Linear · c = 0,-0.25197737820688537,-1.11914738497877,0.0,-0.736379851793967,-1.2034183665076086,-1.4635536741842599,0.10345160351849514
Linear · c = 0,0.15256251210246857,-1.8754733083847195,0.0,-2.2071906425958567,-2.0351442203036454,-1.9971700929984764,-0.06703614749352127
Linear · c = 0,1.471491972993157,0.766832721821302,0.0,-0.5951849328195256,1.0381699031337177,2.4521240363350048,-0.10970035137597811
Linear · c = 0,-2.5666584409312976,0.5868969898998524,0.0,2.909642757537173,0.6956251906332824,-1.7664454985429117,-0.12402656113615185
Linear · c = 0,-0.23685026450968424,-2.6800612670521167,0.0,-2.511732499653232,-2.6648441524546094,-3.2180954891825015,-0.2000698419632574
Linear · c = 0,0.17651242137244696,-0.18402695624269083,0.0,-0.32052895241864154,-0.3435609156578985,0.02243071781648331,0.19451179835681937
Linear · c = 0,0.2959939896870995,1.4935520788498853,0.0,0.9633776508344537,1.5749808125215248,1.9432229698509884,-0.12168050217880366
Linear · c = 0,-0.37191458132128985,1.5888356083444812,0.0,1.843273210408496,1.4182972211329161,0.8935175706406941,-0.04990183060832121
Linear · c = 0,-1.7567217824785826,1.538755264327858,0.0,3.255515016695164,1.451516174185617,-0.45061943000293286,-0.0490683808395016
Linear · c = 0,0.32799548371410964,0.0583698103521897,0.0,-0.2016728599150942,-0.009125746927507672,0.22500490026951447,0.020791767104717807
Linear · c = 0,1.727350214164185,-1.2675679919537266,0.0,-3.0781040669639785,-1.1068723111142842,0.5502227637737417,-0.15706834048083418
Linear · c = 0,-1.5338614049161376,-1.625548241037091,0.0,-0.11119074534572677,-1.532682488267363,-3.3335464394112395,-0.18968610411111997
Linear · c = 0,0.8638280136981883,0.5169073571255363,0.0,-0.34206514146359746,0.5390057066985069,1.3102598945489157,-0.054908330155847784
Linear · c = 0,-0.3285252231228939,0.5689200515477445,0.0,0.9627640250642511,0.4518550333510768,0.3168679345912683,0.18796094647668282
Linear · c = 0,-0.0613243458288473,1.930996667407598,0.0,2.075099828966139,1.4934226853030381,2.0482181771052685,0.5682363177326657
Linear · c = 0,-1.052898510703949,1.6499694755131253,0.0,2.2457231014141614,1.5575621216797066,0.7508731699478396,-0.05926398599870608
Linear · c = 0,-0.33445617235587666,-0.19834298479675816,0.0,0.0885201787712524,-0.41827088216718944,-0.6968597164101354,0.11410111334774792
Linear · c = 0,1.3000445946989585,-1.8663088182913041,0.0,-3.0123175510421696,-2.1545344978736,-0.39691555844804305,0.44991794312849365
Linear · c = 0,0.582655241987707,-0.47865989551634675,0.0,-1.0695804523603971,-0.6575191950827117,0.016528085625956604,0.1309930117154915
Linear · c = 0,1.732311605409944,0.325846792215787,0.0,-1.5590484643594031,0.45578057234456626,2.168022569090157,-0.15129351997918938
Linear · c = 0,1.1774118889776937,-0.3031248680841061,0.0,-1.7384109271432067,-0.3636636858620062,0.744809171541946,-0.1331371919386241
Linear · c = 0,0.4390866789295762,-0.8668411621164838,0.0,-1.1119013457771545,-1.069356029835447,-0.1871201174841555,0.419845298204792
Linear · c = 0,1.743934526167792,0.37932722245484835,0.0,-1.3696015146404845,0.2050370614978352,2.021670621021249,0.120997491692547
Linear · c = 0,0.43899315873829875,-0.7559366121159157,0.0,-1.3151725969694819,-0.9471293724182416,-0.3027194244180606,0.13818336172447032
Linear · c = 0,0.8279881767970589,-0.942099125588061,0.0,-1.9542746349888962,-1.2691540568987894,-0.17106241941822797,0.20648552969522727
Linear · c = 0,-0.29657095353470836,0.46717925145515937,0.0,0.4933217755271853,0.3543551212450313,0.034242864629947634,-0.09057280116646482
Linear · c = 0,0.06654581585920483,-0.6029888701938072,0.0,-0.8002170968568841,-0.30284440495528414,-0.5279813192591668,-0.36125480310274133
Linear · c = 0,-0.6974238233002769,0.3661565834675282,0.0,1.100386058117105,0.09969683901618404,-0.4293617098782869,0.235815335103225
Linear · c = 0,0.989583934594853,0.4098060342781841,0.0,-0.5474825058254422,0.2561266973412331,1.535599395400735,0.23793174744641327
Linear · c = 0,-1.1783036231148656,-1.709143501637362,0.0,-0.7112443664076509,-1.7520984220171383,-2.9753548707485615,-0.09120119656096781
Linear · c = 0,0.7823503424176613,-0.7218616857981183,0.0,-1.4795639293084921,-0.8179351965764321,0.01985461255890246,0.0880805382016373
Linear · c = 0,-0.19065105750515945,2.1566654098746936,0.0,2.3118969536131555,2.0465072462659983,2.038778432644101,0.1288304468626298
Linear · c = 0,1.1712470934673194,-1.7431192691014306,0.0,-2.878608106343136,-1.7564113608894056,-0.6364409256534049,-0.0011131551088647829
Linear · c = 0,0.7508689887312598,-3.1749816734557967,0.0,-3.806369057609057,-3.210356810027924,-2.470117277898427,0.07211364227418171
Linear · c = 0,1.8206461576468016,-2.792767729863767,0.0,-4.59771038302735,-2.5382797274181397,-1.1731750034201462,-0.34716296580560835
Linear · c = 0,0.7307746911386448,0.0436649198650038,0.0,-0.5716312373153378,-0.24031075432071192,0.8070305847379422,0.3580104280320141
Linear · c = 0,-1.5720402556532407,0.046375917049048365,0.0,1.8546785968435986,0.11967619571914444,-1.5000705768232234,0.05762781429104315
Linear · c = 0,-0.06695317289820084,-0.1764162831376814,0.0,-0.1935305305599419,-0.17175920306439826,-0.28117887834638566,-0.06559550138876552
Linear · c = 0,-1.172007192594816,1.8212847433927524,0.0,2.8753954447978654,1.7778034010715218,0.6790347248919024,-0.0005883162266377973
Linear · c = 0,-0.5182798423662747,-4.009251649654407,0.0,-3.606054367567728,-4.130193922757109,-4.731568007659508,-0.038617264856508626
Linear · c = 0,1.5112284332767216,0.5939008116462354,0.0,-0.8587188677171518,0.6756993009412945,2.139878311558435,-0.03511957902065288
Linear · c = 0,0.637533810897696,2.3421573027053597,0.0,1.8493990657169637,2.355337448267469,3.0384927542079194,0.08860846169497272
Linear · c = 0,-0.6989304285787463,-1.691671147337571,0.0,-0.9471651049131902,-1.705402150250302,-2.4702248501357644,-0.0032928272741752362
Linear · c = 0,-1.013717366440399,-0.5697097676848426,0.0,0.776130491124343,-0.6375024146628688,-1.6833087907933069,0.18391326482838688
Linear · c = 0,0.03278209287626079,-1.1293378758429313,0.0,-1.0970184952016762,-1.0915597135486805,-1.3072745151082197,-0.1105867916062675
Linear · c = 0,-1.2165601493811278,-1.341519069116293,0.0,0.043442818449395515,-1.355648255418918,-2.724718882779779,0.015010223253726362
Linear · c = 0,-0.6711402773965811,-0.48939300753455994,0.0,0.36006488701510225,-0.3955416717951369,-1.3502145837233281,-0.09953317655897609
Linear · c = 0,0.31200947155124387,2.1412279255267572,0.0,2.095795880014172,2.2400475307816863,2.4517079797342443,0.033704399092521875
Linear · c = 0,1.1553120361066962,2.7560800132312804,0.0,1.839300797967851,2.7799746808057266,3.907179588072372,0.09326551221438484
Linear · c = 0,0.6087614722244398,-0.5039088375602216,0.0,-1.21171532718796,-0.41663127166415986,0.1763430797628151,-0.10105485204841252
Linear · c = 0,-2.2912895085981,2.8575903210967053,0.0,5.151081850678262,2.739092368016565,0.5857902906235164,0.12934370263432404
Linear · c = 0,0.3043667290302598,0.053364715476937295,0.0,-0.2614718314176432,-0.14665643233319287,0.13695959180856923,0.08440031252865589
Linear · c = 0,0.07203357323257792,2.6305365400516214,0.0,2.6432759736405087,2.2402532927938683,2.7333816923283885,0.4480755401905805
Linear · c = 0,0.41389028537269307,-0.13994797448023766,0.0,-0.6255507185160044,0.056289016551748866,0.19992207951937405,-0.2691033360500641
Linear · c = 0,1.6162096816512073,0.19658673906921645,0.0,-1.3207003104442065,0.1370496628835477,1.8298586437433453,0.11752950376602167
Linear · c = 0,-2.063238276804743,0.5482117089642519,0.0,2.7219754654070023,0.47882835151556485,-1.3655433351657302,0.19938771360507118
Linear · c = 0,-0.5911034251911056,4.768280519051303,0.0,5.210329262676437,4.81246944543506,4.315573052278375,-0.04951828795765323
Linear · c = 0,0.5909063227933546,1.2769283622671836,0.0,0.7850276632423793,1.5643950937774953,1.7533187874639393,-0.29522186842433595
Linear · c = 0,-1.5815943994539423,-1.0608967949271955,0.0,0.31382521682445863,-1.2100470612014633,-2.543424809398872,0.09524726491425684
Linear · c = 0,1.475949048053509,1.453496805413787,0.0,0.05223619750068478,1.4688353043608993,2.761002296101226,-0.06221605755994375
Linear · c = 0,0.3683566127006584,-0.5427488056265122,0.0,-0.7960753243278114,-0.7264545222740932,-0.0005497555693188272,0.32814198232552816
Linear · c = 0,0.846583985843404,-0.7346252743518137,0.0,-1.152593496724238,-0.6796576023660811,0.19942493184025178,0.203073319924088
Linear · c = 0,-0.5709436615217945,1.3629020398381668,0.0,1.8599167360256277,1.0913700416751444,0.7015504738618389,0.18936356326858883
Linear · c = 0,0.8137636899662105,0.04662838165672918,0.0,-0.9310695944742937,-0.17042230480552317,1.1187460629222872,0.2642605390295199
Linear · c = 0,1.0684715559890383,0.4178638717677091,0.0,-0.6096783065174632,0.47481700885980666,1.4399820729773098,-0.05966512562988335
Linear · c = 0,0.23287802013716835,0.020977832797938693,0.0,-0.2378308497057451,0.16566043513383868,0.24900528513082473,-0.16007321742129887
Linear · c = 0,0.23440089269869593,0.5048746899081521,0.0,0.3500778879131661,0.47547404523139974,0.6879526489970409,0.04354122322370374
Linear · c = 0,0.2703432392817259,0.6374488461542238,0.0,0.15606848203221865,0.34078648679915463,0.8685578002759894,0.17152665435494935
Linear · c = 0,-0.8633452647393817,-2.905450399058123,0.0,-2.0336306305197565,-3.0983699045644415,-3.7739668935527,0.1945711425282135
Linear · c = 0,-0.14752868024035293,0.9998590029143004,0.0,1.1554505676032287,0.6764578020053935,0.7150616237520223,0.25879829367223195
Linear · c = 0,-0.1525225324523588,-1.473029129745451,0.0,-1.259417013232772,-1.4149703203360895,-1.7986028996577739,-0.11403963610918355
Linear · c = 0,0.3833938643534951,-2.163448703339117,0.0,-2.5230753601176517,-2.0100876195350463,-1.663493895136987,-0.08319700809227326
Linear · c = 0,0.9998242469102946,-0.08761686578802366,0.0,-1.1017339807504085,-0.15781331278666752,0.8178057084720953,0.015849176647510926
Linear · c = 0,-1.0585360819784093,0.12597150497168141,0.0,1.2546805543865394,0.1552371009431146,-0.8381539760913979,0.05302618820445615
Linear · c = 0,-0.12500903031957764,-1.040259246858421,0.0,-0.8954691445706706,-0.9174446543063048,-1.1510793972343438,-0.10582961659620249
Linear · c = 0,1.4814555476589732,1.2465477865019616,0.0,-0.11720445373725866,1.3771712020569575,2.6073243396272128,-0.1321112591119804
Linear · c = 0,-0.7435882288125641,-2.01326274955636,0.0,-1.540896127774408,-1.7817388211541771,-2.7183521687620855,-0.3478853271140696
Linear · c = 0,-0.8222500172903203,-0.6104156231588385,0.0,-0.04533849019293634,-0.7174885477416452,-1.3168844965936843,0.036377054348334825
Linear · c = 0,0.20230619183119358,-0.877311202399501,0.0,-1.1215689189006286,-0.95412041529737,-0.46487273152136244,0.16089959008637444
Linear · c = 0,0.8443851904853201,-0.06988090550900905,0.0,-1.0713591679519008,-0.18960390917223413,0.8062122562335512,0.05703045331305934
Linear · c = 0,0.01142605556065933,0.41829642697085817,0.0,0.4654386112182812,0.4927478821219679,0.5664081892168595,0.02317551809560242
Linear · c = 0,1.3289605904369892,-1.511839424435317,0.0,-2.8110132217700787,-1.4384318335945556,-0.2217602228955903,-0.07795488873827883
Linear · c = 0,0.8567939825665268,1.0864240161843424,0.0,0.23903477910332266,1.1025541431923875,1.9754827191237248,0.004704605921136196
Linear · c = 0,0.8418200668900618,0.09450355250204959,0.0,-0.6314355432505981,0.17777540479377424,0.9429561698271388,-0.022015091505503903
Linear · c = 0,0.5541165013240933,-2.8379193799678655,0.0,-3.513404779033115,-2.827768691258459,-2.2880055463781335,-0.0729364714471652
Linear · c = 0,2.327653100346085,-2.9378871605955466,0.0,-5.2365630239696515,-2.6069083645244864,-0.6887999770306469,-0.35577313597566285
Linear · c = 0,-0.2051616888660442,-0.018478939393966852,0.0,0.25002610234088124,0.14179037069267786,-0.20894034114510363,-0.12124749009478905
Linear · c = 0,-2.003522292066514,-0.33145097667953116,0.0,2.0227480832628073,-0.3881568704392527,-2.286359885398038,0.2563509693716373
Linear · c = 0,1.604254361517141,-0.15513017036195026,0.0,-1.8792053936130386,-0.20785888063344424,1.4864642777146893,0.011488322684269553
Linear · c = 0,-0.45769943095682564,-0.04197368479532697,0.0,0.5426713555076581,0.005890540308209159,-0.3108058883519422,0.11004219326964879
Linear · c = 0,0.10788044434303304,0.33833975926527105,0.0,0.21621451833333724,0.28851447978942024,0.851817969700212,0.24550176422735437
Linear · c = 0,1.309550684860527,1.4214744147724496,0.0,0.1710593773282273,1.3135521828756676,2.626885535295766,0.08542027343632919
Linear · c = 0,-1.6022595410589253,-1.6666573513763372,0.0,-0.20579979749711294,-1.526171947997819,-3.323573486369249,-0.23851469393536195
Linear · c = 0,-1.2516472141061394,-1.7579573893511922,0.0,-0.48720580389657986,-1.7674836905169324,-2.899880742266191,0.07394041743554691
Linear · c = 0,-1.6012779371188537,-1.6399857868310739,0.0,-0.1657194636448232,-1.8013216297525263,-3.207619127872688,0.11465233399377062
Linear · c = 0,-0.7941362900254239,0.43337500075306035,0.0,1.3176551834834687,0.48325484771770644,-0.48217934863696266,-0.06551693029445343
Linear · c = 0,0.43963660601699356,1.8674210679696683,0.0,1.5294071882663838,1.755841928905323,2.2288268772687045,0.12327510386222107
Linear · c = 0,0.524187842812771,-0.6470091573592658,0.0,-1.3127900288803371,-0.45183540506146114,-0.027808083392392435,-0.21846365107490362
Linear · c = 0,0.27627417932855375,-3.7525497662394818,0.0,-3.9380749392162047,-3.5654680530681144,-3.05437819967512,0.0692414836224522
Linear · c = 0,-1.4127658838923665,-2.5559892939155633,0.0,-1.3996073256097201,-2.6667457810471293,-4.061181440434108,-0.06364860197478484
Linear · c = 0,-2.310103436632644,-1.2495550841940175,0.0,0.9329254090812227,-1.4111925713345743,-3.6046064804349665,0.07535203565770243
Linear · c = 0,0.054353585390382264,-0.8365933312428222,0.0,-1.0734374739266153,-0.7863369761122102,-0.7744849976381477,-0.13762425967017122
Linear · c = 0,-0.47177603363833576,-0.6125829408820896,0.0,-0.0686526075292056,-0.5364236731363518,-0.9939079465064239,0.00514339611853698
Linear · c = 0,0.45938577171661177,0.0578716844713756,0.0,-0.45752542776881855,0.3760431948664257,0.552422123660302,-0.32859484692068397
Linear · c = 0,0.7019536262212701,-0.4676194962336707,0.0,-1.4489458353486602,-0.6179758580986033,-0.026741318366572953,-0.11986771875901325
Linear · c = 0,0.13824143205868192,1.5740094158151108,0.0,1.4383681781291249,1.5557386322071107,1.6419869931888742,-0.015561046548111301
Linear · c = 0,0.7601330853758538,-1.014025958522053,0.0,-1.4725201270378296,-0.9316785274105164,-0.14497811892924906,0.12292940442697708
Linear · c = 0,0.22921137411506842,-1.2934769392133145,0.0,-1.6623493365196984,-1.4433486729129663,-1.058744740233703,0.08280163453626566
Linear · c = 0,0.5300647056014667,0.7183133077806925,0.0,0.21419967312705968,0.4398665727135239,1.221331959954729,0.2778992438273704
Linear · c = 0,-0.7046732628698824,-2.303463104889179,0.0,-1.596679029588271,-2.3357354797548484,-3.130144929611063,-0.02767649984481846
Linear · c = 0,-0.17961141383145854,0.5845375579800033,0.0,0.6832186945232908,0.5580086789440839,0.41854614769005194,-0.007126257837412497
Linear · c = 0,0.19677609665695725,0.15382977558940028,0.0,0.047772416315028224,0.315958206332031,0.30645371371727004,-0.13884514131588185
Linear · c = 0,0.8205284754174188,-0.2211637348772511,0.0,-1.1101156397119736,-0.15551538384710517,0.6909914780017958,-0.0540466970079837
Linear · c = 0,-0.3937411722245721,2.3824141607238936,0.0,2.711025267959633,2.5009731822688193,2.1356107896727172,-0.07765515345264395
Linear · c = 0,0.5211672557321126,-0.9333111679420769,0.0,-1.2607254538253885,-0.6665630319341036,-0.5421063330088801,-0.23485286148303075
Linear · c = 0,-0.265838791915379,3.090447255786118,0.0,3.3583707791013735,3.092138910278917,2.8098974285908627,-0.008004806432798883
Linear · c = 0,-0.11754216732813036,-0.33814717384214893,0.0,-0.317994444455539,-0.5609814743268097,-0.4417874242659287,0.18109053996607583
Linear · c = 0,0.829519042024073,-1.9155246674553421,0.0,-2.860297058411602,-1.9026256453431984,-1.2051121566860972,-0.13007896220565085
Linear · c = 0,-1.993060371054156,0.10487937149223794,0.0,1.9329909906697427,0.14002412554877258,-1.8655427705409435,-0.10630001548437301
Linear · c = 0,-1.296472328074761,-1.6143678004781523,0.0,-0.2310031767052514,-1.2864882355155085,-2.8692466988712866,-0.2636367022727606
Linear · c = 0,-1.4821853974428207,-1.1276337717202503,0.0,0.42731389078218995,-1.289267971050349,-2.802855285243527,0.10149727381968043
Linear · c = 0,-2.3336161198483047,0.5955499500232367,0.0,3.166590486887541,0.4570279830332412,-1.8946577805453644,0.1789383701378472
Linear · c = 0,-0.6782644401551767,0.8333731329751872,0.0,1.505772734947881,0.8198442709685789,0.01973271685351674,-0.057091545067879945
Linear · c = 0,0.7494338997277404,-0.9332515503813872,0.0,-1.7284314329160926,-0.7488451927338715,-0.3047166919784164,-0.26772886971338306
Linear · c = 0,-0.28488406638257474,1.481107717569601,0.0,1.5569409112972499,1.62249676070457,1.2700681879777318,-0.20899221106707921
Linear · c = 0,0.19779008194185213,1.736261637031701,0.0,1.4453937619925497,1.4989365846126632,1.8223582155077687,0.13493940413749606
Linear · c = 0,1.0892174967107926,2.1544526348449367,0.0,1.0570294726067533,2.3293034483275097,3.0881828353252807,-0.25669729436149247
Linear · c = 0,1.3276861322676916,0.7941201106885832,0.0,-0.5462440038058294,0.895391809672818,1.7646161419379869,-0.2862057406067392
Linear · c = 0,-0.06913793472613955,2.045143068128548,0.0,2.2693489280455226,1.8677754822975825,2.0258044574209486,0.2798012104356531
Linear · c = 0,1.3535858895693973,-2.8211976419610867,0.0,-4.137781059088873,-2.65850968324151,-1.3849730952576584,-0.10286739393175548
Linear · c = 0,0.09212665843410921,-0.47685982294269386,0.0,-0.9255800551363003,-0.5945767100160926,-0.3640023951055926,-0.05021451510485386
Linear · c = 0,-0.8373982238274621,-1.3005078844851394,0.0,-0.49235664357564535,-1.228866275021624,-2.019501124962146,-0.027062609247271663
Linear · c = 0,-0.5944003521987352,0.17883879169108813,0.0,0.8645069043542752,0.14669755030791834,-0.6925121121757192,-0.060700154218640306
Linear · c = 0,-1.4805365125650163,-0.857173828795106,0.0,0.5550404964416877,-0.7947186065742626,-2.501277429242694,-0.1783998598262404
Linear · c = 0,-0.8881338537336524,-0.24923676292459856,0.0,0.7335883003272903,-0.1129777683345029,-1.1183405702138745,-0.07939836660878918
Linear · c = 0,-0.35801668807442916,2.8232623203060743,0.0,2.721712028433644,2.631549065899304,2.7481740060150575,0.1033939513250468
Linear · c = 0,0.8035850193786016,-0.25457969463056745,0.0,-1.1401453829634256,-0.5522011780999168,0.734292432994575,0.34927470311549147
Linear · c = 0,1.7207698311659838,0.6206884757853208,0.0,-1.098078016649112,0.7864295491289797,2.3830021082342094,-0.14396750333643094
Linear · c = 0,-1.38218151537704,-0.3484039948863528,0.0,1.1025613909225125,-0.2939526077291753,-1.6259622634752429,0.03225217145281012
Linear · c = 0,0.39282746825991893,0.1135699319352505,0.0,0.062357030958746285,0.2592208823291287,0.2693465025183392,-0.09336911559058597
Linear · c = 0,-1.0405439391575344,0.009025020654107188,0.0,1.1165681871034772,0.18024713586958985,-0.8511137975230054,-0.04751994107935398
Linear · c = 0,0.47469708846320197,0.6724860989597392,0.0,0.1337982630376723,0.8472277657379583,1.286344547355622,-0.13715636054131108
Linear · c = 0,-0.1310866506877266,1.7479613033207655,0.0,2.2649255695539514,1.6354610428834888,1.540764566172975,0.2673840249799744
Linear · c = 0,-1.8309058258475304,2.4710909964049943,0.0,4.256078964983532,2.397557673899178,0.5066820580929234,-0.016177162360950348
Linear · c = 0,0.9282969915684843,0.4644301228637503,0.0,-0.8782681945557955,0.3992252018052802,1.4481308233872203,-0.1142938873895678
Linear · c = 0,-0.605000712808731,0.8843203290534032,0.0,1.4153377650362475,1.1746275065827696,0.28132598815205156,-0.32629562998862005
Linear · c = 0,-0.5339002383735546,-1.7262967637783504,0.0,-0.9987421671271753,-1.6870837018688551,-2.1362359056679163,0.11959466547130937
Linear · c = 0,-1.06975241128969,-0.13181511362343085,0.0,0.9798235307562934,0.07350258116210356,-1.1931766223932607,-0.18017912698058725
Linear · c = 0,-0.6542832766875555,1.4104341973253836,0.0,2.139135580226257,1.4653841373728902,0.7129081019187302,-0.03936229630039678
Linear · c = 0,0.4278904406949172,1.2989529576257297,0.0,0.931809864769514,1.634110894555382,1.6862838570063305,-0.32506403366745973
Linear · c = 0,-0.18924434093640552,0.3174145991925753,0.0,0.569578674056968,0.5060814418229918,0.29920825039781185,-0.0716879795956018
Linear · c = 0,0.32866200228248105,1.3295909393519287,0.0,1.0026863997273525,0.9720826339083245,1.7357583644316799,0.3971397481711917
Linear · c = 0,0.3619218539288437,0.7361500634907283,0.0,0.04130707076842671,0.956640648131913,1.123492998098561,-0.3742406136984191
Linear · c = 0,1.320661655528167,1.8004593873889823,0.0,0.6297488348416136,1.6651427166618247,2.888244921922141,0.09385416172005256
Linear · c = 0,-0.3427861508643793,0.4340387354356667,0.0,0.815938043921221,0.42899821944224537,0.017521460647712525,-0.012268467157778573
Linear · c = 0,-1.4768578168457318,-0.533547473356552,0.0,0.9560095355990944,-0.11843208955171297,-1.8852264580969254,-0.3461763716972025
Linear · c = 0,1.067222416571983,0.5037618853995355,0.0,-0.40603574029294975,0.6303524191325388,1.7929036235493476,0.06308152249566013
Linear · c = 0,-0.3314881720972547,-4.395891563779164,0.0,-4.092914142617021,-4.704105759930457,-4.75566765582732,0.27981486070828687
Linear · c = 0,1.114592444577377,0.5743286045775742,0.0,-0.4185034835003275,0.42885854531031314,1.6624661565815515,0.1931227912302988
Linear · c = 0,0.3833771131824704,-5.472619237822175,0.0,-5.959761812454993,-5.247314850045706,-4.97682357232872,-0.2209778423461506
Linear · c = 0,-0.13113753020334493,-2.585195111108127,0.0,-2.3563264878081878,-2.4919549141399813,-2.721920029194291,-0.04716834436125783
Linear · c = 0,0.3487758940462951,0.6776529014114763,0.0,0.3585104497443067,0.4998752143316286,0.6984624986451862,0.028611259863117744
Linear · c = 0,1.9510125601262995,0.7162940059001929,0.0,-1.2122063846743532,0.7648925443410145,2.848696251290299,0.053352388966958486
Linear · c = 0,2.076980529053753,-1.7436431702098956,0.0,-3.5849233268512934,-1.5081433974600535,0.18363381984977584,-0.19250135604070517
Linear · c = 0,0.0693811351327787,-1.0681530628184082,0.0,-1.1903739531936521,-0.9961029184362012,-0.6189862260243029,0.09142282882722375
Linear · c = 0,0.1601905933170753,2.055811482921198,0.0,2.1176357701612103,2.223721057220955,2.1578338829058796,-0.08598623068741018
Linear · c = 0,1.0762401574663856,-0.7260451973590143,0.0,-1.9347652994986686,-0.6077090148515284,0.18509577047221729,-0.2671257496616972
Linear · c = 0,-0.8456610327673472,3.3643804686044776,0.0,4.174276048724779,3.347163776254189,2.7576562492055516,0.11880237271097638
Linear · c = 0,0.3330703726182551,-0.002879779764519224,0.0,-0.38915474782672593,-0.3687672255504115,0.40585729000310616,0.37711849663860164
Linear · c = 0,-0.0258628479538564,0.6120542653219002,0.0,0.5330638353101677,0.6184489189875623,0.5731857122417252,-0.06532414521161589
Linear · c = 0,0.3139082114575536,2.4253115977479114,0.0,2.0703477869176923,2.543862685015617,2.509290077452559,-0.2540437528304911
Linear · c = 0,-0.8333688059494058,0.19654067429012934,0.0,0.9523573464963812,0.2991463612577365,-0.7289408479609316,-0.18743811199001176
Linear · c = 0,-1.589567493308969,-1.5035159710362018,0.0,-0.15526948411772862,-1.4032326695476915,-2.92461926977894,-0.13671170740064276
Linear · c = 0,-2.0729834359912918,-0.16459117754143518,0.0,1.9016429773034056,-0.458718017311865,-2.1316791515279045,0.34369993019961553
Linear · c = 0,-1.1173841129896078,-0.0534161042851364,0.0,0.8149848264915183,-0.007096212757911544,-1.3039197909860683,-0.23737126948936343
Linear · c = 0,-0.458675284939333,-2.047112478302348,0.0,-1.76241308622806,-2.113398980864302,-2.5332823967057703,-0.03444876060261315
Linear · c = 0,-0.2931915866487618,-0.3837481070112351,0.0,-0.18718775792044048,-0.2954426152789625,-0.743850100428822,-0.1700763138956688
Linear · c = 0,1.9372311624295169,-1.113288140996155,0.0,-2.9034906726748986,-1.071112166149633,0.7193094404439156,-0.020978449965858514
Linear · c = 0,1.1059933699072981,1.386536635781151,0.0,0.15065228329901004,1.1394121909240353,2.5361399823684727,0.20398394190970603
Linear · c = 0,-0.9620911163416273,0.051917811277883426,0.0,0.9608207955318071,-0.3039115179316437,-0.9905305359791539,0.28905664770797035
Linear · c = 0,0.34770845245095694,-0.42419362372135505,0.0,-0.9070571805605547,-0.18784198489575601,-0.33190196305439457,-0.4316375869117186
Linear · c = 0,-0.4070782363503251,-0.1592728959338644,0.0,0.03160272045635262,0.007222550531990557,-0.36283665866459497,-0.17283951963611172
Linear · c = 0,-0.28436383804009513,0.3346830276092492,0.0,0.5072994248404981,0.23987015418791252,0.14275449905215098,0.085156807758412
Linear · c = 0,0.18532564941538202,0.9252212995346697,0.0,0.3908306805774912,0.6460422468588363,1.0684369388224448,0.08359156284113178
Linear · c = 0,0.6191711169753933,-1.499568343004072,0.0,-1.8862558750600964,-1.564927856229083,-0.8652567072684055,0.18917156506483201
Linear · c = 0,-0.33925848388401536,-1.562381448931908,0.0,-1.0530545741632906,-1.246348738940186,-1.9881672037881701,-0.27426215003554444
Linear · c = 0,1.0638515327343585,1.657018823103795,0.0,0.5906417818094226,1.9303271063052214,2.492540464559439,-0.3887359831207906
Linear · c = 0,-1.141938226142404,-0.6185053083070959,0.0,0.6775700784183813,-0.7712526381612846,-1.7450726793840265,0.23750133767846204
Linear · c = 0,0.006339062362268442,-2.125263138895311,0.0,-2.1679950583676204,-2.2689648790004955,-2.266389365681784,0.05177266697579297
Linear · c = 0,2.5976737265958323,0.665719064074657,0.0,-1.8904925078831123,0.8150499632990593,3.243932360192214,-0.13833003714450853
Linear · c = 0,0.2230797426252751,0.6950547090490303,0.0,0.4824919402337377,0.7807308189926874,0.7723916357223615,-0.15328903101463776
Linear · c = 0,1.4332145066061728,-2.2960728858850596,0.0,-3.6183335162292942,-2.1731714213260975,-0.4723144344663254,0.12784744597828768
Linear · c = 0,0.09152017817320818,0.34422257319540944,0.0,0.19628676643826393,0.2755103029451903,0.5510876321046795,0.0981768963262814
Linear · c = 0,0.5807770953297967,1.1033746386425605,0.0,0.6454631686495845,1.0231115656360537,1.6236773324328497,0.11145868490516353
Linear · c = 0,-0.056783194392691534,0.5615796775593946,0.0,0.6995324976847922,0.4374420414491954,0.44321638496445087,0.13393239987542616
Linear · c = 0,-0.17040758116420443,0.9479722256420929,0.0,1.1318187219115625,1.0973630283654316,0.6868748520509574,-0.18801624138417172
Linear · c = 0,-0.7794823967254196,-2.1064036471361236,0.0,-1.6032789197153048,-2.3938932672638553,-3.074798003867463,0.054854805472471124
Linear · c = 0,0.4303013589575532,0.4965602324942934,0.0,-0.13071628419325043,0.47336861870130703,0.7485295684122057,-0.16446197659182937
Linear · c = 0,-0.8515371891857679,-0.45392963920566987,0.0,0.2921943060069174,-0.5700425219529773,-1.3715430075186368,0.030368171197117655
Linear · c = 0,0.6655852363134291,-0.7241852380869672,0.0,-1.191394824671928,-0.6248930996723897,-0.0561805894821375,0.0011053925953570243
Linear · c = 0,1.08528700444591,1.3058334141295898,0.0,0.15139246759655406,1.2408485156361366,2.440282389068292,0.05498891269628636
Linear · c = 0,0.36653140723722993,2.218911766011345,0.0,1.9400057197769585,2.082769140096255,2.5909152865907097,0.18269136308757927
Linear · c = 0,-0.28624873355569186,2.6915550819005385,0.0,2.6730608801567763,2.723312149526128,2.5196287346386494,-0.12696734212841498
Linear · c = 0,0.4539655793086961,1.9722118072588577,0.0,1.4762359339180302,2.2446908566798736,2.2939916194521466,-0.3595770799947853
Linear · c = 0,-0.3086730555464126,-0.16460127244527553,0.0,0.17668784539662627,-0.16997498444516884,-0.48831897810819935,0.014159418089382314
Linear · c = 0,0.9355471254651493,0.5290802445395146,0.0,-0.4236152061263468,0.5451459990409354,1.591821181524219,0.03895698865800068
Linear · c = 0,-1.8314060842151236,1.1502343076763655,0.0,3.188300827332701,1.149896771000742,-0.5588743657130132,0.16481645980910198
Linear · c = 0,-0.3356073681186462,0.18176692394919294,0.0,0.41210925012782174,0.2966602418581279,-0.26813917274350185,-0.22467520316596795
Linear · c = 0,-1.9908119951239978,0.19614628186731656,0.0,2.3505572674045343,0.5277424134763025,-1.81297829645239,-0.2589529280002303
Linear · c = 0,-1.495060830227205,1.2356296978142731,0.0,2.401809004420367,1.1534187578275497,-0.07464986226953643,0.010160813247865441
Quadratic · c = 0.6,0.5530767870252449,1.8735340453102425,0.6,1.8839280520262685,2.071854429422014,3.1219873330753773,0.43110326312880876
Quadratic · c = 0.6,0.24891359867502955,1.031538277676673,0.6,1.2040521157983903,1.05576697549975,2.127668700625285,0.6100934327120875
Quadratic · c = 0.6,1.008668355954839,2.9491912070633854,0.6,2.5133381959265413,3.0163484615776457,4.639741388679097,0.5601913307251736
Quadratic · c = 0.6,0.484453439248422,-2.321749249109867,0.6,-2.3616961232329787,-2.24514305672784,-1.446371082666639,0.34110945377803104
Quadratic · c = 0.6,1.2177251874511363,-0.39804016247138185,0.6,-1.1096089658827275,-0.23668171734725307,1.4731984685260082,0.41847646866889343
Quadratic · c = 0.6,0.9194236766469855,-0.6937820759142381,0.6,-1.0588774237232028,-0.62681292272746,0.8166277635694776,0.5056880926505974
Quadratic · c = 0.6,1.5217004527369589,-2.9605240146129024,0.6,-3.8803376919970862,-2.8620012356048816,-0.9479287229748133,0.4478680281189318
Quadratic · c = 0.6,0.35879608390625434,1.5904908071695412,0.6,1.8377451840964905,1.5436505779785432,2.311446384885757,0.5309452065125808
Quadratic · c = 0.6,0.9052594014939547,-0.4055948337050376,0.6,-0.8489225986363872,-0.17036386664546282,1.157373064976702,0.32458909981562023
Quadratic · c = 0.6,-0.3071270730857854,1.1094468074798434,0.6,1.8180356353554201,0.8783936511025818,1.3854951493774703,0.7233717412638634
Quadratic · c = 0.6,-0.6014608115590059,3.539657901494418,0.6,4.975296693029896,3.511644181273765,3.7342470229460143,0.84312767671419
Quadratic · c = 0.6,1.7067676404189733,-0.5298655377414124,0.6,-1.583843562537587,-0.4591779690645284,1.5765440262818755,0.4555282009366726
Quadratic · c = 0.6,0.21620467632268803,-0.6317294739857328,0.6,-0.10730571204595718,-0.6819692795767739,0.3139390703785915,0.785285958743091
Quadratic · c = 0.6,0.804880565862379,0.17799625458599402,0.6,-0.14900980857430196,0.2045536567124809,1.6356772635390178,0.538780070769877
Quadratic · c = 0.6,0.12374001441139017,1.4808710294751144,0.6,1.934026017577344,1.5415528084380379,2.164651482607628,0.5077859416544481
Quadratic · c = 0.6,-0.5865156509199643,-0.8500695379652248,0.6,0.23908714999854758,-0.6092470305461302,-0.6792422589309728,0.3891694760799176
Quadratic · c = 0.6,0.010982892582401323,-0.946442395698196,0.6,-0.4715550000378239,-0.861175749859004,-0.4468613313209676,0.40196758417960826
Quadratic · c = 0.6,1.4359940177677142,1.5857839053620488,0.6,0.5720871910449861,1.7408553215718952,3.3661629792826524,0.22826976359192397
Quadratic · c = 0.6,0.555240074279424,0.5679589857570533,0.6,0.7517472985141105,0.5300506388710945,1.691467069574398,0.6915565451731597
Quadratic · c = 0.6,-1.711473159730459,-3.067092394507231,0.6,-0.6941565518332785,-2.979912572708093,-4.302517030762027,0.48157578141044066
Quadratic · c = 0.6,-0.2152444565761547,-1.8380876992036623,0.6,-0.9151844013149983,-1.8210821184998789,-1.6417403747100228,0.5426197304873683
Quadratic · c = 0.6,1.782293792704712,2.2518537957408156,0.6,1.0440788304991426,2.4590456480746545,4.885636808182382,0.5058121712661081
Quadratic · c = 0.6,-0.21379686184995605,0.6028924246182188,0.6,1.5242915551094764,0.4243409013929633,1.062686598136646,0.869148175230098
Quadratic · c = 0.6,-1.8004786917341806,-1.1432938965558734,0.6,1.3848139307571863,-1.034437699058065,-2.226029444986866,0.6138299419432252
Quadratic · c = 0.6,1.8930488854225436,-0.2556144858524732,0.6,-1.4941739093878872,-0.2664763366770548,2.1461792751844677,0.5924790195753451
Quadratic · c = 0.6,0.6823925098127926,0.019855009202505304,0.6,-0.34722782838551186,0.07080127420950794,1.3301554455631261,0.4206625343792992
Quadratic · c = 0.6,-0.0700128588128004,1.1036000404202457,0.6,1.8572492756567687,0.9029684864263117,1.7303396850047044,0.890825993904425
Quadratic · c = 0.6,-0.37141773608206863,-2.0373950922881843,0.6,-0.7577955920129988,-2.0256275726714974,-1.818062626251234,0.7376984635393811
Quadratic · c = 0.6,1.0823519297917354,-1.2614237080056871,0.6,-1.6974252843845676,-0.9565731542991365,0.26738105753106467,0.241551040872385
Quadratic · c = 0.6,-0.5419834002261925,0.4094336322950833,0.6,1.5818980725303615,0.28948501895043666,0.3853995239421415,0.6941637792858149
Quadratic · c = 0.6,1.1482564245159883,-0.14975187074317547,0.6,-0.7054468414414548,0.05234661549885833,1.8686531438761231,0.5292565357184759
Quadratic · c = 0.6,0.542195285724256,0.8577887739550648,0.6,0.9828148099248147,0.801299565501542,2.373894889675099,0.8770552842984147
Quadratic · c = 0.6,0.24468192548734993,-1.8442610960393968,0.6,-1.5530761937261746,-1.9299314831933574,-1.265820627238856,0.520483072710842
Quadratic · c = 0.6,0.14551480533559535,0.5356930144069817,0.6,1.1995919444580978,0.6809298532626757,1.643878650160044,0.7408054440463951
Quadratic · c = 0.6,-0.17496803671417813,1.6373754290662084,0.6,2.2039149629476675,1.8561010501880748,2.0729277201069496,0.282320291339234
Quadratic · c = 0.6,1.0456401202092658,0.7302278207239251,0.6,0.40550273303467976,0.48306124955825447,2.5960802143329853,1.0177302241255781
Quadratic · c = 0.6,-0.8653428321018342,0.20866760964238784,0.6,1.7919879544439967,0.2028311044244552,0.04009168068972187,0.7132087131424041
Quadratic · c = 0.6,-1.6219251268302093,-0.1438254038489563,0.6,1.9632754278249156,-0.23074141668621123,-1.235267222722975,0.5947455192371816
Quadratic · c = 0.6,0.6144401228924746,-1.2522767291572527,0.6,-1.5446260313032691,-1.1230129550267476,0.14090243586260678,0.4211511573064164
Quadratic · c = 0.6,0.6312383280671477,-0.10799788865968271,0.6,-0.24443783919140677,-0.055767436267959894,1.0834093682130796,0.4752532007787963
Quadratic · c = 0.6,0.4802411525117667,1.889558779320609,0.6,2.058558721120997,1.7954221931389547,2.8372861584192304,0.6525002466311591
Quadratic · c = 0.6,0.4077283696180388,-0.17854275990018786,0.6,0.17154010338533468,-0.18812334766886174,1.1325019523458724,0.8401443755344653
Quadratic · c = 0.6,-0.32054037833754784,-1.3347059840226152,0.6,-0.40721911096594643,-1.473617690075189,-0.8712052308947723,0.8344055191448296
Quadratic · c = 0.6,0.7874827043855253,-0.7383706331480795,0.6,-0.8312333129117018,-0.6293397035936159,0.8277021730676335,0.6275741336715818
Quadratic · c = 0.6,-0.04555812675454088,0.3012754459138952,0.6,0.8489141285915669,0.2821874495661021,0.8299998444361854,0.557269536947774
Quadratic · c = 0.6,-0.4871135608151781,-0.5602709957712704,0.6,0.33323058450656495,-0.599809518295007,-0.24692763790492497,0.642960991595827
Quadratic · c = 0.6,-0.3118913122553999,0.727954924594711,0.6,1.675446952419188,0.5260457254179629,0.7826877005895709,0.7030216010864165
Quadratic · c = 0.6,2.020639698775832,0.7842656411235456,0.6,-0.3866576488400457,0.770717789585276,3.307793809044135,0.6898502905167686
Quadratic · c = 0.6,-1.7349760820454327,1.3334747706069723,0.6,3.6273520879178545,1.1118786074593725,0.41196296098828245,0.9077789169936961
Quadratic · c = 0.6,0.49978810429579884,2.135339208397549,0.6,2.176593163463846,2.3404494375583123,3.242875069860445,0.36928467910383356
Quadratic · c = 0.6,-1.6791104276237172,1.4937880865585411,0.6,3.9873283103675248,1.5322922614150039,0.5426625583651853,0.7327031729513513
Quadratic · c = 0.6,-0.10823333832297323,-1.40135859622194,0.6,-0.5852613009857162,-1.3078649362841444,-0.8574017629675066,0.586533404307533
Quadratic · c = 0.6,-0.4336274851541877,-1.3553016698644083,0.6,-0.3566017921275583,-1.0679864661284793,-1.3249697027829812,0.22720071867320946
Quadratic · c = 0.6,-2.085028296679878,-0.11365721468973664,0.6,2.572017228341615,-0.11142433340859732,-1.538319398368086,0.6282732483953619
Quadratic · c = 0.6,0.389037590433763,-0.6767630358591217,0.6,-0.53022152317706,-0.6295510900206835,0.2869481667941964,0.5079144118292518
Quadratic · c = 0.6,-0.3800380621921959,-1.707490090441414,0.6,-0.964744905864903,-1.706057247502887,-1.6526129525881328,0.39737831827636905
Quadratic · c = 0.6,-2.099206342561244,-0.6625376912594914,0.6,1.7765107869344177,-0.6420066931560836,-2.0885615325178004,0.48598132036439223
Quadratic · c = 0.6,0.8395680907742521,-0.7117694004285585,0.6,-0.8723327848871242,-0.6266937943756044,0.437910337204602,0.4094825705343432
Quadratic · c = 0.6,1.435006177988935,-1.0077716096418088,0.6,-2.046930326816864,-0.7117433941197582,0.8701532543355708,0.1233548578791116
Quadratic · c = 0.6,1.490124342296572,-0.4736842292325084,0.6,-1.272182416858577,-0.5767248724823854,1.6283910239541983,0.7548291760301961
Quadratic · c = 0.6,0.35895644065147114,1.7676762754774966,0.6,1.9137317044849862,1.8519074486704434,2.7471488337264724,0.47853282043528567
Quadratic · c = 0.6,0.04605813857711549,0.29885706187385885,0.6,0.7855554572501083,0.1413312439217523,0.985081330074851,0.7439871497407273
Quadratic · c = 0.6,1.328156620895797,3.707713614083204,0.6,2.7976491733310187,3.7718357704013297,6.029842971334535,0.6419103019314472
Quadratic · c = 0.6,1.6823835853400984,0.255762279029474,0.6,-0.6240957986213226,0.36351446206359844,2.5253047697084003,0.5870900234799405
Quadratic · c = 0.6,1.133568702875625,-0.4350986609058776,0.6,-1.2594802578320312,-0.6334416202909052,1.4908889703851542,0.7491459765674667
Quadratic · c = 0.6,-0.9415376022298011,0.0061993239822991375,0.6,1.4292735141933834,-0.09868849074230786,-0.3601858496001052,0.633232323038947
Quadratic · c = 0.6,0.2013448532149219,0.38473796766531,0.6,0.6240861756234048,0.20072265748256454,1.1785117099630187,0.7005762853106472
Quadratic · c = 0.6,0.4395161442914286,0.6528809357565954,0.6,0.6796353732643614,0.5417281487897612,1.575218426125973,0.5856987509054059
Quadratic · c = 0.6,-1.8096169689172292,3.1150669887885356,0.6,5.603037989780935,3.080248135214232,1.8786642246872285,0.6606029720198499
Quadratic · c = 0.6,0.4693606596207741,-1.267980697466353,0.6,-1.0477994724907946,-1.289286638701294,-0.24035810311415484,0.6452078508988193
Quadratic · c = 0.6,2.272991825979389,1.2885690872666034,0.6,-0.31385518537726015,1.388798763800248,4.139499888319702,0.5240235876709731
Quadratic · c = 0.6,0.6399361658007914,0.31162589642118577,0.6,0.2837808969634726,0.19435736196118658,1.4224596057472982,0.6587628893941988
Quadratic · c = 0.6,1.4734130814417563,-2.3566466138559266,0.6,-3.1146875700026615,-2.2899053044742335,-0.21493876665168385,0.6250921361470607
Quadratic · c = 0.6,0.18291473012870507,1.1560481731421448,0.6,1.615261595322268,1.1629786645143878,2.043424686894265,0.6663644765938788
Quadratic · c = 0.6,-0.07321832398382148,1.901435341205857,0.6,2.714919979343096,2.038119541984454,2.4131003298301374,0.5258906126021627
Quadratic · c = 0.6,0.3812713900809755,-1.2857646056661447,0.6,-0.8589870862607943,-1.2514955034062965,-0.2096367867002995,0.7171835669257496
Quadratic · c = 0.6,-0.8158266479844326,-0.01340080183795604,0.6,1.4447390297717084,0.023650204284670073,-0.33959024835993656,0.528924186421216
Quadratic · c = 0.6,-0.9637751872343886,-2.5880313930115553,0.6,-0.9190535800254428,-2.1612372337754095,-3.0080258414644563,0.19769752303046007
Quadratic · c = 0.6,1.2663045571693656,-1.8882096895265046,0.6,-2.543865039382128,-1.955140479178594,-0.09510811759142916,0.6356539006918154
Quadratic · c = 0.6,1.3723423428665182,1.572044366425879,0.6,1.0313694452771616,1.4710987137667593,3.473274638287443,0.7812233280155432
Quadratic · c = 0.6,-0.9911063155873504,-0.6996247590111517,0.6,0.6533576330165034,-0.8132665176924888,-1.3469910585415041,0.46644980492998844
Quadratic · c = 0.6,0.9679988045538644,-1.6632044624070588,0.6,-1.9364325620791338,-1.2432498791314623,-0.15020747690077266,0.1999298596415091
Quadratic · c = 0.6,-0.08695997560602091,0.34419054668764454,0.6,0.7811368323451299,0.47919049635210453,0.7481918272421001,0.28547383344151045
Quadratic · c = 0.6,0.33980857449043056,-0.7836186471465348,0.6,-0.3285251820539344,-0.8259230043150265,0.06141757398147858,0.6923692002787987
Quadratic · c = 0.6,0.4602186394350634,-0.7062324866633041,0.6,-0.5931447594602204,-0.592565972522876,0.31987305815841083,0.45593012187197124
Quadratic · c = 0.6,0.9943504681243184,1.1089890385123549,0.6,0.6401298649689806,1.079164298065524,2.5125612289615407,0.49718124889973647
Quadratic · c = 0.6,0.08271820186318887,-1.74260003840152,0.6,-1.1657634999206117,-2.0106090274782566,-1.1265000546931583,0.8644772501713716
Quadratic · c = 0.6,1.410161995301936,-1.3580478190227483,0.6,-2.0543020330000727,-1.3125905765828407,0.7406622622271462,0.6557706911963774
Quadratic · c = 0.6,0.30941283975992473,0.23111998822330296,0.6,0.5119502975555568,0.4065819153711305,1.2792377074986965,0.48901208715599614
Quadratic · c = 0.6,0.6241842724695326,1.454114686122308,0.6,1.4968515642899265,1.5932465527193393,2.790862491752377,0.5506104753018124
Quadratic · c = 0.6,-0.8332625915372465,1.8572404522347745,0.6,3.2245835167699877,1.6556556154810744,1.6870321795739214,0.8001522326908801
Quadratic · c = 0.6,2.158659010704834,-0.9975925805424346,0.6,-2.474338206622554,-0.8340217818716498,1.6206182389056054,0.4071617980131754
Quadratic · c = 0.6,0.4698249232049664,1.4060654503794718,0.6,1.400275868282931,1.4750504903256374,2.4652153252564752,0.45769510644406575
Quadratic · c = 0.6,0.7129974253450992,-1.1762134402056132,0.6,-1.5720751071363819,-1.1199472156424846,-0.1410794521088572,0.263369936019865
Quadratic · c = 0.6,-1.6081858112115415,2.7393140203602,0.6,4.805711348790735,2.942066226289216,2.0048600618197256,0.46321947901601446
Quadratic · c = 0.6,-0.822702023079101,-1.7006565381295926,0.6,-0.46030297032128586,-1.7500652687414968,-1.9169651827468877,0.56143119220741
Quadratic · c = 0.6,1.2378836879187305,1.9927182161875963,0.6,1.622018567406101,1.918787874013936,3.759069300651335,0.7717560600147824
Quadratic · c = 0.6,0.2868911182926047,-0.9847291602280859,0.6,-0.43931144475126127,-1.0409475331358247,0.010492214409487444,0.8265379179649377
Quadratic · c = 0.6,-1.913779734828926,3.0198696821919,0.6,5.312077972253961,2.9941847705780513,1.4571504216140136,0.390429426355936
Quadratic · c = 0.6,1.038289928983819,0.8869810932787265,0.6,0.2903760971515519,1.012861296551566,2.517785213599539,0.3912193588239794
Quadratic · c = 0.6,-0.5437828043527234,-1.524024794112333,0.6,-0.42810785084255587,-1.6363372377094707,-1.5009060094512487,0.6718303075625685
Quadratic · c = 0.6,1.411316985876712,-0.7833577193137602,0.6,-1.5495077301253681,-0.6359202883444959,0.8341872639484316,0.2782600552560276
Quadratic · c = 0.6,-0.08783567860369966,1.1717718078356125,0.6,1.7348433102998906,1.1956362441639634,1.6691066618375698,0.5063387419047667
Quadratic · c = 0.6,0.20470668602052994,1.578966626423342,0.6,2.0347663767818207,1.6190976693423251,2.337943132994861,0.5672570855460157
Quadratic · c = 0.6,1.1789545785916484,-0.1060733875866939,0.6,-0.764055945576419,-0.14289861104701904,1.8451925434783658,0.6834669099979925
Quadratic · c = 0.6,-0.8974929708546623,0.0669874214451996,0.6,1.454679202364005,0.05756641297360628,-0.2030042173096995,0.5682710795535464
Quadratic · c = 0.6,-0.9928468078339396,1.1375295489660981,0.6,2.9644289962812063,1.0924833102306513,0.8885037395338027,0.8339830576768532
Quadratic · c = 0.6,-0.19649842039810733,0.19769764051622993,0.6,1.1789929714040905,0.1881345007676327,0.5695913732566081,0.6861576715627167
Quadratic · c = 0.6,0.8271727996212221,-1.9402572890075636,0.6,-2.216788139436018,-1.978630759143951,-0.3849485102998165,0.6777624342760336
Quadratic · c = 0.6,-1.3308772526134907,-1.219461036960271,0.6,0.7460677122415468,-1.1841675805847907,-2.1191218161307366,0.4976405286401957
Quadratic · c = 0.6,-1.6680345998890966,0.3526799147274976,0.6,2.475591003010309,0.6741969384440446,-0.7420285439549026,0.1925842910836586
Quadratic · c = 0.6,0.8237209270437923,1.8232236247465403,0.6,1.483286898365994,2.037888499584935,3.2892158340928654,0.3483628666444947
Quadratic · c = 0.6,-0.6029783125670037,2.4239736362430717,0.6,3.7136751863397537,2.4032665749508415,2.3731943600895478,0.6401681982638094
Quadratic · c = 0.6,-0.3922260129202831,1.1692941311571754,0.6,2.136082188202865,0.9618834056123814,1.3638790068239077,0.7880971919010048
Quadratic · c = 0.6,-1.8568104019401659,0.4309361415545456,0.6,2.9321515050511042,0.7085056266311087,-0.812974400634838,0.3510829255770245
Quadratic · c = 0.6,-0.6789793143519821,1.1232208289737156,0.6,2.052073586994152,1.1091230140560224,1.4551671345879793,0.6444973467350432
Quadratic · c = 0.6,-0.007567296631150636,-1.0001262753102835,0.6,-0.262604043431377,-1.1217596168815718,-0.31902759477685066,0.830943797777458
Quadratic · c = 0.6,0.9303778576228922,-0.22984644038732127,0.6,-0.6715263117436744,-0.4329175683193499,1.24827601275046,0.7212924188227428
Quadratic · c = 0.6,-0.7712301662346388,-1.236196082009215,0.6,0.1487630501112529,-1.5170194073742245,-1.579800141824649,0.8015008615175264
Quadratic · c = 0.6,1.6573761202324966,-1.8731139160615673,0.6,-2.9289397018167107,-1.9343398924599104,0.4434838948428429,0.6916119889729766
Quadratic · c = 0.6,-0.6845560241798007,0.5003235174543074,0.6,1.6026792925378237,0.6074405797373025,0.23820362871547743,0.3130008808893481
Quadratic · c = 0.6,-0.6830918015851747,0.2782699598771154,0.6,1.8077719067529343,0.020906217220367895,0.031295017734428804,0.8986272450233137
Quadratic · c = 0.6,1.5373575518978022,1.0314787267635193,0.6,0.1567267953204914,1.281113714488165,3.2160927340787473,0.40529605021145443
Quadratic · c = 0.6,0.21146015236391716,0.8191677463386708,0.6,1.2921362820021123,0.8217982815896296,1.4766681305853089,0.562603924704081
Quadratic · c = 0.6,-0.5520247290115766,0.363966406985793,0.6,1.4424703837614625,0.18217994898860151,0.22013518280768565,0.6491228342959725
Quadratic · c = 0.6,-0.15513313118059344,0.8349249985163314,0.6,1.6503204675948866,0.6664483012031371,1.327724968344242,0.8225744167664272
Quadratic · c = 0.6,1.3530735775420593,-0.06402464434121495,0.6,-1.0123716347164389,-0.01956719132370175,1.8157465478564,0.4212546478936824
Quadratic · c = 0.6,1.4662028196256818,0.6193370928336008,0.6,-0.03587339674448428,0.6678949271704606,2.870907346408404,0.7496220476614992
Quadratic · c = 0.6,-0.816793179270256,-1.0892166040295395,0.6,0.2142295677769376,-1.0807951029929144,-1.453172857017237,0.46132345837276467
Quadratic · c = 0.6,-0.042433810079108215,0.5545588884586952,0.6,1.1349519121261407,0.5152432550470007,1.0032463452765161,0.5538558736543275
Quadratic · c = 0.6,0.09015682766757308,1.002626527929014,0.6,1.3301442714345868,0.7905989293811162,1.3418211382404777,0.5453837754564161
Quadratic · c = 0.6,-0.9862401105165975,-1.0045221421083046,0.6,0.4232659988827743,-0.9103980576075279,-1.6305370324268944,0.30676254083546783
Quadratic · c = 0.6,-0.05568505264999431,0.07774814848927009,0.6,0.5282147742012686,0.34638293417420735,0.5265886883620376,0.18101879710744578
Quadratic · c = 0.6,0.005322860451700487,-0.9354037644440394,0.6,-0.2925697235210145,-0.8390561924689652,-0.2307019845251469,0.5774203384458845
Quadratic · c = 0.6,1.1402094789367356,-0.7897600447741724,0.6,-1.558316658302117,-0.8244189967590959,0.7077153437348044,0.39911833947543957
Quadratic · c = 0.6,1.207425028311201,-1.687394032653232,0.6,-1.9278713821278841,-1.926625322255572,-0.037145037172504086,0.9441171126053779
Quadratic · c = 0.6,-0.32920939835900803,1.8986623877498334,0.6,2.671781657882616,1.6741633162414014,2.3723420758543075,0.8478985506270604
Quadratic · c = 0.6,-0.21395314386081168,1.5985277620800717,0.6,2.775848091103408,1.527165394183179,1.7865111461925987,0.7540142244648242
Quadratic · c = 0.6,0.6642923020556356,0.8061507813410057,0.6,0.4063196544764669,0.7695344735626904,2.0229882699224246,0.4451194886367552
Quadratic · c = 0.6,-0.5851884489270115,2.958293927915721,0.6,4.045787957888711,2.991500216012155,3.0323814504110325,0.5475844881377165
Quadratic · c = 0.6,0.5886401517374027,-0.2838685448525875,0.6,-0.22404620789930513,-0.3312872756478606,0.7395283324486759,0.589028337922546
Quadratic · c = 0.6,-0.08790648736921473,4.547643622665952,0.6,5.3354250747061736,4.549520686579181,5.192990764021934,0.7146872327848728
Quadratic · c = 0.6,-0.9693985777386207,-0.3412941230448306,0.6,1.346615787114625,-0.5545584334018979,-0.9258260319020917,0.7649533110081645
Quadratic · c = 0.6,-0.9568367128796466,0.38279002763402464,0.6,1.826295632702592,0.22435021639042446,0.13924108115079323,0.7584181405362682
Quadratic · c = 0.6,1.447058696031102,-0.5966668709103122,0.6,-1.3910291155432264,-0.4317892718425156,1.5098648477324275,0.4912071379371161
Quadratic · c = 0.6,-0.1564214791432986,0.5584883400904574,0.6,1.3462072565147614,0.738447807142083,1.0725259619074161,0.4709188020690058
Quadratic · c = 0.6,1.640354093898311,1.2534223918293668,0.6,0.22328344244671358,1.4754903469189695,3.511053618200596,0.3916781834046852
Quadratic · c = 0.6,-0.5136362607149101,-0.1708745895796259,0.6,0.897110580397596,-0.29654807839627334,0.020942968562275704,0.7555748528762092
Quadratic · c = 0.6,0.2912052011314934,2.665079770676431,0.6,3.159432150821308,2.6574916604614165,3.7524723153749004,0.7984605726366878
Quadratic · c = 0.6,2.3926767230182415,0.35872392695019106,0.6,-1.7294550508637867,0.35040592072900384,3.3453864131527675,0.45755976041548657
Quadratic · c = 0.6,-1.0573867446632792,0.4057280791652987,0.6,1.954065667967476,0.7633072348625797,-0.06158756040129477,0.1829318189205109
Quadratic · c = 0.6,-1.8978144998997766,-1.3634965417705762,0.6,1.0731583423885351,-1.3596022247555504,-2.961733102449227,0.4153148447252044
Quadratic · c = 0.6,1.2865901312872332,0.6277486118255767,0.6,-0.17282170826339377,0.7752346072423874,2.4199969398728935,0.3483530085623626
Quadratic · c = 0.6,-0.8268091053930736,-0.20104083121404842,0.6,1.1014369997589846,-0.004611985736888369,-0.22681177646434778,0.44192459738420675
Quadratic · c = 0.6,-0.020706364106233777,-0.9123595940059304,0.6,-0.2141046590755254,-0.9806271941117305,-0.3689866178796126,0.6890815556341615
Quadratic · c = 0.6,-0.5859182104515849,-1.1647116122225458,0.6,-0.09941589600720481,-1.3139275800768426,-1.3072922959203954,0.6105734841130425
Quadratic · c = 0.6,0.2681627809553161,4.007645069635028,0.6,4.24677412766193,3.8524369210323157,4.641252082808871,0.5915761842030851
Quadratic · c = 0.6,-0.9505362071857422,-0.39521587526855306,0.6,1.1882307323802748,-0.3600265381345375,-0.49063316869004775,0.708825319979651
Quadratic · c = 0.6,-0.1799400878833061,-2.1854781311719016,0.6,-1.5057887985418008,-2.141063042728411,-1.7185113321639873,0.528912977375517
Quadratic · c = 0.6,0.4498153265565342,-1.0473321895988588,0.6,-0.9352231503242231,-0.9356821512864073,0.1187675149852826,0.527454333616937
Quadratic · c = 0.6,-1.008308886274262,-0.07735175921432039,0.6,1.5800687913395726,-0.11569771497148972,-0.5392901617717627,0.6360870297553947
Quadratic · c = 0.6,-0.7000840296458889,0.8200005489247275,0.6,1.9149214937510577,0.6991128821320738,0.6266153906935854,0.5716555600902478
Quadratic · c = 0.6,-0.3473828335985318,0.8321947825879702,0.6,1.6109818518220869,0.8981833775911199,1.2643061293374898,0.5394606129886685
Quadratic · c = 0.6,-1.4288154342262782,1.014921827664788,0.6,2.907527897041694,1.0574380430264836,0.03098972250905324,0.41182076674889
Quadratic · c = 0.6,-0.4225609827987464,-0.9672904599559944,0.6,0.009532197201877708,-1.0708398968326607,-0.6995670954637746,0.7258224477017122
Quadratic · c = 0.6,0.11879653990290184,0.5106606652523182,0.6,0.8900458992730896,0.6624097273083153,1.1925990891058902,0.3789127668811746
Quadratic · c = 0.6,-0.39954894158842846,-1.3140891961658676,0.6,-0.4119808110166638,-1.5020849855176421,-1.0756574612099934,0.7582658494043135
Quadratic · c = 0.6,-0.27137649293172456,-0.9294644745210174,0.6,0.07619477874463418,-0.8884662860404863,-0.2650162174905785,0.7940555666675141
Quadratic · c = 0.6,-0.019901670906585355,-1.3765634617503892,0.6,-0.5421936729732412,-1.4226926264579416,-0.844169247728035,0.7295111661073035
Quadratic · c = 0.6,-0.655743462432314,-1.7825832818974043,0.6,-0.45638531154228745,-1.9082861589612572,-1.6633834983498452,0.8484017540151909
Quadratic · c = 0.6,0.6910625658668772,1.596314233287013,0.6,1.5594917456966735,1.634783069915793,2.9904198493195127,0.6401727275923002
Quadratic · c = 0.6,1.4359781248017758,1.0329175514683315,0.6,0.45536390917191455,1.0585608542964573,3.0519396206394,0.6950909106091998
Quadratic · c = 0.6,-0.46438039219544847,1.4649980549671948,0.6,2.75568639066103,1.6101306173658652,1.5524706867141882,0.5439479213217442
Quadratic · c = 0.6,0.4851982314777071,0.05896959903644446,0.6,0.17454933485759036,0.08827673642726425,1.198439772204899,0.5982178171039805
Quadratic · c = 0.6,-0.23961715543464693,1.16521154829772,0.6,1.8013387260914997,0.9338388571274858,1.392485889562705,0.6630734506996165
Quadratic · c = 0.6,0.3654873450385047,-2.6419341069638174,0.6,-2.552132218454023,-2.7385077090596925,-1.5812401656118118,0.6718215170267752
Quadratic · c = 0.6,1.5657795312032543,1.2946312770680326,0.6,0.30351237241606754,1.3240904678195609,3.276765296764948,0.46604836677094674
Quadratic · c = 0.6,0.5086595430180988,0.2656797450075453,0.6,0.28777387155130474,0.35376839426927137,1.4635821567521645,0.5219096198824633
Quadratic · c = 0.6,-1.7734145388096807,0.9406644002237484,0.6,3.2053928648052428,0.9649137581806815,0.09707703943641749,0.6863211939401486
Quadratic · c = 0.6,0.4539956314469589,0.5700349485729197,0.6,0.713399627737615,0.4660569066515529,1.5979662216155546,0.6896260180250318
Quadratic · c = 0.6,1.2328637433090093,-1.48058273180533,0.6,-2.0996199089853143,-1.5032579889089124,0.34757780640220404,0.6272369376173572
Quadratic · c = 0.6,-0.2215961699981027,-2.24705966308657,0.6,-1.641980512628993,-2.3914542343494625,-1.891056118645397,0.6249359187122674
Quadratic · c = 0.6,0.9956348061178324,-1.068081249274445,0.6,-1.4885062508956428,-1.153009640503445,0.5010015189319219,0.6592572745215844
Quadratic · c = 0.6,-0.690115541151946,0.8473759219093683,0.6,2.1466436913734452,0.9807879403880471,0.7423786204735147,0.46372321553543294
Quadratic · c = 0.6,-1.4855391595222738,1.0351371227630932,0.6,3.180541763080105,0.9538970775480051,0.2354123217805917,0.7540799648823433
Quadratic · c = 0.6,0.14116901883264016,-2.0519134160727943,0.6,-1.5367228902635808,-1.9220408655958214,-1.203725327873481,0.5518167565272905
Quadratic · c = 0.6,-1.7564767207463141,-1.471649051202322,0.6,0.9731380129761641,-1.4864116625009889,-2.591384887891966,0.677288225043088
Quadratic · c = 0.6,-0.23977101289359176,-1.084853528911259,0.6,-0.08555617674993843,-1.1826647143216782,-0.8188857086093806,0.7304437716420187
Quadratic · c = 0.6,1.286842262645503,-0.5359575904002235,0.6,-1.195585143353172,-0.47366563686040547,1.2272686973556788,0.4895074138616589
Quadratic · c = 0.6,-1.9097629057462808,-2.043076246278978,0.6,0.45547227495530634,-2.057176062413296,-3.6851311693657793,0.4423466152080595
Quadratic · c = 0.6,-1.2794967959138979,-2.133077649210199,0.6,-0.2865199516851152,-2.156675324137469,-2.8366183865475496,0.5951061550211367
Quadratic · c = 0.6,-1.0320322451615775,-1.232752944611331,0.6,0.6116664417368367,-1.4151226893876623,-1.7884785754536001,0.8267166225292806
Quadratic · c = 0.6,-0.06331985971095996,0.1293807543375085,0.6,0.40087124430056836,0.057243254411387404,0.6067143615076483,0.44654954849272094
Quadratic · c = 0.6,-0.36571678564620924,-1.770891509630236,0.6,-0.8816713004341651,-1.604739908707672,-1.4075156669259008,0.46014642502763903
Quadratic · c = 0.6,1.3991363816960873,-0.17370526495764915,0.6,-0.9611631380136408,-0.22929722298862848,1.9793595669544677,0.738395437459042
Quadratic · c = 0.6,0.9543483290916974,1.5878292242127232,0.6,1.2305172161456481,1.4650887183749546,2.884740251681738,0.5925400155387386
Quadratic · c = 0.6,0.49527294606859795,-1.952669606120265,0.6,-1.9141397262732152,-1.8394730635443737,-0.5159158566202038,0.6244452720976641
Quadratic · c = 0.6,0.14563031434388482,-0.3096686376158092,0.6,0.1539425999687273,-0.42447196488385486,0.2582168954854436,0.6305517126109403
Quadratic · c = 0.6,0.3932297769848273,1.5371351006261589,0.6,1.8266985580871715,1.2724426927685186,2.612916642821719,0.947364907685927
Quadratic · c = 0.6,-0.861982355313375,-0.6274025855457139,0.6,0.9572365107070978,-0.5619606675607843,-0.9223341916498725,0.579411827089397
Quadratic · c = 0.6,0.8572103535566122,-0.8605045362876284,0.6,-1.0329737918122182,-0.8348637806183834,0.4799872409898951,0.5583705052072219
Quadratic · c = 0.6,-1.112044254359201,1.7452437214597105,0.6,3.734849824175165,1.6924918145181331,1.3495623121679956,0.8497142536534474
Quadratic · c = 0.6,0.8353769939022309,-0.45930311845732175,0.6,-1.0574722547639097,-0.2678324860401824,1.1963884371430964,0.33729057722977573
Quadratic · c = 0.6,1.186142502118831,1.6567425378083518,0.6,1.0750751037585167,1.7405581930190155,3.5266623171683174,0.5603105174444014
Quadratic · c = 0.6,0.2108646020880872,0.6434480866907981,0.6,0.9361659491566022,0.7255164325066992,1.333018118298002,0.40907560122060294
Quadratic · c = 0.6,-0.17621305896197587,-0.5142669793647551,0.6,0.17063254105042186,-0.3452255078829103,0.055718615278299494,0.458401086047271
Quadratic · c = 0.6,0.4003099083096733,0.7195357958962956,0.6,0.8132695622692534,0.6094993443711395,1.623006213837318,0.6086385436821461
Quadratic · c = 0.6,-2.861518370100673,0.4806742707690567,0.6,4.052088575839553,0.33067655364749715,-1.7273372034762235,0.8316991325341676
Quadratic · c = 0.6,0.30225821848546125,1.531324231503711,0.6,1.9410930346133939,1.518087413959746,2.5850920045189114,0.7450051056064066
Quadratic · c = 0.6,-0.11335399783980703,-0.8225183067975277,0.6,-0.15481083438118953,-0.8545966469466149,-0.4824592393071132,0.5359616101024635
Quadratic · c = 0.6,-0.05062811305699102,0.06180910017242953,0.6,0.8650138153724514,-0.053168966874401015,0.6636467597726974,0.8174992544469754
Quadratic · c = 0.6,0.7065325128978275,-0.0922735194069561,0.6,-0.20950344237367388,-0.25019097887370545,1.1228935219173732,0.7068860186455551
Quadratic · c = 0.6,-0.07476892156472781,1.0562222124596772,0.6,1.938421969880515,1.0864708438548492,1.4300807396899229,0.5977805109303698
Quadratic · c = 0.6,-1.140206856651158,-1.5377687916662635,0.6,0.24823730808719835,-1.5596858964054452,-1.5598686879807944,0.9038702064586472
Quadratic · c = 0.6,-0.14140267082537805,1.5254655723567838,0.6,2.309636819383503,1.468371845296829,2.1970670891994715,0.784980108994658
Quadratic · c = 0.6,0.06755548408082447,0.6994931582556249,0.6,0.9557822490808734,0.7136411817127895,1.6662129165386104,0.5973564010969523
Quadratic · c = 0.6,0.11493391158101274,-1.9753876104494195,0.6,-1.507751414684395,-2.235382767146631,-1.3198413935299964,0.8215863630394353
Quadratic · c = 0.6,0.16191936728506806,1.8123942382207505,0.6,2.468652577079538,1.8688046776688663,2.4484851890789407,0.5897642054103733
Quadratic · c = 0.6,1.0393690449185533,3.351139621196597,0.6,2.8089841552011907,3.267184580524125,5.044688348723249,0.6596516714380947
Quadratic · c = 0.6,-1.0860345530341475,1.5027509543241118,0.6,3.3895149272990572,1.6606144062439874,1.0851182286063334,0.576702171708708
Quadratic · c = 0.6,0.17570045616484992,2.140477150839704,0.6,2.3650299806662316,1.9412872737406879,2.9961654101866184,0.7393104216857371
Quadratic · c = 0.6,1.289929698618241,0.12805707240388214,0.6,-0.763693290904293,0.0942220192435915,2.0636093379500497,0.5557360042792868
Quadratic · c = 0.6,-1.7346114969371953,-2.492257379607765,0.6,-0.32828498197497324,-2.6458967297615947,-3.6409870362301335,0.6612607206590413
Quadratic · c = 0.6,0.17964668078005355,-2.7661806767512873,0.6,-2.2702798144027327,-2.6069528611892236,-1.8954759807556507,0.5240749636100319
Quadratic · c = 0.6,-0.5853785019730434,0.3826230658016377,0.6,1.5790500570235104,0.2706938527680803,0.23660851445191636,0.637135432969633
Quadratic · c = 0.6,-0.37071038447310495,-0.8879682115949701,0.6,0.006110609628762767,-0.8264778738478851,-0.6081850400739737,0.5254406586252796
Quadratic · c = 0.6,-0.904807503214422,-1.371864417491027,0.6,-0.18204221213537336,-1.4897159717311526,-1.4959957879645256,0.6506969716812031
Quadratic · c = 0.6,-0.16955071570044408,-0.09412002595301303,0.6,0.687312946918052,-0.3066713629184609,0.6897024355862655,0.9951790541706198
Quadratic · c = 0.6,1.8412556144269043,0.9233779317919323,0.6,-0.32221894248218674,0.9810280256889434,3.424562259625607,0.5701436328827667
Quadratic · c = 0.6,-1.2644303611772136,-2.179136320143221,0.6,-0.3698452788900353,-2.2882723724164302,-2.5253154335605434,0.8406920161911409
Quadratic · c = 0.6,-1.1696100024788274,-0.6733164304205772,0.6,1.2467744525009128,-0.5500258502542757,-1.1564830541416729,0.5951715494338957
Quadratic · c = 0.6,-1.3019345701635046,2.264806024680473,0.6,4.016242986289725,2.456435553441514,1.436401555815206,0.2698867176109516
Quadratic · c = 0.6,1.727418286628101,-1.6129325703320618,0.6,-2.697857837237566,-1.8588410561517472,0.4083568886989111,0.7140905818824199
Quadratic · c = 0.6,-0.46233970552128695,1.3046417807474344,0.6,2.4147251666666887,1.1832768906681983,1.1439269395315563,0.5960491624309243
Quadratic · c = 0.6,-0.025639060347674214,-0.7270961423234908,0.6,-0.020365656533755272,-0.40908402666587246,0.055698836115844114,0.42675061645691686
Quadratic · c = 0.6,-0.4027829411062397,0.8186906397749291,0.6,1.7828758980913177,0.820017435779471,1.1490636371862764,0.6459523318593261
Quadratic · c = 0.6,-0.9444228784030915,1.6459912608043008,0.6,3.3587333421826284,1.594460902980446,1.3066950397598955,0.7382532879908161
Quadratic · c = 0.6,-0.2351506466144354,1.1119226504775324,0.6,1.9921655181066484,1.195004098519357,1.4568105375614069,0.5294839293146705
Quadratic · c = 0.6,2.45824360573656,1.3637394033208148,0.6,-0.5125169891760568,1.570714252783973,4.603411114423808,0.4747328098399022
Quadratic · c = 0.6,1.392070920974255,-1.7273903001119342,0.6,-2.4478496350707757,-1.469523939608495,0.20671375652835824,0.34895600033728624
Quadratic · c = 0.6,-0.8529378177922723,1.6704895601119483,0.6,3.3668733951986276,1.751866876642281,1.9082056606518645,0.8856726512829651
Quadratic · c = 0.6,0.6475741030616857,-1.27903967195223,0.6,-1.5054860640312875,-1.3824414597848311,0.03135410533953796,0.6453754804389563
Quadratic · c = 0.6,-0.8315227726663764,0.3893126483573076,0.6,1.880420528970533,0.6818334959835604,0.0575336731960011,0.2871436050997066
Quadratic · c = 0.6,-1.7763676388462208,0.38736928049584035,0.6,2.899474697146144,0.5617387311981397,-0.6833011835172833,0.5463480256162907
Quadratic · c = 0.6,1.0195109176646295,0.7276838383043714,0.6,0.16402346935109388,0.9388476590925011,2.5315934956663133,0.40896082341620243
Quadratic · c = 0.6,1.1600928466435507,0.5054350140902858,0.6,0.03527984541529165,0.536087167171629,2.2994440622404926,0.6312747866562631
Quadratic · c = 0.6,1.0460522510478993,-1.2657149677870847,0.6,-1.7235775876708905,-1.1695971976491883,0.38500751120256127,0.5003121594150237
Quadratic · c = 0.6,-0.46986524921957273,-2.024801118443574,0.6,-1.0822146155268977,-2.182089865167713,-2.00747180571099,0.6372466545487692
Quadratic · c = 0.6,-0.16677573400198623,1.308523019942653,0.6,2.108618590327057,1.3044796444773719,1.7740488549339792,0.6368540781531462
Quadratic · c = 0.6,0.7497655536581233,0.27875186627837334,0.6,0.2041082826521667,0.18465372739084152,1.8483664451882988,0.8415836365293912
Quadratic · c = 0.6,0.3914960373481072,1.7240652614367267,0.6,1.8924126000314985,1.6590512137195004,2.787919234384702,0.6811147034886
Quadratic · c = 0.6,-0.3936374712970443,-0.06709940128180197,0.6,0.6510615396589814,-0.18567956874023986,0.28642404722492865,0.6544223621821948
Quadratic · c = 0.6,-1.6190718201181646,-2.1077465410154406,0.6,-0.14928801025659255,-1.9401104114754673,-2.900147876179735,0.41539246825730336
Quadratic · c = 0.6,0.11387519414201226,1.4491945215061592,0.6,1.879901026690585,1.4929664366201056,2.3309327783758254,0.6124504659130994
Quadratic · c = 0.6,1.0790096392361133,-0.5555559144916605,0.6,-1.1045839319343016,-0.4253895864127333,1.022781405474852,0.3844883231830085
Quadratic · c = 0.6,-1.1975882890341571,0.5130051861315318,0.6,2.238953131165712,0.3931047164827857,-0.03318602302340488,0.709778837588368
Quadratic · c = 0.6,0.638759381675977,-0.9711891427192788,0.6,-0.8362531665104234,-0.9988060825368534,0.0768828649698377,0.6191209317665606
Quadratic · c = 0.6,0.33154169513369264,2.4664525653505356,0.6,2.5725048468738207,2.5256424785561165,3.6746117224933688,0.5979158061274785
Quadratic · c = 0.6,0.7501482632323336,-1.3148472362747954,0.6,-1.4059367496099695,-1.3728817188724833,0.15022862198508086,0.745027655060039
Quadratic · c = 0.6,0.8719754997190072,-0.506144631159262,0.6,-0.8140449262162811,-0.562887413763893,0.8220620027054557,0.5668959520084802
Quadratic · c = 0.6,-0.694465241925353,0.16117305404597457,0.6,1.6669056226082808,-0.21970813357837496,0.18638669216251197,1.1463542909637714
Quadratic · c = 0.6,-1.616959400164946,-1.6382734906304373,0.6,0.5091241688648783,-1.6998246003481792,-2.4013856173777115,0.7536938760917626
Quadratic · c = 0.6,-0.5335195256828793,0.4957792928813927,0.6,1.5221791547342642,0.3937689197771312,0.5427006313605839,0.6386709732702929
Quadratic · c = 0.6,0.8891273175270074,2.417865716201235,0.6,2.1908155065460635,2.3515873488573047,3.67091419414786,0.5792775014896567
Quadratic · c = 0.6,-0.542003903525971,-0.7356932410405657,0.6,0.27645593535314056,-0.5434931625708878,-0.6664806261962102,0.348480817149353
Quadratic · c = 0.6,-0.6940433238576419,0.5927142285475883,0.6,1.9544206449608035,0.5535010474716326,0.39974625026395594,0.6235824001407471
Quadratic · c = 0.6,-1.8213503419246384,-4.124153079057833,0.6,-1.4511673196518826,-4.152381857615495,-5.412008902911541,0.7207937463337832
Quadratic · c = 0.6,1.752647554550939,-0.05839380072726098,0.6,-1.046620000324899,-0.16674785455736876,2.2050446522575786,0.7459601805237085
Quadratic · c = 0.6,0.8257136414253099,-0.469563428889308,0.6,-0.6937400677120832,-0.4695229132760811,0.9950919147214841,0.6201988367807816
Quadratic · c = 0.6,0.7698959812747644,-1.2277464036155774,0.6,-1.0838920214810184,-1.1773091666627218,-0.21455851675343302,0.5280838975454961
Quadratic · c = 0.6,0.9677253867794737,1.6221757044427982,0.6,1.3033951591780586,1.627857703616238,3.1964185948749906,0.6220491734102864
Quadratic · c = 0.6,0.5767083615434017,-0.4893655224357423,0.6,-0.42918178756971836,-0.49366726558696217,0.679451025149351,0.6188018843767784
Quadratic · c = 0.6,-0.24432885517952907,-0.2662162306403812,0.6,0.6700692560047659,-0.3475283502195563,-0.052698036165786666,0.6562139601390459
Quadratic · c = 0.6,-0.16376410412220166,-0.5657893121836067,0.6,0.6515420098319535,-0.6731679287507917,-0.11453197943679694,0.94167294394837
Quadratic · c = 0.6,-0.4275643645921248,-2.8752238076476146,0.6,-2.0720084806867947,-2.8577535453899015,-2.8427720048431397,0.400363302624934
Quadratic · c = 0.6,2.634740754415,-1.6979796601154415,0.6,-3.799091355957944,-1.541219960249773,1.6075625295562697,0.44545554704893586
Quadratic · c = 0.6,0.5559120312994426,1.4416402291803245,0.6,1.5709896265671046,1.175959503421545,2.8730865359541187,1.0460785778390664
Quadratic · c = 0.6,-0.46380044135143456,-3.164925970319958,0.6,-2.279907725609805,-2.9356418481758784,-2.8754948317741693,0.3579405694838913
Quadratic · c = 0.6,0.4654967741662798,-1.1494730244235583,0.6,-0.928369887322136,-1.2777207415598155,-0.06123777353434996,0.7829169111315726
Quadratic · c = 0.6,-1.0108689178563175,-0.5995800844346457,0.6,0.9406506218249426,-0.595224148708852,-1.0479298411537974,0.5415845390444246
Quadratic · c = 0.6,1.504506718589227,2.6154328009373478,0.6,1.4051345063622598,2.783700423585036,4.707773446044171,0.27275355261817946
Quadratic · c = 0.6,-0.6610690958071401,1.1529056482445534,0.6,2.341254684126358,1.0688565633200884,1.1456054888924285,0.6745735231893049
Quadratic · c = 0.6,0.5010854326224657,-0.8357557905796493,0.6,-0.870904673946286,-1.1740321243507559,0.3263991125240578,0.9017793436396417
Quadratic · c = 0.6,1.0659776297431345,1.9567705456733266,0.6,1.5686583656237152,1.9268257719716817,3.45056274413796,0.5827847829091559
Quadratic · c = 0.6,0.3847685442049928,-1.1107737307516794,0.6,-0.8822019438232794,-1.3304535859987177,-0.2800897760498355,0.7493077260621602
Quadratic · c = 0.6,0.09446999181963821,1.5136497056010083,0.6,1.9065750233057461,1.6402405662347417,2.153728054855109,0.38991097284568577
Quadratic · c = 0.6,0.010802084856015158,-2.0383158688845233,0.6,-1.5162979155070073,-1.7451119915728364,-1.374644409450201,0.29964082909423206
Quadratic · c = 0.6,-0.056441096887107134,1.6098867476837357,0.6,2.317177021142067,1.5544316359024195,2.063989900651112,0.63615182499417
Quadratic · c = 0.6,-0.5766984889275022,-0.6092004682064784,0.6,0.23953705471845116,-0.4638893884179447,-0.5186525012705238,0.32433166514190837
Quadratic · c = 0.6,-0.44948342976970423,-1.5427563614119046,0.6,-0.5201478306242125,-1.563340366687343,-1.2818181518424505,0.6623573754540115
Quadratic · c = 0.6,1.479590373650935,-0.3257154196144711,0.6,-1.4385123042273842,-0.4141976193475419,1.5834295246025842,0.4866562295351419
Quadratic · c = 0.6,-0.10853663268515668,0.4160162695803223,0.6,1.3902792946384908,0.5473645993583174,0.577075740724861,0.4363129183233585
Quadratic · c = 0.6,-0.7857962693827731,-0.7421226457885682,0.6,0.41660937959820854,-0.7619744967921912,-0.9987849469822052,0.47088671310019287
Quadratic · c = 0.6,-0.5162975968615086,0.8309302589929857,0.6,1.748570524642961,1.122644594640559,0.961513649228864,0.23239749229535356
Quadratic · c = 0.6,1.100370680697223,-0.8744908254961012,0.6,-1.3036390577638606,-0.9782930678809333,0.9342209772778222,0.793584027637914
Quadratic · c = 0.6,0.6756066331644784,0.9305585908970369,0.6,0.7978870435852566,0.888057114840912,2.2978155180353044,0.6597941659693685
Quadratic · c = 0.6,0.5603291782322569,0.6633330930548993,0.6,0.45865428006359743,0.9028872720325467,1.8510206534957379,0.251950194747121
Quadratic · c = 0.6,-0.25752119890979147,-0.09138458206190254,0.6,0.9582782481649526,-0.2526975455547253,0.11261945042407703,0.78814639484924
Quadratic · c = 0.6,0.5733624701729451,-0.6620734685489247,0.6,-0.8097209719618417,-0.6245288176491989,0.5211864969117572,0.48026158012415665
Quadratic · c = 0.6,-0.643561124950648,0.22731119364789926,0.6,1.40121054571387,0.07520081471510734,-0.006239371762375101,0.6222847722606402
Quadratic · c = 0.6,-0.25961403134577454,0.8253806145505489,0.6,1.6777220608257253,0.7555425976122588,1.062925534351035,0.6147811999761214
Quadratic · c = 0.6,0.9698044873917454,3.0926987290974126,0.6,2.9549576646254088,3.0803498773685027,4.853009656578196,0.8236337832333
Quadratic · c = 0.6,0.8742776789190644,1.4091306326972715,0.6,1.0548651263758027,1.44584707526707,2.875086909177886,0.5191289425097743
Quadratic · c = 0.6,-0.9819098459508032,1.463984924723762,0.6,2.791251424246847,1.6782356706633488,1.0618020377180963,0.24829106031912285
Quadratic · c = 0.6,-0.8555264529085758,4.632768292290425,0.6,6.200257478143945,4.519963983921191,4.352515182144884,0.7564223462232231
Quadratic · c = 0.6,0.10870215281340967,0.7739377151517661,0.6,1.1352077083498533,0.9593374875662751,1.5293512700827772,0.3729420016500401
Quadratic · c = 0.6,1.7261323746695099,0.7269652669675535,0.6,-0.3441090786998232,0.9306928890333003,3.226548836171917,0.5105269897027466
Quadratic · c = 0.6,-1.9155651644689942,1.056022611482481,0.6,3.6863891563719178,0.8427635094268617,-0.3638944209140156,0.8184838583020895
Quadratic · c = 0.6,0.27833293957050426,-1.5134489663823798,0.6,-1.3423651263545868,-1.40431891233851,-0.6095182355493678,0.4283772313865327
Quadratic · c = 0.6,-1.3760433315731482,-0.6658524546281342,0.6,1.1016140119004247,-0.6941640865798184,-1.6660126365590993,0.41196477425048117
Quadratic · c = 0.6,-0.6343309935255456,-0.759253900038501,0.6,0.46710362027658053,-1.0075597756365786,-0.7142607695563545,0.8839812009966916
Quadratic · c = 0.6,-0.3644284180642414,0.9714209658293426,0.6,1.9925437777986952,1.2576132398313749,1.3341735411897024,0.40574541966282407
Quadratic · c = 0.6,-0.4205083434368909,-0.261261843331798,0.6,0.6958093617317175,-0.13855132934062514,-0.2914197689104657,0.340746125751251
Quadratic · c = 0.6,-0.5337959396592085,0.20733513821145422,0.6,1.1967601873184999,0.2573065180227207,-0.05019825085994334,0.3159744502065576
Quadratic · c = 0.6,0.007207060376370152,1.6311819302226969,0.6,2.2184007521062443,1.4781424364049338,2.2535850488720564,0.7578504640842165
Quadratic · c = 0.6,-0.5352555666305784,1.2947261080562082,0.6,2.268321220979697,1.3583633286744865,1.3623696549757383,0.45698210930323113
Quadratic · c = 0.6,-1.4624573848541527,-0.24258150456187055,0.6,2.029930767824482,-0.24157132444662724,-1.220335310160243,0.6463690532787467
Quadratic · c = 0.6,0.7798696125227764,-1.0049926453173337,0.6,-1.2218951362142025,-1.2066281048698433,0.4357975554112587,0.8135793144683714
Quadratic · c = 0.6,0.7528721671488805,1.702912097479783,0.6,1.6385174672781933,2.0732915029837056,2.962508866038003,0.22722166367439245
Quadratic · c = 0.6,0.843174310022669,1.1608367713647987,0.6,0.8774932752908523,1.0744729926990664,2.6358281365571514,0.6821877132249354
Quadratic · c = 0.6,-1.5407344962640819,-2.4093852274430736,0.6,-0.2113971510070497,-2.4173914541073502,-3.1871708361762003,0.7181074605157252
Quadratic · c = 0.6,0.29891815258415083,-0.4697309083624212,0.6,-0.2611959865097887,-0.3218048011788144,0.5099619222678919,0.446187769057866
Quadratic · c = 0.6,0.6759788558069234,0.2482731930251436,0.6,0.1704898492333782,0.2010326969115718,1.8882522126417725,0.8283383340260037
Quadratic · c = 0.6,-1.031202068439585,1.168244575681547,0.6,2.67689534650982,1.2129345522268091,0.624509646705642,0.4377679443809219
Quadratic · c = 0.6,0.009173248182129144,1.365152242409657,0.6,2.2238221065207235,1.4981761917295375,1.8725730087656145,0.5500213659136315
Quadratic · c = 0.6,-0.11626664531036575,0.42585900176321023,0.6,1.2190148960882603,0.46451335995469356,0.8320986421566338,0.5610434091677534
Quadratic · c = 0.6,1.8421506585682637,0.877871297038284,0.6,-0.25055472894575365,0.9362671057039456,3.3523767626894405,0.6146439111678978
Quadratic · c = 0.6,1.924496037012573,0.09620520356723045,0.6,-1.2345787901316918,0.16086337745717813,2.6551093898036724,0.5494019223788121
Quadratic · c = 0.6,-1.6643563933302008,-1.010777532270841,0.6,1.2624428610131124,-1.1069299196689755,-1.8210689894866678,0.8276168554321978
Quadratic · c = 0.6,2.4939270057279894,-0.391896586561881,0.6,-2.4433865837921522,-0.32775115372991925,2.6539943078208936,0.43305501574428995
Quadratic · c = 0.6,-0.9152257211533239,0.028486779960162408,0.6,1.8076445915308812,-0.10703560062341369,-0.39702843045721137,0.8123436811602486
Quadratic · c = 0.6,0.9806732943274258,-0.05201887502788481,0.6,-0.5781648788445845,-0.0034991173852932725,1.3226968203642446,0.3757650881451234
Quadratic · c = 0.6,0.9704979808637308,-2.8283593566652057,0.6,-3.270636611742601,-3.1512142300933483,-1.2217981726822613,0.9049968378809172
Quadratic · c = 0.6,-0.9956902268418067,-0.5962250023941469,0.6,0.9244329956342204,-0.8194335139839248,-0.8290738187898448,0.8671131024061127
Quadratic · c = 0.6,0.493267793839099,0.08430847963372778,0.6,-0.005109348963112159,0.20385003313796007,1.0724201498746562,0.3298053673178119
Quadratic · c = 0.6,-0.10753374426606396,-0.4220549878585515,0.6,0.5257144630918262,-0.30962240701962956,-0.08079591275571968,0.5320816821876828
Quadratic · c = 0.6,0.5543300046323907,-0.3702356932673786,0.6,-0.4621280807313153,-0.2794069124837321,0.7447375917584871,0.420711667997318
Quadratic · c = 0.6,0.2306723023806257,0.7319870562068811,0.6,1.0759133777730507,0.9228228854726958,1.4503560275820133,0.3403118172048364
Quadratic · c = 0.6,1.196339485370247,-1.6184357805729508,0.6,-2.2010812001168794,-1.4752416115251048,0.2992713280551361,0.5243366754942331
Quadratic · c = 0.6,0.07539954314606226,-2.4420633209268168,0.6,-1.94140476420098,-2.4853992030547154,-2.027486097158894,0.5009537723747783
Quadratic · c = 0.6,-0.16787406942631122,-0.5222546862550123,0.6,0.0871826342715196,-0.4745008022688022,-0.11081108402265893,0.46268657739323255
Quadratic · c = 0.6,1.0960642330571804,1.1461716082526845,0.6,0.661346436980438,1.3020596496977936,2.6641373749505237,0.36068225626768724
Quadratic · c = 0.6,0.5803959648586033,2.531329559229958,0.6,2.515506549036457,2.5596362037416407,3.606101533452384,0.5011678375027797
Quadratic · c = 0.6,0.7318133943208879,1.17319235864211,0.6,1.2561005314103346,1.309480378884082,2.548525752026311,0.5928327628342407
Quadratic · c = 0.6,-0.6645866722585968,-2.202395639803271,0.6,-0.6686742006453863,-2.427229931744792,-2.2681412542277197,0.9588222043082391
Quadratic · c = 0.6,-1.045262781398474,-0.34855085906515676,0.6,1.3516624676734266,-0.4857341160842451,-0.7487064591909716,0.7872121203254726
Quadratic · c = 0.6,-0.5677221432527015,0.3849515716222941,0.6,1.386686340806814,0.48853516936343205,0.5759046435889286,0.4927603228344392
Quadratic · c = 0.6,-0.6208213856805886,0.2663866753853883,0.6,1.5280580712352263,-0.011532996874353552,0.10054626152989446,0.8258351632569139
Quadratic · c = 0.6,0.7861992686529143,0.808956829414311,0.6,0.7074640612433708,0.8121366259411659,1.7910557054133522,0.4371232573871956
Quadratic · c = 0.6,0.9759840502940518,-1.375573419691141,0.6,-1.5651329124049564,-1.3550749437530663,0.0775494310029039,0.61128320305204
Quadratic · c = 0.6,-0.15513028953240038,0.09741463132611392,0.6,1.001788260493514,-0.004216370609920916,0.43901652415308134,0.7246187629332186
Quadratic · c = 0.6,1.4309190188243524,0.6304842446641935,0.6,-0.14668187650805345,0.8976400135505377,2.904941340184479,0.48148971828767506
Quadratic · c = 0.6,1.3684693937651298,1.238506429955489,0.6,0.5239937610259753,1.307864278783037,3.325700663533343,0.6169829334966219
Quadratic · c = 0.6,0.24339891640053923,-1.208577249919188,0.6,-1.0405237176251296,-1.1119549993463906,-0.475289353740178,0.3540484636637369
Quadratic · c = 0.6,-0.82189177154304,-0.517735300864347,0.6,0.9519281806981801,-0.5518554450054476,-0.6644458233402549,0.6955966236844102
Quadratic · c = 0.6,1.5753766494355401,-4.05572652011001,0.6,-5.0133876497945815,-4.516681060733205,-1.8535161139186926,1.083229178876568
Quadratic · c = 0.6,-0.06101735102840823,-0.9321929513666612,0.6,-0.17485265749336365,-0.8653036991158932,-0.4085981943263564,0.5735782732060332
Quadratic · c = 0.6,0.1261651964309746,-0.7866223394565646,0.6,-0.06646328209797825,-0.7399163700883155,0.005193852003375923,0.7092816550410143
Quadratic · c = 0.6,-0.33960502560656863,-1.5293767622511645,0.6,-0.4330979525370106,-1.4749878122966746,-1.4036844508698634,0.5565966105932376
Quadratic · c = 0.6,-0.8897903262971976,0.24841822534897753,0.6,1.3724579395792318,0.17685009004626534,0.0727697279339474,0.5457637437103242
Quadratic · c = 0.6,-1.4686394303152919,-0.08391814806790235,0.6,1.9317568325347185,0.03625860777435708,-0.9302483519951532,0.4644956324954256
Quadratic · c = 0.6,0.6328683235572881,-3.388820816366417,0.6,-3.228479229384377,-3.4331033224345164,-2.085810268823976,0.7759585733303398
Quadratic · c = 0.6,-0.7834010538966204,0.3232619539526347,0.6,1.782545767529559,0.5485022348473136,-0.1161346958941274,0.2847033009704022
Quadratic · c = 0.6,3.0595312289968235,-1.392486196183541,0.6,-3.9207786663633377,-1.2652087803752656,2.4989295047800795,0.5542841995836365
Quadratic · c = 0.6,-1.086073582612479,0.7285334387857727,0.6,2.450617748294564,0.6846278141225497,0.3560276114744604,0.7186948657619625
Quadratic · c = 0.6,-1.25738247498137,-1.922776871592998,0.6,0.06491100467312438,-1.9767261233930942,-2.530613249747736,0.7438750008557884
Quadratic · c = 0.6,0.5101387156134412,0.04500980779641018,0.6,0.3119501815447644,0.3285786567875779,1.266539267295145,0.46066606763237683
Quadratic · c = 0.6,1.5293134789672953,-0.4247449933297589,0.6,-1.347437637797215,-0.4328562697354451,1.78817796921658,0.6532264354451276
Quadratic · c = 0.6,0.06458965694322165,0.4546528274254955,0.6,0.9727122441103563,0.48309890227885377,0.9605610446890858,0.4835377421208672
Quadratic · c = 0.6,0.5722424201872743,0.18704591647702026,0.6,0.40936207576341976,0.016018207404718487,1.2944715725963427,0.8358986167751628
Quadratic · c = 0.6,-1.8435474174587096,-0.3827462625321817,0.6,2.0754401440543004,-0.08409823054888588,-1.6896961277187403,0.27697023871666593
Quadratic · c = 0.6,-0.6775115456917667,-2.304408471066367,0.6,-1.1267992974686594,-2.387031008666436,-2.1330854416164367,0.757088639123888
Quadratic · c = 0.6,-1.073615729137567,-2.2158119451915472,0.6,-0.9640482650798834,-2.3662226470138354,-2.2797343679551814,0.7443313304963031
Quadratic · c = 0.6,-1.895045849947881,-0.8758304086383285,0.6,1.707847752333298,-1.0417281510392116,-2.1771639559124254,0.8070700492496479
Quadratic · c = 0.6,0.11698023402388695,-0.012419825894380454,0.6,0.4807181249919118,0.11449896099146042,0.9804857085528911,0.616102955780941
Quadratic · c = 0.6,-2.2428276216104335,-0.9123719207986756,0.6,1.98873845300364,-0.9933401662506197,-2.4371368760943786,0.7691409547052505
Quadratic · c = 0.6,-1.3221959660874487,0.9378178958691983,0.6,2.755275957427218,0.7828172714708439,-0.048364401011717184,0.5706385067369066
Quadratic · c = 0.6,-0.537193794013418,-0.4188313788175255,0.6,0.4835931560208324,-0.5532981522361663,-0.5326936379860743,0.5287479112535454
Quadratic · c = 0.6,-0.8312858359510763,-1.4475190871692654,0.6,0.03075222788801852,-1.6274293610428707,-2.150354868424053,0.5676280407748533
Quadratic · c = 0.6,0.3964085022070677,-0.41714443948186397,0.6,-0.3701397078773515,-0.48792338664007684,0.4884466395444089,0.5470768524736056
Quadratic · c = 0.6,0.30558019190248,0.33878975447482856,0.6,0.8611382644687262,0.24675837058145605,1.376508465857188,0.8720649945815011
Quadratic · c = 0.6,0.8937987459354568,0.4873270782368766,0.6,0.19068094234929048,0.4809813693859868,1.8558187808451279,0.5422684922112224
Quadratic · c = 0.6,0.7523837327126781,2.817568697989694,0.6,2.656367567539901,2.7028042789550817,4.195456077840557,0.7231075437351473
Quadratic · c = 0.6,1.1408127893613809,-1.003364010005129,0.6,-1.579614244260063,-1.1450581999838692,0.886232930311341,0.7983675430095082
Quadratic · c = 0.6,-0.0019184000090541567,-0.11021799238560057,0.6,0.5557264796266673,-0.17742740250693778,0.5096875646606418,0.7101344246505923
Quadratic · c = 0.6,0.3034669008166697,0.6391859202291396,0.6,0.9231456411871752,0.5090472796396485,1.5532272553989839,0.7291391686534311
Quadratic · c = 0.6,0.5115137019191913,-0.03513443880122298,0.6,-0.03979990394152054,-0.17687451414423788,0.8329641635779895,0.5734566439624724
Quadratic · c = 0.6,0.1416566973910257,-0.7509272189829798,0.6,-0.3463750194048001,-0.6658816200454213,-0.11346942459878302,0.4359593980436297
Quadratic · c = 0.6,-0.3971943099170739,-2.3238857645163655,0.6,-0.9485851507755965,-2.1910329164684557,-1.9254305545343677,0.7540250638134736
Quadratic · c = 0.6,-0.3324425343397702,-0.7662518385795234,0.6,0.2854771475713106,-0.48832209233873747,-0.6167446704401751,0.3226883309043052
Quadratic · c = 0.6,-0.8175583983299655,-1.6105536190767014,0.6,-0.5771058285955291,-1.6774724603296338,-1.744379231074536,0.5167299304946011
Quadratic · c = 0.6,0.4216168299098296,-2.5899100216856676,0.6,-2.3887993058333,-2.5485891300405,-1.3701566913753571,0.6691111314361713
Quadratic · c = 0.6,-0.09401517408515554,-1.1935182625058798,0.6,-0.4421944522513493,-1.0736813233672267,-0.8284678478689492,0.4383501733070774
Quadratic · c = 0.6,-0.6631737506367649,-1.5706375811496818,0.6,-0.47177288389532246,-1.3285204926960086,-1.6186761015143862,0.2832959999911542
Quadratic · c = 0.6,-0.6622448193245927,0.8756798179394223,0.6,2.0444402597470948,0.7824706439073545,0.716066530369091,0.5977827511507383
Quadratic · c = 0.6,-1.2103987277827886,0.9016377561214406,0.6,2.6056926307473534,0.7091655857308916,0.06617596800557574,0.6267687136455729
Quadratic · c = 0.6,0.9788413412371997,-1.3558189343713123,0.6,-1.7639109322566748,-1.4447578149193723,0.3890962996823817,0.7573504986322257
Quadratic · c = 0.6,0.07861766953178756,-0.39034294584468165,0.6,0.17500088261356825,-0.35054529383298416,0.1768066625539383,0.5264490664167374
Quadratic · c = 0.6,-0.8628000195732701,-2.7873639931688032,0.6,-1.3427182359625294,-2.733213827624087,-2.942734651785172,0.5904873837502365
Quadratic · c = 0.6,0.8085477496020183,-0.7415099252740411,0.6,-0.9641414488538141,-0.5796413583754098,0.6682362206641685,0.43168874428058696
Quadratic · c = 0.6,-0.560448809794373,0.5984728510535184,0.6,1.8778487286255434,0.5249950197651458,0.36613578627384924,0.5969972376845505
Quadratic · c = 0.6,-1.4065006270122327,1.2374068344211542,0.6,3.2841613096361657,1.3462054438931481,0.517208307180057,0.5544793645149633
Quadratic · c = 0.6,1.021222289219133,-1.0695706225369708,0.6,-1.427464912540488,-1.121858667430219,0.4306397289653233,0.6234460756426365
Quadratic · c = 0.6,-0.5370969895661131,1.5777822907912795,0.6,2.7976385207139596,1.6417494032210207,1.5565504375985926,0.5353450759352552
Quadratic · c = 0.6,-0.4088990902087895,-2.2735378822702073,0.6,-1.0982251636826095,-2.4059677094523475,-2.169965479297653,0.7718723879622162
Quadratic · c = 0.6,0.04118002034917748,-1.8714416987156888,0.6,-1.0671579372136166,-1.7411544080556018,-1.2839630742501649,0.5655939023237111
Quadratic · c = 0.6,1.1425892227901149,1.0644927984568144,0.6,0.5650106821132321,1.0877116351353902,2.3952399415003227,0.39241367667138727
Quadratic · c = 0.6,0.020037290866311695,2.5066818428448707,0.6,2.9506734595575517,2.4990548502784784,3.0732274122272867,0.5128955856139408
Quadratic · c = 0.6,-1.1991171261452302,0.740147982275543,0.6,2.576330493145336,0.909570329217731,0.09280048843222363,0.4249951615710489
Quadratic · c = 0.6,0.5438770041121802,-0.06051357980101864,0.6,-0.16303880333162862,-0.01178583102436185,1.0343699242759912,0.44745139149654317
Quadratic · c = 0.6,-0.48498972426172404,-3.292775619783313,0.6,-2.231195420644874,-3.3365416776562746,-2.841489674043389,0.8001991303121434
Quadratic · c = 0.6,1.8879239715294662,-3.033670584065219,0.6,-4.657700194744378,-3.0919206695351162,-0.5462999663830118,0.4899205889714211
Quadratic · c = 0.6,-0.0011197219978901704,0.19411430534380342,0.6,0.6780626534992767,0.32908818016304586,0.9149832351538592,0.46743476416352214
Quadratic · c = 0.6,-2.235035497898666,-0.5370940043567618,0.6,2.2907783007686233,-0.5776950676583159,-2.188923027390175,0.6286227043475401
Quadratic · c = 0.6,0.357364972155674,-1.6587527732281768,0.6,-1.4318357434310225,-1.6705087274470412,-0.7295876663000228,0.5897970225815186
Quadratic · c = 0.6,1.9445977922602284,0.09829887124507608,0.6,-1.2084315238262935,0.21128068096925584,2.4583576413655184,0.4136823778003566
Quadratic · c = 0.6,1.5759202885453896,0.17269705126171436,0.6,-0.9608228221686477,-0.08958065316081415,2.4785769498607437,0.8484577170068621
Quadratic · c = 0.6,1.8309542887565653,1.4166238028104088,0.6,0.22321800803241293,1.4924139302003243,3.6331533558124542,0.43577175172210936
Quadratic · c = 0.6,-1.0197601853814635,0.20490342451905116,0.6,2.0924058283325353,0.11357578829724752,-0.18962588979572395,0.8378141809711581
Quadratic · c = 0.6,0.9121523959767788,1.8425915525015768,0.6,1.6585968556265538,1.694544589132166,3.272795294701456,0.7711514860318391
Quadratic · c = 0.6,-0.7219945397367117,0.011991044323220044,0.6,1.3608613502500628,0.44061200564292596,-0.064834783985688,0.20740127748926146
Quadratic · c = 0.6,0.2242893994169245,-0.17300249221100417,0.6,0.44366228096667903,0.007848479567789168,0.7064884126800981,0.5672268672555993
Quadratic · c = 0.6,-1.2729524287397325,1.5964682793707734,0.6,3.321041342365904,1.7554313209935086,0.6987992993838339,0.2544889998813604
Quadratic · c = 0.6,-0.6444557648827163,-1.4676613200621518,0.6,0.016925713372128254,-1.4376605238294136,-1.9096506170395944,0.49129807199568054
Quadratic · c = 0.6,-0.6762466973636153,4.221671179899242,0.6,5.446841963008081,4.319763353037683,4.1098709015796615,0.45859307925618875
Quadratic · c = 0.6,0.8985552801426162,0.5628862172501037,0.6,0.37158180875652347,0.43538259209325936,1.8655441414745786,0.6831803830222917
Quadratic · c = 0.6,0.8007191216696554,0.5712438792565097,0.6,0.3598079471297134,0.5759787293499968,1.919705348266817,0.5637779183482684
Quadratic · c = 0.6,0.2768197293308208,0.7876439609588963,0.6,1.2949179036244043,0.6601128546880377,1.7114385313895695,0.8430653628189491
Quadratic · c = 0.6,-1.3504214180553855,2.8157047129974635,0.6,4.776321626727392,2.582197320177051,1.867428767391801,0.7396778768825456
Quadratic · c = 0.6,-0.31163943394972,1.18876111750891,0.6,2.102187203895925,1.4859411173119546,1.5640121553440116,0.34715856230801356
Quadratic · c = 0.6,-0.746116482942726,-2.4075839685058855,0.6,-1.3203127093348543,-2.8741571782737863,-2.4437424124979543,0.9921296173573819
Quadratic · c = 0.6,0.869675756694491,2.1052055771512563,0.6,1.8210977980175356,2.276395472577812,3.4427736457390314,0.3555402493004718
Quadratic · c = 0.6,1.1781848528171845,-0.511344869167526,0.6,-1.0369978473059316,-0.3844188497133466,1.1997204379186863,0.465780145019724
Quadratic · c = 0.6,1.056385586030883,0.1607326092589852,0.6,-0.35956581230655776,0.16452203392374376,1.8985196472739174,0.6049548835599361
Quadratic · c = 0.6,-0.7552194194170205,-1.9188809582628998,0.6,-0.565811639522666,-1.7727815075989768,-2.143390656069975,0.41818035980265633
Quadratic · c = 0.6,-2.739533122289479,0.7893030271858434,0.6,3.929576868655856,1.0858493324028204,-1.440925155585003,0.15847652413260604
Quadratic · c = 0.6,-1.7669618981300543,-0.9770614351013283,0.6,1.304634150471064,-0.9869319332621559,-2.1339461667832853,0.5722759251060452
Quadratic · c = 0.6,1.4216269780822084,0.15025445699021062,0.6,-0.7293750674652402,0.14763937244785927,2.1659171003581927,0.570631643998617
Quadratic · c = 0.6,-0.4012549393198239,-0.42614850804117443,0.6,0.6013293303317705,-0.7797716268892718,0.054727998690179025,1.1078002914002467
Quadratic · c = 0.6,-0.7507246182651125,2.887519202603778,0.6,4.216150573838706,2.9746125955208256,2.530079383108562,0.39850238295280827
Quadratic · c = 0.6,1.642660293436234,2.9733904502183846,0.6,1.860080117594763,2.8725430702703223,5.4365093083308995,0.7757516426925091
Quadratic · c = 0.6,1.2651599454883269,0.06976975532211208,0.6,-0.6832622311915971,0.18348175336312578,1.8373666329094596,0.3935704474958054
Quadratic · c = 0.6,0.02444872191978665,0.09596656705328212,0.6,0.6036250041854039,0.05913404227317923,0.9129920579974637,0.6991744888182546
Quadratic · c = 0.6,-0.2934030910639739,-0.5601644495242726,0.6,0.04976074268518349,-0.7575139828154375,-0.545663315441719,0.5095626964371698
Quadratic · c = 0.6,-0.13210121281312523,1.6590094372541793,0.6,2.2279853321030867,1.5372694295753633,1.8847360363274956,0.519091254639928
Quadratic · c = 0.6,0.22716279838746606,-0.49337980550006577,0.6,-0.23066476587973214,-0.795586977640078,0.18108468432224809,0.770796936861336
Quadratic · c = 0.6,1.600047281319608,-0.6320059119685489,0.6,-1.451990133301627,-0.5714677014263835,1.5961615201769384,0.6435533948640392
Quadratic · c = 0.6,0.4224674242372267,1.4678892954974467,0.6,1.495005087818353,1.2374765516407382,2.319483308404531,0.6697676464707039
Quadratic · c = 0.6,0.7260290330391413,-0.8074486429749741,0.6,-0.9399591500485176,-0.6772221260159739,0.6539355026344653,0.5342103023089477
Quadratic · c = 0.6,1.1692701090701714,-0.05663255167279587,0.6,-0.5313108063704673,-0.1672660812829875,1.7163200322579735,0.7597706942267405
Quadratic · c = 0.6,-1.169676001024419,-2.371966172266489,0.6,-0.6504915507476571,-2.402144636790702,-2.6360729887469363,0.7588623670434052
Quadratic · c = 0.6,0.7548618924740429,1.0562855176847503,0.6,0.6371235896601655,1.0210839952964113,2.5929097462382167,0.5939326726527798
Quadratic · c = 0.6,-0.29456875466161137,2.911300408772803,0.6,3.5859854391793835,2.8147382949828654,3.137375879476046,0.5469423643448494
Quadratic · c = 0.6,-2.516095195772766,1.081838059199688,0.6,4.1644397966643565,0.8424444852587554,-0.7449642275223722,0.8672932993122369
Quadratic · c = 0.6,-2.128169541985812,2.1926987513209575,0.6,5.020811385683741,2.2689550500736497,0.5339731581914833,0.5084372218639626
Quadratic · c = 0.6,-1.0181176115186856,-1.2691532042659963,0.6,0.3619410258707836,-1.4040692402013595,-1.7371603149004087,0.7164595956865469
Quadratic · c = 0.6,0.5312232285925814,0.35448642304230105,0.6,0.7462833835253513,0.3688407296817394,1.3075806652368065,0.6580912946993395
Quadratic · c = 0.6,0.11379956534029644,-1.4147398865540843,0.6,-0.9014891507947936,-1.6175092754635807,-0.8807918800910398,0.726368760020664
Quadratic · c = 0.6,0.184366707175664,-0.34164831837201426,0.6,-0.08218349593999696,-0.4082947362013668,0.5832637381420299,0.6588348573023832
Quadratic · c = 0.6,1.950943482686692,1.1583172160287574,0.6,-0.10586653695540883,1.2367665152658567,3.544422013876868,0.48251122319487294
Quadratic · c = 0.6,-1.2690896148598123,0.15273091965494795,0.6,1.9406233811994131,0.1935310856874262,-0.6106066930131263,0.4714772584057172
Quadratic · c = 0.6,-0.027433354183723595,-2.1189615339018326,0.6,-1.5332831457632738,-2.05275773002234,-1.5987107902657514,0.48676076200782736
Quadratic · c = 0.6,0.3044355228138156,-1.97254365830663,0.6,-1.6430702427551418,-1.7336343899036948,-1.0938869553408639,0.36515579085569194
Quadratic · c = 0.6,-0.7362731165383355,-2.071745897236161,0.6,-0.5585721092399444,-1.9878403871400572,-2.4281053127975114,0.4945016761213292
Quadratic · c = 0.6,0.028326745082940964,0.7371788849093854,0.6,1.143531585436916,0.6121395024489009,1.237280392452409,0.5782664864957614
Quadratic · c = 0.6,-1.599949334084345,3.095841803485002,0.6,5.282247675653324,3.1880384106972754,2.2841662319063656,0.5951685430825697
Quadratic · c = 0.6,1.4099062172750279,2.043687366000319,0.6,1.2800074120340534,1.9768354325923376,3.741257396730865,0.5337969717901216
Quadratic · c = 0.6,-0.6816145525304338,-2.8439777987190964,0.6,-1.5517748098760615,-2.8401122696648478,-2.8981530382186866,0.6151483456174738
Quadratic · c = 0.6,2.031400164778503,2.131613907104676,0.6,1.016149786981673,2.3177033890336367,4.880773209620677,0.6307581092675383
Quadratic · c = 0.6,-0.03247432391745505,1.4046006255219707,0.6,1.8927633799286858,1.3276514131424593,1.9578996105652404,0.5976800821045039
Quadratic · c = 0.6,1.0280535653991831,-2.3179499182931367,0.6,-2.8623145522938724,-2.242880239545369,-0.6363600255115979,0.49354295064263365
Quadratic · c = 0.6,-0.05330286899115438,-0.45480242506574625,0.6,0.035254274967204235,-0.2752799187013276,0.10724125601442838,0.3465276841921439
Quadratic · c = 0.6,-0.03074383226052982,1.6432836172437142,0.6,2.014666777492906,1.6355821884919688,2.25472075337162,0.49911157694029407
Quadratic · c = 0.6,-0.5840293332220078,0.825650266402178,0.6,2.1555984538395467,0.7750288059331856,0.9658116732972513,0.7856762576352134
Quadratic · c = 0.6,0.11912392936627762,-1.9636425785819784,0.6,-1.4546952099327237,-2.1609007699376153,-1.456793665238078,0.7051563323522143
Quadratic · c = 0.6,0.31799869441404743,0.9161132336942912,0.6,1.3664985198026462,1.0955108604515567,1.8825483126690472,0.52901255578429
Quadratic · c = 0.6,-0.7842585089151799,-3.2062508941208816,0.6,-1.5976363770286972,-3.0477594167646407,-3.2879650936141034,0.6049586814432404
Quadratic · c = 0.6,-0.1250444158598842,-0.33423326363581707,0.6,0.25411442891401637,-0.07451895098096556,0.22116753533553962,0.3121599331057435
Quadratic · c = 0.6,-0.6100988660571137,1.7069351541000732,0.6,2.859158203965444,1.6066946533042785,1.735353855270038,0.6905613763134626
Quadratic · c = 0.6,2.2996640696148387,0.027591323356979752,0.6,-1.9227316089836273,0.13254231465990912,2.7842197707677143,0.2982017662321344
Quadratic · c = 0.6,-0.08973076991161853,-0.7484063249429188,0.6,-0.003084338707657279,-0.8266493755466428,-0.27779990176324293,0.6862072553111926
Quadratic · c = 0.6,1.5452321516965593,1.3340193806585239,0.6,0.2752507480472049,1.3098349659814037,3.762658464257686,0.7091196401710418
Quadratic · c = 0.6,-0.19562233080768832,1.4621277226298721,0.6,2.4655089974948563,1.5152995658791906,1.862711251987441,0.6488105588619579
Quadratic · c = 0.6,0.25928764153490796,1.9650595393004253,0.6,2.43240207636945,2.1345550984165587,2.699874423504204,0.4315831515202686
Quadratic · c = 0.6,-1.3213640716452693,1.311513642669581,0.6,3.2212618841700205,1.038219908234369,0.758614887563446,0.9517184776323642
Quadratic · c = 0.6,-0.44707259186786463,1.6220621909057198,0.6,2.9788884214287132,1.6340745845991826,1.4562380803024026,0.5834886662663752
Quadratic · c = 0.6,0.21053467078924676,1.099362836156302,0.6,1.5801617428536097,0.9637494612339399,1.8103950906958797,0.7315289555408047
Quadratic · c = 0.6,1.5860038309598667,0.39829297367470795,0.6,-0.49372439881650837,0.4364760925016166,2.5110804883337843,0.5722019522570212
Quadratic · c = 0.6,0.22198277767627117,0.13426349964572112,0.6,0.41483987707920034,0.15313890792884605,0.8948264444451371,0.5016942528333226
Quadratic · c = 0.6,1.3837203611929991,-0.35588957864610304,0.6,-1.3059955098795533,-0.40577405586785703,1.6787696760351736,0.5921611389456671
Quadratic · c = 0.6,0.6407291102029202,-1.8185524395895887,0.6,-1.885997069815454,-2.0305787293268165,-0.42946363618033756,0.8728483763289208
Quadratic · c = 0.6,1.6274013394646858,-1.4329672632297132,0.6,-2.871190318235899,-1.4999220364839785,0.7014043080518851,0.41502903139197156
Quadratic · c = 0.6,-0.059042217305055426,-0.4230217229028145,0.6,0.25824732608295314,-0.33877245173240417,0.28695078103128535,0.6113715052895234
Quadratic · c = 0.6,2.390222710651804,0.36217823940364396,0.6,-1.534905202250984,0.45016559000366624,3.3817737082376675,0.47326866298967557
Quadratic · c = 0.6,-0.485396202914123,2.161218897006395,0.6,2.9898841936430345,2.446299935321511,2.060006425006242,0.07864537400312743
Quadratic · c = 0.6,-0.766461834197669,-0.06269584181326879,0.6,1.3666905832308576,-0.004201850183606637,-0.18781215866157627,0.5936410624682473
Quadratic · c = 0.6,-1.2100528496890341,1.5052144363164959,0.6,3.241080753681289,1.6293023339875712,0.6611064655359974,0.3217912756210721
Quadratic · c = 0.6,2.3310246715580702,1.6189734846481811,0.6,-0.12192550521097757,1.5343922831653123,4.448403464896196,0.6288466966772968
Quadratic · c = 0.6,0.8194475726178976,-0.3471701965331865,0.6,-0.5023056010330523,-0.185548415125234,1.0207890118091811,0.4447901205132984
Quadratic · c = 0.6,-0.33412073338030845,0.8920353170552757,0.6,1.943258213924451,0.8994964168719655,1.0240047522892661,0.584135066234893
