training_scheme,variant,variant_label,family,timesteps,model_seed,observation,repeat,runtime_s,runtime_per_sample_ms,runtime_device,mean_error,covariance_error,posterior_width_ratio,theta_map_squared_error,observation_map_squared_error,sliced_wasserstein
uniform,sigma_uniform_dpm,"Sigma-space DPM-1, uniform t",DPM predictor,5,0,0,0,0.03414535999763757,0.04552714666351676,cuda,0.363369345664978,0.24706947803497314,0.9468446969985962,0.17299002408981323,1.2634457349777222,0.25453829765319824
uniform,sigma_uniform_dpm,"Sigma-space DPM-1, uniform t",DPM predictor,5,0,0,1,0.02443783008493483,0.03258377344657978,cuda,0.36472347378730774,0.2368447631597519,0.9553568363189697,0.2923641800880432,1.4687707424163818,0.25364211201667786
uniform,sigma_uniform_dpm,"Sigma-space DPM-1, uniform t",DPM predictor,10,0,0,0,0.05039634997956455,0.06719513330608606,cuda,0.30232590436935425,0.16885288059711456,0.9905637502670288,0.0834772139787674,1.0231013298034668,0.2097799926996231
uniform,sigma_uniform_dpm,"Sigma-space DPM-1, uniform t",DPM predictor,10,0,0,1,0.04858909291215241,0.06478545721620321,cuda,0.3087718188762665,0.1993720978498459,0.9800868034362793,0.08685226738452911,0.8169589638710022,0.21482984721660614
uniform,sigma_uniform_dpm,"Sigma-space DPM-1, uniform t",DPM predictor,20,0,0,0,0.10607702704146504,0.14143603605528673,cuda,0.3012818694114685,0.14168056845664978,0.9908523559570312,0.04038481041789055,0.8154950737953186,0.20419842004776
uniform,sigma_uniform_dpm,"Sigma-space DPM-1, uniform t",DPM predictor,20,0,0,1,0.09122826904058456,0.12163769205411275,cuda,0.2896876335144043,0.15512754023075104,1.0187513828277588,0.3017269968986511,0.6087018847465515,0.19462822377681732
uniform,sigma_uniform_dpm,"Sigma-space DPM-1, uniform t",DPM predictor,50,0,0,0,0.24060989602003247,0.3208131946933766,cuda,0.33100026845932007,0.13536807894706726,1.051898717880249,0.2773808240890503,0.8471947908401489,0.21975107491016388
uniform,sigma_uniform_dpm,"Sigma-space DPM-1, uniform t",DPM predictor,50,0,0,1,0.231206362019293,0.30827514935905737,cuda,0.3124697208404541,0.15228234231472015,1.0086947679519653,0.10346029698848724,0.8074443340301514,0.2118668258190155
uniform,sigma_uniform_dpm,"Sigma-space DPM-1, uniform t",DPM predictor,100,0,0,0,0.4620539579773322,0.6160719439697763,cuda,0.2980615794658661,0.0964796394109726,1.0119465589523315,0.11319592595100403,1.2094714641571045,0.20068836212158203
uniform,sigma_uniform_dpm,"Sigma-space DPM-1, uniform t",DPM predictor,100,0,0,1,0.5053033370058984,0.6737377826745311,cuda,0.30436256527900696,0.09579041600227356,1.0150055885314941,0.4715932309627533,0.8277978897094727,0.20379988849163055
uniform,sigma_log_dpm,"Sigma-space DPM-1, log sigma",DPM predictor,5,0,0,0,0.022205825080163777,0.029607766773551702,cuda,0.4433119297027588,0.28135237097740173,0.9626699090003967,0.18558022379875183,1.5422149896621704,0.3042515218257904
uniform,sigma_log_dpm,"Sigma-space DPM-1, log sigma",DPM predictor,5,0,0,1,0.025518595008179545,0.03402479334423939,cuda,0.4453808069229126,0.2714063823223114,0.9714388251304626,0.43147629499435425,1.5315569639205933,0.30433037877082825
uniform,sigma_log_dpm,"Sigma-space DPM-1, log sigma",DPM predictor,10,0,0,0,0.04593678191304207,0.061249042550722756,cuda,0.35830628871917725,0.18291537463665009,1.0037195682525635,0.10448402911424637,1.433429479598999,0.2443145513534546
uniform,sigma_log_dpm,"Sigma-space DPM-1, log sigma",DPM predictor,10,0,0,1,0.04545151500497013,0.060602020006626844,cuda,0.36684146523475647,0.21214550733566284,0.9923719763755798,0.106574647128582,1.2020000219345093,0.25009801983833313
uniform,sigma_log_dpm,"Sigma-space DPM-1, log sigma",DPM predictor,20,0,0,0,0.09133211895823479,0.12177615861097972,cuda,0.3462260365486145,0.14686012268066406,0.9966829419136047,0.061468303203582764,1.2328039407730103,0.2323218286037445
uniform,sigma_log_dpm,"Sigma-space DPM-1, log sigma",DPM predictor,20,0,0,1,0.09187246893998235,0.1224966252533098,cuda,0.33555757999420166,0.16114458441734314,1.0254406929016113,0.3237934410572052,1.0090097188949585,0.223141148686409
uniform,sigma_log_dpm,"Sigma-space DPM-1, log sigma",DPM predictor,50,0,0,0,0.2368280409136787,0.3157707212182383,cuda,0.3552614748477936,0.1395624577999115,1.0548888444900513,0.291912704706192,1.1119792461395264,0.23491275310516357
uniform,sigma_log_dpm,"Sigma-space DPM-1, log sigma",DPM predictor,50,0,0,1,0.2311114000622183,0.30814853341629106,cuda,0.33767563104629517,0.1556597352027893,1.0114954710006714,0.1166708767414093,1.057741403579712,0.22756890952587128
uniform,sigma_log_dpm,"Sigma-space DPM-1, log sigma",DPM predictor,100,0,0,0,0.4626127950614318,0.6168170600819091,cuda,0.3118523061275482,0.09815170615911484,1.013059377670288,0.12206058204174042,1.3767330646514893,0.20938515663146973
uniform,sigma_log_dpm,"Sigma-space DPM-1, log sigma",DPM predictor,100,0,0,1,0.46201688097789884,0.6160225079705318,cuda,0.3176238536834717,0.09783428907394409,1.0164798498153687,0.47917118668556213,0.9639536142349243,0.21201574802398682
uniform,dpm2_uniform,"DPM-2 + corrector, uniform t",Overall sampler,5,0,0,0,0.15845910995267332,0.2112788132702311,cuda,0.10605699568986893,0.16758523881435394,1.13419508934021,0.06630218029022217,0.17224925756454468,0.09364256262779236
uniform,dpm2_uniform,"DPM-2 + corrector, uniform t",Overall sampler,5,0,0,1,0.15740761789493263,0.20987682385991016,cuda,0.1268252283334732,0.1715313196182251,1.137702465057373,0.014314563944935799,0.11166746914386749,0.1064954623579979
uniform,dpm2_uniform,"DPM-2 + corrector, uniform t",Overall sampler,10,0,0,0,0.24399522005114704,0.32532696006819606,cuda,0.11771779507398605,0.204010009765625,1.1475244760513306,0.10380196571350098,0.09738925099372864,0.09632821381092072
uniform,dpm2_uniform,"DPM-2 + corrector, uniform t",Overall sampler,10,0,0,1,0.2311347998911515,0.30817973318820197,cuda,0.11688563972711563,0.10061250627040863,1.084184169769287,0.03828507661819458,0.05897990241646767,0.08387398719787598
uniform,dpm2_uniform,"DPM-2 + corrector, uniform t",Overall sampler,20,0,0,0,0.365354839945212,0.487139786593616,cuda,0.0556107759475708,0.13737253844738007,1.1049047708511353,0.012669643387198448,0.0036444603465497494,0.06227678060531616
uniform,dpm2_uniform,"DPM-2 + corrector, uniform t",Overall sampler,20,0,0,1,0.4341116159921512,0.578815487989535,cuda,0.03766142204403877,0.2547060549259186,1.1729916334152222,0.0417187325656414,0.007683610077947378,0.0791262611746788
uniform,dpm2_uniform,"DPM-2 + corrector, uniform t",Overall sampler,50,0,0,0,0.7860838449560106,1.0481117932746808,cuda,0.04892624914646149,0.18155764043331146,1.1257795095443726,0.33270180225372314,0.013981028459966183,0.06751884520053864
uniform,dpm2_uniform,"DPM-2 + corrector, uniform t",Overall sampler,50,0,0,1,0.793542025028728,1.0580560333716373,cuda,0.042530059814453125,0.20042796432971954,1.1372017860412598,0.5074915289878845,0.02137322723865509,0.07889100909233093
uniform,dpm2_uniform,"DPM-2 + corrector, uniform t",Overall sampler,100,0,0,0,1.586737289908342,2.1156497198777893,cuda,0.016124768182635307,0.1643242985010147,1.1147536039352417,0.0127566521987319,0.0009124920470640063,0.05906631052494049
uniform,dpm2_uniform,"DPM-2 + corrector, uniform t",Overall sampler,100,0,0,1,1.4854477670742199,1.9805970227656264,cuda,0.08671776950359344,0.20933637022972107,1.1434539556503296,0.2276756465435028,0.013565236702561378,0.07773607969284058
uniform,dpm2_log,"DPM-2 + corrector, log sigma",Overall sampler,5,0,0,0,0.16140090709086508,0.21520120945448676,cuda,0.10797060281038284,0.07132791727781296,1.0572149753570557,0.011298833414912224,0.12350071966648102,0.07895317673683167
uniform,dpm2_log,"DPM-2 + corrector, log sigma",Overall sampler,5,0,0,1,0.15987792995292693,0.21317057327056924,cuda,0.13451577723026276,0.05687154456973076,1.0445278882980347,0.00773563701659441,0.13026325404644012,0.09553951025009155
uniform,dpm2_log,"DPM-2 + corrector, log sigma",Overall sampler,10,0,0,0,0.24408382503315806,0.32544510004421073,cuda,0.1603894978761673,0.14303182065486908,1.1121504306793213,0.0665699914097786,0.08450480550527573,0.1103179007768631
uniform,dpm2_log,"DPM-2 + corrector, log sigma",Overall sampler,10,0,0,1,0.23306409001816064,0.3107521200242142,cuda,0.14803344011306763,0.0643828809261322,1.0549588203430176,0.042494360357522964,0.16765113174915314,0.10027589648962021
uniform,dpm2_log,"DPM-2 + corrector, log sigma",Overall sampler,20,0,0,0,0.44742832297924906,0.5965710973056654,cuda,0.09910014271736145,0.041997164487838745,1.0295089483261108,0.19531019032001495,0.055179983377456665,0.07176920771598816
uniform,dpm2_log,"DPM-2 + corrector, log sigma",Overall sampler,20,0,0,1,0.3758424280676991,0.5011232374235988,cuda,0.0832308754324913,0.17726652324199677,1.1255923509597778,0.07710880786180496,0.05185917392373085,0.0757305771112442
uniform,dpm2_log,"DPM-2 + corrector, log sigma",Overall sampler,50,0,0,0,0.8249879350187257,1.099983913358301,cuda,0.041182029992341995,0.2143140435218811,1.144588589668274,0.15655116736888885,0.010483713820576668,0.07482832670211792
uniform,dpm2_log,"DPM-2 + corrector, log sigma",Overall sampler,50,0,0,1,0.8524604870472103,1.1366139827296138,cuda,0.02443518489599228,0.15113425254821777,1.1045949459075928,0.0007425396470353007,0.0009143063216470182,0.06162407994270325
uniform,dpm2_log,"DPM-2 + corrector, log sigma",Overall sampler,100,0,0,0,1.4744983980199322,1.9659978640265763,cuda,0.03536782041192055,0.12116798758506775,1.085113763809204,0.03422475978732109,0.002932343166321516,0.05838477611541748
uniform,dpm2_log,"DPM-2 + corrector, log sigma",Overall sampler,100,0,0,1,1.4795456810388714,1.9727275747184951,cuda,0.06024282053112984,0.14700636267662048,1.1018462181091309,0.002510910853743553,0.0036458715330809355,0.05421030521392822
uniform,em_uniform,"Euler--Maruyama, uniform t",Euler update,5,0,0,0,0.031313708052039146,0.04175161073605219,cuda,0.26344630122184753,0.618431031703949,1.488619089126587,0.04803569242358208,0.13267134130001068,0.2877585291862488
uniform,em_uniform,"Euler--Maruyama, uniform t",Euler update,5,0,0,1,0.03204639605246484,0.04272852806995312,cuda,0.2527380883693695,0.6454551815986633,1.5081591606140137,0.2364562302827835,1.4988998174667358,0.2945883572101593
uniform,em_uniform,"Euler--Maruyama, uniform t",Euler update,10,0,0,0,0.05638181802351028,0.07517575736468037,cuda,0.1707882583141327,0.4079391062259674,1.321164846420288,0.08399475365877151,0.03033021278679371,0.19209611415863037
uniform,em_uniform,"Euler--Maruyama, uniform t",Euler update,10,0,0,1,0.05513311899267137,0.07351082532356183,cuda,0.13475127518177032,0.24298258125782013,1.2177287340164185,0.006754911504685879,0.005916193127632141,0.1461319625377655
uniform,em_uniform,"Euler--Maruyama, uniform t",Euler update,20,0,0,0,0.09569088998250663,0.12758785331000885,cuda,0.10035406053066254,0.15803588926792145,1.138381004333496,0.04990498349070549,0.058331578969955444,0.10372668504714966
uniform,em_uniform,"Euler--Maruyama, uniform t",Euler update,20,0,0,1,0.09270896704401821,0.12361195605869095,cuda,0.08727512508630753,0.27371546626091003,1.2156730890274048,0.1420810967683792,0.07121916115283966,0.12403833866119385
uniform,em_uniform,"Euler--Maruyama, uniform t",Euler update,50,0,0,0,0.250900196027942,0.3345335947039227,cuda,0.06907864660024643,0.24050545692443848,1.1746697425842285,0.016067907214164734,0.02656370773911476,0.09687238931655884
uniform,em_uniform,"Euler--Maruyama, uniform t",Euler update,50,0,0,1,0.2317846310324967,0.30904617470999557,cuda,0.04652897268533707,0.19329208135604858,1.1452959775924683,0.1259375959634781,0.006819752976298332,0.08777867257595062
uniform,em_uniform,"Euler--Maruyama, uniform t",Euler update,100,0,0,0,0.47381073795259,0.6317476506034533,cuda,0.10379897803068161,0.15262480080127716,1.1132562160491943,0.007093291264027357,0.00517748948186636,0.08505791425704956
uniform,em_uniform,"Euler--Maruyama, uniform t",Euler update,100,0,0,1,0.4746617579367012,0.6328823439156016,cuda,0.04413026571273804,0.19985902309417725,1.1440075635910034,0.0009099188027903438,0.0005157446721568704,0.07652555406093597
uniform,em_log,"Euler--Maruyama, log sigma",Euler update,5,0,0,0,0.022153990110382438,0.029538653480509918,cuda,0.2936222553253174,0.8462080955505371,1.5747807025909424,0.03167435899376869,0.301902174949646,0.2982763350009918
uniform,em_log,"Euler--Maruyama, log sigma",Euler update,5,0,0,1,0.022180053987540305,0.029573405316720407,cuda,0.30475130677223206,0.8183876872062683,1.573795199394226,0.07384482771158218,0.20338144898414612,0.2998703420162201
uniform,em_log,"Euler--Maruyama, log sigma",Euler update,10,0,0,0,0.045418911962769926,0.06055854928369323,cuda,0.14179867506027222,0.41258683800697327,1.2851965427398682,0.04978858679533005,0.043352145701646805,0.14172425866127014
uniform,em_log,"Euler--Maruyama, log sigma",Euler update,10,0,0,1,0.04569954494945705,0.060932726599276066,cuda,0.14959318935871124,0.31052252650260925,1.2424163818359375,0.010477310977876186,0.02226826548576355,0.13510899245738983
uniform,em_log,"Euler--Maruyama, log sigma",Euler update,20,0,0,0,0.09211431897711009,0.12281909196948011,cuda,0.08315689861774445,0.12575466930866241,1.0950967073440552,0.05493900924921036,0.0049260081723332405,0.06996102631092072
uniform,em_log,"Euler--Maruyama, log sigma",Euler update,20,0,0,1,0.09284709405619651,0.12379612540826201,cuda,0.08031711727380753,0.28653639554977417,1.194722294807434,0.06477431952953339,0.05880269408226013,0.09867966175079346
uniform,em_log,"Euler--Maruyama, log sigma",Euler update,50,0,0,0,0.23245129093993455,0.3099350545865794,cuda,0.08499204367399216,0.26201874017715454,1.176946759223938,0.06005219370126724,0.03706069663167,0.09527558088302612
uniform,em_log,"Euler--Maruyama, log sigma",Euler update,50,0,0,1,0.24219202995300293,0.3229227066040039,cuda,0.051891423761844635,0.18263699114322662,1.1283032894134521,0.003547677071765065,0.022722287103533745,0.07407882809638977
uniform,em_log,"Euler--Maruyama, log sigma",Euler update,100,0,0,0,0.47935299505479634,0.6391373267397285,cuda,0.09348338842391968,0.1563321352005005,1.1110624074935913,0.003831547684967518,0.00767597695812583,0.07976850867271423
uniform,em_log,"Euler--Maruyama, log sigma",Euler update,100,0,0,1,0.46764477202668786,0.6235263627022505,cuda,0.044838350266218185,0.21777766942977905,1.1493576765060425,0.12091157585382462,0.008877528831362724,0.07493510097265244
uniform,sigma_uniform_dpm,"Sigma-space DPM-1, uniform t",DPM predictor,5,0,1,0,0.02296094805933535,0.030614597412447136,cuda,0.19522278010845184,0.13322561979293823,1.3084118366241455,0.012575369328260422,0.011375170201063156,0.13394585251808167
uniform,sigma_uniform_dpm,"Sigma-space DPM-1, uniform t",DPM predictor,5,0,1,1,0.021539826062507927,0.028719768083343904,cuda,0.18777930736541748,0.1576944887638092,1.3728055953979492,0.009138133376836777,0.010545508936047554,0.13159914314746857
uniform,sigma_uniform_dpm,"Sigma-space DPM-1, uniform t",DPM predictor,10,0,1,0,0.04487617698032409,0.05983490264043212,cuda,0.1921408772468567,0.1324550360441208,1.3176885843276978,0.009797003120183945,0.008732627145946026,0.12996289134025574
uniform,sigma_uniform_dpm,"Sigma-space DPM-1, uniform t",DPM predictor,10,0,1,1,0.05459127703215927,0.07278836937621236,cuda,0.17842388153076172,0.11529126018285751,1.2666972875595093,0.010836577042937279,0.009666982106864452,0.12190648913383484
uniform,sigma_uniform_dpm,"Sigma-space DPM-1, uniform t",DPM predictor,20,0,1,0,0.0954600420081988,0.12728005601093173,cuda,0.11829119920730591,0.16565056145191193,1.4519304037094116,0.010222096927464008,0.008808367885649204,0.1129419207572937
uniform,sigma_uniform_dpm,"Sigma-space DPM-1, uniform t",DPM predictor,20,0,1,1,0.09850783692672849,0.1313437825689713,cuda,0.13588207960128784,0.13583049178123474,1.3670657873153687,0.009670283645391464,0.008320380933582783,0.11054956912994385
uniform,sigma_uniform_dpm,"Sigma-space DPM-1, uniform t",DPM predictor,50,0,1,0,0.2538068750873208,0.3384091667830944,cuda,0.15208765864372253,0.143183171749115,1.4188569784164429,0.002182421740144491,0.002611372619867325,0.12386035919189453
uniform,sigma_uniform_dpm,"Sigma-space DPM-1, uniform t",DPM predictor,50,0,1,1,0.23101893404964358,0.30802524539952475,cuda,0.1654774248600006,0.1620090901851654,1.4437490701675415,0.02436411939561367,0.021879293024539948,0.13237689435482025
uniform,sigma_uniform_dpm,"Sigma-space DPM-1, uniform t",DPM predictor,100,0,1,0,0.48994066601153463,0.6532542213487128,cuda,0.1765499711036682,0.15204721689224243,1.413170576095581,0.0027855196967720985,0.0024278026539832354,0.13067734241485596
uniform,sigma_uniform_dpm,"Sigma-space DPM-1, uniform t",DPM predictor,100,0,1,1,0.5169673380441964,0.6892897840589285,cuda,0.17697937786579132,0.15078766644001007,1.414750576019287,0.015954570844769478,0.013943206518888474,0.12760747969150543
uniform,sigma_log_dpm,"Sigma-space DPM-1, log sigma",DPM predictor,5,0,1,0,0.022091010003350675,0.029454680004467566,cuda,0.1908881813287735,0.11917287856340408,1.3090081214904785,0.023253044113516808,0.020638560876250267,0.12899890542030334
uniform,sigma_log_dpm,"Sigma-space DPM-1, log sigma",DPM predictor,5,0,1,1,0.022174573969095945,0.02956609862546126,cuda,0.18363530933856964,0.14125190675258636,1.3689863681793213,0.009356603026390076,0.01082395389676094,0.12756198644638062
uniform,sigma_log_dpm,"Sigma-space DPM-1, log sigma",DPM predictor,10,0,1,0,0.04781790904235095,0.06375721205646794,cuda,0.1914617121219635,0.13138988614082336,1.3531562089920044,0.009782352484762669,0.00871711689978838,0.13031105697155
uniform,sigma_log_dpm,"Sigma-space DPM-1, log sigma",DPM predictor,10,0,1,1,0.04529276699759066,0.06039035599678755,cuda,0.1781328320503235,0.11427313834428787,1.3034659624099731,0.010922319255769253,0.009748145937919617,0.12113479524850845
uniform,sigma_log_dpm,"Sigma-space DPM-1, log sigma",DPM predictor,20,0,1,0,0.09916601597797126,0.132221354637295,cuda,0.11928819119930267,0.17009231448173523,1.4845308065414429,0.010228452272713184,0.008817522786557674,0.11959157139062881
uniform,sigma_log_dpm,"Sigma-space DPM-1, log sigma",DPM predictor,20,0,1,1,0.09196961403358728,0.12262615204478304,cuda,0.1374700367450714,0.13978229463100433,1.3997935056686401,0.00965264905244112,0.008303532376885414,0.1161532923579216
uniform,sigma_log_dpm,"Sigma-space DPM-1, log sigma",DPM predictor,50,0,1,0,0.23110633098986,0.3081417746531467,cuda,0.15311811864376068,0.14600636065006256,1.4350872039794922,0.0021119220182299614,0.0025287664029747248,0.12698449194431305
uniform,sigma_log_dpm,"Sigma-space DPM-1, log sigma",DPM predictor,50,0,1,1,0.22938791604246944,0.3058505547232926,cuda,0.16633553802967072,0.16446280479431152,1.4589190483093262,0.02474203146994114,0.02223809063434601,0.1349235326051712
uniform,sigma_log_dpm,"Sigma-space DPM-1, log sigma",DPM predictor,100,0,1,0,0.4645175060722977,0.6193566747630636,cuda,0.17710699141025543,0.15329208970069885,1.420850396156311,0.002741677686572075,0.0023852165322750807,0.1318250298500061
uniform,sigma_log_dpm,"Sigma-space DPM-1, log sigma",DPM predictor,100,0,1,1,0.47279546794015914,0.6303939572535455,cuda,0.17754994332790375,0.1520511656999588,1.4226239919662476,0.018963031470775604,0.016813404858112335,0.12881721556186676
uniform,dpm2_uniform,"DPM-2 + corrector, uniform t",Overall sampler,5,0,1,0,0.1614527030615136,0.2152702707486848,cuda,0.10660921037197113,0.22412338852882385,1.6516718864440918,0.01982555352151394,0.02040872909128666,0.1578243374824524
uniform,dpm2_uniform,"DPM-2 + corrector, uniform t",Overall sampler,5,0,1,1,0.1579438199987635,0.21059175999835134,cuda,0.10363169759511948,0.20918525755405426,1.5984458923339844,0.00862425658851862,0.008298536762595177,0.1339007169008255
uniform,dpm2_uniform,"DPM-2 + corrector, uniform t",Overall sampler,10,0,1,0,0.22915180295240134,0.30553573726986843,cuda,0.08481300622224808,0.1545093059539795,1.45966374874115,0.011503368616104126,0.010016847401857376,0.10860443115234375
uniform,dpm2_uniform,"DPM-2 + corrector, uniform t",Overall sampler,10,0,1,1,0.22803727793507278,0.3040497039134304,cuda,0.10796917229890823,0.16881011426448822,1.4735418558120728,0.004120434634387493,0.00360184907913208,0.12072885781526566
uniform,dpm2_uniform,"DPM-2 + corrector, uniform t",Overall sampler,20,0,1,0,0.3806904380908236,0.5075872507877648,cuda,0.04898843541741371,0.15177248418331146,1.4227986335754395,0.000797268352471292,0.0008590496727265418,0.08820833265781403
uniform,dpm2_uniform,"DPM-2 + corrector, uniform t",Overall sampler,20,0,1,1,0.375972980982624,0.501297307976832,cuda,0.04206307232379913,0.14471009373664856,1.4101862907409668,0.004593305289745331,0.003578954841941595,0.09343653172254562
uniform,dpm2_uniform,"DPM-2 + corrector, uniform t",Overall sampler,50,0,1,0,0.7822101520141587,1.0429468693522115,cuda,0.06309831887483597,0.14182062447071075,1.3938348293304443,0.0022475444711744785,0.0026818711776286364,0.08871039003133774
uniform,dpm2_uniform,"DPM-2 + corrector, uniform t",Overall sampler,50,0,1,1,0.8199925000080839,1.093323333344112,cuda,0.055373575538396835,0.13583102822303772,1.3916339874267578,0.011846711859107018,0.013141753152012825,0.08286605030298233
uniform,dpm2_uniform,"DPM-2 + corrector, uniform t",Overall sampler,100,0,1,0,1.561431462992914,2.081908617323885,cuda,0.03415870666503906,0.1092229038476944,1.2971301078796387,0.010612164624035358,0.01052773091942072,0.06393749266862869
uniform,dpm2_uniform,"DPM-2 + corrector, uniform t",Overall sampler,100,0,1,1,1.4841684179846197,1.978891223979493,cuda,0.02620803937315941,0.10941938310861588,1.3217817544937134,0.016785895451903343,0.01698390580713749,0.0700499638915062
uniform,dpm2_log,"DPM-2 + corrector, log sigma",Overall sampler,5,0,1,0,0.16092743899207562,0.21456991865610084,cuda,0.13510486483573914,0.15555118024349213,1.4456695318222046,0.04648270085453987,0.04243144765496254,0.12264914810657501
uniform,dpm2_log,"DPM-2 + corrector, log sigma",Overall sampler,5,0,1,1,0.16111134900711477,0.21481513200948635,cuda,0.13597051799297333,0.1661905199289322,1.4438190460205078,0.01730327680706978,0.015200846828520298,0.11526767164468765
uniform,dpm2_log,"DPM-2 + corrector, log sigma",Overall sampler,10,0,1,0,0.23458692501299083,0.3127825666839878,cuda,0.12145022302865982,0.14125248789787292,1.3984071016311646,0.0002649814123287797,0.0003178001206833869,0.10918965935707092
uniform,dpm2_log,"DPM-2 + corrector, log sigma",Overall sampler,10,0,1,1,0.2309929720358923,0.30799062938118976,cuda,0.12416303157806396,0.1579175889492035,1.4286829233169556,0.010705423541367054,0.00943595077842474,0.11129824817180634
uniform,dpm2_log,"DPM-2 + corrector, log sigma",Overall sampler,20,0,1,0,0.369426817051135,0.49256908940151334,cuda,0.06603872030973434,0.13539409637451172,1.3800077438354492,0.0018117895815521479,0.0016883417265489697,0.08160041272640228
uniform,dpm2_log,"DPM-2 + corrector, log sigma",Overall sampler,20,0,1,1,0.3765238309279084,0.5020317745705446,cuda,0.05215124785900116,0.1313912272453308,1.3640422821044922,0.012456566095352173,0.011344421654939651,0.0776311457157135
uniform,dpm2_log,"DPM-2 + corrector, log sigma",Overall sampler,50,0,1,0,0.7991204429417849,1.0654939239223797,cuda,0.06944163143634796,0.08256003260612488,1.2101062536239624,0.005194381810724735,0.004398194141685963,0.06247461587190628
uniform,dpm2_log,"DPM-2 + corrector, log sigma",Overall sampler,50,0,1,1,0.7977790129370987,1.0637053505827982,cuda,0.06705235689878464,0.09184636920690536,1.2528225183486938,0.03778449445962906,0.034077927470207214,0.06599874794483185
uniform,dpm2_log,"DPM-2 + corrector, log sigma",Overall sampler,100,0,1,0,1.4717598179122433,1.962346423882991,cuda,0.039206840097904205,0.0451710969209671,1.0958001613616943,0.0021396479569375515,0.001836978131905198,0.041807375848293304
uniform,dpm2_log,"DPM-2 + corrector, log sigma",Overall sampler,100,0,1,1,1.5093837239546701,2.01251163193956,cuda,0.018711233511567116,0.043211765587329865,1.0960191488265991,0.003831085516139865,0.0032552233897149563,0.03234270587563515
uniform,em_uniform,"Euler--Maruyama, uniform t",Euler update,5,0,1,0,0.023163012927398086,0.03088401723653078,cuda,0.12962675094604492,0.6779305934906006,2.565730571746826,0.04583512991666794,0.04644230380654335,0.3641301393508911
uniform,em_uniform,"Euler--Maruyama, uniform t",Euler update,5,0,1,1,0.02189295692369342,0.029190609231591225,cuda,0.12099453806877136,0.6752701997756958,2.5499205589294434,0.007619676645845175,0.006774199660867453,0.355270117521286
uniform,em_uniform,"Euler--Maruyama, uniform t",Euler update,10,0,1,0,0.04549564397893846,0.060660858638584614,cuda,0.12338557094335556,0.36670398712158203,1.972599983215332,0.09186661243438721,0.09096205979585648,0.23319996893405914
uniform,em_uniform,"Euler--Maruyama, uniform t",Euler update,10,0,1,1,0.046969237038865685,0.06262564938515425,cuda,0.1310235559940338,0.3766723573207855,1.9680256843566895,0.035379569977521896,0.032665107399225235,0.2241453230381012
uniform,em_uniform,"Euler--Maruyama, uniform t",Euler update,20,0,1,0,0.09197759896051139,0.12263679861401518,cuda,0.07649543136358261,0.2689485549926758,1.7400071620941162,0.000744987279176712,0.0006546879885718226,0.16437725722789764
uniform,em_uniform,"Euler--Maruyama, uniform t",Euler update,20,0,1,1,0.09176303597632796,0.12235071463510394,cuda,0.0469861701130867,0.2270432859659195,1.6574326753616333,0.002014102414250374,0.0020049125887453556,0.14703631401062012
uniform,em_uniform,"Euler--Maruyama, uniform t",Euler update,50,0,1,0,0.23707608599215746,0.31610144798954326,cuda,0.1013207733631134,0.204460009932518,1.5668835639953613,0.00979896541684866,0.008963670581579208,0.133200541138649
uniform,em_uniform,"Euler--Maruyama, uniform t",Euler update,50,0,1,1,0.23204783396795392,0.3093971119572719,cuda,0.09333391487598419,0.2061115950345993,1.5788686275482178,0.02113800123333931,0.022107528522610664,0.1325450986623764
uniform,em_uniform,"Euler--Maruyama, uniform t",Euler update,100,0,1,0,0.4672052839305252,0.6229403785740336,cuda,0.0801507756114006,0.16652542352676392,1.4675781726837158,0.008914520032703876,0.007717865519225597,0.10295261442661285
uniform,em_uniform,"Euler--Maruyama, uniform t",Euler update,100,0,1,1,0.4665539439301938,0.6220719252402583,cuda,0.05606498569250107,0.16436053812503815,1.477812647819519,0.022420689463615417,0.02468184009194374,0.10642673075199127
uniform,em_log,"Euler--Maruyama, log sigma",Euler update,5,0,1,0,0.02285220893099904,0.030469611907998722,cuda,0.056680720299482346,0.7057170867919922,2.5097718238830566,0.00786556489765644,0.008236485533416271,0.33042311668395996
uniform,em_log,"Euler--Maruyama, log sigma",Euler update,5,0,1,1,0.022387116099707782,0.02984948813294371,cuda,0.11611469089984894,0.6993667483329773,2.486271858215332,0.033476103097200394,0.03023235872387886,0.32864564657211304
uniform,em_log,"Euler--Maruyama, log sigma",Euler update,10,0,1,0,0.05493342399131507,0.07324456532175343,cuda,0.07094258815050125,0.28948450088500977,1.767731785774231,0.031215626746416092,0.03250553086400032,0.17746923863887787
uniform,em_log,"Euler--Maruyama, log sigma",Euler update,10,0,1,1,0.04803444701246917,0.0640459293499589,cuda,0.09108541160821915,0.3176604211330414,1.8110816478729248,0.07325901091098785,0.06891331076622009,0.1787095069885254
uniform,em_log,"Euler--Maruyama, log sigma",Euler update,20,0,1,0,0.09359075198881328,0.12478766931841771,cuda,0.06141372397542,0.1950347125530243,1.5423957109451294,0.009607653133571148,0.010820364579558372,0.11185947060585022
uniform,em_log,"Euler--Maruyama, log sigma",Euler update,20,0,1,1,0.10625815601088107,0.1416775413478414,cuda,0.04088791087269783,0.19250988960266113,1.5344352722167969,0.014425329864025116,0.012721285223960876,0.11178665608167648
uniform,em_log,"Euler--Maruyama, log sigma",Euler update,50,0,1,0,0.23559057200327516,0.31412076267103356,cuda,0.08693002164363861,0.13168607652187347,1.3604791164398193,0.004957384429872036,0.004205510951578617,0.08743462711572647
uniform,em_log,"Euler--Maruyama, log sigma",Euler update,50,0,1,1,0.23355418595019728,0.3114055812669297,cuda,0.08261434733867645,0.15102046728134155,1.4268347024917603,0.07957351207733154,0.07421304285526276,0.09966599196195602
uniform,em_log,"Euler--Maruyama, log sigma",Euler update,100,0,1,0,0.5506340599386021,0.7341787465848029,cuda,0.06533649563789368,0.13863112032413483,1.3865814208984375,0.03327859938144684,0.030228368937969208,0.08768327534198761
uniform,em_log,"Euler--Maruyama, log sigma",Euler update,100,0,1,1,0.47742230899166316,0.6365630786555508,cuda,0.0810469463467598,0.14738145470619202,1.3994907140731812,0.0032627114560455084,0.0028699995018541813,0.09082025289535522
uniform,sigma_uniform_dpm,"Sigma-space DPM-1, uniform t",DPM predictor,5,0,2,0,0.022729390999302268,0.03030585466573636,cuda,0.457612007856369,0.14992710947990417,1.3046948909759521,2587.212890625,69.96060180664062,0.29918795824050903
uniform,sigma_uniform_dpm,"Sigma-space DPM-1, uniform t",DPM predictor,5,0,2,1,0.026316575007513165,0.03508876667668422,cuda,0.4480772912502289,0.12694570422172546,1.2516340017318726,2582.661376953125,70.72930145263672,0.29230910539627075
uniform,sigma_uniform_dpm,"Sigma-space DPM-1, uniform t",DPM predictor,10,0,2,0,0.05754576495382935,0.0767276866051058,cuda,0.4855263829231262,0.18761247396469116,1.410105586051941,2583.175537109375,69.87153625488281,0.3170025944709778
uniform,sigma_uniform_dpm,"Sigma-space DPM-1, uniform t",DPM predictor,10,0,2,1,0.04511836601886898,0.06015782135849198,cuda,0.4488424062728882,0.15849442780017853,1.343108057975769,2576.97265625,71.14779663085938,0.2939024567604065
uniform,sigma_uniform_dpm,"Sigma-space DPM-1, uniform t",DPM predictor,20,0,2,0,0.09660531510598958,0.1288070868079861,cuda,0.4810470640659332,0.18877798318862915,1.4256234169006348,2585.897216796875,70.39118194580078,0.31615108251571655
uniform,sigma_uniform_dpm,"Sigma-space DPM-1, uniform t",DPM predictor,20,0,2,1,0.09146764199249446,0.12195685598999262,cuda,0.44715744256973267,0.16561907529830933,1.3769594430923462,2570.423583984375,71.43031311035156,0.2936643362045288
uniform,sigma_uniform_dpm,"Sigma-space DPM-1, uniform t",DPM predictor,50,0,2,0,0.23357776901684701,0.31143702535579604,cuda,0.44752034544944763,0.15428751707077026,1.3691473007202148,2595.12890625,70.30278015136719,0.2940543293952942
uniform,sigma_uniform_dpm,"Sigma-space DPM-1, uniform t",DPM predictor,50,0,2,1,0.2321238360600546,0.3094984480800728,cuda,0.4106903374195099,0.1650453805923462,1.3820453882217407,2582.82958984375,71.0116958618164,0.2697834372520447
uniform,sigma_uniform_dpm,"Sigma-space DPM-1, uniform t",DPM predictor,100,0,2,0,0.4662993249949068,0.6217324333265424,cuda,0.46164658665657043,0.1747252494096756,1.4208849668502808,2585.32763671875,70.92194366455078,0.30505526065826416
uniform,sigma_uniform_dpm,"Sigma-space DPM-1, uniform t",DPM predictor,100,0,2,1,0.5053331750677899,0.6737775667570531,cuda,0.45999449491500854,0.2207290083169937,1.514585256576538,2580.296875,71.2790298461914,0.3035639226436615
uniform,sigma_log_dpm,"Sigma-space DPM-1, log sigma",DPM predictor,5,0,2,0,0.028596573043614626,0.03812876405815283,cuda,0.4526929259300232,0.12994259595870972,1.2935489416122437,2586.4296875,70.09634399414062,0.2970844805240631
uniform,sigma_log_dpm,"Sigma-space DPM-1, log sigma",DPM predictor,5,0,2,1,0.025994491996243596,0.03465932266165813,cuda,0.44366368651390076,0.10868003964424133,1.2442312240600586,2584.12060546875,70.58897399902344,0.29063573479652405
uniform,sigma_log_dpm,"Sigma-space DPM-1, log sigma",DPM predictor,10,0,2,0,0.054207007051445544,0.0722760094019274,cuda,0.48500606417655945,0.1830694079399109,1.435147762298584,2589.303955078125,69.51786804199219,0.3193932771682739
uniform,sigma_log_dpm,"Sigma-space DPM-1, log sigma",DPM predictor,10,0,2,1,0.05125631589908153,0.06834175453210871,cuda,0.449291855096817,0.15417933464050293,1.368405818939209,2579.221923828125,70.95181274414062,0.2962896227836609
uniform,sigma_log_dpm,"Sigma-space DPM-1, log sigma",DPM predictor,20,0,2,0,0.09156627196352929,0.12208836261803906,cuda,0.4835679233074188,0.18982185423374176,1.4479382038116455,2587.683837890625,70.24065399169922,0.31929850578308105
uniform,sigma_log_dpm,"Sigma-space DPM-1, log sigma",DPM predictor,20,0,2,1,0.09787599602714181,0.13050132803618908,cuda,0.4495762884616852,0.16689962148666382,1.4004545211791992,2572.576416015625,71.57540130615234,0.29688143730163574
uniform,sigma_log_dpm,"Sigma-space DPM-1, log sigma",DPM predictor,50,0,2,0,0.23335904395207763,0.3111453919361035,cuda,0.44900813698768616,0.1560187041759491,1.3815336227416992,2595.275634765625,70.32986450195312,0.2958037853240967
uniform,sigma_log_dpm,"Sigma-space DPM-1, log sigma",DPM predictor,50,0,2,1,0.23122392897494137,0.3082985719665885,cuda,0.41201069951057434,0.16688184440135956,1.393877625465393,2582.90478515625,71.04087829589844,0.2714211344718933
uniform,sigma_log_dpm,"Sigma-space DPM-1, log sigma",DPM predictor,100,0,2,0,0.48059837403707206,0.6407978320494294,cuda,0.4625309407711029,0.17574937641620636,1.4272977113723755,2584.81591796875,71.11859130859375,0.3060523569583893
uniform,sigma_log_dpm,"Sigma-space DPM-1, log sigma",DPM predictor,100,0,2,1,0.4809550829231739,0.6412734438975652,cuda,0.4608670175075531,0.22193683683872223,1.521073579788208,2580.33544921875,71.29444122314453,0.3046325147151947
uniform,dpm2_uniform,"DPM-2 + corrector, uniform t",Overall sampler,5,0,2,0,0.16263574897311628,0.21684766529748836,cuda,0.28398197889328003,0.2295406013727188,1.5887988805770874,2568.151123046875,70.21171569824219,0.21513861417770386
uniform,dpm2_uniform,"DPM-2 + corrector, uniform t",Overall sampler,5,0,2,1,0.15641592198517174,0.20855456264689565,cuda,0.24868284165859222,0.21842414140701294,1.5747634172439575,2574.69775390625,70.54346466064453,0.20235076546669006
uniform,dpm2_uniform,"DPM-2 + corrector, uniform t",Overall sampler,10,0,2,0,0.2344364250311628,0.3125819000415504,cuda,0.2703257203102112,0.17496787011623383,1.4411969184875488,2551.824951171875,70.66290283203125,0.18786129355430603
uniform,dpm2_uniform,"DPM-2 + corrector, uniform t",Overall sampler,10,0,2,1,0.27309549401979893,0.3641273253597319,cuda,0.27637651562690735,0.1596062183380127,1.4119535684585571,2580.205322265625,71.02333068847656,0.19487117230892181
uniform,dpm2_uniform,"DPM-2 + corrector, uniform t",Overall sampler,20,0,2,0,0.4244058500044048,0.5658744666725397,cuda,0.23896877467632294,0.17206493020057678,1.4317868947982788,2593.24853515625,68.94790649414062,0.175432026386261
uniform,dpm2_uniform,"DPM-2 + corrector, uniform t",Overall sampler,20,0,2,1,0.3698647670680657,0.49315302275742096,cuda,0.23614966869354248,0.14614683389663696,1.3768627643585205,2574.261474609375,69.60585021972656,0.16596576571464539
uniform,dpm2_uniform,"DPM-2 + corrector, uniform t",Overall sampler,50,0,2,0,0.842237620963715,1.1229834946182866,cuda,0.15625923871994019,0.13332107663154602,1.337017297744751,2551.951416015625,71.32479858398438,0.1216481626033783
uniform,dpm2_uniform,"DPM-2 + corrector, uniform t",Overall sampler,50,0,2,1,0.7930335329147056,1.057378043886274,cuda,0.1685178577899933,0.11678551137447357,1.3058478832244873,2581.71142578125,70.4034652709961,0.1217227503657341
uniform,dpm2_uniform,"DPM-2 + corrector, uniform t",Overall sampler,100,0,2,0,1.4848291779635474,1.97977223728473,cuda,0.12224514782428741,0.0817410945892334,1.2179598808288574,2577.831298828125,70.08331298828125,0.09344908595085144
uniform,dpm2_uniform,"DPM-2 + corrector, uniform t",Overall sampler,100,0,2,1,1.4810173630248755,1.9746898173665006,cuda,0.15017245709896088,0.1115078330039978,1.292442798614502,2572.507080078125,70.88591766357422,0.10859399288892746
uniform,dpm2_log,"DPM-2 + corrector, log sigma",Overall sampler,5,0,2,0,0.15827886399347335,0.21103848532463113,cuda,0.34198153018951416,0.1675495058298111,1.4176820516586304,2585.5263671875,70.95329284667969,0.22960828244686127
uniform,dpm2_log,"DPM-2 + corrector, log sigma",Overall sampler,5,0,2,1,0.15692275390028954,0.2092303385337194,cuda,0.29546040296554565,0.14236482977867126,1.3684686422348022,2584.817138671875,71.2163314819336,0.20059852302074432
uniform,dpm2_log,"DPM-2 + corrector, log sigma",Overall sampler,10,0,2,0,0.24957559490576386,0.3327674598743518,cuda,0.35631465911865234,0.18796727061271667,1.4491757154464722,2559.864990234375,70.13180541992188,0.23767311871051788
uniform,dpm2_log,"DPM-2 + corrector, log sigma",Overall sampler,10,0,2,1,0.22895038698334247,0.3052671826444566,cuda,0.33556225895881653,0.14724257588386536,1.3637501001358032,2576.408203125,70.45967864990234,0.22348809242248535
uniform,dpm2_log,"DPM-2 + corrector, log sigma",Overall sampler,20,0,2,0,0.3652354149380699,0.48698055325075984,cuda,0.3196728229522705,0.14648161828517914,1.3599849939346313,2562.651123046875,71.12548828125,0.21146994829177856
uniform,dpm2_log,"DPM-2 + corrector, log sigma",Overall sampler,20,0,2,1,0.3708503450034186,0.49446712667122483,cuda,0.3026025891304016,0.1420011669397354,1.3462233543395996,2577.074951171875,69.87591552734375,0.199590802192688
uniform,dpm2_log,"DPM-2 + corrector, log sigma",Overall sampler,50,0,2,0,0.7870610000099987,1.0494146666799982,cuda,0.20448993146419525,0.09991391003131866,1.245793104171753,2556.96875,70.05601501464844,0.13683897256851196
uniform,dpm2_log,"DPM-2 + corrector, log sigma",Overall sampler,50,0,2,1,0.7917085180524737,1.0556113574032981,cuda,0.1680702120065689,0.10569097101688385,1.256010890007019,2557.160888671875,70.6220703125,0.11890295147895813
uniform,dpm2_log,"DPM-2 + corrector, log sigma",Overall sampler,100,0,2,0,1.484814660041593,1.9797528800554574,cuda,0.08246451616287231,0.03557784855365753,1.0518949031829834,2562.781494140625,71.13478088378906,0.06008273363113403
uniform,dpm2_log,"DPM-2 + corrector, log sigma",Overall sampler,100,0,2,1,1.4841130460845307,1.9788173947793741,cuda,0.1211065873503685,0.06143096461892128,1.1425493955612183,2569.529052734375,70.1494140625,0.08313068747520447
uniform,em_uniform,"Euler--Maruyama, uniform t",Euler update,5,0,2,0,0.02227685193065554,0.029702469240874052,cuda,0.4070766866207123,0.7305399179458618,2.506007432937622,2578.444091796875,69.25932312011719,0.4225308895111084
uniform,em_uniform,"Euler--Maruyama, uniform t",Euler update,5,0,2,1,0.022612143075093627,0.030149524100124836,cuda,0.31301653385162354,0.6755440831184387,2.4380252361297607,2599.40625,69.5738296508789,0.39364123344421387
uniform,em_uniform,"Euler--Maruyama, uniform t",Euler update,10,0,2,0,0.045779827050864697,0.06103976940115293,cuda,0.347746878862381,0.3883490264415741,1.9222753047943115,2595.2548828125,67.95008850097656,0.29570862650871277
uniform,em_uniform,"Euler--Maruyama, uniform t",Euler update,10,0,2,1,0.04918495798483491,0.06557994397977988,cuda,0.3055814206600189,0.37867575883865356,1.9062539339065552,2578.11279296875,71.12397003173828,0.2777200937271118
uniform,em_uniform,"Euler--Maruyama, uniform t",Euler update,20,0,2,0,0.09284467401448637,0.12379289868598183,cuda,0.3180640637874603,0.3030741810798645,1.7354662418365479,2572.315673828125,71.81731414794922,0.25062283873558044
uniform,em_uniform,"Euler--Maruyama, uniform t",Euler update,20,0,2,1,0.10952837893273681,0.1460378385769824,cuda,0.2794639766216278,0.2870108187198639,1.6992841958999634,2570.92822265625,71.43389129638672,0.2227715253829956
uniform,em_uniform,"Euler--Maruyama, uniform t",Euler update,50,0,2,0,0.23480190197005868,0.3130692026267449,cuda,0.26737499237060547,0.18857207894325256,1.4724721908569336,2577.1357421875,70.77310943603516,0.19046667218208313
uniform,em_uniform,"Euler--Maruyama, uniform t",Euler update,50,0,2,1,0.23526638594921678,0.3136885145989557,cuda,0.23150739073753357,0.17334260046482086,1.4509693384170532,2556.00732421875,72.14344024658203,0.17138873040676117
uniform,em_uniform,"Euler--Maruyama, uniform t",Euler update,100,0,2,0,0.5255475150188431,0.7007300200251242,cuda,0.2349366396665573,0.1331576108932495,1.3397297859191895,2586.32421875,68.5196533203125,0.16718071699142456
uniform,em_uniform,"Euler--Maruyama, uniform t",Euler update,100,0,2,1,0.4897790380055085,0.653038717340678,cuda,0.2824517786502838,0.19710290431976318,1.4881861209869385,2578.1728515625,70.9061050415039,0.19555121660232544
uniform,em_log,"Euler--Maruyama, log sigma",Euler update,5,0,2,0,0.02493075910024345,0.03324101213365793,cuda,0.351121187210083,0.8671972751617432,2.5937588214874268,2578.878173828125,71.77418518066406,0.42602425813674927
uniform,em_log,"Euler--Maruyama, log sigma",Euler update,5,0,2,1,0.0235558960121125,0.03140786134948333,cuda,0.24754254519939423,0.7829589247703552,2.491560220718384,2596.7177734375,70.94825744628906,0.375264972448349
uniform,em_log,"Euler--Maruyama, log sigma",Euler update,10,0,2,0,0.04629701701924205,0.06172935602565607,cuda,0.30013522505760193,0.36871853470802307,1.8177213668823242,2577.901123046875,69.42450714111328,0.2527244985103607
uniform,em_log,"Euler--Maruyama, log sigma",Euler update,10,0,2,1,0.04879168199840933,0.0650555759978791,cuda,0.2925816774368286,0.29385998845100403,1.6989718675613403,2571.886474609375,72.25672912597656,0.23684227466583252
uniform,em_log,"Euler--Maruyama, log sigma",Euler update,20,0,2,0,0.09627159999217838,0.1283621333229045,cuda,0.2982870936393738,0.19875015318393707,1.4993163347244263,2574.938720703125,70.4259033203125,0.20992565155029297
uniform,em_log,"Euler--Maruyama, log sigma",Euler update,20,0,2,1,0.09567692200653255,0.1275692293420434,cuda,0.27707991003990173,0.1977871209383011,1.4882901906967163,2583.51123046875,68.59654235839844,0.19425614178180695
uniform,em_log,"Euler--Maruyama, log sigma",Euler update,50,0,2,0,0.23943718301597983,0.31924957735463977,cuda,0.26828426122665405,0.15651816129684448,1.3942806720733643,2575.927001953125,70.25271606445312,0.18202310800552368
uniform,em_log,"Euler--Maruyama, log sigma",Euler update,50,0,2,1,0.23623880604282022,0.3149850747237603,cuda,0.21369636058807373,0.1693025529384613,1.4098950624465942,2563.070068359375,69.56253051757812,0.15870174765586853
uniform,em_log,"Euler--Maruyama, log sigma",Euler update,100,0,2,0,0.4733859390253201,0.6311812520337602,cuda,0.20892927050590515,0.12213623523712158,1.293939232826233,2573.76904296875,70.445556640625,0.14603060483932495
uniform,em_log,"Euler--Maruyama, log sigma",Euler update,100,0,2,1,0.4751339099602774,0.6335118799470365,cuda,0.25604403018951416,0.1558355838060379,1.3893624544143677,2562.187255859375,71.31631469726562,0.1762557327747345
uniform,sigma_uniform_dpm,"Sigma-space DPM-1, uniform t",DPM predictor,5,0,3,0,0.02531516400631517,0.03375355200842023,cuda,0.5224002599716187,0.39770862460136414,1.0135959386825562,30.366348266601562,6.125776290893555,0.34938207268714905
uniform,sigma_uniform_dpm,"Sigma-space DPM-1, uniform t",DPM predictor,5,0,3,1,0.02266456198412925,0.030219415978839,cuda,0.5067492723464966,0.3969354033470154,0.9960393309593201,29.96346664428711,6.68801736831665,0.34060385823249817
uniform,sigma_uniform_dpm,"Sigma-space DPM-1, uniform t",DPM predictor,10,0,3,0,0.047137525980360806,0.06285003464048107,cuda,0.46756139397621155,0.2814306616783142,1.0010796785354614,31.082733154296875,5.222237586975098,0.3085155487060547
uniform,sigma_uniform_dpm,"Sigma-space DPM-1, uniform t",DPM predictor,10,0,3,1,0.046494315029121935,0.061992420038829245,cuda,0.4857015609741211,0.28777649998664856,0.9759246110916138,30.235042572021484,5.861769199371338,0.320686399936676
uniform,sigma_uniform_dpm,"Sigma-space DPM-1, uniform t",DPM predictor,20,0,3,0,0.09607822203543037,0.1281042960472405,cuda,0.45230165123939514,0.26264411211013794,1.0100340843200684,32.41794204711914,5.157750129699707,0.2999458909034729
uniform,sigma_uniform_dpm,"Sigma-space DPM-1, uniform t",DPM predictor,20,0,3,1,0.1416099490597844,0.18881326541304588,cuda,0.503677248954773,0.30378174781799316,1.021587610244751,31.466123580932617,5.439144611358643,0.32731691002845764
uniform,sigma_uniform_dpm,"Sigma-space DPM-1, uniform t",DPM predictor,50,0,3,0,0.2337131859967485,0.31161758132899803,cuda,0.46490347385406494,0.2326434850692749,1.0135207176208496,30.47878646850586,5.406675338745117,0.30878889560699463
uniform,sigma_uniform_dpm,"Sigma-space DPM-1, uniform t",DPM predictor,50,0,3,1,0.2558957430301234,0.34119432404016453,cuda,0.4764872193336487,0.2679622769355774,1.0242350101470947,28.21927261352539,5.98660135269165,0.31208741664886475
uniform,sigma_uniform_dpm,"Sigma-space DPM-1, uniform t",DPM predictor,100,0,3,0,0.4598103959579021,0.6130805279438695,cuda,0.42545488476753235,0.16940391063690186,1.0021847486495972,31.555217742919922,6.182155609130859,0.283696711063385
uniform,sigma_uniform_dpm,"Sigma-space DPM-1, uniform t",DPM predictor,100,0,3,1,0.47480382898356766,0.6330717719780902,cuda,0.4709149897098541,0.23581193387508392,0.9811963438987732,31.503206253051758,5.9134087562561035,0.3097574710845947
uniform,sigma_log_dpm,"Sigma-space DPM-1, log sigma",DPM predictor,5,0,3,0,0.022953170933760703,0.030604227911680937,cuda,0.6496924757957458,0.4893840551376343,1.0654751062393188,29.580577850341797,7.327943801879883,0.4287857711315155
uniform,sigma_log_dpm,"Sigma-space DPM-1, log sigma",DPM predictor,5,0,3,1,0.027277953922748566,0.03637060523033142,cuda,0.6310620903968811,0.47940969467163086,1.04551100730896,29.085832595825195,8.004610061645508,0.41841036081314087
uniform,sigma_log_dpm,"Sigma-space DPM-1, log sigma",DPM predictor,10,0,3,0,0.046602340997196734,0.062136454662928976,cuda,0.5232691168785095,0.3103954493999481,1.0230681896209717,30.921127319335938,6.383875370025635,0.3428187966346741
uniform,sigma_log_dpm,"Sigma-space DPM-1, log sigma",DPM predictor,10,0,3,1,0.048089393065311015,0.06411919075374801,cuda,0.5441230535507202,0.3154327869415283,1.0004404783248901,29.595827102661133,6.745233535766602,0.35689741373062134
uniform,sigma_log_dpm,"Sigma-space DPM-1, log sigma",DPM predictor,20,0,3,0,0.0917520949151367,0.1223361265535156,cuda,0.49852314591407776,0.2774885296821594,1.0224324464797974,31.894941329956055,6.775044918060303,0.32818979024887085
uniform,sigma_log_dpm,"Sigma-space DPM-1, log sigma",DPM predictor,20,0,3,1,0.09403215791098773,0.12537621054798365,cuda,0.5466710925102234,0.31908541917800903,1.034101128578186,31.441326141357422,6.456819534301758,0.3538881540298462
uniform,sigma_log_dpm,"Sigma-space DPM-1, log sigma",DPM predictor,50,0,3,0,0.23634165804833174,0.31512221073110896,cuda,0.4873611330986023,0.23729176819324493,1.0170022249221802,30.46221351623535,6.027594089508057,0.322671115398407
uniform,sigma_log_dpm,"Sigma-space DPM-1, log sigma",DPM predictor,50,0,3,1,0.2371625619707629,0.31621674929435056,cuda,0.5001642107963562,0.27339813113212585,1.028262734413147,28.18100357055664,6.507881164550781,0.32680612802505493
uniform,sigma_log_dpm,"Sigma-space DPM-1, log sigma",DPM predictor,100,0,3,0,0.4674821429653093,0.6233095239537457,cuda,0.4383352994918823,0.17162898182868958,1.00385582447052,31.546018600463867,6.545760154724121,0.2916490137577057
uniform,sigma_log_dpm,"Sigma-space DPM-1, log sigma",DPM predictor,100,0,3,1,0.47598474309779704,0.634646324130396,cuda,0.48295333981513977,0.2379905879497528,0.9831494092941284,30.744197845458984,6.1587958335876465,0.31725797057151794
uniform,dpm2_uniform,"DPM-2 + corrector, uniform t",Overall sampler,5,0,3,0,0.15791882702615112,0.21055843603486815,cuda,0.24826420843601227,0.11442998796701431,1.0954546928405762,29.884347915649414,2.8512511253356934,0.1873050332069397
uniform,dpm2_uniform,"DPM-2 + corrector, uniform t",Overall sampler,5,0,3,1,0.1613073319895193,0.2150764426526924,cuda,0.20081239938735962,0.08370602130889893,1.070672631263733,30.220388412475586,2.5705041885375977,0.15397316217422485
uniform,dpm2_uniform,"DPM-2 + corrector, uniform t",Overall sampler,10,0,3,0,0.2316739580128342,0.30889861068377894,cuda,0.16472533345222473,0.07745125889778137,1.0603235960006714,32.8751106262207,1.6983013153076172,0.12804092466831207
uniform,dpm2_uniform,"DPM-2 + corrector, uniform t",Overall sampler,10,0,3,1,0.2295794680248946,0.3061059573665261,cuda,0.21858909726142883,0.07059172540903091,1.0568504333496094,32.052452087402344,1.5604963302612305,0.16297148168087006
uniform,dpm2_uniform,"DPM-2 + corrector, uniform t",Overall sampler,20,0,3,0,0.3730831911088899,0.49744425481185317,cuda,0.1821400374174118,0.17983266711235046,1.117140769958496,29.829486846923828,1.2919206619262695,0.14334896206855774
uniform,dpm2_uniform,"DPM-2 + corrector, uniform t",Overall sampler,20,0,3,1,0.36845494201406837,0.4912732560187578,cuda,0.21417425572872162,0.1036161333322525,1.0765219926834106,30.491777420043945,1.2365968227386475,0.15134842693805695
uniform,dpm2_uniform,"DPM-2 + corrector, uniform t",Overall sampler,50,0,3,0,0.7883927610237151,1.0511903480316203,cuda,0.17324315011501312,0.12421572208404541,1.0807358026504517,32.471004486083984,1.099377155303955,0.13289578258991241
uniform,dpm2_uniform,"DPM-2 + corrector, uniform t",Overall sampler,50,0,3,1,0.811879422981292,1.0825058973083894,cuda,0.2154185026884079,0.15792831778526306,1.0999009609222412,30.25032615661621,1.0851725339889526,0.157813161611557
uniform,dpm2_uniform,"DPM-2 + corrector, uniform t",Overall sampler,100,0,3,0,1.530173133010976,2.040230844014635,cuda,0.2240121066570282,0.04898831993341446,1.0350127220153809,27.479656219482422,0.9775859117507935,0.16722853481769562
uniform,dpm2_uniform,"DPM-2 + corrector, uniform t",Overall sampler,100,0,3,1,1.498593427008018,1.998124569344024,cuda,0.18302926421165466,0.01323663629591465,1.0013500452041626,31.384044647216797,0.9206591248512268,0.1414690464735031
uniform,dpm2_log,"DPM-2 + corrector, log sigma",Overall sampler,5,0,3,0,0.18482082907576114,0.24642777210101485,cuda,0.23852872848510742,0.07436211407184601,1.0387496948242188,32.34000015258789,2.447314739227295,0.1660284399986267
uniform,dpm2_log,"DPM-2 + corrector, log sigma",Overall sampler,5,0,3,1,0.17305198591202497,0.2307359812160333,cuda,0.22288301587104797,0.07171948999166489,1.022340178489685,28.51351547241211,2.6941027641296387,0.16118136048316956
uniform,dpm2_log,"DPM-2 + corrector, log sigma",Overall sampler,10,0,3,0,0.22734948201104999,0.3031326426814,cuda,0.215754896402359,0.07515823841094971,1.0405460596084595,28.767080307006836,2.1028542518615723,0.15276703238487244
uniform,dpm2_log,"DPM-2 + corrector, log sigma",Overall sampler,10,0,3,1,0.23425266495905817,0.31233688661207754,cuda,0.2741352915763855,0.07202641665935516,1.0097790956497192,28.96904754638672,2.3347232341766357,0.18834827840328217
uniform,dpm2_log,"DPM-2 + corrector, log sigma",Overall sampler,20,0,3,0,0.37226476799696684,0.49635302399595577,cuda,0.17937305569648743,0.06449578702449799,1.0403577089309692,32.35218811035156,1.6393513679504395,0.13158613443374634
uniform,dpm2_log,"DPM-2 + corrector, log sigma",Overall sampler,20,0,3,1,0.4011524870293215,0.534869982705762,cuda,0.25198715925216675,0.052936095744371414,1.0404913425445557,29.678800582885742,1.862918496131897,0.16522526741027832
uniform,dpm2_log,"DPM-2 + corrector, log sigma",Overall sampler,50,0,3,0,0.8106412249617279,1.080854966615637,cuda,0.12959375977516174,0.05846230313181877,1.0403523445129395,27.695629119873047,0.9556147456169128,0.10838170349597931
uniform,dpm2_log,"DPM-2 + corrector, log sigma",Overall sampler,50,0,3,1,0.8065881680231541,1.0754508906975389,cuda,0.16630125045776367,0.11664305627346039,1.074117660522461,31.4317684173584,1.133697509765625,0.13076996803283691
uniform,dpm2_log,"DPM-2 + corrector, log sigma",Overall sampler,100,0,3,0,1.4760449749883264,1.9680599666511018,cuda,0.2176990509033203,0.06203858554363251,0.9635551571846008,33.692298889160156,1.0398379564285278,0.16481035947799683
uniform,dpm2_log,"DPM-2 + corrector, log sigma",Overall sampler,100,0,3,1,1.5551123030018061,2.073483070669075,cuda,0.15763314068317413,0.04655719920992851,0.9748926162719727,32.108009338378906,0.9494960904121399,0.12287905812263489
uniform,em_uniform,"Euler--Maruyama, uniform t",Euler update,5,0,3,0,0.022648734040558338,0.030198312054077785,cuda,0.3268554210662842,0.6379129886627197,1.4370489120483398,29.350032806396484,3.3886830806732178,0.3077189326286316
uniform,em_uniform,"Euler--Maruyama, uniform t",Euler update,5,0,3,1,0.02622791100293398,0.03497054800391197,cuda,0.34396666288375854,0.5953646898269653,1.4300669431686401,30.177717208862305,6.2359395027160645,0.3167680501937866
uniform,em_uniform,"Euler--Maruyama, uniform t",Euler update,10,0,3,0,0.05001814302522689,0.06669085736696918,cuda,0.2001083344221115,0.23016491532325745,1.17519211769104,34.78528594970703,3.3803114891052246,0.18101511895656586
uniform,em_uniform,"Euler--Maruyama, uniform t",Euler update,10,0,3,1,0.04651349305640906,0.06201799074187875,cuda,0.262061208486557,0.2514241337776184,1.2001922130584717,31.05160140991211,1.735386610031128,0.21863125264644623
uniform,em_uniform,"Euler--Maruyama, uniform t",Euler update,20,0,3,0,0.09548458992503583,0.12731278656671444,cuda,0.2034538835287094,0.24574938416481018,1.1804828643798828,31.055940628051758,1.807565689086914,0.17149171233177185
uniform,em_uniform,"Euler--Maruyama, uniform t",Euler update,20,0,3,1,0.10789285798091441,0.14385714397455254,cuda,0.24336619675159454,0.15025930106639862,1.1204819679260254,33.62287902832031,2.045440673828125,0.1784403771162033
uniform,em_uniform,"Euler--Maruyama, uniform t",Euler update,50,0,3,0,0.24616169091314077,0.3282155878841877,cuda,0.17623215913772583,0.1321536749601364,1.101065993309021,32.32394027709961,1.9949630498886108,0.14072786271572113
uniform,em_uniform,"Euler--Maruyama, uniform t",Euler update,50,0,3,1,0.2370850529987365,0.31611340399831533,cuda,0.18644113838672638,0.13265880942344666,1.1005206108093262,34.03242874145508,1.484083890914917,0.1445430964231491
uniform,em_uniform,"Euler--Maruyama, uniform t",Euler update,100,0,3,0,0.5134097329573706,0.6845463106098274,cuda,0.1926906853914261,0.030752593651413918,1.0213383436203003,30.029155731201172,1.304010272026062,0.14625826478004456
uniform,em_uniform,"Euler--Maruyama, uniform t",Euler update,100,0,3,1,0.47384018602315336,0.6317869146975378,cuda,0.1993585079908371,0.03310038894414902,1.0154863595962524,31.11931037902832,1.4678306579589844,0.15113937854766846
uniform,em_log,"Euler--Maruyama, log sigma",Euler update,5,0,3,0,0.027344327070750296,0.036459102761000395,cuda,0.4038359224796295,0.8580461740493774,1.5721570253372192,33.612396240234375,2.903949022293091,0.33980506658554077
uniform,em_log,"Euler--Maruyama, log sigma",Euler update,5,0,3,1,0.02967012906447053,0.03956017208596071,cuda,0.42099952697753906,0.9696670770645142,1.6179534196853638,29.935413360595703,3.560835123062134,0.3703780472278595
uniform,em_log,"Euler--Maruyama, log sigma",Euler update,10,0,3,0,0.047099615912884474,0.06279948788384597,cuda,0.15471242368221283,0.3076876103878021,1.2114403247833252,31.841678619384766,1.6399011611938477,0.1526474803686142
uniform,em_log,"Euler--Maruyama, log sigma",Euler update,10,0,3,1,0.04936346400063485,0.06581795200084646,cuda,0.2379932701587677,0.29515373706817627,1.2251359224319458,30.753883361816406,1.5759342908859253,0.1789025366306305
uniform,em_log,"Euler--Maruyama, log sigma",Euler update,20,0,3,0,0.09340179094579071,0.12453572126105428,cuda,0.17543651163578033,0.1974884420633316,1.1314388513565063,30.894968032836914,1.3554404973983765,0.13964733481407166
uniform,em_log,"Euler--Maruyama, log sigma",Euler update,20,0,3,1,0.09584415389690548,0.12779220519587398,cuda,0.25227150321006775,0.1527169793844223,1.1149893999099731,30.44805908203125,1.6731449365615845,0.16928228735923767
uniform,em_log,"Euler--Maruyama, log sigma",Euler update,50,0,3,0,0.24335357802920043,0.32447143737226725,cuda,0.14671140909194946,0.11096017807722092,1.077332854270935,34.066463470458984,1.5400731563568115,0.12391501665115356
uniform,em_log,"Euler--Maruyama, log sigma",Euler update,50,0,3,1,0.2411379060940817,0.32151720812544227,cuda,0.16537100076675415,0.13202455639839172,1.0901795625686646,31.584123611450195,1.2199294567108154,0.12886647880077362
uniform,em_log,"Euler--Maruyama, log sigma",Euler update,100,0,3,0,0.4746230769669637,0.632830769289285,cuda,0.1926608383655548,0.01601370982825756,1.0079755783081055,34.57756423950195,1.745375394821167,0.14777827262878418
uniform,em_log,"Euler--Maruyama, log sigma",Euler update,100,0,3,1,0.47084889793768525,0.6277985305835804,cuda,0.16972844302654266,0.027841059491038322,1.021498203277588,30.106374740600586,1.4018573760986328,0.12860798835754395
uniform,sigma_uniform_dpm,"Sigma-space DPM-1, uniform t",DPM predictor,5,1,0,0,0.04407095001079142,0.058761266681055226,cuda,0.4744431972503662,0.3273899257183075,1.1002331972122192,0.13424965739250183,0.6217219233512878,0.31533893942832947
uniform,sigma_uniform_dpm,"Sigma-space DPM-1, uniform t",DPM predictor,5,1,0,1,0.021672247094102204,0.02889632945880294,cuda,0.4739225506782532,0.32171502709388733,1.1080842018127441,0.3992229402065277,0.5880189538002014,0.31408610939979553
uniform,sigma_uniform_dpm,"Sigma-space DPM-1, uniform t",DPM predictor,10,1,0,0,0.044886750052683055,0.059849000070244074,cuda,0.4047236442565918,0.26840487122535706,1.1293092966079712,0.05701277777552605,0.5776728391647339,0.26841455698013306
uniform,sigma_uniform_dpm,"Sigma-space DPM-1, uniform t",DPM predictor,10,1,0,1,0.04808111803140491,0.06410815737520655,cuda,0.42263850569725037,0.28981009125709534,1.1232346296310425,0.07107897847890854,0.5780205130577087,0.2789609730243683
uniform,sigma_uniform_dpm,"Sigma-space DPM-1, uniform t",DPM predictor,20,1,0,0,0.09589273808524013,0.1278569841136535,cuda,0.43863949179649353,0.2195776253938675,1.1130012273788452,0.0414624959230423,0.8694531917572021,0.2868041396141052
uniform,sigma_uniform_dpm,"Sigma-space DPM-1, uniform t",DPM predictor,20,1,0,1,0.09861695603467524,0.1314892747129003,cuda,0.4237971305847168,0.2634514570236206,1.1526484489440918,0.24314557015895844,0.9041655659675598,0.2756255567073822
uniform,sigma_uniform_dpm,"Sigma-space DPM-1, uniform t",DPM predictor,50,1,0,0,0.2365851029753685,0.315446803967158,cuda,0.48884323239326477,0.2825542390346527,1.1864137649536133,0.26682034134864807,1.352535605430603,0.3164188265800476
uniform,sigma_uniform_dpm,"Sigma-space DPM-1, uniform t",DPM predictor,50,1,0,1,0.2330165320308879,0.3106887093745172,cuda,0.46562710404396057,0.2573750615119934,1.138637661933899,0.06650519371032715,1.2638182640075684,0.30455005168914795
uniform,sigma_uniform_dpm,"Sigma-space DPM-1, uniform t",DPM predictor,100,1,0,0,0.4728579899528995,0.6304773199371994,cuda,0.4377541244029999,0.17202593386173248,1.1159371137619019,0.10751384496688843,1.9932548999786377,0.28536534309387207
uniform,sigma_uniform_dpm,"Sigma-space DPM-1, uniform t",DPM predictor,100,1,0,1,0.5130201020510867,0.6840268027347823,cuda,0.44957655668258667,0.1967184990644455,1.1318527460098267,0.059978898614645004,1.0912222862243652,0.2927248179912567
uniform,sigma_log_dpm,"Sigma-space DPM-1, log sigma",DPM predictor,5,1,0,0,0.02251286501996219,0.03001715335994959,cuda,0.5899201035499573,0.3209819197654724,1.0650166273117065,0.18242298066616058,2.114725351333618,0.38944995403289795
uniform,sigma_log_dpm,"Sigma-space DPM-1, log sigma",DPM predictor,5,1,0,1,0.02245576004497707,0.029941013393302757,cuda,0.5910712480545044,0.3128410577774048,1.0721967220306396,0.36409398913383484,2.0680739879608154,0.38939234614372253
uniform,sigma_log_dpm,"Sigma-space DPM-1, log sigma",DPM predictor,10,1,0,0,0.04829267307650298,0.06439023076867063,cuda,0.4977327585220337,0.2636965215206146,1.1163066625595093,0.0959281250834465,1.7814509868621826,0.3274146020412445
uniform,sigma_log_dpm,"Sigma-space DPM-1, log sigma",DPM predictor,10,1,0,1,0.04835616401396692,0.06447488535195589,cuda,0.5169463157653809,0.2844381034374237,1.109124779701233,0.11116574704647064,1.5577585697174072,0.33862435817718506
uniform,sigma_log_dpm,"Sigma-space DPM-1, log sigma",DPM predictor,20,1,0,0,0.09256898600142449,0.12342531466856599,cuda,0.49404576420783997,0.22365644574165344,1.1095263957977295,0.07554041594266891,1.5391916036605835,0.32191002368927
uniform,sigma_log_dpm,"Sigma-space DPM-1, log sigma",DPM predictor,20,1,0,1,0.09609670704230666,0.12812894272307554,cuda,0.47845131158828735,0.2628023028373718,1.1480919122695923,0.33067718148231506,1.5075324773788452,0.31017544865608215
uniform,sigma_log_dpm,"Sigma-space DPM-1, log sigma",DPM predictor,50,1,0,0,0.23678272508550435,0.3157103001140058,cuda,0.5118137001991272,0.28389525413513184,1.185172200202942,0.2796182632446289,1.6550294160842896,0.3309254050254822
uniform,sigma_log_dpm,"Sigma-space DPM-1, log sigma",DPM predictor,50,1,0,1,0.23829017695970833,0.3177202359462778,cuda,0.4890884757041931,0.25902196764945984,1.1373357772827148,0.08113780617713928,1.5555033683776855,0.3193758428096771
uniform,sigma_log_dpm,"Sigma-space DPM-1, log sigma",DPM predictor,100,1,0,0,0.4636131280567497,0.6181508374089996,cuda,0.45069918036460876,0.17436541616916656,1.1160730123519897,0.11808166652917862,2.1954681873321533,0.29358887672424316
uniform,sigma_log_dpm,"Sigma-space DPM-1, log sigma",DPM predictor,100,1,0,1,0.5207279479363933,0.6943039305818578,cuda,0.4614869952201843,0.19844016432762146,1.1318202018737793,0.06613031774759293,1.2081066370010376,0.30025166273117065
uniform,dpm2_uniform,"DPM-2 + corrector, uniform t",Overall sampler,5,1,0,0,0.15796366392169148,0.2106182185622553,cuda,0.19744330644607544,0.2683241069316864,1.2122373580932617,0.09016277641057968,0.6270442008972168,0.15815873444080353
uniform,dpm2_uniform,"DPM-2 + corrector, uniform t",Overall sampler,5,1,0,1,0.1953921529930085,0.26052287065734464,cuda,0.20179472863674164,0.28892993927001953,1.2260748147964478,0.0314536988735199,0.2637298107147217,0.16357821226119995
uniform,dpm2_uniform,"DPM-2 + corrector, uniform t",Overall sampler,10,1,0,0,0.2529981300467625,0.33733084006235003,cuda,0.13538365066051483,0.2975315451622009,1.2147618532180786,0.01360846683382988,0.20169171690940857,0.12843094766139984
uniform,dpm2_uniform,"DPM-2 + corrector, uniform t",Overall sampler,10,1,0,1,0.23515401990152895,0.3135386932020386,cuda,0.1436021625995636,0.17942827939987183,1.1470481157302856,0.016353800892829895,0.05660945549607277,0.1143016368150711
uniform,dpm2_uniform,"DPM-2 + corrector, uniform t",Overall sampler,20,1,0,0,0.36857078899629414,0.4914277186617255,cuda,0.08401049673557281,0.24962469935417175,1.1879271268844604,0.004225687123835087,0.04901205748319626,0.10288961976766586
uniform,dpm2_uniform,"DPM-2 + corrector, uniform t",Overall sampler,20,1,0,1,0.386343311984092,0.5151244159787893,cuda,0.07302039861679077,0.3731096088886261,1.2513904571533203,0.0417122058570385,0.013583091087639332,0.11649501323699951
uniform,dpm2_uniform,"DPM-2 + corrector, uniform t",Overall sampler,50,1,0,0,0.8412269229302183,1.1216358972402911,cuda,0.1266077160835266,0.29448479413986206,1.2023805379867554,0.2377949059009552,0.016359182074666023,0.11151088029146194
uniform,dpm2_uniform,"DPM-2 + corrector, uniform t",Overall sampler,50,1,0,1,0.7880194059107453,1.050692541214327,cuda,0.11595457047224045,0.3019587993621826,1.2058757543563843,0.5057370662689209,0.03356209769845009,0.12072104215621948
uniform,dpm2_uniform,"DPM-2 + corrector, uniform t",Overall sampler,100,1,0,0,1.484142325934954,1.9788564345799387,cuda,0.12716242671012878,0.2699119448661804,1.1866573095321655,0.0012457126285880804,0.009527124464511871,0.10064173489809036
uniform,dpm2_uniform,"DPM-2 + corrector, uniform t",Overall sampler,100,1,0,1,1.4980242350138724,1.9973656466851633,cuda,0.2264462262392044,0.3234611749649048,1.2192072868347168,0.2398480921983719,0.011925586499273777,0.15502482652664185
uniform,dpm2_log,"DPM-2 + corrector, log sigma",Overall sampler,5,1,0,0,0.16134709399193525,0.21512945865591368,cuda,0.20073261857032776,0.15990477800369263,1.1327840089797974,0.019389411434531212,0.40956008434295654,0.14107835292816162
uniform,dpm2_log,"DPM-2 + corrector, log sigma",Overall sampler,5,1,0,1,0.1902440630365163,0.2536587507153551,cuda,0.21114230155944824,0.15409843623638153,1.1267616748809814,0.013336583971977234,0.2793455421924591,0.1481744796037674
uniform,dpm2_log,"DPM-2 + corrector, log sigma",Overall sampler,10,1,0,0,0.23512841307092458,0.3135045507612328,cuda,0.23767752945423126,0.24477265775203705,1.1933784484863281,0.06081322208046913,0.33967292308807373,0.1644023209810257
uniform,dpm2_log,"DPM-2 + corrector, log sigma",Overall sampler,10,1,0,1,0.22737590596079826,0.3031678746143977,cuda,0.24285030364990234,0.1632930040359497,1.1389931440353394,0.02904597669839859,0.4428481459617615,0.16247256100177765
uniform,dpm2_log,"DPM-2 + corrector, log sigma",Overall sampler,20,1,0,0,0.3785558780655265,0.5047411707540354,cuda,0.1679738610982895,0.14390291273593903,1.1125004291534424,0.1907125860452652,0.17254571616649628,0.11952847987413406
uniform,dpm2_log,"DPM-2 + corrector, log sigma",Overall sampler,20,1,0,1,0.3730443170061335,0.4973924226748447,cuda,0.1488150954246521,0.2878713011741638,1.2112176418304443,0.054001811891794205,0.11510246247053146,0.1296282857656479
uniform,dpm2_log,"DPM-2 + corrector, log sigma",Overall sampler,50,1,0,0,0.8020268379477784,1.0693691172637045,cuda,0.04938637465238571,0.3120874762535095,1.2096526622772217,0.12391786277294159,0.015520905144512653,0.10950609296560287
uniform,dpm2_log,"DPM-2 + corrector, log sigma",Overall sampler,50,1,0,1,0.7841140849050134,1.0454854465400178,cuda,0.059486061334609985,0.24436110258102417,1.1696726083755493,0.00585210882127285,0.04387732967734337,0.09690652042627335
uniform,dpm2_log,"DPM-2 + corrector, log sigma",Overall sampler,100,1,0,0,1.4916854610200971,1.988913948026796,cuda,0.08208469301462173,0.20795942842960358,1.1452577114105225,0.034735795110464096,0.002780863083899021,0.08146019279956818
uniform,dpm2_log,"DPM-2 + corrector, log sigma",Overall sampler,100,1,0,1,1.4759825179353356,1.9679766905804474,cuda,0.18047912418842316,0.2693026065826416,1.1830350160598755,0.001239238423295319,0.024198323488235474,0.12417259812355042
uniform,em_uniform,"Euler--Maruyama, uniform t",Euler update,5,1,0,0,0.026042499928735197,0.03472333323831359,cuda,0.3229876756668091,0.794599175453186,1.5970467329025269,0.0810740739107132,0.16184872388839722,0.3404783606529236
uniform,em_uniform,"Euler--Maruyama, uniform t",Euler update,5,1,0,1,0.024418898043222725,0.032558530724296965,cuda,0.33754944801330566,0.8509190678596497,1.6306548118591309,0.2169894278049469,0.8565812110900879,0.3594566881656647
uniform,em_uniform,"Euler--Maruyama, uniform t",Euler update,10,1,0,0,0.05128120502922684,0.06837494003896911,cuda,0.2139432728290558,0.5545713305473328,1.4188272953033447,0.16209332644939423,0.006900477223098278,0.23888801038265228
uniform,em_uniform,"Euler--Maruyama, uniform t",Euler update,10,1,0,1,0.058629133040085435,0.07817217738678058,cuda,0.19332897663116455,0.3580784797668457,1.306097388267517,0.00321391923353076,0.002546361181885004,0.19525721669197083
uniform,em_uniform,"Euler--Maruyama, uniform t",Euler update,20,1,0,0,0.11643974098842591,0.15525298798456788,cuda,0.1522282361984253,0.28014689683914185,1.2315033674240112,0.09387914091348648,0.036650653928518295,0.14969435334205627
uniform,em_uniform,"Euler--Maruyama, uniform t",Euler update,20,1,0,1,0.09875376091804355,0.13167168122405806,cuda,0.1335994452238083,0.4085232615470886,1.3116494417190552,0.18088464438915253,0.03635718300938606,0.1680724322795868
uniform,em_uniform,"Euler--Maruyama, uniform t",Euler update,50,1,0,0,0.2717931088991463,0.3623908118655284,cuda,0.11351186782121658,0.357826828956604,1.2591722011566162,0.022640205919742584,0.14413005113601685,0.14142972230911255
uniform,em_uniform,"Euler--Maruyama, uniform t",Euler update,50,1,0,1,0.23970217700116336,0.31960290266821784,cuda,0.09579416364431381,0.29970547556877136,1.2253261804580688,0.0894714742898941,0.062035851180553436,0.12891089916229248
uniform,em_uniform,"Euler--Maruyama, uniform t",Euler update,100,1,0,0,0.47215690300799906,0.6295425373439988,cuda,0.1119113638997078,0.24308937788009644,1.1812852621078491,0.012994998134672642,0.008093290962278843,0.11368445307016373
uniform,em_uniform,"Euler--Maruyama, uniform t",Euler update,100,1,0,1,0.47917972202412784,0.6389062960321704,cuda,0.08887435495853424,0.31922298669815063,1.2278075218200684,0.022080015391111374,0.12379247695207596,0.11599119007587433
uniform,em_log,"Euler--Maruyama, log sigma",Euler update,5,1,0,0,0.026957256020978093,0.03594300802797079,cuda,0.4269759953022003,1.0375436544418335,1.7005925178527832,0.028778422623872757,0.3714563250541687,0.3910205364227295
uniform,em_log,"Euler--Maruyama, log sigma",Euler update,5,1,0,1,0.02733983809594065,0.0364531174612542,cuda,0.43879884481430054,1.0363330841064453,1.7112538814544678,0.056863341480493546,0.2900896668434143,0.399211049079895
uniform,em_log,"Euler--Maruyama, log sigma",Euler update,10,1,0,0,0.0470139819663018,0.0626853092884024,cuda,0.21169310808181763,0.542888879776001,1.3782557249069214,0.0040194196626544,0.062069348990917206,0.20325127243995667
uniform,em_log,"Euler--Maruyama, log sigma",Euler update,10,1,0,1,0.047254665987566113,0.06300622131675482,cuda,0.23818902671337128,0.4482957124710083,1.3425477743148804,0.02292023040354252,0.08977010101079941,0.20268535614013672
uniform,em_log,"Euler--Maruyama, log sigma",Euler update,20,1,0,0,0.0930372669827193,0.12404968931029241,cuda,0.1445344090461731,0.2416262924671173,1.1851110458374023,0.05839818716049194,0.05978351831436157,0.12184314429759979
uniform,em_log,"Euler--Maruyama, log sigma",Euler update,20,1,0,1,0.0931325979763642,0.12417679730181892,cuda,0.13595633208751678,0.4089060425758362,1.2848881483078003,0.029016250744462013,0.08591114729642868,0.15177889168262482
uniform,em_log,"Euler--Maruyama, log sigma",Euler update,50,1,0,0,0.2331411479972303,0.3108548639963071,cuda,0.11633213609457016,0.3733346462249756,1.2547283172607422,0.10899930447340012,0.0799667090177536,0.1391156166791916
uniform,em_log,"Euler--Maruyama, log sigma",Euler update,50,1,0,1,0.23290189495310187,0.3105358599374692,cuda,0.10364954173564911,0.28205686807632446,1.2054587602615356,0.0037665448617190123,0.06586313247680664,0.11892732977867126
uniform,em_log,"Euler--Maruyama, log sigma",Euler update,100,1,0,0,0.4772484749555588,0.636331299940745,cuda,0.10065065324306488,0.25072944164276123,1.1810343265533447,0.012292522937059402,0.08409390598535538,0.10883451998233795
uniform,em_log,"Euler--Maruyama, log sigma",Euler update,100,1,0,1,0.46606873092241585,0.6214249745632211,cuda,0.08290578424930573,0.3428763449192047,1.2364366054534912,0.1238311305642128,0.03468568995594978,0.11598602682352066
uniform,sigma_uniform_dpm,"Sigma-space DPM-1, uniform t",DPM predictor,5,1,1,0,0.0217172100674361,0.0289562800899148,cuda,0.2093280553817749,0.14213375747203827,1.30898118019104,0.06432003527879715,0.059258200228214264,0.1469440758228302
uniform,sigma_uniform_dpm,"Sigma-space DPM-1, uniform t",DPM predictor,5,1,1,1,0.022315275040455163,0.029753700053940218,cuda,0.20140527188777924,0.16758409142494202,1.3758525848388672,0.008953600190579891,0.009655606001615524,0.14451058208942413
uniform,sigma_uniform_dpm,"Sigma-space DPM-1, uniform t",DPM predictor,10,1,1,0,0.045899088960140944,0.06119878528018793,cuda,0.20708024501800537,0.13707910478115082,1.315197467803955,0.024744927883148193,0.022060658782720566,0.14284197986125946
uniform,sigma_uniform_dpm,"Sigma-space DPM-1, uniform t",DPM predictor,10,1,1,1,0.04627233603969216,0.06169644805292288,cuda,0.19383201003074646,0.12122143805027008,1.2639703750610352,0.05480000749230385,0.05067187547683716,0.13436554372310638
uniform,sigma_uniform_dpm,"Sigma-space DPM-1, uniform t",DPM predictor,20,1,1,0,0.09112847503274679,0.12150463337699573,cuda,0.1330590546131134,0.17354170978069305,1.4571261405944824,0.04611014574766159,0.04195552319288254,0.12469432502985
uniform,sigma_uniform_dpm,"Sigma-space DPM-1, uniform t",DPM predictor,20,1,1,1,0.0923740080324933,0.1231653440433244,cuda,0.15419963002204895,0.14162001013755798,1.3647373914718628,0.027362583205103874,0.02439180202782154,0.12403920292854309
uniform,sigma_uniform_dpm,"Sigma-space DPM-1, uniform t",DPM predictor,50,1,1,0,0.2400054830359295,0.32000731071457267,cuda,0.17086543142795563,0.14604376256465912,1.4087055921554565,0.1092434972524643,0.10277976095676422,0.13413742184638977
uniform,sigma_uniform_dpm,"Sigma-space DPM-1, uniform t",DPM predictor,50,1,1,1,0.23666753701400012,0.3155567160186668,cuda,0.18370279669761658,0.165169358253479,1.4328827857971191,0.06610316783189774,0.06085948646068573,0.14390718936920166
uniform,sigma_uniform_dpm,"Sigma-space DPM-1, uniform t",DPM predictor,100,1,1,0,0.4737280390691012,0.6316373854254683,cuda,0.19654615223407745,0.1523837000131607,1.3931423425674438,0.014961743727326393,0.013157465495169163,0.14215995371341705
uniform,sigma_uniform_dpm,"Sigma-space DPM-1, uniform t",DPM predictor,100,1,1,1,0.4676604869309813,0.6235473159079751,cuda,0.19529934227466583,0.149439737200737,1.391821265220642,0.04730560630559921,0.04302673041820526,0.13773949444293976
uniform,sigma_log_dpm,"Sigma-space DPM-1, log sigma",DPM predictor,5,1,1,0,0.02617348695639521,0.034897982608526945,cuda,0.21565522253513336,0.11657657474279404,1.2843490839004517,0.06360509991645813,0.05885094776749611,0.14574533700942993
uniform,sigma_log_dpm,"Sigma-space DPM-1, log sigma",DPM predictor,5,1,1,1,0.02409177296794951,0.03212236395726601,cuda,0.2090647667646408,0.13883261382579803,1.3449821472167969,0.006926834583282471,0.007224898785352707,0.14397233724594116
uniform,sigma_log_dpm,"Sigma-space DPM-1, log sigma",DPM predictor,10,1,1,0,0.04478573601227254,0.05971431468303005,cuda,0.21440401673316956,0.1311178356409073,1.3355351686477661,0.032936885952949524,0.029635481536388397,0.1461179405450821
uniform,sigma_log_dpm,"Sigma-space DPM-1, log sigma",DPM predictor,10,1,1,1,0.04517452802974731,0.060232704039663076,cuda,0.20108340680599213,0.11539819091558456,1.2852174043655396,0.042095161974430084,0.038575757294893265,0.13649827241897583
uniform,sigma_log_dpm,"Sigma-space DPM-1, log sigma",DPM predictor,20,1,1,0,0.09593852097168565,0.12791802796224752,cuda,0.13796153664588928,0.17393146455287933,1.476049780845642,0.04820861667394638,0.043939948081970215,0.12948408722877502
uniform,sigma_log_dpm,"Sigma-space DPM-1, log sigma",DPM predictor,20,1,1,1,0.09401182702276856,0.12534910269702473,cuda,0.15933144092559814,0.14196600019931793,1.385323166847229,0.030362287536263466,0.027159476652741432,0.1286035180091858
uniform,sigma_log_dpm,"Sigma-space DPM-1, log sigma",DPM predictor,50,1,1,0,0.23214947001542896,0.30953262668723863,cuda,0.1731884777545929,0.14717388153076172,1.4196776151657104,0.11058160662651062,0.1040830910205841,0.13665732741355896
uniform,sigma_log_dpm,"Sigma-space DPM-1, log sigma",DPM predictor,50,1,1,1,0.23216760403010994,0.3095568053734799,cuda,0.18589934706687927,0.1660718023777008,1.443037509918213,0.06729859858751297,0.062001585960388184,0.14593735337257385
uniform,sigma_log_dpm,"Sigma-space DPM-1, log sigma",DPM predictor,100,1,1,0,0.4717712759738788,0.6290283679651717,cuda,0.1977030485868454,0.15295591950416565,1.3987115621566772,0.013908756896853447,0.012166464701294899,0.14317207038402557
uniform,sigma_log_dpm,"Sigma-space DPM-1, log sigma",DPM predictor,100,1,1,1,0.463830286054872,0.6184403814064959,cuda,0.19643913209438324,0.15002401173114777,1.3976211547851562,0.047791387885808945,0.0434853732585907,0.13877460360527039
uniform,dpm2_uniform,"DPM-2 + corrector, uniform t",Overall sampler,5,1,1,0,0.15847871999721974,0.21130495999629298,cuda,0.13377973437309265,0.21252141892910004,1.6020727157592773,0.054463665932416916,0.05077885836362839,0.15634950995445251
uniform,dpm2_uniform,"DPM-2 + corrector, uniform t",Overall sampler,5,1,1,1,0.16407358401920646,0.21876477869227529,cuda,0.13004593551158905,0.1977289468050003,1.548845887184143,0.014132995158433914,0.012617294676601887,0.13169626891613007
uniform,dpm2_uniform,"DPM-2 + corrector, uniform t",Overall sampler,10,1,1,0,0.23650736000854522,0.3153431466780603,cuda,0.10591050982475281,0.14846551418304443,1.4200750589370728,0.03870294988155365,0.034944504499435425,0.10851495712995529
uniform,dpm2_uniform,"DPM-2 + corrector, uniform t",Overall sampler,10,1,1,1,0.23109643789939582,0.3081285838658611,cuda,0.1301993429660797,0.16435495018959045,1.4394659996032715,0.04004495590925217,0.03620654344558716,0.12350356578826904
uniform,dpm2_uniform,"DPM-2 + corrector, uniform t",Overall sampler,20,1,1,0,0.3736687789205462,0.49822503856072825,cuda,0.07446740567684174,0.1474376916885376,1.3847265243530273,0.0010182401165366173,0.000850326323416084,0.08991245925426483
uniform,dpm2_uniform,"DPM-2 + corrector, uniform t",Overall sampler,20,1,1,1,0.46544588392134756,0.62059451189513,cuda,0.059294234961271286,0.14336290955543518,1.3816360235214233,0.0009850546484813094,0.001125425798818469,0.09292800724506378
uniform,dpm2_uniform,"DPM-2 + corrector, uniform t",Overall sampler,50,1,1,0,0.7945701739517972,1.0594268986023962,cuda,0.09047156572341919,0.13685393333435059,1.3527206182479858,0.0008727702079340816,0.0007756587001495063,0.09428885579109192
uniform,dpm2_uniform,"DPM-2 + corrector, uniform t",Overall sampler,50,1,1,1,0.8034510619472712,1.0712680825963616,cuda,0.08227837085723877,0.12879882752895355,1.3432765007019043,0.008490470238029957,0.009176927618682384,0.08204246312379837
uniform,dpm2_uniform,"DPM-2 + corrector, uniform t",Overall sampler,100,1,1,0,1.506169377011247,2.008225836014996,cuda,0.05794413015246391,0.10390137135982513,1.2492483854293823,0.011151693761348724,0.01061320398002863,0.06647685915231705
uniform,dpm2_uniform,"DPM-2 + corrector, uniform t",Overall sampler,100,1,1,1,1.502045762958005,2.002727683944007,cuda,0.03093673102557659,0.1020759642124176,1.2716639041900635,0.015116089954972267,0.014265489764511585,0.06399953365325928
uniform,dpm2_log,"DPM-2 + corrector, log sigma",Overall sampler,5,1,1,0,0.164054794004187,0.21873972533891597,cuda,0.1560453325510025,0.1435692459344864,1.387980341911316,0.060692571103572845,0.056103285402059555,0.1252477765083313
uniform,dpm2_log,"DPM-2 + corrector, log sigma",Overall sampler,5,1,1,1,0.1605574981076643,0.2140766641435524,cuda,0.1556973159313202,0.15444247424602509,1.3851996660232544,0.0370112881064415,0.033410925418138504,0.11954081803560257
uniform,dpm2_log,"DPM-2 + corrector, log sigma",Overall sampler,10,1,1,0,0.26481604389846325,0.35308805853128433,cuda,0.14666271209716797,0.13803966343402863,1.362926721572876,0.00812706258147955,0.007293658796697855,0.11745687574148178
uniform,dpm2_log,"DPM-2 + corrector, log sigma",Overall sampler,10,1,1,1,0.22841873101424426,0.30455830801899236,cuda,0.14999857544898987,0.1548541933298111,1.392556071281433,0.022364988923072815,0.01978905498981476,0.121636301279068
uniform,dpm2_log,"DPM-2 + corrector, log sigma",Overall sampler,20,1,1,0,0.366120898979716,0.4881611986396213,cuda,0.0944109633564949,0.1298930048942566,1.3327326774597168,0.010629737749695778,0.009193571284413338,0.08676434308290482
uniform,dpm2_log,"DPM-2 + corrector, log sigma",Overall sampler,20,1,1,1,0.37173652509227395,0.4956487001230319,cuda,0.08065366744995117,0.12712739408016205,1.3239831924438477,0.015585964545607567,0.013822827488183975,0.08236493170261383
uniform,dpm2_log,"DPM-2 + corrector, log sigma",Overall sampler,50,1,1,0,0.8023744679521769,1.069832623936236,cuda,0.10305479168891907,0.07598605006933212,1.1509073972702026,0.02024216577410698,0.018549809232354164,0.07926876097917557
uniform,dpm2_log,"DPM-2 + corrector, log sigma",Overall sampler,50,1,1,1,0.8273117169737816,1.1030822892983754,cuda,0.09915009886026382,0.08584748208522797,1.1953916549682617,0.04802188277244568,0.04418875277042389,0.07914307713508606
uniform,dpm2_log,"DPM-2 + corrector, log sigma",Overall sampler,100,1,1,0,1.504400314996019,2.005867086661359,cuda,0.06862296909093857,0.0422365702688694,1.02655029296875,0.0053359586745500565,0.004882999695837498,0.054584890604019165
uniform,dpm2_log,"DPM-2 + corrector, log sigma",Overall sampler,100,1,1,1,1.5268552870256826,2.035807049367577,cuda,0.055799003690481186,0.04057036712765694,1.0208855867385864,0.00109036173671484,0.00137814087793231,0.04961494356393814
uniform,em_uniform,"Euler--Maruyama, uniform t",Euler update,5,1,1,0,0.022553250077180564,0.03007100010290742,cuda,0.13878263533115387,0.6893917918205261,2.5764777660369873,0.049288030713796616,0.04923979192972183,0.3676789104938507
uniform,em_uniform,"Euler--Maruyama, uniform t",Euler update,5,1,1,1,0.03058141900692135,0.040775225342561804,cuda,0.1287394016981125,0.6867592334747314,2.5618233680725098,0.01309529971331358,0.01237119734287262,0.35960400104522705
uniform,em_uniform,"Euler--Maruyama, uniform t",Euler update,10,1,1,0,0.0586098589701578,0.07814647862687707,cuda,0.13327687978744507,0.37649908661842346,1.9834669828414917,0.09282521903514862,0.08909603953361511,0.23765555024147034
uniform,em_uniform,"Euler--Maruyama, uniform t",Euler update,10,1,1,1,0.05954114906489849,0.07938819875319798,cuda,0.1402401328086853,0.380476713180542,1.9672930240631104,0.07165893912315369,0.06721100211143494,0.22740444540977478
uniform,em_uniform,"Euler--Maruyama, uniform t",Euler update,20,1,1,0,0.10974435904063284,0.14632581205417713,cuda,0.08931393921375275,0.26827552914619446,1.7258628606796265,0.0050590746104717255,0.004892491269856691,0.1643013060092926
uniform,em_uniform,"Euler--Maruyama, uniform t",Euler update,20,1,1,1,0.09783800796139985,0.13045067728186646,cuda,0.0665164440870285,0.22864311933517456,1.6503773927688599,0.004128454718738794,0.0034978375770151615,0.14844799041748047
uniform,em_uniform,"Euler--Maruyama, uniform t",Euler update,50,1,1,0,0.2364514929940924,0.31526865732545656,cuda,0.12338677793741226,0.19942006468772888,1.5379817485809326,0.03921828418970108,0.036046434193849564,0.1349901258945465
uniform,em_uniform,"Euler--Maruyama, uniform t",Euler update,50,1,1,1,0.23676596500445157,0.31568795333926875,cuda,0.11159515380859375,0.202032208442688,1.5519754886627197,0.018385780975222588,0.01760437712073326,0.13192376494407654
uniform,em_uniform,"Euler--Maruyama, uniform t",Euler update,100,1,1,0,0.4723080350086093,0.6297440466781458,cuda,0.10577324777841568,0.16376107931137085,1.4390339851379395,0.018807146698236465,0.016602415591478348,0.10656813532114029
uniform,em_uniform,"Euler--Maruyama, uniform t",Euler update,100,1,1,1,0.4755029089283198,0.6340038785710931,cuda,0.08177632093429565,0.15666933357715607,1.4356433153152466,0.017191676422953606,0.018764154985547066,0.10378675907850266
uniform,em_log,"Euler--Maruyama, log sigma",Euler update,5,1,1,0,0.02289295697119087,0.030523942628254492,cuda,0.07151510566473007,0.7057142853736877,2.503248453140259,0.004092744551599026,0.00398681266233325,0.32823804020881653
uniform,em_log,"Euler--Maruyama, log sigma",Euler update,5,1,1,1,0.023451545042917132,0.03126872672388951,cuda,0.12657971680164337,0.6979424357414246,2.482356071472168,0.05402393266558647,0.049636319279670715,0.32821476459503174
uniform,em_log,"Euler--Maruyama, log sigma",Euler update,10,1,1,0,0.053528237040154636,0.07137098272020619,cuda,0.088140569627285,0.2835085093975067,1.738120675086975,0.018082963302731514,0.017131082713603973,0.17292478680610657
uniform,em_log,"Euler--Maruyama, log sigma",Euler update,10,1,1,1,0.05892409197986126,0.07856545597314835,cuda,0.10976140946149826,0.31454718112945557,1.7863105535507202,0.08827577531337738,0.08205394446849823,0.1776120364665985
uniform,em_log,"Euler--Maruyama, log sigma",Euler update,20,1,1,0,0.1017460209550336,0.13566136127337813,cuda,0.08630574494600296,0.18464845418930054,1.4927427768707275,0.004157070070505142,0.004441139753907919,0.1076948493719101
uniform,em_log,"Euler--Maruyama, log sigma",Euler update,20,1,1,1,0.09864625101909041,0.13152833469212055,cuda,0.06550955772399902,0.18593630194664001,1.4950311183929443,0.014402220025658607,0.012608281336724758,0.10767915099859238
uniform,em_log,"Euler--Maruyama, log sigma",Euler update,50,1,1,0,0.23370196402538568,0.31160261870051426,cuda,0.11483821272850037,0.1256132572889328,1.3164117336273193,0.009788465686142445,0.008497579954564571,0.09428531676530838
uniform,em_log,"Euler--Maruyama, log sigma",Euler update,50,1,1,1,0.23745836003217846,0.3166111467095713,cuda,0.10794263333082199,0.14548064768314362,1.3849997520446777,0.08789388835430145,0.08181512355804443,0.10370596498250961
uniform,em_log,"Euler--Maruyama, log sigma",Euler update,100,1,1,0,0.47369255498051643,0.6315900733073553,cuda,0.0943867638707161,0.13263827562332153,1.3438136577606201,0.054273493587970734,0.050198107957839966,0.09188324958086014
uniform,em_log,"Euler--Maruyama, log sigma",Euler update,100,1,1,1,0.47490339004434645,0.6332045200591286,cuda,0.10743074119091034,0.13844622671604156,1.3479034900665283,0.012487584725022316,0.010994616895914078,0.09407059103250504
uniform,sigma_uniform_dpm,"Sigma-space DPM-1, uniform t",DPM predictor,5,1,2,0,0.02594347100239247,0.03459129466985663,cuda,0.47113895416259766,0.13891421258449554,1.266741394996643,2588.970703125,69.5146484375,0.3069433271884918
uniform,sigma_uniform_dpm,"Sigma-space DPM-1, uniform t",DPM predictor,5,1,2,1,0.026195910992100835,0.03492788132280111,cuda,0.4618206024169922,0.11643016338348389,1.2151272296905518,2591.380615234375,69.3433837890625,0.3009398281574249
uniform,sigma_uniform_dpm,"Sigma-space DPM-1, uniform t",DPM predictor,10,1,2,0,0.0474801940144971,0.0633069253526628,cuda,0.4915899336338043,0.17510412633419037,1.376203179359436,2596.9423828125,69.42404174804688,0.3204265832901001
uniform,sigma_uniform_dpm,"Sigma-space DPM-1, uniform t",DPM predictor,10,1,2,1,0.04706661798991263,0.06275549065321684,cuda,0.45853278040885925,0.14937931299209595,1.3096216917037964,2584.667236328125,70.31793212890625,0.2996610403060913
uniform,sigma_uniform_dpm,"Sigma-space DPM-1, uniform t",DPM predictor,20,1,2,0,0.09227135393302888,0.12302847191070516,cuda,0.49303722381591797,0.18167909979820251,1.393750786781311,2595.3427734375,70.13627624511719,0.32300034165382385
uniform,sigma_uniform_dpm,"Sigma-space DPM-1, uniform t",DPM predictor,20,1,2,1,0.10898116801399738,0.14530822401866317,cuda,0.4573504626750946,0.15567736327648163,1.3397902250289917,2572.49658203125,71.22022247314453,0.29855722188949585
uniform,sigma_uniform_dpm,"Sigma-space DPM-1, uniform t",DPM predictor,50,1,2,0,0.23492608801461756,0.31323478401949006,cuda,0.4588053226470947,0.14802895486354828,1.3355505466461182,2598.628173828125,69.87894439697266,0.2997521758079529
uniform,sigma_uniform_dpm,"Sigma-space DPM-1, uniform t",DPM predictor,50,1,2,1,0.23156396590638906,0.30875195454185206,cuda,0.42254433035850525,0.15997429192066193,1.3500304222106934,2584.59033203125,70.26066589355469,0.2762675881385803
uniform,sigma_uniform_dpm,"Sigma-space DPM-1, uniform t",DPM predictor,100,1,2,0,0.46524125698488206,0.6203216759798428,cuda,0.472102552652359,0.1658858060836792,1.3830925226211548,2592.374267578125,69.97035217285156,0.30984705686569214
uniform,sigma_uniform_dpm,"Sigma-space DPM-1, uniform t",DPM predictor,100,1,2,1,0.46285497094504535,0.6171399612600604,cuda,0.47064900398254395,0.21164992451667786,1.477189302444458,2598.623291015625,70.22579956054688,0.3087102174758911
uniform,sigma_log_dpm,"Sigma-space DPM-1, log sigma",DPM predictor,5,1,2,0,0.02285104792099446,0.03046806389465928,cuda,0.4772525429725647,0.11419779062271118,1.240131139755249,2587.087646484375,69.55164337158203,0.31125885248184204
uniform,sigma_log_dpm,"Sigma-space DPM-1, log sigma",DPM predictor,5,1,2,1,0.02736665995325893,0.036488879937678576,cuda,0.4682181477546692,0.0940551832318306,1.192941427230835,2590.011962890625,69.6670150756836,0.3052966296672821
uniform,sigma_log_dpm,"Sigma-space DPM-1, log sigma",DPM predictor,10,1,2,0,0.047573331044986844,0.06343110805998246,cuda,0.49702349305152893,0.1695999950170517,1.3938918113708496,2595.971923828125,68.91770935058594,0.32545894384384155
uniform,sigma_log_dpm,"Sigma-space DPM-1, log sigma",DPM predictor,10,1,2,1,0.04536980902776122,0.060493078703681626,cuda,0.4647756516933441,0.14379097521305084,1.3277298212051392,2579.675537109375,70.13703918457031,0.30470967292785645
uniform,sigma_log_dpm,"Sigma-space DPM-1, log sigma",DPM predictor,20,1,2,0,0.09404207789339125,0.12538943719118834,cuda,0.4978109896183014,0.18164020776748657,1.4114127159118652,2595.6884765625,69.92085266113281,0.32691052556037903
uniform,sigma_log_dpm,"Sigma-space DPM-1, log sigma",DPM predictor,20,1,2,1,0.09174007503315806,0.12232010004421075,cuda,0.46211448311805725,0.15597987174987793,1.3586918115615845,2572.457275390625,71.22773742675781,0.30268943309783936
uniform,sigma_log_dpm,"Sigma-space DPM-1, log sigma",DPM predictor,50,1,2,0,0.25356611295137554,0.33808815060183406,cuda,0.46120336651802063,0.14891274273395538,1.3453738689422607,2598.80322265625,69.88809204101562,0.30172741413116455
uniform,sigma_log_dpm,"Sigma-space DPM-1, log sigma",DPM predictor,50,1,2,1,0.24344308394938707,0.3245907785991828,cuda,0.4247669577598572,0.1609915941953659,1.359334111213684,2583.790283203125,70.3673095703125,0.2781452536582947
uniform,sigma_log_dpm,"Sigma-space DPM-1, log sigma",DPM predictor,100,1,2,0,0.46502481203060597,0.6200330827074746,cuda,0.47344356775283813,0.16651436686515808,1.3883447647094727,2592.459716796875,69.9661865234375,0.31097212433815
uniform,sigma_log_dpm,"Sigma-space DPM-1, log sigma",DPM predictor,100,1,2,1,0.48066444299183786,0.6408859239891171,cuda,0.4719981551170349,0.21240583062171936,1.4825206995010376,2598.722900390625,70.2340087890625,0.30986177921295166
uniform,dpm2_uniform,"DPM-2 + corrector, uniform t",Overall sampler,5,1,2,0,0.16959760489407927,0.22613013985877237,cuda,0.2977137267589569,0.218150332570076,1.5419797897338867,2570.340087890625,70.94402313232422,0.2159249633550644
uniform,dpm2_uniform,"DPM-2 + corrector, uniform t",Overall sampler,5,1,2,1,0.16678420605603606,0.22237894140804806,cuda,0.2637670934200287,0.20839586853981018,1.5292139053344727,2577.936767578125,71.40379333496094,0.20423941314220428
uniform,dpm2_uniform,"DPM-2 + corrector, uniform t",Overall sampler,10,1,2,0,0.23609543906059116,0.3147939187474549,cuda,0.2782062888145447,0.1646069437265396,1.3974014520645142,2591.870361328125,70.91323852539062,0.19071905314922333
uniform,dpm2_uniform,"DPM-2 + corrector, uniform t",Overall sampler,10,1,2,1,0.2323403499322012,0.30978713324293494,cuda,0.28749895095825195,0.15329767763614655,1.376489281654358,2583.39013671875,70.83468627929688,0.19970044493675232
uniform,dpm2_uniform,"DPM-2 + corrector, uniform t",Overall sampler,20,1,2,0,0.36774086800869554,0.49032115734492737,cuda,0.252789705991745,0.16376763582229614,1.392252802848816,2593.4541015625,69.58965301513672,0.181436687707901
uniform,dpm2_uniform,"DPM-2 + corrector, uniform t",Overall sampler,20,1,2,1,0.3729864490451291,0.4973152653935055,cuda,0.24997174739837646,0.14194075763225555,1.346503734588623,2579.537109375,70.239013671875,0.1727561354637146
uniform,dpm2_uniform,"DPM-2 + corrector, uniform t",Overall sampler,50,1,2,0,0.793683442985639,1.0582445906475186,cuda,0.1690131574869156,0.12584629654884338,1.2966128587722778,2554.0048828125,71.58795166015625,0.12629131972789764
uniform,dpm2_uniform,"DPM-2 + corrector, uniform t",Overall sampler,50,1,2,1,0.7944211349822581,1.059228179976344,cuda,0.18200558423995972,0.11301534622907639,1.2737489938735962,2582.873291015625,70.70218658447266,0.1281985491514206
uniform,dpm2_uniform,"DPM-2 + corrector, uniform t",Overall sampler,100,1,2,0,1.4797762139933184,1.9730349519910912,cuda,0.1345929205417633,0.07883225381374359,1.182047724723816,2576.79248046875,70.95986938476562,0.1002899706363678
uniform,dpm2_uniform,"DPM-2 + corrector, uniform t",Overall sampler,100,1,2,1,1.4760755019960925,1.9681006693281233,cuda,0.16052411496639252,0.10277732461690903,1.2469927072525024,2573.38037109375,71.3881607055664,0.11100753396749496
uniform,dpm2_log,"DPM-2 + corrector, log sigma",Overall sampler,5,1,2,0,0.1879827210213989,0.25064362802853185,cuda,0.3473871052265167,0.15487359464168549,1.3629095554351807,2588.8193359375,70.88428497314453,0.23017457127571106
uniform,dpm2_log,"DPM-2 + corrector, log sigma",Overall sampler,5,1,2,1,0.1904558700043708,0.2539411600058277,cuda,0.3025464117527008,0.13328006863594055,1.3186739683151245,2588.05615234375,70.89610290527344,0.2025555670261383
uniform,dpm2_log,"DPM-2 + corrector, log sigma",Overall sampler,10,1,2,0,0.23520132096018642,0.3136017612802486,cuda,0.36590775847435,0.1791003793478012,1.4050368070602417,2612.29443359375,68.87651824951172,0.24272021651268005
uniform,dpm2_log,"DPM-2 + corrector, log sigma",Overall sampler,10,1,2,1,0.23373628896661103,0.3116483852888147,cuda,0.3479801118373871,0.1415073722600937,1.3249635696411133,2580.383056640625,70.62596893310547,0.22947624325752258
uniform,dpm2_log,"DPM-2 + corrector, log sigma",Overall sampler,20,1,2,0,0.3919586790725589,0.5226115720967451,cuda,0.3327430784702301,0.1387052983045578,1.3158504962921143,2590.654052734375,70.02157592773438,0.21823182702064514
uniform,dpm2_log,"DPM-2 + corrector, log sigma",Overall sampler,20,1,2,1,0.3721328789833933,0.49617717197785777,cuda,0.31579482555389404,0.13559722900390625,1.307814598083496,2579.05078125,70.13137817382812,0.2075866162776947
uniform,dpm2_log,"DPM-2 + corrector, log sigma",Overall sampler,50,1,2,0,0.7854190950747579,1.0472254600996773,cuda,0.2179907262325287,0.09323200583457947,1.2003668546676636,2557.978271484375,70.73854064941406,0.14384405314922333
uniform,dpm2_log,"DPM-2 + corrector, log sigma",Overall sampler,50,1,2,1,0.7813869500532746,1.0418492667376995,cuda,0.1839672327041626,0.10076934844255447,1.2170827388763428,2557.83251953125,71.50531005859375,0.1267896145582199
uniform,dpm2_log,"DPM-2 + corrector, log sigma",Overall sampler,100,1,2,0,1.4783464110223576,1.9711285480298102,cuda,0.10505497455596924,0.04023391008377075,1.0103752613067627,2561.6669921875,71.32665252685547,0.07533629238605499
uniform,dpm2_log,"DPM-2 + corrector, log sigma",Overall sampler,100,1,2,1,1.49584187194705,1.9944558292627335,cuda,0.13832736015319824,0.05645199492573738,1.0991761684417725,2567.90478515625,71.2383804321289,0.09461192786693573
uniform,em_uniform,"Euler--Maruyama, uniform t",Euler update,5,1,2,0,0.023152290959842503,0.030869721279790003,cuda,0.4171838164329529,0.7255178689956665,2.4935405254364014,2582.903564453125,68.51846313476562,0.42277827858924866
uniform,em_uniform,"Euler--Maruyama, uniform t",Euler update,5,1,2,1,0.026178510044701397,0.034904680059601866,cuda,0.3269774913787842,0.6733257174491882,2.4306821823120117,2601.804443359375,69.46073913574219,0.3956611752510071
uniform,em_uniform,"Euler--Maruyama, uniform t",Euler update,10,1,2,0,0.04774683609139174,0.06366244812185566,cuda,0.3512622117996216,0.37687817215919495,1.898004412651062,2593.9208984375,69.34491729736328,0.29493623971939087
uniform,em_uniform,"Euler--Maruyama, uniform t",Euler update,10,1,2,1,0.04546836705412716,0.06062448940550288,cuda,0.31278303265571594,0.3742915987968445,1.8899619579315186,2581.38720703125,70.9388427734375,0.27898266911506653
uniform,em_uniform,"Euler--Maruyama, uniform t",Euler update,20,1,2,0,0.09585292311385274,0.12780389748513699,cuda,0.32557106018066406,0.29228878021240234,1.7065342664718628,2572.89501953125,71.85794830322266,0.2524113357067108
uniform,em_uniform,"Euler--Maruyama, uniform t",Euler update,20,1,2,1,0.09415940393228084,0.12554587190970778,cuda,0.2885326147079468,0.28107476234436035,1.679205298423767,2571.904296875,71.89401245117188,0.22572357952594757
uniform,em_uniform,"Euler--Maruyama, uniform t",Euler update,50,1,2,0,0.23764334490988404,0.3168577932131787,cuda,0.2763252854347229,0.1807173192501068,1.4417297840118408,2584.12451171875,70.70198059082031,0.19405648112297058
uniform,em_uniform,"Euler--Maruyama, uniform t",Euler update,50,1,2,1,0.2742508460069075,0.3656677946758767,cuda,0.24323344230651855,0.16770164668560028,1.4227652549743652,2555.26220703125,72.51071166992188,0.17556485533714294
uniform,em_uniform,"Euler--Maruyama, uniform t",Euler update,100,1,2,0,0.471081122988835,0.6281081639851133,cuda,0.24818532168865204,0.1298391968011856,1.3104829788208008,2587.970947265625,69.33641052246094,0.1738511472940445
uniform,em_uniform,"Euler--Maruyama, uniform t",Euler update,100,1,2,1,0.4701167829334736,0.6268223772446314,cuda,0.2923305332660675,0.18814018368721008,1.4499261379241943,2580.56103515625,70.96196746826172,0.19866570830345154
uniform,em_log,"Euler--Maruyama, log sigma",Euler update,5,1,2,0,0.02615225501358509,0.034869673351446785,cuda,0.36834824085235596,0.852671205997467,2.569460391998291,2592.354736328125,71.82402801513672,0.4260927438735962
uniform,em_log,"Euler--Maruyama, log sigma",Euler update,5,1,2,1,0.022258759010583162,0.029678345347444218,cuda,0.2685573995113373,0.7707510590553284,2.475541591644287,2598.921630859375,71.6108169555664,0.3750704526901245
uniform,em_log,"Euler--Maruyama, log sigma",Euler update,10,1,2,0,0.04590374696999788,0.06120499595999718,cuda,0.3070879280567169,0.35255441069602966,1.7737804651260376,2589.085205078125,69.07246398925781,0.25054213404655457
uniform,em_log,"Euler--Maruyama, log sigma",Euler update,10,1,2,1,0.060132362064905465,0.08017648275320728,cuda,0.3031744360923767,0.2845683991909027,1.6628128290176392,2583.3623046875,71.97731018066406,0.23795117437839508
uniform,em_log,"Euler--Maruyama, log sigma",Euler update,20,1,2,0,0.09370980295352638,0.12494640393803517,cuda,0.31008976697921753,0.18866020441055298,1.4565593004226685,2576.73681640625,71.1214828491211,0.21312662959098816
uniform,em_log,"Euler--Maruyama, log sigma",Euler update,20,1,2,1,0.09338978899177164,0.12451971865569551,cuda,0.2882955074310303,0.1895848661661148,1.4511233568191528,2588.768310546875,69.07357788085938,0.1993713676929474
uniform,em_log,"Euler--Maruyama, log sigma",Euler update,50,1,2,0,0.2389816700015217,0.3186422266686956,cuda,0.2788313031196594,0.1476786732673645,1.3516982793807983,2579.06591796875,70.61766815185547,0.1857927143573761
uniform,em_log,"Euler--Maruyama, log sigma",Euler update,50,1,2,1,0.23605926695745438,0.31474568927660584,cuda,0.2270853966474533,0.16303856670856476,1.373838186264038,2561.378662109375,70.8702392578125,0.16376109421253204
uniform,em_log,"Euler--Maruyama, log sigma",Euler update,100,1,2,0,0.4744093139888719,0.6325457519851625,cuda,0.2229994237422943,0.1189451515674591,1.261243224143982,2573.4599609375,70.57836151123047,0.1540817767381668
uniform,em_log,"Euler--Maruyama, log sigma",Euler update,100,1,2,1,0.46883273497223854,0.625110313296318,cuda,0.26822853088378906,0.14990738034248352,1.3516845703125,2562.503173828125,71.56129455566406,0.18209019303321838
uniform,sigma_uniform_dpm,"Sigma-space DPM-1, uniform t",DPM predictor,5,1,3,0,0.025922664091922343,0.034563552122563124,cuda,0.8678591251373291,0.6621730327606201,1.2781040668487549,30.362916946411133,7.680302143096924,0.5534684062004089
uniform,sigma_uniform_dpm,"Sigma-space DPM-1, uniform t",DPM predictor,5,1,3,1,0.025603409972973168,0.034137879963964224,cuda,0.8545289039611816,0.6583731770515442,1.2714849710464478,30.201507568359375,6.638345718383789,0.5460368394851685
uniform,sigma_uniform_dpm,"Sigma-space DPM-1, uniform t",DPM predictor,10,1,3,0,0.04791137494612485,0.0638818332614998,cuda,0.7942721843719482,0.475643128156662,1.2455483675003052,31.176658630371094,9.216950416564941,0.5061289072036743
uniform,sigma_uniform_dpm,"Sigma-space DPM-1, uniform t",DPM predictor,10,1,3,1,0.0457361729349941,0.060981563913325466,cuda,0.8291013240814209,0.4720732569694519,1.225250482559204,32.22170639038086,10.229401588439941,0.5278132557868958
uniform,sigma_uniform_dpm,"Sigma-space DPM-1, uniform t",DPM predictor,20,1,3,0,0.1084265389945358,0.14456871865938106,cuda,0.8580924272537231,0.5113275647163391,1.2642402648925781,32.75609588623047,12.214250564575195,0.5447542667388916
uniform,sigma_uniform_dpm,"Sigma-space DPM-1, uniform t",DPM predictor,20,1,3,1,0.09642215503845364,0.12856287338460484,cuda,0.898139476776123,0.5249055027961731,1.2678077220916748,31.04066276550293,13.205692291259766,0.5685267448425293
uniform,sigma_uniform_dpm,"Sigma-space DPM-1, uniform t",DPM predictor,50,1,3,0,0.23302050202619284,0.3106940027015905,cuda,0.8512654304504395,0.4397936165332794,1.2439687252044678,30.3270206451416,12.364123344421387,0.5432209372520447
uniform,sigma_uniform_dpm,"Sigma-space DPM-1, uniform t",DPM predictor,50,1,3,1,0.2331526610068977,0.31087021467586357,cuda,0.8848589658737183,0.5028936266899109,1.26877760887146,28.924861907958984,15.13229751586914,0.5631153583526611
uniform,sigma_uniform_dpm,"Sigma-space DPM-1, uniform t",DPM predictor,100,1,3,0,0.4738220650469884,0.6317627533959845,cuda,0.8199765682220459,0.37943705916404724,1.2373830080032349,31.495147705078125,12.171147346496582,0.5246804356575012
uniform,sigma_uniform_dpm,"Sigma-space DPM-1, uniform t",DPM predictor,100,1,3,1,0.48043515195604414,0.6405802026080588,cuda,0.8490408062934875,0.42042428255081177,1.222636342048645,30.824438095092773,13.952919006347656,0.5396830439567566
uniform,sigma_log_dpm,"Sigma-space DPM-1, log sigma",DPM predictor,5,1,3,0,0.025776981958188117,0.03436930927758416,cuda,1.0185595750808716,0.6265082955360413,1.2394659519195557,30.770410537719727,13.875883102416992,0.6501712203025818
uniform,sigma_log_dpm,"Sigma-space DPM-1, log sigma",DPM predictor,5,1,3,1,0.025741543038748205,0.034322057384997606,cuda,1.0039479732513428,0.628704845905304,1.2349053621292114,30.58327293395996,12.392073631286621,0.6416234970092773
uniform,sigma_log_dpm,"Sigma-space DPM-1, log sigma",DPM predictor,10,1,3,0,0.04875355109106749,0.06500473478808999,cuda,0.885430097579956,0.4766694903373718,1.2355332374572754,31.28908920288086,13.002188682556152,0.5636659860610962
uniform,sigma_log_dpm,"Sigma-space DPM-1, log sigma",DPM predictor,10,1,3,1,0.0498296869918704,0.06643958265582721,cuda,0.9221529960632324,0.4705013334751129,1.2140626907348633,32.34762954711914,14.355880737304688,0.5868490934371948
uniform,sigma_log_dpm,"Sigma-space DPM-1, log sigma",DPM predictor,20,1,3,0,0.10796570708043873,0.14395427610725164,cuda,0.908412516117096,0.5122484564781189,1.2591485977172852,32.799312591552734,14.390069961547852,0.5765271186828613
uniform,sigma_log_dpm,"Sigma-space DPM-1, log sigma",DPM predictor,20,1,3,1,0.09294183098245412,0.12392244130993883,cuda,0.9467074871063232,0.5269989967346191,1.2633872032165527,31.092079162597656,15.42972469329834,0.5992472171783447
uniform,sigma_log_dpm,"Sigma-space DPM-1, log sigma",DPM predictor,50,1,3,0,0.23506875010207295,0.31342500013609725,cuda,0.8716323971748352,0.44226905703544617,1.2429008483886719,30.340770721435547,13.138285636901855,0.5561136603355408
uniform,sigma_log_dpm,"Sigma-space DPM-1, log sigma",DPM predictor,50,1,3,1,0.23573491699062288,0.31431322265416384,cuda,0.9055560827255249,0.5044093132019043,1.267045497894287,28.946319580078125,16.016611099243164,0.5761663913726807
uniform,sigma_log_dpm,"Sigma-space DPM-1, log sigma",DPM predictor,100,1,3,0,0.47181467607151717,0.6290862347620229,cuda,0.830471932888031,0.38107720017433167,1.2370777130126953,31.5006160736084,12.553682327270508,0.5313001871109009
uniform,sigma_log_dpm,"Sigma-space DPM-1, log sigma",DPM predictor,100,1,3,1,0.471335934009403,0.6284479120125374,cuda,0.8591111898422241,0.42200905084609985,1.2222148180007935,30.8322811126709,14.378792762756348,0.5460231900215149
uniform,dpm2_uniform,"DPM-2 + corrector, uniform t",Overall sampler,5,1,3,0,0.15658132696989924,0.20877510262653232,cuda,0.46563413739204407,0.42425814270973206,1.3081915378570557,28.871566772460938,5.937265396118164,0.32975101470947266
uniform,dpm2_uniform,"DPM-2 + corrector, uniform t",Overall sampler,5,1,3,1,0.15840795601252466,0.21121060801669955,cuda,0.4484228789806366,0.3818280100822449,1.281209945678711,29.290027618408203,6.093180179595947,0.31145426630973816
uniform,dpm2_uniform,"DPM-2 + corrector, uniform t",Overall sampler,10,1,3,0,0.22913111106026918,0.3055081480803589,cuda,0.33430543541908264,0.35967278480529785,1.2587567567825317,32.80802536010742,3.994321584701538,0.24218440055847168
uniform,dpm2_uniform,"DPM-2 + corrector, uniform t",Overall sampler,10,1,3,1,0.2296320958994329,0.30617612786591053,cuda,0.3889366388320923,0.3770016133785248,1.2726097106933594,33.047611236572266,3.8010847568511963,0.2758835256099701
uniform,dpm2_uniform,"DPM-2 + corrector, uniform t",Overall sampler,20,1,3,0,0.3702452939469367,0.493660391929249,cuda,0.33666354417800903,0.5329036116600037,1.347346544265747,29.148962020874023,2.6030311584472656,0.2638757824897766
uniform,dpm2_uniform,"DPM-2 + corrector, uniform t",Overall sampler,20,1,3,1,0.374845074955374,0.499793433273832,cuda,0.3560371994972229,0.3975156247615814,1.2695459127426147,32.0283203125,3.0758767127990723,0.24900951981544495
uniform,dpm2_uniform,"DPM-2 + corrector, uniform t",Overall sampler,50,1,3,0,0.7894356560427696,1.0525808747236927,cuda,0.38971608877182007,0.3672651946544647,1.237173080444336,29.54917335510254,1.895301103591919,0.2675970792770386
uniform,dpm2_uniform,"DPM-2 + corrector, uniform t",Overall sampler,50,1,3,1,0.7866100220708176,1.0488133627610903,cuda,0.4386909008026123,0.39772629737854004,1.2443610429763794,25.656341552734375,2.1421010494232178,0.30029618740081787
uniform,dpm2_uniform,"DPM-2 + corrector, uniform t",Overall sampler,100,1,3,0,1.5211907440098003,2.0282543253464005,cuda,0.542348325252533,0.25161275267601013,1.1673252582550049,24.336700439453125,1.5350340604782104,0.3651736080646515
uniform,dpm2_uniform,"DPM-2 + corrector, uniform t",Overall sampler,100,1,3,1,1.4872341699665412,1.9829788932887216,cuda,0.4922330677509308,0.2120487540960312,1.1414222717285156,28.056737899780273,1.6335299015045166,0.3342147469520569
uniform,dpm2_log,"DPM-2 + corrector, log sigma",Overall sampler,5,1,3,0,0.1578406470362097,0.2104541960482796,cuda,0.5449019074440002,0.3603173494338989,1.2600059509277344,31.6378231048584,8.219146728515625,0.35727837681770325
uniform,dpm2_log,"DPM-2 + corrector, log sigma",Overall sampler,5,1,3,1,0.15863988699857146,0.21151984933142862,cuda,0.5460330247879028,0.3360345959663391,1.2436516284942627,32.38714599609375,8.125946044921875,0.36020344495773315
uniform,dpm2_log,"DPM-2 + corrector, log sigma",Overall sampler,10,1,3,0,0.22635402297601104,0.3018053639680147,cuda,0.4940270483493805,0.3703081011772156,1.2646340131759644,27.91196632385254,6.802315711975098,0.3293316960334778
uniform,dpm2_log,"DPM-2 + corrector, log sigma",Overall sampler,10,1,3,1,0.28599248302634805,0.3813233107017974,cuda,0.5613913536071777,0.3365386128425598,1.2464885711669922,27.908720016479492,6.950686454772949,0.3667985498905182
uniform,dpm2_log,"DPM-2 + corrector, log sigma",Overall sampler,20,1,3,0,0.3681841699872166,0.49091222664962214,cuda,0.4048965871334076,0.4190640449523926,1.287472128868103,31.333097457885742,4.539588451385498,0.2815088927745819
uniform,dpm2_log,"DPM-2 + corrector, log sigma",Overall sampler,20,1,3,1,0.3859294339781627,0.5145725786375502,cuda,0.4601975977420807,0.35073739290237427,1.2602388858795166,30.822559356689453,6.820984840393066,0.30567529797554016
uniform,dpm2_log,"DPM-2 + corrector, log sigma",Overall sampler,50,1,3,0,0.7874981259228662,1.0499975012304883,cuda,0.29385116696357727,0.3208281397819519,1.2203011512756348,33.79948806762695,2.602315902709961,0.21341750025749207
uniform,dpm2_log,"DPM-2 + corrector, log sigma",Overall sampler,50,1,3,1,0.7932079929159954,1.0576106572213273,cuda,0.32057395577430725,0.3774693012237549,1.2396456003189087,31.476638793945312,2.1647462844848633,0.23432596027851105
uniform,dpm2_log,"DPM-2 + corrector, log sigma",Overall sampler,100,1,3,0,1.5281964120222256,2.0375952160296342,cuda,0.4637949764728546,0.16325786709785461,1.1099658012390137,25.958784103393555,1.8389952182769775,0.31291475892066956
uniform,dpm2_log,"DPM-2 + corrector, log sigma",Overall sampler,100,1,3,1,1.4634242940228432,1.9512323920304577,cuda,0.4139520525932312,0.18703563511371613,1.1222490072250366,28.534095764160156,1.8148798942565918,0.28080451488494873
uniform,em_uniform,"Euler--Maruyama, uniform t",Euler update,5,1,3,0,0.031693229102529585,0.04225763880337278,cuda,0.546677827835083,1.0920813083648682,1.6750531196594238,29.519540786743164,5.729137897491455,0.44762998819351196
uniform,em_uniform,"Euler--Maruyama, uniform t",Euler update,5,1,3,1,0.028212554985657334,0.037616739980876446,cuda,0.5977177023887634,1.0893570184707642,1.6904691457748413,29.256826400756836,9.805920600891113,0.4774238169193268
uniform,em_uniform,"Euler--Maruyama, uniform t",Euler update,10,1,3,0,0.05738984909839928,0.0765197987978657,cuda,0.3568214774131775,0.5849160552024841,1.4083081483840942,34.14051818847656,4.089500904083252,0.28881508111953735
uniform,em_uniform,"Euler--Maruyama, uniform t",Euler update,10,1,3,1,0.045431265025399625,0.06057502003386617,cuda,0.4274325370788574,0.6433902978897095,1.453319787979126,32.282005310058594,2.6606550216674805,0.32971805334091187
uniform,em_uniform,"Euler--Maruyama, uniform t",Euler update,20,1,3,0,0.09208535007201135,0.1227804667626818,cuda,0.37680792808532715,0.6540229916572571,1.4367296695709229,29.836111068725586,4.214948654174805,0.300484299659729
uniform,em_uniform,"Euler--Maruyama, uniform t",Euler update,20,1,3,1,0.09311212203465402,0.12414949604620536,cuda,0.39356982707977295,0.45546409487724304,1.332847237586975,33.82289123535156,5.335341453552246,0.28556323051452637
uniform,em_uniform,"Euler--Maruyama, uniform t",Euler update,50,1,3,0,0.2635814789682627,0.35144197195768356,cuda,0.35225990414619446,0.4362216293811798,1.3169703483581543,31.02884292602539,3.8104119300842285,0.26092255115509033
uniform,em_uniform,"Euler--Maruyama, uniform t",Euler update,50,1,3,1,0.23746162501629442,0.3166155000217259,cuda,0.351202130317688,0.4211864769458771,1.3018735647201538,35.77050018310547,3.1989691257476807,0.2565547823905945
uniform,em_uniform,"Euler--Maruyama, uniform t",Euler update,100,1,3,0,0.47503367194440216,0.6333782292592028,cuda,0.3527168929576874,0.295056015253067,1.2277177572250366,28.478389739990234,3.2217397689819336,0.2517703175544739
uniform,em_uniform,"Euler--Maruyama, uniform t",Euler update,100,1,3,1,0.49454267404507846,0.6593902320601046,cuda,0.3641243577003479,0.3020651638507843,1.2324782609939575,30.780683517456055,3.922999382019043,0.25384292006492615
uniform,em_log,"Euler--Maruyama, log sigma",Euler update,5,1,3,0,0.024218069040216506,0.03229075872028867,cuda,0.716350257396698,1.3791301250457764,1.8296877145767212,35.5198860168457,5.933065414428711,0.5514623522758484
uniform,em_log,"Euler--Maruyama, log sigma",Euler update,5,1,3,1,0.02232633496169001,0.02976844661558668,cuda,0.752937912940979,1.4912937879562378,1.8816031217575073,29.01471710205078,7.744994163513184,0.5919222831726074
uniform,em_log,"Euler--Maruyama, log sigma",Euler update,10,1,3,0,0.04549515002872795,0.060660200038303934,cuda,0.37121719121932983,0.6880155801773071,1.4597511291503906,33.24710464477539,4.31690788269043,0.307631254196167
uniform,em_log,"Euler--Maruyama, log sigma",Euler update,10,1,3,1,0.0478369229240343,0.0637825638987124,cuda,0.4543004035949707,0.6833671927452087,1.4777767658233643,30.347810745239258,4.366533279418945,0.33471032977104187
uniform,em_log,"Euler--Maruyama, log sigma",Euler update,20,1,3,0,0.09422917000483721,0.12563889333978295,cuda,0.34297803044319153,0.5834597945213318,1.3803633451461792,30.747392654418945,3.128110408782959,0.2718353569507599
uniform,em_log,"Euler--Maruyama, log sigma",Euler update,20,1,3,1,0.09527248400263488,0.12702997867017984,cuda,0.40940365195274353,0.47149187326431274,1.331415057182312,32.50117492675781,4.211970329284668,0.28971511125564575
uniform,em_log,"Euler--Maruyama, log sigma",Euler update,50,1,3,0,0.2327820030041039,0.3103760040054719,cuda,0.32444533705711365,0.40010860562324524,1.2855337858200073,32.80302810668945,3.4584832191467285,0.23982112109661102
uniform,em_log,"Euler--Maruyama, log sigma",Euler update,50,1,3,1,0.2349478149553761,0.31326375327383477,cuda,0.3299972712993622,0.41324806213378906,1.2850590944290161,31.415199279785156,3.5536293983459473,0.2440798133611679
uniform,em_log,"Euler--Maruyama, log sigma",Euler update,100,1,3,0,0.5250045038992539,0.7000060051990052,cuda,0.3506905734539032,0.28952348232269287,1.2145479917526245,34.8983039855957,3.3134407997131348,0.2516579031944275
uniform,em_log,"Euler--Maruyama, log sigma",Euler update,100,1,3,1,0.47950330190360546,0.6393377358714739,cuda,0.3320086896419525,0.2951602637767792,1.2162646055221558,28.745166778564453,3.1592140197753906,0.23271620273590088
uniform,sigma_uniform_dpm,"Sigma-space DPM-1, uniform t",DPM predictor,5,2,0,0,0.03862577595282346,0.051501034603764616,cuda,0.38749992847442627,0.28823670744895935,1.0299566984176636,0.1315278708934784,0.8331067562103271,0.26525816321372986
uniform,sigma_uniform_dpm,"Sigma-space DPM-1, uniform t",DPM predictor,5,2,0,1,0.02222687902394682,0.029635838698595762,cuda,0.38928964734077454,0.2862907648086548,1.0383800268173218,0.22832605242729187,0.8346895575523376,0.26523125171661377
uniform,sigma_uniform_dpm,"Sigma-space DPM-1, uniform t",DPM predictor,10,2,0,0,0.046314149047248065,0.06175219872966409,cuda,0.3174014389514923,0.236285999417305,1.0696532726287842,0.06005934998393059,0.5486498475074768,0.21707896888256073
uniform,sigma_uniform_dpm,"Sigma-space DPM-1, uniform t",DPM predictor,10,2,0,1,0.04773469199426472,0.06364625599235296,cuda,0.31592246890068054,0.2567843496799469,1.0601682662963867,0.050412558019161224,0.44501033425331116,0.21665193140506744
uniform,sigma_uniform_dpm,"Sigma-space DPM-1, uniform t",DPM predictor,20,2,0,0,0.09336845902726054,0.12449127870301406,cuda,0.31094005703926086,0.18661731481552124,1.0572091341018677,0.02523968741297722,0.5284544825553894,0.2088564783334732
uniform,sigma_uniform_dpm,"Sigma-space DPM-1, uniform t",DPM predictor,20,2,0,1,0.09739171201363206,0.12985561601817608,cuda,0.3029630184173584,0.23224003612995148,1.1050046682357788,0.15324759483337402,0.39866113662719727,0.20147694647312164
uniform,sigma_uniform_dpm,"Sigma-space DPM-1, uniform t",DPM predictor,50,2,0,0,0.23752487602178007,0.3166998346957068,cuda,0.35146859288215637,0.22123639285564423,1.1304298639297485,0.260911762714386,0.7205832004547119,0.23103338479995728
uniform,sigma_uniform_dpm,"Sigma-space DPM-1, uniform t",DPM predictor,50,2,0,1,0.23754324996843934,0.31672433329125244,cuda,0.3401185870170593,0.24248303472995758,1.1073259115219116,0.052591338753700256,0.7106253504753113,0.22738823294639587
uniform,sigma_uniform_dpm,"Sigma-space DPM-1, uniform t",DPM predictor,100,2,0,0,0.46814719599206,0.6241962613227466,cuda,0.3004639744758606,0.12289176881313324,1.060309648513794,0.09451629966497421,0.9356496930122375,0.20033210515975952
uniform,sigma_uniform_dpm,"Sigma-space DPM-1, uniform t",DPM predictor,100,2,0,1,0.48096891900058836,0.6412918920007845,cuda,0.3175380825996399,0.13868606090545654,1.0732481479644775,0.035538993775844574,0.657251238822937,0.21192018687725067
uniform,sigma_log_dpm,"Sigma-space DPM-1, log sigma",DPM predictor,5,2,0,0,0.022821760969236493,0.03042901462564866,cuda,0.4823560118675232,0.3368358612060547,1.0505050420761108,0.14781317114830017,1.1888728141784668,0.3252425789833069
uniform,sigma_log_dpm,"Sigma-space DPM-1, log sigma",DPM predictor,5,2,0,1,0.022132026962935925,0.029509369283914566,cuda,0.4841408431529999,0.33374375104904175,1.0581228733062744,0.32174599170684814,1.0859546661376953,0.3252996504306793
uniform,sigma_log_dpm,"Sigma-space DPM-1, log sigma",DPM predictor,10,2,0,0,0.044977963087148964,0.05997061744953195,cuda,0.3897106647491455,0.2593691051006317,1.0867336988449097,0.08303283154964447,1.1605793237686157,0.26233404874801636
uniform,sigma_log_dpm,"Sigma-space DPM-1, log sigma",DPM predictor,10,2,0,1,0.045558289042674005,0.060744385390232004,cuda,0.39386454224586487,0.27851444482803345,1.0769294500350952,0.08563232421875,0.9513792991638184,0.26493415236473083
uniform,sigma_log_dpm,"Sigma-space DPM-1, log sigma",DPM predictor,20,2,0,0,0.09773934097029269,0.13031912129372358,cuda,0.3658081591129303,0.19712825119495392,1.0651369094848633,0.04991734400391579,1.0227447748184204,0.24346734583377838
uniform,sigma_log_dpm,"Sigma-space DPM-1, log sigma",DPM predictor,20,2,0,1,0.09641108906362206,0.12854811875149608,cuda,0.35901525616645813,0.24277345836162567,1.113237977027893,0.21227698028087616,0.7729552984237671,0.23662835359573364
uniform,sigma_log_dpm,"Sigma-space DPM-1, log sigma",DPM predictor,50,2,0,0,0.23274997505359352,0.31033330007145804,cuda,0.3785269856452942,0.2275923490524292,1.1341357231140137,0.2649703621864319,0.8503263592720032,0.24809300899505615
uniform,sigma_log_dpm,"Sigma-space DPM-1, log sigma",DPM predictor,50,2,0,1,0.2353418649872765,0.31378915331636864,cuda,0.3680718243122101,0.2479252964258194,1.1104817390441895,0.0645894780755043,0.8666450381278992,0.24489906430244446
uniform,sigma_log_dpm,"Sigma-space DPM-1, log sigma",DPM predictor,100,2,0,0,0.46435118396766484,0.6191349119568864,cuda,0.3156454563140869,0.12559299170970917,1.0617395639419556,0.1031472384929657,1.0963233709335327,0.2099343240261078
uniform,sigma_log_dpm,"Sigma-space DPM-1, log sigma",DPM predictor,100,2,0,1,0.4713029849808663,0.6284039799744884,cuda,0.3316938281059265,0.14167433977127075,1.0749387741088867,0.04088317230343819,0.7705562710762024,0.22075018286705017
uniform,dpm2_uniform,"DPM-2 + corrector, uniform t",Overall sampler,5,2,0,0,0.1614630799740553,0.21528410663207373,cuda,0.10638036578893661,0.2164602428674698,1.1707985401153564,0.04987827315926552,0.09126298874616623,0.10571227222681046
uniform,dpm2_uniform,"DPM-2 + corrector, uniform t",Overall sampler,5,2,0,1,0.15960867004469037,0.21281156005958715,cuda,0.14055678248405457,0.226246640086174,1.1862488985061646,0.0061776223592460155,0.047443926334381104,0.1277289092540741
uniform,dpm2_uniform,"DPM-2 + corrector, uniform t",Overall sampler,10,2,0,0,0.2297212959965691,0.3062950613287588,cuda,0.13492806255817413,0.24210995435714722,1.1755473613739014,0.0018989511299878359,0.02574627473950386,0.11196225881576538
uniform,dpm2_uniform,"DPM-2 + corrector, uniform t",Overall sampler,10,2,0,1,0.2511871310416609,0.3349161747222145,cuda,0.13574065268039703,0.13728094100952148,1.1198012828826904,0.0029659708961844444,0.00765704270452261,0.10332945734262466
uniform,dpm2_uniform,"DPM-2 + corrector, uniform t",Overall sampler,20,2,0,0,0.4093030830845237,0.5457374441126982,cuda,0.07472141087055206,0.17689421772956848,1.1364175081253052,0.002651032991707325,0.000180487273610197,0.07990963757038116
uniform,dpm2_uniform,"DPM-2 + corrector, uniform t",Overall sampler,20,2,0,1,0.36623629508540034,0.4883150601138671,cuda,0.042129263281822205,0.301673024892807,1.2036526203155518,0.024380601942539215,0.0012312019243836403,0.09451492130756378
uniform,dpm2_uniform,"DPM-2 + corrector, uniform t",Overall sampler,50,2,0,0,0.7952381019713357,1.0603174692951143,cuda,0.027037903666496277,0.22854803502559662,1.15541672706604,0.15496475994586945,0.010056648403406143,0.07534949481487274
uniform,dpm2_uniform,"DPM-2 + corrector, uniform t",Overall sampler,50,2,0,1,0.8412218929734081,1.1216291906312108,cuda,0.01828722655773163,0.24038787186145782,1.1623177528381348,0.512061595916748,0.026784438639879227,0.08430543541908264
uniform,dpm2_uniform,"DPM-2 + corrector, uniform t",Overall sampler,100,2,0,0,1.4810570710105821,1.9747427613474429,cuda,0.02547394670546055,0.20618700981140137,1.141331672668457,0.010596157051622868,0.007409767247736454,0.07171864807605743
uniform,dpm2_uniform,"DPM-2 + corrector, uniform t",Overall sampler,100,2,0,1,1.4762004018994048,1.9682672025325398,cuda,0.0726962760090828,0.24737578630447388,1.167518973350525,0.13473545014858246,0.013966897502541542,0.07709967344999313
uniform,dpm2_log,"DPM-2 + corrector, log sigma",Overall sampler,5,2,0,0,0.1592130339704454,0.2122840452939272,cuda,0.10547329485416412,0.11596503853797913,1.0959579944610596,0.007573698181658983,0.0969497337937355,0.08367753773927689
uniform,dpm2_log,"DPM-2 + corrector, log sigma",Overall sampler,5,2,0,1,0.15777043695561588,0.21036058260748783,cuda,0.1339881271123886,0.10346363484859467,1.0890474319458008,0.0025541414506733418,0.056184958666563034,0.09961654990911484
uniform,dpm2_log,"DPM-2 + corrector, log sigma",Overall sampler,10,2,0,0,0.2700946299592033,0.36012617327893776,cuda,0.1696893870830536,0.1941061019897461,1.1603983640670776,0.061669230461120605,0.04057087376713753,0.12012183666229248
uniform,dpm2_log,"DPM-2 + corrector, log sigma",Overall sampler,10,2,0,1,0.23024489695671946,0.30699319594229263,cuda,0.16074417531490326,0.1246127337217331,1.1106384992599487,0.03414720296859741,0.11449451744556427,0.11058398336172104
uniform,dpm2_log,"DPM-2 + corrector, log sigma",Overall sampler,20,2,0,0,0.375972421024926,0.501296561366568,cuda,0.10850491374731064,0.07569034397602081,1.0611417293548584,0.17227204144001007,0.05668141320347786,0.07821550220251083
uniform,dpm2_log,"DPM-2 + corrector, log sigma",Overall sampler,20,2,0,1,0.429380449000746,0.572507265334328,cuda,0.0973978042602539,0.23269939422607422,1.1770124435424805,0.05742720514535904,0.005643198266625404,0.09521497786045074
uniform,dpm2_log,"DPM-2 + corrector, log sigma",Overall sampler,50,2,0,0,0.7822058509336784,1.042941134578238,cuda,0.048424866050481796,0.25552573800086975,1.1706771850585938,0.16250571608543396,0.012331988662481308,0.0847615972161293
uniform,dpm2_log,"DPM-2 + corrector, log sigma",Overall sampler,50,2,0,1,0.7872669419739395,1.0496892559652526,cuda,0.029532141983509064,0.18867215514183044,1.1320518255233765,0.004340669140219688,0.0017999408300966024,0.073942631483078
uniform,dpm2_log,"DPM-2 + corrector, log sigma",Overall sampler,100,2,0,0,1.4672432780498639,1.956324370733152,cuda,0.03272324055433273,0.15818649530410767,1.109465479850769,0.01991109363734722,0.03371003642678261,0.06698421388864517
uniform,dpm2_log,"DPM-2 + corrector, log sigma",Overall sampler,100,2,0,1,1.467937323031947,1.957249764042596,cuda,0.06848067790269852,0.19475284218788147,1.1327595710754395,0.0007784900953993201,0.0006660349317826331,0.06306211650371552
uniform,em_uniform,"Euler--Maruyama, uniform t",Euler update,5,2,0,0,0.022026348975487053,0.029368465300649405,cuda,0.2768155038356781,0.7013840675354004,1.542557954788208,0.06549490243196487,0.316400408744812,0.30634069442749023
uniform,em_uniform,"Euler--Maruyama, uniform t",Euler update,5,2,0,1,0.022015852970071137,0.029354470626761515,cuda,0.28924068808555603,0.7443711161613464,1.5705887079238892,0.16174045205116272,0.8964764475822449,0.3230401873588562
uniform,em_uniform,"Euler--Maruyama, uniform t",Euler update,10,2,0,0,0.05607254395727068,0.07476339194302757,cuda,0.2008821964263916,0.454632431268692,1.3546879291534424,0.008255497552454472,0.09399785101413727,0.213944211602211
uniform,em_uniform,"Euler--Maruyama, uniform t",Euler update,10,2,0,1,0.05669481900986284,0.07559309201315045,cuda,0.16972172260284424,0.29762572050094604,1.261075496673584,0.0006757855881005526,3.0027022148715332e-05,0.17037589848041534
uniform,em_uniform,"Euler--Maruyama, uniform t",Euler update,20,2,0,0,0.1013933130307123,0.13519108404094973,cuda,0.1300649344921112,0.19233044981956482,1.1669491529464722,0.03235665708780289,0.04750260338187218,0.12749266624450684
uniform,em_uniform,"Euler--Maruyama, uniform t",Euler update,20,2,0,1,0.09801802190486342,0.1306906958731512,cuda,0.1076512411236763,0.3302331864833832,1.2610831260681152,0.1167183369398117,0.039873454719781876,0.14745794236660004
uniform,em_uniform,"Euler--Maruyama, uniform t",Euler update,50,2,0,0,0.23449523199815303,0.3126603093308707,cuda,0.0864555761218071,0.2832580506801605,1.2085729837417603,0.027661381289362907,0.0173856969922781,0.11382243037223816
uniform,em_uniform,"Euler--Maruyama, uniform t",Euler update,50,2,0,1,0.2337021289858967,0.31160283864786226,cuda,0.04598116874694824,0.23519127070903778,1.1792402267456055,0.10652684420347214,0.011992000043392181,0.09909438341856003
uniform,em_uniform,"Euler--Maruyama, uniform t",Euler update,100,2,0,0,0.4745200630277395,0.6326934173703194,cuda,0.12253008782863617,0.18234571814537048,1.136077642440796,0.010904872789978981,0.000828717602416873,0.09823662042617798
uniform,em_uniform,"Euler--Maruyama, uniform t",Euler update,100,2,0,1,0.4666317789815366,0.6221757053087155,cuda,0.0470762625336647,0.2469913214445114,1.175710678100586,0.0064092776738107204,0.0005084549193270504,0.09165778756141663
uniform,em_log,"Euler--Maruyama, log sigma",Euler update,5,2,0,0,0.02664788195397705,0.0355305092719694,cuda,0.3419936001300812,0.9764504432678223,1.6692739725112915,0.08607430011034012,0.3386298716068268,0.3386693596839905
uniform,em_log,"Euler--Maruyama, log sigma",Euler update,5,2,0,1,0.03028738498687744,0.04038317998250326,cuda,0.3639044463634491,0.9747727513313293,1.6805131435394287,0.06727220863103867,0.07146617025136948,0.34704357385635376
uniform,em_log,"Euler--Maruyama, log sigma",Euler update,10,2,0,0,0.04581614793278277,0.06108819724371036,cuda,0.1617727279663086,0.4683026075363159,1.3295257091522217,0.07536319643259048,0.029260806739330292,0.1642722338438034
uniform,em_log,"Euler--Maruyama, log sigma",Euler update,10,2,0,1,0.04635312396567315,0.061804165287564196,cuda,0.17857182025909424,0.3908234238624573,1.3095920085906982,0.02204018458724022,0.008319544605910778,0.16104000806808472
uniform,em_log,"Euler--Maruyama, log sigma",Euler update,20,2,0,0,0.0931028729537502,0.12413716393833359,cuda,0.10038620233535767,0.16725513339042664,1.1327240467071533,0.049547724425792694,0.0024884617887437344,0.0866594910621643
uniform,em_log,"Euler--Maruyama, log sigma",Euler update,20,2,0,1,0.10006214200984687,0.1334161893464625,cuda,0.10024320334196091,0.3455902338027954,1.2440738677978516,0.03553970903158188,0.018630461767315865,0.12144730985164642
uniform,em_log,"Euler--Maruyama, log sigma",Euler update,50,2,0,0,0.2360067960107699,0.3146757280143599,cuda,0.10029683262109756,0.3062192499637604,1.210349678993225,0.04637618735432625,0.01117074117064476,0.1098044216632843
uniform,em_log,"Euler--Maruyama, log sigma",Euler update,50,2,0,1,0.23656732100062072,0.3154230946674943,cuda,0.06673671305179596,0.22580385208129883,1.1705251932144165,0.0018058943096548319,0.008115282282233238,0.08949798345565796
uniform,em_log,"Euler--Maruyama, log sigma",Euler update,100,2,0,0,0.47304049495141953,0.6307206599352261,cuda,0.1093207374215126,0.1937602311372757,1.143128514289856,0.002208981430158019,0.0007959552458487451,0.09802266955375671
uniform,em_log,"Euler--Maruyama, log sigma",Euler update,100,2,0,1,0.46864020195789635,0.6248536026105285,cuda,0.050220463424921036,0.2693667709827423,1.1873972415924072,0.10439220070838928,0.004477554000914097,0.09232372045516968
uniform,sigma_uniform_dpm,"Sigma-space DPM-1, uniform t",DPM predictor,5,2,1,0,0.021675016963854432,0.028900022618472576,cuda,0.20076701045036316,0.1500796228647232,1.3366072177886963,0.0486474372446537,0.04429567977786064,0.14163631200790405
uniform,sigma_uniform_dpm,"Sigma-space DPM-1, uniform t",DPM predictor,5,2,1,1,0.0222336690640077,0.0296448920853436,cuda,0.19069410860538483,0.1763378530740738,1.405604362487793,0.01298418827354908,0.014878055080771446,0.13818836212158203
uniform,sigma_uniform_dpm,"Sigma-space DPM-1, uniform t",DPM predictor,10,2,1,0,0.05586368194781244,0.07448490926374991,cuda,0.19566702842712402,0.15017639100551605,1.3524913787841797,0.018039708957076073,0.015912339091300964,0.13635769486427307
uniform,sigma_uniform_dpm,"Sigma-space DPM-1, uniform t",DPM predictor,10,2,1,1,0.04442189901601523,0.05922919868802031,cuda,0.1828942596912384,0.13074348866939545,1.2955750226974487,0.04712904244661331,0.04332432523369789,0.12661853432655334
uniform,sigma_uniform_dpm,"Sigma-space DPM-1, uniform t",DPM predictor,20,2,1,0,0.09254764800425619,0.12339686400567491,cuda,0.12292398512363434,0.1849106103181839,1.4942210912704468,0.03973130136728287,0.03598102182149887,0.1241278350353241
uniform,sigma_uniform_dpm,"Sigma-space DPM-1, uniform t",DPM predictor,20,2,1,1,0.09272836905438453,0.12363782540584604,cuda,0.13939960300922394,0.15630193054676056,1.4088914394378662,0.020849114283919334,0.018392466008663177,0.12025347352027893
uniform,sigma_uniform_dpm,"Sigma-space DPM-1, uniform t",DPM predictor,50,2,1,0,0.2319144409848377,0.3092192546464503,cuda,0.1586696207523346,0.16181787848472595,1.4587841033935547,0.09439723193645477,0.08798443526029587,0.13372927904129028
uniform,sigma_uniform_dpm,"Sigma-space DPM-1, uniform t",DPM predictor,50,2,1,1,0.23869579494930804,0.3182610599324107,cuda,0.17132113873958588,0.18284766376018524,1.4864557981491089,0.05958845838904381,0.054705362766981125,0.1429305523633957
uniform,sigma_uniform_dpm,"Sigma-space DPM-1, uniform t",DPM predictor,100,2,1,0,0.47400148399174213,0.6320019786556562,cuda,0.18515123426914215,0.16790716350078583,1.4443557262420654,0.00972791574895382,0.008370201103389263,0.13999183475971222
uniform,sigma_uniform_dpm,"Sigma-space DPM-1, uniform t",DPM predictor,100,2,1,1,0.47475309297442436,0.6330041239658991,cuda,0.18605759739875793,0.1668103188276291,1.4460211992263794,0.04205136373639107,0.03810552880167961,0.1379392147064209
uniform,sigma_log_dpm,"Sigma-space DPM-1, log sigma",DPM predictor,5,2,1,0,0.022514380048960447,0.03001917339861393,cuda,0.20381000638008118,0.1317102313041687,1.3335679769515991,0.07455415278673172,0.06945078074932098,0.13992367684841156
uniform,sigma_log_dpm,"Sigma-space DPM-1, log sigma",DPM predictor,5,2,1,1,0.022843693965114653,0.030458258620152872,cuda,0.1932380348443985,0.15516000986099243,1.397169589996338,0.012635000050067902,0.014490725472569466,0.1373216211795807
uniform,sigma_log_dpm,"Sigma-space DPM-1, log sigma",DPM predictor,10,2,1,0,0.04480097093619406,0.05973462791492542,cuda,0.20032645761966705,0.14772701263427734,1.3857890367507935,0.026888780295848846,0.024052564054727554,0.1393967717885971
uniform,sigma_log_dpm,"Sigma-space DPM-1, log sigma",DPM predictor,10,2,1,1,0.04703043808694929,0.06270725078259905,cuda,0.18803872168064117,0.12874211370944977,1.3308794498443604,0.050884511321783066,0.04652121663093567,0.12911176681518555
uniform,sigma_log_dpm,"Sigma-space DPM-1, log sigma",DPM predictor,20,2,1,0,0.09227550402283669,0.12303400536378224,cuda,0.1265176683664322,0.1892147660255432,1.5252224206924438,0.03718099370598793,0.03351396694779396,0.13163438439369202
uniform,sigma_log_dpm,"Sigma-space DPM-1, log sigma",DPM predictor,20,2,1,1,0.09203614899888635,0.12271486533184846,cuda,0.1431197226047516,0.15930941700935364,1.438818335533142,0.022591549903154373,0.01998732052743435,0.1259634792804718
uniform,sigma_log_dpm,"Sigma-space DPM-1, log sigma",DPM predictor,50,2,1,0,0.23052979598287493,0.3073730613104999,cuda,0.16055433452129364,0.16427285969257355,1.4735618829727173,0.09967975318431854,0.0932883769273758,0.13702011108398438
uniform,sigma_log_dpm,"Sigma-space DPM-1, log sigma",DPM predictor,50,2,1,1,0.23101466591469944,0.30801955455293256,cuda,0.17308014631271362,0.18490691483020782,1.5001436471939087,0.061148423701524734,0.056198615580797195,0.1456521600484848
uniform,sigma_log_dpm,"Sigma-space DPM-1, log sigma",DPM predictor,100,2,1,0,0.49808967497665435,0.6641195666355392,cuda,0.186123326420784,0.16904860734939575,1.4514442682266235,0.009888898581266403,0.00851306039839983,0.14129801094532013
uniform,sigma_log_dpm,"Sigma-space DPM-1, log sigma",DPM predictor,100,2,1,1,0.5295717270346358,0.7060956360461811,cuda,0.1870751976966858,0.1679360568523407,1.4533330202102661,0.042652349919080734,0.03867243602871895,0.13936930894851685
uniform,dpm2_uniform,"DPM-2 + corrector, uniform t",Overall sampler,5,2,1,0,0.15781624999362975,0.210421666658173,cuda,0.11128832399845123,0.2447601854801178,1.6904575824737549,0.06085639074444771,0.056100573390722275,0.16523919999599457
uniform,dpm2_uniform,"DPM-2 + corrector, uniform t",Overall sampler,5,2,1,1,0.15824037906713784,0.21098717208951712,cuda,0.11625149101018906,0.22670012712478638,1.630098581314087,0.01732804998755455,0.017056016251444817,0.14478129148483276
uniform,dpm2_uniform,"DPM-2 + corrector, uniform t",Overall sampler,10,2,1,0,0.23261758394073695,0.3101567785876493,cuda,0.0952637791633606,0.17353682219982147,1.499780535697937,0.04565184563398361,0.041570283472537994,0.12016746401786804
uniform,dpm2_uniform,"DPM-2 + corrector, uniform t",Overall sampler,10,2,1,1,0.22967924608383328,0.30623899477844435,cuda,0.11246868968009949,0.19077011942863464,1.5208361148834229,0.033151209354400635,0.029937662184238434,0.13178475201129913
uniform,dpm2_uniform,"DPM-2 + corrector, uniform t",Overall sampler,20,2,1,0,0.3646820989670232,0.4862427986226976,cuda,0.055940236896276474,0.1726757287979126,1.4718618392944336,0.0026843142695724964,0.0029592241626232862,0.10150487720966339
uniform,dpm2_uniform,"DPM-2 + corrector, uniform t",Overall sampler,20,2,1,1,0.3654368040151894,0.4872490720202525,cuda,0.023304250091314316,0.1671106070280075,1.465545415878296,0.0019236234948039055,0.002067513996735215,0.09903223812580109
uniform,dpm2_uniform,"DPM-2 + corrector, uniform t",Overall sampler,50,2,1,0,0.7813465810613707,1.041795441415161,cuda,0.0605710931122303,0.16755443811416626,1.4567431211471558,0.012347362004220486,0.012656480073928833,0.0993632897734642
uniform,dpm2_uniform,"DPM-2 + corrector, uniform t",Overall sampler,50,2,1,1,0.8675332650309429,1.1567110200412571,cuda,0.06436009705066681,0.15709231793880463,1.4418433904647827,0.023432936519384384,0.02526859939098358,0.09728537499904633
uniform,dpm2_uniform,"DPM-2 + corrector, uniform t",Overall sampler,100,2,1,0,1.4729306779336184,1.963907570578158,cuda,0.018324552103877068,0.1291949301958084,1.348271131515503,0.01851273514330387,0.017885828390717506,0.06788812577724457
uniform,dpm2_uniform,"DPM-2 + corrector, uniform t",Overall sampler,100,2,1,1,1.5203111689770594,2.027081558636079,cuda,0.017784707248210907,0.12886789441108704,1.3757423162460327,0.028424983844161034,0.028130697086453438,0.0806114450097084
uniform,dpm2_log,"DPM-2 + corrector, log sigma",Overall sampler,5,2,1,0,0.1721469840267673,0.22952931203568974,cuda,0.1455416977405548,0.17303568124771118,1.4825701713562012,0.06933648139238358,0.06406095623970032,0.13456839323043823
uniform,dpm2_log,"DPM-2 + corrector, log sigma",Overall sampler,5,2,1,1,0.19826506706885993,0.2643534227584799,cuda,0.14654900133609772,0.1826910674571991,1.4752581119537354,0.0380169115960598,0.03436697646975517,0.1268000602722168
uniform,dpm2_log,"DPM-2 + corrector, log sigma",Overall sampler,10,2,1,0,0.24356961995363235,0.3247594932715098,cuda,0.13187874853610992,0.16222408413887024,1.4447437524795532,0.0049200719222426414,0.0041658952832221985,0.12295354902744293
uniform,dpm2_log,"DPM-2 + corrector, log sigma",Overall sampler,10,2,1,1,0.2366463579237461,0.3155284772316615,cuda,0.13261328637599945,0.17852894961833954,1.4722179174423218,0.03101450204849243,0.028385482728481293,0.12463690340518951
uniform,dpm2_log,"DPM-2 + corrector, log sigma",Overall sampler,20,2,1,0,0.3672927779844031,0.4897237039792041,cuda,0.07274554669857025,0.154276043176651,1.4236263036727905,0.01136384904384613,0.010566044598817825,0.0923471674323082
uniform,dpm2_log,"DPM-2 + corrector, log sigma",Overall sampler,20,2,1,1,0.4190664039924741,0.5587552053232988,cuda,0.051606643944978714,0.1517559140920639,1.4138926267623901,0.024196168407797813,0.022433431819081306,0.0863252505660057
uniform,dpm2_log,"DPM-2 + corrector, log sigma",Overall sampler,50,2,1,0,0.7874731830088422,1.0499642440117896,cuda,0.07387557625770569,0.09848973155021667,1.2565280199050903,0.030343901365995407,0.027145350351929665,0.07260061800479889
uniform,dpm2_log,"DPM-2 + corrector, log sigma",Overall sampler,50,2,1,1,0.8033842639997602,1.0711790186663468,cuda,0.07856036722660065,0.11240365356206894,1.3086189031600952,0.052581943571567535,0.04802051931619644,0.08283251523971558
uniform,dpm2_log,"DPM-2 + corrector, log sigma",Overall sampler,100,2,1,0,1.5162002310389653,2.0216003080519536,cuda,0.019316837191581726,0.0594477541744709,1.1574088335037231,0.007172574754804373,0.006168101914227009,0.044307641685009
uniform,dpm2_log,"DPM-2 + corrector, log sigma",Overall sampler,100,2,1,1,1.4883463450241834,1.984461793365578,cuda,0.029712539166212082,0.05935222655534744,1.1461445093154907,0.000372291513485834,0.00044044622336514294,0.043773844838142395
uniform,em_uniform,"Euler--Maruyama, uniform t",Euler update,5,2,1,0,0.023878670996055007,0.03183822799474001,cuda,0.13168704509735107,0.7031129002571106,2.600646495819092,0.06423971056938171,0.06391032040119171,0.37253642082214355
uniform,em_uniform,"Euler--Maruyama, uniform t",Euler update,5,2,1,1,0.02474507305305451,0.032993430737406015,cuda,0.12657400965690613,0.6948522925376892,2.577902317047119,0.01596577651798725,0.0144479526206851,0.36315375566482544
uniform,em_uniform,"Euler--Maruyama, uniform t",Euler update,10,2,1,0,0.0454847909277305,0.060646387903640665,cuda,0.1267782598733902,0.39184924960136414,2.0150067806243896,0.09006297588348389,0.08910982310771942,0.2433377206325531
uniform,em_uniform,"Euler--Maruyama, uniform t",Euler update,10,2,1,1,0.04501282097771764,0.06001709463695685,cuda,0.13270732760429382,0.401426762342453,2.0082004070281982,0.04354037716984749,0.04082556441426277,0.23448115587234497
uniform,em_uniform,"Euler--Maruyama, uniform t",Euler update,20,2,1,0,0.09170166403055191,0.12226888537406921,cuda,0.07957876473665237,0.2899056673049927,1.778490424156189,0.0051997327245771885,0.0047044833190739155,0.1743926703929901
uniform,em_uniform,"Euler--Maruyama, uniform t",Euler update,20,2,1,1,0.10487846098840237,0.1398379479845365,cuda,0.04449710249900818,0.24764491617679596,1.6994130611419678,0.0066961743868887424,0.006370146293193102,0.15520264208316803
uniform,em_uniform,"Euler--Maruyama, uniform t",Euler update,50,2,1,0,0.265186978969723,0.3535826386262973,cuda,0.10608433187007904,0.226852685213089,1.6116187572479248,0.03936323523521423,0.036278899759054184,0.14320988953113556
uniform,em_uniform,"Euler--Maruyama, uniform t",Euler update,50,2,1,1,0.27668539504520595,0.3689138600602746,cuda,0.10304156690835953,0.22738781571388245,1.623242735862732,0.030984561890363693,0.03129461780190468,0.14564788341522217
uniform,em_uniform,"Euler--Maruyama, uniform t",Euler update,100,2,1,0,0.4901243440108374,0.6534991253477832,cuda,0.08410707861185074,0.18704698979854584,1.514078140258789,0.0173810888081789,0.015638064593076706,0.11486393958330154
uniform,em_uniform,"Euler--Maruyama, uniform t",Euler update,100,2,1,1,0.46956823696382344,0.6260909826184312,cuda,0.06709163635969162,0.18136538565158844,1.5147539377212524,0.02188991755247116,0.023646874353289604,0.11720012128353119
uniform,em_log,"Euler--Maruyama, log sigma",Euler update,5,2,1,0,0.022946572047658265,0.030595429396877687,cuda,0.06861040741205215,0.733411431312561,2.550546884536743,0.00955859012901783,0.0097822155803442,0.34216225147247314
uniform,em_log,"Euler--Maruyama, log sigma",Euler update,5,2,1,1,0.023164949961937964,0.03088659994925062,cuda,0.12524661421775818,0.7222050428390503,2.5222246646881104,0.06564114987850189,0.060691773891448975,0.3405688405036926
uniform,em_log,"Euler--Maruyama, log sigma",Euler update,10,2,1,0,0.04688132798764855,0.06250843731686473,cuda,0.08181385695934296,0.31420210003852844,1.8150967359542847,0.05728624388575554,0.05437854677438736,0.1906338781118393
uniform,em_log,"Euler--Maruyama, log sigma",Euler update,10,2,1,1,0.04566953598987311,0.06089271465316415,cuda,0.0990523025393486,0.3431033194065094,1.859381079673767,0.09769074618816376,0.09229763597249985,0.19216762483119965
uniform,em_log,"Euler--Maruyama, log sigma",Euler update,20,2,1,0,0.09416636894457042,0.12555515859276056,cuda,0.06720438599586487,0.21306081116199493,1.5814018249511719,0.009706198237836361,0.010320814326405525,0.12142298370599747
uniform,em_log,"Euler--Maruyama, log sigma",Euler update,20,2,1,1,0.09731693798676133,0.12975591731568178,cuda,0.04391354322433472,0.214230477809906,1.583512544631958,0.025413744151592255,0.022834796458482742,0.12284231185913086
uniform,em_log,"Euler--Maruyama, log sigma",Euler update,50,2,1,0,0.235043998924084,0.31339199856544536,cuda,0.09330392628908157,0.15052996575832367,1.405510425567627,0.010018665343523026,0.009032053872942924,0.09917917847633362
uniform,em_log,"Euler--Maruyama, log sigma",Euler update,50,2,1,1,0.24268868705257773,0.32358491607010365,cuda,0.09207627922296524,0.17383509874343872,1.4799039363861084,0.08905799686908722,0.08355096727609634,0.11481857299804688
uniform,em_log,"Euler--Maruyama, log sigma",Euler update,100,2,1,0,0.4749275629874319,0.6332367506499091,cuda,0.06823816150426865,0.15893523395061493,1.436974048614502,0.042190201580524445,0.038209542632102966,0.10062149167060852
uniform,em_log,"Euler--Maruyama, log sigma",Euler update,100,2,1,1,0.4731030180118978,0.6308040240158638,cuda,0.09399524331092834,0.1648164689540863,1.4385067224502563,0.01070445403456688,0.010097929276525974,0.10553119331598282
uniform,sigma_uniform_dpm,"Sigma-space DPM-1, uniform t",DPM predictor,5,2,2,0,0.023667535046115518,0.03155671339482069,cuda,0.4612489640712738,0.15905752778053284,1.3049284219741821,2594.157958984375,69.14392852783203,0.3012046813964844
uniform,sigma_uniform_dpm,"Sigma-space DPM-1, uniform t",DPM predictor,5,2,2,1,0.023382940096780658,0.03117725346237421,cuda,0.4547443687915802,0.1371137946844101,1.2540391683578491,2589.671630859375,69.69954681396484,0.29669189453125
uniform,sigma_uniform_dpm,"Sigma-space DPM-1, uniform t",DPM predictor,10,2,2,0,0.04528747999574989,0.06038330666099986,cuda,0.4903493821620941,0.19490784406661987,1.411023497581482,2597.884765625,68.95272827148438,0.3208557665348053
uniform,sigma_uniform_dpm,"Sigma-space DPM-1, uniform t",DPM predictor,10,2,2,1,0.0456290110014379,0.060838681335250534,cuda,0.453773558139801,0.16778121888637543,1.3440895080566406,2589.27294921875,69.53853607177734,0.2977203130722046
uniform,sigma_uniform_dpm,"Sigma-space DPM-1, uniform t",DPM predictor,20,2,2,0,0.09302471997216344,0.12403295996288459,cuda,0.48855525255203247,0.1988917589187622,1.4268758296966553,2604.335205078125,69.38871002197266,0.320094496011734
uniform,sigma_uniform_dpm,"Sigma-space DPM-1, uniform t",DPM predictor,20,2,2,1,0.09981573896948248,0.13308765195930997,cuda,0.4531840682029724,0.17532557249069214,1.379285216331482,2581.876220703125,70.43048095703125,0.2971961796283722
uniform,sigma_uniform_dpm,"Sigma-space DPM-1, uniform t",DPM predictor,50,2,2,0,0.2300811349414289,0.30677484658857185,cuda,0.4547303020954132,0.16790249943733215,1.3787890672683716,2599.390625,69.38795471191406,0.29924771189689636
uniform,sigma_uniform_dpm,"Sigma-space DPM-1, uniform t",DPM predictor,50,2,2,1,0.23176877503283322,0.30902503337711096,cuda,0.4176042079925537,0.17895124852657318,1.3919789791107178,2594.41845703125,69.93470764160156,0.2750481963157654
uniform,sigma_uniform_dpm,"Sigma-space DPM-1, uniform t",DPM predictor,100,2,2,0,0.4684259929927066,0.6245679906569421,cuda,0.47044339776039124,0.18366692960262299,1.422573208808899,2593.814453125,69.46426391601562,0.31051892042160034
uniform,sigma_uniform_dpm,"Sigma-space DPM-1, uniform t",DPM predictor,100,2,2,1,0.464548651012592,0.6193982013501227,cuda,0.4691562354564667,0.23095369338989258,1.5181760787963867,2599.165771484375,69.76821899414062,0.3093263506889343
uniform,sigma_log_dpm,"Sigma-space DPM-1, log sigma",DPM predictor,5,2,2,0,0.025808490929193795,0.03441132123892506,cuda,0.46545135974884033,0.13307350873947144,1.281883955001831,2593.257568359375,69.40534973144531,0.30456796288490295
uniform,sigma_log_dpm,"Sigma-space DPM-1, log sigma",DPM predictor,5,2,2,1,0.022384975920431316,0.029846634560575087,cuda,0.4584612250328064,0.11392007023096085,1.236660122871399,2589.735107421875,69.6875991821289,0.299602210521698
uniform,sigma_log_dpm,"Sigma-space DPM-1, log sigma",DPM predictor,10,2,2,0,0.048218382988125086,0.06429117731750011,cuda,0.4947397708892822,0.19057561457157135,1.4368151426315308,2598.02099609375,69.09349822998047,0.3259126842021942
uniform,sigma_log_dpm,"Sigma-space DPM-1, log sigma",DPM predictor,10,2,2,1,0.04542062000837177,0.06056082667782903,cuda,0.458814412355423,0.16287387907505035,1.3695706129074097,2589.136962890625,69.6741714477539,0.3025916814804077
uniform,sigma_log_dpm,"Sigma-space DPM-1, log sigma",DPM predictor,20,2,2,0,0.09634695400018245,0.1284626053335766,cuda,0.4930891692638397,0.1994178742170334,1.449388027191162,2605.890380859375,69.11222839355469,0.32432252168655396
uniform,sigma_log_dpm,"Sigma-space DPM-1, log sigma",DPM predictor,20,2,2,1,0.09668285201769322,0.1289104693569243,cuda,0.4576764702796936,0.17609722912311554,1.4024531841278076,2581.949951171875,70.48858642578125,0.30145263671875
uniform,sigma_log_dpm,"Sigma-space DPM-1, log sigma",DPM predictor,50,2,2,0,0.23769946000538766,0.31693261334051687,cuda,0.45696935057640076,0.16903603076934814,1.39046049118042,2599.54541015625,69.41000366210938,0.3013036251068115
uniform,sigma_log_dpm,"Sigma-space DPM-1, log sigma",DPM predictor,50,2,2,1,0.2402912339894101,0.32038831198588014,cuda,0.4196309447288513,0.1804092526435852,1.4033499956130981,2594.55126953125,69.96601867675781,0.2768990397453308
uniform,sigma_log_dpm,"Sigma-space DPM-1, log sigma",DPM predictor,100,2,2,0,0.46121383795980364,0.6149517839464048,cuda,0.47167515754699707,0.18450510501861572,1.4287699460983276,2593.888427734375,69.46670532226562,0.31167322397232056
uniform,sigma_log_dpm,"Sigma-space DPM-1, log sigma",DPM predictor,100,2,2,1,0.4659710149280727,0.6212946865707636,cuda,0.4703299403190613,0.23204085230827332,1.5245939493179321,2599.254150390625,69.78304290771484,0.3104880750179291
uniform,dpm2_uniform,"DPM-2 + corrector, uniform t",Overall sampler,5,2,2,0,0.1616860699141398,0.2155814265521864,cuda,0.2915264368057251,0.2452804297208786,1.6056934595108032,2573.267578125,69.58854675292969,0.2212662249803543
uniform,dpm2_uniform,"DPM-2 + corrector, uniform t",Overall sampler,5,2,2,1,0.1711574860382825,0.22820998138437668,cuda,0.2520982325077057,0.23822611570358276,1.5999938249588013,2579.08447265625,70.10372924804688,0.20734059810638428
uniform,dpm2_uniform,"DPM-2 + corrector, uniform t",Overall sampler,10,2,2,0,0.23046469199471176,0.307286255992949,cuda,0.2766006290912628,0.18919497728347778,1.4575297832489014,2597.77783203125,68.90347290039062,0.19303257763385773
uniform,dpm2_uniform,"DPM-2 + corrector, uniform t",Overall sampler,10,2,2,1,0.23007186001632363,0.3067624800217648,cuda,0.2815275490283966,0.177786186337471,1.4359692335128784,2582.967529296875,70.1634292602539,0.2001182585954666
uniform,dpm2_uniform,"DPM-2 + corrector, uniform t",Overall sampler,20,2,2,0,0.3740046969614923,0.49867292928198975,cuda,0.24427074193954468,0.19190554320812225,1.45897376537323,2598.87158203125,68.36820220947266,0.1822478473186493
uniform,dpm2_uniform,"DPM-2 + corrector, uniform t",Overall sampler,20,2,2,1,0.37408071605022997,0.49877428806697327,cuda,0.24354706704616547,0.16646499931812286,1.4081697463989258,2586.26513671875,69.5020980834961,0.1735600084066391
uniform,dpm2_uniform,"DPM-2 + corrector, uniform t",Overall sampler,50,2,2,0,0.7841297499835491,1.0455063333113988,cuda,0.15903529524803162,0.15129335224628448,1.36371910572052,2555.095458984375,70.5284423828125,0.12658484280109406
uniform,dpm2_uniform,"DPM-2 + corrector, uniform t",Overall sampler,50,2,2,1,0.8370848629856482,1.116113150647531,cuda,0.17046773433685303,0.13655197620391846,1.338123083114624,2584.8759765625,69.49840545654297,0.12635454535484314
uniform,dpm2_uniform,"DPM-2 + corrector, uniform t",Overall sampler,100,2,2,0,1.4842238340061158,1.9789651120081544,cuda,0.12160029262304306,0.1022447869181633,1.2562229633331299,2580.599853515625,69.81078338623047,0.09823483973741531
uniform,dpm2_uniform,"DPM-2 + corrector, uniform t",Overall sampler,100,2,2,1,1.4804556530434638,1.9739408707246184,cuda,0.15538577735424042,0.12663504481315613,1.3146593570709229,2581.648193359375,70.04254913330078,0.11387855559587479
uniform,dpm2_log,"DPM-2 + corrector, log sigma",Overall sampler,5,2,2,0,0.211807842948474,0.282410457264632,cuda,0.3506753146648407,0.17999966442584991,1.4280049800872803,2596.5986328125,69.95146942138672,0.23506660759449005
uniform,dpm2_log,"DPM-2 + corrector, log sigma",Overall sampler,5,2,2,1,0.16177971998695284,0.21570629331593713,cuda,0.3044634759426117,0.15793763101100922,1.3861020803451538,2592.384521484375,69.97840881347656,0.20722904801368713
uniform,dpm2_log,"DPM-2 + corrector, log sigma",Overall sampler,10,2,2,0,0.2345821779454127,0.31277623726055026,cuda,0.36655181646347046,0.20356515049934387,1.4655259847640991,2613.212646484375,68.00341033935547,0.24645209312438965
uniform,dpm2_log,"DPM-2 + corrector, log sigma",Overall sampler,10,2,2,1,0.22662721597589552,0.302169621301194,cuda,0.3437170684337616,0.1638546884059906,1.3839905261993408,2584.4697265625,69.8421859741211,0.2295728474855423
uniform,dpm2_log,"DPM-2 + corrector, log sigma",Overall sampler,20,2,2,0,0.37977678200695664,0.5063690426759422,cuda,0.32939472794532776,0.16235776245594025,1.3776237964630127,2595.16796875,68.9300765991211,0.21851304173469543
uniform,dpm2_log,"DPM-2 + corrector, log sigma",Overall sampler,20,2,2,1,0.3628970760619268,0.48386276808256906,cuda,0.3121415376663208,0.15822888910770416,1.3678641319274902,2580.879150390625,69.32211303710938,0.20756977796554565
uniform,dpm2_log,"DPM-2 + corrector, log sigma",Overall sampler,50,2,2,0,0.7778464730363339,1.037128630715112,cuda,0.21326439082622528,0.11676420271396637,1.2710720300674438,2556.728515625,69.94949340820312,0.1441592574119568
uniform,dpm2_log,"DPM-2 + corrector, log sigma",Overall sampler,50,2,2,1,0.822292826953344,1.096390435937792,cuda,0.17262224853038788,0.12660086154937744,1.2918215990066528,2557.093994140625,70.17115020751953,0.1252189576625824
uniform,dpm2_log,"DPM-2 + corrector, log sigma",Overall sampler,100,2,2,0,1.4694842139724642,1.959312285296619,cuda,0.08585984259843826,0.05638691037893295,1.096620798110962,2563.73388671875,70.21955871582031,0.06714622676372528
uniform,dpm2_log,"DPM-2 + corrector, log sigma",Overall sampler,100,2,2,1,1.4958537970669568,1.994471729422609,cuda,0.12699797749519348,0.08329242467880249,1.1864243745803833,2571.175048828125,70.25082397460938,0.090199314057827
uniform,em_uniform,"Euler--Maruyama, uniform t",Euler update,5,2,2,0,0.025988016044721007,0.03465068805962801,cuda,0.4064731299877167,0.7434758543968201,2.5189976692199707,2581.186767578125,68.77845764160156,0.42479586601257324
uniform,em_uniform,"Euler--Maruyama, uniform t",Euler update,5,2,2,1,0.023618653998710215,0.03149153866494695,cuda,0.3114929795265198,0.6912155151367188,2.4566633701324463,2600.476806640625,69.54881286621094,0.39653465151786804
uniform,em_uniform,"Euler--Maruyama, uniform t",Euler update,10,2,2,0,0.06321163603570312,0.0842821813809375,cuda,0.34874746203422546,0.3988233804702759,1.9325956106185913,2596.76611328125,68.02596282958984,0.29808712005615234
uniform,em_uniform,"Euler--Maruyama, uniform t",Euler update,10,2,2,1,0.045321822981350124,0.06042909730846683,cuda,0.3050307333469391,0.3955395221710205,1.9251983165740967,2584.62841796875,70.01165771484375,0.281576544046402
uniform,em_uniform,"Euler--Maruyama, uniform t",Euler update,20,2,2,0,0.09491274098400027,0.12655032131200036,cuda,0.320861279964447,0.3184656500816345,1.7520489692687988,2576.443603515625,70.71868896484375,0.2551707625389099
uniform,em_uniform,"Euler--Maruyama, uniform t",Euler update,20,2,2,1,0.0961859819944948,0.12824797599265972,cuda,0.2831811308860779,0.30567318201065063,1.7236381769180298,2571.255859375,71.0384750366211,0.22861140966415405
uniform,em_uniform,"Euler--Maruyama, uniform t",Euler update,50,2,2,0,0.2346281420905143,0.3128375227873524,cuda,0.27317607402801514,0.20181208848953247,1.488829255104065,2589.50732421875,69.6434555053711,0.194735586643219
uniform,em_uniform,"Euler--Maruyama, uniform t",Euler update,50,2,2,1,0.23944805189967155,0.3192640691995621,cuda,0.23490244150161743,0.1880061775445938,1.4681936502456665,2557.18994140625,71.44446563720703,0.17469388246536255
uniform,em_uniform,"Euler--Maruyama, uniform t",Euler update,100,2,2,0,0.4691963359946385,0.625595114659518,cuda,0.2403641939163208,0.1528300791978836,1.369470477104187,2588.84130859375,68.30128479003906,0.17374445497989655
uniform,em_uniform,"Euler--Maruyama, uniform t",Euler update,100,2,2,1,0.4790358520112932,0.6387144693483909,cuda,0.2884196639060974,0.21219606697559357,1.5059940814971924,2579.19921875,70.26925659179688,0.2003622055053711
uniform,em_log,"Euler--Maruyama, log sigma",Euler update,5,2,2,0,0.022654691943898797,0.030206255925198395,cuda,0.36033809185028076,0.8896945714950562,2.614551067352295,2591.8779296875,70.60245513916016,0.4331068992614746
uniform,em_log,"Euler--Maruyama, log sigma",Euler update,5,2,2,1,0.024834046023897827,0.0331120613651971,cuda,0.2553662061691284,0.7980372309684753,2.50868558883667,2602.817626953125,70.37589263916016,0.38080736994743347
uniform,em_log,"Euler--Maruyama, log sigma",Euler update,10,2,2,0,0.05045043595600873,0.06726724794134498,cuda,0.30608758330345154,0.3876776397228241,1.8381142616271973,2595.79052734375,67.87958526611328,0.25930193066596985
uniform,em_log,"Euler--Maruyama, log sigma",Euler update,10,2,2,1,0.04698868899140507,0.06265158532187343,cuda,0.2963706851005554,0.3150377869606018,1.72573983669281,2581.81396484375,71.56209564208984,0.24261967837810516
uniform,em_log,"Euler--Maruyama, log sigma",Euler update,20,2,2,0,0.10475394199602306,0.13967192266136408,cuda,0.3061152398586273,0.21564649045467377,1.5198458433151245,2581.865234375,69.22268676757812,0.21630831062793732
uniform,em_log,"Euler--Maruyama, log sigma",Euler update,20,2,2,1,0.11013984296005219,0.14685312394673625,cuda,0.2840939462184906,0.21660931408405304,1.5140974521636963,2591.215576171875,68.0381088256836,0.20136533677577972
uniform,em_log,"Euler--Maruyama, log sigma",Euler update,50,2,2,0,0.23669608205091208,0.3155947760678828,cuda,0.27581697702407837,0.17194099724292755,1.4143956899642944,2579.0732421875,69.73048400878906,0.18830445408821106
uniform,em_log,"Euler--Maruyama, log sigma",Euler update,50,2,2,1,0.23576923098880798,0.31435897465174395,cuda,0.21775785088539124,0.18954239785671234,1.4402332305908203,2562.980224609375,69.04763793945312,0.16518062353134155
uniform,em_log,"Euler--Maruyama, log sigma",Euler update,100,2,2,0,0.4926520820008591,0.6568694426678121,cuda,0.21561455726623535,0.1416344940662384,1.3236730098724365,2575.9375,69.52159881591797,0.15342454612255096
uniform,em_log,"Euler--Maruyama, log sigma",Euler update,100,2,2,1,0.48165647010318935,0.6422086268042525,cuda,0.26135239005088806,0.17611165344715118,1.4182933568954468,2561.467041015625,70.687744140625,0.18279515206813812
uniform,sigma_uniform_dpm,"Sigma-space DPM-1, uniform t",DPM predictor,5,2,3,0,0.02580822806339711,0.034410970751196146,cuda,0.5504571199417114,0.5663573145866394,1.1868082284927368,30.465614318847656,4.024714469909668,0.3548446595668793
uniform,sigma_uniform_dpm,"Sigma-space DPM-1, uniform t",DPM predictor,5,2,3,1,0.022094668936915696,0.029459558582554262,cuda,0.5293833017349243,0.5427381992340088,1.1639997959136963,30.683263778686523,4.870675086975098,0.3423871099948883
uniform,sigma_uniform_dpm,"Sigma-space DPM-1, uniform t",DPM predictor,10,2,3,0,0.047393616987392306,0.06319148931652308,cuda,0.4502553641796112,0.35160452127456665,1.1290056705474854,31.06034278869629,3.3440024852752686,0.29011523723602295
uniform,sigma_uniform_dpm,"Sigma-space DPM-1, uniform t",DPM predictor,10,2,3,1,0.052609195932745934,0.07014559457699458,cuda,0.4721754491329193,0.3623217046260834,1.1135505437850952,29.993942260742188,4.182669162750244,0.3032166659832001
uniform,sigma_uniform_dpm,"Sigma-space DPM-1, uniform t",DPM predictor,20,2,3,0,0.09668714599683881,0.12891619466245174,cuda,0.4486408531665802,0.3599538505077362,1.1403988599777222,31.815780639648438,4.123931407928467,0.28875720500946045
uniform,sigma_uniform_dpm,"Sigma-space DPM-1, uniform t",DPM predictor,20,2,3,1,0.09427356102969497,0.12569808137292662,cuda,0.503006637096405,0.41171059012413025,1.1624927520751953,31.76639175415039,4.170994758605957,0.31953108310699463
uniform,sigma_uniform_dpm,"Sigma-space DPM-1, uniform t",DPM predictor,50,2,3,0,0.2329719311092049,0.31062924147893983,cuda,0.4670006334781647,0.3061641454696655,1.131646990776062,30.166114807128906,4.27188777923584,0.3013285994529724
uniform,sigma_uniform_dpm,"Sigma-space DPM-1, uniform t",DPM predictor,50,2,3,1,0.23457114305347204,0.31276152407129604,cuda,0.4844532012939453,0.3752436637878418,1.160501480102539,28.82618522644043,4.9568772315979,0.3100721836090088
uniform,sigma_uniform_dpm,"Sigma-space DPM-1, uniform t",DPM predictor,100,2,3,0,0.46876079903449863,0.6250143987126648,cuda,0.42362263798713684,0.20121699571609497,1.099123477935791,31.571645736694336,4.954026222229004,0.27437153458595276
uniform,sigma_uniform_dpm,"Sigma-space DPM-1, uniform t",DPM predictor,100,2,3,1,0.4618008329998702,0.6157344439998269,cuda,0.480613648891449,0.2843247652053833,1.1017969846725464,31.18656349182129,4.737837791442871,0.30749571323394775
uniform,sigma_log_dpm,"Sigma-space DPM-1, log sigma",DPM predictor,5,2,3,0,0.025662057101726532,0.034216076135635376,cuda,0.6944566965103149,0.6528951525688171,1.2143081426620483,30.476409912109375,6.3180131912231445,0.44660866260528564
uniform,sigma_log_dpm,"Sigma-space DPM-1, log sigma",DPM predictor,5,2,3,1,0.02234329900238663,0.029791065336515505,cuda,0.671184241771698,0.6267136335372925,1.1923527717590332,30.51052474975586,6.768651962280273,0.43247634172439575
uniform,sigma_log_dpm,"Sigma-space DPM-1, log sigma",DPM predictor,10,2,3,0,0.04584337002597749,0.06112449336796999,cuda,0.5331279635429382,0.38817116618156433,1.1434611082077026,30.922901153564453,5.194812774658203,0.34123140573501587
uniform,sigma_log_dpm,"Sigma-space DPM-1, log sigma",DPM predictor,10,2,3,1,0.047418730915524065,0.06322497455403209,cuda,0.5587888360023499,0.39976102113723755,1.1295543909072876,30.141502380371094,5.950313091278076,0.35696426033973694
uniform,sigma_log_dpm,"Sigma-space DPM-1, log sigma",DPM predictor,20,2,3,0,0.09230166103225201,0.12306888137633602,cuda,0.513143002986908,0.3808048367500305,1.1488007307052612,31.699308395385742,5.598632335662842,0.3289489150047302
uniform,sigma_log_dpm,"Sigma-space DPM-1, log sigma",DPM predictor,20,2,3,1,0.09400811395607889,0.12534415194143853,cuda,0.5644986629486084,0.43214115500450134,1.170668125152588,31.651260375976562,5.661120891571045,0.358062207698822
uniform,sigma_log_dpm,"Sigma-space DPM-1, log sigma",DPM predictor,50,2,3,0,0.26300417294260114,0.35067223059013486,cuda,0.49599912762641907,0.3139154613018036,1.1344270706176758,30.10887336730957,4.926017761230469,0.31932544708251953
uniform,sigma_log_dpm,"Sigma-space DPM-1, log sigma",DPM predictor,50,2,3,1,0.2383588699158281,0.31781182655443746,cuda,0.514586329460144,0.38332030177116394,1.1632535457611084,28.776329040527344,5.713273048400879,0.3289278745651245
uniform,sigma_log_dpm,"Sigma-space DPM-1, log sigma",DPM predictor,100,2,3,0,0.4895243999781087,0.6526991999708116,cuda,0.4394906461238861,0.20547854900360107,1.100684404373169,31.54250717163086,5.333674430847168,0.28431904315948486
uniform,sigma_log_dpm,"Sigma-space DPM-1, log sigma",DPM predictor,100,2,3,1,0.5005698999157175,0.6674265332209567,cuda,0.4953174889087677,0.2884353697299957,1.103332281112671,31.15718650817871,5.100495338439941,0.3166569769382477
uniform,dpm2_uniform,"DPM-2 + corrector, uniform t",Overall sampler,5,2,3,0,0.18115139799192548,0.2415351973225673,cuda,0.29851576685905457,0.2611839473247528,1.1948392391204834,29.64427375793457,2.0966532230377197,0.22156628966331482
uniform,dpm2_uniform,"DPM-2 + corrector, uniform t",Overall sampler,5,2,3,1,0.215034666005522,0.28671288800736267,cuda,0.2440762221813202,0.200958251953125,1.1594655513763428,29.76304817199707,2.6522412300109863,0.18285006284713745
uniform,dpm2_uniform,"DPM-2 + corrector, uniform t",Overall sampler,10,2,3,0,0.24351460498292,0.3246861399772267,cuda,0.2000637948513031,0.2016640603542328,1.1455496549606323,32.484046936035156,1.426288366317749,0.15067118406295776
uniform,dpm2_uniform,"DPM-2 + corrector, uniform t",Overall sampler,10,2,3,1,0.22935228305868804,0.3058030440782507,cuda,0.25372689962387085,0.21169641613960266,1.1511667966842651,33.43328094482422,1.366370677947998,0.1866433024406433
uniform,dpm2_uniform,"DPM-2 + corrector, uniform t",Overall sampler,20,2,3,0,0.3657745949458331,0.48769945992777747,cuda,0.22523565590381622,0.3333868086338043,1.2115452289581299,30.1630859375,1.0571656227111816,0.17303824424743652
uniform,dpm2_uniform,"DPM-2 + corrector, uniform t",Overall sampler,20,2,3,1,0.36896226298995316,0.4919496839866042,cuda,0.2589925229549408,0.24359771609306335,1.1616686582565308,30.765939712524414,0.9320225119590759,0.17924274504184723
uniform,dpm2_uniform,"DPM-2 + corrector, uniform t",Overall sampler,50,2,3,0,0.8002419120166451,1.0669892160221934,cuda,0.2454836070537567,0.2622716426849365,1.159602165222168,31.68212890625,0.8719559907913208,0.1760651022195816
uniform,dpm2_uniform,"DPM-2 + corrector, uniform t",Overall sampler,50,2,3,1,0.7934075449593365,1.0578767266124487,cuda,0.2907813489437103,0.30841055512428284,1.1832362413406372,28.3985595703125,0.8085827827453613,0.20428843796253204
uniform,dpm2_uniform,"DPM-2 + corrector, uniform t",Overall sampler,100,2,3,0,1.5123093069996685,2.0164124093328915,cuda,0.33222055435180664,0.17931516468524933,1.1115937232971191,26.578956604003906,0.7681852579116821,0.23278814554214478
uniform,dpm2_uniform,"DPM-2 + corrector, uniform t",Overall sampler,100,2,3,1,1.4654549909755588,1.9539399879674118,cuda,0.2844702899456024,0.12440511584281921,1.078589677810669,30.455562591552734,0.7799637317657471,0.20263369381427765
uniform,dpm2_log,"DPM-2 + corrector, log sigma",Overall sampler,5,2,3,0,0.15972947096452117,0.2129726279526949,cuda,0.27524644136428833,0.19577039778232574,1.1424115896224976,31.42168426513672,2.1106250286102295,0.1906079649925232
uniform,dpm2_log,"DPM-2 + corrector, log sigma",Overall sampler,5,2,3,1,0.16223496804013848,0.21631329072018465,cuda,0.25582852959632874,0.15900416672229767,1.1177202463150024,30.061473846435547,2.098973512649536,0.17891141772270203
uniform,dpm2_log,"DPM-2 + corrector, log sigma",Overall sampler,10,2,3,0,0.24032029195223004,0.3204270559363067,cuda,0.2577577531337738,0.20229655504226685,1.1471880674362183,28.369962692260742,1.9821109771728516,0.18335901200771332
uniform,dpm2_log,"DPM-2 + corrector, log sigma",Overall sampler,10,2,3,1,0.2298559519695118,0.3064746026260157,cuda,0.3175015449523926,0.16017869114875793,1.1216373443603516,28.45499038696289,1.8487544059753418,0.2127496600151062
uniform,dpm2_log,"DPM-2 + corrector, log sigma",Overall sampler,20,2,3,0,0.3680737380636856,0.49076498408491415,cuda,0.2195725440979004,0.19788500666618347,1.1438766717910767,31.8807315826416,1.3272640705108643,0.16124193370342255
uniform,dpm2_log,"DPM-2 + corrector, log sigma",Overall sampler,20,2,3,1,0.36747522407677025,0.4899669654356937,cuda,0.2991443872451782,0.17689603567123413,1.1355799436569214,29.654251098632812,1.4539477825164795,0.19859731197357178
uniform,dpm2_log,"DPM-2 + corrector, log sigma",Overall sampler,50,2,3,0,0.7927017150213942,1.0569356200285256,cuda,0.20685605704784393,0.19737450778484344,1.1253243684768677,26.312881469726562,0.9387032985687256,0.15430228412151337
uniform,dpm2_log,"DPM-2 + corrector, log sigma",Overall sampler,50,2,3,1,0.7864516259869561,1.048602167982608,cuda,0.24785755574703217,0.25112980604171753,1.1512765884399414,31.12747573852539,0.9789366126060486,0.1815483570098877
uniform,dpm2_log,"DPM-2 + corrector, log sigma",Overall sampler,100,2,3,0,1.5003732530167326,2.000497670688977,cuda,0.34936025738716125,0.06452120095491409,1.0399426221847534,33.80392074584961,0.8192272782325745,0.24530735611915588
uniform,dpm2_log,"DPM-2 + corrector, log sigma",Overall sampler,100,2,3,1,1.4859355629887432,1.9812474173183243,cuda,0.28682610392570496,0.08719105273485184,1.0540940761566162,31.76503562927246,0.790907084941864,0.20184922218322754
uniform,em_uniform,"Euler--Maruyama, uniform t",Euler update,5,2,3,0,0.02202671207487583,0.029368949433167774,cuda,0.3298303186893463,0.8694498538970947,1.5643831491470337,29.067340850830078,2.1412806510925293,0.33751794695854187
uniform,em_uniform,"Euler--Maruyama, uniform t",Euler update,5,2,3,1,0.023701410042122006,0.03160188005616268,cuda,0.35590362548828125,0.8143553733825684,1.5531728267669678,27.972789764404297,2.7542898654937744,0.3501861095428467
uniform,em_uniform,"Euler--Maruyama, uniform t",Euler update,10,2,3,0,0.045898154960013926,0.06119753994668523,cuda,0.18542292714118958,0.3709808588027954,1.2749274969100952,34.76433563232422,1.7276153564453125,0.18519720435142517
uniform,em_uniform,"Euler--Maruyama, uniform t",Euler update,10,2,3,1,0.05855358694680035,0.07807144926240046,cuda,0.25036290287971497,0.4248286187648773,1.319133996963501,32.2320556640625,1.4381895065307617,0.22562697529792786
uniform,em_uniform,"Euler--Maruyama, uniform t",Euler update,20,2,3,0,0.10260614310391247,0.13680819080521664,cuda,0.20514225959777832,0.40299439430236816,1.2820191383361816,31.18387222290039,1.2509212493896484,0.18263620138168335
uniform,em_uniform,"Euler--Maruyama, uniform t",Euler update,20,2,3,1,0.11768327897880226,0.15691103863840303,cuda,0.24635346233844757,0.26229456067085266,1.2040468454360962,33.80229187011719,1.5100581645965576,0.18471302092075348
uniform,em_uniform,"Euler--Maruyama, uniform t",Euler update,50,2,3,0,0.23607478896155953,0.3147663852820794,cuda,0.2032708376646042,0.2734609544277191,1.203094244003296,33.87303924560547,1.274696946144104,0.15929728746414185
uniform,em_uniform,"Euler--Maruyama, uniform t",Euler update,50,2,3,1,0.2689491549972445,0.3585988733296593,cuda,0.21624185144901276,0.2651481628417969,1.1895782947540283,34.66102600097656,1.113831877708435,0.16286391019821167
uniform,em_uniform,"Euler--Maruyama, uniform t",Euler update,100,2,3,0,0.4673618170199916,0.6231490893599888,cuda,0.22987651824951172,0.13640838861465454,1.1073287725448608,30.01531219482422,1.229805827140808,0.1656062752008438
uniform,em_uniform,"Euler--Maruyama, uniform t",Euler update,100,2,3,1,0.4951319459360093,0.660175927914679,cuda,0.24155448377132416,0.14236795902252197,1.112065076828003,30.250333786010742,1.000223994255066,0.17431329190731049
uniform,em_log,"Euler--Maruyama, log sigma",Euler update,5,2,3,0,0.023613055935129523,0.031484074580172695,cuda,0.43858563899993896,1.1632254123687744,1.7234193086624146,34.88444137573242,2.922952175140381,0.3885461688041687
uniform,em_log,"Euler--Maruyama, log sigma",Euler update,5,2,3,1,0.023679640027694404,0.0315728533702592,cuda,0.46450182795524597,1.2617666721343994,1.7670228481292725,30.81026840209961,3.10878849029541,0.42300286889076233
uniform,em_log,"Euler--Maruyama, log sigma",Euler update,10,2,3,0,0.06300227204337716,0.08400302939116955,cuda,0.1692521870136261,0.48184823989868164,1.327322244644165,32.72446823120117,1.3279376029968262,0.18408972024917603
uniform,em_log,"Euler--Maruyama, log sigma",Euler update,10,2,3,1,0.04631711705587804,0.061756156074504055,cuda,0.25361648201942444,0.5044071078300476,1.3666433095932007,30.242305755615234,1.211097002029419,0.20672562718391418
uniform,em_log,"Euler--Maruyama, log sigma",Euler update,20,2,3,0,0.09291389503050596,0.12388519337400794,cuda,0.2032095044851303,0.34247952699661255,1.224047064781189,30.84969139099121,1.110713005065918,0.16410350799560547
uniform,em_log,"Euler--Maruyama, log sigma",Euler update,20,2,3,1,0.09215551801025867,0.12287402401367824,cuda,0.28349801898002625,0.30111753940582275,1.212384819984436,31.066036224365234,1.4663006067276,0.19352877140045166
uniform,em_log,"Euler--Maruyama, log sigma",Euler update,50,2,3,0,0.23263842903543264,0.31018457204724353,cuda,0.19149267673492432,0.25420698523521423,1.172222375869751,33.91264724731445,1.2609299421310425,0.15419140458106995
uniform,em_log,"Euler--Maruyama, log sigma",Euler update,50,2,3,1,0.24070536601357162,0.3209404880180955,cuda,0.21331371366977692,0.2618815302848816,1.1776927709579468,31.865570068359375,1.1366571187973022,0.15780749917030334
uniform,em_log,"Euler--Maruyama, log sigma",Euler update,100,2,3,0,0.47394586098380387,0.6319278146450719,cuda,0.2454022914171219,0.12261109054088593,1.0875098705291748,35.38770294189453,1.3214187622070312,0.17880244553089142
uniform,em_log,"Euler--Maruyama, log sigma",Euler update,100,2,3,1,0.46768759202677757,0.6235834560357034,cuda,0.2229667603969574,0.15108568966388702,1.1095012426376343,29.781089782714844,1.1511569023132324,0.15738238394260406
log_sigma,sigma_uniform_dpm,"Sigma-space DPM-1, uniform t",DPM predictor,5,0,0,0,0.038863972993567586,0.051818630658090115,cuda,0.45407742261886597,0.3536423444747925,1.1179094314575195,0.14112553000450134,0.4434692859649658,0.3026615083217621
log_sigma,sigma_uniform_dpm,"Sigma-space DPM-1, uniform t",DPM predictor,5,0,0,1,0.023496709065511823,0.03132894542068243,cuda,0.45016613602638245,0.35272952914237976,1.131096601486206,0.4007011651992798,0.31462156772613525,0.2982531487941742
log_sigma,sigma_uniform_dpm,"Sigma-space DPM-1, uniform t",DPM predictor,10,0,0,0,0.051978333038277924,0.06930444405103724,cuda,0.3612504303455353,0.2856109142303467,1.1474857330322266,0.04288409277796745,0.30637580156326294,0.24048063158988953
log_sigma,sigma_uniform_dpm,"Sigma-space DPM-1, uniform t",DPM predictor,10,0,0,1,0.04507985292002559,0.06010647056003412,cuda,0.3691442608833313,0.2961271405220032,1.1301231384277344,0.062289923429489136,0.2007286548614502,0.24549508094787598
log_sigma,sigma_uniform_dpm,"Sigma-space DPM-1, uniform t",DPM predictor,20,0,0,0,0.09698275499977171,0.12931033999969563,cuda,0.36273545026779175,0.22716595232486725,1.1233019828796387,0.01456235721707344,0.2949957847595215,0.23802894353866577
log_sigma,sigma_uniform_dpm,"Sigma-space DPM-1, uniform t",DPM predictor,20,0,0,1,0.0950947089586407,0.1267929452781876,cuda,0.34192442893981934,0.2725027799606323,1.1651939153671265,0.3420540392398834,0.20664551854133606,0.2233792096376419
log_sigma,sigma_uniform_dpm,"Sigma-space DPM-1, uniform t",DPM predictor,50,0,0,0,0.23126189108006656,0.30834918810675543,cuda,0.40303364396095276,0.27858859300613403,1.1977472305297852,0.2340754270553589,0.30100712180137634,0.2623429596424103
log_sigma,sigma_uniform_dpm,"Sigma-space DPM-1, uniform t",DPM predictor,50,0,0,1,0.23059558402746916,0.3074607787032922,cuda,0.38519051671028137,0.30320507287979126,1.1720792055130005,0.04252079129219055,0.41359463334083557,0.25368762016296387
log_sigma,sigma_uniform_dpm,"Sigma-space DPM-1, uniform t",DPM predictor,100,0,0,0,0.46379704296123236,0.6183960572816432,cuda,0.3520636558532715,0.18424563109874725,1.134762167930603,0.26864367723464966,0.43166103959083557,0.2318592518568039
log_sigma,sigma_uniform_dpm,"Sigma-space DPM-1, uniform t",DPM predictor,100,0,0,1,0.46523393399547786,0.6203119119939705,cuda,0.36998286843299866,0.20933887362480164,1.1515659093856812,0.360528826713562,0.3391752243041992,0.24209769070148468
log_sigma,sigma_log_dpm,"Sigma-space DPM-1, log sigma",DPM predictor,5,0,0,0,0.022181676933541894,0.029575569244722526,cuda,0.5755884647369385,0.3910011053085327,1.1318936347961426,0.14809805154800415,1.0936925411224365,0.37905189394950867
log_sigma,sigma_log_dpm,"Sigma-space DPM-1, log sigma",DPM predictor,5,0,0,1,0.02596184506546706,0.034615793420622744,cuda,0.574032187461853,0.3864676356315613,1.142071008682251,0.33918941020965576,1.0093708038330078,0.376621812582016
log_sigma,sigma_log_dpm,"Sigma-space DPM-1, log sigma",DPM predictor,10,0,0,0,0.04539857909549028,0.060531438793987036,cuda,0.44653990864753723,0.32419583201408386,1.1712098121643066,0.0699227824807167,0.6678873300552368,0.29452550411224365
log_sigma,sigma_log_dpm,"Sigma-space DPM-1, log sigma",DPM predictor,10,0,0,1,0.04911155195441097,0.06548206927254796,cuda,0.4606570303440094,0.3353997766971588,1.1539249420166016,0.07795431464910507,0.6973065733909607,0.3030054569244385
log_sigma,sigma_log_dpm,"Sigma-space DPM-1, log sigma",DPM predictor,20,0,0,0,0.0926060969941318,0.12347479599217574,cuda,0.42990362644195557,0.2555164098739624,1.1423797607421875,0.03612333536148071,0.749589741230011,0.2806343138217926
log_sigma,sigma_log_dpm,"Sigma-space DPM-1, log sigma",DPM predictor,20,0,0,1,0.09173028392251581,0.12230704523002107,cuda,0.4113878309726715,0.30216851830482483,1.1843628883361816,0.33550378680229187,0.5130627155303955,0.2672744393348694
log_sigma,sigma_log_dpm,"Sigma-space DPM-1, log sigma",DPM predictor,50,0,0,0,0.23546282795723528,0.3139504372763137,cuda,0.4417194128036499,0.2969953119754791,1.2088191509246826,0.24491463601589203,0.5457565188407898,0.28679198026657104
log_sigma,sigma_log_dpm,"Sigma-space DPM-1, log sigma",DPM predictor,50,0,0,1,0.24086589505895972,0.3211545267452796,cuda,0.42564547061920166,0.32018813490867615,1.1837671995162964,0.0514194518327713,0.6173340082168579,0.2791628837585449
log_sigma,sigma_log_dpm,"Sigma-space DPM-1, log sigma",DPM predictor,100,0,0,0,0.47035203699488193,0.6271360493265092,cuda,0.37389078736305237,0.19228999316692352,1.1403411626815796,0.27473291754722595,0.5759978890419006,0.24561306834220886
log_sigma,sigma_log_dpm,"Sigma-space DPM-1, log sigma",DPM predictor,100,0,0,1,0.4668184439651668,0.6224245919535557,cuda,0.3908897340297699,0.21809278428554535,1.1574747562408447,0.3443509638309479,0.4098462164402008,0.2552086412906647
log_sigma,dpm2_uniform,"DPM-2 + corrector, uniform t",Overall sampler,5,0,0,0,0.16661663597915322,0.22215551463887095,cuda,0.15149705111980438,0.33153051137924194,1.2597179412841797,0.09323763102293015,0.10359153896570206,0.14755797386169434
log_sigma,dpm2_uniform,"DPM-2 + corrector, uniform t",Overall sampler,5,0,0,1,0.19460464094299823,0.2594728545906643,cuda,0.18439456820487976,0.35893362760543823,1.2821028232574463,0.02022019773721695,0.05630160868167877,0.16888776421546936
log_sigma,dpm2_uniform,"DPM-2 + corrector, uniform t",Overall sampler,10,0,0,0,0.2501696809194982,0.33355957455933094,cuda,0.17623740434646606,0.3631473779678345,1.2499828338623047,0.25301674008369446,0.048693910241127014,0.14404617249965668
log_sigma,dpm2_uniform,"DPM-2 + corrector, uniform t",Overall sampler,10,0,0,1,0.2273086899658665,0.303078253287822,cuda,0.18083035945892334,0.23620617389678955,1.18764066696167,0.030199065804481506,0.045704882591962814,0.13694898784160614
log_sigma,dpm2_uniform,"DPM-2 + corrector, uniform t",Overall sampler,20,0,0,0,0.3724782600766048,0.4966376801021397,cuda,0.11322015523910522,0.2842038571834564,1.2090429067611694,0.0007854925934225321,0.0006308908341452479,0.11051555722951889
log_sigma,dpm2_uniform,"DPM-2 + corrector, uniform t",Overall sampler,20,0,0,1,0.3715451150201261,0.4953934866935015,cuda,0.0658211037516594,0.4256042242050171,1.279057502746582,0.05757444351911545,0.022927168756723404,0.12292122095823288
log_sigma,dpm2_uniform,"DPM-2 + corrector, uniform t",Overall sampler,50,0,0,0,0.7797427549958229,1.0396570066610973,cuda,0.010664512403309345,0.3622702956199646,1.2360153198242188,0.07896453142166138,0.02285103127360344,0.10634440183639526
log_sigma,dpm2_uniform,"DPM-2 + corrector, uniform t",Overall sampler,50,0,0,1,0.7776468839729205,1.036862511963894,cuda,0.006375092081725597,0.37026432156562805,1.2396236658096313,0.6144249439239502,0.034546155482530594,0.11314696818590164
log_sigma,dpm2_uniform,"DPM-2 + corrector, uniform t",Overall sampler,100,0,0,0,1.4848849050467834,1.979846540062378,cuda,0.03576797619462013,0.3336498439311981,1.218084692955017,0.013857807032763958,0.026227829977869987,0.10182028263807297
log_sigma,dpm2_uniform,"DPM-2 + corrector, uniform t",Overall sampler,100,0,0,1,1.4709371560020372,1.9612495413360496,cuda,0.07381747663021088,0.39137473702430725,1.2516636848449707,0.17916743457317352,0.04563133418560028,0.10722216963768005
log_sigma,dpm2_log,"DPM-2 + corrector, log sigma",Overall sampler,5,0,0,0,0.16374939389061183,0.21833252518748245,cuda,0.15583978593349457,0.17982038855552673,1.1530038118362427,0.0018683030502870679,0.03079017624258995,0.11621954292058945
log_sigma,dpm2_log,"DPM-2 + corrector, log sigma",Overall sampler,5,0,0,1,0.15869226003997028,0.2115896800532937,cuda,0.19872412085533142,0.18413686752319336,1.1598341464996338,0.0024493099190294743,0.01595626212656498,0.14338801801204681
log_sigma,dpm2_log,"DPM-2 + corrector, log sigma",Overall sampler,10,0,0,0,0.2727101769996807,0.3636135693329076,cuda,0.21155007183551788,0.2884400486946106,1.230864405632019,0.053648822009563446,0.024796904996037483,0.15029188990592957
log_sigma,dpm2_log,"DPM-2 + corrector, log sigma",Overall sampler,10,0,0,1,0.2366947130067274,0.31559295067563653,cuda,0.21032066643238068,0.20920948684215546,1.1861276626586914,0.0028424556367099285,0.05884255841374397,0.14503775537014008
log_sigma,dpm2_log,"DPM-2 + corrector, log sigma",Overall sampler,20,0,0,0,0.36746937700081617,0.4899591693344216,cuda,0.15777048468589783,0.17349505424499512,1.1394970417022705,0.1507435292005539,0.015975845977663994,0.11450710892677307
log_sigma,dpm2_log,"DPM-2 + corrector, log sigma",Overall sampler,20,0,0,1,0.3672455019550398,0.4896606692733864,cuda,0.13381637632846832,0.3311927020549774,1.2502747774124146,0.0859927162528038,0.02002865821123123,0.12699922919273376
log_sigma,dpm2_log,"DPM-2 + corrector, log sigma",Overall sampler,50,0,0,0,0.7908124190289527,1.0544165587052703,cuda,0.10583910346031189,0.3964034616947174,1.254480242729187,0.13969972729682922,0.008431902155280113,0.12343993782997131
log_sigma,dpm2_log,"DPM-2 + corrector, log sigma",Overall sampler,50,0,0,1,0.806526293978095,1.0753683919707935,cuda,0.08486159890890121,0.3117961883544922,1.2076112031936646,0.013914882205426693,0.005094812251627445,0.10942592471837997
log_sigma,dpm2_log,"DPM-2 + corrector, log sigma",Overall sampler,100,0,0,0,1.488562228041701,1.9847496373889346,cuda,0.09642750024795532,0.3020516037940979,1.197351336479187,0.004253963939845562,0.028900183737277985,0.10950261354446411
log_sigma,dpm2_log,"DPM-2 + corrector, log sigma",Overall sampler,100,0,0,1,1.5598000779282302,2.0797334372376404,cuda,0.020489169284701347,0.3541944921016693,1.2283272743225098,0.023858195170760155,0.026193248108029366,0.09881330281496048
log_sigma,em_uniform,"Euler--Maruyama, uniform t",Euler update,5,0,0,0,0.022512983065098524,0.0300173107534647,cuda,0.3372046649456024,0.8249444961547852,1.620652198791504,0.12494276463985443,0.3222426474094391,0.348498672246933
log_sigma,em_uniform,"Euler--Maruyama, uniform t",Euler update,5,0,0,1,0.02203968307003379,0.029386244093378384,cuda,0.3545072078704834,0.8730173110961914,1.6490594148635864,0.2266777753829956,0.9075381755828857,0.366737961769104
log_sigma,em_uniform,"Euler--Maruyama, uniform t",Euler update,10,0,0,0,0.046172625035978854,0.06156350004797181,cuda,0.23736368119716644,0.558253288269043,1.4204963445663452,0.20474044978618622,0.05610412731766701,0.24597729742527008
log_sigma,em_uniform,"Euler--Maruyama, uniform t",Euler update,10,0,0,1,0.04565983801148832,0.06087978401531776,cuda,0.21171624958515167,0.37345412373542786,1.319744348526001,0.00975178461521864,0.0454489141702652,0.20453985035419464
log_sigma,em_uniform,"Euler--Maruyama, uniform t",Euler update,20,0,0,0,0.09356354596093297,0.1247513946145773,cuda,0.16580989956855774,0.26747962832450867,1.226332664489746,0.17074260115623474,0.020001035183668137,0.1567029505968094
log_sigma,em_uniform,"Euler--Maruyama, uniform t",Euler update,20,0,0,1,0.09914641198702157,0.13219521598269543,cuda,0.12327516078948975,0.40912556648254395,1.3169658184051514,0.13899588584899902,0.007552581839263439,0.17045024037361145
log_sigma,em_uniform,"Euler--Maruyama, uniform t",Euler update,50,0,0,0,0.25053929595742375,0.33405239460989833,cuda,0.11592110991477966,0.3698710799217224,1.2631759643554688,0.03054090589284897,0.0036818364169448614,0.13677842915058136
log_sigma,em_uniform,"Euler--Maruyama, uniform t",Euler update,50,0,0,1,0.25332152599003166,0.33776203465337556,cuda,0.05286502465605736,0.2993582785129547,1.2222362756729126,0.10164573788642883,0.011376742273569107,0.11498591303825378
log_sigma,em_uniform,"Euler--Maruyama, uniform t",Euler update,100,0,0,0,0.48001359205227345,0.6400181227363646,cuda,0.15363240242004395,0.26367875933647156,1.188341498374939,0.02314787171781063,0.011339706368744373,0.12156575918197632
log_sigma,em_uniform,"Euler--Maruyama, uniform t",Euler update,100,0,0,1,0.4743248769082129,0.6324331692109505,cuda,0.06016882508993149,0.33172932267189026,1.231541633605957,0.025046443566679955,0.00745585560798645,0.11336593329906464
log_sigma,em_log,"Euler--Maruyama, log sigma",Euler update,5,0,0,0,0.022360778995789587,0.029814371994386118,cuda,0.47037678956985474,1.0778015851974487,1.7501897811889648,0.008121035993099213,0.10437320172786713,0.40950602293014526
log_sigma,em_log,"Euler--Maruyama, log sigma",Euler update,5,0,0,1,0.031449884991161525,0.041933179988215365,cuda,0.49106064438819885,1.0723917484283447,1.7566025257110596,0.02534521371126175,0.036030497401952744,0.42168495059013367
log_sigma,em_log,"Euler--Maruyama, log sigma",Euler update,10,0,0,0,0.046608977019786835,0.06214530269304911,cuda,0.24009086191654205,0.5760428309440613,1.3985140323638916,0.0011510492768138647,0.0019731728825718164,0.20994625985622406
log_sigma,em_log,"Euler--Maruyama, log sigma",Euler update,10,0,0,1,0.048894145991653204,0.0651921946555376,cuda,0.2599981129169464,0.47126081585884094,1.3719607591629028,0.021669020876288414,0.007104857824742794,0.21435627341270447
log_sigma,em_log,"Euler--Maruyama, log sigma",Euler update,20,0,0,0,0.1166619909927249,0.1555493213236332,cuda,0.16177208721637726,0.2663613259792328,1.2049212455749512,0.07786288857460022,0.004267715848982334,0.12990042567253113
log_sigma,em_log,"Euler--Maruyama, log sigma",Euler update,20,0,0,1,0.1097150290152058,0.14628670535360774,cuda,0.15239635109901428,0.43896645307540894,1.3073360919952393,0.014940444380044937,0.009357123635709286,0.15628917515277863
log_sigma,em_log,"Euler--Maruyama, log sigma",Euler update,50,0,0,0,0.24022778903599828,0.3203037187146644,cuda,0.14884035289287567,0.41898685693740845,1.276847004890442,0.12276121973991394,0.00542815588414669,0.14164486527442932
log_sigma,em_log,"Euler--Maruyama, log sigma",Euler update,50,0,0,1,0.2597343660891056,0.3463124881188075,cuda,0.10965186357498169,0.3144674003124237,1.2302697896957397,0.0001796353462850675,0.003304972080513835,0.11962313950061798
log_sigma,em_log,"Euler--Maruyama, log sigma",Euler update,100,0,0,0,0.4750530259916559,0.6334040346555412,cuda,0.14934805035591125,0.28824669122695923,1.2015819549560547,0.004417289048433304,0.004047222435474396,0.12370263785123825
log_sigma,em_log,"Euler--Maruyama, log sigma",Euler update,100,0,0,1,0.4792091540293768,0.6389455387058357,cuda,0.08170277625322342,0.37676650285720825,1.2509236335754395,0.10077224671840668,0.015867702662944794,0.12076962739229202
log_sigma,sigma_uniform_dpm,"Sigma-space DPM-1, uniform t",DPM predictor,5,0,1,0,0.024818912032060325,0.03309188270941377,cuda,0.24453674256801605,0.17041319608688354,1.404297113418579,0.1327134221792221,0.12738637626171112,0.1707998365163803
log_sigma,sigma_uniform_dpm,"Sigma-space DPM-1, uniform t",DPM predictor,5,0,1,1,0.033676338964141905,0.04490178528552254,cuda,0.23303183913230896,0.19320599734783173,1.462274432182312,0.010264075361192226,0.010905016213655472,0.16759233176708221
log_sigma,sigma_uniform_dpm,"Sigma-space DPM-1, uniform t",DPM predictor,10,0,1,0,0.046354533988051116,0.06180604531740149,cuda,0.22924064099788666,0.15680770576000214,1.3856704235076904,0.05288509652018547,0.048470985144376755,0.15859118103981018
log_sigma,sigma_uniform_dpm,"Sigma-space DPM-1, uniform t",DPM predictor,10,0,1,1,0.04469134099781513,0.05958845466375351,cuda,0.21795842051506042,0.13939762115478516,1.336485505104065,0.11015482991933823,0.10431763529777527,0.14980415999889374
log_sigma,sigma_uniform_dpm,"Sigma-space DPM-1, uniform t",DPM predictor,20,0,1,0,0.0914983730763197,0.12199783076842625,cuda,0.14649470150470734,0.19651196897029877,1.5250473022460938,0.07153543829917908,0.06603603065013885,0.1443394273519516
log_sigma,sigma_uniform_dpm,"Sigma-space DPM-1, uniform t",DPM predictor,20,0,1,1,0.09273886296432465,0.1236518172857662,cuda,0.16416993737220764,0.1632569283246994,1.433018445968628,0.03908800333738327,0.03531278669834137,0.13850167393684387
log_sigma,sigma_uniform_dpm,"Sigma-space DPM-1, uniform t",DPM predictor,50,0,1,0,0.2357599720126018,0.31434662935013574,cuda,0.1807681769132614,0.17135903239250183,1.489749550819397,0.15277786552906036,0.14432519674301147,0.15248706936836243
log_sigma,sigma_uniform_dpm,"Sigma-space DPM-1, uniform t",DPM predictor,50,0,1,1,0.24329882592428476,0.324398434565713,cuda,0.1930905282497406,0.19183021783828735,1.5157451629638672,0.10131711512804031,0.09564265608787537,0.16096122562885284
log_sigma,sigma_uniform_dpm,"Sigma-space DPM-1, uniform t",DPM predictor,100,0,1,0,0.46444768202491105,0.6192635760332147,cuda,0.2110258936882019,0.18232198059558868,1.4929025173187256,0.03847281634807587,0.035406291484832764,0.1624390333890915
log_sigma,sigma_uniform_dpm,"Sigma-space DPM-1, uniform t",DPM predictor,100,0,1,1,0.46402999304700643,0.6187066573960086,cuda,0.2116578370332718,0.18102620542049408,1.4937981367111206,0.07007919251918793,0.06503806263208389,0.16029025614261627
log_sigma,sigma_log_dpm,"Sigma-space DPM-1, log sigma",DPM predictor,5,0,1,0,0.025806257035583258,0.03440834271411101,cuda,0.2552875876426697,0.16115781664848328,1.4206379652023315,0.13183379173278809,0.1241745799779892,0.17644429206848145
log_sigma,sigma_log_dpm,"Sigma-space DPM-1, log sigma",DPM predictor,5,0,1,1,0.027562750037759542,0.03675033338367939,cuda,0.24377813935279846,0.18228527903556824,1.4759294986724854,0.0026429526042193174,0.002570463577285409,0.17487025260925293
log_sigma,sigma_log_dpm,"Sigma-space DPM-1, log sigma",DPM predictor,10,0,1,0,0.05449099303223193,0.07265465737630923,cuda,0.23957091569900513,0.17014525830745697,1.455640196800232,0.05793970078229904,0.05323522910475731,0.1692093163728714
log_sigma,sigma_log_dpm,"Sigma-space DPM-1, log sigma",DPM predictor,10,0,1,1,0.04804394906386733,0.06405859875182311,cuda,0.22826099395751953,0.1515330970287323,1.4059336185455322,0.12165152281522751,0.11575329303741455,0.1590138077735901
log_sigma,sigma_log_dpm,"Sigma-space DPM-1, log sigma",DPM predictor,20,0,1,0,0.09263492200989276,0.12351322934652369,cuda,0.1558118760585785,0.22381454706192017,1.6133010387420654,0.07981650531291962,0.07395230233669281,0.16315197944641113
log_sigma,sigma_log_dpm,"Sigma-space DPM-1, log sigma",DPM predictor,20,0,1,1,0.09551550704054534,0.1273540093873938,cuda,0.17338524758815765,0.1877923458814621,1.5196233987808228,0.043267421424388885,0.03925955295562744,0.15545174479484558
log_sigma,sigma_log_dpm,"Sigma-space DPM-1, log sigma",DPM predictor,50,0,1,0,0.2348753249971196,0.3131670999961595,cuda,0.18827340006828308,0.18977628648281097,1.547461986541748,0.1649261713027954,0.15611562132835388,0.1646001636981964
log_sigma,sigma_log_dpm,"Sigma-space DPM-1, log sigma",DPM predictor,50,0,1,1,0.24500835791695863,0.32667781055594486,cuda,0.20081757009029388,0.2105492651462555,1.572658658027649,0.10970082879066467,0.10397020727396011,0.17292064428329468
log_sigma,sigma_log_dpm,"Sigma-space DPM-1, log sigma",DPM predictor,100,0,1,0,0.4684587649535388,0.6246116866047183,cuda,0.21524864435195923,0.19160807132720947,1.5217249393463135,0.04008180648088455,0.03697402775287628,0.16819162666797638
log_sigma,sigma_log_dpm,"Sigma-space DPM-1, log sigma",DPM predictor,100,0,1,1,0.47081293794326484,0.6277505839243531,cuda,0.2159004807472229,0.19054611027240753,1.523253321647644,0.07295011729001999,0.06782121956348419,0.1664629727602005
log_sigma,dpm2_uniform,"DPM-2 + corrector, uniform t",Overall sampler,5,0,1,0,0.1708902510581538,0.2278536680775384,cuda,0.1504889577627182,0.3561864495277405,1.931000828742981,0.11106719076633453,0.10701669752597809,0.2279067039489746
log_sigma,dpm2_uniform,"DPM-2 + corrector, uniform t",Overall sampler,5,0,1,1,0.16553131898399442,0.22070842531199256,cuda,0.15879851579666138,0.32727429270744324,1.8626295328140259,0.02399633079767227,0.022079668939113617,0.20548109710216522
log_sigma,dpm2_uniform,"DPM-2 + corrector, uniform t",Overall sampler,10,0,1,0,0.2357127859722823,0.3142837146297097,cuda,0.1297273188829422,0.23057639598846436,1.6485732793807983,0.0904732346534729,0.08613768219947815,0.16141058504581451
log_sigma,dpm2_uniform,"DPM-2 + corrector, uniform t",Overall sampler,10,0,1,1,0.23634709895122796,0.31512946526830393,cuda,0.1493634283542633,0.25459063053131104,1.6779626607894897,0.12184229493141174,0.1199912428855896,0.17648141086101532
log_sigma,dpm2_uniform,"DPM-2 + corrector, uniform t",Overall sampler,20,0,1,0,0.3694615070708096,0.4926153427610795,cuda,0.08281505107879639,0.20539192855358124,1.5553452968597412,0.01642770878970623,0.01438206061720848,0.12744295597076416
log_sigma,dpm2_uniform,"DPM-2 + corrector, uniform t",Overall sampler,20,0,1,1,0.3672167240874842,0.48962229878331226,cuda,0.031262438744306564,0.20540167391300201,1.5563840866088867,0.003630220890045166,0.00369263906031847,0.12174379080533981
log_sigma,dpm2_uniform,"DPM-2 + corrector, uniform t",Overall sampler,50,0,1,0,0.7858932950766757,1.0478577267689009,cuda,0.08141961693763733,0.19781756401062012,1.5308603048324585,0.015152616426348686,0.01427448634058237,0.12235482037067413
log_sigma,dpm2_uniform,"DPM-2 + corrector, uniform t",Overall sampler,50,0,1,1,0.7919663609936833,1.0559551479915779,cuda,0.0863519087433815,0.1843428760766983,1.5144627094268799,0.01205994188785553,0.012928400188684464,0.11906514316797256
log_sigma,dpm2_uniform,"DPM-2 + corrector, uniform t",Overall sampler,100,0,1,0,1.4850030259694904,1.9800040346259873,cuda,0.030206196010112762,0.15865018963813782,1.436814785003662,0.02373262122273445,0.02251775749027729,0.09083209931850433
log_sigma,dpm2_uniform,"DPM-2 + corrector, uniform t",Overall sampler,100,0,1,1,1.4830186759354547,1.9773582345806062,cuda,0.012092546559870243,0.16073569655418396,1.461690068244934,0.04681890830397606,0.0464426651597023,0.10255835205316544
log_sigma,dpm2_log,"DPM-2 + corrector, log sigma",Overall sampler,5,0,1,0,0.20348688296508044,0.2713158439534406,cuda,0.16857340931892395,0.21892739832401276,1.6045310497283936,0.10112623870372772,0.09506851434707642,0.16849714517593384
log_sigma,dpm2_log,"DPM-2 + corrector, log sigma",Overall sampler,5,0,1,1,0.16034701594617218,0.2137960212615629,cuda,0.16981294751167297,0.22551798820495605,1.5948411226272583,0.04822048917412758,0.04462486505508423,0.15943357348442078
log_sigma,dpm2_log,"DPM-2 + corrector, log sigma",Overall sampler,10,0,1,0,0.25833524705376476,0.34444699607168633,cuda,0.16289293766021729,0.21347381174564362,1.580488681793213,0.024707214906811714,0.022013317793607712,0.16099399328231812
log_sigma,dpm2_log,"DPM-2 + corrector, log sigma",Overall sampler,10,0,1,1,0.22928858001250774,0.30571810668334365,cuda,0.16474108397960663,0.2321922928094864,1.607578158378601,0.08271855860948563,0.07946032285690308,0.1621284782886505
log_sigma,dpm2_log,"DPM-2 + corrector, log sigma",Overall sampler,20,0,1,0,0.3716252000303939,0.4955002667071919,cuda,0.09969630092382431,0.20537860691547394,1.5562728643417358,0.018720485270023346,0.01647333800792694,0.129662424325943
log_sigma,dpm2_log,"DPM-2 + corrector, log sigma",Overall sampler,20,0,1,1,0.36777127895038575,0.490361705267181,cuda,0.07338480651378632,0.20152691006660461,1.5430928468704224,0.04682650417089462,0.044267166405916214,0.12096469849348068
log_sigma,dpm2_log,"DPM-2 + corrector, log sigma",Overall sampler,50,0,1,0,0.7994240859989077,1.065898781331877,cuda,0.09477546066045761,0.13909310102462769,1.3808518648147583,0.04619738459587097,0.042057592421770096,0.09838015586137772
log_sigma,dpm2_log,"DPM-2 + corrector, log sigma",Overall sampler,50,0,1,1,0.794481095043011,1.0593081267240148,cuda,0.10125067085027695,0.15578590333461761,1.4365473985671997,0.09341117739677429,0.08803251385688782,0.11394697427749634
log_sigma,dpm2_log,"DPM-2 + corrector, log sigma",Overall sampler,100,0,1,0,1.476077375933528,1.9681031679113705,cuda,0.02642383798956871,0.10500077158212662,1.3049449920654297,0.015301228500902653,0.013495218940079212,0.07119408994913101
log_sigma,dpm2_log,"DPM-2 + corrector, log sigma",Overall sampler,100,0,1,1,1.47822793899104,1.9709705853213866,cuda,0.037199005484580994,0.09725627303123474,1.289692997932434,0.0005128183984197676,0.0006145478109829128,0.06706847250461578
log_sigma,em_uniform,"Euler--Maruyama, uniform t",Euler update,5,0,1,0,0.02533816103823483,0.03378421471764644,cuda,0.16737321019172668,0.7282248139381409,2.63680362701416,0.0686822310090065,0.06893354654312134,0.3866003155708313
log_sigma,em_uniform,"Euler--Maruyama, uniform t",Euler update,5,0,1,1,0.030511238030157983,0.04068165070687731,cuda,0.16156084835529327,0.7226421236991882,2.617731809616089,0.024560483172535896,0.021811462938785553,0.3779641389846802
log_sigma,em_uniform,"Euler--Maruyama, uniform t",Euler update,10,0,1,0,0.05307786201592535,0.07077048268790047,cuda,0.15678299963474274,0.40795430541038513,2.044985294342041,0.21896475553512573,0.21354395151138306,0.25758519768714905
log_sigma,em_uniform,"Euler--Maruyama, uniform t",Euler update,10,0,1,1,0.055160383926704526,0.07354717856893937,cuda,0.1641448736190796,0.4144159257411957,2.032766580581665,0.09780364483594894,0.09335757046937943,0.24743559956550598
log_sigma,em_uniform,"Euler--Maruyama, uniform t",Euler update,20,0,1,0,0.11092119093518704,0.14789492124691606,cuda,0.10406775027513504,0.29307490587234497,1.7842795848846436,0.01299025397747755,0.01128397323191166,0.18208180367946625
log_sigma,em_uniform,"Euler--Maruyama, uniform t",Euler update,20,0,1,1,0.09337856492493302,0.12450475323324402,cuda,0.06805374473333359,0.25071486830711365,1.7034069299697876,0.015548999421298504,0.013624673709273338,0.16061395406723022
log_sigma,em_uniform,"Euler--Maruyama, uniform t",Euler update,50,0,1,0,0.23639260896015912,0.31519014528021216,cuda,0.1295556128025055,0.22979332506656647,1.6194607019424438,0.05606036260724068,0.05204784870147705,0.15438464283943176
log_sigma,em_uniform,"Euler--Maruyama, uniform t",Euler update,50,0,1,1,0.23703130101785064,0.31604173469046754,cuda,0.12521284818649292,0.23086436092853546,1.631675362586975,0.027691928669810295,0.026220303028821945,0.15575692057609558
log_sigma,em_uniform,"Euler--Maruyama, uniform t",Euler update,100,0,1,0,0.4751041190465912,0.6334721587287883,cuda,0.10404711961746216,0.20317301154136658,1.5553745031356812,0.035489168018102646,0.032331131398677826,0.13097228109836578
log_sigma,em_uniform,"Euler--Maruyama, uniform t",Euler update,100,0,1,1,0.47557896794751287,0.6341052905966839,cuda,0.08837734162807465,0.19492711126804352,1.5511952638626099,0.012978529557585716,0.013783869333565235,0.1307835876941681
log_sigma,em_log,"Euler--Maruyama, log sigma",Euler update,5,0,1,0,0.022425791015848517,0.029901054687798023,cuda,0.09650703519582748,0.7858558893203735,2.6199026107788086,0.022832125425338745,0.022334061563014984,0.3612169921398163
log_sigma,em_log,"Euler--Maruyama, log sigma",Euler update,5,0,1,1,0.022165942005813122,0.029554589341084164,cuda,0.15433597564697266,0.775238037109375,2.5937538146972656,0.11813943833112717,0.11159835755825043,0.3607273995876312
log_sigma,em_log,"Euler--Maruyama, log sigma",Euler update,10,0,1,0,0.04506856296211481,0.06009141728281975,cuda,0.10134377330541611,0.35125401616096497,1.8886052370071411,0.054965775460004807,0.054616834968328476,0.21164976060390472
log_sigma,em_log,"Euler--Maruyama, log sigma",Euler update,10,0,1,1,0.04860611702315509,0.06480815603087346,cuda,0.11997504532337189,0.38863497972488403,1.9394158124923706,0.17138470709323883,0.16742630302906036,0.2157752364873886
log_sigma,em_log,"Euler--Maruyama, log sigma",Euler update,20,0,1,0,0.09518684598151594,0.12691579464202127,cuda,0.08878220617771149,0.24987533688545227,1.6656814813613892,0.011691094376146793,0.011527267284691334,0.14641496539115906
log_sigma,em_log,"Euler--Maruyama, log sigma",Euler update,20,0,1,1,0.0963095820043236,0.1284127760057648,cuda,0.06238577142357826,0.25107142329216003,1.6676137447357178,0.04244677722454071,0.03846554458141327,0.14640465378761292
log_sigma,em_log,"Euler--Maruyama, log sigma",Euler update,50,0,1,0,0.23788067500572652,0.31717423334096867,cuda,0.11559363454580307,0.17976650595664978,1.487350344657898,0.0150606045499444,0.01317625679075718,0.12312978506088257
log_sigma,em_log,"Euler--Maruyama, log sigma",Euler update,50,0,1,1,0.2413800760405138,0.32184010138735175,cuda,0.11542892456054688,0.20557977259159088,1.5638548135757446,0.1564621776342392,0.15164467692375183,0.14111387729644775
log_sigma,em_log,"Euler--Maruyama, log sigma",Euler update,100,0,1,0,0.4710502619855106,0.6280670159806808,cuda,0.0889485627412796,0.19283901154994965,1.5245585441589355,0.09601370990276337,0.08948786556720734,0.12486087530851364
log_sigma,em_log,"Euler--Maruyama, log sigma",Euler update,100,0,1,1,0.47954239696264267,0.6393898626168569,cuda,0.11770550161600113,0.1957736611366272,1.524836778640747,0.018812354654073715,0.016540853306651115,0.12978309392929077
log_sigma,sigma_uniform_dpm,"Sigma-space DPM-1, uniform t",DPM predictor,5,0,2,0,0.0344242500141263,0.04589900001883507,cuda,0.5194334983825684,0.1403791457414627,1.296054720878601,2603.329345703125,68.1479263305664,0.3386613428592682
log_sigma,sigma_uniform_dpm,"Sigma-space DPM-1, uniform t",DPM predictor,5,0,2,1,0.02247343899216503,0.029964585322886705,cuda,0.5146161317825317,0.12201365828514099,1.25163996219635,2599.47021484375,68.61090087890625,0.335720956325531
log_sigma,sigma_uniform_dpm,"Sigma-space DPM-1, uniform t",DPM predictor,10,0,2,0,0.04516525904182345,0.06022034538909793,cuda,0.5308039784431458,0.17641401290893555,1.3985849618911743,2603.67578125,68.11839294433594,0.3478397727012634
log_sigma,sigma_uniform_dpm,"Sigma-space DPM-1, uniform t",DPM predictor,10,0,2,1,0.048813355970196426,0.06508447462692857,cuda,0.49863842129707336,0.14874128997325897,1.3311150074005127,2595.119384765625,69.16156768798828,0.3273869752883911
log_sigma,sigma_uniform_dpm,"Sigma-space DPM-1, uniform t",DPM predictor,20,0,2,0,0.09083728399127722,0.12111637865503629,cuda,0.5209401845932007,0.1705709844827652,1.3894411325454712,2610.047607421875,68.93955993652344,0.3413947820663452
log_sigma,sigma_uniform_dpm,"Sigma-space DPM-1, uniform t",DPM predictor,20,0,2,1,0.09386065707076341,0.1251475427610179,cuda,0.4880552589893341,0.14807508885860443,1.3403022289276123,2585.878173828125,69.80302429199219,0.31947430968284607
log_sigma,sigma_uniform_dpm,"Sigma-space DPM-1, uniform t",DPM predictor,50,0,2,0,0.23286883695982397,0.3104917826130986,cuda,0.4887261986732483,0.14647667109966278,1.3547558784484863,2608.999267578125,68.90644836425781,0.3213507831096649
log_sigma,sigma_uniform_dpm,"Sigma-space DPM-1, uniform t",DPM predictor,50,0,2,1,0.23128356994129717,0.3083780932550629,cuda,0.45181936025619507,0.1617528200149536,1.376259446144104,2595.020751953125,69.44752502441406,0.29729509353637695
log_sigma,sigma_uniform_dpm,"Sigma-space DPM-1, uniform t",DPM predictor,100,0,2,0,0.46449340297840536,0.6193245373045405,cuda,0.5056658983230591,0.17020925879478455,1.4195233583450317,2598.41455078125,69.27851867675781,0.3346116244792938
log_sigma,sigma_uniform_dpm,"Sigma-space DPM-1, uniform t",DPM predictor,100,0,2,1,0.5378364149946719,0.717115219992896,cuda,0.5021893978118896,0.2169659584760666,1.5143681764602661,2605.347900390625,69.16133117675781,0.3321516513824463
log_sigma,sigma_log_dpm,"Sigma-space DPM-1, log sigma",DPM predictor,5,0,2,0,0.02586399798747152,0.03448533064996203,cuda,0.5307109355926514,0.1276974081993103,1.2970361709594727,2603.046142578125,69.15493774414062,0.3470437824726105
log_sigma,sigma_log_dpm,"Sigma-space DPM-1, log sigma",DPM predictor,5,0,2,1,0.025370844989083707,0.033827793318778276,cuda,0.5260493755340576,0.11139132082462311,1.2557048797607422,2599.762939453125,69.38700103759766,0.3441959023475647
log_sigma,sigma_log_dpm,"Sigma-space DPM-1, log sigma",DPM predictor,10,0,2,0,0.04774444201029837,0.06365925601373117,cuda,0.5432359576225281,0.1881328672170639,1.4570738077163696,2604.210693359375,68.11100006103516,0.35941943526268005
log_sigma,sigma_log_dpm,"Sigma-space DPM-1, log sigma",DPM predictor,10,0,2,1,0.04900267405901104,0.06533689874534805,cuda,0.5109691023826599,0.15816588699817657,1.386534571647644,2596.026611328125,69.36483001708984,0.3380949795246124
log_sigma,sigma_log_dpm,"Sigma-space DPM-1, log sigma",DPM predictor,20,0,2,0,0.09503646101802588,0.12671528135736784,cuda,0.5379007458686829,0.19117389619350433,1.4612452983856201,2612.0029296875,68.998779296875,0.3553408086299896
log_sigma,sigma_log_dpm,"Sigma-space DPM-1, log sigma",DPM predictor,20,0,2,1,0.09527403395622969,0.12703204527497292,cuda,0.504010021686554,0.16779173910617828,1.4123369455337524,2586.989013671875,69.8470230102539,0.332751601934433
log_sigma,sigma_log_dpm,"Sigma-space DPM-1, log sigma",DPM predictor,50,0,2,0,0.23273355595301837,0.31031140793735784,cuda,0.501339316368103,0.16199125349521637,1.4042913913726807,2610.57958984375,68.814453125,0.33156850934028625
log_sigma,sigma_log_dpm,"Sigma-space DPM-1, log sigma",DPM predictor,50,0,2,1,0.23312101000919938,0.3108280133455992,cuda,0.463346928358078,0.17794515192508698,1.4251490831375122,2596.219970703125,69.37194061279297,0.3067914545536041
log_sigma,sigma_log_dpm,"Sigma-space DPM-1, log sigma",DPM predictor,100,0,2,0,0.4654019210720435,0.6205358947627246,cuda,0.512592077255249,0.17934291064739227,1.4462703466415405,2599.1044921875,69.22551727294922,0.3403030037879944
log_sigma,sigma_log_dpm,"Sigma-space DPM-1, log sigma",DPM predictor,100,0,2,1,0.4695004599634558,0.6260006132846078,cuda,0.5090605020523071,0.2273186892271042,1.5421644449234009,2606.1328125,69.10952758789062,0.33795875310897827
log_sigma,dpm2_uniform,"DPM-2 + corrector, uniform t",Overall sampler,5,0,2,0,0.15766348503530025,0.21021798004706702,cuda,0.36451247334480286,0.322086364030838,1.7833317518234253,2588.177001953125,68.29580688476562,0.2861459255218506
log_sigma,dpm2_uniform,"DPM-2 + corrector, uniform t",Overall sampler,5,0,2,1,0.15818548295646906,0.21091397727529207,cuda,0.3237725496292114,0.31559544801712036,1.779008150100708,2588.560302734375,69.33009338378906,0.27116692066192627
log_sigma,dpm2_uniform,"DPM-2 + corrector, uniform t",Overall sampler,10,0,2,0,0.22657972399611026,0.30210629866148037,cuda,0.3368936777114868,0.22027593851089478,1.5529385805130005,2607.15625,68.3041000366211,0.2399711310863495
log_sigma,dpm2_uniform,"DPM-2 + corrector, uniform t",Overall sampler,10,0,2,1,0.2742030960507691,0.3656041280676921,cuda,0.3446071445941925,0.20817036926746368,1.5307852029800415,2589.7431640625,69.60060119628906,0.24810288846492767
log_sigma,dpm2_uniform,"DPM-2 + corrector, uniform t",Overall sampler,20,0,2,0,0.38966229604557157,0.519549728060762,cuda,0.2965714931488037,0.1973755657672882,1.4943609237670898,2604.22900390625,67.91473388671875,0.21719896793365479
log_sigma,dpm2_uniform,"DPM-2 + corrector, uniform t",Overall sampler,20,0,2,1,0.42285926605109125,0.5638123547347883,cuda,0.2950504720211029,0.17049777507781982,1.4407713413238525,2585.099609375,68.77584838867188,0.20901653170585632
log_sigma,dpm2_uniform,"DPM-2 + corrector, uniform t",Overall sampler,50,0,2,0,0.7888172869570553,1.0517563826094072,cuda,0.2055077701807022,0.15074646472930908,1.3840265274047852,2559.835693359375,70.3443374633789,0.1550745815038681
log_sigma,dpm2_uniform,"DPM-2 + corrector, uniform t",Overall sampler,50,0,2,1,0.7925064190058038,1.0566752253410716,cuda,0.2186489850282669,0.1371561884880066,1.3620840311050415,2589.800048828125,69.59405517578125,0.15732771158218384
log_sigma,dpm2_uniform,"DPM-2 + corrector, uniform t",Overall sampler,100,0,2,0,1.5279104890068993,2.0372139853425324,cuda,0.16695736348628998,0.10939927399158478,1.2937928438186646,2585.685791015625,69.40747833251953,0.12805306911468506
log_sigma,dpm2_uniform,"DPM-2 + corrector, uniform t",Overall sampler,100,0,2,1,1.4727248609997332,1.9636331479996443,cuda,0.19677340984344482,0.13002856075763702,1.3462790250778198,2587.7470703125,69.66301727294922,0.14076226949691772
log_sigma,dpm2_log,"DPM-2 + corrector, log sigma",Overall sampler,5,0,2,0,0.16248525108676404,0.21664700144901872,cuda,0.39010125398635864,0.19100047647953033,1.4843436479568481,2599.971923828125,69.40585327148438,0.2652572989463806
log_sigma,dpm2_log,"DPM-2 + corrector, log sigma",Overall sampler,5,0,2,1,0.19198434695135802,0.2559791292684774,cuda,0.344240665435791,0.17042067646980286,1.445008397102356,2597.31591796875,69.25657653808594,0.23759756982326508
log_sigma,dpm2_log,"DPM-2 + corrector, log sigma",Overall sampler,10,0,2,0,0.2574611760210246,0.3432815680280328,cuda,0.41742634773254395,0.2247989922761917,1.5398614406585693,2624.5302734375,67.79165649414062,0.28554555773735046
log_sigma,dpm2_log,"DPM-2 + corrector, log sigma",Overall sampler,10,0,2,1,0.23242413601838052,0.30989884802450735,cuda,0.39706850051879883,0.17947259545326233,1.4505265951156616,2589.702392578125,69.05106353759766,0.26938867568969727
log_sigma,dpm2_log,"DPM-2 + corrector, log sigma",Overall sampler,20,0,2,0,0.37514503102283925,0.500193374697119,cuda,0.38129550218582153,0.17473579943180084,1.435636281967163,2597.22802734375,68.762939453125,0.2567177712917328
log_sigma,dpm2_log,"DPM-2 + corrector, log sigma",Overall sampler,20,0,2,1,0.3721198219573125,0.49615976260975003,cuda,0.3632065951824188,0.16989555954933167,1.4258185625076294,2588.1298828125,68.03010559082031,0.24485911428928375
log_sigma,dpm2_log,"DPM-2 + corrector, log sigma",Overall sampler,50,0,2,0,0.7956344400299713,1.0608459200399618,cuda,0.2595112919807434,0.12757658958435059,1.3284331560134888,2565.67724609375,69.08007049560547,0.17718058824539185
log_sigma,dpm2_log,"DPM-2 + corrector, log sigma",Overall sampler,50,0,2,1,0.8078352599404752,1.0771136799206336,cuda,0.21941471099853516,0.14118383824825287,1.3542685508728027,2564.88134765625,69.05657958984375,0.1590694934129715
log_sigma,dpm2_log,"DPM-2 + corrector, log sigma",Overall sampler,100,0,2,0,1.5719266220694408,2.0959021627592542,cuda,0.12488696724176407,0.06943242996931076,1.167188286781311,2565.703369140625,69.99917602539062,0.09390001744031906
log_sigma,dpm2_log,"DPM-2 + corrector, log sigma",Overall sampler,100,0,2,1,1.5467335999710485,2.062311466628065,cuda,0.16651523113250732,0.096483513712883,1.258023977279663,2578.59375,69.10385131835938,0.11593520641326904
log_sigma,em_uniform,"Euler--Maruyama, uniform t",Euler update,5,0,2,0,0.022464948939159513,0.029953265252212685,cuda,0.46272003650665283,0.749635636806488,2.533224582672119,2587.185791015625,69.55818176269531,0.44949430227279663
log_sigma,em_uniform,"Euler--Maruyama, uniform t",Euler update,5,0,2,1,0.02479727508034557,0.033063033440460764,cuda,0.37193819880485535,0.6974294185638428,2.4705183506011963,2601.125732421875,70.2198715209961,0.418632447719574
log_sigma,em_uniform,"Euler--Maruyama, uniform t",Euler update,10,0,2,0,0.05471632198896259,0.07295509598528345,cuda,0.39669856429100037,0.39180105924606323,1.9315540790557861,2602.451416015625,67.57903289794922,0.32334187626838684
log_sigma,em_uniform,"Euler--Maruyama, uniform t",Euler update,10,0,2,1,0.052303458913229406,0.06973794521763921,cuda,0.35847994685173035,0.3826349079608917,1.91293203830719,2591.161865234375,69.79623413085938,0.305340439081192
log_sigma,em_uniform,"Euler--Maruyama, uniform t",Euler update,20,0,2,0,0.09205449803266674,0.12273933071022232,cuda,0.36266717314720154,0.28989118337631226,1.7114434242248535,2583.995361328125,70.36205291748047,0.2737662196159363
log_sigma,em_uniform,"Euler--Maruyama, uniform t",Euler update,20,0,2,1,0.09384746209252626,0.12512994945670167,cuda,0.3255121409893036,0.2777368724346161,1.682437777519226,2579.784912109375,70.60477447509766,0.2472977638244629
log_sigma,em_uniform,"Euler--Maruyama, uniform t",Euler update,50,0,2,0,0.252656631055288,0.33687550807371736,cuda,0.31081944704055786,0.1770263910293579,1.4512380361557007,2590.58154296875,69.85748291015625,0.21584373712539673
log_sigma,em_uniform,"Euler--Maruyama, uniform t",Euler update,50,0,2,1,0.2382037730421871,0.3176050307229161,cuda,0.2752794623374939,0.1688370406627655,1.441673994064331,2566.350341796875,71.26182556152344,0.1963738054037094
log_sigma,em_uniform,"Euler--Maruyama, uniform t",Euler update,100,0,2,0,0.4727507239440456,0.6303342985920608,cuda,0.28329581022262573,0.14389964938163757,1.3652453422546387,2597.055419921875,68.18408966064453,0.2004641592502594
log_sigma,em_uniform,"Euler--Maruyama, uniform t",Euler update,100,0,2,1,0.47470957098994404,0.6329460946532587,cuda,0.32665544748306274,0.19361986219882965,1.4865506887435913,2592.559814453125,69.99781799316406,0.2245091199874878
log_sigma,em_log,"Euler--Maruyama, log sigma",Euler update,5,0,2,0,0.022639501956291497,0.030186002608388662,cuda,0.4139977991580963,0.914922833442688,2.6511948108673096,2605.4990234375,70.43157196044922,0.4607737064361572
log_sigma,em_log,"Euler--Maruyama, log sigma",Euler update,5,0,2,1,0.06614214100409299,0.08818952133879066,cuda,0.3170050382614136,0.8151441812515259,2.5381529331207275,2604.23486328125,71.1100082397461,0.40417006611824036
log_sigma,em_log,"Euler--Maruyama, log sigma",Euler update,10,0,2,0,0.04900726105552167,0.06534301474069555,cuda,0.34920433163642883,0.3958766460418701,1.8682849407196045,2600.837646484375,67.03524780273438,0.28828951716423035
log_sigma,em_log,"Euler--Maruyama, log sigma",Euler update,10,0,2,1,0.04771869396790862,0.06362492529054482,cuda,0.34580501914024353,0.32095497846603394,1.7537847757339478,2588.2294921875,71.21026611328125,0.27570727467536926
log_sigma,em_log,"Euler--Maruyama, log sigma",Euler update,20,0,2,0,0.09271838597487658,0.12362451463316877,cuda,0.3510376513004303,0.21752895414829254,1.5454601049423218,2589.20703125,67.75863647460938,0.2478659451007843
log_sigma,em_log,"Euler--Maruyama, log sigma",Euler update,20,0,2,1,0.09221929893828928,0.12295906525105238,cuda,0.3303326964378357,0.21693813800811768,1.5377870798110962,2594.960205078125,67.40596008300781,0.2334957867860794
log_sigma,em_log,"Euler--Maruyama, log sigma",Euler update,50,0,2,0,0.23780779703520238,0.3170770627136032,cuda,0.3195517361164093,0.1716950237751007,1.4384201765060425,2593.103271484375,69.03667449951172,0.21884390711784363
log_sigma,em_log,"Euler--Maruyama, log sigma",Euler update,50,0,2,1,0.2432365131098777,0.32431535081317026,cuda,0.2628169357776642,0.1930677592754364,1.4705642461776733,2578.387451171875,68.78099822998047,0.19452978670597076
log_sigma,em_log,"Euler--Maruyama, log sigma",Euler update,100,0,2,0,0.4742618009913713,0.632349067988495,cuda,0.25922510027885437,0.14397571980953217,1.35579514503479,2580.64453125,69.30252075195312,0.18381279706954956
log_sigma,em_log,"Euler--Maruyama, log sigma",Euler update,100,0,2,1,0.5029487940482795,0.6705983920643727,cuda,0.3060174584388733,0.1779724806547165,1.4477486610412598,2601.790771484375,69.97418212890625,0.21441979706287384
log_sigma,sigma_uniform_dpm,"Sigma-space DPM-1, uniform t",DPM predictor,5,0,3,0,0.022098866058513522,0.029465154744684696,cuda,0.754627525806427,0.6363155245780945,1.2634891271591187,30.051273345947266,6.266132831573486,0.4818628132343292
log_sigma,sigma_uniform_dpm,"Sigma-space DPM-1, uniform t",DPM predictor,5,0,3,1,0.02186377497855574,0.029151699971407652,cuda,0.7272494435310364,0.580276608467102,1.236727237701416,31.529502868652344,6.137594223022461,0.46489444375038147
log_sigma,sigma_uniform_dpm,"Sigma-space DPM-1, uniform t",DPM predictor,10,0,3,0,0.04582033504266292,0.061093780056883894,cuda,0.6581791043281555,0.4299392104148865,1.209667444229126,31.206100463867188,6.357448577880859,0.41940587759017944
log_sigma,sigma_uniform_dpm,"Sigma-space DPM-1, uniform t",DPM predictor,10,0,3,1,0.058684865944087505,0.07824648792545001,cuda,0.6858018636703491,0.44227975606918335,1.1945562362670898,31.596214294433594,6.7499847412109375,0.436657577753067
log_sigma,sigma_uniform_dpm,"Sigma-space DPM-1, uniform t",DPM predictor,20,0,3,0,0.1171312719816342,0.1561750293088456,cuda,0.675379753112793,0.4403834640979767,1.2178798913955688,32.017398834228516,6.820790767669678,0.429343581199646
log_sigma,sigma_uniform_dpm,"Sigma-space DPM-1, uniform t",DPM predictor,20,0,3,1,0.09751020197290927,0.1300136026305457,cuda,0.7319597601890564,0.5263993144035339,1.250793695449829,31.748363494873047,7.967920303344727,0.46279945969581604
log_sigma,sigma_uniform_dpm,"Sigma-space DPM-1, uniform t",DPM predictor,50,0,3,0,0.23826651903800666,0.31768869205067557,cuda,0.7001351714134216,0.4393431544303894,1.2253376245498657,29.920881271362305,8.17870807647705,0.4458335340023041
log_sigma,sigma_uniform_dpm,"Sigma-space DPM-1, uniform t",DPM predictor,50,0,3,1,0.23859514005016536,0.31812685340022046,cuda,0.7189875245094299,0.46531715989112854,1.238034725189209,29.54633140563965,8.4351806640625,0.4563502073287964
log_sigma,sigma_uniform_dpm,"Sigma-space DPM-1, uniform t",DPM predictor,100,0,3,0,0.46392876689787954,0.6185716891971728,cuda,0.6651696562767029,0.34694287180900574,1.205106258392334,32.2986946105957,8.614209175109863,0.4244757890701294
log_sigma,sigma_uniform_dpm,"Sigma-space DPM-1, uniform t",DPM predictor,100,0,3,1,0.4631532720522955,0.6175376960697273,cuda,0.7106203436851501,0.41402915120124817,1.200425624847412,30.4033145904541,7.736132621765137,0.4504934847354889
log_sigma,sigma_log_dpm,"Sigma-space DPM-1, log sigma",DPM predictor,5,0,3,0,0.022268841043114662,0.029691788057486217,cuda,0.9733498692512512,0.7134987115859985,1.2859243154525757,29.967161178588867,10.296154022216797,0.6198176741600037
log_sigma,sigma_log_dpm,"Sigma-space DPM-1, log sigma",DPM predictor,5,0,3,1,0.0223901349818334,0.029853513309111197,cuda,0.9447089433670044,0.6676586270332336,1.2613459825515747,31.014774322509766,11.390729904174805,0.6021385788917542
log_sigma,sigma_log_dpm,"Sigma-space DPM-1, log sigma",DPM predictor,10,0,3,0,0.04565921693574637,0.06087895591432849,cuda,0.7795397043228149,0.4888153672218323,1.2360705137252808,30.763687133789062,8.867639541625977,0.49486956000328064
log_sigma,sigma_log_dpm,"Sigma-space DPM-1, log sigma",DPM predictor,10,0,3,1,0.044724591076374054,0.05963278810183207,cuda,0.8142186403274536,0.502841591835022,1.2224708795547485,31.7979679107666,10.234136581420898,0.5167497396469116
log_sigma,sigma_log_dpm,"Sigma-space DPM-1, log sigma",DPM predictor,20,0,3,0,0.09342844597995281,0.12457126130660374,cuda,0.7701958417892456,0.4843423366546631,1.240496039390564,32.04187774658203,9.037898063659668,0.488512247800827
log_sigma,sigma_log_dpm,"Sigma-space DPM-1, log sigma",DPM predictor,20,0,3,1,0.09419331699609756,0.1255910893281301,cuda,0.8260383009910583,0.5701894164085388,1.2736209630966187,31.80951499938965,10.525348663330078,0.5216435194015503
log_sigma,sigma_log_dpm,"Sigma-space DPM-1, log sigma",DPM predictor,50,0,3,0,0.23504885099828243,0.31339846799770993,cuda,0.7451574802398682,0.4581703841686249,1.2371259927749634,29.740392684936523,8.926833152770996,0.47380530834198
log_sigma,sigma_log_dpm,"Sigma-space DPM-1, log sigma",DPM predictor,50,0,3,1,0.2351267309859395,0.31350230798125267,cuda,0.7653804421424866,0.48510563373565674,1.2492954730987549,29.541654586791992,9.55294132232666,0.485203355550766
log_sigma,sigma_log_dpm,"Sigma-space DPM-1, log sigma",DPM predictor,100,0,3,0,0.4654399510473013,0.6205866013964018,cuda,0.6885624527931213,0.35624679923057556,1.2113025188446045,31.53362274169922,8.59778118133545,0.43904349207878113
log_sigma,sigma_log_dpm,"Sigma-space DPM-1, log sigma",DPM predictor,100,0,3,1,0.48879504401702434,0.6517267253560325,cuda,0.7330565452575684,0.42336106300354004,1.206602931022644,30.172460556030273,8.966707229614258,0.4644918441772461
log_sigma,dpm2_uniform,"DPM-2 + corrector, uniform t",Overall sampler,5,0,3,0,0.1769905260298401,0.23598736803978682,cuda,0.4169618785381317,0.41203632950782776,1.310844898223877,29.281904220581055,4.239616870880127,0.2978728115558624
log_sigma,dpm2_uniform,"DPM-2 + corrector, uniform t",Overall sampler,5,0,3,1,0.1864432638976723,0.24859101853022972,cuda,0.38384589552879333,0.36142241954803467,1.2787612676620483,29.372983932495117,4.434252738952637,0.2695904076099396
log_sigma,dpm2_uniform,"DPM-2 + corrector, uniform t",Overall sampler,10,0,3,0,0.23024359298869967,0.3069914573182662,cuda,0.2704016864299774,0.3206098675727844,1.235261082649231,32.60927963256836,2.597822666168213,0.20024104416370392
log_sigma,dpm2_uniform,"DPM-2 + corrector, uniform t",Overall sampler,10,0,3,1,0.22781746299006045,0.3037566173200806,cuda,0.3293205797672272,0.3299589455127716,1.2465581893920898,32.86643600463867,2.3232250213623047,0.23474347591400146
log_sigma,dpm2_uniform,"DPM-2 + corrector, uniform t",Overall sampler,20,0,3,0,0.36859407601878047,0.4914587680250406,cuda,0.26439934968948364,0.4539411664009094,1.2973082065582275,29.878801345825195,1.7041959762573242,0.21299126744270325
log_sigma,dpm2_uniform,"DPM-2 + corrector, uniform t",Overall sampler,20,0,3,1,0.3737821909599006,0.49837625461320084,cuda,0.29770994186401367,0.36471807956695557,1.2439755201339722,31.331560134887695,1.3728067874908447,0.20739661157131195
log_sigma,dpm2_uniform,"DPM-2 + corrector, uniform t",Overall sampler,50,0,3,0,0.8561031989520416,1.1414709319360554,cuda,0.28916993737220764,0.40276870131492615,1.2481656074523926,30.846166610717773,1.067480444908142,0.21128973364830017
log_sigma,dpm2_uniform,"DPM-2 + corrector, uniform t",Overall sampler,50,0,3,1,0.7981142579810694,1.064152343974759,cuda,0.34061184525489807,0.4513550400733948,1.267181634902954,27.578893661499023,1.263817310333252,0.24019339680671692
log_sigma,dpm2_uniform,"DPM-2 + corrector, uniform t",Overall sampler,100,0,3,0,1.5317233350360766,2.042297780048102,cuda,0.3733938932418823,0.2988601326942444,1.1941851377487183,26.40373992919922,0.8504509329795837,0.2588072419166565
log_sigma,dpm2_uniform,"DPM-2 + corrector, uniform t",Overall sampler,100,0,3,1,1.5420491179684177,2.056065490624557,cuda,0.32230207324028015,0.24350376427173615,1.1607195138931274,29.737085342407227,1.0145752429962158,0.22518599033355713
log_sigma,dpm2_log,"DPM-2 + corrector, log sigma",Overall sampler,5,0,3,0,0.1929889590246603,0.25731861203288037,cuda,0.4329299330711365,0.3416154086589813,1.2515724897384644,32.22795867919922,4.509403705596924,0.28068113327026367
log_sigma,dpm2_log,"DPM-2 + corrector, log sigma",Overall sampler,5,0,3,1,0.1571603970369324,0.2095471960492432,cuda,0.4233073890209198,0.3042972981929779,1.2285373210906982,31.98934555053711,4.674023151397705,0.2774388790130615
log_sigma,dpm2_log,"DPM-2 + corrector, log sigma",Overall sampler,10,0,3,0,0.23270730406511575,0.31027640542015433,cuda,0.39064377546310425,0.31501030921936035,1.2431906461715698,28.509807586669922,3.5768632888793945,0.26129570603370667
log_sigma,dpm2_log,"DPM-2 + corrector, log sigma",Overall sampler,10,0,3,1,0.23056570801418275,0.30742094401891035,cuda,0.4621312618255615,0.3134203851222992,1.2366242408752441,28.56827163696289,4.074038505554199,0.30038464069366455
log_sigma,dpm2_log,"DPM-2 + corrector, log sigma",Overall sampler,20,0,3,0,0.3670957409776747,0.48946098797023296,cuda,0.3040577173233032,0.30578556656837463,1.2360310554504395,31.1469669342041,2.263126850128174,0.21467125415802002
log_sigma,dpm2_log,"DPM-2 + corrector, log sigma",Overall sampler,20,0,3,1,0.3786093289963901,0.5048124386618534,cuda,0.3813364505767822,0.29822230339050293,1.2358477115631104,29.957578659057617,3.491910457611084,0.2503647804260254
log_sigma,dpm2_log,"DPM-2 + corrector, log sigma",Overall sampler,50,0,3,0,0.7942698849365115,1.059026513248682,cuda,0.1990901082754135,0.3204522132873535,1.2097469568252563,34.631378173828125,1.5336658954620361,0.16607490181922913
log_sigma,dpm2_log,"DPM-2 + corrector, log sigma",Overall sampler,50,0,3,1,0.8167171839158982,1.0889562452211976,cuda,0.23573213815689087,0.3799036145210266,1.2397987842559814,31.552234649658203,1.2103755474090576,0.18909695744514465
log_sigma,dpm2_log,"DPM-2 + corrector, log sigma",Overall sampler,100,0,3,0,1.4793776689330116,1.9725035585773487,cuda,0.31673458218574524,0.18206515908241272,1.1209825277328491,27.119468688964844,0.9735190868377686,0.2239825427532196
log_sigma,dpm2_log,"DPM-2 + corrector, log sigma",Overall sampler,100,0,3,1,1.4883744700346142,1.9844992933794856,cuda,0.25461915135383606,0.21883906424045563,1.14303457736969,30.984901428222656,1.07967209815979,0.18119950592517853
log_sigma,em_uniform,"Euler--Maruyama, uniform t",Euler update,5,0,3,0,0.03213494492229074,0.04284659322972099,cuda,0.5048527717590332,0.9588771462440491,1.627877116203308,29.594511032104492,4.728976249694824,0.41065266728401184
log_sigma,em_uniform,"Euler--Maruyama, uniform t",Euler update,5,0,3,1,0.028521611005999148,0.03802881467466553,cuda,0.5402851700782776,0.9632084369659424,1.64219331741333,29.110477447509766,6.473784923553467,0.4363175928592682
log_sigma,em_uniform,"Euler--Maruyama, uniform t",Euler update,10,0,3,0,0.04898830596357584,0.06531774128476779,cuda,0.29271477460861206,0.46347203850746155,1.3465267419815063,33.79628372192383,2.964029312133789,0.24104516208171844
log_sigma,em_uniform,"Euler--Maruyama, uniform t",Euler update,10,0,3,1,0.04519216204062104,0.06025621605416139,cuda,0.36776280403137207,0.550865113735199,1.40628981590271,32.172279357910156,1.9905660152435303,0.283061146736145
log_sigma,em_uniform,"Euler--Maruyama, uniform t",Euler update,20,0,3,0,0.10783143097069114,0.14377524129425487,cuda,0.27950140833854675,0.4953000247478485,1.3550878763198853,30.49690055847168,2.1958279609680176,0.2311275452375412
log_sigma,em_uniform,"Euler--Maruyama, uniform t",Euler update,20,0,3,1,0.09507720498368144,0.12676960664490858,cuda,0.31269949674606323,0.36831802129745483,1.2817860841751099,33.28245544433594,2.721558094024658,0.22419118881225586
log_sigma,em_uniform,"Euler--Maruyama, uniform t",Euler update,50,0,3,0,0.23997913906350732,0.31997218541800976,cuda,0.25286006927490234,0.3583197295665741,1.2668973207473755,34.92110061645508,2.4875388145446777,0.19657069444656372
log_sigma,em_uniform,"Euler--Maruyama, uniform t",Euler update,50,0,3,1,0.2353515769354999,0.31380210258066654,cuda,0.25812631845474243,0.35446634888648987,1.254473090171814,35.377525329589844,1.909285306930542,0.19507843255996704
log_sigma,em_uniform,"Euler--Maruyama, uniform t",Euler update,100,0,3,0,0.5199316209182143,0.6932421612242857,cuda,0.2630424499511719,0.22948966920375824,1.1844911575317383,28.858753204345703,1.5746195316314697,0.19237986207008362
log_sigma,em_uniform,"Euler--Maruyama, uniform t",Euler update,100,0,3,1,0.47357635805383325,0.6314351440717777,cuda,0.27885690331459045,0.22493717074394226,1.1814188957214355,30.86680030822754,1.8237578868865967,0.19534586369991302
log_sigma,em_log,"Euler--Maruyama, log sigma",Euler update,5,0,3,0,0.02306086604949087,0.030747821399321158,cuda,0.7237959504127502,1.393042802810669,1.8547066450119019,35.72114944458008,5.326030254364014,0.5434805154800415
log_sigma,em_log,"Euler--Maruyama, log sigma",Euler update,5,0,3,1,0.028712230967357755,0.03828297462314367,cuda,0.7615140080451965,1.493597388267517,1.9052398204803467,31.263381958007812,4.950250148773193,0.5847586393356323
log_sigma,em_log,"Euler--Maruyama, log sigma",Euler update,10,0,3,0,0.048211449990049005,0.06428193332006533,cuda,0.29144614934921265,0.6267911791801453,1.4399091005325317,32.833168029785156,2.1002750396728516,0.25731325149536133
log_sigma,em_log,"Euler--Maruyama, log sigma",Euler update,10,0,3,1,0.0505995909916237,0.06746612132216494,cuda,0.39234673976898193,0.6821273565292358,1.4868783950805664,30.45337677001953,2.3445026874542236,0.2910623550415039
log_sigma,em_log,"Euler--Maruyama, log sigma",Euler update,20,0,3,0,0.09629251097794622,0.12839001463726163,cuda,0.24510130286216736,0.4609045684337616,1.3141610622406006,30.716718673706055,1.5472972393035889,0.20558135211467743
log_sigma,em_log,"Euler--Maruyama, log sigma",Euler update,20,0,3,1,0.09683439205400646,0.12911252273867527,cuda,0.33444732427597046,0.41583535075187683,1.3075143098831177,33.19267654418945,2.694873332977295,0.23489096760749817
log_sigma,em_log,"Euler--Maruyama, log sigma",Euler update,50,0,3,0,0.23850910202600062,0.3180121360346675,cuda,0.22984299063682556,0.35267722606658936,1.2532061338424683,33.898136138916016,2.029539108276367,0.18574948608875275
log_sigma,em_log,"Euler--Maruyama, log sigma",Euler update,50,0,3,1,0.23386781697627157,0.3118237559683621,cuda,0.2456260472536087,0.37754568457603455,1.266838550567627,30.98674964904785,1.8167943954467773,0.19039419293403625
log_sigma,em_log,"Euler--Maruyama, log sigma",Euler update,100,0,3,0,0.4807772929780185,0.6410363906373581,cuda,0.2632312774658203,0.22374188899993896,1.172005295753479,34.61528015136719,2.349956512451172,0.19334596395492554
log_sigma,em_log,"Euler--Maruyama, log sigma",Euler update,100,0,3,1,0.48713944002520293,0.6495192533669373,cuda,0.2456655651330948,0.24193833768367767,1.1823993921279907,29.215072631835938,1.5611686706542969,0.17761754989624023
log_sigma,sigma_uniform_dpm,"Sigma-space DPM-1, uniform t",DPM predictor,5,1,0,0,0.03773258300498128,0.05031011067330837,cuda,0.4208301603794098,0.2581046223640442,1.029515266418457,0.15742534399032593,0.8840005397796631,0.28390467166900635
log_sigma,sigma_uniform_dpm,"Sigma-space DPM-1, uniform t",DPM predictor,5,1,0,1,0.023344410001300275,0.0311258800017337,cuda,0.42270031571388245,0.2528403103351593,1.0370477437973022,0.45445576310157776,1.2368361949920654,0.28347131609916687
log_sigma,sigma_uniform_dpm,"Sigma-space DPM-1, uniform t",DPM predictor,10,1,0,0,0.05296410305891186,0.07061880407854915,cuda,0.3232574760913849,0.18808674812316895,1.0613083839416504,0.0691562220454216,0.7438745498657227,0.22057586908340454
log_sigma,sigma_uniform_dpm,"Sigma-space DPM-1, uniform t",DPM predictor,10,1,0,1,0.04570815700571984,0.06094420934095979,cuda,0.3335466682910919,0.2046148180961609,1.0424634218215942,0.07687286287546158,0.5565339922904968,0.2268424928188324
log_sigma,sigma_uniform_dpm,"Sigma-space DPM-1, uniform t",DPM predictor,20,1,0,0,0.09411009098403156,0.1254801213120421,cuda,0.2971557080745697,0.13606347143650055,1.0527986288070679,0.024208951741456985,0.4880850911140442,0.1982835829257965
log_sigma,sigma_uniform_dpm,"Sigma-space DPM-1, uniform t",DPM predictor,20,1,0,1,0.09977646800689399,0.13303529067585865,cuda,0.2921255826950073,0.16475462913513184,1.0834203958511353,0.28623276948928833,0.48605358600616455,0.19358710944652557
log_sigma,sigma_uniform_dpm,"Sigma-space DPM-1, uniform t",DPM predictor,50,1,0,0,0.24326580995693803,0.32435441327591735,cuda,0.3195679783821106,0.16265510022640228,1.1185399293899536,0.2844492197036743,0.6033626794815063,0.2105874866247177
log_sigma,sigma_uniform_dpm,"Sigma-space DPM-1, uniform t",DPM predictor,50,1,0,1,0.24635266792029142,0.3284702238937219,cuda,0.3153475821018219,0.19087590277194977,1.0958210229873657,0.047530386596918106,0.532989501953125,0.21080976724624634
log_sigma,sigma_uniform_dpm,"Sigma-space DPM-1, uniform t",DPM predictor,100,1,0,0,0.4671040310058743,0.622805374674499,cuda,0.2840921878814697,0.10677572339773178,1.079128623008728,0.13348694145679474,0.7634577751159668,0.19024387001991272
log_sigma,sigma_uniform_dpm,"Sigma-space DPM-1, uniform t",DPM predictor,100,1,0,1,0.47176781005691737,0.6290237467425565,cuda,0.2940426766872406,0.11807689070701599,1.0843998193740845,0.5019857287406921,0.46249300241470337,0.19502899050712585
log_sigma,sigma_log_dpm,"Sigma-space DPM-1, log sigma",DPM predictor,5,1,0,0,0.023093366995453835,0.030791155993938446,cuda,0.4572603702545166,0.29577046632766724,1.0527504682540894,0.159976065158844,0.9320017695426941,0.3066323399543762
log_sigma,sigma_log_dpm,"Sigma-space DPM-1, log sigma",DPM predictor,5,1,0,1,0.027982482919469476,0.0373099772259593,cuda,0.45784255862236023,0.29171180725097656,1.0587685108184814,0.4391115605831146,0.9162038564682007,0.30562716722488403
log_sigma,sigma_log_dpm,"Sigma-space DPM-1, log sigma",DPM predictor,10,1,0,0,0.04837738408241421,0.06450317877655228,cuda,0.3680332899093628,0.2251948118209839,1.0952177047729492,0.08071781694889069,0.9908035397529602,0.24783234298229218
log_sigma,sigma_log_dpm,"Sigma-space DPM-1, log sigma",DPM predictor,10,1,0,1,0.04984047298785299,0.06645396398380399,cuda,0.37902164459228516,0.2385631799697876,1.0762232542037964,0.08720056712627411,0.774028480052948,0.2542637288570404
log_sigma,sigma_log_dpm,"Sigma-space DPM-1, log sigma",DPM predictor,20,1,0,0,0.09564132802188396,0.12752177069584528,cuda,0.3496743440628052,0.16248813271522522,1.0758670568466187,0.04056643694639206,0.8294106125831604,0.23114128410816193
log_sigma,sigma_log_dpm,"Sigma-space DPM-1, log sigma",DPM predictor,20,1,0,1,0.09494716604240239,0.12659622138986984,cuda,0.34342312812805176,0.1980828046798706,1.109853982925415,0.3740728199481964,0.7537314295768738,0.22565828263759613
log_sigma,sigma_log_dpm,"Sigma-space DPM-1, log sigma",DPM predictor,50,1,0,0,0.23989384097512811,0.31985845463350415,cuda,0.359584778547287,0.18683089315891266,1.1338316202163696,0.29477646946907043,0.7150542736053467,0.23579545319080353
log_sigma,sigma_log_dpm,"Sigma-space DPM-1, log sigma",DPM predictor,50,1,0,1,0.2751719109946862,0.36689588132624823,cuda,0.3554271459579468,0.21201595664024353,1.1117451190948486,0.060591500252485275,0.6981750726699829,0.23592960834503174
log_sigma,sigma_log_dpm,"Sigma-space DPM-1, log sigma",DPM predictor,100,1,0,0,0.4797570030204952,0.6396760040273269,cuda,0.310018390417099,0.11610566824674606,1.085700273513794,0.101170115172863,0.9420812129974365,0.20655608177185059
log_sigma,sigma_log_dpm,"Sigma-space DPM-1, log sigma",DPM predictor,100,1,0,1,0.4804714829660952,0.6406286439547936,cuda,0.31920766830444336,0.12826724350452423,1.0917807817459106,0.5116885900497437,0.6090548038482666,0.21079492568969727
log_sigma,dpm2_uniform,"DPM-2 + corrector, uniform t",Overall sampler,5,1,0,0,0.16607818601187319,0.22143758134916425,cuda,0.11920252442359924,0.2744736671447754,1.208112359046936,0.07544741034507751,0.14305409789085388,0.1225215420126915
log_sigma,dpm2_uniform,"DPM-2 + corrector, uniform t",Overall sampler,5,1,0,1,0.16014057502616197,0.2135207667015493,cuda,0.14645491540431976,0.2846720516681671,1.220624327659607,0.010131992399692535,0.09614355117082596,0.1337842494249344
log_sigma,dpm2_uniform,"DPM-2 + corrector, uniform t",Overall sampler,10,1,0,0,0.2325295319315046,0.3100393759086728,cuda,0.12159088999032974,0.2888176739215851,1.201276183128357,0.006082061678171158,0.07482852786779404,0.11502550542354584
log_sigma,dpm2_uniform,"DPM-2 + corrector, uniform t",Overall sampler,10,1,0,1,0.2362977189477533,0.3150636252636711,cuda,0.12347786873579025,0.18069976568222046,1.1445339918136597,0.021545367315411568,0.036847952753305435,0.09591710567474365
log_sigma,dpm2_uniform,"DPM-2 + corrector, uniform t",Overall sampler,20,1,0,0,0.3692087949020788,0.4922783932027717,cuda,0.06262796372175217,0.2086777240037918,1.1529898643493652,0.005206114146858454,0.005021612159907818,0.0810215175151825
log_sigma,dpm2_uniform,"DPM-2 + corrector, uniform t",Overall sampler,20,1,0,1,0.3688970769289881,0.4918627692386508,cuda,0.03873125836253166,0.33688849210739136,1.2215467691421509,0.05080294981598854,0.026322215795516968,0.09968864917755127
log_sigma,dpm2_uniform,"DPM-2 + corrector, uniform t",Overall sampler,50,1,0,0,0.7785319379763678,1.0380425839684904,cuda,0.03127950429916382,0.2657957077026367,1.1757019758224487,0.5106694102287292,0.023239847272634506,0.08852346986532211
log_sigma,dpm2_uniform,"DPM-2 + corrector, uniform t",Overall sampler,50,1,0,1,0.8129788279766217,1.0839717706354957,cuda,0.025648124516010284,0.2792752683162689,1.183426022529602,0.630841076374054,0.031656377017498016,0.09740522503852844
log_sigma,dpm2_uniform,"DPM-2 + corrector, uniform t",Overall sampler,100,1,0,0,1.5233413119567558,2.0311217492756746,cuda,0.04225388169288635,0.2463703602552414,1.163547396659851,0.0009737417567521334,0.0006387647008523345,0.08476817607879639
log_sigma,dpm2_uniform,"DPM-2 + corrector, uniform t",Overall sampler,100,1,0,1,1.4747482619713992,1.9663310159618657,cuda,0.05840829759836197,0.2775546610355377,1.1826372146606445,0.2158583402633667,0.009158016182482243,0.0853910967707634
log_sigma,dpm2_log,"DPM-2 + corrector, log sigma",Overall sampler,5,1,0,0,0.16033614799380302,0.21378153065840402,cuda,0.0942469909787178,0.15892045199871063,1.1227344274520874,0.007794222794473171,0.08158552646636963,0.08341089636087418
log_sigma,dpm2_log,"DPM-2 + corrector, log sigma",Overall sampler,5,1,0,1,0.1870632970239967,0.24941772936532894,cuda,0.11941029131412506,0.13105233013629913,1.1110244989395142,0.00531379459425807,0.08797921985387802,0.09412945061922073
log_sigma,dpm2_log,"DPM-2 + corrector, log sigma",Overall sampler,10,1,0,0,0.2292165969265625,0.30562212923541665,cuda,0.1559908539056778,0.23918814957141876,1.1899303197860718,0.09963417053222656,0.046211034059524536,0.11971396207809448
log_sigma,dpm2_log,"DPM-2 + corrector, log sigma",Overall sampler,10,1,0,1,0.228933171951212,0.30524422926828265,cuda,0.15018628537654877,0.15608787536621094,1.14072847366333,0.05603204295039177,0.08684083819389343,0.10857116430997849
log_sigma,dpm2_log,"DPM-2 + corrector, log sigma",Overall sampler,20,1,0,0,0.3733568530296907,0.49780913737292093,cuda,0.09643808752298355,0.11281605809926987,1.0893502235412598,0.20290160179138184,0.05089800804853439,0.07512574642896652
log_sigma,dpm2_log,"DPM-2 + corrector, log sigma",Overall sampler,20,1,0,1,0.3778042020276189,0.5037389360368252,cuda,0.08459720015525818,0.27230334281921387,1.1997941732406616,0.06550907343626022,0.02766100876033306,0.09983574599027634
log_sigma,dpm2_log,"DPM-2 + corrector, log sigma",Overall sampler,50,1,0,0,0.8037338400026783,1.071645120003571,cuda,0.054885875433683395,0.3274453282356262,1.2112624645233154,0.1393437385559082,0.007111133076250553,0.10163047909736633
log_sigma,dpm2_log,"DPM-2 + corrector, log sigma",Overall sampler,50,1,0,1,0.8012779749697074,1.0683706332929432,cuda,0.03413870185613632,0.25316426157951355,1.1691678762435913,0.00881523173302412,0.002314153825864196,0.09170982986688614
log_sigma,dpm2_log,"DPM-2 + corrector, log sigma",Overall sampler,100,1,0,0,1.4806625649798661,1.9742167533064883,cuda,0.07590468227863312,0.2443315088748932,1.1612820625305176,0.0027690588030964136,0.0005255735013633966,0.09427163004875183
log_sigma,dpm2_log,"DPM-2 + corrector, log sigma",Overall sampler,100,1,0,1,1.5415485069388524,2.055398009251803,cuda,0.02504543401300907,0.26889923214912415,1.1762921810150146,0.010244746692478657,0.0008061398984864354,0.08226502686738968
log_sigma,em_uniform,"Euler--Maruyama, uniform t",Euler update,5,1,0,0,0.031549230916425586,0.04206564122190078,cuda,0.3098321259021759,0.7006697058677673,1.5454527139663696,0.08368662744760513,0.838718056678772,0.3206484913825989
log_sigma,em_uniform,"Euler--Maruyama, uniform t",Euler update,5,1,0,1,0.0328108660178259,0.0437478213571012,cuda,0.2984984517097473,0.7283784747123718,1.5656161308288574,0.23684000968933105,1.2516188621520996,0.3247832655906677
log_sigma,em_uniform,"Euler--Maruyama, uniform t",Euler update,10,1,0,0,0.05382364708930254,0.07176486278573672,cuda,0.1749301254749298,0.4624863564968109,1.3572993278503418,0.17068186402320862,0.014346645213663578,0.20707958936691284
log_sigma,em_uniform,"Euler--Maruyama, uniform t",Euler update,10,1,0,1,0.05496137693990022,0.07328183591986696,cuda,0.14579950273036957,0.29868531227111816,1.2623125314712524,0.007718215696513653,0.0008487509330734611,0.16343168914318085
log_sigma,em_uniform,"Euler--Maruyama, uniform t",Euler update,20,1,0,0,0.09141007903963327,0.1218801053861777,cuda,0.10077130794525146,0.19092769920825958,1.1669505834579468,0.06129821762442589,0.06396152079105377,0.11392456293106079
log_sigma,em_uniform,"Euler--Maruyama, uniform t",Euler update,20,1,0,1,0.09588982001878321,0.1278530933583776,cuda,0.09050987660884857,0.3280751407146454,1.254819393157959,0.19058750569820404,0.1430438905954361,0.13764949142932892
log_sigma,em_uniform,"Euler--Maruyama, uniform t",Euler update,50,1,0,0,0.25710879103280604,0.3428117213770747,cuda,0.06475736945867538,0.30363714694976807,1.2141178846359253,0.022101905196905136,0.024485809728503227,0.11175228655338287
log_sigma,em_uniform,"Euler--Maruyama, uniform t",Euler update,50,1,0,1,0.2428154150256887,0.32375388670091826,cuda,0.04304739087820053,0.2454855591058731,1.179355502128601,0.10039583593606949,0.028362294659018517,0.10090935230255127
log_sigma,em_uniform,"Euler--Maruyama, uniform t",Euler update,100,1,0,0,0.48202737502288073,0.6427031666971743,cuda,0.1091085895895958,0.21596157550811768,1.1514695882797241,0.01819702424108982,0.001639920985326171,0.09539078176021576
log_sigma,em_uniform,"Euler--Maruyama, uniform t",Euler update,100,1,0,1,0.47371826600283384,0.6316243546704451,cuda,0.036628082394599915,0.2597281336784363,1.1783955097198486,0.0033356097992509604,0.0012992105912417173,0.09013845771551132
log_sigma,em_log,"Euler--Maruyama, log sigma",Euler update,5,1,0,0,0.02390625502448529,0.03187500669931372,cuda,0.3219030797481537,0.9603437781333923,1.6584101915359497,0.10887571424245834,0.24715684354305267,0.3327522873878479
log_sigma,em_log,"Euler--Maruyama, log sigma",Euler update,5,1,0,1,0.0221078620525077,0.0294771494033436,cuda,0.3383152186870575,0.9283031225204468,1.6566787958145142,0.08387274295091629,0.10761599987745285,0.33253049850463867
log_sigma,em_log,"Euler--Maruyama, log sigma",Euler update,10,1,0,0,0.04703502997290343,0.06271337329720457,cuda,0.1371268332004547,0.4965660572052002,1.338834524154663,0.05117837339639664,0.010892958380281925,0.16208074986934662
log_sigma,em_log,"Euler--Maruyama, log sigma",Euler update,10,1,0,1,0.045740526053123176,0.060987368070830904,cuda,0.14933541417121887,0.3930192291736603,1.301692008972168,0.03909942880272865,0.014116402715444565,0.1543341428041458
log_sigma,em_log,"Euler--Maruyama, log sigma",Euler update,20,1,0,0,0.09461234603077173,0.12614979470769563,cuda,0.082242950797081,0.19559980928897858,1.1478980779647827,0.11443663388490677,0.006483394652605057,0.08279792964458466
log_sigma,em_log,"Euler--Maruyama, log sigma",Euler update,20,1,0,1,0.09606718097347766,0.12808957463130355,cuda,0.08053652197122574,0.3731066584587097,1.2546610832214355,0.08026900142431259,0.028234081342816353,0.12034084647893906
log_sigma,em_log,"Euler--Maruyama, log sigma",Euler update,50,1,0,0,0.23795242293272167,0.3172698972436289,cuda,0.08544227480888367,0.3501223921775818,1.2296764850616455,0.5335600972175598,0.04689055681228638,0.11626207828521729
log_sigma,em_log,"Euler--Maruyama, log sigma",Euler update,50,1,0,1,0.24243406997993588,0.3232454266399145,cuda,0.05633107200264931,0.2651231288909912,1.1901053190231323,0.0005964559386484325,0.005919700022786856,0.09907270967960358
log_sigma,em_log,"Euler--Maruyama, log sigma",Euler update,100,1,0,0,0.4764740300597623,0.6352987067463497,cuda,0.10046062618494034,0.2360064685344696,1.1604866981506348,0.012572585605084896,0.009566999040544033,0.09560545533895493
log_sigma,em_log,"Euler--Maruyama, log sigma",Euler update,100,1,0,1,0.4712879779981449,0.6283839706641933,cuda,0.043525658547878265,0.3014303743839264,1.1986048221588135,0.08693141490221024,0.00848507508635521,0.09167467802762985
log_sigma,sigma_uniform_dpm,"Sigma-space DPM-1, uniform t",DPM predictor,5,1,1,0,0.025503553915768862,0.03400473855435848,cuda,0.2330923229455948,0.1624925434589386,1.368330955505371,0.11540736258029938,0.10959962010383606,0.16234798729419708
log_sigma,sigma_uniform_dpm,"Sigma-space DPM-1, uniform t",DPM predictor,5,1,1,1,0.02571361104492098,0.03428481472656131,cuda,0.2238859236240387,0.18838369846343994,1.4337455034255981,0.010725368745625019,0.010927747935056686,0.1591814011335373
log_sigma,sigma_uniform_dpm,"Sigma-space DPM-1, uniform t",DPM predictor,10,1,1,0,0.054773499025031924,0.0730313320333759,cuda,0.2273205816745758,0.1564212143421173,1.3705817461013794,0.04786858335137367,0.044470466673374176,0.15477675199508667
log_sigma,sigma_uniform_dpm,"Sigma-space DPM-1, uniform t",DPM predictor,10,1,1,1,0.045319350087083876,0.06042580011611184,cuda,0.21343399584293365,0.1400420367717743,1.3229836225509644,0.07810620963573456,0.07408443093299866,0.14624153077602386
log_sigma,sigma_uniform_dpm,"Sigma-space DPM-1, uniform t",DPM predictor,20,1,1,0,0.09671967499889433,0.12895956666519245,cuda,0.14532802999019623,0.19321773946285248,1.5088623762130737,0.06510751694440842,0.060495078563690186,0.13721835613250732
log_sigma,sigma_uniform_dpm,"Sigma-space DPM-1, uniform t",DPM predictor,20,1,1,1,0.09306298696901649,0.12408398262535532,cuda,0.1637943834066391,0.160422682762146,1.419270396232605,0.04337882623076439,0.039509501308202744,0.13298431038856506
log_sigma,sigma_uniform_dpm,"Sigma-space DPM-1, uniform t",DPM predictor,50,1,1,0,0.24310426495503634,0.32413901994004846,cuda,0.17835886776447296,0.17070046067237854,1.4777837991714478,0.12850946187973022,0.12164592742919922,0.14664794504642487
log_sigma,sigma_uniform_dpm,"Sigma-space DPM-1, uniform t",DPM predictor,50,1,1,1,0.23294669296592474,0.310595590621233,cuda,0.19251127541065216,0.19052813947200775,1.5037511587142944,0.08715635538101196,0.08298487216234207,0.156036838889122
log_sigma,sigma_uniform_dpm,"Sigma-space DPM-1, uniform t",DPM predictor,100,1,1,0,0.4672980169998482,0.6230640226664642,cuda,0.2077859342098236,0.18230539560317993,1.4799972772598267,0.037615422159433365,0.034040726721286774,0.15663626790046692
log_sigma,sigma_uniform_dpm,"Sigma-space DPM-1, uniform t",DPM predictor,100,1,1,1,0.46545227500610054,0.6206030333414674,cuda,0.2071319967508316,0.1809176206588745,1.4829591512680054,0.0689263790845871,0.06398718059062958,0.15381821990013123
log_sigma,sigma_log_dpm,"Sigma-space DPM-1, log sigma",DPM predictor,5,1,1,0,0.024988665943965316,0.03331822125862042,cuda,0.24178403615951538,0.14845669269561768,1.3733854293823242,0.12221836298704147,0.11697717756032944,0.16489307582378387
log_sigma,sigma_log_dpm,"Sigma-space DPM-1, log sigma",DPM predictor,5,1,1,1,0.02377842995338142,0.03170457327117523,cuda,0.2333385944366455,0.17222744226455688,1.4351612329483032,0.009382381103932858,0.009656316600739956,0.16351774334907532
log_sigma,sigma_log_dpm,"Sigma-space DPM-1, log sigma",DPM predictor,10,1,1,0,0.04898067796602845,0.06530757062137127,cuda,0.2332593947649002,0.1626937985420227,1.4275457859039307,0.05226635932922363,0.04815664142370224,0.16100509464740753
log_sigma,sigma_log_dpm,"Sigma-space DPM-1, log sigma",DPM predictor,10,1,1,1,0.045158965047448874,0.060211953396598496,cuda,0.21972934901714325,0.14562349021434784,1.380043864250183,0.08612779527902603,0.08240900933742523,0.15139758586883545
log_sigma,sigma_log_dpm,"Sigma-space DPM-1, log sigma",DPM predictor,20,1,1,0,0.09284853306598961,0.12379804408798616,cuda,0.1516626477241516,0.21138520538806915,1.5793076753616333,0.07121427357196808,0.06638506054878235,0.15246295928955078
log_sigma,sigma_log_dpm,"Sigma-space DPM-1, log sigma",DPM predictor,20,1,1,1,0.09158044296782464,0.12210725729043286,cuda,0.17039132118225098,0.1769060641527176,1.4894770383834839,0.04707537218928337,0.04296167939901352,0.14631769061088562
log_sigma,sigma_log_dpm,"Sigma-space DPM-1, log sigma",DPM predictor,50,1,1,0,0.22972413094248623,0.3062988412566483,cuda,0.18423016369342804,0.18582716584205627,1.530488133430481,0.13661706447601318,0.12956026196479797,0.15748301148414612
log_sigma,sigma_log_dpm,"Sigma-space DPM-1, log sigma",DPM predictor,50,1,1,1,0.27842470502946526,0.37123294003928703,cuda,0.19846028089523315,0.205813467502594,1.5552006959915161,0.09279412776231766,0.08865008503198624,0.16613487899303436
log_sigma,sigma_log_dpm,"Sigma-space DPM-1, log sigma",DPM predictor,100,1,1,0,0.4758655980695039,0.6344874640926719,cuda,0.21150828897953033,0.1914273500442505,1.5103137493133545,0.038655880838632584,0.0350031815469265,0.16214784979820251
log_sigma,sigma_log_dpm,"Sigma-space DPM-1, log sigma",DPM predictor,100,1,1,1,0.4637544370489195,0.6183392493985593,cuda,0.21083439886569977,0.19011785089969635,1.513761281967163,0.0712355226278305,0.06619668006896973,0.15967173874378204
log_sigma,dpm2_uniform,"DPM-2 + corrector, uniform t",Overall sampler,5,1,1,0,0.1586742689833045,0.21156569197773933,cuda,0.1455002874135971,0.35142412781715393,1.9295625686645508,0.08925086259841919,0.0833999514579773,0.22546158730983734
log_sigma,dpm2_uniform,"DPM-2 + corrector, uniform t",Overall sampler,5,1,1,1,0.15765489207115024,0.21020652276153365,cuda,0.1463557481765747,0.33372166752815247,1.874908447265625,0.016004057601094246,0.014611592516303062,0.20204025506973267
log_sigma,dpm2_uniform,"DPM-2 + corrector, uniform t",Overall sampler,10,1,1,0,0.23775693902280182,0.3170092520304024,cuda,0.1231909915804863,0.23425140976905823,1.656841516494751,0.0695006474852562,0.06456049531698227,0.1589076817035675
log_sigma,dpm2_uniform,"DPM-2 + corrector, uniform t",Overall sampler,10,1,1,1,0.2290315340505913,0.30537537873412174,cuda,0.14682312309741974,0.2510519027709961,1.6753742694854736,0.07287415862083435,0.0692669004201889,0.17207328975200653
log_sigma,dpm2_uniform,"DPM-2 + corrector, uniform t",Overall sampler,20,1,1,0,0.36960912495851517,0.4928121666113536,cuda,0.08023601025342941,0.21495112776756287,1.5790427923202515,0.002776197623461485,0.002322839107364416,0.12737345695495605
log_sigma,dpm2_uniform,"DPM-2 + corrector, uniform t",Overall sampler,20,1,1,1,0.3688125549815595,0.49175007330874604,cuda,0.03613339737057686,0.2057267725467682,1.5646928548812866,0.0010974742472171783,0.0008939782273955643,0.12399817258119583
log_sigma,dpm2_uniform,"DPM-2 + corrector, uniform t",Overall sampler,50,1,1,0,0.7823633999796584,1.043151199972878,cuda,0.08023616671562195,0.19573445618152618,1.5339490175247192,0.004567105323076248,0.00484452024102211,0.12020747363567352
log_sigma,dpm2_uniform,"DPM-2 + corrector, uniform t",Overall sampler,50,1,1,1,0.8098041519988328,1.079738869331777,cuda,0.08106964081525803,0.18868641555309296,1.5276238918304443,0.024617526680231094,0.02591041661798954,0.11769628524780273
log_sigma,dpm2_uniform,"DPM-2 + corrector, uniform t",Overall sampler,100,1,1,0,1.481682655052282,1.9755768734030426,cuda,0.031686052680015564,0.15763378143310547,1.4375709295272827,0.020313624292612076,0.01901356503367424,0.08962457627058029
log_sigma,dpm2_uniform,"DPM-2 + corrector, uniform t",Overall sampler,100,1,1,1,1.4937144530704245,1.991619270760566,cuda,0.008233077824115753,0.15846602618694305,1.4629725217819214,0.036485157907009125,0.03642873093485832,0.10118231922388077
log_sigma,dpm2_log,"DPM-2 + corrector, log sigma",Overall sampler,5,1,1,0,0.20112666697241366,0.2681688892965515,cuda,0.15920209884643555,0.22021786868572235,1.6109733581542969,0.08373866230249405,0.07841169834136963,0.16356104612350464
log_sigma,dpm2_log,"DPM-2 + corrector, log sigma",Overall sampler,5,1,1,1,0.16441555903293192,0.21922074537724257,cuda,0.1611355096101761,0.23030972480773926,1.6052576303482056,0.05761626735329628,0.053522150963544846,0.15428820252418518
log_sigma,dpm2_log,"DPM-2 + corrector, log sigma",Overall sampler,10,1,1,0,0.23192287504207343,0.3092305000560979,cuda,0.15850864350795746,0.20548559725284576,1.564460277557373,0.013218480162322521,0.011712328530848026,0.15332013368606567
log_sigma,dpm2_log,"DPM-2 + corrector, log sigma",Overall sampler,10,1,1,1,0.2316412520594895,0.308855002745986,cuda,0.16003340482711792,0.22367684543132782,1.593184232711792,0.04898953437805176,0.04627029597759247,0.1543414443731308
log_sigma,dpm2_log,"DPM-2 + corrector, log sigma",Overall sampler,20,1,1,0,0.36662646604236215,0.48883528805648285,cuda,0.09493991732597351,0.20017865300178528,1.5492030382156372,0.014446185901761055,0.012618068605661392,0.12385839968919754
log_sigma,dpm2_log,"DPM-2 + corrector, log sigma",Overall sampler,20,1,1,1,0.38030180998612195,0.507069079981496,cuda,0.07316604256629944,0.19361254572868347,1.5310548543930054,0.04372638463973999,0.04190457612276077,0.11553945392370224
log_sigma,dpm2_log,"DPM-2 + corrector, log sigma",Overall sampler,50,1,1,0,0.7932963580824435,1.057728477443258,cuda,0.0903153121471405,0.14045849442481995,1.3912594318389893,0.039497680962085724,0.03569144755601883,0.09639836847782135
log_sigma,dpm2_log,"DPM-2 + corrector, log sigma",Overall sampler,50,1,1,1,0.7981671550078318,1.0642228733437757,cuda,0.09446147084236145,0.15546244382858276,1.4422850608825684,0.0698542594909668,0.06466388702392578,0.10934904217720032
log_sigma,dpm2_log,"DPM-2 + corrector, log sigma",Overall sampler,100,1,1,0,1.4939988369587809,1.9919984492783744,cuda,0.025023579597473145,0.10130435973405838,1.3085920810699463,0.009515216574072838,0.008468497544527054,0.07016444206237793
log_sigma,dpm2_log,"DPM-2 + corrector, log sigma",Overall sampler,100,1,1,1,1.5426781700225547,2.0569042266967394,cuda,0.022004107013344765,0.09767933934926987,1.301523208618164,0.0015927210915833712,0.0018249168060719967,0.06609129905700684
log_sigma,em_uniform,"Euler--Maruyama, uniform t",Euler update,5,1,1,0,0.023051569936797023,0.03073542658239603,cuda,0.16429035365581512,0.7172080278396606,2.616166353225708,0.1169019266963005,0.11437712609767914,0.3799925744533539
log_sigma,em_uniform,"Euler--Maruyama, uniform t",Euler update,5,1,1,1,0.02236126398202032,0.029815018642693758,cuda,0.15694226324558258,0.7152382731437683,2.598599433898926,0.03786889463663101,0.03684365004301071,0.3701186776161194
log_sigma,em_uniform,"Euler--Maruyama, uniform t",Euler update,10,1,1,0,0.04537562292534858,0.06050083056713144,cuda,0.1575082689523697,0.4029426872730255,2.033357858657837,0.12052614986896515,0.11847425997257233,0.25287044048309326
log_sigma,em_uniform,"Euler--Maruyama, uniform t",Euler update,10,1,1,1,0.04845620004925877,0.06460826673234503,cuda,0.16477714478969574,0.40708616375923157,2.018946647644043,0.07219132781028748,0.06813159584999084,0.24187278747558594
log_sigma,em_uniform,"Euler--Maruyama, uniform t",Euler update,20,1,1,0,0.09546270594000816,0.1272836079200109,cuda,0.10492075979709625,0.2982552647590637,1.7928593158721924,0.004696883261203766,0.004908150527626276,0.17955133318901062
log_sigma,em_uniform,"Euler--Maruyama, uniform t",Euler update,20,1,1,1,0.10823506105225533,0.14431341473634043,cuda,0.06834103912115097,0.2543351948261261,1.7083549499511719,0.014749704860150814,0.013883572071790695,0.15939760208129883
log_sigma,em_uniform,"Euler--Maruyama, uniform t",Euler update,50,1,1,0,0.27172316692303866,0.3622975558973849,cuda,0.1284657120704651,0.23327456414699554,1.625518798828125,0.042721547186374664,0.03987164795398712,0.15166132152080536
log_sigma,em_uniform,"Euler--Maruyama, uniform t",Euler update,50,1,1,1,0.27176703803706914,0.36235605071609217,cuda,0.12322267144918442,0.2367807924747467,1.6394587755203247,0.040162649005651474,0.03983420878648758,0.15315128862857819
log_sigma,em_uniform,"Euler--Maruyama, uniform t",Euler update,100,1,1,0,0.4802380650071427,0.6403174200095236,cuda,0.10419286787509918,0.2030044049024582,1.5522819757461548,0.025698302313685417,0.02297784574329853,0.12687571346759796
log_sigma,em_uniform,"Euler--Maruyama, uniform t",Euler update,100,1,1,1,0.4694687790470198,0.625958372062693,cuda,0.08409412205219269,0.1989482343196869,1.5558140277862549,0.030504336580634117,0.03180207684636116,0.12862229347229004
log_sigma,em_log,"Euler--Maruyama, log sigma",Euler update,5,1,1,0,0.022742060013115406,0.030322746684153874,cuda,0.0952969640493393,0.7720968723297119,2.5915751457214355,0.005665128119289875,0.005810318980365992,0.3516126275062561
log_sigma,em_log,"Euler--Maruyama, log sigma",Euler update,5,1,1,1,0.03464111208450049,0.04618814944600066,cuda,0.15751288831233978,0.7594469785690308,2.5618045330047607,0.0798511877655983,0.07399435341358185,0.3517948389053345
log_sigma,em_log,"Euler--Maruyama, log sigma",Euler update,10,1,1,0,0.05029622698202729,0.06706163597603639,cuda,0.10310878604650497,0.3475736975669861,1.8816145658493042,0.046800557523965836,0.046793244779109955,0.20799431204795837
log_sigma,em_log,"Euler--Maruyama, log sigma",Euler update,10,1,1,1,0.04822380200494081,0.06429840267325442,cuda,0.12234941124916077,0.3734322488307953,1.9198156595230103,0.14502908289432526,0.1401730626821518,0.2096582055091858
log_sigma,em_log,"Euler--Maruyama, log sigma",Euler update,20,1,1,0,0.0996114918962121,0.1328153225282828,cuda,0.08520900458097458,0.2478826344013214,1.6644132137298584,0.009611543267965317,0.009756793268024921,0.14278438687324524
log_sigma,em_log,"Euler--Maruyama, log sigma",Euler update,20,1,1,1,0.09211029706057161,0.12281372941409548,cuda,0.06217748671770096,0.2447287142276764,1.6577324867248535,0.030578266829252243,0.027531016618013382,0.1419992744922638
log_sigma,em_log,"Euler--Maruyama, log sigma",Euler update,50,1,1,0,0.23487505305092782,0.31316673740123707,cuda,0.113339364528656,0.18096835911273956,1.4910117387771606,0.016821905970573425,0.014848368242383003,0.12003012001514435
log_sigma,em_log,"Euler--Maruyama, log sigma",Euler update,50,1,1,1,0.23567244200967252,0.31422992267956334,cuda,0.1124020516872406,0.20572814345359802,1.5648078918457031,0.11516562104225159,0.10897307097911835,0.13611480593681335
log_sigma,em_log,"Euler--Maruyama, log sigma",Euler update,100,1,1,0,0.47300701297353953,0.6306760172980527,cuda,0.08672575652599335,0.1929895430803299,1.5287879705429077,0.07159512490034103,0.06627467274665833,0.12259778380393982
log_sigma,em_log,"Euler--Maruyama, log sigma",Euler update,100,1,1,1,0.4742155009880662,0.6322873346507549,cuda,0.11261698603630066,0.19889405369758606,1.5319461822509766,0.011959118768572807,0.01098491158336401,0.12680447101593018
log_sigma,sigma_uniform_dpm,"Sigma-space DPM-1, uniform t",DPM predictor,5,1,2,0,0.022336623980663717,0.029782165307551622,cuda,0.5135684609413147,0.15633530914783478,1.321325659751892,2597.5390625,68.17792510986328,0.33444860577583313
log_sigma,sigma_uniform_dpm,"Sigma-space DPM-1, uniform t",DPM predictor,5,1,2,1,0.02585261594504118,0.03447015459338824,cuda,0.506811797618866,0.13084906339645386,1.2641428709030151,2597.527587890625,68.77354431152344,0.32934123277664185
log_sigma,sigma_uniform_dpm,"Sigma-space DPM-1, uniform t",DPM predictor,10,1,2,0,0.05442272103391588,0.07256362804522117,cuda,0.5308696031570435,0.1959376186132431,1.4268500804901123,2601.62451171875,67.94116973876953,0.3461838364601135
log_sigma,sigma_uniform_dpm,"Sigma-space DPM-1, uniform t",DPM predictor,10,1,2,1,0.05534094606991857,0.07378792809322476,cuda,0.4963046610355377,0.16712097823619843,1.3607304096221924,2593.656982421875,69.14336395263672,0.32458463311195374
log_sigma,sigma_uniform_dpm,"Sigma-space DPM-1, uniform t",DPM predictor,20,1,2,0,0.10584094701334834,0.14112126268446445,cuda,0.5219624042510986,0.20191410183906555,1.4416691064834595,2599.540283203125,69.09637451171875,0.34104394912719727
log_sigma,sigma_uniform_dpm,"Sigma-space DPM-1, uniform t",DPM predictor,20,1,2,1,0.09235737100243568,0.12314316133658092,cuda,0.4861760437488556,0.1762339174747467,1.3899731636047363,2582.381591796875,69.71852111816406,0.31768175959587097
log_sigma,sigma_uniform_dpm,"Sigma-space DPM-1, uniform t",DPM predictor,50,1,2,0,0.2403591179754585,0.320478823967278,cuda,0.4852117598056793,0.16696929931640625,1.3857914209365845,2602.6318359375,68.76786041259766,0.31802740693092346
log_sigma,sigma_uniform_dpm,"Sigma-space DPM-1, uniform t",DPM predictor,50,1,2,1,0.23661804804578424,0.31549073072771233,cuda,0.4476153254508972,0.17955517768859863,1.4038703441619873,2593.71826171875,69.33457946777344,0.2929638624191284
log_sigma,sigma_uniform_dpm,"Sigma-space DPM-1, uniform t",DPM predictor,100,1,2,0,0.47987309808377177,0.639830797445029,cuda,0.5024527311325073,0.1927971988916397,1.4534087181091309,2597.62890625,68.95761108398438,0.3315456509590149
log_sigma,sigma_uniform_dpm,"Sigma-space DPM-1, uniform t",DPM predictor,100,1,2,1,0.48089203611016273,0.641189381480217,cuda,0.5006606578826904,0.2418883591890335,1.5486783981323242,2599.97607421875,68.96607971191406,0.3293980360031128
log_sigma,sigma_log_dpm,"Sigma-space DPM-1, log sigma",DPM predictor,5,1,2,0,0.02218813996296376,0.029584186617285013,cuda,0.515148937702179,0.13802549242973328,1.3044960498809814,2601.640625,68.38896942138672,0.33626413345336914
log_sigma,sigma_log_dpm,"Sigma-space DPM-1, log sigma",DPM predictor,5,1,2,1,0.03086601896211505,0.04115469194948673,cuda,0.5083579421043396,0.11498630046844482,1.2514660358428955,2598.12109375,68.89643096923828,0.3310316801071167
log_sigma,sigma_log_dpm,"Sigma-space DPM-1, log sigma",DPM predictor,10,1,2,0,0.05310592602472752,0.07080790136630337,cuda,0.5363274812698364,0.19872188568115234,1.4663530588150024,2602.4033203125,67.956298828125,0.3527621328830719
log_sigma,sigma_log_dpm,"Sigma-space DPM-1, log sigma",DPM predictor,10,1,2,1,0.044976804056204855,0.05996907207493981,cuda,0.5022406578063965,0.16929656267166138,1.399664282798767,2594.52099609375,69.26736450195312,0.3308466970920563
log_sigma,sigma_log_dpm,"Sigma-space DPM-1, log sigma",DPM predictor,20,1,2,0,0.09233744605444372,0.12311659473925829,cuda,0.5346047282218933,0.21362853050231934,1.4938676357269287,2601.021484375,69.15681457519531,0.3515787720680237
log_sigma,sigma_log_dpm,"Sigma-space DPM-1, log sigma",DPM predictor,20,1,2,1,0.09336501907091588,0.1244866920945545,cuda,0.49834108352661133,0.18791286647319794,1.443643569946289,2583.48974609375,69.73783111572266,0.3281997740268707
log_sigma,sigma_log_dpm,"Sigma-space DPM-1, log sigma",DPM predictor,50,1,2,0,0.23358909110538661,0.3114521214738488,cuda,0.49662187695503235,0.17903326451778412,1.4295567274093628,2603.96142578125,68.73883056640625,0.3271845281124115
log_sigma,sigma_log_dpm,"Sigma-space DPM-1, log sigma",DPM predictor,50,1,2,1,0.23799618310295045,0.3173282441372673,cuda,0.4582134187221527,0.1922835111618042,1.4467346668243408,2594.8544921875,69.32205963134766,0.3016984164714813
log_sigma,sigma_log_dpm,"Sigma-space DPM-1, log sigma",DPM predictor,100,1,2,0,0.4902482449542731,0.6536643266056975,cuda,0.5097806453704834,0.20117667317390442,1.480281949043274,2598.36474609375,68.93111419677734,0.3374938368797302
log_sigma,sigma_log_dpm,"Sigma-space DPM-1, log sigma",DPM predictor,100,1,2,1,0.47933123796246946,0.6391083172832926,cuda,0.5079224109649658,0.25153231620788574,1.5765575170516968,2600.745361328125,68.94422912597656,0.33542388677597046
log_sigma,dpm2_uniform,"DPM-2 + corrector, uniform t",Overall sampler,5,1,2,0,0.16480796597898006,0.21974395463864008,cuda,0.36430537700653076,0.3455725908279419,1.826534628868103,2578.454345703125,69.17183685302734,0.2883976697921753
log_sigma,dpm2_uniform,"DPM-2 + corrector, uniform t",Overall sampler,5,1,2,1,0.1659644270548597,0.22128590273981294,cuda,0.3222372233867645,0.3323948383331299,1.8116356134414673,2585.39453125,69.74921417236328,0.27183541655540466
log_sigma,dpm2_uniform,"DPM-2 + corrector, uniform t",Overall sampler,10,1,2,0,0.232910695951432,0.31054759460190934,cuda,0.3328268229961395,0.2427348494529724,1.5951805114746094,2598.458984375,68.79106140136719,0.2367258071899414
log_sigma,dpm2_uniform,"DPM-2 + corrector, uniform t",Overall sampler,10,1,2,1,0.2279383100103587,0.3039177466804783,cuda,0.34101906418800354,0.22905801236629486,1.5719627141952515,2587.62841796875,69.70085144042969,0.2454066425561905
log_sigma,dpm2_uniform,"DPM-2 + corrector, uniform t",Overall sampler,20,1,2,0,0.372337709995918,0.4964502799945573,cuda,0.2914794385433197,0.2242380827665329,1.546543002128601,2599.64404296875,68.3720703125,0.21465428173542023
log_sigma,dpm2_uniform,"DPM-2 + corrector, uniform t",Overall sampler,20,1,2,1,0.36837290204130113,0.4911638693884015,cuda,0.2912325859069824,0.1986759603023529,1.496079683303833,2583.65966796875,68.82782745361328,0.20607714354991913
log_sigma,dpm2_uniform,"DPM-2 + corrector, uniform t",Overall sampler,50,1,2,0,0.7971503830049187,1.0628671773398917,cuda,0.19460584223270416,0.17368926107883453,1.4287383556365967,2557.958251953125,70.49727630615234,0.15038727223873138
log_sigma,dpm2_uniform,"DPM-2 + corrector, uniform t",Overall sampler,50,1,2,1,0.8014837560476735,1.0686450080635648,cuda,0.20771369338035583,0.15780514478683472,1.401977300643921,2588.655517578125,69.25416564941406,0.15120284259319305
log_sigma,dpm2_uniform,"DPM-2 + corrector, uniform t",Overall sampler,100,1,2,0,1.5127416999312118,2.0169889332416155,cuda,0.1512637585401535,0.11700642108917236,1.3155063390731812,2581.339599609375,69.3720932006836,0.11832258105278015
log_sigma,dpm2_uniform,"DPM-2 + corrector, uniform t",Overall sampler,100,1,2,1,1.5627512040082365,2.083668272010982,cuda,0.18429279327392578,0.15239430963993073,1.3919531106948853,2584.6953125,69.85484313964844,0.13717153668403625
log_sigma,dpm2_log,"DPM-2 + corrector, log sigma",Overall sampler,5,1,2,0,0.23795529489871114,0.31727372653161484,cuda,0.38659027218818665,0.22385987639427185,1.5451761484146118,2593.761474609375,69.86827850341797,0.2637421190738678
log_sigma,dpm2_log,"DPM-2 + corrector, log sigma",Overall sampler,5,1,2,1,0.16968012298457325,0.226240163979431,cuda,0.3378521203994751,0.1930040717124939,1.490319848060608,2594.95068359375,69.63419342041016,0.23458166420459747
log_sigma,dpm2_log,"DPM-2 + corrector, log sigma",Overall sampler,10,1,2,0,0.23185165494214743,0.30913553992286325,cuda,0.4130626618862152,0.24138647317886353,1.5666249990463257,2620.55126953125,67.15647888183594,0.27941665053367615
log_sigma,dpm2_log,"DPM-2 + corrector, log sigma",Overall sampler,10,1,2,1,0.2347444900078699,0.31299265334382653,cuda,0.3915086090564728,0.19853147864341736,1.483723759651184,2585.2431640625,69.30868530273438,0.2641809582710266
log_sigma,dpm2_log,"DPM-2 + corrector, log sigma",Overall sampler,20,1,2,0,0.37274866399820894,0.49699821866427857,cuda,0.3797130584716797,0.19890771806240082,1.4821596145629883,2596.5556640625,68.66062927246094,0.2545509338378906
log_sigma,dpm2_log,"DPM-2 + corrector, log sigma",Overall sampler,20,1,2,1,0.3695995539892465,0.4927994053189953,cuda,0.36026597023010254,0.19603461027145386,1.4725918769836426,2584.7421875,68.43549346923828,0.24130475521087646
log_sigma,dpm2_log,"DPM-2 + corrector, log sigma",Overall sampler,50,1,2,0,0.7932242429815233,1.0576323239753644,cuda,0.25255000591278076,0.1538294404745102,1.3840432167053223,2557.893798828125,69.8366470336914,0.1746152937412262
log_sigma,dpm2_log,"DPM-2 + corrector, log sigma",Overall sampler,50,1,2,1,0.8390391030116007,1.1187188040154676,cuda,0.21063537895679474,0.1606382131576538,1.3960676193237305,2559.30029296875,69.77629852294922,0.15511906147003174
log_sigma,dpm2_log,"DPM-2 + corrector, log sigma",Overall sampler,100,1,2,0,1.5648527710000053,2.0864703613333404,cuda,0.1079535037279129,0.0800296738743782,1.2069103717803955,2564.00439453125,69.7662582397461,0.08534219861030579
log_sigma,dpm2_log,"DPM-2 + corrector, log sigma",Overall sampler,100,1,2,1,1.4988138779299334,1.9984185039065778,cuda,0.15309153497219086,0.11666412651538849,1.3047301769256592,2575.923095703125,69.36137390136719,0.11039286851882935
log_sigma,em_uniform,"Euler--Maruyama, uniform t",Euler update,5,1,2,0,0.03206770995166153,0.04275694660221537,cuda,0.46255216002464294,0.759834349155426,2.5402162075042725,2586.27001953125,68.14097595214844,0.44763001799583435
log_sigma,em_uniform,"Euler--Maruyama, uniform t",Euler update,5,1,2,1,0.02253830700647086,0.030051076008627813,cuda,0.36953824758529663,0.7055889368057251,2.4743471145629883,2604.09814453125,69.2474136352539,0.41614070534706116
log_sigma,em_uniform,"Euler--Maruyama, uniform t",Euler update,10,1,2,0,0.04677318991161883,0.06236425321549177,cuda,0.39582619071006775,0.40723705291748047,1.9511946439743042,2598.727294921875,67.9659423828125,0.32015445828437805
log_sigma,em_uniform,"Euler--Maruyama, uniform t",Euler update,10,1,2,1,0.045841519022360444,0.06112202536314726,cuda,0.3572498559951782,0.4034554362297058,1.9406092166900635,2585.96728515625,70.39897155761719,0.30323460698127747
log_sigma,em_uniform,"Euler--Maruyama, uniform t",Euler update,20,1,2,0,0.10859381500631571,0.1447917533417543,cuda,0.361418753862381,0.32001739740371704,1.7561240196228027,2575.223876953125,70.83451843261719,0.27199018001556396
log_sigma,em_uniform,"Euler--Maruyama, uniform t",Euler update,20,1,2,1,0.09760290198028088,0.1301372026403745,cuda,0.32352861762046814,0.30879858136177063,1.7293211221694946,2576.63037109375,70.78317260742188,0.24499152600765228
log_sigma,em_uniform,"Euler--Maruyama, uniform t",Euler update,50,1,2,0,0.23961011797655374,0.31948015730207163,cuda,0.30493640899658203,0.2055644392967224,1.4984749555587769,2590.73681640625,69.52694702148438,0.21100936830043793
log_sigma,em_uniform,"Euler--Maruyama, uniform t",Euler update,50,1,2,1,0.23897702200338244,0.31863602933784324,cuda,0.26811182498931885,0.19380506873130798,1.4831265211105347,2562.291259765625,71.32637786865234,0.1912507265806198
log_sigma,em_uniform,"Euler--Maruyama, uniform t",Euler update,100,1,2,0,0.47649853106122464,0.6353313747482995,cuda,0.2726832628250122,0.15757568180561066,1.3909767866134644,2591.7529296875,67.85608673095703,0.19138097763061523
log_sigma,em_uniform,"Euler--Maruyama, uniform t",Euler update,100,1,2,1,0.5384708869969472,0.7179611826625963,cuda,0.3217261731624603,0.22789266705513,1.5417327880859375,2582.672119140625,70.19700622558594,0.2204580307006836
log_sigma,em_log,"Euler--Maruyama, log sigma",Euler update,5,1,2,0,0.022595182992517948,0.030126910656690598,cuda,0.4079020917415619,0.9335023164749146,2.6580586433410645,2593.911865234375,71.81744384765625,0.454583078622818
log_sigma,em_log,"Euler--Maruyama, log sigma",Euler update,5,1,2,1,0.03633652802091092,0.04844870402788123,cuda,0.30331405997276306,0.8387299180030823,2.5457730293273926,2606.81005859375,70.53242492675781,0.39849653840065
log_sigma,em_log,"Euler--Maruyama, log sigma",Euler update,10,1,2,0,0.04636769508942962,0.06182359345257282,cuda,0.34739649295806885,0.4211588203907013,1.900890588760376,2593.026611328125,67.97032165527344,0.2853807210922241
log_sigma,em_log,"Euler--Maruyama, log sigma",Euler update,10,1,2,1,0.046995930024422705,0.06266124003256361,cuda,0.34168320894241333,0.3417373597621918,1.7831194400787354,2576.447998046875,71.23766326904297,0.2707626521587372
log_sigma,em_log,"Euler--Maruyama, log sigma",Euler update,20,1,2,0,0.11659672297537327,0.15546229730049768,cuda,0.34893500804901123,0.24234993755817413,1.588180661201477,2584.439453125,68.80076599121094,0.24627774953842163
log_sigma,em_log,"Euler--Maruyama, log sigma",Euler update,20,1,2,1,0.09719079709611833,0.1295877294614911,cuda,0.32535308599472046,0.2424221634864807,1.5792431831359863,2592.931396484375,67.53106689453125,0.22808092832565308
log_sigma,em_log,"Euler--Maruyama, log sigma",Euler update,50,1,2,0,0.23891451896633953,0.31855269195511937,cuda,0.31507566571235657,0.20044228434562683,1.49018394947052,2582.451171875,69.61866760253906,0.21585378050804138
log_sigma,em_log,"Euler--Maruyama, log sigma",Euler update,50,1,2,1,0.23991642601322383,0.31988856801763177,cuda,0.25656062364578247,0.2144046127796173,1.5079947710037231,2567.4365234375,68.90151977539062,0.19063898921012878
log_sigma,em_log,"Euler--Maruyama, log sigma",Euler update,100,1,2,0,0.4861983860610053,0.6482645147480071,cuda,0.25088006258010864,0.16360433399677277,1.3931488990783691,2578.1328125,69.43192291259766,0.17726679146289825
log_sigma,em_log,"Euler--Maruyama, log sigma",Euler update,100,1,2,1,0.48188074002973735,0.6425076533729831,cuda,0.30048415064811707,0.20040908455848694,1.487822413444519,2567.6640625,70.2980728149414,0.20922614634037018
log_sigma,sigma_uniform_dpm,"Sigma-space DPM-1, uniform t",DPM predictor,5,1,3,0,0.022106838994659483,0.029475785326212645,cuda,0.6608986258506775,0.597882866859436,1.2023452520370483,29.61852264404297,4.89620304107666,0.4259146749973297
log_sigma,sigma_uniform_dpm,"Sigma-space DPM-1, uniform t",DPM predictor,5,1,3,1,0.03043507901020348,0.04058010534693798,cuda,0.6382126808166504,0.5489559173583984,1.1628139019012451,28.177947998046875,5.287847995758057,0.4142549932003021
log_sigma,sigma_uniform_dpm,"Sigma-space DPM-1, uniform t",DPM predictor,10,1,3,0,0.05354551994241774,0.07139402658989032,cuda,0.5419637560844421,0.3780111074447632,1.1349529027938843,30.015483856201172,3.5888891220092773,0.3514871895313263
log_sigma,sigma_uniform_dpm,"Sigma-space DPM-1, uniform t",DPM predictor,10,1,3,1,0.04700460494495928,0.06267280659327905,cuda,0.56967693567276,0.39735108613967896,1.1283901929855347,28.58602523803711,3.9700207710266113,0.36834150552749634
log_sigma,sigma_uniform_dpm,"Sigma-space DPM-1, uniform t",DPM predictor,20,1,3,0,0.091383230057545,0.12184430674339335,cuda,0.5119038820266724,0.3923117220401764,1.1688166856765747,30.893985748291016,3.6530516147613525,0.3326032757759094
log_sigma,sigma_uniform_dpm,"Sigma-space DPM-1, uniform t",DPM predictor,20,1,3,1,0.09229245805181563,0.12305661073575418,cuda,0.5840783715248108,0.4858334958553314,1.1943209171295166,29.220048904418945,4.0983381271362305,0.3738899528980255
log_sigma,sigma_uniform_dpm,"Sigma-space DPM-1, uniform t",DPM predictor,50,1,3,0,0.23308261402416974,0.310776818698893,cuda,0.5233917832374573,0.3821440637111664,1.1777067184448242,29.431724548339844,3.4422149658203125,0.3388429880142212
log_sigma,sigma_uniform_dpm,"Sigma-space DPM-1, uniform t",DPM predictor,50,1,3,1,0.2300860600080341,0.30678141334404546,cuda,0.5330142378807068,0.4278119206428528,1.1958707571029663,26.976978302001953,3.8452227115631104,0.34503883123397827
log_sigma,sigma_uniform_dpm,"Sigma-space DPM-1, uniform t",DPM predictor,100,1,3,0,0.4643759060418233,0.6191678747224311,cuda,0.4703242778778076,0.29909446835517883,1.1602715253829956,30.556676864624023,4.035633087158203,0.3047439754009247
log_sigma,sigma_uniform_dpm,"Sigma-space DPM-1, uniform t",DPM predictor,100,1,3,1,0.4740459939930588,0.6320613253240784,cuda,0.5334871411323547,0.36336392164230347,1.151243805885315,30.12128257751465,4.1028289794921875,0.34331613779067993
log_sigma,sigma_log_dpm,"Sigma-space DPM-1, log sigma",DPM predictor,5,1,3,0,0.023364045075140893,0.031152060100187857,cuda,0.7365231513977051,0.7090224027633667,1.2499693632125854,28.654674530029297,5.347610950469971,0.47309890389442444
log_sigma,sigma_log_dpm,"Sigma-space DPM-1, log sigma",DPM predictor,5,1,3,1,0.025381662999279797,0.03384221733237306,cuda,0.7097209095954895,0.6504883766174316,1.2081806659698486,29.164772033691406,5.577125072479248,0.45873767137527466
log_sigma,sigma_log_dpm,"Sigma-space DPM-1, log sigma",DPM predictor,10,1,3,0,0.04807081399485469,0.06409441865980625,cuda,0.5946924090385437,0.4366662800312042,1.171457052230835,29.967742919921875,4.518498420715332,0.38351601362228394
log_sigma,sigma_log_dpm,"Sigma-space DPM-1, log sigma",DPM predictor,10,1,3,1,0.04726429597940296,0.06301906130587061,cuda,0.6260296702384949,0.45936092734336853,1.166471242904663,28.535348892211914,4.924068927764893,0.4022906720638275
log_sigma,sigma_log_dpm,"Sigma-space DPM-1, log sigma",DPM predictor,20,1,3,0,0.10355706501286477,0.13807608668381968,cuda,0.5711708068847656,0.44026586413383484,1.1960572004318237,30.970054626464844,4.854700088500977,0.3683485984802246
log_sigma,sigma_log_dpm,"Sigma-space DPM-1, log sigma",DPM predictor,20,1,3,1,0.09156735392753035,0.12208980523670714,cuda,0.6401818990707397,0.5366978049278259,1.223512053489685,29.75459098815918,4.370090484619141,0.4080805778503418
log_sigma,sigma_log_dpm,"Sigma-space DPM-1, log sigma",DPM predictor,50,1,3,0,0.23273503396194428,0.31031337861592573,cuda,0.5612921118736267,0.4065522253513336,1.191515564918518,29.445077896118164,4.149618148803711,0.3617894649505615
log_sigma,sigma_log_dpm,"Sigma-space DPM-1, log sigma",DPM predictor,50,1,3,1,0.23235078901052475,0.309801052014033,cuda,0.5726375579833984,0.4526018500328064,1.2096201181411743,27.003032684326172,4.676403522491455,0.36900243163108826
log_sigma,sigma_log_dpm,"Sigma-space DPM-1, log sigma",DPM predictor,100,1,3,0,0.4654151339782402,0.620553511970987,cuda,0.49619850516319275,0.31110653281211853,1.1672427654266357,30.56456184387207,4.570367813110352,0.3207191228866577
log_sigma,sigma_log_dpm,"Sigma-space DPM-1, log sigma",DPM predictor,100,1,3,1,0.46981218305882066,0.6264162440784276,cuda,0.5569486618041992,0.3758994936943054,1.1587167978286743,30.130342483520508,4.649526596069336,0.3575077950954437
log_sigma,dpm2_uniform,"DPM-2 + corrector, uniform t",Overall sampler,5,1,3,0,0.16840913891792297,0.22454551855723062,cuda,0.29727110266685486,0.2824063003063202,1.2186307907104492,29.1257381439209,2.425469398498535,0.22795914113521576
log_sigma,dpm2_uniform,"DPM-2 + corrector, uniform t",Overall sampler,5,1,3,1,0.1680717630079016,0.22409568401053548,cuda,0.25286877155303955,0.24516178667545319,1.1961517333984375,29.09537124633789,2.3151021003723145,0.1916321963071823
log_sigma,dpm2_uniform,"DPM-2 + corrector, uniform t",Overall sampler,10,1,3,0,0.22978117410093546,0.3063748988012473,cuda,0.20163437724113464,0.19874970614910126,1.1464014053344727,31.777835845947266,1.6291897296905518,0.15281641483306885
log_sigma,dpm2_uniform,"DPM-2 + corrector, uniform t",Overall sampler,10,1,3,1,0.2316761699039489,0.30890155987193185,cuda,0.2638380825519562,0.19942821562290192,1.150800347328186,33.30646896362305,1.6312543153762817,0.1914953589439392
log_sigma,dpm2_uniform,"DPM-2 + corrector, uniform t",Overall sampler,20,1,3,0,0.36773605400230736,0.4903147386697431,cuda,0.21785438060760498,0.3064894676208496,1.1941205263137817,29.833341598510742,1.2712156772613525,0.16803233325481415
log_sigma,dpm2_uniform,"DPM-2 + corrector, uniform t",Overall sampler,20,1,3,1,0.4316185610368848,0.5754914147158464,cuda,0.25400426983833313,0.22203625738620758,1.1420327425003052,30.425708770751953,1.1914325952529907,0.17712144553661346
log_sigma,dpm2_uniform,"DPM-2 + corrector, uniform t",Overall sampler,50,1,3,0,0.8041686019860208,1.0722248026480277,cuda,0.19155290722846985,0.26655250787734985,1.157118558883667,31.834840774536133,1.1475658416748047,0.15066051483154297
log_sigma,dpm2_uniform,"DPM-2 + corrector, uniform t",Overall sampler,50,1,3,1,0.8148977449163795,1.0865303265551727,cuda,0.22815340757369995,0.2957257628440857,1.1727699041366577,28.906137466430664,1.042994737625122,0.16608639061450958
log_sigma,dpm2_uniform,"DPM-2 + corrector, uniform t",Overall sampler,100,1,3,0,1.480656796018593,1.974209061358124,cuda,0.22163455188274384,0.18927548825740814,1.1136201620101929,27.15281105041504,0.9402636289596558,0.16595196723937988
log_sigma,dpm2_uniform,"DPM-2 + corrector, uniform t",Overall sampler,100,1,3,1,1.5132648959988728,2.0176865279984972,cuda,0.17550578713417053,0.1273707151412964,1.0781307220458984,30.330530166625977,1.0562076568603516,0.13366806507110596
log_sigma,dpm2_log,"DPM-2 + corrector, log sigma",Overall sampler,5,1,3,0,0.16057395795360208,0.21409861060480276,cuda,0.30614033341407776,0.2732085883617401,1.2032594680786133,31.11068344116211,1.735131025314331,0.21542924642562866
log_sigma,dpm2_log,"DPM-2 + corrector, log sigma",Overall sampler,5,1,3,1,0.168828155961819,0.225104207949092,cuda,0.28277522325515747,0.23831839859485626,1.1763567924499512,26.752357482910156,1.880324363708496,0.20336057245731354
log_sigma,dpm2_log,"DPM-2 + corrector, log sigma",Overall sampler,10,1,3,0,0.28058016300201416,0.37410688400268555,cuda,0.2802494764328003,0.2342609465122223,1.1762036085128784,27.140329360961914,1.4940779209136963,0.20425699651241302
log_sigma,dpm2_log,"DPM-2 + corrector, log sigma",Overall sampler,10,1,3,1,0.23228341597132385,0.3097112212950985,cuda,0.35425204038619995,0.22449325025081635,1.1670327186584473,27.484071731567383,1.7302813529968262,0.24241423606872559
log_sigma,dpm2_log,"DPM-2 + corrector, log sigma",Overall sampler,20,1,3,0,0.36894680303521454,0.4919290707136194,cuda,0.2298453450202942,0.19975195825099945,1.1477396488189697,31.475643157958984,1.375967025756836,0.16928145289421082
log_sigma,dpm2_log,"DPM-2 + corrector, log sigma",Overall sampler,20,1,3,1,0.3804033159976825,0.5072044213302433,cuda,0.31236785650253296,0.1884973645210266,1.1492033004760742,28.420242309570312,1.2973227500915527,0.21018703281879425
log_sigma,dpm2_log,"DPM-2 + corrector, log sigma",Overall sampler,50,1,3,0,0.7942652399651706,1.0590203199535608,cuda,0.15048161149024963,0.23012711107730865,1.138128638267517,27.502336502075195,0.9752184152603149,0.1297798901796341
log_sigma,dpm2_log,"DPM-2 + corrector, log sigma",Overall sampler,50,1,3,1,0.7895925460616127,1.0527900614154835,cuda,0.18978016078472137,0.2930468022823334,1.175957202911377,30.3685245513916,0.9335431456565857,0.15141859650611877
log_sigma,dpm2_log,"DPM-2 + corrector, log sigma",Overall sampler,100,1,3,0,1.506808226928115,2.0090776359041533,cuda,0.2106722593307495,0.11810589581727982,1.071774959564209,26.607603073120117,0.8909569382667542,0.15730497241020203
log_sigma,dpm2_log,"DPM-2 + corrector, log sigma",Overall sampler,100,1,3,1,1.567330701975152,2.0897742693002024,cuda,0.14039233326911926,0.14260783791542053,1.0866681337356567,33.05659484863281,1.067586898803711,0.10886816680431366
log_sigma,em_uniform,"Euler--Maruyama, uniform t",Euler update,5,1,3,0,0.026484659989364445,0.03531287998581926,cuda,0.4229147732257843,0.8163428902626038,1.5396515130996704,27.905609130859375,3.0892434120178223,0.3681420683860779
log_sigma,em_uniform,"Euler--Maruyama, uniform t",Euler update,5,1,3,1,0.026071807951666415,0.034762410602221884,cuda,0.4496910572052002,0.7766971588134766,1.5362532138824463,27.329139709472656,3.4957833290100098,0.37977105379104614
log_sigma,em_uniform,"Euler--Maruyama, uniform t",Euler update,10,1,3,0,0.05686931102536619,0.07582574803382158,cuda,0.23944637179374695,0.32140520215034485,1.2465060949325562,30.270038604736328,2.4415268898010254,0.20862990617752075
log_sigma,em_uniform,"Euler--Maruyama, uniform t",Euler update,10,1,3,1,0.05796542298048735,0.0772872306406498,cuda,0.3160879611968994,0.38942256569862366,1.2981343269348145,30.596694946289062,1.608872413635254,0.2563581168651581
log_sigma,em_uniform,"Euler--Maruyama, uniform t",Euler update,20,1,3,0,0.10526122502051294,0.14034830002735058,cuda,0.23802156746387482,0.3442009687423706,1.2465003728866577,30.847732543945312,1.4406763315200806,0.19706577062606812
log_sigma,em_uniform,"Euler--Maruyama, uniform t",Euler update,20,1,3,1,0.09349141700658947,0.12465522267545263,cuda,0.2872838079929352,0.22308029234409332,1.1785143613815308,33.12251663208008,1.8892325162887573,0.20918750762939453
log_sigma,em_uniform,"Euler--Maruyama, uniform t",Euler update,50,1,3,0,0.23857607005629689,0.3181014267417292,cuda,0.21462661027908325,0.2588612735271454,1.1874823570251465,31.75225257873535,1.3258872032165527,0.16684067249298096
log_sigma,em_uniform,"Euler--Maruyama, uniform t",Euler update,50,1,3,1,0.24293159996159375,0.3239087999487917,cuda,0.22391845285892487,0.2608598470687866,1.1872626543045044,32.3615837097168,1.3057283163070679,0.1683388203382492
log_sigma,em_uniform,"Euler--Maruyama, uniform t",Euler update,100,1,3,0,0.47546833602245897,0.6339577813632786,cuda,0.2286382019519806,0.14780792593955994,1.1185353994369507,28.407936096191406,1.0803672075271606,0.16575965285301208
log_sigma,em_uniform,"Euler--Maruyama, uniform t",Euler update,100,1,3,1,0.4721655949251726,0.6295541265668968,cuda,0.23861026763916016,0.1344611942768097,1.1023660898208618,30.157573699951172,1.2216770648956299,0.17085079848766327
log_sigma,em_log,"Euler--Maruyama, log sigma",Euler update,5,1,3,0,0.02251074300147593,0.030014324001967907,cuda,0.5108539462089539,1.1137596368789673,1.717143177986145,34.52473831176758,2.76779842376709,0.4152784049510956
log_sigma,em_log,"Euler--Maruyama, log sigma",Euler update,5,1,3,1,0.022683799033984542,0.030245065378646057,cuda,0.5335207581520081,1.2324129343032837,1.7721843719482422,28.68840217590332,2.6270132064819336,0.45006781816482544
log_sigma,em_log,"Euler--Maruyama, log sigma",Euler update,10,1,3,0,0.06314510002266616,0.08419346669688821,cuda,0.2052336484193802,0.47347721457481384,1.3295100927352905,30.762645721435547,1.27742338180542,0.20159271359443665
log_sigma,em_log,"Euler--Maruyama, log sigma",Euler update,10,1,3,1,0.04571472597308457,0.06095296796411276,cuda,0.2994990348815918,0.5003818869590759,1.3707807064056396,29.690553665161133,1.3678758144378662,0.23182210326194763
log_sigma,em_log,"Euler--Maruyama, log sigma",Euler update,20,1,3,0,0.09731569094583392,0.12975425459444523,cuda,0.21651192009449005,0.3251670300960541,1.2091206312179565,30.798748016357422,1.1795345544815063,0.16792115569114685
log_sigma,em_log,"Euler--Maruyama, log sigma",Euler update,20,1,3,1,0.09550152195151895,0.12733536260202527,cuda,0.29951468110084534,0.28960689902305603,1.2119289636611938,29.622398376464844,1.463824987411499,0.20228400826454163
log_sigma,em_log,"Euler--Maruyama, log sigma",Euler update,50,1,3,0,0.24224922293797135,0.32299896391729516,cuda,0.18069076538085938,0.2714836001396179,1.1787368059158325,33.74657440185547,1.3425350189208984,0.15548007190227509
log_sigma,em_log,"Euler--Maruyama, log sigma",Euler update,50,1,3,1,0.27371531596872956,0.36495375462497276,cuda,0.20503877103328705,0.2847312092781067,1.1943320035934448,30.730688095092773,1.2038309574127197,0.1576816737651825
log_sigma,em_log,"Euler--Maruyama, log sigma",Euler update,100,1,3,0,0.46937503502704203,0.625833380036056,cuda,0.2325999140739441,0.13980607688426971,1.1005284786224365,33.72761154174805,1.3250114917755127,0.16667017340660095
log_sigma,em_log,"Euler--Maruyama, log sigma",Euler update,100,1,3,1,0.4659039709949866,0.6212052946599821,cuda,0.20516951382160187,0.16373775899410248,1.1144838333129883,29.199682235717773,1.164910912513733,0.14727571606636047
log_sigma,sigma_uniform_dpm,"Sigma-space DPM-1, uniform t",DPM predictor,5,2,0,0,0.04107575700618327,0.05476767600824436,cuda,0.45811086893081665,0.27441900968551636,1.067756175994873,0.1417628973722458,1.0369144678115845,0.30500108003616333
log_sigma,sigma_uniform_dpm,"Sigma-space DPM-1, uniform t",DPM predictor,5,2,0,1,0.027578155044466257,0.036770873392621674,cuda,0.45644834637641907,0.2733084559440613,1.078487753868103,0.3937931954860687,0.7944341897964478,0.30303800106048584
log_sigma,sigma_uniform_dpm,"Sigma-space DPM-1, uniform t",DPM predictor,10,2,0,0,0.055458831950090826,0.07394510926678777,cuda,0.3602014183998108,0.23714059591293335,1.1070808172225952,0.04260750114917755,0.5908021330833435,0.2410775125026703
log_sigma,sigma_uniform_dpm,"Sigma-space DPM-1, uniform t",DPM predictor,10,2,0,1,0.049285381101071835,0.06571384146809578,cuda,0.36782023310661316,0.25097396969795227,1.0951471328735352,0.059709399938583374,0.5179688334465027,0.2453133910894394
log_sigma,sigma_uniform_dpm,"Sigma-space DPM-1, uniform t",DPM predictor,20,2,0,0,0.11057042004540563,0.1474272267272075,cuda,0.34292706847190857,0.19288857281208038,1.091826319694519,0.018197065219283104,0.379682719707489,0.22629712522029877
log_sigma,sigma_uniform_dpm,"Sigma-space DPM-1, uniform t",DPM predictor,20,2,0,1,0.09549927699845284,0.12733236933127046,cuda,0.31842491030693054,0.23789043724536896,1.1327913999557495,0.3431742191314697,0.22400470077991486,0.209849551320076
log_sigma,sigma_uniform_dpm,"Sigma-space DPM-1, uniform t",DPM predictor,50,2,0,0,0.23335718910675496,0.31114291880900663,cuda,0.3678266704082489,0.24103760719299316,1.1606833934783936,0.2340489774942398,0.43922165036201477,0.24039097130298615
log_sigma,sigma_uniform_dpm,"Sigma-space DPM-1, uniform t",DPM predictor,50,2,0,1,0.23138753103557974,0.30851670804743964,cuda,0.3438089191913605,0.24098336696624756,1.1256874799728394,0.03736793249845505,0.47102245688438416,0.22853174805641174
log_sigma,sigma_uniform_dpm,"Sigma-space DPM-1, uniform t",DPM predictor,100,2,0,0,0.4783928099786863,0.6378570799715817,cuda,0.310349702835083,0.1435866802930832,1.0963761806488037,0.041859984397888184,0.8293009996414185,0.20564381778240204
log_sigma,sigma_uniform_dpm,"Sigma-space DPM-1, uniform t",DPM predictor,100,2,0,1,0.4757319950731471,0.6343093267641962,cuda,0.33290523290634155,0.16673679649829865,1.1097372770309448,0.023806799203157425,0.41984355449676514,0.2200319468975067
log_sigma,sigma_log_dpm,"Sigma-space DPM-1, log sigma",DPM predictor,5,2,0,0,0.027142453007400036,0.03618993734320005,cuda,0.4950965642929077,0.3365118205547333,1.0719267129898071,0.12876185774803162,0.9051573276519775,0.3308003544807434
log_sigma,sigma_log_dpm,"Sigma-space DPM-1, log sigma",DPM predictor,5,2,0,1,0.031849410966970026,0.04246588128929337,cuda,0.49379342794418335,0.3324228823184967,1.0813604593276978,0.36820080876350403,0.7652512192726135,0.3290761113166809
log_sigma,sigma_log_dpm,"Sigma-space DPM-1, log sigma",DPM predictor,10,2,0,0,0.04597947804722935,0.061305970729639135,cuda,0.3978878855705261,0.2574610114097595,1.1147807836532593,0.06600838154554367,0.7040583491325378,0.26515650749206543
log_sigma,sigma_log_dpm,"Sigma-space DPM-1, log sigma",DPM predictor,10,2,0,1,0.04669080104213208,0.06225440138950944,cuda,0.40707844495773315,0.2714765667915344,1.1017417907714844,0.08082488924264908,0.6939376592636108,0.2703498899936676
log_sigma,sigma_log_dpm,"Sigma-space DPM-1, log sigma",DPM predictor,20,2,0,0,0.10040318605024368,0.13387091473365823,cuda,0.38594111800193787,0.20238013565540314,1.0976401567459106,0.03686465695500374,0.7661094665527344,0.2538222074508667
log_sigma,sigma_log_dpm,"Sigma-space DPM-1, log sigma",DPM predictor,20,2,0,1,0.09246483608148992,0.12328644810865323,cuda,0.3645457625389099,0.2475391924381256,1.1394368410110474,0.36522290110588074,0.5916264653205872,0.23912107944488525
log_sigma,sigma_log_dpm,"Sigma-space DPM-1, log sigma",DPM predictor,50,2,0,0,0.23372061096597463,0.3116274812879662,cuda,0.3996867537498474,0.25306326150894165,1.1674660444259644,0.23662936687469482,0.5454557538032532,0.2606193721294403
log_sigma,sigma_log_dpm,"Sigma-space DPM-1, log sigma",DPM predictor,50,2,0,1,0.23735776997637004,0.31647702663516003,cuda,0.3778803050518036,0.24959036707878113,1.131990909576416,0.048393331468105316,0.6477157473564148,0.2500142455101013
log_sigma,sigma_log_dpm,"Sigma-space DPM-1, log sigma",DPM predictor,100,2,0,0,0.4796378850005567,0.6395171800007423,cuda,0.3321968615055084,0.1502610445022583,1.1006942987442017,0.04917833209037781,0.8469141125679016,0.2194482386112213
log_sigma,sigma_log_dpm,"Sigma-space DPM-1, log sigma",DPM predictor,100,2,0,1,0.4660338159883395,0.621378421317786,cuda,0.3530542850494385,0.17350345849990845,1.11430823802948,0.03116113692522049,0.5714155435562134,0.23263482749462128
log_sigma,dpm2_uniform,"DPM-2 + corrector, uniform t",Overall sampler,5,2,0,0,0.15982970397453755,0.21310627196605006,cuda,0.12309598177671432,0.30077841877937317,1.2210273742675781,0.06772817671298981,0.05360473692417145,0.126369446516037
log_sigma,dpm2_uniform,"DPM-2 + corrector, uniform t",Overall sampler,5,2,0,1,0.16394800192210823,0.2185973358961443,cuda,0.16763925552368164,0.31588929891586304,1.2347155809402466,0.004323442000895739,0.01801682636141777,0.15058226883411407
log_sigma,dpm2_uniform,"DPM-2 + corrector, uniform t",Overall sampler,10,2,0,0,0.23108249600045383,0.3081099946672718,cuda,0.16085611283779144,0.2916475236415863,1.2017993927001953,0.16994155943393707,0.03379256650805473,0.12573067843914032
log_sigma,dpm2_uniform,"DPM-2 + corrector, uniform t",Overall sampler,10,2,0,1,0.22973792301490903,0.30631723068654537,cuda,0.16540713608264923,0.17259570956230164,1.1372475624084473,0.002287123817950487,0.012798638083040714,0.11873248219490051
log_sigma,dpm2_uniform,"DPM-2 + corrector, uniform t",Overall sampler,20,2,0,0,0.37253329798113555,0.4967110639748474,cuda,0.09552241116762161,0.2091383934020996,1.1519466638565063,0.00041173509089276195,0.004806134849786758,0.08818037807941437
log_sigma,dpm2_uniform,"DPM-2 + corrector, uniform t",Overall sampler,20,2,0,1,0.3692027929937467,0.49227039065832895,cuda,0.054455142468214035,0.3313731253147125,1.2177060842514038,0.027705200016498566,0.015959829092025757,0.10025434195995331
log_sigma,dpm2_uniform,"DPM-2 + corrector, uniform t",Overall sampler,50,2,0,0,0.795430516009219,1.0605740213456254,cuda,0.012964482419192791,0.2457878738641739,1.1631962060928345,0.35768643021583557,0.015309862792491913,0.07842514663934708
log_sigma,dpm2_uniform,"DPM-2 + corrector, uniform t",Overall sampler,50,2,0,1,0.7945575109915808,1.059410014655441,cuda,0.012351453304290771,0.25850945711135864,1.170600414276123,0.5476548075675964,0.02270490862429142,0.08778224140405655
log_sigma,dpm2_uniform,"DPM-2 + corrector, uniform t",Overall sampler,100,2,0,0,1.550879052025266,2.067838736033688,cuda,0.05809086933732033,0.22189056873321533,1.14835786819458,6.237375782802701e-05,0.0007876314339227974,0.07924406975507736
log_sigma,dpm2_uniform,"DPM-2 + corrector, uniform t",Overall sampler,100,2,0,1,1.5648193249944597,2.08642576665928,cuda,0.039560019969940186,0.2697254419326782,1.1776783466339111,0.17912335693836212,0.008661579340696335,0.07376669347286224
log_sigma,dpm2_log,"DPM-2 + corrector, log sigma",Overall sampler,5,2,0,0,0.18872557708527893,0.2516341027803719,cuda,0.1473962366580963,0.18634295463562012,1.1377134323120117,0.008363580331206322,0.06549012660980225,0.10927902162075043
log_sigma,dpm2_log,"DPM-2 + corrector, log sigma",Overall sampler,5,2,0,1,0.160897962981835,0.21453061730911335,cuda,0.19917453825473785,0.17551162838935852,1.1368461847305298,0.01032347697764635,0.05497437343001366,0.13885360956192017
log_sigma,dpm2_log,"DPM-2 + corrector, log sigma",Overall sampler,10,2,0,0,0.27389909990597516,0.36519879987463355,cuda,0.1977076232433319,0.25227123498916626,1.1882975101470947,0.08509721606969833,0.04053261876106262,0.13602271676063538
log_sigma,dpm2_log,"DPM-2 + corrector, log sigma",Overall sampler,10,2,0,1,0.2301720689283684,0.3068960919044912,cuda,0.19237390160560608,0.16216912865638733,1.135717749595642,0.006568968761712313,0.08078669011592865,0.1303108185529709
log_sigma,dpm2_log,"DPM-2 + corrector, log sigma",Overall sampler,20,2,0,0,0.3718952019698918,0.49586026929318905,cuda,0.1470828354358673,0.1360127031803131,1.1000629663467407,0.19593055546283722,0.03419702872633934,0.10220988094806671
log_sigma,dpm2_log,"DPM-2 + corrector, log sigma",Overall sampler,20,2,0,1,0.4082957759965211,0.5443943679953615,cuda,0.12139087915420532,0.28353795409202576,1.1997443437576294,0.0674562156200409,0.01568380557000637,0.11008183658123016
log_sigma,dpm2_log,"DPM-2 + corrector, log sigma",Overall sampler,50,2,0,0,0.8789742239750922,1.1719656319667895,cuda,0.09403583407402039,0.30334222316741943,1.1969828605651855,0.12926137447357178,0.0055319201201200485,0.0994507223367691
log_sigma,dpm2_log,"DPM-2 + corrector, log sigma",Overall sampler,50,2,0,1,0.7834499420132488,1.0445999226843317,cuda,0.07548689097166061,0.22850722074508667,1.1525425910949707,0.01744048111140728,0.0008252638508565724,0.08871578425168991
log_sigma,dpm2_log,"DPM-2 + corrector, log sigma",Overall sampler,100,2,0,0,1.4854975689668208,1.9806634252890944,cuda,0.0933123230934143,0.1830214262008667,1.123295545578003,0.0023716925643384457,0.0009638048941269517,0.08481830358505249
log_sigma,dpm2_log,"DPM-2 + corrector, log sigma",Overall sampler,100,2,0,1,1.5148082630475983,2.019744350730131,cuda,0.005810800939798355,0.22757863998413086,1.1511155366897583,0.02380574308335781,0.00290331500582397,0.06814220547676086
log_sigma,em_uniform,"Euler--Maruyama, uniform t",Euler update,5,2,0,0,0.023649067035876215,0.031532089381168284,cuda,0.31704413890838623,0.7486816644668579,1.5703697204589844,0.11689286679029465,0.5405281186103821,0.3315355181694031
log_sigma,em_uniform,"Euler--Maruyama, uniform t",Euler update,5,2,0,1,0.02577997394837439,0.03437329859783252,cuda,0.3281620442867279,0.7848882079124451,1.5944864749908447,0.23322772979736328,1.4654181003570557,0.3476710021495819
log_sigma,em_uniform,"Euler--Maruyama, uniform t",Euler update,10,2,0,0,0.04681281000375748,0.06241708000500997,cuda,0.22091607749462128,0.5013349652290344,1.3803956508636475,0.1832309514284134,0.007782812230288982,0.22849354147911072
log_sigma,em_uniform,"Euler--Maruyama, uniform t",Euler update,10,2,0,1,0.048830052954144776,0.06510673727219303,cuda,0.19787822663784027,0.3197561204433441,1.2773351669311523,0.007918916642665863,0.0022517750039696693,0.18803764879703522
log_sigma,em_uniform,"Euler--Maruyama, uniform t",Euler update,20,2,0,0,0.0943893330404535,0.125852444053938,cuda,0.15369604527950287,0.220659077167511,1.1844775676727295,0.07563967257738113,0.07056846469640732,0.1397518515586853
log_sigma,em_uniform,"Euler--Maruyama, uniform t",Euler update,20,2,0,1,0.09274037601426244,0.12365383468568325,cuda,0.11576304584741592,0.35345694422721863,1.2702364921569824,0.12029992789030075,0.008704382926225662,0.15281184017658234
log_sigma,em_uniform,"Euler--Maruyama, uniform t",Euler update,50,2,0,0,0.2385632999939844,0.3180843999919792,cuda,0.10629046708345413,0.3071381449699402,1.2153767347335815,0.05973206087946892,0.014036910608410835,0.11806802451610565
log_sigma,em_uniform,"Euler--Maruyama, uniform t",Euler update,50,2,0,1,0.24343646503984928,0.3245819533864657,cuda,0.05112798884510994,0.251491516828537,1.1814137697219849,0.0935438871383667,0.0040102507919073105,0.1000676080584526
log_sigma,em_uniform,"Euler--Maruyama, uniform t",Euler update,100,2,0,0,0.4786181610543281,0.6381575480724374,cuda,0.14535625278949738,0.20900453627109528,1.1470922231674194,0.01891951635479927,0.002293976955115795,0.10811524838209152
log_sigma,em_uniform,"Euler--Maruyama, uniform t",Euler update,100,2,0,1,0.4695318809244782,0.6260425078993043,cuda,0.06244255229830742,0.2701876163482666,1.1847600936889648,0.036102719604969025,0.024115806445479393,0.09623841196298599
log_sigma,em_log,"Euler--Maruyama, log sigma",Euler update,5,2,0,0,0.025825125048868358,0.03443350006515781,cuda,0.3607170879840851,1.0031116008758545,1.676079273223877,0.02553364634513855,0.08987230062484741,0.3515893220901489
log_sigma,em_log,"Euler--Maruyama, log sigma",Euler update,5,2,0,1,0.02644592896103859,0.03526123861471812,cuda,0.3911445140838623,0.9772576093673706,1.6757758855819702,0.05606605485081673,0.05313883349299431,0.3605298399925232
log_sigma,em_log,"Euler--Maruyama, log sigma",Euler update,10,2,0,0,0.047057330957613885,0.06274310794348519,cuda,0.20454932749271393,0.5197601318359375,1.3477033376693726,0.02045147493481636,0.007255362346768379,0.18023931980133057
log_sigma,em_log,"Euler--Maruyama, log sigma",Euler update,10,2,0,1,0.04946030699647963,0.06594707599530618,cuda,0.2186581939458847,0.413818359375,1.313026785850525,0.030792051926255226,0.01805316098034382,0.17848746478557587
log_sigma,em_log,"Euler--Maruyama, log sigma",Euler update,20,2,0,0,0.09260328696109354,0.12347104928145806,cuda,0.14435835182666779,0.21928682923316956,1.1590851545333862,0.05318201705813408,0.0033881545532494783,0.10938822478055954
log_sigma,em_log,"Euler--Maruyama, log sigma",Euler update,20,2,0,1,0.1032950789667666,0.1377267719556888,cuda,0.13463535904884338,0.3848654329776764,1.2565642595291138,0.009322245605289936,0.01674564741551876,0.13483639061450958
log_sigma,em_log,"Euler--Maruyama, log sigma",Euler update,50,2,0,0,0.24858306406531483,0.33144408542041975,cuda,0.13901741802692413,0.35501760244369507,1.2316879034042358,0.1857745349407196,0.019133349880576134,0.12162145972251892
log_sigma,em_log,"Euler--Maruyama, log sigma",Euler update,50,2,0,1,0.2357664139708504,0.3143552186278005,cuda,0.10003022849559784,0.25874367356300354,1.1809598207473755,0.0009720844100229442,0.004933435935527086,0.10177342593669891
log_sigma,em_log,"Euler--Maruyama, log sigma",Euler update,100,2,0,0,0.4755274150520563,0.6340365534027418,cuda,0.14148782193660736,0.2298813909292221,1.157057762145996,0.00659967353567481,0.0003706635325215757,0.10969264805316925
log_sigma,em_log,"Euler--Maruyama, log sigma",Euler update,100,2,0,1,0.5127981699770316,0.6837308933027089,cuda,0.07846315950155258,0.3126654028892517,1.205289363861084,0.09209214895963669,0.003965497948229313,0.10364888608455658
log_sigma,sigma_uniform_dpm,"Sigma-space DPM-1, uniform t",DPM predictor,5,2,1,0,0.026185403927229345,0.03491387190297246,cuda,0.22691631317138672,0.14446280896663666,1.3400213718414307,0.07783788442611694,0.07216227054595947,0.1550024002790451
log_sigma,sigma_uniform_dpm,"Sigma-space DPM-1, uniform t",DPM predictor,5,2,1,1,0.02228469995316118,0.029712933270881575,cuda,0.21829275786876678,0.1659531146287918,1.397160530090332,0.004548973403871059,0.0046025593765079975,0.15256725251674652
log_sigma,sigma_uniform_dpm,"Sigma-space DPM-1, uniform t",DPM predictor,10,2,1,0,0.047751117032021284,0.06366815604269505,cuda,0.21939381957054138,0.1364908069372177,1.3349320888519287,0.03743227571249008,0.03375900536775589,0.14905519783496857
log_sigma,sigma_uniform_dpm,"Sigma-space DPM-1, uniform t",DPM predictor,10,2,1,1,0.045112824998795986,0.06015043333172798,cuda,0.20641571283340454,0.12065994739532471,1.2863258123397827,0.06525278836488724,0.060068435966968536,0.14023934304714203
log_sigma,sigma_uniform_dpm,"Sigma-space DPM-1, uniform t",DPM predictor,20,2,1,0,0.09923188097309321,0.13230917463079095,cuda,0.13879330456256866,0.1760697364807129,1.4798332452774048,0.0483577661216259,0.04404613748192787,0.13116489350795746
log_sigma,sigma_uniform_dpm,"Sigma-space DPM-1, uniform t",DPM predictor,20,2,1,1,0.09199494798667729,0.12265993064890306,cuda,0.15843072533607483,0.1445644497871399,1.3906385898590088,0.03140217438340187,0.028285350650548935,0.12910546362400055
log_sigma,sigma_uniform_dpm,"Sigma-space DPM-1, uniform t",DPM predictor,50,2,1,0,0.23940695193596184,0.3192092692479491,cuda,0.1716713011264801,0.15354986488819122,1.4464048147201538,0.11275912076234818,0.10610536485910416,0.14064635336399078
log_sigma,sigma_uniform_dpm,"Sigma-space DPM-1, uniform t",DPM predictor,50,2,1,1,0.23268986004404724,0.31025314672539633,cuda,0.18528349697589874,0.17205461859703064,1.469284176826477,0.07244639098644257,0.06691114604473114,0.1495104879140854
log_sigma,sigma_uniform_dpm,"Sigma-space DPM-1, uniform t",DPM predictor,100,2,1,0,0.4733709880383685,0.6311613173844913,cuda,0.19924969971179962,0.1636011153459549,1.446885585784912,0.01709838956594467,0.015106556937098503,0.14936475455760956
log_sigma,sigma_uniform_dpm,"Sigma-space DPM-1, uniform t",DPM predictor,100,2,1,1,0.47438271797727793,0.6325102906363705,cuda,0.20008908212184906,0.16467982530593872,1.4528836011886597,0.053756244480609894,0.04912124574184418,0.14735044538974762
log_sigma,sigma_log_dpm,"Sigma-space DPM-1, log sigma",DPM predictor,5,2,1,0,0.022143433103337884,0.02952457747111718,cuda,0.23512905836105347,0.13577748835086823,1.3550819158554077,0.10071252286434174,0.09407081454992294,0.15876947343349457
log_sigma,sigma_log_dpm,"Sigma-space DPM-1, log sigma",DPM predictor,5,2,1,1,0.02216156804934144,0.02954875739912192,cuda,0.2260560393333435,0.1547083854675293,1.4074655771255493,0.0018481446895748377,0.0021374213974922895,0.15702778100967407
log_sigma,sigma_log_dpm,"Sigma-space DPM-1, log sigma",DPM predictor,10,2,1,0,0.04832238995004445,0.06442985326672594,cuda,0.22525160014629364,0.148450568318367,1.4030300378799438,0.03744807839393616,0.03376568481326103,0.15578684210777283
log_sigma,sigma_log_dpm,"Sigma-space DPM-1, log sigma",DPM predictor,10,2,1,1,0.046474574017338455,0.06196609868978461,cuda,0.21214523911476135,0.13145823776721954,1.3543334007263184,0.0682188868522644,0.06290328502655029,0.14530596137046814
log_sigma,sigma_log_dpm,"Sigma-space DPM-1, log sigma",DPM predictor,20,2,1,0,0.10229677497409284,0.1363956999654571,cuda,0.14521461725234985,0.1972634494304657,1.5544774532318115,0.05158013105392456,0.047110944986343384,0.14635369181632996
log_sigma,sigma_log_dpm,"Sigma-space DPM-1, log sigma",DPM predictor,20,2,1,1,0.09516455407720059,0.12688607210293412,cuda,0.16574756801128387,0.16380800306797028,1.4646812677383423,0.03318517282605171,0.030032657086849213,0.14266154170036316
log_sigma,sigma_log_dpm,"Sigma-space DPM-1, log sigma",DPM predictor,50,2,1,0,0.24035511794500053,0.320473490593334,cuda,0.1787475198507309,0.16990645229816437,1.5016511678695679,0.12167295813560486,0.1147414967417717,0.15205685794353485
log_sigma,sigma_log_dpm,"Sigma-space DPM-1, log sigma",DPM predictor,50,2,1,1,0.2396966079249978,0.3195954772333304,cuda,0.19232520461082458,0.1885238140821457,1.5236101150512695,0.07827134430408478,0.07249078154563904,0.16013330221176147
log_sigma,sigma_log_dpm,"Sigma-space DPM-1, log sigma",DPM predictor,100,2,1,0,0.4678491100203246,0.6237988133604327,cuda,0.20369288325309753,0.17282862961292267,1.4779000282287598,0.017828986048698425,0.0157961156219244,0.15530556440353394
log_sigma,sigma_log_dpm,"Sigma-space DPM-1, log sigma",DPM predictor,100,2,1,1,0.490667968057096,0.6542239574094614,cuda,0.20447829365730286,0.17408251762390137,1.4843788146972656,0.05622323602437973,0.05145905911922455,0.15360060334205627
log_sigma,dpm2_uniform,"DPM-2 + corrector, uniform t",Overall sampler,5,2,1,0,0.15983316104393452,0.2131108813919127,cuda,0.14972206950187683,0.33289769291877747,1.894067406654358,0.10071291774511337,0.09523395448923111,0.22029709815979004
log_sigma,dpm2_uniform,"DPM-2 + corrector, uniform t",Overall sampler,5,2,1,1,0.16091606696136296,0.21455475594848394,cuda,0.14719322323799133,0.3068460524082184,1.8284913301467896,0.013530168682336807,0.012085550464689732,0.19370920956134796
log_sigma,dpm2_uniform,"DPM-2 + corrector, uniform t",Overall sampler,10,2,1,0,0.23435085592791438,0.31246780790388584,cuda,0.11979769170284271,0.2108592689037323,1.6120048761367798,0.06537222862243652,0.060209933668375015,0.15070030093193054
log_sigma,dpm2_uniform,"DPM-2 + corrector, uniform t",Overall sampler,10,2,1,1,0.2300031060585752,0.30667080807810027,cuda,0.14457057416439056,0.23242591321468353,1.6372249126434326,0.05373849719762802,0.049117352813482285,0.16627749800682068
log_sigma,dpm2_uniform,"DPM-2 + corrector, uniform t",Overall sampler,20,2,1,0,0.3703726129606366,0.4938301506141822,cuda,0.0754954144358635,0.19351808726787567,1.5369741916656494,0.005001927725970745,0.004426509607583284,0.11999564617872238
log_sigma,dpm2_uniform,"DPM-2 + corrector, uniform t",Overall sampler,20,2,1,1,0.37089400505647063,0.4945253400752942,cuda,0.05004137381911278,0.19017784297466278,1.532929539680481,0.0027701538056135178,0.0032096586655825377,0.11940736323595047
log_sigma,dpm2_uniform,"DPM-2 + corrector, uniform t",Overall sampler,50,2,1,0,0.7947548599913716,1.059673146655162,cuda,0.08269431442022324,0.17907854914665222,1.495284914970398,0.007532627321779728,0.0077755032107234,0.11443863809108734
log_sigma,dpm2_uniform,"DPM-2 + corrector, uniform t",Overall sampler,50,2,1,1,0.7924740120070055,1.0566320160093408,cuda,0.07734687626361847,0.16812117397785187,1.4822182655334473,0.014183522202074528,0.015393264591693878,0.10846488177776337
log_sigma,dpm2_uniform,"DPM-2 + corrector, uniform t",Overall sampler,100,2,1,0,1.5327574379043654,2.0436765838724873,cuda,0.043057799339294434,0.13974592089653015,1.3959089517593384,0.016039825975894928,0.0149690555408597,0.08381285518407822
log_sigma,dpm2_uniform,"DPM-2 + corrector, uniform t",Overall sampler,100,2,1,1,1.4804385129828006,1.9739180173104007,cuda,0.018300030380487442,0.1440729796886444,1.428471326828003,0.03242627903819084,0.03220784291625023,0.09290260821580887
log_sigma,dpm2_log,"DPM-2 + corrector, log sigma",Overall sampler,5,2,1,0,0.16047240397892892,0.21396320530523857,cuda,0.16187600791454315,0.20380330085754395,1.5747654438018799,0.08159835636615753,0.07606405019760132,0.15865987539291382
log_sigma,dpm2_log,"DPM-2 + corrector, log sigma",Overall sampler,5,2,1,1,0.1593507140642032,0.21246761875227094,cuda,0.1618136167526245,0.2111099362373352,1.5660253763198853,0.03228379786014557,0.02895512804389,0.14830227196216583
log_sigma,dpm2_log,"DPM-2 + corrector, log sigma",Overall sampler,10,2,1,0,0.23685919598210603,0.3158122613094747,cuda,0.15201684832572937,0.18932409584522247,1.5312466621398926,0.008730710484087467,0.008152823895215988,0.14682883024215698
log_sigma,dpm2_log,"DPM-2 + corrector, log sigma",Overall sampler,10,2,1,1,0.24884490203112364,0.33179320270816487,cuda,0.1549028605222702,0.20914298295974731,1.5609197616577148,0.03562435880303383,0.03235273063182831,0.149295374751091
log_sigma,dpm2_log,"DPM-2 + corrector, log sigma",Overall sampler,20,2,1,0,0.39808953006286174,0.5307860400838157,cuda,0.09332537651062012,0.18482276797294617,1.5151383876800537,0.010781023651361465,0.00930505059659481,0.11826249957084656
log_sigma,dpm2_log,"DPM-2 + corrector, log sigma",Overall sampler,20,2,1,1,0.37395251798443496,0.49860335731257993,cuda,0.07535521686077118,0.1798555999994278,1.5003278255462646,0.03460174798965454,0.031465981155633926,0.11126638948917389
log_sigma,dpm2_log,"DPM-2 + corrector, log sigma",Overall sampler,50,2,1,0,0.8561759541044012,1.1415679388058682,cuda,0.09147632122039795,0.12471480667591095,1.351174235343933,0.03318694606423378,0.029787536710500717,0.09110002219676971
log_sigma,dpm2_log,"DPM-2 + corrector, log sigma",Overall sampler,50,2,1,1,0.7998875310877338,1.0665167081169784,cuda,0.0917317196726799,0.13974688947200775,1.4046763181686401,0.07587228715419769,0.07048292458057404,0.10333465784788132
log_sigma,dpm2_log,"DPM-2 + corrector, log sigma",Overall sampler,100,2,1,0,1.5770720270229504,2.1027627026972673,cuda,0.03847016766667366,0.09201954305171967,1.281510591506958,0.006131766363978386,0.005485176108777523,0.06561019271612167
log_sigma,dpm2_log,"DPM-2 + corrector, log sigma",Overall sampler,100,2,1,1,1.4772724179783836,1.9696965573045115,cuda,0.024752827361226082,0.08563978224992752,1.2675989866256714,0.0018152608536183834,0.0018583963392302394,0.059259723871946335
log_sigma,em_uniform,"Euler--Maruyama, uniform t",Euler update,5,2,1,0,0.0264366619521752,0.03524888260290027,cuda,0.1625629961490631,0.6990180015563965,2.596601963043213,0.04593281447887421,0.04610957205295563,0.37543708086013794
log_sigma,em_uniform,"Euler--Maruyama, uniform t",Euler update,5,2,1,1,0.02553158497903496,0.03404211330537995,cuda,0.15102756023406982,0.6966727375984192,2.5825953483581543,0.011407907120883465,0.010033967904746532,0.3675263226032257
log_sigma,em_uniform,"Euler--Maruyama, uniform t",Euler update,10,2,1,0,0.052999451057985425,0.07066593474398057,cuda,0.14922180771827698,0.379717081785202,1.9987273216247559,0.1187996119260788,0.11771319806575775,0.24483899772167206
log_sigma,em_uniform,"Euler--Maruyama, uniform t",Euler update,10,2,1,1,0.0550702860346064,0.07342704804614186,cuda,0.1566084325313568,0.38835418224334717,1.9907218217849731,0.06529626995325089,0.0610845610499382,0.23614028096199036
log_sigma,em_uniform,"Euler--Maruyama, uniform t",Euler update,20,2,1,0,0.10857310600113124,0.14476414133484164,cuda,0.09750983119010925,0.2781134247779846,1.7588127851486206,0.00481730792671442,0.004073812626302242,0.1731664389371872
log_sigma,em_uniform,"Euler--Maruyama, uniform t",Euler update,20,2,1,1,0.09424622694496065,0.1256616359266142,cuda,0.0695907324552536,0.23501597344875336,1.6751484870910645,0.0061502037569880486,0.005238471552729607,0.15422777831554413
log_sigma,em_uniform,"Euler--Maruyama, uniform t",Euler update,50,2,1,0,0.2372520639328286,0.3163360852437715,cuda,0.12175284326076508,0.21406549215316772,1.5876737833023071,0.04347904026508331,0.04056250676512718,0.14483880996704102
log_sigma,em_uniform,"Euler--Maruyama, uniform t",Euler update,50,2,1,1,0.27213456598110497,0.3628460879748066,cuda,0.11246132850646973,0.21495622396469116,1.598791241645813,0.02508014440536499,0.02458507940173149,0.14318794012069702
log_sigma,em_uniform,"Euler--Maruyama, uniform t",Euler update,100,2,1,0,0.4781959359534085,0.6375945812712113,cuda,0.09974355250597,0.18513226509094238,1.5169448852539062,0.024304911494255066,0.021562835201621056,0.1196485161781311
log_sigma,em_uniform,"Euler--Maruyama, uniform t",Euler update,100,2,1,1,0.4697833890095353,0.6263778520127138,cuda,0.07699402421712875,0.178666889667511,1.5150400400161743,0.01143924705684185,0.01238080020993948,0.11897075921297073
log_sigma,em_log,"Euler--Maruyama, log sigma",Euler update,5,2,1,0,0.026259745005518198,0.03501299334069093,cuda,0.09745939075946808,0.7684598565101624,2.5964765548706055,0.007735969964414835,0.006940102204680443,0.35340920090675354
log_sigma,em_log,"Euler--Maruyama, log sigma",Euler update,5,2,1,1,0.025815624045208097,0.03442083206027746,cuda,0.1536754071712494,0.7560141682624817,2.565584421157837,0.09085582196712494,0.08454641699790955,0.35172879695892334
log_sigma,em_log,"Euler--Maruyama, log sigma",Euler update,10,2,1,0,0.052889810991473496,0.07051974798863132,cuda,0.09563244134187698,0.32942795753479004,1.8538529872894287,0.03605802729725838,0.036110054701566696,0.20124973356723785
log_sigma,em_log,"Euler--Maruyama, log sigma",Euler update,10,2,1,1,0.04707553901243955,0.0627673853499194,cuda,0.11846531182527542,0.36406034231185913,1.9015854597091675,0.12197708338499069,0.11582443118095398,0.20477816462516785
log_sigma,em_log,"Euler--Maruyama, log sigma",Euler update,20,2,1,0,0.09302523301448673,0.12403364401931564,cuda,0.08490876853466034,0.2324201762676239,1.6332262754440308,0.007525302469730377,0.007725839503109455,0.13683421909809113
log_sigma,em_log,"Euler--Maruyama, log sigma",Euler update,20,2,1,1,0.10810123197734356,0.1441349759697914,cuda,0.061955198645591736,0.2308168262243271,1.6302396059036255,0.030678920447826385,0.027509260922670364,0.13623374700546265
log_sigma,em_log,"Euler--Maruyama, log sigma",Euler update,50,2,1,0,0.23601267707999796,0.31468356943999726,cuda,0.11043994873762131,0.16289222240447998,1.4512042999267578,0.011770415119826794,0.010186713188886642,0.11273451894521713
log_sigma,em_log,"Euler--Maruyama, log sigma",Euler update,50,2,1,1,0.23735011799726635,0.3164668239963551,cuda,0.10659700632095337,0.18741004168987274,1.5273382663726807,0.1205952987074852,0.1140664666891098,0.12922970950603485
log_sigma,em_log,"Euler--Maruyama, log sigma",Euler update,100,2,1,0,0.48215676995459944,0.6428756932727993,cuda,0.08598002791404724,0.17442654073238373,1.4877793788909912,0.0560779795050621,0.051720038056373596,0.11410542577505112
log_sigma,em_log,"Euler--Maruyama, log sigma",Euler update,100,2,1,1,0.47998867195565253,0.63998489594087,cuda,0.10612817853689194,0.18012534081935883,1.4931857585906982,0.01522143930196762,0.013324728235602379,0.11807717382907867
log_sigma,sigma_uniform_dpm,"Sigma-space DPM-1, uniform t",DPM predictor,5,2,2,0,0.02162326395045966,0.02883101860061288,cuda,0.5114694237709045,0.13480739295482635,1.27729332447052,2595.585205078125,69.20745086669922,0.33302485942840576
log_sigma,sigma_uniform_dpm,"Sigma-space DPM-1, uniform t",DPM predictor,5,2,2,1,0.025230237981304526,0.03364031730840603,cuda,0.5047617554664612,0.11493242532014847,1.23112154006958,2596.120361328125,69.34103393554688,0.3285551071166992
log_sigma,sigma_uniform_dpm,"Sigma-space DPM-1, uniform t",DPM predictor,10,2,2,0,0.04585811903234571,0.06114415870979428,cuda,0.5249059200286865,0.1729413866996765,1.3854249715805054,2600.35791015625,68.38797760009766,0.34260293841362
log_sigma,sigma_uniform_dpm,"Sigma-space DPM-1, uniform t",DPM predictor,10,2,2,1,0.04481180396396667,0.05974907195195556,cuda,0.49129512906074524,0.14447984099388123,1.3148071765899658,2589.94287109375,69.68763732910156,0.32116520404815674
log_sigma,sigma_uniform_dpm,"Sigma-space DPM-1, uniform t",DPM predictor,20,2,2,0,0.09432525199372321,0.12576700265829763,cuda,0.5187774300575256,0.17719285190105438,1.3995215892791748,2598.90966796875,69.36541748046875,0.3396384119987488
log_sigma,sigma_uniform_dpm,"Sigma-space DPM-1, uniform t",DPM predictor,20,2,2,1,0.09463979804422706,0.12618639739230275,cuda,0.48472127318382263,0.1534411907196045,1.3497657775878906,2579.30615234375,70.69731903076172,0.3168538212776184
log_sigma,sigma_uniform_dpm,"Sigma-space DPM-1, uniform t",DPM predictor,50,2,2,0,0.2369933349546045,0.315991113272806,cuda,0.4856577217578888,0.14747458696365356,1.350708246231079,2601.743896484375,69.47183227539062,0.31835123896598816
log_sigma,sigma_uniform_dpm,"Sigma-space DPM-1, uniform t",DPM predictor,50,2,2,1,0.2417940601008013,0.32239208013440174,cuda,0.44906333088874817,0.15986919403076172,1.3663325309753418,2593.171142578125,69.61054229736328,0.2939716577529907
log_sigma,sigma_uniform_dpm,"Sigma-space DPM-1, uniform t",DPM predictor,100,2,2,0,0.46185218798927963,0.6158029173190395,cuda,0.5035186409950256,0.1726416051387787,1.41726815700531,2596.50439453125,69.474609375,0.332356333732605
log_sigma,sigma_uniform_dpm,"Sigma-space DPM-1, uniform t",DPM predictor,100,2,2,1,0.5142878679325804,0.6857171572434405,cuda,0.5019617676734924,0.21936768293380737,1.5124422311782837,2599.3818359375,69.30290222167969,0.3308103382587433
log_sigma,sigma_log_dpm,"Sigma-space DPM-1, log sigma",DPM predictor,5,2,2,0,0.02548747498076409,0.03398329997435212,cuda,0.5226517915725708,0.12163569033145905,1.2758654356002808,2600.335693359375,68.94983673095703,0.341407835483551
log_sigma,sigma_log_dpm,"Sigma-space DPM-1, log sigma",DPM predictor,5,2,2,1,0.026413823012262583,0.03521843068301678,cuda,0.5162541270256042,0.10454660654067993,1.2349903583526611,2596.396728515625,69.5809555053711,0.33706143498420715
log_sigma,sigma_log_dpm,"Sigma-space DPM-1, log sigma",DPM predictor,10,2,2,0,0.04518587305210531,0.06024783073614041,cuda,0.539082407951355,0.18367597460746765,1.4416804313659668,2601.468017578125,68.46711730957031,0.355446457862854
log_sigma,sigma_log_dpm,"Sigma-space DPM-1, log sigma",DPM predictor,10,2,2,1,0.048872227082028985,0.06516296944270532,cuda,0.505031406879425,0.15377677977085114,1.3707976341247559,2590.40869140625,69.9625244140625,0.33294740319252014
log_sigma,sigma_log_dpm,"Sigma-space DPM-1, log sigma",DPM predictor,20,2,2,0,0.09553028107620776,0.12737370810161033,cuda,0.5357100963592529,0.19317491352558136,1.4592183828353882,2600.354736328125,69.4692611694336,0.3530411720275879
log_sigma,sigma_log_dpm,"Sigma-space DPM-1, log sigma",DPM predictor,20,2,2,1,0.09269820398185402,0.1235976053091387,cuda,0.5008888840675354,0.16915206611156464,1.4108129739761353,2579.8427734375,70.87657928466797,0.3298946022987366
log_sigma,sigma_log_dpm,"Sigma-space DPM-1, log sigma",DPM predictor,50,2,2,0,0.2362568259704858,0.3150091012939811,cuda,0.49856114387512207,0.16098040342330933,1.396801233291626,2603.140869140625,69.45243072509766,0.3285830616950989
log_sigma,sigma_log_dpm,"Sigma-space DPM-1, log sigma",DPM predictor,50,2,2,1,0.24019296001642942,0.3202572800219059,cuda,0.46099770069122314,0.17393995821475983,1.411800742149353,2594.310791015625,69.57809448242188,0.303620308637619
log_sigma,sigma_log_dpm,"Sigma-space DPM-1, log sigma",DPM predictor,100,2,2,0,0.5334166879765689,0.7112222506354252,cuda,0.5112609267234802,0.1812615841627121,1.4443559646606445,2597.240966796875,69.43962097167969,0.338565468788147
log_sigma,sigma_log_dpm,"Sigma-space DPM-1, log sigma",DPM predictor,100,2,2,1,0.47134620998986065,0.6284616133198142,cuda,0.5096057057380676,0.22919762134552002,1.5404738187789917,2600.16845703125,69.26351165771484,0.3370656371116638
log_sigma,dpm2_uniform,"DPM-2 + corrector, uniform t",Overall sampler,5,2,2,0,0.19962355808820575,0.26616474411760765,cuda,0.3741065263748169,0.3167864978313446,1.7755258083343506,2577.0654296875,69.70792388916016,0.28682655096054077
log_sigma,dpm2_uniform,"DPM-2 + corrector, uniform t",Overall sampler,5,2,2,1,0.1656560500850901,0.2208747334467868,cuda,0.3346558213233948,0.30743712186813354,1.7660939693450928,2586.724609375,69.93006134033203,0.2730901837348938
log_sigma,dpm2_uniform,"DPM-2 + corrector, uniform t",Overall sampler,10,2,2,0,0.23727738391608,0.31636984522144,cuda,0.33973801136016846,0.21720269322395325,1.5451911687850952,2605.7919921875,68.55741119384766,0.23906870186328888
log_sigma,dpm2_uniform,"DPM-2 + corrector, uniform t",Overall sampler,10,2,2,1,0.23071139608509839,0.30761519478013116,cuda,0.3475985825061798,0.20304904878139496,1.5189934968948364,2590.817138671875,69.6827621459961,0.2465381920337677
log_sigma,dpm2_uniform,"DPM-2 + corrector, uniform t",Overall sampler,20,2,2,0,0.3694740090286359,0.49263201203818124,cuda,0.2993972599506378,0.20071455836296082,1.5027029514312744,2602.64990234375,68.22860717773438,0.21704384684562683
log_sigma,dpm2_uniform,"DPM-2 + corrector, uniform t",Overall sampler,20,2,2,1,0.3696342039620504,0.49284560528273386,cuda,0.29831013083457947,0.1737123280763626,1.4493345022201538,2581.705322265625,69.20906066894531,0.2093077301979065
log_sigma,dpm2_uniform,"DPM-2 + corrector, uniform t",Overall sampler,50,2,2,0,0.8116408840287477,1.0821878453716636,cuda,0.2095780074596405,0.15050959587097168,1.381882905960083,2557.747802734375,70.74147033691406,0.15508313477039337
log_sigma,dpm2_uniform,"DPM-2 + corrector, uniform t",Overall sampler,50,2,2,1,0.8597378260456026,1.1463171013941367,cuda,0.22392867505550385,0.13411115109920502,1.3527153730392456,2589.1220703125,69.41712951660156,0.15821552276611328
log_sigma,dpm2_uniform,"DPM-2 + corrector, uniform t",Overall sampler,100,2,2,0,1.4819556929869577,1.9759409239826102,cuda,0.17192845046520233,0.1017981618642807,1.2748873233795166,2582.794189453125,69.62055206298828,0.12699197232723236
log_sigma,dpm2_uniform,"DPM-2 + corrector, uniform t",Overall sampler,100,2,2,1,1.4955032769357786,1.9940043692477047,cuda,0.2021409571170807,0.12832756340503693,1.3407018184661865,2583.87060546875,69.72013854980469,0.14071398973464966
log_sigma,dpm2_log,"DPM-2 + corrector, log sigma",Overall sampler,5,2,2,0,0.16484721703454852,0.21979628937939802,cuda,0.39763474464416504,0.19937603175640106,1.4976328611373901,2595.6767578125,69.81263732910156,0.26916569471359253
log_sigma,dpm2_log,"DPM-2 + corrector, log sigma",Overall sampler,5,2,2,1,0.1919484940590337,0.25593132541204494,cuda,0.3503167927265167,0.1729069948196411,1.4485540390014648,2596.1689453125,69.71017456054688,0.24046319723129272
log_sigma,dpm2_log,"DPM-2 + corrector, log sigma",Overall sampler,10,2,2,0,0.24288922699633986,0.3238523026617865,cuda,0.42058488726615906,0.22266365587711334,1.5328478813171387,2619.186279296875,67.79289245605469,0.2844870388507843
log_sigma,dpm2_log,"DPM-2 + corrector, log sigma",Overall sampler,10,2,2,1,0.2351818800671026,0.31357584008947015,cuda,0.3987705111503601,0.1788235604763031,1.44511079788208,2585.669189453125,69.64350891113281,0.26845476031303406
log_sigma,dpm2_log,"DPM-2 + corrector, log sigma",Overall sampler,20,2,2,0,0.3770634960383177,0.5027513280510902,cuda,0.3854747712612152,0.17697609961032867,1.4391661882400513,2594.485595703125,69.07938385009766,0.25789833068847656
log_sigma,dpm2_log,"DPM-2 + corrector, log sigma",Overall sampler,20,2,2,1,0.3760973709868267,0.501463161315769,cuda,0.3676703870296478,0.17207489907741547,1.4270248413085938,2587.8037109375,68.49972534179688,0.24608592689037323
log_sigma,dpm2_log,"DPM-2 + corrector, log sigma",Overall sampler,50,2,2,0,0.7998732469277456,1.0664976625703275,cuda,0.2649848461151123,0.1317293345928192,1.3366248607635498,2562.65380859375,69.45252990722656,0.17949385941028595
log_sigma,dpm2_log,"DPM-2 + corrector, log sigma",Overall sampler,50,2,2,1,0.8131498930742964,1.0841998574323952,cuda,0.2256975769996643,0.13934659957885742,1.3512839078903198,2563.190185546875,69.72848510742188,0.16041696071624756
log_sigma,dpm2_log,"DPM-2 + corrector, log sigma",Overall sampler,100,2,2,0,1.545684444019571,2.0609125920260944,cuda,0.13152410089969635,0.06667827069759369,1.167253017425537,2564.095458984375,70.18680572509766,0.09584106504917145
log_sigma,dpm2_log,"DPM-2 + corrector, log sigma",Overall sampler,100,2,2,1,1.5428875649813563,2.0571834199751415,cuda,0.1748712658882141,0.09785445779561996,1.2623560428619385,2577.371337890625,69.2750473022461,0.12022905051708221
log_sigma,em_uniform,"Euler--Maruyama, uniform t",Euler update,5,2,2,0,0.027342480956576765,0.036456641275435686,cuda,0.46248024702072144,0.735897421836853,2.514408826828003,2584.489501953125,69.70216369628906,0.4440150856971741
log_sigma,em_uniform,"Euler--Maruyama, uniform t",Euler update,5,2,2,1,0.02766468294430524,0.036886243925740324,cuda,0.3751508593559265,0.6827126145362854,2.4491419792175293,2609.386474609375,69.14568328857422,0.4136126637458801
log_sigma,em_uniform,"Euler--Maruyama, uniform t",Euler update,10,2,2,0,0.04909943894017488,0.06546591858689983,cuda,0.39404425024986267,0.38113436102867126,1.9122238159179688,2599.290771484375,68.05589294433594,0.3169200122356415
log_sigma,em_uniform,"Euler--Maruyama, uniform t",Euler update,10,2,2,1,0.057286806986667216,0.07638240931555629,cuda,0.35489892959594727,0.3735525608062744,1.8964197635650635,2586.332275390625,70.5615463256836,0.2983267307281494
log_sigma,em_uniform,"Euler--Maruyama, uniform t",Euler update,20,2,2,0,0.11120650602970272,0.14827534137293696,cuda,0.3614697754383087,0.2937725782394409,1.7174993753433228,2580.653564453125,70.53671264648438,0.2708418071269989
log_sigma,em_uniform,"Euler--Maruyama, uniform t",Euler update,20,2,2,1,0.10041088901925832,0.13388118535901108,cuda,0.3241470456123352,0.2800842225551605,1.6866921186447144,2576.957275390625,70.99462127685547,0.2440609633922577
log_sigma,em_uniform,"Euler--Maruyama, uniform t",Euler update,50,2,2,0,0.2426131860120222,0.3234842480160296,cuda,0.30987748503685,0.1813732385635376,1.4557394981384277,2588.14013671875,70.11953735351562,0.2141863852739334
log_sigma,em_uniform,"Euler--Maruyama, uniform t",Euler update,50,2,2,1,0.2442337420070544,0.32564498934273917,cuda,0.2753335237503052,0.16752849519252777,1.4333568811416626,2563.2587890625,71.41552734375,0.19459955394268036
log_sigma,em_uniform,"Euler--Maruyama, uniform t",Euler update,100,2,2,0,0.4729700320167467,0.6306267093556622,cuda,0.2817756235599518,0.13785624504089355,1.3482486009597778,2592.1025390625,68.38198852539062,0.1963026225566864
log_sigma,em_uniform,"Euler--Maruyama, uniform t",Euler update,100,2,2,1,0.4906445490196347,0.6541927320261797,cuda,0.3279551863670349,0.1992737501859665,1.491718053817749,2590.270263671875,70.3695068359375,0.22331848740577698
log_sigma,em_log,"Euler--Maruyama, log sigma",Euler update,5,2,2,0,0.023260037996806204,0.031013383995741606,cuda,0.4284220039844513,0.9233468770980835,2.6580185890197754,2593.143798828125,70.59954071044922,0.46239355206489563
log_sigma,em_log,"Euler--Maruyama, log sigma",Euler update,5,2,2,1,0.03291646298021078,0.04388861730694771,cuda,0.32823485136032104,0.8279341459274292,2.5468852519989014,2602.10791015625,69.93025970458984,0.4048844575881958
log_sigma,em_log,"Euler--Maruyama, log sigma",Euler update,10,2,2,0,0.049097232054919004,0.06546297607322533,cuda,0.3576151132583618,0.3972823917865753,1.8683189153671265,2596.348876953125,68.06387329101562,0.2877124547958374
log_sigma,em_log,"Euler--Maruyama, log sigma",Euler update,10,2,2,1,0.04881691001355648,0.06508921335140865,cuda,0.35162246227264404,0.31947118043899536,1.750043511390686,2577.701416015625,71.39550018310547,0.2741703391075134
log_sigma,em_log,"Euler--Maruyama, log sigma",Euler update,20,2,2,0,0.10183013800997287,0.13577351734663048,cuda,0.3551899492740631,0.21895670890808105,1.5471174716949463,2586.48681640625,68.0955581665039,0.24772274494171143
log_sigma,em_log,"Euler--Maruyama, log sigma",Euler update,20,2,2,1,0.09614089201204479,0.12818785601605973,cuda,0.3339483439922333,0.21841572225093842,1.537777304649353,2591.89208984375,67.91851806640625,0.2329530268907547
log_sigma,em_log,"Euler--Maruyama, log sigma",Euler update,50,2,2,0,0.24227647797670215,0.3230353039689362,cuda,0.32238849997520447,0.17619042098522186,1.4442435503005981,2583.31884765625,69.71867370605469,0.2184101790189743
log_sigma,em_log,"Euler--Maruyama, log sigma",Euler update,50,2,2,1,0.2370579019188881,0.31607720255851746,cuda,0.2667402923107147,0.19040730595588684,1.4633195400238037,2568.774658203125,69.04106140136719,0.1932099461555481
log_sigma,em_log,"Euler--Maruyama, log sigma",Euler update,100,2,2,0,0.5126906159566715,0.6835874879422287,cuda,0.26200610399246216,0.14126917719841003,1.3476191759109497,2578.505126953125,69.60647583007812,0.1822468787431717
log_sigma,em_log,"Euler--Maruyama, log sigma",Euler update,100,2,2,1,0.4717859460506588,0.6290479280675451,cuda,0.3099655210971832,0.17711986601352692,1.4429147243499756,2568.675537109375,70.36054992675781,0.21367132663726807
log_sigma,sigma_uniform_dpm,"Sigma-space DPM-1, uniform t",DPM predictor,5,2,3,0,0.02232438197825104,0.029765842637668054,cuda,0.5954965353012085,0.5431216359138489,1.2066267728805542,30.029354095458984,3.903569221496582,0.3836912512779236
log_sigma,sigma_uniform_dpm,"Sigma-space DPM-1, uniform t",DPM predictor,5,2,3,1,0.025083335931412876,0.0334444479085505,cuda,0.571557879447937,0.5120378732681274,1.1901720762252808,31.54091453552246,3.962554931640625,0.36924028396606445
log_sigma,sigma_uniform_dpm,"Sigma-space DPM-1, uniform t",DPM predictor,10,2,3,0,0.04564701300114393,0.060862684001525245,cuda,0.4742634892463684,0.3682315945625305,1.1656569242477417,31.63949203491211,3.083230972290039,0.3057839274406433
log_sigma,sigma_uniform_dpm,"Sigma-space DPM-1, uniform t",DPM predictor,10,2,3,1,0.04911049304064363,0.06548065738752484,cuda,0.5027183890342712,0.37811532616615295,1.1495308876037598,30.461668014526367,3.690533399581909,0.3239666819572449
log_sigma,sigma_uniform_dpm,"Sigma-space DPM-1, uniform t",DPM predictor,20,2,3,0,0.0928470540093258,0.12379607201243441,cuda,0.4687146544456482,0.37173497676849365,1.1755508184432983,32.09909439086914,3.322512626647949,0.3019960820674896
log_sigma,sigma_uniform_dpm,"Sigma-space DPM-1, uniform t",DPM predictor,20,2,3,1,0.09293962898664176,0.12391950531552236,cuda,0.5177713632583618,0.4367803633213043,1.1967010498046875,30.649986267089844,3.0139808654785156,0.3300156593322754
log_sigma,sigma_uniform_dpm,"Sigma-space DPM-1, uniform t",DPM predictor,50,2,3,0,0.2392704209778458,0.31902722797046107,cuda,0.46251481771469116,0.3294939398765564,1.1659224033355713,30.300050735473633,3.4369983673095703,0.299209862947464
log_sigma,sigma_uniform_dpm,"Sigma-space DPM-1, uniform t",DPM predictor,50,2,3,1,0.27023498504422605,0.3603133133923014,cuda,0.4759397506713867,0.3726956844329834,1.188748836517334,29.142742156982422,4.093880653381348,0.3063102662563324
log_sigma,sigma_uniform_dpm,"Sigma-space DPM-1, uniform t",DPM predictor,100,2,3,0,0.4704762479523197,0.6273016639364263,cuda,0.42285048961639404,0.24486134946346283,1.1482048034667969,31.97970962524414,3.998042583465576,0.2752513587474823
log_sigma,sigma_uniform_dpm,"Sigma-space DPM-1, uniform t",DPM predictor,100,2,3,1,0.4644375540083274,0.6192500720111033,cuda,0.4622383117675781,0.30356356501579285,1.1407732963562012,31.4887752532959,3.825427293777466,0.29699498414993286
log_sigma,sigma_log_dpm,"Sigma-space DPM-1, log sigma",DPM predictor,5,2,3,0,0.0232440740801394,0.0309920987735192,cuda,0.7125719785690308,0.6292518377304077,1.2108193635940552,30.064878463745117,4.859402656555176,0.45946916937828064
log_sigma,sigma_log_dpm,"Sigma-space DPM-1, log sigma",DPM predictor,5,2,3,1,0.022424759925343096,0.02989967990045746,cuda,0.6893557906150818,0.5986407995223999,1.1918736696243286,30.585697174072266,5.534406661987305,0.44564706087112427
log_sigma,sigma_log_dpm,"Sigma-space DPM-1, log sigma",DPM predictor,10,2,3,0,0.05139441101346165,0.0685258813512822,cuda,0.5398180484771729,0.39563003182411194,1.169739842414856,31.34712791442871,4.360439777374268,0.346780925989151
log_sigma,sigma_log_dpm,"Sigma-space DPM-1, log sigma",DPM predictor,10,2,3,1,0.047142751049250364,0.06285700139900048,cuda,0.5700740814208984,0.40760594606399536,1.1548317670822144,30.92496109008789,4.552823066711426,0.3660745918750763
log_sigma,sigma_log_dpm,"Sigma-space DPM-1, log sigma",DPM predictor,20,2,3,0,0.09522028302308172,0.12696037736410895,cuda,0.5242837071418762,0.38954469561576843,1.1819212436676025,32.008140563964844,4.691406726837158,0.33654075860977173
log_sigma,sigma_log_dpm,"Sigma-space DPM-1, log sigma",DPM predictor,20,2,3,1,0.09227857703808695,0.12303810271744926,cuda,0.5716573596000671,0.4543253481388092,1.203761100769043,30.55755043029785,4.305912017822266,0.36343884468078613
log_sigma,sigma_log_dpm,"Sigma-space DPM-1, log sigma",DPM predictor,50,2,3,0,0.23448112909682095,0.3126415054624279,cuda,0.4955473840236664,0.3397592008113861,1.17182457447052,30.244972229003906,4.116775035858154,0.3196535110473633
log_sigma,sigma_log_dpm,"Sigma-space DPM-1, log sigma",DPM predictor,50,2,3,1,0.2462568279588595,0.32834243727847934,cuda,0.5104361772537231,0.38547754287719727,1.19489586353302,28.573776245117188,4.335903167724609,0.3276893198490143
log_sigma,sigma_log_dpm,"Sigma-space DPM-1, log sigma",DPM predictor,100,2,3,0,0.46333951398264617,0.6177860186435282,cuda,0.44300270080566406,0.2512098550796509,1.1521062850952148,31.952898025512695,4.42889404296875,0.2877686321735382
log_sigma,sigma_log_dpm,"Sigma-space DPM-1, log sigma",DPM predictor,100,2,3,1,0.47152020200155675,0.6286936026687423,cuda,0.4818798899650574,0.31046998500823975,1.1448974609375,31.461149215698242,4.234293460845947,0.30907484889030457
log_sigma,dpm2_uniform,"DPM-2 + corrector, uniform t",Overall sampler,5,2,3,0,0.15965248795691878,0.21286998394255838,cuda,0.2208506315946579,0.3375273644924164,1.2358952760696411,29.500192642211914,1.8940114974975586,0.19021227955818176
log_sigma,dpm2_uniform,"DPM-2 + corrector, uniform t",Overall sampler,5,2,3,1,0.16847724199760705,0.22463632266347608,cuda,0.18042533099651337,0.2773742079734802,1.2038027048110962,30.05242156982422,2.213836431503296,0.15849000215530396
log_sigma,dpm2_uniform,"DPM-2 + corrector, uniform t",Overall sampler,10,2,3,0,0.2799340089550242,0.37324534527336556,cuda,0.1193879246711731,0.23663756251335144,1.1626813411712646,32.875091552734375,1.406579852104187,0.11237546801567078
log_sigma,dpm2_uniform,"DPM-2 + corrector, uniform t",Overall sampler,10,2,3,1,0.2358044390566647,0.3144059187422196,cuda,0.16584669053554535,0.2499426305294037,1.1702171564102173,34.37045669555664,1.3333542346954346,0.14079193770885468
log_sigma,dpm2_uniform,"DPM-2 + corrector, uniform t",Overall sampler,20,2,3,0,0.37838543904945254,0.5045139187326034,cuda,0.13017681241035461,0.3458925485610962,1.21134352684021,30.84145736694336,0.979546308517456,0.1309414654970169
log_sigma,dpm2_uniform,"DPM-2 + corrector, uniform t",Overall sampler,20,2,3,1,0.38114248297642916,0.5081899773019055,cuda,0.16789516806602478,0.25555121898651123,1.1635222434997559,30.72252082824707,0.9849081635475159,0.1264774203300476
log_sigma,dpm2_uniform,"DPM-2 + corrector, uniform t",Overall sampler,50,2,3,0,0.7863580660196021,1.0484774213594694,cuda,0.11152109503746033,0.28870031237602234,1.1702498197555542,32.83937454223633,0.9337657690048218,0.12169326841831207
log_sigma,dpm2_uniform,"DPM-2 + corrector, uniform t",Overall sampler,50,2,3,1,0.8046324159950018,1.072843221326669,cuda,0.16037505865097046,0.3146067261695862,1.1837902069091797,29.777997970581055,0.9289157390594482,0.12739166617393494
log_sigma,dpm2_uniform,"DPM-2 + corrector, uniform t",Overall sampler,100,2,3,0,1.5373018040554598,2.049735738740613,cuda,0.12783879041671753,0.1938963234424591,1.1174124479293823,28.592355728149414,0.8364641666412354,0.11648622900247574
log_sigma,dpm2_uniform,"DPM-2 + corrector, uniform t",Overall sampler,100,2,3,1,1.4995439150370657,1.9993918867160876,cuda,0.07792140543460846,0.13588786125183105,1.084059715270996,32.1043701171875,0.9485898017883301,0.08078445494174957
log_sigma,dpm2_log,"DPM-2 + corrector, log sigma",Overall sampler,5,2,3,0,0.18703292997088283,0.2493772399611771,cuda,0.18468943238258362,0.24741940200328827,1.1842589378356934,32.28324890136719,1.7717626094818115,0.14000171422958374
log_sigma,dpm2_log,"DPM-2 + corrector, log sigma",Overall sampler,5,2,3,1,0.1615861770696938,0.21544823609292507,cuda,0.17754806578159332,0.22184941172599792,1.1690322160720825,32.50605773925781,1.8821747303009033,0.13774670660495758
log_sigma,dpm2_log,"DPM-2 + corrector, log sigma",Overall sampler,10,2,3,0,0.23002104100305587,0.3066947213374078,cuda,0.17488233745098114,0.22389711439609528,1.1675145626068115,28.76689910888672,1.5974056720733643,0.13787707686424255
log_sigma,dpm2_log,"DPM-2 + corrector, log sigma",Overall sampler,10,2,3,1,0.24041810107883066,0.32055746810510755,cuda,0.22810721397399902,0.1921684443950653,1.1516203880310059,28.889127731323242,1.7552571296691895,0.16288772225379944
log_sigma,dpm2_log,"DPM-2 + corrector, log sigma",Overall sampler,20,2,3,0,0.37118956295307726,0.49491941727076966,cuda,0.12068798393011093,0.23177441954612732,1.1616655588150024,32.54896926879883,1.2710376977920532,0.11299976706504822
log_sigma,dpm2_log,"DPM-2 + corrector, log sigma",Overall sampler,20,2,3,1,0.4397079430054873,0.5862772573406497,cuda,0.1951318234205246,0.20634029805660248,1.1538240909576416,30.445125579833984,1.3986847400665283,0.13675197958946228
log_sigma,dpm2_log,"DPM-2 + corrector, log sigma",Overall sampler,50,2,3,0,0.8100926270708442,1.0801235027611256,cuda,0.05333034694194794,0.24132005870342255,1.1447010040283203,27.942487716674805,0.9385220408439636,0.08562982827425003
log_sigma,dpm2_log,"DPM-2 + corrector, log sigma",Overall sampler,50,2,3,1,0.8602839580271393,1.147045277369519,cuda,0.0966133251786232,0.29328858852386475,1.1722651720046997,32.72154235839844,0.9820802211761475,0.11922123283147812
log_sigma,dpm2_log,"DPM-2 + corrector, log sigma",Overall sampler,100,2,3,0,1.5411246420117095,2.054832856015613,cuda,0.10691564530134201,0.09757037460803986,1.060308814048767,28.952388763427734,0.7634085416793823,0.09215293824672699
log_sigma,dpm2_log,"DPM-2 + corrector, log sigma",Overall sampler,100,2,3,1,1.596265165018849,2.1283535533584654,cuda,0.044495828449726105,0.126333087682724,1.077687382698059,32.91191864013672,0.9414317011833191,0.0614032968878746
log_sigma,em_uniform,"Euler--Maruyama, uniform t",Euler update,5,2,3,0,0.02492866397369653,0.03323821863159537,cuda,0.3337137997150421,0.8567782640457153,1.5708094835281372,29.344907760620117,2.353693962097168,0.3447237014770508
log_sigma,em_uniform,"Euler--Maruyama, uniform t",Euler update,5,2,3,1,0.028102332027629018,0.03746977603683869,cuda,0.3599717319011688,0.8391924500465393,1.573987364768982,28.230663299560547,4.711179733276367,0.3610841929912567
log_sigma,em_uniform,"Euler--Maruyama, uniform t",Euler update,10,2,3,0,0.04681993497069925,0.06242657996093234,cuda,0.15293413400650024,0.374070405960083,1.2804745435714722,35.594478607177734,1.9665043354034424,0.17655275762081146
log_sigma,em_uniform,"Euler--Maruyama, uniform t",Euler update,10,2,3,1,0.046953044016845524,0.06260405868912737,cuda,0.21454571187496185,0.4377811849117279,1.3292081356048584,32.64029312133789,0.980891764163971,0.21679848432540894
log_sigma,em_uniform,"Euler--Maruyama, uniform t",Euler update,20,2,3,0,0.1125898149330169,0.15011975324402252,cuda,0.1401006132364273,0.4074799716472626,1.280619740486145,31.820457458496094,1.1799484491348267,0.1606113165616989
log_sigma,em_uniform,"Euler--Maruyama, uniform t",Euler update,20,2,3,1,0.09825349599123001,0.13100466132164001,cuda,0.178787961602211,0.27377253770828247,1.2113558053970337,33.61956787109375,1.4825472831726074,0.15030382573604584
log_sigma,em_uniform,"Euler--Maruyama, uniform t",Euler update,50,2,3,0,0.23636631201952696,0.3151550826927026,cuda,0.1138279065489769,0.2754807770252228,1.1921640634536743,35.74180603027344,1.5203578472137451,0.12309056520462036
log_sigma,em_uniform,"Euler--Maruyama, uniform t",Euler update,50,2,3,1,0.2376874830806628,0.3169166441075504,cuda,0.12937000393867493,0.2787458896636963,1.1901354789733887,37.04057312011719,1.2195408344268799,0.12484917044639587
log_sigma,em_uniform,"Euler--Maruyama, uniform t",Euler update,100,2,3,0,0.5275374599732459,0.7033832799643278,cuda,0.12423302978277206,0.145647332072258,1.108468770980835,29.149063110351562,1.0546319484710693,0.1128404289484024
log_sigma,em_uniform,"Euler--Maruyama, uniform t",Euler update,100,2,3,1,0.4741675090044737,0.6322233453392982,cuda,0.14462433755397797,0.1486908346414566,1.1093790531158447,31.30474090576172,1.1254463195800781,0.1168849766254425
log_sigma,em_log,"Euler--Maruyama, log sigma",Euler update,5,2,3,0,0.02766961802262813,0.036892824030170836,cuda,0.4683590531349182,1.1309244632720947,1.7201120853424072,34.1172981262207,2.268986225128174,0.4045808017253876
log_sigma,em_log,"Euler--Maruyama, log sigma",Euler update,5,2,3,1,0.02715198404621333,0.036202645394951105,cuda,0.4942471981048584,1.2449314594268799,1.7654738426208496,30.560354232788086,2.3848209381103516,0.44190773367881775
log_sigma,em_log,"Euler--Maruyama, log sigma",Euler update,10,2,3,0,0.057794221909716725,0.07705896254628897,cuda,0.1270470768213272,0.5035223960876465,1.3341060876846313,33.33512878417969,1.1541844606399536,0.1741778701543808
log_sigma,em_log,"Euler--Maruyama, log sigma",Euler update,10,2,3,1,0.04724209103733301,0.06298945471644402,cuda,0.2029728889465332,0.5048685073852539,1.3633030652999878,30.795963287353516,1.2526246309280396,0.18625770509243011
log_sigma,em_log,"Euler--Maruyama, log sigma",Euler update,20,2,3,0,0.10143727296963334,0.13524969729284445,cuda,0.10068828612565994,0.3959323465824127,1.2434849739074707,31.27445411682129,1.0581227540969849,0.13123199343681335
log_sigma,em_log,"Euler--Maruyama, log sigma",Euler update,20,2,3,1,0.09396208100952208,0.12528277467936277,cuda,0.17939302325248718,0.32313624024391174,1.2198020219802856,31.094852447509766,1.4222277402877808,0.13859504461288452
log_sigma,em_log,"Euler--Maruyama, log sigma",Euler update,50,2,3,0,0.24628662504255772,0.3283821667234103,cuda,0.0785607397556305,0.28447425365448,1.1789487600326538,34.69109344482422,1.2145121097564697,0.1057337298989296
log_sigma,em_log,"Euler--Maruyama, log sigma",Euler update,50,2,3,1,0.23987999698147178,0.3198399959752957,cuda,0.09938093274831772,0.29814690351486206,1.1913814544677734,32.36274337768555,1.1752527952194214,0.11683766543865204
log_sigma,em_log,"Euler--Maruyama, log sigma",Euler update,100,2,3,0,0.48675932292826474,0.6490124305710196,cuda,0.11923816800117493,0.15837736427783966,1.104333758354187,35.24445343017578,1.2873637676239014,0.1034684106707573
log_sigma,em_log,"Euler--Maruyama, log sigma",Euler update,100,2,3,1,0.47989716206211597,0.639862882749488,cuda,0.10494372248649597,0.18372349441051483,1.120539665222168,29.482772827148438,1.0446219444274902,0.09431122243404388
mixture,sigma_uniform_dpm,"Sigma-space DPM-1, uniform t",DPM predictor,5,0,0,0,0.034582698019221425,0.04611026402562857,cuda,0.36318066716194153,0.3086305260658264,1.0472420454025269,0.14583197236061096,0.6220831871032715,0.2496960312128067
mixture,sigma_uniform_dpm,"Sigma-space DPM-1, uniform t",DPM predictor,5,0,0,1,0.02385480992961675,0.031806413239489,cuda,0.3623265326023102,0.308840811252594,1.055912733078003,0.2930648922920227,0.7310380339622498,0.24743932485580444
mixture,sigma_uniform_dpm,"Sigma-space DPM-1, uniform t",DPM predictor,10,0,0,0,0.04512244404759258,0.06016325873012344,cuda,0.291740357875824,0.2498546987771988,1.0752103328704834,0.09612254798412323,0.3913610875606537,0.2016284018754959
mixture,sigma_uniform_dpm,"Sigma-space DPM-1, uniform t",DPM predictor,10,0,0,1,0.045617610099725425,0.060823480132967234,cuda,0.2936781942844391,0.26666948199272156,1.0619087219238281,0.09448449313640594,0.374968022108078,0.2036527693271637
mixture,sigma_uniform_dpm,"Sigma-space DPM-1, uniform t",DPM predictor,20,0,0,0,0.0955780140357092,0.12743735204761228,cuda,0.2820134460926056,0.19570106267929077,1.052677869796753,0.023590797558426857,0.37299981713294983,0.19121389091014862
mixture,sigma_uniform_dpm,"Sigma-space DPM-1, uniform t",DPM predictor,20,0,0,1,0.09440397599246353,0.12587196798995137,cuda,0.28183573484420776,0.23796683549880981,1.1027991771697998,0.3077422082424164,0.3095118999481201,0.18786588311195374
mixture,sigma_uniform_dpm,"Sigma-space DPM-1, uniform t",DPM predictor,50,0,0,0,0.23876929702237248,0.31835906269649666,cuda,0.31809696555137634,0.23195785284042358,1.1318180561065674,0.3109222948551178,0.4371841847896576,0.21016010642051697
mixture,sigma_uniform_dpm,"Sigma-space DPM-1, uniform t",DPM predictor,50,0,0,1,0.23881526000332087,0.3184203466710945,cuda,0.3100953996181488,0.26277780532836914,1.1091511249542236,0.06468652933835983,0.3990218937397003,0.20865026116371155
mixture,sigma_uniform_dpm,"Sigma-space DPM-1, uniform t",DPM predictor,100,0,0,0,0.48140690103173256,0.6418758680423101,cuda,0.26430806517601013,0.13126173615455627,1.0565626621246338,0.11778271198272705,0.5171763300895691,0.17786505818367004
mixture,sigma_uniform_dpm,"Sigma-space DPM-1, uniform t",DPM predictor,100,0,0,1,0.5181296980008483,0.6908395973344644,cuda,0.2880472242832184,0.1590796560049057,1.0810151100158691,0.43403246998786926,0.44335880875587463,0.1923351138830185
mixture,sigma_log_dpm,"Sigma-space DPM-1, log sigma",DPM predictor,5,0,0,0,0.028685589088127017,0.03824745211750269,cuda,0.4371238946914673,0.35379403829574585,1.04458749294281,0.1618340015411377,0.7821620106697083,0.298654168844223
mixture,sigma_log_dpm,"Sigma-space DPM-1, log sigma",DPM predictor,5,0,0,1,0.025156838004477322,0.03354245067263643,cuda,0.4358350336551666,0.35170915722846985,1.0509194135665894,0.3286633789539337,0.9383886456489563,0.29611489176750183
mixture,sigma_log_dpm,"Sigma-space DPM-1, log sigma",DPM predictor,10,0,0,0,0.04627847101073712,0.061704628014316164,cuda,0.357451468706131,0.2866455316543579,1.0981148481369019,0.09909592568874359,0.7149747014045715,0.24248529970645905
mixture,sigma_log_dpm,"Sigma-space DPM-1, log sigma",DPM predictor,10,0,0,1,0.0471245099324733,0.0628326799099644,cuda,0.3650137782096863,0.30155566334724426,1.0832667350769043,0.10467802733182907,0.5800272822380066,0.24773167073726654
mixture,sigma_log_dpm,"Sigma-space DPM-1, log sigma",DPM predictor,20,0,0,0,0.09732533199712634,0.12976710932950178,cuda,0.33788415789604187,0.21973247826099396,1.0733625888824463,0.03430964797735214,0.6489450931549072,0.22606176137924194
mixture,sigma_log_dpm,"Sigma-space DPM-1, log sigma",DPM predictor,20,0,0,1,0.10176965699065477,0.13569287598753968,cuda,0.3367255926132202,0.26740652322769165,1.124638557434082,0.3351815938949585,0.6059061884880066,0.2220354974269867
mixture,sigma_log_dpm,"Sigma-space DPM-1, log sigma",DPM predictor,50,0,0,0,0.2640044839354232,0.35200597858056426,cuda,0.3581607937812805,0.25472310185432434,1.1484707593917847,0.29058322310447693,0.5375709533691406,0.23525500297546387
mixture,sigma_log_dpm,"Sigma-space DPM-1, log sigma",DPM predictor,50,0,0,1,0.24470025103073567,0.32626700137431425,cuda,0.35070037841796875,0.2821583151817322,1.1259535551071167,0.07409094274044037,0.6128507852554321,0.2338646799325943
mixture,sigma_log_dpm,"Sigma-space DPM-1, log sigma",DPM predictor,100,0,0,0,0.4840563170146197,0.6454084226861596,cuda,0.2894890308380127,0.13917960226535797,1.0643153190612793,0.1268731951713562,0.7097772359848022,0.19354800879955292
mixture,sigma_log_dpm,"Sigma-space DPM-1, log sigma",DPM predictor,100,0,0,1,0.5282038189470768,0.7042717585961024,cuda,0.3123544454574585,0.16934986412525177,1.0898749828338623,0.4436911642551422,0.6104336977005005,0.20731228590011597
mixture,dpm2_uniform,"DPM-2 + corrector, uniform t",Overall sampler,5,0,0,0,0.16137187601998448,0.2151625013599793,cuda,0.10380779206752777,0.2597428262233734,1.2037103176116943,0.05093557760119438,0.06421180069446564,0.11384382098913193
mixture,dpm2_uniform,"DPM-2 + corrector, uniform t",Overall sampler,5,0,0,1,0.16539497999474406,0.22052663999299207,cuda,0.14428018033504486,0.2697739005088806,1.2191393375396729,0.009648824110627174,0.005629722960293293,0.13345271348953247
mixture,dpm2_uniform,"DPM-2 + corrector, uniform t",Overall sampler,10,0,0,0,0.2434916099300608,0.32465547990674776,cuda,0.12461382150650024,0.2527448534965515,1.183282494544983,0.0014801279176026583,0.028528116643428802,0.10822544246912003
mixture,dpm2_uniform,"DPM-2 + corrector, uniform t",Overall sampler,10,0,0,1,0.23388727603014559,0.31184970137352747,cuda,0.12121973931789398,0.13665618002414703,1.1179968118667603,0.003092485945671797,0.012988556176424026,0.09248574078083038
mixture,dpm2_uniform,"DPM-2 + corrector, uniform t",Overall sampler,20,0,0,0,0.3686532969586551,0.4915377292782068,cuda,0.07201516628265381,0.1680944710969925,1.1300394535064697,0.26910555362701416,0.017238259315490723,0.07331386208534241
mixture,dpm2_uniform,"DPM-2 + corrector, uniform t",Overall sampler,20,0,0,1,0.3748495510080829,0.49979940134411055,cuda,0.039585843682289124,0.2881624400615692,1.1962454319000244,0.022003943100571632,0.004825735930353403,0.08893969655036926
mixture,dpm2_uniform,"DPM-2 + corrector, uniform t",Overall sampler,50,0,0,0,0.8568559099221602,1.1424745465628803,cuda,0.008519750088453293,0.20779956877231598,1.1402335166931152,0.0861673429608345,0.0037481742911040783,0.06899604201316833
mixture,dpm2_uniform,"DPM-2 + corrector, uniform t",Overall sampler,50,0,0,1,0.8571916189976037,1.1429221586634715,cuda,0.009828697890043259,0.22203455865383148,1.1487282514572144,0.5517949461936951,0.025208022445440292,0.07760492712259293
mixture,dpm2_uniform,"DPM-2 + corrector, uniform t",Overall sampler,100,0,0,0,1.511162081034854,2.0148827747131386,cuda,0.058066606521606445,0.19955618679523468,1.1346368789672852,0.011434701271355152,0.0005590160144492984,0.07324208319187164
mixture,dpm2_uniform,"DPM-2 + corrector, uniform t",Overall sampler,100,0,0,1,1.5056071999715641,2.007476266628752,cuda,0.03764133155345917,0.23793859779834747,1.1586414575576782,0.18145360052585602,0.008889634162187576,0.0669325441122055
mixture,dpm2_log,"DPM-2 + corrector, log sigma",Overall sampler,5,0,0,0,0.19152857002336532,0.2553714266978204,cuda,0.08939775079488754,0.13615001738071442,1.1103219985961914,0.014483915641903877,0.047538504004478455,0.07594464719295502
mixture,dpm2_log,"DPM-2 + corrector, log sigma",Overall sampler,5,0,0,1,0.18765720701776445,0.25020960935701925,cuda,0.11957786232233047,0.11582629382610321,1.100024938583374,0.003951201215386391,0.0667707622051239,0.08917150646448135
mixture,dpm2_log,"DPM-2 + corrector, log sigma",Overall sampler,10,0,0,0,0.2446233070222661,0.32616440936302143,cuda,0.1699472963809967,0.2116389274597168,1.1735258102416992,0.06210765615105629,0.03834060952067375,0.1178886890411377
mixture,dpm2_log,"DPM-2 + corrector, log sigma",Overall sampler,10,0,0,1,0.2273651349823922,0.30315351330985624,cuda,0.1547383964061737,0.1320713311433792,1.1174923181533813,0.018861329182982445,0.06502621620893478,0.10598772764205933
mixture,dpm2_log,"DPM-2 + corrector, log sigma",Overall sampler,20,0,0,0,0.3729985629906878,0.49733141732091707,cuda,0.10275190323591232,0.08176887035369873,1.0661448240280151,0.21096773445606232,0.04760381951928139,0.07421866059303284
mixture,dpm2_log,"DPM-2 + corrector, log sigma",Overall sampler,20,0,0,1,0.3769938839832321,0.5026585119776428,cuda,0.0935935527086258,0.23568278551101685,1.183082938194275,0.07928228378295898,0.009960044175386429,0.09143699705600739
mixture,dpm2_log,"DPM-2 + corrector, log sigma",Overall sampler,50,0,0,0,0.8025556840002537,1.0700742453336716,cuda,0.07271988689899445,0.27303698658943176,1.1801795959472656,0.23077555000782013,0.009834849275648594,0.08935192227363586
mixture,dpm2_log,"DPM-2 + corrector, log sigma",Overall sampler,50,0,0,1,0.8512937589548528,1.135058345273137,cuda,0.05110916867852211,0.1978902518749237,1.136741280555725,0.009528621099889278,0.0033176506403833628,0.07578250020742416
mixture,dpm2_log,"DPM-2 + corrector, log sigma",Overall sampler,100,0,0,0,1.6135296450229362,2.1513728600305817,cuda,0.09306348860263824,0.18294121325016022,1.1234469413757324,0.003014475107192993,0.0023683146573603153,0.08434819430112839
mixture,dpm2_log,"DPM-2 + corrector, log sigma",Overall sampler,100,0,0,1,1.523730824002996,2.0316410986706614,cuda,0.011031375266611576,0.2108447402715683,1.1410026550292969,0.005303455051034689,0.00025347393238916993,0.06315624713897705
mixture,em_uniform,"Euler--Maruyama, uniform t",Euler update,5,0,0,0,0.02586365898605436,0.03448487864807248,cuda,0.2680090367794037,0.7050762176513672,1.547377586364746,0.035733290016651154,0.1239226907491684,0.3048427700996399
mixture,em_uniform,"Euler--Maruyama, uniform t",Euler update,5,0,0,1,0.02312796504702419,0.030837286729365587,cuda,0.2652449905872345,0.7472521066665649,1.5729583501815796,0.29792845249176025,1.5150009393692017,0.31188103556632996
mixture,em_uniform,"Euler--Maruyama, uniform t",Euler update,10,0,0,0,0.04584379796870053,0.06112506395826737,cuda,0.17108763754367828,0.43516069650650024,1.343976378440857,0.13566437363624573,0.01167779229581356,0.19900868833065033
mixture,em_uniform,"Euler--Maruyama, uniform t",Euler update,10,0,0,1,0.05376039806287736,0.07168053075050314,cuda,0.13892872631549835,0.28034594655036926,1.2477335929870605,0.00043587980326265097,0.006059186067432165,0.15423841774463654
mixture,em_uniform,"Euler--Maruyama, uniform t",Euler update,20,0,0,0,0.10604160802904516,0.14138881070539355,cuda,0.10830086469650269,0.16750416159629822,1.1494473218917847,0.03147614374756813,0.01811355911195278,0.11085165292024612
mixture,em_uniform,"Euler--Maruyama, uniform t",Euler update,20,0,0,1,0.09149939799681306,0.12199919732908408,cuda,0.09219348430633545,0.29313012957572937,1.2389943599700928,0.13550494611263275,0.014547801576554775,0.13265563547611237
mixture,em_uniform,"Euler--Maruyama, uniform t",Euler update,50,0,0,0,0.2330790039850399,0.3107720053133865,cuda,0.07350481301546097,0.24798019230365753,1.1840842962265015,0.03327566385269165,0.0016394599806517363,0.09940227121114731
mixture,em_uniform,"Euler--Maruyama, uniform t",Euler update,50,0,0,1,0.2388724370393902,0.31849658271918696,cuda,0.036117345094680786,0.20017077028751373,1.1560430526733398,0.09227801114320755,0.018498104065656662,0.08697361499071121
mixture,em_uniform,"Euler--Maruyama, uniform t",Euler update,100,0,0,0,0.4714354049647227,0.6285805399529636,cuda,0.12078116834163666,0.16581955552101135,1.1230870485305786,0.00967129785567522,0.007447521202266216,0.09099804610013962
mixture,em_uniform,"Euler--Maruyama, uniform t",Euler update,100,0,0,1,0.47761577006895095,0.6368210267586013,cuda,0.042016904801130295,0.22011007368564606,1.156734824180603,0.0012025975156575441,5.409236473497003e-05,0.08108336478471756
mixture,em_log,"Euler--Maruyama, log sigma",Euler update,5,0,0,0,0.02430351299699396,0.032404683995991945,cuda,0.305765300989151,0.9353178143501282,1.6436806917190552,0.16516916453838348,0.18941184878349304,0.32027265429496765
mixture,em_log,"Euler--Maruyama, log sigma",Euler update,5,0,0,1,0.02202822093386203,0.029370961245149374,cuda,0.32009580731391907,0.9149433970451355,1.6453107595443726,0.10578357428312302,0.054252222180366516,0.32208776473999023
mixture,em_log,"Euler--Maruyama, log sigma",Euler update,10,0,0,0,0.04836483800318092,0.0644864506709079,cuda,0.13967163860797882,0.4608210623264313,1.3207660913467407,0.32973936200141907,0.018001114949584007,0.15035776793956757
mixture,em_log,"Euler--Maruyama, log sigma",Euler update,10,0,0,1,0.04716517904307693,0.06288690539076924,cuda,0.15405721962451935,0.3623872995376587,1.2867989540100098,0.017986977472901344,0.013217512518167496,0.14616847038269043
mixture,em_log,"Euler--Maruyama, log sigma",Euler update,20,0,0,0,0.09564214199781418,0.12752285599708557,cuda,0.08906915038824081,0.15734174847602844,1.1249202489852905,0.060499440878629684,0.00262101530097425,0.07603786140680313
mixture,em_log,"Euler--Maruyama, log sigma",Euler update,20,0,0,1,0.09510698006488383,0.12680930675317845,cuda,0.09315264970064163,0.3387727439403534,1.2413500547409058,0.07000895589590073,0.016824031248688698,0.11408337205648422
mixture,em_log,"Euler--Maruyama, log sigma",Euler update,50,0,0,0,0.24347388604655862,0.3246318480620782,cuda,0.10216482728719711,0.3075084686279297,1.209468960762024,0.5197219252586365,0.030523870140314102,0.10708276927471161
mixture,em_log,"Euler--Maruyama, log sigma",Euler update,50,0,0,1,0.25408314692322165,0.3387775292309622,cuda,0.06491369009017944,0.21828219294548035,1.1636899709701538,0.0010491807479411364,0.00544192548841238,0.08509781211614609
mixture,em_log,"Euler--Maruyama, log sigma",Euler update,100,0,0,0,0.48097301996313035,0.6412973599508405,cuda,0.11675893515348434,0.1868601143360138,1.135712742805481,0.005391701124608517,0.0005057493690401316,0.09461185336112976
mixture,em_log,"Euler--Maruyama, log sigma",Euler update,100,0,0,1,0.4817255869274959,0.6423007825699946,cuda,0.051909614354372025,0.25745487213134766,1.1756829023361206,0.08716163039207458,0.00759286992251873,0.08642471581697464
mixture,sigma_uniform_dpm,"Sigma-space DPM-1, uniform t",DPM predictor,5,0,1,0,0.03232109604869038,0.04309479473158717,cuda,0.20848329365253448,0.14130286872386932,1.3413506746292114,0.03347466140985489,0.03014751523733139,0.14251461625099182
mixture,sigma_uniform_dpm,"Sigma-space DPM-1, uniform t",DPM predictor,5,0,1,1,0.022629946935921907,0.03017326258122921,cuda,0.20035217702388763,0.1665833294391632,1.4069851636886597,0.009120794013142586,0.009878098964691162,0.14121682941913605
mixture,sigma_uniform_dpm,"Sigma-space DPM-1, uniform t",DPM predictor,10,0,1,0,0.04504686698783189,0.06006248931710919,cuda,0.20494484901428223,0.1404334008693695,1.3495615720748901,0.01926148682832718,0.017156362533569336,0.13828708231449127
mixture,sigma_uniform_dpm,"Sigma-space DPM-1, uniform t",DPM predictor,10,0,1,1,0.0451284300070256,0.060171240009367466,cuda,0.1909409463405609,0.1228145882487297,1.296036958694458,0.01986735686659813,0.018363717943429947,0.12960989773273468
mixture,sigma_uniform_dpm,"Sigma-space DPM-1, uniform t",DPM predictor,20,0,1,0,0.0920857759192586,0.12278103455901146,cuda,0.13045617938041687,0.17942267656326294,1.494663953781128,0.020494751632213593,0.018089449033141136,0.12566331028938293
mixture,sigma_uniform_dpm,"Sigma-space DPM-1, uniform t",DPM predictor,20,0,1,1,0.09691423701588064,0.12921898268784085,cuda,0.1466502994298935,0.14634576439857483,1.4026813507080078,0.022373080253601074,0.01980338618159294,0.11941687017679214
mixture,sigma_uniform_dpm,"Sigma-space DPM-1, uniform t",DPM predictor,50,0,1,0,0.23462655197363347,0.3128354026315113,cuda,0.16385646164417267,0.15864716470241547,1.4620743989944458,0.007820417173206806,0.006709051318466663,0.13502058386802673
mixture,sigma_uniform_dpm,"Sigma-space DPM-1, uniform t",DPM predictor,50,0,1,1,0.2391083500115201,0.31881113334869343,cuda,0.17767225205898285,0.17639407515525818,1.4852126836776733,0.03137342631816864,0.028523601591587067,0.14344143867492676
mixture,sigma_uniform_dpm,"Sigma-space DPM-1, uniform t",DPM predictor,100,0,1,0,0.46905740501824766,0.6254098733576635,cuda,0.19007067382335663,0.1713169515132904,1.4669023752212524,0.010024634189903736,0.008648856543004513,0.14442656934261322
mixture,sigma_uniform_dpm,"Sigma-space DPM-1, uniform t",DPM predictor,100,0,1,1,0.5067085900809616,0.6756114534412822,cuda,0.1915258914232254,0.17036128044128418,1.4714792966842651,0.028996456414461136,0.025971300899982452,0.14201246201992035
mixture,sigma_log_dpm,"Sigma-space DPM-1, log sigma",DPM predictor,5,0,1,0,0.022180474014021456,0.02957396535202861,cuda,0.2006927877664566,0.1278640329837799,1.3487459421157837,0.04921169579029083,0.044839661568403244,0.13806545734405518
mixture,sigma_log_dpm,"Sigma-space DPM-1, log sigma",DPM predictor,5,0,1,1,0.022013519890606403,0.029351359854141872,cuda,0.19278597831726074,0.15188056230545044,1.4124971628189087,0.004418640863150358,0.004877278581261635,0.1386289894580841
mixture,sigma_log_dpm,"Sigma-space DPM-1, log sigma",DPM predictor,10,0,1,0,0.052800271078012884,0.07040036143735051,cuda,0.20578397810459137,0.14759352803230286,1.4092010259628296,0.020352540537714958,0.018107855692505836,0.14275918900966644
mixture,sigma_log_dpm,"Sigma-space DPM-1, log sigma",DPM predictor,10,0,1,1,0.049445110955275595,0.06592681460703413,cuda,0.19198253750801086,0.1295066922903061,1.3566720485687256,0.03841671347618103,0.03547273576259613,0.13270260393619537
mixture,sigma_log_dpm,"Sigma-space DPM-1, log sigma",DPM predictor,20,0,1,0,0.09264500008430332,0.12352666677907109,cuda,0.13296961784362793,0.19655567407608032,1.560906171798706,0.0219570379704237,0.019474582746624947,0.13936765491962433
mixture,sigma_log_dpm,"Sigma-space DPM-1, log sigma",DPM predictor,20,0,1,1,0.09720992599613965,0.12961323466151953,cuda,0.1501026302576065,0.16160306334495544,1.4682646989822388,0.02395491488277912,0.02124188281595707,0.13171061873435974
mixture,sigma_log_dpm,"Sigma-space DPM-1, log sigma",DPM predictor,50,0,1,0,0.23954539105761796,0.31939385474349063,cuda,0.16836762428283691,0.17400316894054413,1.5144671201705933,0.008355162106454372,0.0072095757350325584,0.1454870104789734
mixture,sigma_log_dpm,"Sigma-space DPM-1, log sigma",DPM predictor,50,0,1,1,0.23336071893572807,0.31114762524763745,cuda,0.18212132155895233,0.1918647736310959,1.5367226600646973,0.033877741545438766,0.030889447778463364,0.1533595323562622
mixture,sigma_log_dpm,"Sigma-space DPM-1, log sigma",DPM predictor,100,0,1,0,0.47416732902638614,0.6322231053685149,cuda,0.19336529076099396,0.18049362301826477,1.496989369392395,0.010466795414686203,0.009051143191754818,0.14988940954208374
mixture,sigma_log_dpm,"Sigma-space DPM-1, log sigma",DPM predictor,100,0,1,1,0.4644677429459989,0.6192903239279985,cuda,0.194806307554245,0.17953824996948242,1.501888632774353,0.03039468452334404,0.02726951614022255,0.1478032022714615
mixture,dpm2_uniform,"DPM-2 + corrector, uniform t",Overall sampler,5,0,1,0,0.1850378739181906,0.24671716522425413,cuda,0.1303463578224182,0.3398957848548889,1.9126248359680176,0.04919743537902832,0.04989868029952049,0.21602119505405426
mixture,dpm2_uniform,"DPM-2 + corrector, uniform t",Overall sampler,5,0,1,1,0.16050059301778674,0.21400079069038233,cuda,0.13400623202323914,0.32162314653396606,1.856247067451477,0.012230494990944862,0.011546062305569649,0.19345127046108246
mixture,dpm2_uniform,"DPM-2 + corrector, uniform t",Overall sampler,10,0,1,0,0.226733687100932,0.30231158280124265,cuda,0.10895505547523499,0.22117666900157928,1.6331336498260498,0.021230380982160568,0.01885772868990898,0.148914635181427
mixture,dpm2_uniform,"DPM-2 + corrector, uniform t",Overall sampler,10,0,1,1,0.23270537902135402,0.3102738386951387,cuda,0.1308574229478836,0.23735959827899933,1.6512377262115479,0.012653769925236702,0.011178717017173767,0.16103221476078033
mixture,dpm2_uniform,"DPM-2 + corrector, uniform t",Overall sampler,20,0,1,0,0.37412952503655106,0.4988393667154014,cuda,0.06877506524324417,0.20563988387584686,1.5666263103485107,0.0005471323383972049,0.0005718905013054609,0.12020242214202881
mixture,dpm2_uniform,"DPM-2 + corrector, uniform t",Overall sampler,20,0,1,1,0.3670473889214918,0.48939651856198907,cuda,0.029843447729945183,0.1938689947128296,1.5462583303451538,0.0005074831424281001,0.0004731583467219025,0.1181013360619545
mixture,dpm2_uniform,"DPM-2 + corrector, uniform t",Overall sampler,50,0,1,0,0.8008740509394556,1.067832067919274,cuda,0.07574425637722015,0.18228687345981598,1.507372498512268,0.008860357105731964,0.0096198795363307,0.11214188486337662
mixture,dpm2_uniform,"DPM-2 + corrector, uniform t",Overall sampler,50,0,1,1,0.8472918519983068,1.1297224693310757,cuda,0.07453189045190811,0.17738665640354156,1.5064618587493896,0.016641177237033844,0.017791489139199257,0.1104883924126625
mixture,dpm2_uniform,"DPM-2 + corrector, uniform t",Overall sampler,100,0,1,0,1.491342046065256,1.9884560614203413,cuda,0.03145845606923103,0.14950956404209137,1.4177207946777344,0.017443623393774033,0.017420807853341103,0.08372221142053604
mixture,dpm2_uniform,"DPM-2 + corrector, uniform t",Overall sampler,100,0,1,1,1.5493829681072384,2.065843957476318,cuda,0.009509213268756866,0.1494307965040207,1.4436404705047607,0.03288152441382408,0.03302600979804993,0.0955641120672226
mixture,dpm2_log,"DPM-2 + corrector, log sigma",Overall sampler,5,0,1,0,0.1859811709728092,0.24797489463041225,cuda,0.15518735349178314,0.21371227502822876,1.602152705192566,0.0632098913192749,0.05852986127138138,0.15719622373580933
mixture,dpm2_log,"DPM-2 + corrector, log sigma",Overall sampler,5,0,1,1,0.16039908002130687,0.21386544002840915,cuda,0.1569054126739502,0.22643283009529114,1.6016241312026978,0.023366441950201988,0.021082794293761253,0.14913320541381836
mixture,dpm2_log,"DPM-2 + corrector, log sigma",Overall sampler,10,0,1,0,0.22646916296798736,0.30195888395731646,cuda,0.14318516850471497,0.19302073121070862,1.5440560579299927,0.004163283389061689,0.003692516591399908,0.14185449481010437
mixture,dpm2_log,"DPM-2 + corrector, log sigma",Overall sampler,10,0,1,1,0.23129650601185858,0.30839534134914476,cuda,0.14547181129455566,0.21102572977542877,1.572342872619629,0.02713915891945362,0.024795010685920715,0.14273186028003693
mixture,dpm2_log,"DPM-2 + corrector, log sigma",Overall sampler,20,0,1,0,0.38284753600601107,0.510463381341348,cuda,0.08148044347763062,0.18944796919822693,1.5318303108215332,0.0065003070048987865,0.005960445385426283,0.11452312767505646
mixture,dpm2_log,"DPM-2 + corrector, log sigma",Overall sampler,20,0,1,1,0.40073982800822705,0.534319770677636,cuda,0.06128004938364029,0.18267467617988586,1.5127812623977661,0.023996621370315552,0.02254042960703373,0.10713683813810349
mixture,dpm2_log,"DPM-2 + corrector, log sigma",Overall sampler,50,0,1,0,0.7839446340221912,1.0452595120295882,cuda,0.08358559012413025,0.13177476823329926,1.3713865280151367,0.016692087054252625,0.01489746943116188,0.08885423094034195
mixture,dpm2_log,"DPM-2 + corrector, log sigma",Overall sampler,50,0,1,1,0.8007605590391904,1.0676807453855872,cuda,0.08573336154222488,0.14755626022815704,1.4249292612075806,0.058210548013448715,0.053424254059791565,0.10141206532716751
mixture,dpm2_log,"DPM-2 + corrector, log sigma",Overall sampler,100,0,1,0,1.5637559050228447,2.085007873363793,cuda,0.027567660436034203,0.0962425097823143,1.2937666177749634,0.00437389500439167,0.003900925163179636,0.0655522495508194
mixture,dpm2_log,"DPM-2 + corrector, log sigma",Overall sampler,100,0,1,1,1.4928166919853538,1.9904222559804718,cuda,0.021085234358906746,0.09509823471307755,1.2887418270111084,0.0032924991101026535,0.002614441327750683,0.061240486800670624
mixture,em_uniform,"Euler--Maruyama, uniform t",Euler update,5,0,1,0,0.026101988973096013,0.03480265196412802,cuda,0.14138208329677582,0.6990938782691956,2.599587917327881,0.04412049055099487,0.04446972534060478,0.3725563883781433
mixture,em_uniform,"Euler--Maruyama, uniform t",Euler update,5,0,1,1,0.02563754399307072,0.03418339199076096,cuda,0.13449405133724213,0.6970416307449341,2.583402633666992,0.031694307923316956,0.03111495077610016,0.36360669136047363
mixture,em_uniform,"Euler--Maruyama, uniform t",Euler update,10,0,1,0,0.0552944130031392,0.0737258840041856,cuda,0.13822929561138153,0.3834369480609894,2.0061395168304443,0.10644280165433884,0.10672685503959656,0.242824524641037
mixture,em_uniform,"Euler--Maruyama, uniform t",Euler update,10,0,1,1,0.05799073108937591,0.07732097478583455,cuda,0.14590679109096527,0.39135685563087463,1.9990614652633667,0.0430099293589592,0.03989241644740105,0.23278653621673584
mixture,em_uniform,"Euler--Maruyama, uniform t",Euler update,20,0,1,0,0.10975699999835342,0.14634266666447124,cuda,0.09301538020372391,0.2874544858932495,1.7813637256622314,0.0028446789365261793,0.002418690361082554,0.174434095621109
mixture,em_uniform,"Euler--Maruyama, uniform t",Euler update,20,0,1,1,0.09311532089486718,0.12415376119315624,cuda,0.05638572946190834,0.24249926209449768,1.6925873756408691,0.0037411805242300034,0.0033254013396799564,0.15403397381305695
mixture,em_uniform,"Euler--Maruyama, uniform t",Euler update,50,0,1,0,0.2786177600501105,0.3714903467334807,cuda,0.11589739471673965,0.22050358355045319,1.6063514947891235,0.024671245366334915,0.022800734266638756,0.14304524660110474
mixture,em_uniform,"Euler--Maruyama, uniform t",Euler update,50,0,1,1,0.23818761494476348,0.317583486593018,cuda,0.1103006899356842,0.22471942007541656,1.6229158639907837,0.026551954448223114,0.027022726833820343,0.14539143443107605
mixture,em_uniform,"Euler--Maruyama, uniform t",Euler update,100,0,1,0,0.4656423550331965,0.6208564733775953,cuda,0.09332240372896194,0.190937340259552,1.5338464975357056,0.013610453344881535,0.01212420966476202,0.11841752380132675
mixture,em_uniform,"Euler--Maruyama, uniform t",Euler update,100,0,1,1,0.46832774102222174,0.624436988029629,cuda,0.07221312075853348,0.19057127833366394,1.5441718101501465,0.020795701071619987,0.022929083555936813,0.12173175811767578
mixture,em_log,"Euler--Maruyama, log sigma",Euler update,5,0,1,0,0.02280327898915857,0.03040437198554476,cuda,0.06226915121078491,0.7656001448631287,2.598933696746826,0.007474494632333517,0.008201926946640015,0.3518272340297699
mixture,em_log,"Euler--Maruyama, log sigma",Euler update,5,0,1,1,0.022267027059569955,0.02968936941275994,cuda,0.12383568286895752,0.7609710097312927,2.578101873397827,0.04167293384671211,0.037729255855083466,0.35118889808654785
mixture,em_log,"Euler--Maruyama, log sigma",Euler update,10,0,1,0,0.04667741898447275,0.06223655864596367,cuda,0.08601219952106476,0.33610424399375916,1.8692574501037598,0.0461653508245945,0.04621719941496849,0.2019021213054657
mixture,em_log,"Euler--Maruyama, log sigma",Euler update,10,0,1,1,0.04710922797676176,0.06281230396901567,cuda,0.10594050586223602,0.3662712872028351,1.9145992994308472,0.09186297655105591,0.08745989948511124,0.2037605196237564
mixture,em_log,"Euler--Maruyama, log sigma",Euler update,20,0,1,0,0.09692538902163506,0.12923385202884674,cuda,0.07399772852659225,0.2390843629837036,1.6528054475784302,0.010993929579854012,0.01170659065246582,0.13681243360042572
mixture,em_log,"Euler--Maruyama, log sigma",Euler update,20,0,1,1,0.09311728400643915,0.1241563786752522,cuda,0.05179576575756073,0.23604817688465118,1.6459888219833374,0.012117856182157993,0.01054164208471775,0.13620387017726898
mixture,em_log,"Euler--Maruyama, log sigma",Euler update,50,0,1,0,0.2381856630090624,0.31758088401208323,cuda,0.10264524072408676,0.17012567818164825,1.4716644287109375,0.008360909298062325,0.0077227260917425156,0.11098408699035645
mixture,em_log,"Euler--Maruyama, log sigma",Euler update,50,0,1,1,0.23567931505385786,0.31423908673847717,cuda,0.10043071955442429,0.19501343369483948,1.5470110177993774,0.105776846408844,0.10037587583065033,0.12739203870296478
mixture,em_log,"Euler--Maruyama, log sigma",Euler update,100,0,1,0,0.47867743705864996,0.6382365827448666,cuda,0.07742661982774734,0.18098235130310059,1.5069115161895752,0.027931274846196175,0.025118643417954445,0.11401311308145523
mixture,em_log,"Euler--Maruyama, log sigma",Euler update,100,0,1,1,0.48136793402954936,0.6418239120393991,cuda,0.1009601354598999,0.19290700554847717,1.5235207080841064,0.008230955339968204,0.007606057450175285,0.11993526667356491
mixture,sigma_uniform_dpm,"Sigma-space DPM-1, uniform t",DPM predictor,5,0,2,0,0.022406073985621333,0.029874765314161777,cuda,0.4716129004955292,0.15704143047332764,1.3336399793624878,2588.15283203125,69.81015014648438,0.3079071640968323
mixture,sigma_uniform_dpm,"Sigma-space DPM-1, uniform t",DPM predictor,5,0,2,1,0.0218575430335477,0.029143390711396933,cuda,0.4616174101829529,0.13207831978797913,1.279390811920166,2585.496826171875,70.3035659790039,0.3009192943572998
mixture,sigma_uniform_dpm,"Sigma-space DPM-1, uniform t",DPM predictor,10,0,2,0,0.05228485295083374,0.06971313726777832,cuda,0.4993617534637451,0.19939248263835907,1.4432475566864014,2584.240234375,69.64044189453125,0.3263216018676758
mixture,sigma_uniform_dpm,"Sigma-space DPM-1, uniform t",DPM predictor,10,0,2,1,0.050164585933089256,0.06688611457745235,cuda,0.46160265803337097,0.16882243752479553,1.3734660148620605,2580.094970703125,70.6159896850586,0.3022925853729248
mixture,sigma_uniform_dpm,"Sigma-space DPM-1, uniform t",DPM predictor,20,0,2,0,0.09330344200134277,0.1244045893351237,cuda,0.49549421668052673,0.20427612960338593,1.4592556953430176,2586.447021484375,70.20979309082031,0.32507258653640747
mixture,sigma_uniform_dpm,"Sigma-space DPM-1, uniform t",DPM predictor,20,0,2,1,0.09890431293752044,0.13187241725002727,cuda,0.4597781300544739,0.17745016515254974,1.4064959287643433,2573.494384765625,71.23014831542969,0.3014623820781708
mixture,sigma_uniform_dpm,"Sigma-space DPM-1, uniform t",DPM predictor,50,0,2,0,0.23808443499729037,0.3174459133297205,cuda,0.4612455368041992,0.16894741356372833,1.4013813734054565,2595.218017578125,70.23046875,0.3030991852283478
mixture,sigma_uniform_dpm,"Sigma-space DPM-1, uniform t",DPM predictor,50,0,2,1,0.23962007695809007,0.3194934359441201,cuda,0.42388057708740234,0.17978686094284058,1.4142966270446777,2583.289794921875,70.87669372558594,0.278142511844635
mixture,sigma_uniform_dpm,"Sigma-space DPM-1, uniform t",DPM predictor,100,0,2,0,0.46921595302410424,0.6256212706988057,cuda,0.4798212945461273,0.19617265462875366,1.4686086177825928,2586.005859375,70.81306457519531,0.317463755607605
mixture,sigma_uniform_dpm,"Sigma-space DPM-1, uniform t",DPM predictor,100,0,2,1,0.470470147090964,0.6272935294546187,cuda,0.47937917709350586,0.24641503393650055,1.5673627853393555,2581.10107421875,71.13900756835938,0.3167472183704376
mixture,sigma_log_dpm,"Sigma-space DPM-1, log sigma",DPM predictor,5,0,2,0,0.02243726293090731,0.029916350574543078,cuda,0.4657263159751892,0.13344670832157135,1.316360592842102,2588.194580078125,69.99507141113281,0.3053528368473053
mixture,sigma_log_dpm,"Sigma-space DPM-1, log sigma",DPM predictor,5,0,2,1,0.02522275596857071,0.03363034129142761,cuda,0.4565788507461548,0.11084551364183426,1.2674916982650757,2585.611083984375,70.49836730957031,0.299044132232666
mixture,sigma_log_dpm,"Sigma-space DPM-1, log sigma",DPM predictor,10,0,2,0,0.0477056730305776,0.06360756404077013,cuda,0.50404953956604,0.20272615551948547,1.4863064289093018,2582.09326171875,69.16032409667969,0.3331684470176697
mixture,sigma_log_dpm,"Sigma-space DPM-1, log sigma",DPM predictor,10,0,2,1,0.045816747937351465,0.061088997249801956,cuda,0.4671862721443176,0.1714983582496643,1.4159399271011353,2580.581787109375,70.79106140136719,0.3088151514530182
mixture,sigma_log_dpm,"Sigma-space DPM-1, log sigma",DPM predictor,20,0,2,0,0.10233094193972647,0.1364412559196353,cuda,0.5059173107147217,0.21624352037906647,1.5089110136032104,2587.35107421875,70.30823516845703,0.3343624770641327
mixture,sigma_log_dpm,"Sigma-space DPM-1, log sigma",DPM predictor,20,0,2,1,0.09364154899958521,0.12485539866611362,cuda,0.4696238338947296,0.18912763893604279,1.4569929838180542,2573.918212890625,71.37469482421875,0.3106100559234619
mixture,sigma_log_dpm,"Sigma-space DPM-1, log sigma",DPM predictor,50,0,2,0,0.23123028001282364,0.3083070400170982,cuda,0.47094491124153137,0.18192315101623535,1.4450762271881104,2596.41162109375,70.24253845214844,0.311507910490036
mixture,sigma_log_dpm,"Sigma-space DPM-1, log sigma",DPM predictor,50,0,2,1,0.23235303291585296,0.30980404388780397,cuda,0.4327200651168823,0.1933203786611557,1.4572757482528687,2583.2060546875,70.2406234741211,0.2859075665473938
mixture,sigma_log_dpm,"Sigma-space DPM-1, log sigma",DPM predictor,100,0,2,0,0.48167951696086675,0.6422393559478223,cuda,0.48623448610305786,0.20494940876960754,1.4952504634857178,2586.579345703125,70.81379699707031,0.32285410165786743
mixture,sigma_log_dpm,"Sigma-space DPM-1, log sigma",DPM predictor,100,0,2,1,0.46847164700739086,0.6246288626765212,cuda,0.4856915771961212,0.25647562742233276,1.5949734449386597,2581.5751953125,71.15077209472656,0.3222135007381439
mixture,dpm2_uniform,"DPM-2 + corrector, uniform t",Overall sampler,5,0,2,0,0.1568577520083636,0.2091436693444848,cuda,0.33267658948898315,0.34622901678085327,1.8285446166992188,2575.026611328125,69.54192352294922,0.27194157242774963
mixture,dpm2_uniform,"DPM-2 + corrector, uniform t",Overall sampler,5,0,2,1,0.15814226598013192,0.2108563546401759,cuda,0.2891663610935211,0.3318891227245331,1.8121036291122437,2578.595458984375,70.30938720703125,0.2549620270729065
mixture,dpm2_uniform,"DPM-2 + corrector, uniform t",Overall sampler,10,0,2,0,0.26703938702121377,0.356052516028285,cuda,0.30266115069389343,0.24315044283866882,1.597731351852417,2552.941162109375,70.01992797851562,0.21887731552124023
mixture,dpm2_uniform,"DPM-2 + corrector, uniform t",Overall sampler,10,0,2,1,0.23034213902428746,0.30712285203238326,cuda,0.3087185323238373,0.22622406482696533,1.568006992340088,2584.7021484375,70.08704376220703,0.2266697734594345
mixture,dpm2_uniform,"DPM-2 + corrector, uniform t",Overall sampler,20,0,2,0,0.36836340301670134,0.4911512040222685,cuda,0.26602810621261597,0.22695891559123993,1.557780146598816,2595.382080078125,68.53691101074219,0.20256364345550537
mixture,dpm2_uniform,"DPM-2 + corrector, uniform t",Overall sampler,20,0,2,1,0.3711906858952716,0.4949209145270288,cuda,0.2647411525249481,0.19876542687416077,1.501983642578125,2575.960205078125,69.56556701660156,0.19194886088371277
mixture,dpm2_uniform,"DPM-2 + corrector, uniform t",Overall sampler,50,0,2,0,0.7961104749701917,1.0614806332935889,cuda,0.17531150579452515,0.17407438158988953,1.432641863822937,2553.910888671875,70.9666748046875,0.1411295384168625
mixture,dpm2_uniform,"DPM-2 + corrector, uniform t",Overall sampler,50,0,2,1,0.8007954040076584,1.0677272053435445,cuda,0.18726016581058502,0.1521613895893097,1.3939540386199951,2580.061279296875,70.42845153808594,0.13915002346038818
mixture,dpm2_uniform,"DPM-2 + corrector, uniform t",Overall sampler,100,0,2,0,1.502295661950484,2.003060882600645,cuda,0.13600468635559082,0.1149960458278656,1.311416745185852,2579.254638671875,69.90396881103516,0.1093725636601448
mixture,dpm2_uniform,"DPM-2 + corrector, uniform t",Overall sampler,100,0,2,1,1.5049201509682462,2.006560201290995,cuda,0.16769322752952576,0.15048417448997498,1.3908145427703857,2575.579833984375,70.5556869506836,0.1292145848274231
mixture,dpm2_log,"DPM-2 + corrector, log sigma",Overall sampler,5,0,2,0,0.15949419094249606,0.21265892125666142,cuda,0.37297117710113525,0.22688038647174835,1.5548295974731445,2588.71875,70.84553527832031,0.25608527660369873
mixture,dpm2_log,"DPM-2 + corrector, log sigma",Overall sampler,5,0,2,1,0.1602676750626415,0.21369023341685534,cuda,0.3215548098087311,0.19534313678741455,1.4985255002975464,2587.954345703125,71.0040283203125,0.22399933636188507
mixture,dpm2_log,"DPM-2 + corrector, log sigma",Overall sampler,10,0,2,0,0.22913945000618696,0.30551926667491597,cuda,0.3928337097167969,0.24939653277397156,1.5865371227264404,2561.52880859375,69.70140075683594,0.26763567328453064
mixture,dpm2_log,"DPM-2 + corrector, log sigma",Overall sampler,10,0,2,1,0.22941545501817018,0.3058872733575602,cuda,0.3688194751739502,0.20018604397773743,1.4916096925735474,2575.1357421875,69.92278289794922,0.25041964650154114
mixture,dpm2_log,"DPM-2 + corrector, log sigma",Overall sampler,20,0,2,0,0.3690503250109032,0.4920671000145376,cuda,0.3551858067512512,0.20112372934818268,1.4913640022277832,2562.595947265625,70.9552993774414,0.23972013592720032
mixture,dpm2_log,"DPM-2 + corrector, log sigma",Overall sampler,20,0,2,1,0.3637458779849112,0.4849945039798816,cuda,0.3364367187023163,0.19686515629291534,1.4794541597366333,2580.654541015625,68.67363739013672,0.22665956616401672
mixture,dpm2_log,"DPM-2 + corrector, log sigma",Overall sampler,50,0,2,0,0.7836695060832426,1.0448926747776568,cuda,0.23436646163463593,0.1551019549369812,1.3887665271759033,2555.3056640625,69.69062805175781,0.16425871849060059
mixture,dpm2_log,"DPM-2 + corrector, log sigma",Overall sampler,50,0,2,1,0.7871315099764615,1.0495086799686153,cuda,0.19221454858779907,0.16256007552146912,1.4013805389404297,2555.50390625,70.07987976074219,0.14648059010505676
mixture,dpm2_log,"DPM-2 + corrector, log sigma",Overall sampler,100,0,2,0,1.4754896820522845,1.9673195760697126,cuda,0.09761478751897812,0.0805819034576416,1.2048577070236206,2562.479736328125,70.25627136230469,0.0802597850561142
mixture,dpm2_log,"DPM-2 + corrector, log sigma",Overall sampler,100,0,2,1,1.49996258597821,1.9999501146376133,cuda,0.14382413029670715,0.11710277944803238,1.3038091659545898,2574.8466796875,69.91278076171875,0.10607567429542542
mixture,em_uniform,"Euler--Maruyama, uniform t",Euler update,5,0,2,0,0.02289879193995148,0.030531722586601973,cuda,0.422452449798584,0.7541783452033997,2.538217544555664,2581.39599609375,68.72672271728516,0.4325890839099884
mixture,em_uniform,"Euler--Maruyama, uniform t",Euler update,5,0,2,1,0.027278546011075377,0.036371394681433834,cuda,0.32740330696105957,0.7001906037330627,2.47275447845459,2601.218994140625,69.08416748046875,0.40338626503944397
mixture,em_uniform,"Euler--Maruyama, uniform t",Euler update,10,0,2,0,0.054029995924793184,0.07203999456639092,cuda,0.3617459535598755,0.40479689836502075,1.951709270477295,2597.772705078125,67.80998992919922,0.3040187954902649
mixture,em_uniform,"Euler--Maruyama, uniform t",Euler update,10,0,2,1,0.056462750071659684,0.07528366676221292,cuda,0.3193567097187042,0.3949059247970581,1.9329447746276855,2578.954833984375,70.83556365966797,0.2854646146297455
mixture,em_uniform,"Euler--Maruyama, uniform t",Euler update,20,0,2,0,0.09320653195027262,0.12427537593369682,cuda,0.3332219421863556,0.3212167024612427,1.7673286199569702,2572.5,71.28192138671875,0.25994089245796204
mixture,em_uniform,"Euler--Maruyama, uniform t",Euler update,20,0,2,1,0.0925639959750697,0.12341866130009294,cuda,0.29485756158828735,0.3078618347644806,1.7367750406265259,2572.168212890625,71.25839233398438,0.23197102546691895
mixture,em_uniform,"Euler--Maruyama, uniform t",Euler update,50,0,2,0,0.24415265501011163,0.3255368733468155,cuda,0.28350067138671875,0.2083009034395218,1.5110923051834106,2575.665771484375,70.49755096435547,0.20028908550739288
mixture,em_uniform,"Euler--Maruyama, uniform t",Euler update,50,0,2,1,0.2331661650678143,0.31088822009041905,cuda,0.2457130402326584,0.19030582904815674,1.4839682579040527,2557.234130859375,72.06597900390625,0.1795780509710312
mixture,em_uniform,"Euler--Maruyama, uniform t",Euler update,100,0,2,0,0.5099366329377517,0.679915510583669,cuda,0.2503737211227417,0.15441539883613586,1.3898130655288696,2588.78955078125,68.2519302368164,0.17850539088249207
mixture,em_uniform,"Euler--Maruyama, uniform t",Euler update,100,0,2,1,0.47782190691214055,0.6370958758828541,cuda,0.29986682534217834,0.22532081604003906,1.5445913076400757,2580.243408203125,70.59193420410156,0.20829929411411285
mixture,em_log,"Euler--Maruyama, log sigma",Euler update,5,0,2,0,0.0224818930728361,0.029975857430448134,cuda,0.36789199709892273,0.935915470123291,2.680637836456299,2583.859375,70.68241119384766,0.4495139420032501
mixture,em_log,"Euler--Maruyama, log sigma",Euler update,5,0,2,1,0.024476240971125662,0.03263498796150088,cuda,0.26203346252441406,0.8440080881118774,2.572887420654297,2593.940185546875,70.45274353027344,0.3964605927467346
mixture,em_log,"Euler--Maruyama, log sigma",Euler update,10,0,2,0,0.045165947056375444,0.060221262741833925,cuda,0.3219793140888214,0.4224100708961487,1.9115204811096191,2583.113037109375,68.62965393066406,0.27524590492248535
mixture,em_log,"Euler--Maruyama, log sigma",Euler update,10,0,2,1,0.04681070300284773,0.062414270670463644,cuda,0.31395620107650757,0.34032484889030457,1.789445161819458,2572.611572265625,72.2801513671875,0.2588784694671631
mixture,em_log,"Euler--Maruyama, log sigma",Euler update,20,0,2,0,0.09760731796268374,0.13014309061691165,cuda,0.32500603795051575,0.24379891157150269,1.5968374013900757,2578.853515625,69.52007293701172,0.23350726068019867
mixture,em_log,"Euler--Maruyama, log sigma",Euler update,20,0,2,1,0.09558029100298882,0.12744038800398508,cuda,0.3019004464149475,0.24164947867393494,1.5842657089233398,2582.187744140625,68.06727600097656,0.21599380671977997
mixture,em_log,"Euler--Maruyama, log sigma",Euler update,50,0,2,0,0.23738734796643257,0.3165164639552434,cuda,0.29393360018730164,0.20112499594688416,1.4969040155410767,2577.5087890625,70.04596710205078,0.20432016253471375
mixture,em_log,"Euler--Maruyama, log sigma",Euler update,50,0,2,1,0.2379266219213605,0.3172354958951473,cuda,0.23517195880413055,0.2149890959262848,1.51352059841156,2565.391845703125,69.10746002197266,0.1809399425983429
mixture,em_log,"Euler--Maruyama, log sigma",Euler update,100,0,2,0,0.4731291549978778,0.6308388733305037,cuda,0.22913046181201935,0.16081008315086365,1.391210913658142,2573.137451171875,69.78866577148438,0.16469472646713257
mixture,em_log,"Euler--Maruyama, log sigma",Euler update,100,0,2,1,0.4742283810628578,0.6323045080838104,cuda,0.28067323565483093,0.20051370561122894,1.4924297332763672,2564.047607421875,70.64834594726562,0.19841104745864868
mixture,sigma_uniform_dpm,"Sigma-space DPM-1, uniform t",DPM predictor,5,0,3,0,0.022908697021193802,0.030544929361591738,cuda,0.5601900815963745,0.6334003210067749,1.2139238119125366,29.86056137084961,4.673471450805664,0.3640103340148926
mixture,sigma_uniform_dpm,"Sigma-space DPM-1, uniform t",DPM predictor,5,0,3,1,0.02521412493661046,0.03361883324881395,cuda,0.5377411246299744,0.5879107713699341,1.179006576538086,28.95953941345215,4.610648155212402,0.3522188067436218
mixture,sigma_uniform_dpm,"Sigma-space DPM-1, uniform t",DPM predictor,10,0,3,0,0.05495806294493377,0.0732774172599117,cuda,0.4959189295768738,0.37149402499198914,1.1155153512954712,30.716707229614258,3.8361501693725586,0.3241564929485321
mixture,sigma_uniform_dpm,"Sigma-space DPM-1, uniform t",DPM predictor,10,0,3,1,0.04574514098931104,0.06099352131908139,cuda,0.5217581987380981,0.4024171531200409,1.1151502132415771,29.33493423461914,4.4794135093688965,0.3397696018218994
mixture,sigma_uniform_dpm,"Sigma-space DPM-1, uniform t",DPM predictor,20,0,3,0,0.09153905999846756,0.12205207999795675,cuda,0.4993295669555664,0.40618467330932617,1.1493784189224243,30.8105525970459,4.493686676025391,0.3256455659866333
mixture,sigma_uniform_dpm,"Sigma-space DPM-1, uniform t",DPM predictor,20,0,3,1,0.09124186797998846,0.12165582397331794,cuda,0.5563434958457947,0.4642913043498993,1.1666182279586792,30.750408172607422,4.555614471435547,0.356548011302948
mixture,sigma_uniform_dpm,"Sigma-space DPM-1, uniform t",DPM predictor,50,0,3,0,0.236350197927095,0.31513359723612666,cuda,0.5035492777824402,0.35998380184173584,1.138114333152771,29.457565307617188,4.341350078582764,0.32756325602531433
mixture,sigma_uniform_dpm,"Sigma-space DPM-1, uniform t",DPM predictor,50,0,3,1,0.23440803703851998,0.3125440493846933,cuda,0.5251790285110474,0.4274849593639374,1.1676465272903442,27.85494613647461,4.692076683044434,0.33959275484085083
mixture,sigma_uniform_dpm,"Sigma-space DPM-1, uniform t",DPM predictor,100,0,3,0,0.4632380959810689,0.6176507946414252,cuda,0.4540393054485321,0.2674984037876129,1.1158430576324463,30.74493980407715,4.755242347717285,0.29463207721710205
mixture,sigma_uniform_dpm,"Sigma-space DPM-1, uniform t",DPM predictor,100,0,3,1,0.47100502997636795,0.6280067066351572,cuda,0.5158905982971191,0.3560008406639099,1.1236374378204346,30.675996780395508,4.499356269836426,0.3327069878578186
mixture,sigma_log_dpm,"Sigma-space DPM-1, log sigma",DPM predictor,5,0,3,0,0.02196454699151218,0.02928606265534957,cuda,0.7041347622871399,0.6940690875053406,1.2149282693862915,30.47005844116211,5.793421745300293,0.4552830457687378
mixture,sigma_log_dpm,"Sigma-space DPM-1, log sigma",DPM predictor,5,0,3,1,0.022055455949157476,0.029407274598876636,cuda,0.6821367144584656,0.6549229621887207,1.185792326927185,29.394359588623047,6.4423909187316895,0.4423314034938812
mixture,sigma_log_dpm,"Sigma-space DPM-1, log sigma",DPM predictor,10,0,3,0,0.05129997001495212,0.06839996001993616,cuda,0.5573926568031311,0.42807596921920776,1.140579342842102,30.650136947631836,4.812366962432861,0.36077386140823364
mixture,sigma_log_dpm,"Sigma-space DPM-1, log sigma",DPM predictor,10,0,3,1,0.04567234392743558,0.0608964585699141,cuda,0.586984395980835,0.45839619636535645,1.139420747756958,30.40317726135254,5.139489650726318,0.37863993644714355
mixture,sigma_log_dpm,"Sigma-space DPM-1, log sigma",DPM predictor,20,0,3,0,0.09630015608854592,0.12840020811806122,cuda,0.5447309613227844,0.4478261172771454,1.1714036464691162,31.400907516479492,4.57586669921875,0.3527147173881531
mixture,sigma_log_dpm,"Sigma-space DPM-1, log sigma",DPM predictor,20,0,3,1,0.0948204459855333,0.1264272613140444,cuda,0.5987955331802368,0.5045294165611267,1.1894340515136719,30.76142692565918,5.3066205978393555,0.38212713599205017
mixture,sigma_log_dpm,"Sigma-space DPM-1, log sigma",DPM predictor,50,0,3,0,0.2327409740537405,0.31032129873832065,cuda,0.5251688361167908,0.37795230746269226,1.1515651941299438,29.44801139831543,4.699369430541992,0.340194970369339
mixture,sigma_log_dpm,"Sigma-space DPM-1, log sigma",DPM predictor,50,0,3,1,0.23615955701097846,0.31487940934797126,cuda,0.5478891134262085,0.44832131266593933,1.1819034814834595,27.83841323852539,5.046320915222168,0.3532058596611023
mixture,sigma_log_dpm,"Sigma-space DPM-1, log sigma",DPM predictor,100,0,3,0,0.46607014106120914,0.6214268547482789,cuda,0.46706435084342957,0.27646368741989136,1.123396396636963,30.753284454345703,5.004311561584473,0.3025132715702057
mixture,sigma_log_dpm,"Sigma-space DPM-1, log sigma",DPM predictor,100,0,3,1,0.47146706306375563,0.6286227507516742,cuda,0.5276756286621094,0.36593833565711975,1.1315757036209106,30.428508758544922,4.794479846954346,0.33959898352622986
mixture,dpm2_uniform,"DPM-2 + corrector, uniform t",Overall sampler,5,0,3,0,0.16811035794671625,0.224147143928955,cuda,0.2319427877664566,0.3111265003681183,1.2311280965805054,29.29246711730957,1.2670097351074219,0.19822457432746887
mixture,dpm2_uniform,"DPM-2 + corrector, uniform t",Overall sampler,5,0,3,1,0.16220434999559075,0.21627246666078767,cuda,0.18155287206172943,0.2508121728897095,1.1952487230300903,29.65709686279297,1.6878552436828613,0.15701337158679962
mixture,dpm2_uniform,"DPM-2 + corrector, uniform t",Overall sampler,10,0,3,0,0.24180080101359636,0.32240106801812846,cuda,0.16693530976772308,0.1957017034292221,1.1452428102493286,32.4283332824707,1.2179150581359863,0.131663978099823
mixture,dpm2_uniform,"DPM-2 + corrector, uniform t",Overall sampler,10,0,3,1,0.23347298603039235,0.3112973147071898,cuda,0.22482870519161224,0.2110266536474228,1.1577428579330444,33.82492446899414,1.2421557903289795,0.17061810195446014
mixture,dpm2_uniform,"DPM-2 + corrector, uniform t",Overall sampler,20,0,3,0,0.37057006009854376,0.494093413464725,cuda,0.1695132553577423,0.31732791662216187,1.2058987617492676,30.56857681274414,0.9208133220672607,0.14799447357654572
mixture,dpm2_uniform,"DPM-2 + corrector, uniform t",Overall sampler,20,0,3,1,0.36969154805410653,0.49292206407214206,cuda,0.2088254690170288,0.22898371517658234,1.1501879692077637,30.470613479614258,0.9233728051185608,0.14993160963058472
mixture,dpm2_uniform,"DPM-2 + corrector, uniform t",Overall sampler,50,0,3,0,0.7877100649056956,1.0502800865409274,cuda,0.13924048840999603,0.2695651352405548,1.1603056192398071,32.5849494934082,0.9392067193984985,0.13205762207508087
mixture,dpm2_uniform,"DPM-2 + corrector, uniform t",Overall sampler,50,0,3,1,0.7965244349325076,1.06203257991001,cuda,0.18280065059661865,0.31013789772987366,1.18142569065094,29.370607376098633,0.9868084788322449,0.14326190948486328
mixture,dpm2_uniform,"DPM-2 + corrector, uniform t",Overall sampler,100,0,3,0,1.5036356260534376,2.0048475014045835,cuda,0.20342443883419037,0.20313936471939087,1.1225783824920654,27.36429786682129,0.8624504208564758,0.1581316739320755
mixture,dpm2_uniform,"DPM-2 + corrector, uniform t",Overall sampler,100,0,3,1,1.5255080700153485,2.0340107600204647,cuda,0.15595532953739166,0.13840538263320923,1.0850822925567627,31.025083541870117,0.9932854175567627,0.12241975218057632
mixture,dpm2_log,"DPM-2 + corrector, log sigma",Overall sampler,5,0,3,0,0.1959281919989735,0.26123758933196467,cuda,0.29066002368927,0.23725825548171997,1.169582724571228,30.8853759765625,1.8662958145141602,0.20452234148979187
mixture,dpm2_log,"DPM-2 + corrector, log sigma",Overall sampler,5,0,3,1,0.17066085303667933,0.22754780404890576,cuda,0.2691042423248291,0.2020157426595688,1.1451841592788696,29.482196807861328,1.6735944747924805,0.1916625201702118
mixture,dpm2_log,"DPM-2 + corrector, log sigma",Overall sampler,10,0,3,0,0.22838026098906994,0.30450701465209323,cuda,0.22941434383392334,0.22041018307209015,1.1597732305526733,28.02750587463379,1.5327422618865967,0.1688743680715561
mixture,dpm2_log,"DPM-2 + corrector, log sigma",Overall sampler,10,0,3,1,0.22984350204933435,0.3064580027324458,cuda,0.29449543356895447,0.19788858294487,1.1381460428237915,28.194005966186523,1.6877739429473877,0.20225116610527039
mixture,dpm2_log,"DPM-2 + corrector, log sigma",Overall sampler,20,0,3,0,0.3627587059745565,0.483678274632742,cuda,0.19327571988105774,0.1994379162788391,1.1485610008239746,32.00701141357422,1.2471332550048828,0.14964018762111664
mixture,dpm2_log,"DPM-2 + corrector, log sigma",Overall sampler,20,0,3,1,0.3937986670061946,0.5250648893415928,cuda,0.269928514957428,0.17817582190036774,1.140138864517212,29.24624252319336,1.3261103630065918,0.18404996395111084
mixture,dpm2_log,"DPM-2 + corrector, log sigma",Overall sampler,50,0,3,0,0.7876202730694786,1.050160364092638,cuda,0.13379642367362976,0.2194204479455948,1.1367899179458618,27.398115158081055,0.918921172618866,0.12001118063926697
mixture,dpm2_log,"DPM-2 + corrector, log sigma",Overall sampler,50,0,3,1,0.7800796420779079,1.0401061894372106,cuda,0.1767759621143341,0.26929929852485657,1.1613402366638184,31.893213272094727,0.9190152287483215,0.1455322653055191
mixture,dpm2_log,"DPM-2 + corrector, log sigma",Overall sampler,100,0,3,0,1.4882968270685524,1.9843957694247365,cuda,0.24119727313518524,0.1029096469283104,1.0631616115570068,33.63473129272461,0.889618992805481,0.17658206820487976
mixture,dpm2_log,"DPM-2 + corrector, log sigma",Overall sampler,100,0,3,1,1.567338555934839,2.089784741246452,cuda,0.17167256772518158,0.12873168289661407,1.0785945653915405,32.55411911010742,0.845845103263855,0.12938211858272552
mixture,em_uniform,"Euler--Maruyama, uniform t",Euler update,5,0,3,0,0.027983305975794792,0.03731107463439306,cuda,0.3243700861930847,0.8436700701713562,1.5525901317596436,28.773298263549805,2.2427191734313965,0.3257056176662445
mixture,em_uniform,"Euler--Maruyama, uniform t",Euler update,5,0,3,1,0.029970925068482757,0.03996123342464367,cuda,0.3537600636482239,0.8041139841079712,1.5495365858078003,28.85306167602539,2.817075252532959,0.34255796670913696
mixture,em_uniform,"Euler--Maruyama, uniform t",Euler update,10,0,3,0,0.050131425028666854,0.06684190003822248,cuda,0.18763838708400726,0.34053680300712585,1.2601637840270996,31.085412979125977,1.7140040397644043,0.18261411786079407
mixture,em_uniform,"Euler--Maruyama, uniform t",Euler update,10,0,3,1,0.04557396599557251,0.060765287994096674,cuda,0.2576923668384552,0.41004106402397156,1.3108888864517212,32.37724304199219,1.443197250366211,0.22500844299793243
mixture,em_uniform,"Euler--Maruyama, uniform t",Euler update,20,0,3,0,0.09620638098567724,0.12827517464756966,cuda,0.19937127828598022,0.35483115911483765,1.2607080936431885,31.235050201416016,1.3898673057556152,0.17949339747428894
mixture,em_uniform,"Euler--Maruyama, uniform t",Euler update,20,0,3,1,0.09390517300926149,0.125206897345682,cuda,0.24159209430217743,0.2230837643146515,1.1798734664916992,33.89026641845703,1.5111663341522217,0.18163397908210754
mixture,em_uniform,"Euler--Maruyama, uniform t",Euler update,50,0,3,0,0.23713944992050529,0.3161859332273404,cuda,0.1820027232170105,0.23949502408504486,1.1860517263412476,32.7222785949707,1.4742358922958374,0.14890539646148682
mixture,em_uniform,"Euler--Maruyama, uniform t",Euler update,50,0,3,1,0.23693030094727874,0.31590706792970497,cuda,0.19358766078948975,0.2303420901298523,1.1711496114730835,33.477378845214844,1.2616312503814697,0.15251518785953522
mixture,em_uniform,"Euler--Maruyama, uniform t",Euler update,100,0,3,0,0.468575919046998,0.624767892062664,cuda,0.19989031553268433,0.12008129805326462,1.100032925605774,29.236875534057617,1.1547304391860962,0.1496940404176712
mixture,em_uniform,"Euler--Maruyama, uniform t",Euler update,100,0,3,1,0.4813612229190767,0.6418149638921022,cuda,0.2103016972541809,0.11514939367771149,1.0945775508880615,30.44932746887207,1.0671759843826294,0.15486522018909454
mixture,em_log,"Euler--Maruyama, log sigma",Euler update,5,0,3,0,0.03429828002117574,0.045731040028234325,cuda,0.45927926898002625,1.0716174840927124,1.6879748106002808,34.6951789855957,2.57682466506958,0.38608798384666443
mixture,em_log,"Euler--Maruyama, log sigma",Euler update,5,0,3,1,0.022525568958371878,0.030034091944495838,cuda,0.4801171123981476,1.1789592504501343,1.7376855611801147,29.695146560668945,2.7261416912078857,0.42232152819633484
mixture,em_log,"Euler--Maruyama, log sigma",Euler update,10,0,3,0,0.05498415604233742,0.07331220805644989,cuda,0.16886289417743683,0.4527032673358917,1.3175171613693237,31.709449768066406,1.3282701969146729,0.18286985158920288
mixture,em_log,"Euler--Maruyama, log sigma",Euler update,10,0,3,1,0.053913444047793746,0.071884592063725,cuda,0.2577863037586212,0.474526971578598,1.351732850074768,29.53114891052246,1.3319668769836426,0.20732471346855164
mixture,em_log,"Euler--Maruyama, log sigma",Euler update,20,0,3,0,0.10185222199652344,0.13580296266203126,cuda,0.17839455604553223,0.32318100333213806,1.2164533138275146,30.970766067504883,1.1695220470428467,0.15278279781341553
mixture,em_log,"Euler--Maruyama, log sigma",Euler update,20,0,3,1,0.11249720491468906,0.14999627321958542,cuda,0.2574745714664459,0.28369101881980896,1.2057745456695557,30.437320709228516,1.400568962097168,0.17897479236125946
mixture,em_log,"Euler--Maruyama, log sigma",Euler update,50,0,3,0,0.23943271592725068,0.31924362123633426,cuda,0.15293467044830322,0.25011590123176575,1.173807978630066,33.5030403137207,1.1622061729431152,0.13793230056762695
mixture,em_log,"Euler--Maruyama, log sigma",Euler update,50,0,3,1,0.24085106106940657,0.3211347480925421,cuda,0.1766064167022705,0.24840684235095978,1.171429991722107,31.78090476989746,1.0258336067199707,0.139239102602005
mixture,em_log,"Euler--Maruyama, log sigma",Euler update,100,0,3,0,0.4756231679348275,0.6341642239131033,cuda,0.20345452427864075,0.1139439195394516,1.0882461071014404,35.89830017089844,1.2355446815490723,0.15211638808250427
mixture,em_log,"Euler--Maruyama, log sigma",Euler update,100,0,3,1,0.4684396890224889,0.6245862520299852,cuda,0.18122605979442596,0.13978251814842224,1.1054258346557617,29.330188751220703,1.0068329572677612,0.1333085000514984
mixture,sigma_uniform_dpm,"Sigma-space DPM-1, uniform t",DPM predictor,5,1,0,0,0.03443236602470279,0.045909821366270386,cuda,0.3807307183742523,0.2624151408672333,1.0266395807266235,0.1495559960603714,0.7476973533630371,0.25922292470932007
mixture,sigma_uniform_dpm,"Sigma-space DPM-1, uniform t",DPM predictor,5,1,0,1,0.028399563976563513,0.037866085302084684,cuda,0.3794712722301483,0.25631552934646606,1.0366003513336182,0.2879118323326111,0.9668340086936951,0.2572571635246277
mixture,sigma_uniform_dpm,"Sigma-space DPM-1, uniform t",DPM predictor,10,1,0,0,0.05263072403613478,0.07017429871484637,cuda,0.3115224540233612,0.19515392184257507,1.0586152076721191,0.0553954541683197,0.5918799042701721,0.21186816692352295
mixture,sigma_uniform_dpm,"Sigma-space DPM-1, uniform t",DPM predictor,10,1,0,1,0.052933750906959176,0.07057833454261224,cuda,0.3154014050960541,0.21278652548789978,1.042494297027588,0.05939536169171333,0.49815645813941956,0.21411122381687164
mixture,sigma_uniform_dpm,"Sigma-space DPM-1, uniform t",DPM predictor,20,1,0,0,0.09576594701502472,0.1276879293533663,cuda,0.29963913559913635,0.14315885305404663,1.0409339666366577,0.02792932651937008,0.5787227749824524,0.20068944990634918
mixture,sigma_uniform_dpm,"Sigma-space DPM-1, uniform t",DPM predictor,20,1,0,1,0.09238006197847426,0.12317341597129901,cuda,0.29192718863487244,0.17256908118724823,1.078654170036316,0.1351138800382614,0.4951176941394806,0.19396966695785522
mixture,sigma_uniform_dpm,"Sigma-space DPM-1, uniform t",DPM predictor,50,1,0,0,0.22967150900512934,0.3062286786735058,cuda,0.3154486119747162,0.15685415267944336,1.106289029121399,0.2629556655883789,0.5592271685600281,0.20770032703876495
mixture,sigma_uniform_dpm,"Sigma-space DPM-1, uniform t",DPM predictor,50,1,0,1,0.25070335099007934,0.3342711346534391,cuda,0.30218857526779175,0.17076924443244934,1.0758554935455322,0.04148496687412262,0.5345494151115417,0.20286062359809875
mixture,sigma_uniform_dpm,"Sigma-space DPM-1, uniform t",DPM predictor,100,1,0,0,0.4698370120022446,0.6264493493363261,cuda,0.271319180727005,0.08791611343622208,1.056677222251892,0.06221771240234375,0.7424798011779785,0.1811273843050003
mixture,sigma_uniform_dpm,"Sigma-space DPM-1, uniform t",DPM predictor,100,1,0,1,0.4751422400586307,0.633522986744841,cuda,0.28928112983703613,0.10211320966482162,1.0684869289398193,0.062294039875268936,0.564051628112793,0.19352804124355316
mixture,sigma_log_dpm,"Sigma-space DPM-1, log sigma",DPM predictor,5,1,0,0,0.026281572063453496,0.03504209608460466,cuda,0.43910181522369385,0.2997758984565735,1.0134886503219604,0.15810176730155945,0.9694663286209106,0.2984726130962372
mixture,sigma_log_dpm,"Sigma-space DPM-1, log sigma",DPM predictor,5,1,0,1,0.03427771804854274,0.04570362406472365,cuda,0.43789902329444885,0.2926744818687439,1.0217925310134888,0.3580874800682068,0.9599208831787109,0.29655060172080994
mixture,sigma_log_dpm,"Sigma-space DPM-1, log sigma",DPM predictor,10,1,0,0,0.0584538480034098,0.0779384640045464,cuda,0.35409238934516907,0.2049383819103241,1.0614302158355713,0.07421214133501053,0.8978596329689026,0.23860019445419312
mixture,sigma_log_dpm,"Sigma-space DPM-1, log sigma",DPM predictor,10,1,0,1,0.04788008099421859,0.06384010799229145,cuda,0.36125895380973816,0.22236263751983643,1.0449262857437134,0.07674595713615417,0.8324358463287354,0.24275203049182892
mixture,sigma_log_dpm,"Sigma-space DPM-1, log sigma",DPM predictor,20,1,0,0,0.0904700430110097,0.1206267240146796,cuda,0.33831170201301575,0.1491421014070511,1.0503547191619873,0.037458740174770355,0.778555691242218,0.22465616464614868
mixture,sigma_log_dpm,"Sigma-space DPM-1, log sigma",DPM predictor,20,1,0,1,0.09586585592478514,0.12782114123304686,cuda,0.3304278552532196,0.17954109609127045,1.0877084732055664,0.18368099629878998,0.7364925742149353,0.2177889049053192
mixture,sigma_log_dpm,"Sigma-space DPM-1, log sigma",DPM predictor,50,1,0,0,0.23623747599776834,0.3149833013303578,cuda,0.35112863779067993,0.1700334995985031,1.1156854629516602,0.2704255282878876,0.7502925992012024,0.23003868758678436
mixture,sigma_log_dpm,"Sigma-space DPM-1, log sigma",DPM predictor,50,1,0,1,0.2318163700401783,0.3090884933869044,cuda,0.33863410353660583,0.17914941906929016,1.0844535827636719,0.05507779121398926,0.7800617218017578,0.22549501061439514
mixture,sigma_log_dpm,"Sigma-space DPM-1, log sigma",DPM predictor,100,1,0,0,0.4707053389865905,0.6276071186487874,cuda,0.2950097620487213,0.09427276253700256,1.061585783958435,0.07387605309486389,0.9756793975830078,0.19599492847919464
mixture,sigma_log_dpm,"Sigma-space DPM-1, log sigma",DPM predictor,100,1,0,1,0.47303027694579214,0.6307070359277228,cuda,0.3117638826370239,0.10941696912050247,1.0740249156951904,0.07151442766189575,0.7493558526039124,0.2074408084154129
mixture,dpm2_uniform,"DPM-2 + corrector, uniform t",Overall sampler,5,1,0,0,0.15824719006195664,0.2109962534159422,cuda,0.12070122361183167,0.29436394572257996,1.2153114080429077,0.056106291711330414,0.1804666370153427,0.1270473748445511
mixture,dpm2_uniform,"DPM-2 + corrector, uniform t",Overall sampler,5,1,0,1,0.16164893098175526,0.21553190797567368,cuda,0.14794202148914337,0.2911573648452759,1.2196489572525024,0.011175031773746014,0.12603873014450073,0.14064143598079681
mixture,dpm2_uniform,"DPM-2 + corrector, uniform t",Overall sampler,10,1,0,0,0.23491101106628776,0.313214681421717,cuda,0.129945769906044,0.28781136870384216,1.1992955207824707,0.013729369267821312,0.11665447056293488,0.12042328715324402
mixture,dpm2_uniform,"DPM-2 + corrector, uniform t",Overall sampler,10,1,0,1,0.2279858780093491,0.30398117067913216,cuda,0.1319999098777771,0.16781993210315704,1.1325021982192993,0.005881649442017078,0.0617813803255558,0.10387840121984482
mixture,dpm2_uniform,"DPM-2 + corrector, uniform t",Overall sampler,20,1,0,0,0.3738745979499072,0.4984994639332096,cuda,0.07068059593439102,0.20226870477199554,1.1470367908477783,0.006880407687276602,0.02681410312652588,0.08312105387449265
mixture,dpm2_uniform,"DPM-2 + corrector, uniform t",Overall sampler,20,1,0,1,0.3706510990159586,0.49420146535461146,cuda,0.046884506940841675,0.3310409188270569,1.2174204587936401,0.0347030870616436,0.0375087670981884,0.10153134167194366
mixture,dpm2_uniform,"DPM-2 + corrector, uniform t",Overall sampler,50,1,0,0,0.7929990220582113,1.0573320294109483,cuda,0.049697570502758026,0.27739086747169495,1.1823261976242065,0.356952965259552,0.0296730138361454,0.08942902088165283
mixture,dpm2_uniform,"DPM-2 + corrector, uniform t",Overall sampler,50,1,0,1,0.8002890989882872,1.0670521319843829,cuda,0.04348069429397583,0.28964513540267944,1.1894807815551758,0.5645262598991394,0.04657632112503052,0.09841930866241455
mixture,dpm2_uniform,"DPM-2 + corrector, uniform t",Overall sampler,100,1,0,0,1.5029607539763674,2.00394767196849,cuda,0.036505650728940964,0.27099332213401794,1.1783584356307983,0.001086845644749701,0.007552956230938435,0.08998233079910278
mixture,dpm2_uniform,"DPM-2 + corrector, uniform t",Overall sampler,100,1,0,1,1.489656643010676,1.9862088573475678,cuda,0.07704436779022217,0.32039040327072144,1.2078323364257812,0.14226336777210236,0.011536792851984501,0.09078343212604523
mixture,dpm2_log,"DPM-2 + corrector, log sigma",Overall sampler,5,1,0,0,0.18221879901830107,0.24295839869106808,cuda,0.11251736432313919,0.1689954698085785,1.1247237920761108,0.005427528638392687,0.1195514127612114,0.09555414319038391
mixture,dpm2_log,"DPM-2 + corrector, log sigma",Overall sampler,5,1,0,1,0.1634143270784989,0.21788576943799853,cuda,0.15078018605709076,0.1372663825750351,1.1105457544326782,0.008246108889579773,0.08526283502578735,0.114265576004982
mixture,dpm2_log,"DPM-2 + corrector, log sigma",Overall sampler,10,1,0,0,0.27659254299942404,0.36879005733256537,cuda,0.16818740963935852,0.22639931738376617,1.1703161001205444,0.05722096189856529,0.10948574542999268,0.12309339642524719
mixture,dpm2_log,"DPM-2 + corrector, log sigma",Overall sampler,10,1,0,1,0.23213776003103703,0.30951701337471604,cuda,0.1561773717403412,0.12772375345230103,1.1111778020858765,0.011080590076744556,0.10413214564323425,0.11036598682403564
mixture,dpm2_log,"DPM-2 + corrector, log sigma",Overall sampler,20,1,0,0,0.36620556795969605,0.4882740906129281,cuda,0.11275870352983475,0.10924288630485535,1.0829249620437622,0.16105332970619202,0.10171491652727127,0.08558741956949234
mixture,dpm2_log,"DPM-2 + corrector, log sigma",Overall sampler,20,1,0,1,0.3659588129958138,0.4879450839944184,cuda,0.09497275948524475,0.27494287490844727,1.191291093826294,0.057057056576013565,0.044943422079086304,0.10455378144979477
mixture,dpm2_log,"DPM-2 + corrector, log sigma",Overall sampler,50,1,0,0,0.7914835939882323,1.0553114586509764,cuda,0.066971056163311,0.3227996230125427,1.2083479166030884,0.10679782927036285,0.025548473000526428,0.10416670143604279
mixture,dpm2_log,"DPM-2 + corrector, log sigma",Overall sampler,50,1,0,1,0.7941377910319716,1.0588503880426288,cuda,0.04861507564783096,0.2535944879055023,1.1673295497894287,0.014112203381955624,0.015969039872288704,0.09259318560361862
mixture,dpm2_log,"DPM-2 + corrector, log sigma",Overall sampler,100,1,0,0,1.475297125056386,1.9670628334085147,cuda,0.08779340237379074,0.2530653476715088,1.1665412187576294,0.0009224620298482478,0.0042594196274876595,0.10214116424322128
mixture,dpm2_log,"DPM-2 + corrector, log sigma",Overall sampler,100,1,0,1,1.484986381023191,1.9799818413642545,cuda,0.027466116473078728,0.30103781819343567,1.1953802108764648,0.02480238676071167,0.012466221116483212,0.08648519963026047
mixture,em_uniform,"Euler--Maruyama, uniform t",Euler update,5,1,0,0,0.022251497954130173,0.02966866393884023,cuda,0.2772290110588074,0.6910709738731384,1.5376667976379395,0.08606989681720734,0.17967583239078522,0.3093046247959137
mixture,em_uniform,"Euler--Maruyama, uniform t",Euler update,5,1,0,1,0.025714876945130527,0.03428650259350737,cuda,0.26426202058792114,0.7212108969688416,1.559491753578186,0.21228429675102234,0.8929774165153503,0.3144446015357971
mixture,em_uniform,"Euler--Maruyama, uniform t",Euler update,10,1,0,0,0.04814339801669121,0.06419119735558827,cuda,0.16698560118675232,0.45666342973709106,1.3521215915679932,0.01483206544071436,0.07643228024244308,0.2044811099767685
mixture,em_uniform,"Euler--Maruyama, uniform t",Euler update,10,1,0,1,0.045765207963995636,0.061020277285327516,cuda,0.13861772418022156,0.2843542695045471,1.251568078994751,0.0012677967315539718,0.023061208426952362,0.15953733026981354
mixture,em_uniform,"Euler--Maruyama, uniform t",Euler update,20,1,0,0,0.09273863700218499,0.12365151600291331,cuda,0.10881582647562027,0.19157540798187256,1.1655417680740356,0.03184949606657028,0.06461548060178757,0.11834155768156052
mixture,em_uniform,"Euler--Maruyama, uniform t",Euler update,20,1,0,1,0.09220328996889293,0.12293771995852391,cuda,0.09608246386051178,0.32779714465141296,1.2527294158935547,0.12857376039028168,0.19088716804981232,0.1410132497549057
mixture,em_uniform,"Euler--Maruyama, uniform t",Euler update,50,1,0,0,0.2340980409644544,0.3121307212859392,cuda,0.07240572571754456,0.3010518550872803,1.210811734199524,0.03318260237574577,0.010487614199519157,0.1130632609128952
mixture,em_uniform,"Euler--Maruyama, uniform t",Euler update,50,1,0,1,0.2628144830232486,0.3504193106976648,cuda,0.04662664979696274,0.24997274577617645,1.1810591220855713,0.08084151148796082,0.01493251696228981,0.10024503618478775
mixture,em_uniform,"Euler--Maruyama, uniform t",Euler update,100,1,0,0,0.47052669199183583,0.6273689226557811,cuda,0.11590971797704697,0.2125730663537979,1.1495698690414429,0.025269992649555206,0.0028780349530279636,0.10158825665712357
mixture,em_uniform,"Euler--Maruyama, uniform t",Euler update,100,1,0,1,0.522487606969662,0.696650142626216,cuda,0.04839731380343437,0.2788889408111572,1.1894245147705078,0.014311622828245163,0.003945323638617992,0.09718722105026245
mixture,em_log,"Euler--Maruyama, log sigma",Euler update,5,1,0,0,0.027581186033785343,0.03677491471171379,cuda,0.29740530252456665,0.9268914461135864,1.624010443687439,0.04877607896924019,0.3050108850002289,0.31855353713035583
mixture,em_log,"Euler--Maruyama, log sigma",Euler update,5,1,0,1,0.027450949070043862,0.03660126542672515,cuda,0.3095991909503937,0.8918665051460266,1.6214815378189087,0.10090658813714981,0.1462794542312622,0.3190292418003082
mixture,em_log,"Euler--Maruyama, log sigma",Euler update,10,1,0,0,0.05568842904176563,0.07425123872235417,cuda,0.14055348932743073,0.49005866050720215,1.3266198635101318,0.09601721167564392,0.03645085543394089,0.1599351018667221
mixture,em_log,"Euler--Maruyama, log sigma",Euler update,10,1,0,1,0.055117864976637065,0.07349048663551609,cuda,0.15069060027599335,0.37172824144363403,1.280121922492981,0.051505573093891144,0.046025823801755905,0.15212255716323853
mixture,em_log,"Euler--Maruyama, log sigma",Euler update,20,1,0,0,0.09582324302755296,0.1277643240367373,cuda,0.09363579005002975,0.19157157838344574,1.1395751237869263,0.04658745229244232,0.025349386036396027,0.08802170306444168
mixture,em_log,"Euler--Maruyama, log sigma",Euler update,20,1,0,1,0.09563010698184371,0.12750680930912495,cuda,0.09034290164709091,0.3755774199962616,1.249104380607605,0.008582317270338535,0.06058129668235779,0.12368614226579666
mixture,em_log,"Euler--Maruyama, log sigma",Euler update,50,1,0,0,0.24045630707405508,0.3206084094320734,cuda,0.09937895089387894,0.343447744846344,1.224305510520935,0.026546476408839226,0.06091882660984993,0.11770952492952347
mixture,em_log,"Euler--Maruyama, log sigma",Euler update,50,1,0,1,0.23855607002042234,0.3180747600272298,cuda,0.06642358750104904,0.26103144884109497,1.179031491279602,0.0023379616905003786,0.030168643221259117,0.098029725253582
mixture,em_log,"Euler--Maruyama, log sigma",Euler update,100,1,0,0,0.46645151695702225,0.6219353559426963,cuda,0.11216147243976593,0.2321557253599167,1.1582754850387573,0.003867955645546317,0.03249683976173401,0.10581391304731369
mixture,em_log,"Euler--Maruyama, log sigma",Euler update,100,1,0,1,0.4711627960205078,0.6282170613606771,cuda,0.0563809908926487,0.31698620319366455,1.207908034324646,0.06964536011219025,0.024564122781157494,0.10248921811580658
mixture,sigma_uniform_dpm,"Sigma-space DPM-1, uniform t",DPM predictor,5,1,1,0,0.023579464992508292,0.03143928665667772,cuda,0.20991255342960358,0.14633537828922272,1.3411295413970947,0.040647417306900024,0.036949221044778824,0.14379379153251648
mixture,sigma_uniform_dpm,"Sigma-space DPM-1, uniform t",DPM predictor,5,1,1,1,0.022558365017175674,0.030077820022900898,cuda,0.2025376707315445,0.17442013323307037,1.4119740724563599,0.009713582694530487,0.011087218299508095,0.14194661378860474
mixture,sigma_uniform_dpm,"Sigma-space DPM-1, uniform t",DPM predictor,10,1,1,0,0.04657002107705921,0.062093361436078943,cuda,0.20295009016990662,0.14293208718299866,1.3435770273208618,0.013230768032371998,0.011851460672914982,0.1375512182712555
mixture,sigma_uniform_dpm,"Sigma-space DPM-1, uniform t",DPM predictor,10,1,1,1,0.04878980095963925,0.06505306794618566,cuda,0.18882235884666443,0.12555944919586182,1.2913762331008911,0.017506025731563568,0.016112040728330612,0.12889012694358826
mixture,sigma_uniform_dpm,"Sigma-space DPM-1, uniform t",DPM predictor,20,1,1,0,0.09212666901294142,0.12283555868392189,cuda,0.12764443457126617,0.1768568754196167,1.477346658706665,0.03303368017077446,0.029670841991901398,0.12159313261508942
mixture,sigma_uniform_dpm,"Sigma-space DPM-1, uniform t",DPM predictor,20,1,1,1,0.10135951894335449,0.13514602525780597,cuda,0.14549623429775238,0.14420603215694427,1.385980486869812,0.013251325115561485,0.011531086638569832,0.11784268170595169
mixture,sigma_uniform_dpm,"Sigma-space DPM-1, uniform t",DPM predictor,50,1,1,0,0.2324395519681275,0.30991940262417,cuda,0.16099485754966736,0.15644791722297668,1.447654128074646,0.0038627313915640116,0.003969280980527401,0.13180595636367798
mixture,sigma_uniform_dpm,"Sigma-space DPM-1, uniform t",DPM predictor,50,1,1,1,0.22985105100087821,0.30646806800117093,cuda,0.1753457933664322,0.17515726387500763,1.47279953956604,0.03083888441324234,0.02799573913216591,0.14084874093532562
mixture,sigma_uniform_dpm,"Sigma-space DPM-1, uniform t",DPM predictor,100,1,1,0,0.46628026594407856,0.6217070212587714,cuda,0.18868474662303925,0.1699318140745163,1.4556611776351929,0.010025136172771454,0.008647650480270386,0.14163504540920258
mixture,sigma_uniform_dpm,"Sigma-space DPM-1, uniform t",DPM predictor,100,1,1,1,0.48381574905943125,0.645087665412575,cuda,0.189052015542984,0.16861596703529358,1.4586101770401,0.02925097569823265,0.026199810206890106,0.1389266699552536
mixture,sigma_log_dpm,"Sigma-space DPM-1, log sigma",DPM predictor,5,1,1,0,0.022313677007332444,0.029751569343109924,cuda,0.21036626398563385,0.130926713347435,1.3442002534866333,0.05582674965262413,0.05112399533390999,0.1430799961090088
mixture,sigma_log_dpm,"Sigma-space DPM-1, log sigma",DPM predictor,5,1,1,1,0.024029724998399615,0.03203963333119949,cuda,0.20295248925685883,0.15620240569114685,1.4097561836242676,0.003585182363167405,0.004240294918417931,0.14286786317825317
mixture,sigma_log_dpm,"Sigma-space DPM-1, log sigma",DPM predictor,10,1,1,0,0.04989203403238207,0.0665227120431761,cuda,0.20874887704849243,0.14898066222667694,1.4025728702545166,0.020627884194254875,0.018311653286218643,0.14373555779457092
mixture,sigma_log_dpm,"Sigma-space DPM-1, log sigma",DPM predictor,10,1,1,1,0.046180007979273796,0.06157334397236506,cuda,0.19499310851097107,0.1310546100139618,1.3513576984405518,0.016345055773854256,0.014598759822547436,0.13378393650054932
mixture,sigma_log_dpm,"Sigma-space DPM-1, log sigma",DPM predictor,20,1,1,0,0.1140415039844811,0.15205533864597479,cuda,0.13287776708602905,0.1956503987312317,1.548925757408142,0.037156298756599426,0.03351131081581116,0.13695131242275238
mixture,sigma_log_dpm,"Sigma-space DPM-1, log sigma",DPM predictor,20,1,1,1,0.10239316604565829,0.13652422139421105,cuda,0.15102773904800415,0.16091029345989227,1.456802248954773,0.014749523252248764,0.012858566828072071,0.13077688217163086
mixture,sigma_log_dpm,"Sigma-space DPM-1, log sigma",DPM predictor,50,1,1,0,0.2507012760033831,0.3342683680045108,cuda,0.16646884381771088,0.17214390635490417,1.5022884607315063,0.0036894348450005054,0.003744500456377864,0.14295977354049683
mixture,sigma_log_dpm,"Sigma-space DPM-1, log sigma",DPM predictor,50,1,1,1,0.2781762679805979,0.3709016906407972,cuda,0.18078935146331787,0.19101972877979279,1.5263564586639404,0.033516984432935715,0.03051142580807209,0.15113762021064758
mixture,sigma_log_dpm,"Sigma-space DPM-1, log sigma",DPM predictor,100,1,1,0,0.490063612931408,0.6534181505752107,cuda,0.19225731492042542,0.17898032069206238,1.4861141443252563,0.010460974648594856,0.009047508239746094,0.1472271978855133
mixture,sigma_log_dpm,"Sigma-space DPM-1, log sigma",DPM predictor,100,1,1,1,0.47569751599803567,0.6342633546640476,cuda,0.19258633255958557,0.17774954438209534,1.489538550376892,0.030632469803094864,0.027477575466036797,0.14479690790176392
mixture,dpm2_uniform,"DPM-2 + corrector, uniform t",Overall sampler,5,1,1,0,0.15673927904572338,0.20898570539429784,cuda,0.1268092542886734,0.33525583148002625,1.898813247680664,0.04562102258205414,0.04854785278439522,0.2133241593837738
mixture,dpm2_uniform,"DPM-2 + corrector, uniform t",Overall sampler,5,1,1,1,0.1607351260026917,0.21431350133692226,cuda,0.12879474461078644,0.3173493444919586,1.8443114757537842,0.01207372173666954,0.011478119529783726,0.1902800351381302
mixture,dpm2_uniform,"DPM-2 + corrector, uniform t",Overall sampler,10,1,1,0,0.23327376309316605,0.3110316841242214,cuda,0.10107485204935074,0.21477581560611725,1.6147575378417969,0.04495562985539436,0.04121080040931702,0.14383509755134583
mixture,dpm2_uniform,"DPM-2 + corrector, uniform t",Overall sampler,10,1,1,1,0.2289167100097984,0.30522228001306456,cuda,0.12468249350786209,0.2322685569524765,1.634434461593628,0.012817599810659885,0.011310307309031487,0.15622656047344208
mixture,dpm2_uniform,"DPM-2 + corrector, uniform t",Overall sampler,20,1,1,0,0.39613477990496904,0.5281797065399587,cuda,0.062173306941986084,0.19388285279273987,1.5328543186187744,0.0008173760143108666,0.0008861471433192492,0.11289434134960175
mixture,dpm2_uniform,"DPM-2 + corrector, uniform t",Overall sampler,20,1,1,1,0.36856205097865313,0.49141606797153753,cuda,0.03565085679292679,0.18493811786174774,1.517339825630188,0.0023878044448792934,0.0018725038971751928,0.11339142918586731
mixture,dpm2_uniform,"DPM-2 + corrector, uniform t",Overall sampler,50,1,1,0,0.7895666330587119,1.052755510744949,cuda,0.06975625455379486,0.17495477199554443,1.4829367399215698,0.004833701066672802,0.005624874494969845,0.10572594404220581
mixture,dpm2_uniform,"DPM-2 + corrector, uniform t",Overall sampler,50,1,1,1,0.8709750520065427,1.161300069342057,cuda,0.06620590388774872,0.1689823418855667,1.4798251390457153,0.012048643082380295,0.013654680922627449,0.10333865135908127
mixture,dpm2_uniform,"DPM-2 + corrector, uniform t",Overall sampler,100,1,1,0,1.5586696210084483,2.0782261613445976,cuda,0.028021560981869698,0.13913513720035553,1.3878191709518433,0.014184285886585712,0.013948858715593815,0.07818415015935898
mixture,dpm2_uniform,"DPM-2 + corrector, uniform t",Overall sampler,100,1,1,1,1.5379573500249535,2.0506098000332713,cuda,0.021782346069812775,0.14190062880516052,1.4186394214630127,0.03495623543858528,0.03522996976971626,0.09051801264286041
mixture,dpm2_log,"DPM-2 + corrector, log sigma",Overall sampler,5,1,1,0,0.15707539697177708,0.2094338626290361,cuda,0.14582185447216034,0.20669756829738617,1.5803343057632446,0.0607123002409935,0.056225791573524475,0.15046338737010956
mixture,dpm2_log,"DPM-2 + corrector, log sigma",Overall sampler,5,1,1,1,0.1571876599919051,0.20958354665587345,cuda,0.14791160821914673,0.21838338673114777,1.5787851810455322,0.019985850900411606,0.017874065786600113,0.1419394612312317
mixture,dpm2_log,"DPM-2 + corrector, log sigma",Overall sampler,10,1,1,0,0.2400136289652437,0.3200181719536583,cuda,0.14109930396080017,0.18890884518623352,1.5277793407440186,0.0035474554169923067,0.003070320002734661,0.1381019502878189
mixture,dpm2_log,"DPM-2 + corrector, log sigma",Overall sampler,10,1,1,1,0.24125918000936508,0.32167890667915344,cuda,0.14323578774929047,0.20717377960681915,1.556501030921936,0.02701301872730255,0.024784967303276062,0.1392865926027298
mixture,dpm2_log,"DPM-2 + corrector, log sigma",Overall sampler,20,1,1,0,0.3786614090204239,0.5048818786938986,cuda,0.07768697291612625,0.18421082198619843,1.5109190940856934,0.0036808201111853123,0.003492005867883563,0.1093321144580841
mixture,dpm2_log,"DPM-2 + corrector, log sigma",Overall sampler,20,1,1,1,0.3746053189970553,0.4994737586627404,cuda,0.05807545781135559,0.1770380139350891,1.4914145469665527,0.02228463999927044,0.02114790305495262,0.1027664840221405
mixture,dpm2_log,"DPM-2 + corrector, log sigma",Overall sampler,50,1,1,0,0.8081765179522336,1.077568690602978,cuda,0.07658865302801132,0.1252744048833847,1.348168969154358,0.027013219892978668,0.024103213101625443,0.08347371220588684
mixture,dpm2_log,"DPM-2 + corrector, log sigma",Overall sampler,50,1,1,1,0.7875962819671258,1.0501283759561677,cuda,0.07789575308561325,0.13951605558395386,1.398681879043579,0.05465774983167648,0.05010690167546272,0.09470196813344955
mixture,dpm2_log,"DPM-2 + corrector, log sigma",Overall sampler,100,1,1,0,1.4849983470048755,1.9799977960065007,cuda,0.02596626803278923,0.08752971142530441,1.263616919517517,0.004032684490084648,0.003418587613850832,0.059933558106422424
mixture,dpm2_log,"DPM-2 + corrector, log sigma",Overall sampler,100,1,1,1,1.5859814920695499,2.1146419894260666,cuda,0.00957016833126545,0.08420262485742569,1.2564353942871094,0.005914669018238783,0.004762898199260235,0.05611477419734001
mixture,em_uniform,"Euler--Maruyama, uniform t",Euler update,5,1,1,0,0.022701067966409028,0.030268090621878702,cuda,0.14553041756153107,0.7016807198524475,2.5983359813690186,0.046873923391103745,0.04696507751941681,0.37245437502861023
mixture,em_uniform,"Euler--Maruyama, uniform t",Euler update,5,1,1,1,0.029618680011481047,0.039491573348641396,cuda,0.13796178996562958,0.6995293498039246,2.5819828510284424,0.034426916390657425,0.034238629043102264,0.3633182644844055
mixture,em_uniform,"Euler--Maruyama, uniform t",Euler update,10,1,1,0,0.049452212057076395,0.06593628274276853,cuda,0.13436350226402283,0.3805403411388397,1.9959604740142822,0.08898460865020752,0.08670200407505035,0.2398757040500641
mixture,em_uniform,"Euler--Maruyama, uniform t",Euler update,10,1,1,1,0.048136498080566525,0.06418199744075537,cuda,0.14293527603149414,0.38947412371635437,1.9897353649139404,0.04971123859286308,0.04668283462524414,0.23000307381153107
mixture,em_uniform,"Euler--Maruyama, uniform t",Euler update,20,1,1,0,0.11504377902019769,0.15339170536026359,cuda,0.08694959431886673,0.2795402407646179,1.758360743522644,0.0013112095184624195,0.0013207728043198586,0.16853612661361694
mixture,em_uniform,"Euler--Maruyama, uniform t",Euler update,20,1,1,1,0.09548399900086224,0.1273119986678163,cuda,0.054068975150585175,0.23498985171318054,1.6705420017242432,0.0036052654031664133,0.00323501112870872,0.14921653270721436
mixture,em_uniform,"Euler--Maruyama, uniform t",Euler update,50,1,1,0,0.2356471170205623,0.3141961560274164,cuda,0.11060997098684311,0.21535588800907135,1.5878496170043945,0.010138863697648048,0.009552809409797192,0.13814401626586914
mixture,em_uniform,"Euler--Maruyama, uniform t",Euler update,50,1,1,1,0.24497550597880036,0.3266340079717338,cuda,0.10415730625391006,0.21879978477954865,1.6022138595581055,0.022656084969639778,0.02242462895810604,0.13915850222110748
mixture,em_uniform,"Euler--Maruyama, uniform t",Euler update,100,1,1,0,0.4864682749612257,0.6486243666149676,cuda,0.08840590715408325,0.18481320142745972,1.5118827819824219,0.009881407953798771,0.008794847875833511,0.11360608041286469
mixture,em_uniform,"Euler--Maruyama, uniform t",Euler update,100,1,1,1,0.5214119009906426,0.6952158679875234,cuda,0.06594569236040115,0.18228495121002197,1.5182442665100098,0.025754965841770172,0.028369206935167313,0.11563456803560257
mixture,em_log,"Euler--Maruyama, log sigma",Euler update,5,1,1,0,0.03459502395708114,0.04612669860944152,cuda,0.07278073579072952,0.7613454461097717,2.5830676555633545,0.007187086157500744,0.007728188298642635,0.34691372513771057
mixture,em_log,"Euler--Maruyama, log sigma",Euler update,5,1,1,1,0.026394183980301023,0.03519224530706803,cuda,0.13405431807041168,0.7569630742073059,2.563598155975342,0.05943894758820534,0.05451776459813118,0.34737837314605713
mixture,em_log,"Euler--Maruyama, log sigma",Euler update,10,1,1,0,0.05542531900573522,0.07390042534098029,cuda,0.08538422733545303,0.32992106676101685,1.849338412284851,0.040054768323898315,0.04093287140130997,0.19688323140144348
mixture,em_log,"Euler--Maruyama, log sigma",Euler update,10,1,1,1,0.04657533101271838,0.06210044135029117,cuda,0.1055968776345253,0.35902243852615356,1.8925119638442993,0.08475929498672485,0.07997987419366837,0.19856524467468262
mixture,em_log,"Euler--Maruyama, log sigma",Euler update,20,1,1,0,0.09590225003194064,0.12786966670925418,cuda,0.07056160271167755,0.23286685347557068,1.630720615386963,0.011772312223911285,0.01293320395052433,0.13122625648975372
mixture,em_log,"Euler--Maruyama, log sigma",Euler update,20,1,1,1,0.09661746397614479,0.1288232853015264,cuda,0.0482311025261879,0.22823745012283325,1.621280550956726,0.01323886401951313,0.011969668790698051,0.13053518533706665
mixture,em_log,"Euler--Maruyama, log sigma",Euler update,50,1,1,0,0.23777236498426646,0.31702981997902197,cuda,0.09786075353622437,0.16423958539962769,1.449989914894104,0.007645992562174797,0.006948987487703562,0.10572248697280884
mixture,em_log,"Euler--Maruyama, log sigma",Euler update,50,1,1,1,0.23704493697732687,0.3160599159697692,cuda,0.09485621005296707,0.1882093846797943,1.5239484310150146,0.09848983585834503,0.09271308779716492,0.1220037192106247
mixture,em_log,"Euler--Maruyama, log sigma",Euler update,100,1,1,0,0.500103494967334,0.6668046599564453,cuda,0.07329021394252777,0.17484240233898163,1.4845340251922607,0.028734181076288223,0.025792140513658524,0.10898047685623169
mixture,em_log,"Euler--Maruyama, log sigma",Euler update,100,1,1,1,0.47329219698440284,0.6310562626458704,cuda,0.09478805214166641,0.18386107683181763,1.4964317083358765,0.006839038338512182,0.00659576989710331,0.11307831108570099
mixture,sigma_uniform_dpm,"Sigma-space DPM-1, uniform t",DPM predictor,5,1,2,0,0.022477789083495736,0.02997038544466098,cuda,0.4744214713573456,0.1574144959449768,1.333081603050232,2590.696044921875,69.62752532958984,0.31022870540618896
mixture,sigma_uniform_dpm,"Sigma-space DPM-1, uniform t",DPM predictor,5,1,2,1,0.021919545019045472,0.029226060025393963,cuda,0.46572545170783997,0.13134025037288666,1.2762901782989502,2588.13037109375,70.11140441894531,0.3043394684791565
mixture,sigma_uniform_dpm,"Sigma-space DPM-1, uniform t",DPM predictor,10,1,2,0,0.049046437023207545,0.06539524936427672,cuda,0.4962577521800995,0.1962360143661499,1.4318456649780273,2591.97998046875,69.18374633789062,0.32448267936706543
mixture,sigma_uniform_dpm,"Sigma-space DPM-1, uniform t",DPM predictor,10,1,2,1,0.04796065099071711,0.06394753465428948,cuda,0.46088436245918274,0.16627801954746246,1.3632656335830688,2581.89453125,70.5291519165039,0.3020663857460022
mixture,sigma_uniform_dpm,"Sigma-space DPM-1, uniform t",DPM predictor,20,1,2,0,0.0925997820449993,0.12346637605999906,cuda,0.49440884590148926,0.20253436267375946,1.4499146938323975,2589.852783203125,69.93521881103516,0.3247777223587036
mixture,sigma_uniform_dpm,"Sigma-space DPM-1, uniform t",DPM predictor,20,1,2,1,0.09439337300136685,0.12585783066848913,cuda,0.45824065804481506,0.17516379058361053,1.39475679397583,2574.95263671875,71.24264526367188,0.30076172947883606
mixture,sigma_uniform_dpm,"Sigma-space DPM-1, uniform t",DPM predictor,50,1,2,0,0.24207234103232622,0.322763121376435,cuda,0.460149884223938,0.16326631605625153,1.3857460021972656,2597.22314453125,70.06745147705078,0.3022623658180237
mixture,sigma_uniform_dpm,"Sigma-space DPM-1, uniform t",DPM predictor,50,1,2,1,0.2352323590312153,0.31364314537495375,cuda,0.4229811429977417,0.1736161708831787,1.3968479633331299,2584.46728515625,70.17570495605469,0.277729332447052
mixture,sigma_uniform_dpm,"Sigma-space DPM-1, uniform t",DPM predictor,100,1,2,0,0.46646265406161547,0.6219502054154873,cuda,0.4774760901927948,0.19167859852313995,1.45608651638031,2586.758056640625,70.41311645507812,0.31618860363960266
mixture,sigma_uniform_dpm,"Sigma-space DPM-1, uniform t",DPM predictor,100,1,2,1,0.4925779700279236,0.6567706267038981,cuda,0.4770989418029785,0.24139541387557983,1.5540629625320435,2590.04150390625,70.13563537597656,0.3155098557472229
mixture,sigma_log_dpm,"Sigma-space DPM-1, log sigma",DPM predictor,5,1,2,0,0.026769560994580388,0.03569274799277385,cuda,0.4762956202030182,0.1368894726037979,1.3142107725143433,2591.5751953125,69.77928161621094,0.3128120005130768
mixture,sigma_log_dpm,"Sigma-space DPM-1, log sigma",DPM predictor,5,1,2,1,0.026413993095047772,0.035218657460063696,cuda,0.46834617853164673,0.11313922703266144,1.260786771774292,2588.99560546875,70.28004455566406,0.3070545792579651
mixture,sigma_log_dpm,"Sigma-space DPM-1, log sigma",DPM predictor,10,1,2,0,0.05551253701560199,0.07401671602080266,cuda,0.5061982274055481,0.19877351820468903,1.4741755723953247,2593.3720703125,69.2481460571289,0.3347351551055908
mixture,sigma_log_dpm,"Sigma-space DPM-1, log sigma",DPM predictor,10,1,2,1,0.045771827921271324,0.061029103895028435,cuda,0.47156214714050293,0.16811726987361908,1.404293417930603,2586.5478515625,70.36907196044922,0.3119465708732605
mixture,sigma_log_dpm,"Sigma-space DPM-1, log sigma",DPM predictor,20,1,2,0,0.10847411002032459,0.14463214669376612,cuda,0.5080085396766663,0.21468710899353027,1.5020489692687988,2597.155517578125,69.76167297363281,0.3362730145454407
mixture,sigma_log_dpm,"Sigma-space DPM-1, log sigma",DPM predictor,20,1,2,1,0.09704347990918905,0.1293913065455854,cuda,0.4713509678840637,0.1871759444475174,1.448299527168274,2575.919189453125,71.34917449951172,0.31213319301605225
mixture,sigma_log_dpm,"Sigma-space DPM-1, log sigma",DPM predictor,50,1,2,0,0.24030082998797297,0.32040110665063065,cuda,0.4714464545249939,0.17647390067577362,1.4309799671173096,2600.2529296875,69.72016906738281,0.31163597106933594
mixture,sigma_log_dpm,"Sigma-space DPM-1, log sigma",DPM predictor,50,1,2,1,0.23894888209179044,0.3185985094557206,cuda,0.4334411323070526,0.18741336464881897,1.441487431526184,2585.424072265625,70.15843200683594,0.28659185767173767
mixture,sigma_log_dpm,"Sigma-space DPM-1, log sigma",DPM predictor,100,1,2,0,0.48640869196970016,0.6485449226262668,cuda,0.4844231903553009,0.2003585696220398,1.482898473739624,2587.33203125,70.40746307373047,0.3219669461250305
mixture,sigma_log_dpm,"Sigma-space DPM-1, log sigma",DPM predictor,100,1,2,1,0.4812519709812477,0.6416692946416637,cuda,0.48396044969558716,0.2513168752193451,1.5816916227340698,2590.670654296875,70.12271118164062,0.3213839530944824
mixture,dpm2_uniform,"DPM-2 + corrector, uniform t",Overall sampler,5,1,2,0,0.1632528071058914,0.21767040947452188,cuda,0.3317832350730896,0.33676260709762573,1.811200737953186,2575.66796875,69.59668731689453,0.2697959840297699
mixture,dpm2_uniform,"DPM-2 + corrector, uniform t",Overall sampler,5,1,2,1,0.1613689170917496,0.2151585561223328,cuda,0.29116716980934143,0.3243415355682373,1.7972583770751953,2580.17431640625,70.38159942626953,0.25458386540412903
mixture,dpm2_uniform,"DPM-2 + corrector, uniform t",Overall sampler,10,1,2,0,0.23103555501438677,0.308047406685849,cuda,0.2981661260128021,0.23679961264133453,1.582290530204773,2553.53662109375,70.07440185546875,0.21590805053710938
mixture,dpm2_uniform,"DPM-2 + corrector, uniform t",Overall sampler,10,1,2,1,0.23129762895405293,0.3083968386054039,cuda,0.30617979168891907,0.2208898365497589,1.5544514656066895,2580.025390625,70.97419738769531,0.2248922884464264
mixture,dpm2_uniform,"DPM-2 + corrector, uniform t",Overall sampler,20,1,2,0,0.37078298500273377,0.4943773133369784,cuda,0.2635563910007477,0.21582335233688354,1.530927300453186,2596.05517578125,68.55406951904297,0.1993488222360611
mixture,dpm2_uniform,"DPM-2 + corrector, uniform t",Overall sampler,20,1,2,1,0.37769590690732,0.5035945425430933,cuda,0.2620314061641693,0.1890636533498764,1.4780621528625488,2577.411865234375,69.46045684814453,0.18889331817626953
mixture,dpm2_uniform,"DPM-2 + corrector, uniform t",Overall sampler,50,1,2,0,0.8099411070579663,1.0799214760772884,cuda,0.169999897480011,0.16254310309886932,1.4048594236373901,2554.965576171875,71.00927734375,0.1364452838897705
mixture,dpm2_uniform,"DPM-2 + corrector, uniform t",Overall sampler,50,1,2,1,0.7944902039598674,1.0593202719464898,cuda,0.18376266956329346,0.1449795812368393,1.374544382095337,2585.65966796875,69.53520965576172,0.1361839324235916
mixture,dpm2_uniform,"DPM-2 + corrector, uniform t",Overall sampler,100,1,2,0,1.4957272510509938,1.994303001401325,cuda,0.12948910892009735,0.10810928046703339,1.2906118631362915,2578.087646484375,70.05036163330078,0.10557650774717331
mixture,dpm2_uniform,"DPM-2 + corrector, uniform t",Overall sampler,100,1,2,1,1.5272348889848217,2.036313185313096,cuda,0.16016843914985657,0.14241395890712738,1.3694723844528198,2574.65625,70.8504867553711,0.12301957607269287
mixture,dpm2_log,"DPM-2 + corrector, log sigma",Overall sampler,5,1,2,0,0.16203667502850294,0.21604890003800392,cuda,0.3664065897464752,0.21973440051078796,1.5372905731201172,2590.43212890625,70.78276824951172,0.25164341926574707
mixture,dpm2_log,"DPM-2 + corrector, log sigma",Overall sampler,5,1,2,1,0.1575173808960244,0.21002317452803254,cuda,0.3177805542945862,0.18975652754306793,1.4832402467727661,2591.33544921875,70.05220031738281,0.22159945964813232
mixture,dpm2_log,"DPM-2 + corrector, log sigma",Overall sampler,10,1,2,0,0.28684636508114636,0.3824618201081951,cuda,0.38972657918930054,0.2394074946641922,1.564763069152832,2563.522705078125,69.74385833740234,0.2653505206108093
mixture,dpm2_log,"DPM-2 + corrector, log sigma",Overall sampler,10,1,2,1,0.23901946493424475,0.31869261991232634,cuda,0.3681945502758026,0.19455130398273468,1.4774426221847534,2581.088623046875,69.85210418701172,0.24987703561782837
mixture,dpm2_log,"DPM-2 + corrector, log sigma",Overall sampler,20,1,2,0,0.3798137289704755,0.5064183052939674,cuda,0.35397395491600037,0.19526052474975586,1.4750676155090332,2580.574462890625,69.45892333984375,0.23854103684425354
mixture,dpm2_log,"DPM-2 + corrector, log sigma",Overall sampler,20,1,2,1,0.3823135709390044,0.5097514279186726,cuda,0.3344448506832123,0.19093476235866547,1.463416576385498,2581.72705078125,68.73490905761719,0.22531341016292572
mixture,dpm2_log,"DPM-2 + corrector, log sigma",Overall sampler,50,1,2,0,0.7886007269844413,1.051467635979255,cuda,0.2295583337545395,0.1478712111711502,1.3686375617980957,2556.40673828125,70.26817321777344,0.16018623113632202
mixture,dpm2_log,"DPM-2 + corrector, log sigma",Overall sampler,50,1,2,1,0.7922452309867367,1.0563269746489823,cuda,0.1900445520877838,0.15314851701259613,1.376907229423523,2555.64306640625,70.2186050415039,0.14300191402435303
mixture,dpm2_log,"DPM-2 + corrector, log sigma",Overall sampler,100,1,2,0,1.5303222679067403,2.0404296905423203,cuda,0.09474322199821472,0.07446320354938507,1.183331847190857,2560.603515625,70.34546661376953,0.0781363695859909
mixture,dpm2_log,"DPM-2 + corrector, log sigma",Overall sampler,100,1,2,1,1.4760795600013807,1.968106080001841,cuda,0.13829615712165833,0.10866563022136688,1.2812789678573608,2576.058837890625,70.25300598144531,0.100778728723526
mixture,em_uniform,"Euler--Maruyama, uniform t",Euler update,5,1,2,0,0.022648044978268445,0.030197393304357927,cuda,0.4257228672504425,0.7549760341644287,2.53804874420166,2579.45361328125,68.97315216064453,0.4326212406158447
mixture,em_uniform,"Euler--Maruyama, uniform t",Euler update,5,1,2,1,0.025045718997716904,0.03339429199695587,cuda,0.3337494730949402,0.699371874332428,2.470283269882202,2601.835205078125,69.32699584960938,0.40420469641685486
mixture,em_uniform,"Euler--Maruyama, uniform t",Euler update,10,1,2,0,0.046799196978099644,0.06239892930413286,cuda,0.35823193192481995,0.40197938680648804,1.9439350366592407,2594.905029296875,68.12228393554688,0.30213692784309387
mixture,em_uniform,"Euler--Maruyama, uniform t",Euler update,10,1,2,1,0.04620868992060423,0.06161158656080564,cuda,0.31792324781417847,0.39418062567710876,1.9285303354263306,2579.849853515625,70.89241027832031,0.28454530239105225
mixture,em_uniform,"Euler--Maruyama, uniform t",Euler update,20,1,2,0,0.11941070598550141,0.1592142746473352,cuda,0.33023425936698914,0.31464385986328125,1.7512856721878052,2572.37890625,71.3176040649414,0.2562839984893799
mixture,em_uniform,"Euler--Maruyama, uniform t",Euler update,20,1,2,1,0.09498664503917098,0.12664886005222797,cuda,0.29140493273735046,0.30047568678855896,1.7197672128677368,2572.758544921875,71.32894134521484,0.22903266549110413
mixture,em_uniform,"Euler--Maruyama, uniform t",Euler update,50,1,2,0,0.2510644610738382,0.3347526147651176,cuda,0.2768913209438324,0.19911882281303406,1.4885820150375366,2579.1455078125,70.73042297363281,0.1963123381137848
mixture,em_uniform,"Euler--Maruyama, uniform t",Euler update,50,1,2,1,0.23938476596958935,0.31917968795945245,cuda,0.24232295155525208,0.18368858098983765,1.4658193588256836,2555.824462890625,72.25991821289062,0.17737968266010284
mixture,em_uniform,"Euler--Maruyama, uniform t",Euler update,100,1,2,0,0.4667527750134468,0.6223370333512624,cuda,0.2476450800895691,0.1483909785747528,1.3716922998428345,2588.5224609375,68.32308959960938,0.17663003504276276
mixture,em_uniform,"Euler--Maruyama, uniform t",Euler update,100,1,2,1,0.47205269802361727,0.629403597364823,cuda,0.29645615816116333,0.21858203411102295,1.5276175737380981,2581.091552734375,70.69715881347656,0.2055293172597885
mixture,em_log,"Euler--Maruyama, log sigma",Euler update,5,1,2,0,0.026040739961899817,0.03472098661586642,cuda,0.3790697753429413,0.940603494644165,2.679697275161743,2587.93017578125,72.43791198730469,0.4498949944972992
mixture,em_log,"Euler--Maruyama, log sigma",Euler update,5,1,2,1,0.02638354094233364,0.035178054589778185,cuda,0.2731298804283142,0.8433694243431091,2.5676071643829346,2595.267578125,70.40255737304688,0.3952111601829529
mixture,em_log,"Euler--Maruyama, log sigma",Euler update,10,1,2,0,0.05659808008931577,0.07546410678575437,cuda,0.32146379351615906,0.4161725640296936,1.8972818851470947,2583.116455078125,68.74591827392578,0.27255088090896606
mixture,em_log,"Euler--Maruyama, log sigma",Euler update,10,1,2,1,0.05438270699232817,0.07251027598977089,cuda,0.31435906887054443,0.33539193868637085,1.7767388820648193,2568.845703125,71.93872833251953,0.2574385404586792
mixture,em_log,"Euler--Maruyama, log sigma",Euler update,20,1,2,0,0.09373743599280715,0.12498324799040954,cuda,0.32312440872192383,0.23583967983722687,1.577457070350647,2579.941650390625,69.54376983642578,0.230612650513649
mixture,em_log,"Euler--Maruyama, log sigma",Euler update,20,1,2,1,0.09534132690168917,0.12712176920225224,cuda,0.29988062381744385,0.23558376729488373,1.5685981512069702,2588.3720703125,68.02193450927734,0.213993638753891
mixture,em_log,"Euler--Maruyama, log sigma",Euler update,50,1,2,0,0.24306255299597979,0.3240834039946397,cuda,0.2898463010787964,0.19396714866161346,1.4782230854034424,2578.14990234375,70.05043029785156,0.20063987374305725
mixture,em_log,"Euler--Maruyama, log sigma",Euler update,50,1,2,1,0.24220529303420335,0.32294039071227115,cuda,0.2336878925561905,0.20545540750026703,1.4905519485473633,2564.998291015625,69.35150909423828,0.17875340580940247
mixture,em_log,"Euler--Maruyama, log sigma",Euler update,100,1,2,0,0.47308970207814127,0.6307862694375217,cuda,0.227492555975914,0.15447655320167542,1.3728970289230347,2573.451904296875,69.76559448242188,0.16315677762031555
mixture,em_log,"Euler--Maruyama, log sigma",Euler update,100,1,2,1,0.47948459594044834,0.6393127945872644,cuda,0.2775193154811859,0.19153381884098053,1.4709279537200928,2563.003662109375,71.18053436279297,0.19483467936515808
mixture,sigma_uniform_dpm,"Sigma-space DPM-1, uniform t",DPM predictor,5,1,3,0,0.02250638511031866,0.03000851348042488,cuda,0.5758793950080872,0.4728551506996155,1.1251747608184814,31.867063522338867,4.418356895446777,0.3759928345680237
mixture,sigma_uniform_dpm,"Sigma-space DPM-1, uniform t",DPM predictor,5,1,3,1,0.027247816091403365,0.03633042145520449,cuda,0.5579209327697754,0.4490296542644501,1.101994276046753,30.479812622070312,5.427700042724609,0.36453282833099365
mixture,sigma_uniform_dpm,"Sigma-space DPM-1, uniform t",DPM predictor,10,1,3,0,0.04602523194625974,0.061366975928346314,cuda,0.48251107335090637,0.2946503758430481,1.0910029411315918,31.453603744506836,4.189681529998779,0.3126704692840576
mixture,sigma_uniform_dpm,"Sigma-space DPM-1, uniform t",DPM predictor,10,1,3,1,0.046176015050150454,0.06156802006686727,cuda,0.5081332921981812,0.3060379922389984,1.0766897201538086,30.517234802246094,5.033438205718994,0.3289113938808441
mixture,sigma_uniform_dpm,"Sigma-space DPM-1, uniform t",DPM predictor,20,1,3,0,0.09901264403015375,0.13201685870687166,cuda,0.4662947654724121,0.28421199321746826,1.0963014364242554,32.84858322143555,3.957834243774414,0.30288323760032654
mixture,sigma_uniform_dpm,"Sigma-space DPM-1, uniform t",DPM predictor,20,1,3,1,0.09377391007728875,0.12503188010305166,cuda,0.5198788046836853,0.3325320780277252,1.1131796836853027,31.022159576416016,4.178340435028076,0.33422601222991943
mixture,sigma_uniform_dpm,"Sigma-space DPM-1, uniform t",DPM predictor,50,1,3,0,0.23567664599977434,0.3142355279996991,cuda,0.4529106020927429,0.23547323048114777,1.096103310585022,30.657621383666992,3.9651923179626465,0.29563432931900024
mixture,sigma_uniform_dpm,"Sigma-space DPM-1, uniform t",DPM predictor,50,1,3,1,0.24058093794155866,0.3207745839220782,cuda,0.4680313467979431,0.27498170733451843,1.1099907159805298,28.17534065246582,4.753081321716309,0.3039836883544922
mixture,sigma_uniform_dpm,"Sigma-space DPM-1, uniform t",DPM predictor,100,1,3,0,0.5076800110982731,0.6769066814643642,cuda,0.4091065227985382,0.16818580031394958,1.091233253479004,32.168399810791016,4.527640342712402,0.27032074332237244
mixture,sigma_uniform_dpm,"Sigma-space DPM-1, uniform t",DPM predictor,100,1,3,1,0.47801135294139385,0.6373484705885252,cuda,0.4595874845981598,0.2207660973072052,1.072810173034668,31.77886199951172,4.330559730529785,0.2980412244796753
mixture,sigma_log_dpm,"Sigma-space DPM-1, log sigma",DPM predictor,5,1,3,0,0.023094994947314262,0.030793326596419018,cuda,0.6708080768585205,0.5315290093421936,1.1121472120285034,31.03925132751465,5.633677959442139,0.4400341510772705
mixture,sigma_log_dpm,"Sigma-space DPM-1, log sigma",DPM predictor,5,1,3,1,0.02258228196296841,0.03010970928395788,cuda,0.6533249616622925,0.5085576772689819,1.089616298675537,30.158647537231445,6.488189697265625,0.4290269613265991
mixture,sigma_log_dpm,"Sigma-space DPM-1, log sigma",DPM predictor,10,1,3,0,0.045603015925735235,0.060804021234313645,cuda,0.5238996148109436,0.311397910118103,1.0853660106658936,31.28134536743164,4.926621437072754,0.3397219479084015
mixture,sigma_log_dpm,"Sigma-space DPM-1, log sigma",DPM predictor,10,1,3,1,0.053109335945919156,0.07081244792789221,cuda,0.5508202910423279,0.3246317207813263,1.0719809532165527,30.35959815979004,5.812299728393555,0.35706663131713867
mixture,sigma_log_dpm,"Sigma-space DPM-1, log sigma",DPM predictor,20,1,3,0,0.09366871998645365,0.12489162664860487,cuda,0.5014651417732239,0.2891434133052826,1.0986651182174683,32.767303466796875,4.678094863891602,0.3251660466194153
mixture,sigma_log_dpm,"Sigma-space DPM-1, log sigma",DPM predictor,20,1,3,1,0.09311368700582534,0.12415158267443378,cuda,0.5527875423431396,0.33484548330307007,1.1140680313110352,30.945825576782227,4.909926891326904,0.35514912009239197
mixture,sigma_log_dpm,"Sigma-space DPM-1, log sigma",DPM predictor,50,1,3,0,0.23459246999118477,0.3127899599882464,cuda,0.48192334175109863,0.23924018442630768,1.100404977798462,30.65042495727539,4.709995746612549,0.31373175978660583
mixture,sigma_log_dpm,"Sigma-space DPM-1, log sigma",DPM predictor,50,1,3,1,0.24452762096188962,0.32603682794918615,cuda,0.49806836247444153,0.27931544184684753,1.113887071609497,28.132905960083008,5.3794050216674805,0.32277387380599976
mixture,sigma_log_dpm,"Sigma-space DPM-1, log sigma",DPM predictor,100,1,3,0,0.47387758002150804,0.6318367733620107,cuda,0.428740918636322,0.17161349952220917,1.0944751501083374,32.173118591308594,5.0535359382629395,0.28248611092567444
mixture,sigma_log_dpm,"Sigma-space DPM-1, log sigma",DPM predictor,100,1,3,1,0.4813802751014009,0.6418403668018678,cuda,0.4775547683238983,0.22441381216049194,1.0761773586273193,31.783401489257812,4.835567474365234,0.3093019425868988
mixture,dpm2_uniform,"DPM-2 + corrector, uniform t",Overall sampler,5,1,3,0,0.15970526495948434,0.21294035327931246,cuda,0.20241530239582062,0.3402639627456665,1.229581594467163,30.45528793334961,2.4977877140045166,0.18027305603027344
mixture,dpm2_uniform,"DPM-2 + corrector, uniform t",Overall sampler,5,1,3,1,0.16747205797582865,0.22329607730110487,cuda,0.16987960040569305,0.28259798884391785,1.1988669633865356,31.16554069519043,3.078655958175659,0.1552603840827942
mixture,dpm2_uniform,"DPM-2 + corrector, uniform t",Overall sampler,10,1,3,0,0.23923661303706467,0.3189821507160862,cuda,0.10492151230573654,0.2692252993583679,1.1750588417053223,34.00480270385742,1.8482410907745361,0.11300044506788254
mixture,dpm2_uniform,"DPM-2 + corrector, uniform t",Overall sampler,10,1,3,1,0.2308417910244316,0.3077890546992421,cuda,0.16029763221740723,0.28508260846138,1.1833579540252686,36.60227966308594,1.9296352863311768,0.1394626796245575
mixture,dpm2_uniform,"DPM-2 + corrector, uniform t",Overall sampler,20,1,3,0,0.38395058107562363,0.5119341081008315,cuda,0.09685380756855011,0.3853728473186493,1.2281421422958374,32.08356857299805,1.3751834630966187,0.11998634785413742
mixture,dpm2_uniform,"DPM-2 + corrector, uniform t",Overall sampler,20,1,3,1,0.3736357289599255,0.4981809719465673,cuda,0.12586642801761627,0.3147059381008148,1.1917603015899658,31.7304630279541,1.3864014148712158,0.11308625340461731
mixture,dpm2_uniform,"DPM-2 + corrector, uniform t",Overall sampler,50,1,3,0,0.7906969799660146,1.0542626399546862,cuda,0.03812374174594879,0.3936312794685364,1.2245875597000122,34.29545593261719,1.2469640970230103,0.12121765315532684
mixture,dpm2_uniform,"DPM-2 + corrector, uniform t",Overall sampler,50,1,3,1,0.7833802299574018,1.0445069732765357,cuda,0.08107735216617584,0.4524684548377991,1.2543411254882812,31.133981704711914,1.291451096534729,0.13441768288612366
mixture,dpm2_uniform,"DPM-2 + corrector, uniform t",Overall sampler,100,1,3,0,1.5659881519386545,2.0879842025848725,cuda,0.05292985960841179,0.3501375615596771,1.2012438774108887,29.67683982849121,1.1283276081085205,0.11919065564870834
mixture,dpm2_uniform,"DPM-2 + corrector, uniform t",Overall sampler,100,1,3,1,1.5111761459847912,2.0149015279797218,cuda,0.015563352964818478,0.2862555682659149,1.167041301727295,32.927635192871094,1.2265745401382446,0.10452156513929367
mixture,dpm2_log,"DPM-2 + corrector, log sigma",Overall sampler,5,1,3,0,0.16859901405405253,0.22479868540540338,cuda,0.21842409670352936,0.19866426289081573,1.1520429849624634,33.09418869018555,2.2347240447998047,0.1592319756746292
mixture,dpm2_log,"DPM-2 + corrector, log sigma",Overall sampler,5,1,3,1,0.1668587370077148,0.22247831601028642,cuda,0.20326843857765198,0.17017105221748352,1.1336464881896973,33.517578125,2.2899537086486816,0.1522900015115738
mixture,dpm2_log,"DPM-2 + corrector, log sigma",Overall sampler,10,1,3,0,0.23661179607734084,0.3154823947697878,cuda,0.18444478511810303,0.18798306584358215,1.1414356231689453,28.643125534057617,1.9188883304595947,0.1409190595149994
mixture,dpm2_log,"DPM-2 + corrector, log sigma",Overall sampler,10,1,3,1,0.2616197229363024,0.34882629724840325,cuda,0.24719783663749695,0.15749327838420868,1.1257411241531372,28.657154083251953,2.050403118133545,0.17209312319755554
mixture,dpm2_log,"DPM-2 + corrector, log sigma",Overall sampler,20,1,3,0,0.3785502449609339,0.5047336599479119,cuda,0.13286374509334564,0.21063223481178284,1.143394947052002,33.46990966796875,1.5445492267608643,0.10851142555475235
mixture,dpm2_log,"DPM-2 + corrector, log sigma",Overall sampler,20,1,3,1,0.3700066120363772,0.49334214938183624,cuda,0.20914390683174133,0.22544501721858978,1.154943585395813,30.95169448852539,1.73045015335083,0.1412467211484909
mixture,dpm2_log,"DPM-2 + corrector, log sigma",Overall sampler,50,1,3,0,0.7945115009788424,1.0593486679717898,cuda,0.033161889761686325,0.3317464590072632,1.1918662786483765,36.89450454711914,1.4925777912139893,0.10327135026454926
mixture,dpm2_log,"DPM-2 + corrector, log sigma",Overall sampler,50,1,3,1,0.8108397419564426,1.0811196559419234,cuda,0.06668728590011597,0.41869133710861206,1.2361575365066528,33.07598114013672,1.29078209400177,0.12947389483451843
mixture,dpm2_log,"DPM-2 + corrector, log sigma",Overall sampler,100,1,3,0,1.5811859240056947,2.1082478986742594,cuda,0.05119674652814865,0.2807547450065613,1.1633028984069824,38.68880081176758,1.264777660369873,0.10118025541305542
mixture,dpm2_log,"DPM-2 + corrector, log sigma",Overall sampler,100,1,3,1,1.4887808669591323,1.9850411559455097,cuda,0.027827559038996696,0.31622785329818726,1.182454228401184,35.81755447387695,1.2376660108566284,0.11066220700740814
mixture,em_uniform,"Euler--Maruyama, uniform t",Euler update,5,1,3,0,0.021768661099486053,0.029024881465981405,cuda,0.33001354336738586,0.7468785643577576,1.5111805200576782,28.97408676147461,2.5117721557617188,0.3223409652709961
mixture,em_uniform,"Euler--Maruyama, uniform t",Euler update,5,1,3,1,0.026618110947310925,0.035490814596414566,cuda,0.3570293188095093,0.7184972167015076,1.507364273071289,28.664121627807617,3.0885772705078125,0.3391972780227661
mixture,em_uniform,"Euler--Maruyama, uniform t",Euler update,10,1,3,0,0.04584926494862884,0.06113235326483846,cuda,0.15427765250205994,0.3313717246055603,1.2540926933288574,36.25262451171875,2.5605640411376953,0.17030996084213257
mixture,em_uniform,"Euler--Maruyama, uniform t",Euler update,10,1,3,1,0.04949993605259806,0.06599991473679741,cuda,0.2224038690328598,0.383693128824234,1.2937859296798706,33.777828216552734,1.2618411779403687,0.20668038725852966
mixture,em_uniform,"Euler--Maruyama, uniform t",Euler update,20,1,3,0,0.0938894780119881,0.1251859706826508,cuda,0.1469866782426834,0.3771740794181824,1.2596629858016968,32.5284538269043,1.5208590030670166,0.15036699175834656
mixture,em_uniform,"Euler--Maruyama, uniform t",Euler update,20,1,3,1,0.0971458200365305,0.12952776004870734,cuda,0.1829463690519333,0.2647044062614441,1.20198655128479,35.012718200683594,1.7679955959320068,0.14764250814914703
mixture,em_uniform,"Euler--Maruyama, uniform t",Euler update,50,1,3,0,0.2328112069517374,0.31041494260231656,cuda,0.11293134093284607,0.30396854877471924,1.2021706104278564,34.351890563964844,1.731236219406128,0.12703339755535126
mixture,em_uniform,"Euler--Maruyama, uniform t",Euler update,50,1,3,1,0.24170466605573893,0.3222728880743186,cuda,0.12682399153709412,0.3252980709075928,1.2076606750488281,34.215179443359375,1.3150062561035156,0.13082855939865112
mixture,em_uniform,"Euler--Maruyama, uniform t",Euler update,100,1,3,0,0.47458163602277637,0.6327755146970352,cuda,0.12536469101905823,0.19409659504890442,1.129683494567871,30.165769577026367,1.49082350730896,0.11416785418987274
mixture,em_uniform,"Euler--Maruyama, uniform t",Euler update,100,1,3,1,0.47248935094103217,0.6299858012547096,cuda,0.13218669593334198,0.19596169888973236,1.130967617034912,32.02663040161133,1.461383581161499,0.10964810848236084
mixture,em_log,"Euler--Maruyama, log sigma",Euler update,5,1,3,0,0.02395161590538919,0.03193548787385225,cuda,0.4244195520877838,0.9324571490287781,1.6182420253753662,35.21259689331055,2.962545394897461,0.3628041744232178
mixture,em_log,"Euler--Maruyama, log sigma",Euler update,5,1,3,1,0.02765900909435004,0.03687867879246672,cuda,0.4414159953594208,1.07968270778656,1.6741336584091187,29.992385864257812,3.0467801094055176,0.4010147154331207
mixture,em_log,"Euler--Maruyama, log sigma",Euler update,10,1,3,0,0.046077396953478456,0.06143652927130461,cuda,0.1315479874610901,0.4557642340660095,1.2947877645492554,32.67741394042969,1.6200222969055176,0.169209823012352
mixture,em_log,"Euler--Maruyama, log sigma",Euler update,10,1,3,1,0.04583098797593266,0.06110798396791021,cuda,0.21363869309425354,0.4615314304828644,1.320543646812439,30.810373306274414,1.5503578186035156,0.1829083263874054
mixture,em_log,"Euler--Maruyama, log sigma",Euler update,20,1,3,0,0.09246834309305996,0.12329112412407994,cuda,0.11901389062404633,0.3733237087726593,1.22623872756958,32.32223892211914,1.2399591207504272,0.12585169076919556
mixture,em_log,"Euler--Maruyama, log sigma",Euler update,20,1,3,1,0.09157976310234517,0.12210635080312689,cuda,0.2018856704235077,0.3475455045700073,1.2209968566894531,32.66000747680664,1.7986197471618652,0.14455923438072205
mixture,em_log,"Euler--Maruyama, log sigma",Euler update,50,1,3,0,0.23805696098133922,0.3174092813084523,cuda,0.08669143915176392,0.3215697407722473,1.194892168045044,35.592262268066406,1.5342328548431396,0.1153060719370842
mixture,em_log,"Euler--Maruyama, log sigma",Euler update,50,1,3,1,0.23567382607143372,0.31423176809524495,cuda,0.1035216748714447,0.36001476645469666,1.214479684829712,32.83491897583008,1.4011999368667603,0.12534001469612122
mixture,em_log,"Euler--Maruyama, log sigma",Euler update,100,1,3,0,0.4787106120493263,0.6382808160657684,cuda,0.12120842188596725,0.21763664484024048,1.1340444087982178,39.45195007324219,1.6777777671813965,0.11108919233083725
mixture,em_log,"Euler--Maruyama, log sigma",Euler update,100,1,3,1,0.47686066199094057,0.6358142159879208,cuda,0.09846825897693634,0.24227164685726166,1.149022102355957,31.735454559326172,1.4531091451644897,0.10091298818588257
mixture,sigma_uniform_dpm,"Sigma-space DPM-1, uniform t",DPM predictor,5,2,0,0,0.03521987295243889,0.04695983060325185,cuda,0.4003230929374695,0.28349390625953674,1.0608681440353394,0.16477885842323303,0.757519543170929,0.27021774649620056
mixture,sigma_uniform_dpm,"Sigma-space DPM-1, uniform t",DPM predictor,5,2,0,1,0.025509453960694373,0.03401260528092583,cuda,0.4030894935131073,0.2835540771484375,1.0691341161727905,0.3011636435985565,0.941233217716217,0.27071434259414673
mixture,sigma_uniform_dpm,"Sigma-space DPM-1, uniform t",DPM predictor,10,2,0,0,0.04531487007625401,0.06041982676833868,cuda,0.332706481218338,0.2499174028635025,1.1029486656188965,0.0688212588429451,0.6023781895637512,0.2252979725599289
mixture,sigma_uniform_dpm,"Sigma-space DPM-1, uniform t",DPM predictor,10,2,0,1,0.04580878606066108,0.06107838141421477,cuda,0.3340834975242615,0.2587635815143585,1.0904896259307861,0.07571354508399963,0.4727703034877777,0.22578750550746918
mixture,sigma_uniform_dpm,"Sigma-space DPM-1, uniform t",DPM predictor,20,2,0,0,0.09153102699201554,0.12204136932268739,cuda,0.32749396562576294,0.1911153793334961,1.085145354270935,0.03064366616308689,0.609338641166687,0.21775850653648376
mixture,sigma_uniform_dpm,"Sigma-space DPM-1, uniform t",DPM predictor,20,2,0,1,0.0923575620399788,0.12314341605330507,cuda,0.32429879903793335,0.24320757389068604,1.1335424184799194,0.2867429852485657,0.6205730438232422,0.21350732445716858
mixture,sigma_uniform_dpm,"Sigma-space DPM-1, uniform t",DPM predictor,50,2,0,0,0.23590007203165442,0.31453342937553924,cuda,0.35550856590270996,0.2577180862426758,1.170569658279419,0.2737186551094055,0.5744474530220032,0.2331928312778473
mixture,sigma_uniform_dpm,"Sigma-space DPM-1, uniform t",DPM predictor,50,2,0,1,0.23880547401495278,0.3184072986866037,cuda,0.3491385877132416,0.28876179456710815,1.1561105251312256,0.05416332930326462,0.6320055723190308,0.23200514912605286
mixture,sigma_uniform_dpm,"Sigma-space DPM-1, uniform t",DPM predictor,100,2,0,0,0.4834166589425877,0.6445555452567836,cuda,0.2986547350883484,0.14738695323467255,1.0976974964141846,0.10000548511743546,0.8270920515060425,0.198746457695961
mixture,sigma_uniform_dpm,"Sigma-space DPM-1, uniform t",DPM predictor,100,2,0,1,0.4881701850099489,0.6508935800132652,cuda,0.3181490898132324,0.17606425285339355,1.1186738014221191,0.027961643412709236,0.5132864713668823,0.21089711785316467
mixture,sigma_log_dpm,"Sigma-space DPM-1, log sigma",DPM predictor,5,2,0,0,0.02663772297091782,0.03551696396122376,cuda,0.4607004225254059,0.33793187141418457,1.0793768167495728,0.19149498641490936,1.070912480354309,0.3097623586654663
mixture,sigma_log_dpm,"Sigma-space DPM-1, log sigma",DPM predictor,5,2,0,1,0.027270080987364054,0.03636010798315207,cuda,0.4629320800304413,0.3383265733718872,1.0892058610916138,0.40925952792167664,1.0307973623275757,0.30964890122413635
mixture,sigma_log_dpm,"Sigma-space DPM-1, log sigma",DPM predictor,10,2,0,0,0.052808417938649654,0.07041122391819954,cuda,0.3892025649547577,0.2997283339500427,1.1359816789627075,0.1031431034207344,0.8587199449539185,0.26117613911628723
mixture,sigma_log_dpm,"Sigma-space DPM-1, log sigma",DPM predictor,10,2,0,1,0.052580456947907805,0.07010727593054374,cuda,0.3926825523376465,0.30377256870269775,1.1189382076263428,0.09883975237607956,0.8497202396392822,0.2625816762447357
mixture,sigma_log_dpm,"Sigma-space DPM-1, log sigma",DPM predictor,20,2,0,0,0.09121286508161575,0.12161715344215433,cuda,0.3684385120868683,0.2238798290491104,1.1087510585784912,0.045892465859651566,0.9073579907417297,0.2436063587665558
mixture,sigma_log_dpm,"Sigma-space DPM-1, log sigma",DPM predictor,20,2,0,1,0.0929883950157091,0.12398452668761213,cuda,0.36613044142723083,0.28423795104026794,1.1607834100723267,0.3309682011604309,0.712550163269043,0.23995761573314667
mixture,sigma_log_dpm,"Sigma-space DPM-1, log sigma",DPM predictor,50,2,0,0,0.23289906897116452,0.3105320919615527,cuda,0.38723430037498474,0.28050974011421204,1.185446858406067,0.29261747002601624,0.8099011182785034,0.2532728314399719
mixture,sigma_log_dpm,"Sigma-space DPM-1, log sigma",DPM predictor,50,2,0,1,0.23285294405650347,0.31047059207533795,cuda,0.3823297917842865,0.31073275208473206,1.1716078519821167,0.06648904830217361,0.7826805710792542,0.2528197467327118
mixture,sigma_log_dpm,"Sigma-space DPM-1, log sigma",DPM predictor,100,2,0,0,0.5334210670553148,0.7112280894070864,cuda,0.32065725326538086,0.15579964220523834,1.1043401956558228,0.11171477288007736,1.0392056703567505,0.21269024908542633
mixture,sigma_log_dpm,"Sigma-space DPM-1, log sigma",DPM predictor,100,2,0,1,0.46624728094320744,0.62166304125761,cuda,0.33906659483909607,0.18603383004665375,1.1261976957321167,0.03460349515080452,0.6555941700935364,0.22394873201847076
mixture,dpm2_uniform,"DPM-2 + corrector, uniform t",Overall sampler,5,2,0,0,0.1602078650612384,0.21361048674831787,cuda,0.1135806068778038,0.31054458022117615,1.2321854829788208,0.05099736899137497,0.11441859602928162,0.1280871331691742
mixture,dpm2_uniform,"DPM-2 + corrector, uniform t",Overall sampler,5,2,0,1,0.18992764491122216,0.25323685988162953,cuda,0.15156716108322144,0.31690743565559387,1.2475701570510864,0.006525899283587933,0.07203573733568192,0.14538788795471191
mixture,dpm2_uniform,"DPM-2 + corrector, uniform t",Overall sampler,10,2,0,0,0.22935106907971203,0.305801425439616,cuda,0.1387244164943695,0.3133377730846405,1.220886468887329,0.0014954658690840006,0.03347441181540489,0.12706297636032104
mixture,dpm2_uniform,"DPM-2 + corrector, uniform t",Overall sampler,10,2,0,1,0.2611766529735178,0.3482355372980237,cuda,0.1392454355955124,0.1972663849592209,1.162680983543396,0.02065163291990757,0.02476322278380394,0.11126726120710373
mixture,dpm2_uniform,"DPM-2 + corrector, uniform t",Overall sampler,20,2,0,0,0.374116871971637,0.4988224959621827,cuda,0.07534151524305344,0.23082001507282257,1.170900821685791,0.001507746521383524,0.0007678006659261882,0.08963418751955032
mixture,dpm2_uniform,"DPM-2 + corrector, uniform t",Overall sampler,20,2,0,1,0.37252624006941915,0.4967016534258922,cuda,0.042315226048231125,0.3654112219810486,1.2400662899017334,0.01939258724451065,0.0048152548260986805,0.10700511932373047
mixture,dpm2_uniform,"DPM-2 + corrector, uniform t",Overall sampler,50,2,0,0,0.8021186260739341,1.0694915014319122,cuda,0.02271335758268833,0.2841557264328003,1.186766266822815,0.10476163029670715,0.004868383519351482,0.08706441521644592
mixture,dpm2_uniform,"DPM-2 + corrector, uniform t",Overall sampler,50,2,0,1,0.7988329549552873,1.0651106066070497,cuda,0.01657654345035553,0.29911473393440247,1.19524085521698,0.49107232689857483,0.02395797148346901,0.09593108296394348
mixture,dpm2_uniform,"DPM-2 + corrector, uniform t",Overall sampler,100,2,0,0,1.48348208097741,1.97797610796988,cuda,0.05243624746799469,0.2774944007396698,1.1823132038116455,0.0071318792179226875,0.0005510078044608235,0.09053561836481094
mixture,dpm2_uniform,"DPM-2 + corrector, uniform t",Overall sampler,100,2,0,1,1.4962971440982074,1.9950628587976098,cuda,0.04997735843062401,0.3250375986099243,1.210688591003418,0.1667240858078003,0.009545878507196903,0.08534038066864014
mixture,dpm2_log,"DPM-2 + corrector, log sigma",Overall sampler,5,2,0,0,0.16909624508116394,0.22546166010821858,cuda,0.10922304540872574,0.1910753846168518,1.1516005992889404,0.006582458503544331,0.10654215514659882,0.09669394791126251
mixture,dpm2_log,"DPM-2 + corrector, log sigma",Overall sampler,5,2,0,1,0.161844315007329,0.21579242000977197,cuda,0.14826063811779022,0.17629343271255493,1.1499004364013672,0.00351870059967041,0.06374654173851013,0.11376354098320007
mixture,dpm2_log,"DPM-2 + corrector, log sigma",Overall sampler,10,2,0,0,0.23361186299007386,0.31148248398676515,cuda,0.1740400493144989,0.2574806809425354,1.2086156606674194,0.06817615032196045,0.05670041963458061,0.1275809109210968
mixture,dpm2_log,"DPM-2 + corrector, log sigma",Overall sampler,10,2,0,1,0.23044065304566175,0.30725420406088233,cuda,0.1662127524614334,0.18783646821975708,1.165353536605835,0.03170681744813919,0.08146173506975174,0.11703987419605255
mixture,dpm2_log,"DPM-2 + corrector, log sigma",Overall sampler,20,2,0,0,0.36945280293002725,0.4926037372400363,cuda,0.12155959010124207,0.14183492958545685,1.1150081157684326,0.15932869911193848,0.04961957782506943,0.09052441269159317
mixture,dpm2_log,"DPM-2 + corrector, log sigma",Overall sampler,20,2,0,1,0.3709208080545068,0.494561077406009,cuda,0.10968185216188431,0.31259748339653015,1.2393066883087158,0.033110588788986206,0.025902848690748215,0.11662648618221283
mixture,dpm2_log,"DPM-2 + corrector, log sigma",Overall sampler,50,2,0,0,0.7964348630048335,1.0619131506731112,cuda,0.07321688532829285,0.3504115641117096,1.2275313138961792,0.12310700863599777,0.006429553963243961,0.11061329394578934
mixture,dpm2_log,"DPM-2 + corrector, log sigma",Overall sampler,50,2,0,1,0.8064546659588814,1.0752728879451752,cuda,0.05410432443022728,0.2796039581298828,1.1917551755905151,0.00793566182255745,0.0003765214351005852,0.09911881387233734
mixture,dpm2_log,"DPM-2 + corrector, log sigma",Overall sampler,100,2,0,0,1.5308749090181664,2.041166545357555,cuda,0.0914931371808052,0.274406760931015,1.1794179677963257,0.0066832019947469234,0.0008790837600827217,0.10421384871006012
mixture,dpm2_log,"DPM-2 + corrector, log sigma",Overall sampler,100,2,0,1,1.5582223499659449,2.077629799954593,cuda,0.01662128046154976,0.3154469132423401,1.2038909196853638,0.010761197656393051,0.0009451715741306543,0.08820606768131256
mixture,em_uniform,"Euler--Maruyama, uniform t",Euler update,5,2,0,0,0.022038546041585505,0.02938472805544734,cuda,0.2875211834907532,0.7275673747062683,1.5600420236587524,0.08191444724798203,0.4452788829803467,0.3183334171772003
mixture,em_uniform,"Euler--Maruyama, uniform t",Euler update,5,2,0,1,0.021718501928262413,0.02895800257101655,cuda,0.28120818734169006,0.7670153379440308,1.5866162776947021,0.2112262099981308,1.1803354024887085,0.32517650723457336
mixture,em_uniform,"Euler--Maruyama, uniform t",Euler update,10,2,0,0,0.045214063953608274,0.060285418604811035,cuda,0.18075162172317505,0.4787967801094055,1.369990587234497,0.17652647197246552,0.014926940202713013,0.21299099922180176
mixture,em_uniform,"Euler--Maruyama, uniform t",Euler update,10,2,0,1,0.04494101507589221,0.05992135343452295,cuda,0.1535416543483734,0.3215535879135132,1.2809679508209229,0.0009799468098208308,0.02181854099035263,0.1710631251335144
mixture,em_uniform,"Euler--Maruyama, uniform t",Euler update,20,2,0,0,0.09764661500230432,0.1301954866697391,cuda,0.122719407081604,0.21339847147464752,1.183824896812439,0.03043883852660656,0.06338521093130112,0.1270168572664261
mixture,em_uniform,"Euler--Maruyama, uniform t",Euler update,20,2,0,1,0.09737975394818932,0.12983967193091908,cuda,0.10804005712270737,0.3576992154121399,1.2796661853790283,0.14986400306224823,0.13158084452152252,0.15258687734603882
mixture,em_uniform,"Euler--Maruyama, uniform t",Euler update,50,2,0,0,0.25704190600663424,0.342722541342179,cuda,0.08616164326667786,0.3208683729171753,1.2323698997497559,0.029417283833026886,0.02345220558345318,0.12107846140861511
mixture,em_uniform,"Euler--Maruyama, uniform t",Euler update,50,2,0,1,0.23847663903143257,0.3179688520419101,cuda,0.04643363878130913,0.26996082067489624,1.200394868850708,0.07423454523086548,0.01743915304541588,0.1064537912607193
mixture,em_uniform,"Euler--Maruyama, uniform t",Euler update,100,2,0,0,0.47347437602002174,0.6312991680266956,cuda,0.1303422451019287,0.22568528354167938,1.1622872352600098,0.020944135263562202,0.0009565819636918604,0.10623697191476822
mixture,em_uniform,"Euler--Maruyama, uniform t",Euler update,100,2,0,1,0.47259188105817884,0.6301225080775718,cuda,0.047035183757543564,0.29610514640808105,1.2014565467834473,0.0059900907799601555,0.015739494934678078,0.10037385672330856
mixture,em_log,"Euler--Maruyama, log sigma",Euler update,5,2,0,0,0.0259560999693349,0.03460813329244653,cuda,0.3317526578903198,1.0266761779785156,1.6989554166793823,0.12390343844890594,0.1428774744272232,0.3477335572242737
mixture,em_log,"Euler--Maruyama, log sigma",Euler update,5,2,0,1,0.022449687006883323,0.029932916009177763,cuda,0.3481478691101074,1.0189244747161865,1.7064038515090942,0.08763443678617477,0.11608798801898956,0.34985923767089844
mixture,em_log,"Euler--Maruyama, log sigma",Euler update,10,2,0,0,0.045636961003765464,0.060849281338353954,cuda,0.14391598105430603,0.5313546061515808,1.3661761283874512,0.050583261996507645,0.011591654270887375,0.17039671540260315
mixture,em_log,"Euler--Maruyama, log sigma",Euler update,10,2,0,1,0.0480324620148167,0.06404328268642227,cuda,0.16336801648139954,0.43871670961380005,1.3399001359939575,0.020958181470632553,0.018888836726546288,0.16732758283615112
mixture,em_log,"Euler--Maruyama, log sigma",Euler update,20,2,0,0,0.1109322119737044,0.1479096159649392,cuda,0.10363979637622833,0.2230098843574524,1.1747374534606934,0.062209129333496094,0.01203492283821106,0.09596320241689682
mixture,em_log,"Euler--Maruyama, log sigma",Euler update,20,2,0,1,0.09723693795967847,0.12964925061290464,cuda,0.1012052446603775,0.41552579402923584,1.2920995950698853,0.04717527702450752,0.02559911459684372,0.13457392156124115
mixture,em_log,"Euler--Maruyama, log sigma",Euler update,50,2,0,0,0.23475155199412256,0.31300206932549673,cuda,0.10755137354135513,0.37198784947395325,1.2481207847595215,0.528592586517334,0.03911455720663071,0.12656459212303162
mixture,em_log,"Euler--Maruyama, log sigma",Euler update,50,2,0,1,0.23678699100855738,0.3157159880114098,cuda,0.07741429656744003,0.2942887544631958,1.2214034795761108,0.0006075787823647261,0.006608677562326193,0.10820867866277695
mixture,em_log,"Euler--Maruyama, log sigma",Euler update,100,2,0,0,0.4688856650609523,0.6251808867479364,cuda,0.12416797876358032,0.25354641675949097,1.1803345680236816,0.002197723835706711,0.0009883670136332512,0.11205573379993439
mixture,em_log,"Euler--Maruyama, log sigma",Euler update,100,2,0,1,0.47068845899775624,0.6275846119970083,cuda,0.05791802704334259,0.33411434292793274,1.2242286205291748,0.06981983780860901,0.004297094885259867,0.10645875334739685
mixture,sigma_uniform_dpm,"Sigma-space DPM-1, uniform t",DPM predictor,5,2,1,0,0.024280134006403387,0.03237351200853785,cuda,0.22489970922470093,0.13277003169059753,1.321285605430603,0.09824014455080032,0.09269960969686508,0.15115952491760254
mixture,sigma_uniform_dpm,"Sigma-space DPM-1, uniform t",DPM predictor,5,2,1,1,0.02209836000110954,0.029464480001479387,cuda,0.21500903367996216,0.15718400478363037,1.3858751058578491,0.009011685848236084,0.010170187801122665,0.14762353897094727
mixture,sigma_uniform_dpm,"Sigma-space DPM-1, uniform t",DPM predictor,10,2,1,0,0.0516074929619208,0.06880999061589439,cuda,0.21483471989631653,0.12837079167366028,1.3206474781036377,0.03365776687860489,0.030829675495624542,0.14343580603599548
mixture,sigma_uniform_dpm,"Sigma-space DPM-1, uniform t",DPM predictor,10,2,1,1,0.04697651497554034,0.06263535330072045,cuda,0.20212912559509277,0.11187273263931274,1.2700806856155396,0.06555832922458649,0.06164570152759552,0.13539057970046997
mixture,sigma_uniform_dpm,"Sigma-space DPM-1, uniform t",DPM predictor,20,2,1,0,0.09236652008257806,0.12315536011010408,cuda,0.14047420024871826,0.16219724714756012,1.4539997577667236,0.05303679406642914,0.048740729689598083,0.12577304244041443
mixture,sigma_uniform_dpm,"Sigma-space DPM-1, uniform t",DPM predictor,20,2,1,1,0.09505241201259196,0.1267365493501226,cuda,0.15745937824249268,0.1334962546825409,1.368004560470581,0.03037303313612938,0.027174746617674828,0.12344180047512054
mixture,sigma_uniform_dpm,"Sigma-space DPM-1, uniform t",DPM predictor,50,2,1,0,0.23696741496678442,0.31595655328904587,cuda,0.17189402878284454,0.14236034452915192,1.4230564832687378,0.11122153699398041,0.10444103181362152,0.1361035853624344
mixture,sigma_uniform_dpm,"Sigma-space DPM-1, uniform t",DPM predictor,50,2,1,1,0.2371855720411986,0.31624742938826483,cuda,0.18572138249874115,0.1609048843383789,1.448411226272583,0.07590080797672272,0.07160986959934235,0.14502614736557007
mixture,sigma_uniform_dpm,"Sigma-space DPM-1, uniform t",DPM predictor,100,2,1,0,0.48455686098895967,0.6460758146519462,cuda,0.19930163025856018,0.1534113883972168,1.4245258569717407,0.015735706314444542,0.013773523271083832,0.14547939598560333
mixture,sigma_uniform_dpm,"Sigma-space DPM-1, uniform t",DPM predictor,100,2,1,1,0.4789205249398947,0.6385606999198595,cuda,0.19996368885040283,0.15301784873008728,1.4292529821395874,0.05478179454803467,0.050222139805555344,0.14319999516010284
mixture,sigma_log_dpm,"Sigma-space DPM-1, log sigma",DPM predictor,5,2,1,0,0.022623191005550325,0.0301642546740671,cuda,0.22209417819976807,0.12369120121002197,1.3302247524261475,0.09956136345863342,0.09447791427373886,0.14893226325511932
mixture,sigma_log_dpm,"Sigma-space DPM-1, log sigma",DPM predictor,5,2,1,1,0.023343828041106462,0.031125104054808617,cuda,0.21184222400188446,0.14558134973049164,1.3897067308425903,0.009281523525714874,0.01050166692584753,0.14636266231536865
mixture,sigma_log_dpm,"Sigma-space DPM-1, log sigma",DPM predictor,10,2,1,0,0.04497056105174124,0.05996074806898832,cuda,0.21856817603111267,0.1385340839624405,1.382676601409912,0.0379859060049057,0.03450045734643936,0.1484116017818451
mixture,sigma_log_dpm,"Sigma-space DPM-1, log sigma",DPM predictor,10,2,1,1,0.048459107987582684,0.06461214398344357,cuda,0.20600254833698273,0.12119244784116745,1.3327243328094482,0.07206989824771881,0.06837640702724457,0.13905666768550873
mixture,sigma_log_dpm,"Sigma-space DPM-1, log sigma",DPM predictor,20,2,1,0,0.10891390801407397,0.1452185440187653,cuda,0.1441253423690796,0.182639479637146,1.5266534090042114,0.057119570672512054,0.05264849588274956,0.1398208737373352
mixture,sigma_log_dpm,"Sigma-space DPM-1, log sigma",DPM predictor,20,2,1,1,0.10000024200417101,0.13333365600556135,cuda,0.1619206964969635,0.15174871683120728,1.4398223161697388,0.03202088177204132,0.02870015613734722,0.1353878229856491
mixture,sigma_log_dpm,"Sigma-space DPM-1, log sigma",DPM predictor,50,2,1,0,0.2349727429682389,0.31329699062431854,cuda,0.17662808299064636,0.15933378040790558,1.47907555103302,0.11846883594989777,0.11149449646472931,0.14642995595932007
mixture,sigma_log_dpm,"Sigma-space DPM-1, log sigma",DPM predictor,50,2,1,1,0.24887395603582263,0.33183194138109684,cuda,0.1906009465456009,0.17805491387844086,1.5035014152526855,0.0807526484131813,0.07647405564785004,0.15452520549297333
mixture,sigma_log_dpm,"Sigma-space DPM-1, log sigma",DPM predictor,100,2,1,0,0.5093659209087491,0.6791545612116655,cuda,0.20285141468048096,0.16342268884181976,1.4575237035751343,0.015874557197093964,0.013914505019783974,0.15082861483097076
mixture,sigma_log_dpm,"Sigma-space DPM-1, log sigma",DPM predictor,100,2,1,1,0.4759531579911709,0.6346042106548945,cuda,0.20353706181049347,0.16334335505962372,1.4629629850387573,0.05655786767601967,0.05190914869308472,0.14869841933250427
mixture,dpm2_uniform,"DPM-2 + corrector, uniform t",Overall sampler,5,2,1,0,0.15968235000036657,0.21290980000048876,cuda,0.14372272789478302,0.32416456937789917,1.8800990581512451,0.09328959882259369,0.08703156560659409,0.21479812264442444
mixture,dpm2_uniform,"DPM-2 + corrector, uniform t",Overall sampler,5,2,1,1,0.16177443193737417,0.21569924258316556,cuda,0.14555895328521729,0.30185872316360474,1.8191852569580078,0.01179354265332222,0.010987591929733753,0.19067423045635223
mixture,dpm2_uniform,"DPM-2 + corrector, uniform t",Overall sampler,10,2,1,0,0.229641595040448,0.306188793387264,cuda,0.11782676726579666,0.2035459578037262,1.597313404083252,0.057692985981702805,0.053018711507320404,0.14641323685646057
mixture,dpm2_uniform,"DPM-2 + corrector, uniform t",Overall sampler,10,2,1,1,0.27432528394274414,0.36576704525699216,cuda,0.1397886425256729,0.2198754847049713,1.6151643991470337,0.06704548001289368,0.06352373957633972,0.1599046289920807
mixture,dpm2_uniform,"DPM-2 + corrector, uniform t",Overall sampler,20,2,1,0,0.37030526297166944,0.4937403506288926,cuda,0.07893633097410202,0.1801394373178482,1.5100082159042358,0.0006583689828403294,0.0007224626606330276,0.11474189162254333
mixture,dpm2_uniform,"DPM-2 + corrector, uniform t",Overall sampler,20,2,1,1,0.37699924292974174,0.5026656572396556,cuda,0.039068374782800674,0.1750188171863556,1.502546787261963,0.002561782253906131,0.0020352264400571585,0.11146087199449539
mixture,dpm2_uniform,"DPM-2 + corrector, uniform t",Overall sampler,50,2,1,0,0.8033876019762829,1.0711834693017106,cuda,0.08629676699638367,0.16198310256004333,1.4590415954589844,0.008812200278043747,0.009023883379995823,0.1091286912560463
mixture,dpm2_uniform,"DPM-2 + corrector, uniform t",Overall sampler,50,2,1,1,0.7834186559775844,1.0445582079701126,cuda,0.0863831639289856,0.15410849452018738,1.4510912895202637,0.01697331853210926,0.018069729208946228,0.10523632168769836
mixture,dpm2_uniform,"DPM-2 + corrector, uniform t",Overall sampler,100,2,1,0,1.486411874066107,1.9818824987548094,cuda,0.04131210595369339,0.12990514934062958,1.3706868886947632,0.03522977605462074,0.03430672362446785,0.07863599061965942
mixture,dpm2_uniform,"DPM-2 + corrector, uniform t",Overall sampler,100,2,1,1,1.5433915349422023,2.057855379922936,cuda,0.005094589665532112,0.13169743120670319,1.3987109661102295,0.04729141294956207,0.04731832444667816,0.08862020820379257
mixture,dpm2_log,"DPM-2 + corrector, log sigma",Overall sampler,5,2,1,0,0.15867570706177503,0.21156760941570005,cuda,0.16093051433563232,0.1919354349374771,1.5511780977249146,0.08514677733182907,0.07987836003303528,0.1536216139793396
mixture,dpm2_log,"DPM-2 + corrector, log sigma",Overall sampler,5,2,1,1,0.1642680309014395,0.21902404120191932,cuda,0.1612495332956314,0.19977204501628876,1.5415904521942139,0.03242429718375206,0.02926637977361679,0.14439302682876587
mixture,dpm2_log,"DPM-2 + corrector, log sigma",Overall sampler,10,2,1,0,0.23827041999902576,0.31769389333203435,cuda,0.15293316543102264,0.17625212669372559,1.5027631521224976,0.008339951746165752,0.007399061694741249,0.1412656307220459
mixture,dpm2_log,"DPM-2 + corrector, log sigma",Overall sampler,10,2,1,1,0.2363230180926621,0.3150973574568828,cuda,0.15419025719165802,0.19316142797470093,1.5298525094985962,0.04142259806394577,0.038323283195495605,0.1420697569847107
mixture,dpm2_log,"DPM-2 + corrector, log sigma",Overall sampler,20,2,1,0,0.3687412900617346,0.49165505341564614,cuda,0.09254337102174759,0.17170073091983795,1.4905072450637817,0.012010112404823303,0.010439173318445683,0.11281399428844452
mixture,dpm2_log,"DPM-2 + corrector, log sigma",Overall sampler,20,2,1,1,0.3978730409871787,0.5304973879829049,cuda,0.07198645919561386,0.16488024592399597,1.4694017171859741,0.046882130205631256,0.04541021212935448,0.10456430912017822
mixture,dpm2_log,"DPM-2 + corrector, log sigma",Overall sampler,50,2,1,0,0.7971985369222239,1.0629313825629652,cuda,0.09189172834157944,0.11376462876796722,1.3242436647415161,0.03161315619945526,0.028321463614702225,0.08722618222236633
mixture,dpm2_log,"DPM-2 + corrector, log sigma",Overall sampler,50,2,1,1,0.8603175090393052,1.1470900120524068,cuda,0.09502876549959183,0.12801532447338104,1.3760265111923218,0.08056195825338364,0.07485325634479523,0.09929762035608292
mixture,dpm2_log,"DPM-2 + corrector, log sigma",Overall sampler,100,2,1,0,1.5024458069819957,2.003261075975994,cuda,0.03613178804516792,0.08180496841669083,1.253984808921814,0.007735738530755043,0.006885198410600424,0.06181856617331505
mixture,dpm2_log,"DPM-2 + corrector, log sigma",Overall sampler,100,2,1,1,1.4953168530482799,1.9937558040643732,cuda,0.0300896018743515,0.0778176486492157,1.2417739629745483,0.0016678882529959083,0.0020422092638909817,0.055834248661994934
mixture,em_uniform,"Euler--Maruyama, uniform t",Euler update,5,2,1,0,0.022055429057218134,0.029407238742957514,cuda,0.16116555035114288,0.6845247149467468,2.579479694366455,0.04434581845998764,0.044698361307382584,0.37095969915390015
mixture,em_uniform,"Euler--Maruyama, uniform t",Euler update,5,2,1,1,0.026251947972923517,0.035002597297231354,cuda,0.1534176915884018,0.6798866391181946,2.560844898223877,0.03894500061869621,0.038490284234285355,0.36213961243629456
mixture,em_uniform,"Euler--Maruyama, uniform t",Euler update,10,2,1,0,0.05468946893233806,0.07291929190978408,cuda,0.15134213864803314,0.36452606320381165,1.974647045135498,0.1112571656703949,0.11139050126075745,0.2399871051311493
mixture,em_uniform,"Euler--Maruyama, uniform t",Euler update,10,2,1,1,0.05602933594491333,0.07470578125988443,cuda,0.1581256240606308,0.37218958139419556,1.9678406715393066,0.0654790848493576,0.061503808945417404,0.23068682849407196
mixture,em_uniform,"Euler--Maruyama, uniform t",Euler update,20,2,1,0,0.09722849808167666,0.12963799744223556,cuda,0.10240308940410614,0.261622816324234,1.7309913635253906,0.004042597487568855,0.00344717875123024,0.1682502180337906
mixture,em_uniform,"Euler--Maruyama, uniform t",Euler update,20,2,1,1,0.09582260495517403,0.12776347327356538,cuda,0.06864476948976517,0.22217901051044464,1.6515419483184814,0.01059255376458168,0.009789122268557549,0.1486147940158844
mixture,em_uniform,"Euler--Maruyama, uniform t",Euler update,50,2,1,0,0.2352833340410143,0.31371111205468577,cuda,0.1248447448015213,0.19849735498428345,1.5579890012741089,0.05278792232275009,0.05045071244239807,0.13971364498138428
mixture,em_uniform,"Euler--Maruyama, uniform t",Euler update,50,2,1,1,0.23600770207121968,0.31467693609495956,cuda,0.11941748112440109,0.20075726509094238,1.5720211267471313,0.03979601338505745,0.03958730399608612,0.14029544591903687
mixture,em_uniform,"Euler--Maruyama, uniform t",Euler update,100,2,1,0,0.4831870630150661,0.6442494173534214,cuda,0.1022670790553093,0.1695656031370163,1.4845037460327148,0.027933243662118912,0.024977905675768852,0.11426884680986404
mixture,em_uniform,"Euler--Maruyama, uniform t",Euler update,100,2,1,1,0.4755668520228937,0.634089136030525,cuda,0.08198018372058868,0.16618621349334717,1.4895917177200317,0.020231857895851135,0.0208809282630682,0.11654253304004669
mixture,em_log,"Euler--Maruyama, log sigma",Euler update,5,2,1,0,0.02257286594249308,0.030097154589990776,cuda,0.08212542533874512,0.7225968837738037,2.539322853088379,0.012119303457438946,0.01198163628578186,0.34094536304473877
mixture,em_log,"Euler--Maruyama, log sigma",Euler update,5,2,1,1,0.028289235080592334,0.037718980107456446,cuda,0.1393386274576187,0.7130253314971924,2.514897584915161,0.07468774169683456,0.06922443211078644,0.3414725661277771
mixture,em_log,"Euler--Maruyama, log sigma",Euler update,10,2,1,0,0.046084959991276264,0.06144661332170168,cuda,0.09616909176111221,0.30810102820396423,1.815825343132019,0.04470878839492798,0.04470067471265793,0.1942719966173172
mixture,em_log,"Euler--Maruyama, log sigma",Euler update,10,2,1,1,0.050299642025493085,0.06706618936732411,cuda,0.11481782048940659,0.3354097902774811,1.8572496175765991,0.11346105486154556,0.10912196338176727,0.19550544023513794
mixture,em_log,"Euler--Maruyama, log sigma",Euler update,20,2,1,0,0.09417702595237643,0.1255693679365019,cuda,0.085257388651371,0.21490076184272766,1.6015738248825073,0.009782032109797001,0.01005092915147543,0.13156738877296448
mixture,em_log,"Euler--Maruyama, log sigma",Euler update,20,2,1,1,0.09262330108322203,0.12349773477762938,cuda,0.06203622370958328,0.21144568920135498,1.592964768409729,0.03205554932355881,0.02898627147078514,0.12958836555480957
mixture,em_log,"Euler--Maruyama, log sigma",Euler update,50,2,1,0,0.2368424809537828,0.3157899746050437,cuda,0.11141622066497803,0.15005171298980713,1.423424243927002,0.016530578956007957,0.014599905349314213,0.10793222486972809
mixture,em_log,"Euler--Maruyama, log sigma",Euler update,50,2,1,1,0.2323899370385334,0.3098532493847112,cuda,0.11016687005758286,0.1729997843503952,1.4959964752197266,0.11808809638023376,0.11252894997596741,0.12440400570631027
mixture,em_log,"Euler--Maruyama, log sigma",Euler update,100,2,1,0,0.47056640801019967,0.6274218773469329,cuda,0.08658833056688309,0.16085629165172577,1.4597783088684082,0.06629856675863266,0.0611020028591156,0.10957285761833191
mixture,em_log,"Euler--Maruyama, log sigma",Euler update,100,2,1,1,0.47225548804271966,0.6296739840569595,cuda,0.10972438007593155,0.16606922447681427,1.4612141847610474,0.010814672335982323,0.009416871704161167,0.11453986167907715
mixture,sigma_uniform_dpm,"Sigma-space DPM-1, uniform t",DPM predictor,5,2,2,0,0.026248789974488318,0.03499838663265109,cuda,0.4796345829963684,0.14861099421977997,1.316612720489502,2590.76416015625,69.80577087402344,0.31276723742485046
mixture,sigma_uniform_dpm,"Sigma-space DPM-1, uniform t",DPM predictor,5,2,2,1,0.022269714041613042,0.029692952055484056,cuda,0.4727502763271332,0.12578843533992767,1.266127347946167,2588.264404296875,70.29336547851562,0.3083818256855011
mixture,sigma_uniform_dpm,"Sigma-space DPM-1, uniform t",DPM predictor,10,2,2,0,0.046974313096143305,0.06263241746152441,cuda,0.5010719299316406,0.18061402440071106,1.4073731899261475,2592.111572265625,69.2551040649414,0.32726621627807617
mixture,sigma_uniform_dpm,"Sigma-space DPM-1, uniform t",DPM predictor,10,2,2,1,0.048920052009634674,0.06522673601284623,cuda,0.466398686170578,0.1534835249185562,1.340928554534912,2585.617431640625,70.28593444824219,0.3051260709762573
mixture,sigma_uniform_dpm,"Sigma-space DPM-1, uniform t",DPM predictor,20,2,2,0,0.09388972807209939,0.12518630409613252,cuda,0.49758923053741455,0.1844925582408905,1.4179787635803223,2595.84619140625,69.71434783935547,0.3259701728820801
mixture,sigma_uniform_dpm,"Sigma-space DPM-1, uniform t",DPM predictor,20,2,2,1,0.09564688196405768,0.1275291759520769,cuda,0.462536484003067,0.1612793207168579,1.369908332824707,2575.56298828125,71.16989135742188,0.30274781584739685
mixture,sigma_uniform_dpm,"Sigma-space DPM-1, uniform t",DPM predictor,50,2,2,0,0.2367348310071975,0.31564644134293,cuda,0.4638080894947052,0.15156657993793488,1.3608289957046509,2599.1884765625,69.6831283569336,0.30395475029945374
mixture,sigma_uniform_dpm,"Sigma-space DPM-1, uniform t",DPM predictor,50,2,2,1,0.23775989597197622,0.3170131946293016,cuda,0.4267416000366211,0.16153347492218018,1.372812271118164,2585.791015625,69.97115325927734,0.2792758047580719
mixture,sigma_uniform_dpm,"Sigma-space DPM-1, uniform t",DPM predictor,100,2,2,0,0.4629239949863404,0.6172319933151206,cuda,0.48030227422714233,0.1753692626953125,1.4246406555175781,2593.56689453125,69.71549987792969,0.31709951162338257
mixture,sigma_uniform_dpm,"Sigma-space DPM-1, uniform t",DPM predictor,100,2,2,1,0.47147275507450104,0.6286303400993347,cuda,0.47991132736206055,0.2225685715675354,1.51958429813385,2599.4541015625,70.08686828613281,0.31623467803001404
mixture,sigma_log_dpm,"Sigma-space DPM-1, log sigma",DPM predictor,5,2,2,0,0.022269165026955307,0.02969222003594041,cuda,0.46981000900268555,0.13020841777324677,1.3006566762924194,2594.2548828125,69.80633544921875,0.30742189288139343
mixture,sigma_log_dpm,"Sigma-space DPM-1, log sigma",DPM predictor,5,2,2,1,0.0231967989820987,0.03092906530946493,cuda,0.4633164405822754,0.11014623194932938,1.2552777528762817,2590.818603515625,70.07550048828125,0.3031209409236908
mixture,sigma_log_dpm,"Sigma-space DPM-1, log sigma",DPM predictor,10,2,2,0,0.04621860198676586,0.06162480264902115,cuda,0.506287693977356,0.18733033537864685,1.453050971031189,2593.00830078125,69.2493896484375,0.33395183086395264
mixture,sigma_log_dpm,"Sigma-space DPM-1, log sigma",DPM predictor,10,2,2,1,0.045112958061508834,0.060150610748678446,cuda,0.47184088826179504,0.15907642245292664,1.3858245611190796,2586.340576171875,70.37844848632812,0.3113607168197632
mixture,sigma_log_dpm,"Sigma-space DPM-1, log sigma",DPM predictor,20,2,2,0,0.09671637904830277,0.12895517206440368,cuda,0.5096234083175659,0.1997366100549698,1.4738550186157227,2597.194091796875,69.75340270996094,0.3361186683177948
mixture,sigma_log_dpm,"Sigma-space DPM-1, log sigma",DPM predictor,20,2,2,1,0.09541288309264928,0.1272171774568657,cuda,0.4737137258052826,0.1760723739862442,1.4267330169677734,2576.091796875,71.28910827636719,0.31264978647232056
mixture,sigma_log_dpm,"Sigma-space DPM-1, log sigma",DPM predictor,50,2,2,0,0.23068573989439756,0.3075809865258634,cuda,0.47477975487709045,0.16631053388118744,1.4088739156723022,2600.408935546875,69.69187927246094,0.3131846785545349
mixture,sigma_log_dpm,"Sigma-space DPM-1, log sigma",DPM predictor,50,2,2,1,0.23553080298006535,0.3140410706400871,cuda,0.4367654323577881,0.1768007129430771,1.4200040102005005,2586.611572265625,69.97249603271484,0.28773927688598633
mixture,sigma_log_dpm,"Sigma-space DPM-1, log sigma",DPM predictor,100,2,2,0,0.47939748293720186,0.6391966439162692,cuda,0.48774099349975586,0.18552321195602417,1.4549386501312256,2594.224853515625,69.70233917236328,0.32327356934547424
mixture,sigma_log_dpm,"Sigma-space DPM-1, log sigma",DPM predictor,100,2,2,1,0.46538944507483393,0.6205192600997785,cuda,0.4872855246067047,0.23407074809074402,1.5508962869644165,2600.199951171875,70.10189819335938,0.3224879503250122
mixture,dpm2_uniform,"DPM-2 + corrector, uniform t",Overall sampler,5,2,2,0,0.16254342708270997,0.2167245694436133,cuda,0.34459540247917175,0.3287469446659088,1.7981822490692139,2576.40869140625,69.47470092773438,0.27462929487228394
mixture,dpm2_uniform,"DPM-2 + corrector, uniform t",Overall sampler,5,2,2,1,0.16689054702874273,0.22252072937165698,cuda,0.3035866320133209,0.3199797570705414,1.7903534173965454,2582.5703125,70.13412475585938,0.26011019945144653
mixture,dpm2_uniform,"DPM-2 + corrector, uniform t",Overall sampler,10,2,2,0,0.23294767795596272,0.31059690394128364,cuda,0.310295432806015,0.22415438294410706,1.562416434288025,2594.18115234375,69.52400207519531,0.2225310355424881
mixture,dpm2_uniform,"DPM-2 + corrector, uniform t",Overall sampler,10,2,2,1,0.23172104300465435,0.3089613906728725,cuda,0.31673699617385864,0.21051590144634247,1.5376380681991577,2587.581298828125,69.73808288574219,0.23003911972045898
mixture,dpm2_uniform,"DPM-2 + corrector, uniform t",Overall sampler,20,2,2,0,0.3847549449419603,0.513006593255947,cuda,0.2722996175289154,0.20367498695850372,1.51154625415802,2598.724609375,68.2725830078125,0.20195165276527405
mixture,dpm2_uniform,"DPM-2 + corrector, uniform t",Overall sampler,20,2,2,1,0.376851350069046,0.502468466758728,cuda,0.2712573707103729,0.1762993484735489,1.4552910327911377,2578.059326171875,68.83683013916016,0.1931009292602539
mixture,dpm2_uniform,"DPM-2 + corrector, uniform t",Overall sampler,50,2,2,0,0.7876833840273321,1.0502445120364428,cuda,0.181725412607193,0.14864610135555267,1.3797979354858398,2555.51416015625,70.48875427246094,0.13936077058315277
mixture,dpm2_uniform,"DPM-2 + corrector, uniform t",Overall sampler,50,2,2,1,0.8039546000072733,1.0719394666763644,cuda,0.1963847428560257,0.13382789492607117,1.3526337146759033,2586.91064453125,69.40837860107422,0.14119592308998108
mixture,dpm2_uniform,"DPM-2 + corrector, uniform t",Overall sampler,100,2,2,0,1.5407195769948885,2.054292769326518,cuda,0.14502282440662384,0.09846483170986176,1.2708243131637573,2579.99560546875,69.85572052001953,0.11062533408403397
mixture,dpm2_uniform,"DPM-2 + corrector, uniform t",Overall sampler,100,2,2,1,1.494842902990058,1.9931238706534107,cuda,0.17810416221618652,0.12794114649295807,1.3398946523666382,2582.9072265625,70.03236389160156,0.1280774623155594
mixture,dpm2_log,"DPM-2 + corrector, log sigma",Overall sampler,5,2,2,0,0.16667659603990614,0.22223546138654152,cuda,0.3752193748950958,0.2039467692375183,1.5067064762115479,2591.67578125,69.99736022949219,0.2552300691604614
mixture,dpm2_log,"DPM-2 + corrector, log sigma",Overall sampler,5,2,2,1,0.15806261694524437,0.2107501559269925,cuda,0.3279699683189392,0.17804497480392456,1.4588626623153687,2592.64404296875,69.86184692382812,0.22647908329963684
mixture,dpm2_log,"DPM-2 + corrector, log sigma",Overall sampler,10,2,2,0,0.22927839402109385,0.3057045253614585,cuda,0.3957984149456024,0.2238188087940216,1.536348581314087,2617.773681640625,67.6330795288086,0.26805904507637024
mixture,dpm2_log,"DPM-2 + corrector, log sigma",Overall sampler,10,2,2,1,0.22846120002213866,0.30461493336285156,cuda,0.373564213514328,0.18311910331249237,1.454902172088623,2582.28662109375,69.7108154296875,0.2524721920490265
mixture,dpm2_log,"DPM-2 + corrector, log sigma",Overall sampler,20,2,2,0,0.3709828880382702,0.49464385071769357,cuda,0.35970860719680786,0.18161846697330475,1.4482369422912598,2592.75048828125,68.8863525390625,0.24101866781711578
mixture,dpm2_log,"DPM-2 + corrector, log sigma",Overall sampler,20,2,2,1,0.3728603010531515,0.49714706807086867,cuda,0.34023651480674744,0.1775292307138443,1.437882900238037,2581.65087890625,68.75796508789062,0.22828298807144165
mixture,dpm2_log,"DPM-2 + corrector, log sigma",Overall sampler,50,2,2,0,0.7858152920380235,1.0477537227173646,cuda,0.23860542476177216,0.13283246755599976,1.339132308959961,2560.184326171875,69.45084381103516,0.16399696469306946
mixture,dpm2_log,"DPM-2 + corrector, log sigma",Overall sampler,50,2,2,1,0.7807956900214776,1.041060920028637,cuda,0.19883506000041962,0.13970042765140533,1.3493965864181519,2560.284912109375,69.63699340820312,0.14444391429424286
mixture,dpm2_log,"DPM-2 + corrector, log sigma",Overall sampler,100,2,2,0,1.4750107249710709,1.9666809666280944,cuda,0.10717746615409851,0.06578376144170761,1.1648304462432861,2563.453857421875,70.24653625488281,0.08104421943426132
mixture,dpm2_log,"DPM-2 + corrector, log sigma",Overall sampler,100,2,2,1,1.5351231790846214,2.046830905446162,cuda,0.15134486556053162,0.09887940436601639,1.2582805156707764,2576.710693359375,69.25007629394531,0.10554177314043045
mixture,em_uniform,"Euler--Maruyama, uniform t",Euler update,5,2,2,0,0.02254352904856205,0.030058038731416065,cuda,0.4296715259552002,0.740588903427124,2.5240981578826904,2577.045166015625,69.08352661132812,0.4332160949707031
mixture,em_uniform,"Euler--Maruyama, uniform t",Euler update,5,2,2,1,0.02712901693303138,0.036172022577375174,cuda,0.33809909224510193,0.6861161589622498,2.4559741020202637,2601.65380859375,69.25306701660156,0.4037033021450043
mixture,em_uniform,"Euler--Maruyama, uniform t",Euler update,10,2,2,0,0.04682735004462302,0.06243646672616402,cuda,0.36706796288490295,0.38430294394493103,1.9219391345977783,2595.252197265625,68.035400390625,0.3043454587459564
mixture,em_uniform,"Euler--Maruyama, uniform t",Euler update,10,2,2,1,0.045451300917193294,0.060601734556257725,cuda,0.32640671730041504,0.379096120595932,1.9097304344177246,2581.729248046875,70.81964111328125,0.2865433096885681
mixture,em_uniform,"Euler--Maruyama, uniform t",Euler update,20,2,2,0,0.09362590697128326,0.12483454262837768,cuda,0.3376951813697815,0.29737532138824463,1.726461410522461,2575.94677734375,70.86534881591797,0.2575502097606659
mixture,em_uniform,"Euler--Maruyama, uniform t",Euler update,20,2,2,1,0.09456172899808735,0.12608230533078313,cuda,0.29970604181289673,0.2833855152130127,1.6945531368255615,2572.135986328125,70.68382263183594,0.23121857643127441
mixture,em_uniform,"Euler--Maruyama, uniform t",Euler update,50,2,2,0,0.2785527450032532,0.3714036600043376,cuda,0.2847464680671692,0.1807352602481842,1.4561209678649902,2586.513671875,69.80513000488281,0.19782239198684692
mixture,em_uniform,"Euler--Maruyama, uniform t",Euler update,50,2,2,1,0.26122872601263225,0.348304968016843,cuda,0.2503207325935364,0.16770154237747192,1.4370332956314087,2560.4287109375,71.57523345947266,0.1790112406015396
mixture,em_uniform,"Euler--Maruyama, uniform t",Euler update,100,2,2,0,0.5162843270227313,0.6883791026969751,cuda,0.2552264332771301,0.13603368401527405,1.3474044799804688,2588.404541015625,68.54427337646484,0.17859488725662231
mixture,em_uniform,"Euler--Maruyama, uniform t",Euler update,100,2,2,1,0.5189495820086449,0.6919327760115266,cuda,0.3032171428203583,0.19975866377353668,1.4923760890960693,2581.726318359375,70.07635498046875,0.2076980024576187
mixture,em_log,"Euler--Maruyama, log sigma",Euler update,5,2,2,0,0.022024721023626626,0.029366294698168833,cuda,0.3687574863433838,0.9024783372879028,2.638667345046997,2590.638427734375,70.26188659667969,0.4404783844947815
mixture,em_log,"Euler--Maruyama, log sigma",Euler update,5,2,2,1,0.02221810899209231,0.029624145322789747,cuda,0.2649282217025757,0.8117732405662537,2.53059458732605,2599.0546875,70.99986267089844,0.3878124952316284
mixture,em_log,"Euler--Maruyama, log sigma",Euler update,10,2,2,0,0.048679194995202124,0.06490559332693617,cuda,0.322950154542923,0.39147719740867615,1.8615058660507202,2590.412353515625,67.97538757324219,0.2695460319519043
mixture,em_log,"Euler--Maruyama, log sigma",Euler update,10,2,2,1,0.04531510395463556,0.06042013860618075,cuda,0.3160683214664459,0.3169856369495392,1.746903419494629,2572.743408203125,71.3968505859375,0.2545088231563568
mixture,em_log,"Euler--Maruyama, log sigma",Euler update,20,2,2,0,0.09909104800317436,0.1321213973375658,cuda,0.32793697714805603,0.21952053904533386,1.5473610162734985,2581.857421875,68.26837921142578,0.23101575672626495
mixture,em_log,"Euler--Maruyama, log sigma",Euler update,20,2,2,1,0.11244239204097539,0.1499231893879672,cuda,0.3051920533180237,0.21961113810539246,1.539678692817688,2590.081298828125,67.8517837524414,0.2148829698562622
mixture,em_log,"Euler--Maruyama, log sigma",Euler update,50,2,2,0,0.2313790830085054,0.30850544401134056,cuda,0.29673442244529724,0.17675939202308655,1.4460461139678955,2581.689697265625,69.76661682128906,0.20294320583343506
mixture,em_log,"Euler--Maruyama, log sigma",Euler update,50,2,2,1,0.23596045991871506,0.31461394655828673,cuda,0.240352064371109,0.19009172916412354,1.461859941482544,2566.563720703125,69.02434539794922,0.17805321514606476
mixture,em_log,"Euler--Maruyama, log sigma",Euler update,100,2,2,0,0.4739115990232676,0.6318821320310235,cuda,0.23560358583927155,0.1416735053062439,1.3480490446090698,2575.774169921875,69.46097564697266,0.16531772911548615
mixture,em_log,"Euler--Maruyama, log sigma",Euler update,100,2,2,1,0.469214404001832,0.625619205335776,cuda,0.28359681367874146,0.1772141307592392,1.441731333732605,2565.718017578125,70.40679931640625,0.19632038474082947
mixture,sigma_uniform_dpm,"Sigma-space DPM-1, uniform t",DPM predictor,5,2,3,0,0.02502892992924899,0.03337190657233199,cuda,0.5910395979881287,0.5491495728492737,1.1599647998809814,30.88514518737793,5.375239849090576,0.3818088173866272
mixture,sigma_uniform_dpm,"Sigma-space DPM-1, uniform t",DPM predictor,5,2,3,1,0.02658841200172901,0.03545121600230535,cuda,0.5693902969360352,0.5086070895195007,1.1264593601226807,29.411460876464844,5.731543064117432,0.3706098794937134
mixture,sigma_uniform_dpm,"Sigma-space DPM-1, uniform t",DPM predictor,10,2,3,0,0.046131107956171036,0.06150814394156138,cuda,0.506330668926239,0.3533649444580078,1.11470365524292,30.720657348632812,4.602980613708496,0.32629257440567017
mixture,sigma_uniform_dpm,"Sigma-space DPM-1, uniform t",DPM predictor,10,2,3,1,0.048529566964134574,0.06470608928551276,cuda,0.5319438576698303,0.36977213621139526,1.1079052686691284,29.759733200073242,5.435688018798828,0.3413422405719757
mixture,sigma_uniform_dpm,"Sigma-space DPM-1, uniform t",DPM predictor,20,2,3,0,0.0913404329912737,0.12178724398836493,cuda,0.5032930374145508,0.37680718302726746,1.1429262161254883,32.1218147277832,4.835145473480225,0.32402747869491577
mixture,sigma_uniform_dpm,"Sigma-space DPM-1, uniform t",DPM predictor,20,2,3,1,0.09495159890502691,0.12660213187336922,cuda,0.5645359754562378,0.4545133411884308,1.1748847961425781,31.472978591918945,5.576425075531006,0.35884353518486023
mixture,sigma_uniform_dpm,"Sigma-space DPM-1, uniform t",DPM predictor,50,2,3,0,0.23058708000462502,0.3074494400061667,cuda,0.4968418478965759,0.3640519678592682,1.1551727056503296,30.10024642944336,4.666559219360352,0.31974101066589355
mixture,sigma_uniform_dpm,"Sigma-space DPM-1, uniform t",DPM predictor,50,2,3,1,0.23706028098240495,0.3160803746432066,cuda,0.513513445854187,0.4341786503791809,1.185301423072815,27.660926818847656,5.190116882324219,0.32886743545532227
mixture,sigma_uniform_dpm,"Sigma-space DPM-1, uniform t",DPM predictor,100,2,3,0,0.48235956905409694,0.6431460920721292,cuda,0.44703900814056396,0.2778587341308594,1.1341477632522583,31.457490921020508,5.241791248321533,0.28851163387298584
mixture,sigma_uniform_dpm,"Sigma-space DPM-1, uniform t",DPM predictor,100,2,3,1,0.48456184193491936,0.6460824559132258,cuda,0.5031604170799255,0.3568238317966461,1.136918544769287,31.10917854309082,4.974636077880859,0.32136568427085876
mixture,sigma_log_dpm,"Sigma-space DPM-1, log sigma",DPM predictor,5,2,3,0,0.022698733024299145,0.030264977365732193,cuda,0.7036179900169373,0.66861891746521,1.2052581310272217,29.61024284362793,6.712747573852539,0.45464855432510376
mixture,sigma_log_dpm,"Sigma-space DPM-1, log sigma",DPM predictor,5,2,3,1,0.02495201595593244,0.03326935460790992,cuda,0.6781410574913025,0.6209498047828674,1.1704655885696411,29.26620101928711,7.2150068283081055,0.4404256045818329
mixture,sigma_log_dpm,"Sigma-space DPM-1, log sigma",DPM predictor,10,2,3,0,0.04623545100912452,0.06164726801216602,cuda,0.5610890984535217,0.4286459684371948,1.1491037607192993,30.498554229736328,5.540066242218018,0.36022335290908813
mixture,sigma_log_dpm,"Sigma-space DPM-1, log sigma",DPM predictor,10,2,3,1,0.046160324942320585,0.061547099923094116,cuda,0.5900782942771912,0.4474065601825714,1.144529938697815,28.914674758911133,6.112613677978516,0.3775024712085724
mixture,sigma_log_dpm,"Sigma-space DPM-1, log sigma",DPM predictor,20,2,3,0,0.09281366097275168,0.1237515479636689,cuda,0.5430611371994019,0.4396139681339264,1.176570177078247,31.970447540283203,5.341045379638672,0.34847110509872437
mixture,sigma_log_dpm,"Sigma-space DPM-1, log sigma",DPM predictor,20,2,3,1,0.09344535192940384,0.12459380257253845,cuda,0.6030604839324951,0.5245035290718079,1.210559368133545,30.950529098510742,5.713715076446533,0.38243424892425537
mixture,sigma_log_dpm,"Sigma-space DPM-1, log sigma",DPM predictor,50,2,3,0,0.23882029904052615,0.3184270653873682,cuda,0.5272799134254456,0.39080795645713806,1.1704455614089966,30.00249481201172,5.199517726898193,0.3384239077568054
mixture,sigma_log_dpm,"Sigma-space DPM-1, log sigma",DPM predictor,50,2,3,1,0.23322104499675333,0.31096139332900447,cuda,0.5449504852294922,0.46352893114089966,1.2014274597167969,27.565248489379883,5.741846084594727,0.34833824634552
mixture,sigma_log_dpm,"Sigma-space DPM-1, log sigma",DPM predictor,100,2,3,0,0.46753261203411967,0.6233768160454929,cuda,0.46812739968299866,0.2892005145549774,1.1413475275039673,31.41537857055664,5.714991092681885,0.3015681207180023
mixture,sigma_log_dpm,"Sigma-space DPM-1, log sigma",DPM predictor,100,2,3,1,0.46524845401290804,0.6203312720172107,cuda,0.5232528448104858,0.3692939579486847,1.1447020769119263,31.065114974975586,5.429670333862305,0.3337749242782593
mixture,dpm2_uniform,"DPM-2 + corrector, uniform t",Overall sampler,5,2,3,0,0.1610567569732666,0.21474234263102213,cuda,0.28252628445625305,0.29717183113098145,1.2146481275558472,29.59145164489746,2.002910852432251,0.2160174548625946
mixture,dpm2_uniform,"DPM-2 + corrector, uniform t",Overall sampler,5,2,3,1,0.15972387802321464,0.21296517069761953,cuda,0.23103231191635132,0.23482678830623627,1.1800332069396973,29.934101104736328,2.417424440383911,0.17612658441066742
mixture,dpm2_uniform,"DPM-2 + corrector, uniform t",Overall sampler,10,2,3,0,0.23069578409194946,0.30759437878926593,cuda,0.18264888226985931,0.21048644185066223,1.1493446826934814,32.925235748291016,1.7274479866027832,0.13952964544296265
mixture,dpm2_uniform,"DPM-2 + corrector, uniform t",Overall sampler,10,2,3,1,0.22984037396963686,0.3064538319595158,cuda,0.24149413406848907,0.23054873943328857,1.1616002321243286,33.44932174682617,1.6910150051116943,0.17747588455677032
mixture,dpm2_uniform,"DPM-2 + corrector, uniform t",Overall sampler,20,2,3,0,0.376096670050174,0.5014622267335653,cuda,0.21310384571552277,0.3236704170703888,1.201574683189392,29.721912384033203,1.1781337261199951,0.15924343466758728
mixture,dpm2_uniform,"DPM-2 + corrector, uniform t",Overall sampler,20,2,3,1,0.36702026706188917,0.4893603560825189,cuda,0.24415501952171326,0.24967217445373535,1.1590393781661987,30.52382469177246,1.1798701286315918,0.1675780564546585
mixture,dpm2_uniform,"DPM-2 + corrector, uniform t",Overall sampler,50,2,3,0,0.7869809780968353,1.0493079707957804,cuda,0.20534245669841766,0.26875513792037964,1.1583831310272217,32.33729934692383,1.1686482429504395,0.15220409631729126
mixture,dpm2_uniform,"DPM-2 + corrector, uniform t",Overall sampler,50,2,3,1,0.794252029969357,1.0590027066258092,cuda,0.25161030888557434,0.3176855742931366,1.1845580339431763,29.791223526000977,1.1053448915481567,0.17811676859855652
mixture,dpm2_uniform,"DPM-2 + corrector, uniform t",Overall sampler,100,2,3,0,1.4948170440038666,1.9930893920051556,cuda,0.256695032119751,0.21981458365917206,1.130659818649292,27.205684661865234,0.9669865369796753,0.1850132942199707
mixture,dpm2_uniform,"DPM-2 + corrector, uniform t",Overall sampler,100,2,3,1,1.5031000999733806,2.004133466631174,cuda,0.2070368230342865,0.16024290025234222,1.0972105264663696,30.37105369567871,1.0440711975097656,0.15155532956123352
mixture,dpm2_log,"DPM-2 + corrector, log sigma",Overall sampler,5,2,3,0,0.15953239402733743,0.21270985870311657,cuda,0.27425915002822876,0.30751416087150574,1.2128632068634033,31.74945831298828,1.9343514442443848,0.19508256018161774
mixture,dpm2_log,"DPM-2 + corrector, log sigma",Overall sampler,5,2,3,1,0.18617646698839962,0.24823528931786618,cuda,0.2542182207107544,0.2717570662498474,1.1895049810409546,28.62847137451172,2.0801591873168945,0.18252308666706085
mixture,dpm2_log,"DPM-2 + corrector, log sigma",Overall sampler,10,2,3,0,0.23367085598874837,0.3115611413183312,cuda,0.24976204335689545,0.25387805700302124,1.1751372814178467,27.951988220214844,1.5957741737365723,0.18253417313098907
mixture,dpm2_log,"DPM-2 + corrector, log sigma",Overall sampler,10,2,3,1,0.23558386496733874,0.31411181995645165,cuda,0.31575289368629456,0.23059268295764923,1.1596754789352417,28.481889724731445,1.8539190292358398,0.21613088250160217
mixture,dpm2_log,"DPM-2 + corrector, log sigma",Overall sampler,20,2,3,0,0.37031710194423795,0.4937561359256506,cuda,0.2023099660873413,0.22838738560676575,1.1606935262680054,32.25617980957031,1.4422423839569092,0.1504744589328766
mixture,dpm2_log,"DPM-2 + corrector, log sigma",Overall sampler,20,2,3,1,0.36859734903555363,0.4914631320474048,cuda,0.27824434638023376,0.22299252450466156,1.1647406816482544,29.581802368164062,1.516681432723999,0.18729591369628906
mixture,dpm2_log,"DPM-2 + corrector, log sigma",Overall sampler,50,2,3,0,0.7883077299920842,1.051076973322779,cuda,0.15731941163539886,0.23552818596363068,1.1420667171478271,27.29412269592285,1.0198845863342285,0.1254132241010666
mixture,dpm2_log,"DPM-2 + corrector, log sigma",Overall sampler,50,2,3,1,0.8042734370101243,1.0723645826801658,cuda,0.19536156952381134,0.308223694562912,1.1820839643478394,31.73322868347168,1.1029176712036133,0.1506643444299698
mixture,dpm2_log,"DPM-2 + corrector, log sigma",Overall sampler,100,2,3,0,1.4891317180590704,1.9855089574120939,cuda,0.2506391108036041,0.15636758506298065,1.0937706232070923,34.07581329345703,1.104599952697754,0.18068619072437286
mixture,dpm2_log,"DPM-2 + corrector, log sigma",Overall sampler,100,2,3,1,1.5033397868974134,2.004453049196551,cuda,0.18520160019397736,0.17758116126060486,1.1063873767852783,32.79316329956055,1.09443998336792,0.1351243257522583
mixture,em_uniform,"Euler--Maruyama, uniform t",Euler update,5,2,3,0,0.026080574025399983,0.03477409870053331,cuda,0.367684930562973,0.775734007358551,1.5159783363342285,28.489421844482422,3.081242084503174,0.3417529761791229
mixture,em_uniform,"Euler--Maruyama, uniform t",Euler update,5,2,3,1,0.027399399899877608,0.03653253319983681,cuda,0.3906921446323395,0.7201138138771057,1.5034598112106323,30.00170135498047,4.420904159545898,0.3490917980670929
mixture,em_uniform,"Euler--Maruyama, uniform t",Euler update,10,2,3,0,0.05389668804127723,0.07186225072170298,cuda,0.22218401730060577,0.3168216943740845,1.2404569387435913,36.005126953125,2.751603603363037,0.1960882991552353
mixture,em_uniform,"Euler--Maruyama, uniform t",Euler update,10,2,3,1,0.04857074294704944,0.06476099059606592,cuda,0.29334983229637146,0.37845924496650696,1.2890491485595703,31.4456787109375,2.1922526359558105,0.23973765969276428
mixture,em_uniform,"Euler--Maruyama, uniform t",Euler update,20,2,3,0,0.09361553296912462,0.12482071062549949,cuda,0.22641029953956604,0.353481262922287,1.2497872114181519,31.232383728027344,1.7270634174346924,0.18453943729400635
mixture,em_uniform,"Euler--Maruyama, uniform t",Euler update,20,2,3,1,0.09274878003634512,0.12366504004846017,cuda,0.26555758714675903,0.24333328008651733,1.1898714303970337,33.56040954589844,2.115574598312378,0.19272136688232422
mixture,em_uniform,"Euler--Maruyama, uniform t",Euler update,50,2,3,0,0.23325732699595392,0.31100976932793856,cuda,0.19359847903251648,0.2541256844997406,1.186203956604004,33.3654899597168,1.5746057033538818,0.1493547111749649
mixture,em_uniform,"Euler--Maruyama, uniform t",Euler update,50,2,3,1,0.23571189201902598,0.31428252269203466,cuda,0.20516039431095123,0.2540183961391449,1.1834309101104736,34.031620025634766,1.6571505069732666,0.15248797833919525
mixture,em_uniform,"Euler--Maruyama, uniform t",Euler update,100,2,3,0,0.47023042698856443,0.6269739026514193,cuda,0.21086034178733826,0.14083699882030487,1.1098339557647705,29.79033660888672,1.3476548194885254,0.15166246891021729
mixture,em_uniform,"Euler--Maruyama, uniform t",Euler update,100,2,3,1,0.4662053040228784,0.6216070720305046,cuda,0.21691380441188812,0.14452697336673737,1.1071380376815796,30.516490936279297,1.2849711179733276,0.15544086694717407
mixture,em_log,"Euler--Maruyama, log sigma",Euler update,5,2,3,0,0.023529755999334157,0.03137300799911221,cuda,0.47967901825904846,1.1359448432922363,1.7143514156341553,34.284698486328125,3.1740942001342773,0.40528735518455505
mixture,em_log,"Euler--Maruyama, log sigma",Euler update,5,2,3,1,0.022163898102007806,0.02955186413601041,cuda,0.49872681498527527,1.2458614110946655,1.7633265256881714,29.682353973388672,2.931008815765381,0.4363180696964264
mixture,em_log,"Euler--Maruyama, log sigma",Euler update,10,2,3,0,0.04557908501010388,0.06077211334680518,cuda,0.19958090782165527,0.4786902964115143,1.325770616531372,31.554637908935547,1.3811933994293213,0.1944262832403183
mixture,em_log,"Euler--Maruyama, log sigma",Euler update,10,2,3,1,0.04975221899803728,0.06633629199738304,cuda,0.28888076543807983,0.5162275433540344,1.3734190464019775,30.072633743286133,1.495232343673706,0.22364774346351624
mixture,em_log,"Euler--Maruyama, log sigma",Euler update,20,2,3,0,0.11035527498461306,0.14714036664615074,cuda,0.20595957338809967,0.3399792015552521,1.2165279388427734,31.13327407836914,1.2878447771072388,0.16054341197013855
mixture,em_log,"Euler--Maruyama, log sigma",Euler update,20,2,3,1,0.0926091989967972,0.12347893199572961,cuda,0.2828545570373535,0.31936559081077576,1.2241829633712769,31.08551788330078,1.731462836265564,0.19165340065956116
mixture,em_log,"Euler--Maruyama, log sigma",Euler update,50,2,3,0,0.25243477895855904,0.33657970527807873,cuda,0.17125508189201355,0.27051234245300293,1.1767158508300781,34.225494384765625,1.3845113515853882,0.14248859882354736
mixture,em_log,"Euler--Maruyama, log sigma",Euler update,50,2,3,1,0.23765367502346635,0.31687156669795513,cuda,0.19028432667255402,0.2871285676956177,1.1941760778427124,31.898033142089844,1.2235872745513916,0.14303429424762726
mixture,em_log,"Euler--Maruyama, log sigma",Euler update,100,2,3,0,0.4742056659888476,0.6322742213184634,cuda,0.21800975501537323,0.14730089902877808,1.1020853519439697,35.43366241455078,1.498227596282959,0.15733999013900757
mixture,em_log,"Euler--Maruyama, log sigma",Euler update,100,2,3,1,0.4706057800212875,0.6274743733617166,cuda,0.19245372712612152,0.17209064960479736,1.1190447807312012,30.064258575439453,1.2369331121444702,0.13628174364566803
