training_scheme,variant,variant_label,timesteps,model_seed,observation,nominal_coverage,analytical_coverage
uniform,sigma_log_dpm,"Sigma-space DPM-1, log sigma",10,0,0,0.0,0.0
uniform,sigma_log_dpm,"Sigma-space DPM-1, log sigma",10,0,0,0.1,0.1175599992275238
uniform,sigma_log_dpm,"Sigma-space DPM-1, log sigma",10,0,0,0.2,0.2363000065088272
uniform,sigma_log_dpm,"Sigma-space DPM-1, log sigma",10,0,0,0.30000000000000004,0.35294002294540405
uniform,sigma_log_dpm,"Sigma-space DPM-1, log sigma",10,0,0,0.4,0.45868000388145447
uniform,sigma_log_dpm,"Sigma-space DPM-1, log sigma",10,0,0,0.5,0.5646600127220154
uniform,sigma_log_dpm,"Sigma-space DPM-1, log sigma",10,0,0,0.6000000000000001,0.6617799997329712
uniform,sigma_log_dpm,"Sigma-space DPM-1, log sigma",10,0,0,0.7000000000000001,0.762179970741272
uniform,sigma_log_dpm,"Sigma-space DPM-1, log sigma",10,0,0,0.8,0.8613600134849548
uniform,sigma_log_dpm,"Sigma-space DPM-1, log sigma",10,0,0,0.9,0.9318599700927734
uniform,sigma_log_dpm,"Sigma-space DPM-1, log sigma",10,0,0,1.0,0.9997999668121338
uniform,sigma_log_dpm,"Sigma-space DPM-1, log sigma",50,0,0,0.0,0.0
uniform,sigma_log_dpm,"Sigma-space DPM-1, log sigma",50,0,0,0.1,0.10646000504493713
uniform,sigma_log_dpm,"Sigma-space DPM-1, log sigma",50,0,0,0.2,0.22217999398708344
uniform,sigma_log_dpm,"Sigma-space DPM-1, log sigma",50,0,0,0.30000000000000004,0.3324199914932251
uniform,sigma_log_dpm,"Sigma-space DPM-1, log sigma",50,0,0,0.4,0.442220002412796
uniform,sigma_log_dpm,"Sigma-space DPM-1, log sigma",50,0,0,0.5,0.5886199474334717
uniform,sigma_log_dpm,"Sigma-space DPM-1, log sigma",50,0,0,0.6000000000000001,0.6834800243377686
uniform,sigma_log_dpm,"Sigma-space DPM-1, log sigma",50,0,0,0.7000000000000001,0.790619969367981
uniform,sigma_log_dpm,"Sigma-space DPM-1, log sigma",50,0,0,0.8,0.8793599605560303
uniform,sigma_log_dpm,"Sigma-space DPM-1, log sigma",50,0,0,0.9,0.9494199752807617
uniform,sigma_log_dpm,"Sigma-space DPM-1, log sigma",50,0,0,1.0,0.999940037727356
uniform,dpm2_log,"DPM-2 + corrector, log sigma",10,0,0,0.0,0.0
uniform,dpm2_log,"DPM-2 + corrector, log sigma",10,0,0,0.1,0.12668000161647797
uniform,dpm2_log,"DPM-2 + corrector, log sigma",10,0,0,0.2,0.24441999197006226
uniform,dpm2_log,"DPM-2 + corrector, log sigma",10,0,0,0.30000000000000004,0.36580002307891846
uniform,dpm2_log,"DPM-2 + corrector, log sigma",10,0,0,0.4,0.5102800130844116
uniform,dpm2_log,"DPM-2 + corrector, log sigma",10,0,0,0.5,0.6276400089263916
uniform,dpm2_log,"DPM-2 + corrector, log sigma",10,0,0,0.6000000000000001,0.7339999675750732
uniform,dpm2_log,"DPM-2 + corrector, log sigma",10,0,0,0.7000000000000001,0.8205200433731079
uniform,dpm2_log,"DPM-2 + corrector, log sigma",10,0,0,0.8,0.8905199766159058
uniform,dpm2_log,"DPM-2 + corrector, log sigma",10,0,0,0.9,0.952239990234375
uniform,dpm2_log,"DPM-2 + corrector, log sigma",10,0,0,1.0,0.999940037727356
uniform,dpm2_log,"DPM-2 + corrector, log sigma",50,0,0,0.0,0.0
uniform,dpm2_log,"DPM-2 + corrector, log sigma",50,0,0,0.1,0.1082800030708313
uniform,dpm2_log,"DPM-2 + corrector, log sigma",50,0,0,0.2,0.22113999724388123
uniform,dpm2_log,"DPM-2 + corrector, log sigma",50,0,0,0.30000000000000004,0.3527200222015381
uniform,dpm2_log,"DPM-2 + corrector, log sigma",50,0,0,0.4,0.4807400107383728
uniform,dpm2_log,"DPM-2 + corrector, log sigma",50,0,0,0.5,0.5885800123214722
uniform,dpm2_log,"DPM-2 + corrector, log sigma",50,0,0,0.6000000000000001,0.7001399993896484
uniform,dpm2_log,"DPM-2 + corrector, log sigma",50,0,0,0.7000000000000001,0.8078600168228149
uniform,dpm2_log,"DPM-2 + corrector, log sigma",50,0,0,0.8,0.896120011806488
uniform,dpm2_log,"DPM-2 + corrector, log sigma",50,0,0,0.9,0.9599599838256836
uniform,dpm2_log,"DPM-2 + corrector, log sigma",50,0,0,1.0,0.9998999834060669
uniform,sigma_log_dpm,"Sigma-space DPM-1, log sigma",10,0,1,0.0,0.0
uniform,sigma_log_dpm,"Sigma-space DPM-1, log sigma",10,0,1,0.1,0.057100001722574234
uniform,sigma_log_dpm,"Sigma-space DPM-1, log sigma",10,0,1,0.2,0.11276000738143921
uniform,sigma_log_dpm,"Sigma-space DPM-1, log sigma",10,0,1,0.30000000000000004,0.1791200041770935
uniform,sigma_log_dpm,"Sigma-space DPM-1, log sigma",10,0,1,0.4,0.2574400007724762
uniform,sigma_log_dpm,"Sigma-space DPM-1, log sigma",10,0,1,0.5,0.33368000388145447
uniform,sigma_log_dpm,"Sigma-space DPM-1, log sigma",10,0,1,0.6000000000000001,0.44091999530792236
uniform,sigma_log_dpm,"Sigma-space DPM-1, log sigma",10,0,1,0.7000000000000001,0.5524600148200989
uniform,sigma_log_dpm,"Sigma-space DPM-1, log sigma",10,0,1,0.8,0.6613600254058838
uniform,sigma_log_dpm,"Sigma-space DPM-1, log sigma",10,0,1,0.9,0.8043799996376038
uniform,sigma_log_dpm,"Sigma-space DPM-1, log sigma",10,0,1,1.0,0.9991799592971802
uniform,sigma_log_dpm,"Sigma-space DPM-1, log sigma",50,0,1,0.0,0.0
uniform,sigma_log_dpm,"Sigma-space DPM-1, log sigma",50,0,1,0.1,0.05795999988913536
uniform,sigma_log_dpm,"Sigma-space DPM-1, log sigma",50,0,1,0.2,0.1402600109577179
uniform,sigma_log_dpm,"Sigma-space DPM-1, log sigma",50,0,1,0.30000000000000004,0.221220001578331
uniform,sigma_log_dpm,"Sigma-space DPM-1, log sigma",50,0,1,0.4,0.307420015335083
uniform,sigma_log_dpm,"Sigma-space DPM-1, log sigma",50,0,1,0.5,0.38960000872612
uniform,sigma_log_dpm,"Sigma-space DPM-1, log sigma",50,0,1,0.6000000000000001,0.4865800142288208
uniform,sigma_log_dpm,"Sigma-space DPM-1, log sigma",50,0,1,0.7000000000000001,0.5803999900817871
uniform,sigma_log_dpm,"Sigma-space DPM-1, log sigma",50,0,1,0.8,0.7130999565124512
uniform,sigma_log_dpm,"Sigma-space DPM-1, log sigma",50,0,1,0.9,0.8288999795913696
uniform,sigma_log_dpm,"Sigma-space DPM-1, log sigma",50,0,1,1.0,0.9997199773788452
uniform,dpm2_log,"DPM-2 + corrector, log sigma",10,0,1,0.0,0.0
uniform,dpm2_log,"DPM-2 + corrector, log sigma",10,0,1,0.1,0.07481999695301056
uniform,dpm2_log,"DPM-2 + corrector, log sigma",10,0,1,0.2,0.15892000496387482
uniform,dpm2_log,"DPM-2 + corrector, log sigma",10,0,1,0.30000000000000004,0.24116000533103943
uniform,dpm2_log,"DPM-2 + corrector, log sigma",10,0,1,0.4,0.33145999908447266
uniform,dpm2_log,"DPM-2 + corrector, log sigma",10,0,1,0.5,0.4335799813270569
uniform,dpm2_log,"DPM-2 + corrector, log sigma",10,0,1,0.6000000000000001,0.5377799868583679
uniform,dpm2_log,"DPM-2 + corrector, log sigma",10,0,1,0.7000000000000001,0.652999997138977
uniform,dpm2_log,"DPM-2 + corrector, log sigma",10,0,1,0.8,0.7759599685668945
uniform,dpm2_log,"DPM-2 + corrector, log sigma",10,0,1,0.9,0.8957599997520447
uniform,dpm2_log,"DPM-2 + corrector, log sigma",10,0,1,1.0,0.9988200068473816
uniform,dpm2_log,"DPM-2 + corrector, log sigma",50,0,1,0.0,0.0
uniform,dpm2_log,"DPM-2 + corrector, log sigma",50,0,1,0.1,0.10554000735282898
uniform,dpm2_log,"DPM-2 + corrector, log sigma",50,0,1,0.2,0.2039799988269806
uniform,dpm2_log,"DPM-2 + corrector, log sigma",50,0,1,0.30000000000000004,0.30437999963760376
uniform,dpm2_log,"DPM-2 + corrector, log sigma",50,0,1,0.4,0.40289998054504395
uniform,dpm2_log,"DPM-2 + corrector, log sigma",50,0,1,0.5,0.49549999833106995
uniform,dpm2_log,"DPM-2 + corrector, log sigma",50,0,1,0.6000000000000001,0.5921000242233276
uniform,dpm2_log,"DPM-2 + corrector, log sigma",50,0,1,0.7000000000000001,0.6878600120544434
uniform,dpm2_log,"DPM-2 + corrector, log sigma",50,0,1,0.8,0.7841799855232239
uniform,dpm2_log,"DPM-2 + corrector, log sigma",50,0,1,0.9,0.8852999806404114
uniform,dpm2_log,"DPM-2 + corrector, log sigma",50,0,1,1.0,0.9975600242614746
uniform,sigma_log_dpm,"Sigma-space DPM-1, log sigma",10,0,2,0.0,0.0
uniform,sigma_log_dpm,"Sigma-space DPM-1, log sigma",10,0,2,0.1,0.0467199981212616
uniform,sigma_log_dpm,"Sigma-space DPM-1, log sigma",10,0,2,0.2,0.09492000192403793
uniform,sigma_log_dpm,"Sigma-space DPM-1, log sigma",10,0,2,0.30000000000000004,0.14504000544548035
uniform,sigma_log_dpm,"Sigma-space DPM-1, log sigma",10,0,2,0.4,0.20329999923706055
uniform,sigma_log_dpm,"Sigma-space DPM-1, log sigma",10,0,2,0.5,0.26649999618530273
uniform,sigma_log_dpm,"Sigma-space DPM-1, log sigma",10,0,2,0.6000000000000001,0.3350200057029724
uniform,sigma_log_dpm,"Sigma-space DPM-1, log sigma",10,0,2,0.7000000000000001,0.43428000807762146
uniform,sigma_log_dpm,"Sigma-space DPM-1, log sigma",10,0,2,0.8,0.536620020866394
uniform,sigma_log_dpm,"Sigma-space DPM-1, log sigma",10,0,2,0.9,0.7113400101661682
uniform,sigma_log_dpm,"Sigma-space DPM-1, log sigma",10,0,2,1.0,0.9883600473403931
uniform,sigma_log_dpm,"Sigma-space DPM-1, log sigma",50,0,2,0.0,0.0
uniform,sigma_log_dpm,"Sigma-space DPM-1, log sigma",50,0,2,0.1,0.05455999821424484
uniform,sigma_log_dpm,"Sigma-space DPM-1, log sigma",50,0,2,0.2,0.11160000413656235
uniform,sigma_log_dpm,"Sigma-space DPM-1, log sigma",50,0,2,0.30000000000000004,0.17509999871253967
uniform,sigma_log_dpm,"Sigma-space DPM-1, log sigma",50,0,2,0.4,0.23814000189304352
uniform,sigma_log_dpm,"Sigma-space DPM-1, log sigma",50,0,2,0.5,0.30278000235557556
uniform,sigma_log_dpm,"Sigma-space DPM-1, log sigma",50,0,2,0.6000000000000001,0.38940000534057617
uniform,sigma_log_dpm,"Sigma-space DPM-1, log sigma",50,0,2,0.7000000000000001,0.49570000171661377
uniform,sigma_log_dpm,"Sigma-space DPM-1, log sigma",50,0,2,0.8,0.615839958190918
uniform,sigma_log_dpm,"Sigma-space DPM-1, log sigma",50,0,2,0.9,0.783519983291626
uniform,sigma_log_dpm,"Sigma-space DPM-1, log sigma",50,0,2,1.0,0.9872599840164185
uniform,dpm2_log,"DPM-2 + corrector, log sigma",10,0,2,0.0,0.0
uniform,dpm2_log,"DPM-2 + corrector, log sigma",10,0,2,0.1,0.062480002641677856
uniform,dpm2_log,"DPM-2 + corrector, log sigma",10,0,2,0.2,0.12191999703645706
uniform,dpm2_log,"DPM-2 + corrector, log sigma",10,0,2,0.30000000000000004,0.1917800009250641
uniform,dpm2_log,"DPM-2 + corrector, log sigma",10,0,2,0.4,0.26344001293182373
uniform,dpm2_log,"DPM-2 + corrector, log sigma",10,0,2,0.5,0.34501999616622925
uniform,dpm2_log,"DPM-2 + corrector, log sigma",10,0,2,0.6000000000000001,0.428739994764328
uniform,dpm2_log,"DPM-2 + corrector, log sigma",10,0,2,0.7000000000000001,0.5245800018310547
uniform,dpm2_log,"DPM-2 + corrector, log sigma",10,0,2,0.8,0.6417999863624573
uniform,dpm2_log,"DPM-2 + corrector, log sigma",10,0,2,0.9,0.792739987373352
uniform,dpm2_log,"DPM-2 + corrector, log sigma",10,0,2,1.0,0.9977999925613403
uniform,dpm2_log,"DPM-2 + corrector, log sigma",50,0,2,0.0,0.0
uniform,dpm2_log,"DPM-2 + corrector, log sigma",50,0,2,0.1,0.08030000329017639
uniform,dpm2_log,"DPM-2 + corrector, log sigma",50,0,2,0.2,0.17695999145507812
uniform,dpm2_log,"DPM-2 + corrector, log sigma",50,0,2,0.30000000000000004,0.2716200053691864
uniform,dpm2_log,"DPM-2 + corrector, log sigma",50,0,2,0.4,0.373740017414093
uniform,dpm2_log,"DPM-2 + corrector, log sigma",50,0,2,0.5,0.47064000368118286
uniform,dpm2_log,"DPM-2 + corrector, log sigma",50,0,2,0.6000000000000001,0.5749399662017822
uniform,dpm2_log,"DPM-2 + corrector, log sigma",50,0,2,0.7000000000000001,0.676580011844635
uniform,dpm2_log,"DPM-2 + corrector, log sigma",50,0,2,0.8,0.7729200124740601
uniform,dpm2_log,"DPM-2 + corrector, log sigma",50,0,2,0.9,0.8802399635314941
uniform,dpm2_log,"DPM-2 + corrector, log sigma",50,0,2,1.0,0.9996800422668457
uniform,sigma_log_dpm,"Sigma-space DPM-1, log sigma",10,0,3,0.0,0.0
uniform,sigma_log_dpm,"Sigma-space DPM-1, log sigma",10,0,3,0.1,0.06718000024557114
uniform,sigma_log_dpm,"Sigma-space DPM-1, log sigma",10,0,3,0.2,0.1462399959564209
uniform,sigma_log_dpm,"Sigma-space DPM-1, log sigma",10,0,3,0.30000000000000004,0.22962000966072083
uniform,sigma_log_dpm,"Sigma-space DPM-1, log sigma",10,0,3,0.4,0.30952000617980957
uniform,sigma_log_dpm,"Sigma-space DPM-1, log sigma",10,0,3,0.5,0.40038001537323
uniform,sigma_log_dpm,"Sigma-space DPM-1, log sigma",10,0,3,0.6000000000000001,0.4814800024032593
uniform,sigma_log_dpm,"Sigma-space DPM-1, log sigma",10,0,3,0.7000000000000001,0.5712400078773499
uniform,sigma_log_dpm,"Sigma-space DPM-1, log sigma",10,0,3,0.8,0.6831600069999695
uniform,sigma_log_dpm,"Sigma-space DPM-1, log sigma",10,0,3,0.9,0.8149999976158142
uniform,sigma_log_dpm,"Sigma-space DPM-1, log sigma",10,0,3,1.0,0.9875400066375732
uniform,sigma_log_dpm,"Sigma-space DPM-1, log sigma",50,0,3,0.0,0.0
uniform,sigma_log_dpm,"Sigma-space DPM-1, log sigma",50,0,3,0.1,0.07381999492645264
uniform,sigma_log_dpm,"Sigma-space DPM-1, log sigma",50,0,3,0.2,0.1509000062942505
uniform,sigma_log_dpm,"Sigma-space DPM-1, log sigma",50,0,3,0.30000000000000004,0.23638001084327698
uniform,sigma_log_dpm,"Sigma-space DPM-1, log sigma",50,0,3,0.4,0.329039990901947
uniform,sigma_log_dpm,"Sigma-space DPM-1, log sigma",50,0,3,0.5,0.42089998722076416
uniform,sigma_log_dpm,"Sigma-space DPM-1, log sigma",50,0,3,0.6000000000000001,0.5047200322151184
uniform,sigma_log_dpm,"Sigma-space DPM-1, log sigma",50,0,3,0.7000000000000001,0.6142599582672119
uniform,sigma_log_dpm,"Sigma-space DPM-1, log sigma",50,0,3,0.8,0.72461998462677
uniform,sigma_log_dpm,"Sigma-space DPM-1, log sigma",50,0,3,0.9,0.8494199514389038
uniform,sigma_log_dpm,"Sigma-space DPM-1, log sigma",50,0,3,1.0,0.9992600083351135
uniform,dpm2_log,"DPM-2 + corrector, log sigma",10,0,3,0.0,0.0
uniform,dpm2_log,"DPM-2 + corrector, log sigma",10,0,3,0.1,0.09582000225782394
uniform,dpm2_log,"DPM-2 + corrector, log sigma",10,0,3,0.2,0.2040800005197525
uniform,dpm2_log,"DPM-2 + corrector, log sigma",10,0,3,0.30000000000000004,0.3104200065135956
uniform,dpm2_log,"DPM-2 + corrector, log sigma",10,0,3,0.4,0.40174001455307007
uniform,dpm2_log,"DPM-2 + corrector, log sigma",10,0,3,0.5,0.4958999752998352
uniform,dpm2_log,"DPM-2 + corrector, log sigma",10,0,3,0.6000000000000001,0.5761200189590454
uniform,dpm2_log,"DPM-2 + corrector, log sigma",10,0,3,0.7000000000000001,0.6685600280761719
uniform,dpm2_log,"DPM-2 + corrector, log sigma",10,0,3,0.8,0.7688599824905396
uniform,dpm2_log,"DPM-2 + corrector, log sigma",10,0,3,0.9,0.8837399482727051
uniform,dpm2_log,"DPM-2 + corrector, log sigma",10,0,3,1.0,0.998420000076294
uniform,dpm2_log,"DPM-2 + corrector, log sigma",50,0,3,0.0,0.0
uniform,dpm2_log,"DPM-2 + corrector, log sigma",50,0,3,0.1,0.10627999901771545
uniform,dpm2_log,"DPM-2 + corrector, log sigma",50,0,3,0.2,0.21066001057624817
uniform,dpm2_log,"DPM-2 + corrector, log sigma",50,0,3,0.30000000000000004,0.3189399838447571
uniform,dpm2_log,"DPM-2 + corrector, log sigma",50,0,3,0.4,0.4086199998855591
uniform,dpm2_log,"DPM-2 + corrector, log sigma",50,0,3,0.5,0.5161399841308594
uniform,dpm2_log,"DPM-2 + corrector, log sigma",50,0,3,0.6000000000000001,0.6136199831962585
uniform,dpm2_log,"DPM-2 + corrector, log sigma",50,0,3,0.7000000000000001,0.7280399799346924
uniform,dpm2_log,"DPM-2 + corrector, log sigma",50,0,3,0.8,0.8127999901771545
uniform,dpm2_log,"DPM-2 + corrector, log sigma",50,0,3,0.9,0.9040800333023071
uniform,dpm2_log,"DPM-2 + corrector, log sigma",50,0,3,1.0,0.999940037727356
uniform,sigma_log_dpm,"Sigma-space DPM-1, log sigma",10,0,4,0.0,0.0
uniform,sigma_log_dpm,"Sigma-space DPM-1, log sigma",10,0,4,0.1,0.08873999863862991
uniform,sigma_log_dpm,"Sigma-space DPM-1, log sigma",10,0,4,0.2,0.16422000527381897
uniform,sigma_log_dpm,"Sigma-space DPM-1, log sigma",10,0,4,0.30000000000000004,0.23646000027656555
uniform,sigma_log_dpm,"Sigma-space DPM-1, log sigma",10,0,4,0.4,0.3201799988746643
uniform,sigma_log_dpm,"Sigma-space DPM-1, log sigma",10,0,4,0.5,0.41967999935150146
uniform,sigma_log_dpm,"Sigma-space DPM-1, log sigma",10,0,4,0.6000000000000001,0.5059199929237366
uniform,sigma_log_dpm,"Sigma-space DPM-1, log sigma",10,0,4,0.7000000000000001,0.5968599915504456
uniform,sigma_log_dpm,"Sigma-space DPM-1, log sigma",10,0,4,0.8,0.7052800059318542
uniform,sigma_log_dpm,"Sigma-space DPM-1, log sigma",10,0,4,0.9,0.8172399997711182
uniform,sigma_log_dpm,"Sigma-space DPM-1, log sigma",10,0,4,1.0,0.9688600301742554
uniform,sigma_log_dpm,"Sigma-space DPM-1, log sigma",50,0,4,0.0,0.0
uniform,sigma_log_dpm,"Sigma-space DPM-1, log sigma",50,0,4,0.1,0.08556000143289566
uniform,sigma_log_dpm,"Sigma-space DPM-1, log sigma",50,0,4,0.2,0.17162001132965088
uniform,sigma_log_dpm,"Sigma-space DPM-1, log sigma",50,0,4,0.30000000000000004,0.2557399868965149
uniform,sigma_log_dpm,"Sigma-space DPM-1, log sigma",50,0,4,0.4,0.33776000142097473
uniform,sigma_log_dpm,"Sigma-space DPM-1, log sigma",50,0,4,0.5,0.4248799979686737
uniform,sigma_log_dpm,"Sigma-space DPM-1, log sigma",50,0,4,0.6000000000000001,0.5191600322723389
uniform,sigma_log_dpm,"Sigma-space DPM-1, log sigma",50,0,4,0.7000000000000001,0.6274999976158142
uniform,sigma_log_dpm,"Sigma-space DPM-1, log sigma",50,0,4,0.8,0.7391200065612793
uniform,sigma_log_dpm,"Sigma-space DPM-1, log sigma",50,0,4,0.9,0.8309600353240967
uniform,sigma_log_dpm,"Sigma-space DPM-1, log sigma",50,0,4,1.0,0.9970400333404541
uniform,dpm2_log,"DPM-2 + corrector, log sigma",10,0,4,0.0,0.0
uniform,dpm2_log,"DPM-2 + corrector, log sigma",10,0,4,0.1,0.09628000110387802
uniform,dpm2_log,"DPM-2 + corrector, log sigma",10,0,4,0.2,0.19374001026153564
uniform,dpm2_log,"DPM-2 + corrector, log sigma",10,0,4,0.30000000000000004,0.286980003118515
uniform,dpm2_log,"DPM-2 + corrector, log sigma",10,0,4,0.4,0.41255998611450195
uniform,dpm2_log,"DPM-2 + corrector, log sigma",10,0,4,0.5,0.5032600164413452
uniform,dpm2_log,"DPM-2 + corrector, log sigma",10,0,4,0.6000000000000001,0.5994600057601929
uniform,dpm2_log,"DPM-2 + corrector, log sigma",10,0,4,0.7000000000000001,0.693340003490448
uniform,dpm2_log,"DPM-2 + corrector, log sigma",10,0,4,0.8,0.8003599643707275
uniform,dpm2_log,"DPM-2 + corrector, log sigma",10,0,4,0.9,0.8987799882888794
uniform,dpm2_log,"DPM-2 + corrector, log sigma",10,0,4,1.0,0.9973399639129639
uniform,dpm2_log,"DPM-2 + corrector, log sigma",50,0,4,0.0,0.0
uniform,dpm2_log,"DPM-2 + corrector, log sigma",50,0,4,0.1,0.09929999709129333
uniform,dpm2_log,"DPM-2 + corrector, log sigma",50,0,4,0.2,0.1987999975681305
uniform,dpm2_log,"DPM-2 + corrector, log sigma",50,0,4,0.30000000000000004,0.311599999666214
uniform,dpm2_log,"DPM-2 + corrector, log sigma",50,0,4,0.4,0.4338200092315674
uniform,dpm2_log,"DPM-2 + corrector, log sigma",50,0,4,0.5,0.5537199974060059
uniform,dpm2_log,"DPM-2 + corrector, log sigma",50,0,4,0.6000000000000001,0.6538200378417969
uniform,dpm2_log,"DPM-2 + corrector, log sigma",50,0,4,0.7000000000000001,0.753279983997345
uniform,dpm2_log,"DPM-2 + corrector, log sigma",50,0,4,0.8,0.8308200240135193
uniform,dpm2_log,"DPM-2 + corrector, log sigma",50,0,4,0.9,0.9202399849891663
uniform,dpm2_log,"DPM-2 + corrector, log sigma",50,0,4,1.0,0.9998800158500671
uniform,sigma_log_dpm,"Sigma-space DPM-1, log sigma",10,0,5,0.0,0.0
uniform,sigma_log_dpm,"Sigma-space DPM-1, log sigma",10,0,5,0.1,0.06747999787330627
uniform,sigma_log_dpm,"Sigma-space DPM-1, log sigma",10,0,5,0.2,0.1333400011062622
uniform,sigma_log_dpm,"Sigma-space DPM-1, log sigma",10,0,5,0.30000000000000004,0.1913599967956543
uniform,sigma_log_dpm,"Sigma-space DPM-1, log sigma",10,0,5,0.4,0.2626200020313263
uniform,sigma_log_dpm,"Sigma-space DPM-1, log sigma",10,0,5,0.5,0.32594001293182373
uniform,sigma_log_dpm,"Sigma-space DPM-1, log sigma",10,0,5,0.6000000000000001,0.40065997838974
uniform,sigma_log_dpm,"Sigma-space DPM-1, log sigma",10,0,5,0.7000000000000001,0.4982600212097168
uniform,sigma_log_dpm,"Sigma-space DPM-1, log sigma",10,0,5,0.8,0.6086000204086304
uniform,sigma_log_dpm,"Sigma-space DPM-1, log sigma",10,0,5,0.9,0.7809000015258789
uniform,sigma_log_dpm,"Sigma-space DPM-1, log sigma",10,0,5,1.0,0.9722200036048889
uniform,sigma_log_dpm,"Sigma-space DPM-1, log sigma",50,0,5,0.0,0.0
uniform,sigma_log_dpm,"Sigma-space DPM-1, log sigma",50,0,5,0.1,0.065140001475811
uniform,sigma_log_dpm,"Sigma-space DPM-1, log sigma",50,0,5,0.2,0.1312600076198578
uniform,sigma_log_dpm,"Sigma-space DPM-1, log sigma",50,0,5,0.30000000000000004,0.20493999123573303
uniform,sigma_log_dpm,"Sigma-space DPM-1, log sigma",50,0,5,0.4,0.2772800028324127
uniform,sigma_log_dpm,"Sigma-space DPM-1, log sigma",50,0,5,0.5,0.3567799925804138
uniform,sigma_log_dpm,"Sigma-space DPM-1, log sigma",50,0,5,0.6000000000000001,0.4640200138092041
uniform,sigma_log_dpm,"Sigma-space DPM-1, log sigma",50,0,5,0.7000000000000001,0.5485399961471558
uniform,sigma_log_dpm,"Sigma-space DPM-1, log sigma",50,0,5,0.8,0.6643799543380737
uniform,sigma_log_dpm,"Sigma-space DPM-1, log sigma",50,0,5,0.9,0.8004599809646606
uniform,sigma_log_dpm,"Sigma-space DPM-1, log sigma",50,0,5,1.0,0.9818999767303467
uniform,dpm2_log,"DPM-2 + corrector, log sigma",10,0,5,0.0,0.0
uniform,dpm2_log,"DPM-2 + corrector, log sigma",10,0,5,0.1,0.08364000171422958
uniform,dpm2_log,"DPM-2 + corrector, log sigma",10,0,5,0.2,0.1674799919128418
uniform,dpm2_log,"DPM-2 + corrector, log sigma",10,0,5,0.30000000000000004,0.254800021648407
uniform,dpm2_log,"DPM-2 + corrector, log sigma",10,0,5,0.4,0.33789998292922974
uniform,dpm2_log,"DPM-2 + corrector, log sigma",10,0,5,0.5,0.41863998770713806
uniform,dpm2_log,"DPM-2 + corrector, log sigma",10,0,5,0.6000000000000001,0.5197399854660034
uniform,dpm2_log,"DPM-2 + corrector, log sigma",10,0,5,0.7000000000000001,0.6200600266456604
uniform,dpm2_log,"DPM-2 + corrector, log sigma",10,0,5,0.8,0.7232799530029297
uniform,dpm2_log,"DPM-2 + corrector, log sigma",10,0,5,0.9,0.859220027923584
uniform,dpm2_log,"DPM-2 + corrector, log sigma",10,0,5,1.0,0.9991599917411804
uniform,dpm2_log,"DPM-2 + corrector, log sigma",50,0,5,0.0,0.0
uniform,dpm2_log,"DPM-2 + corrector, log sigma",50,0,5,0.1,0.0808200016617775
uniform,dpm2_log,"DPM-2 + corrector, log sigma",50,0,5,0.2,0.18184000253677368
uniform,dpm2_log,"DPM-2 + corrector, log sigma",50,0,5,0.30000000000000004,0.27300000190734863
uniform,dpm2_log,"DPM-2 + corrector, log sigma",50,0,5,0.4,0.3739200234413147
uniform,dpm2_log,"DPM-2 + corrector, log sigma",50,0,5,0.5,0.4733799993991852
uniform,dpm2_log,"DPM-2 + corrector, log sigma",50,0,5,0.6000000000000001,0.5702199935913086
uniform,dpm2_log,"DPM-2 + corrector, log sigma",50,0,5,0.7000000000000001,0.6744799613952637
uniform,dpm2_log,"DPM-2 + corrector, log sigma",50,0,5,0.8,0.7874200344085693
uniform,dpm2_log,"DPM-2 + corrector, log sigma",50,0,5,0.9,0.9132000207901001
uniform,dpm2_log,"DPM-2 + corrector, log sigma",50,0,5,1.0,0.9998600482940674
uniform,sigma_log_dpm,"Sigma-space DPM-1, log sigma",10,0,6,0.0,0.0
uniform,sigma_log_dpm,"Sigma-space DPM-1, log sigma",10,0,6,0.1,0.07746000587940216
uniform,sigma_log_dpm,"Sigma-space DPM-1, log sigma",10,0,6,0.2,0.14221999049186707
uniform,sigma_log_dpm,"Sigma-space DPM-1, log sigma",10,0,6,0.30000000000000004,0.20660001039505005
uniform,sigma_log_dpm,"Sigma-space DPM-1, log sigma",10,0,6,0.4,0.2818799912929535
uniform,sigma_log_dpm,"Sigma-space DPM-1, log sigma",10,0,6,0.5,0.3676399886608124
uniform,sigma_log_dpm,"Sigma-space DPM-1, log sigma",10,0,6,0.6000000000000001,0.45076000690460205
uniform,sigma_log_dpm,"Sigma-space DPM-1, log sigma",10,0,6,0.7000000000000001,0.562000036239624
uniform,sigma_log_dpm,"Sigma-space DPM-1, log sigma",10,0,6,0.8,0.6790399551391602
uniform,sigma_log_dpm,"Sigma-space DPM-1, log sigma",10,0,6,0.9,0.7983599901199341
uniform,sigma_log_dpm,"Sigma-space DPM-1, log sigma",10,0,6,1.0,0.9813399910926819
uniform,sigma_log_dpm,"Sigma-space DPM-1, log sigma",50,0,6,0.0,0.0
uniform,sigma_log_dpm,"Sigma-space DPM-1, log sigma",50,0,6,0.1,0.07010000199079514
uniform,sigma_log_dpm,"Sigma-space DPM-1, log sigma",50,0,6,0.2,0.1472800076007843
uniform,sigma_log_dpm,"Sigma-space DPM-1, log sigma",50,0,6,0.30000000000000004,0.22999998927116394
uniform,sigma_log_dpm,"Sigma-space DPM-1, log sigma",50,0,6,0.4,0.3256800174713135
uniform,sigma_log_dpm,"Sigma-space DPM-1, log sigma",50,0,6,0.5,0.41725999116897583
uniform,sigma_log_dpm,"Sigma-space DPM-1, log sigma",50,0,6,0.6000000000000001,0.5126399993896484
uniform,sigma_log_dpm,"Sigma-space DPM-1, log sigma",50,0,6,0.7000000000000001,0.6140600442886353
uniform,sigma_log_dpm,"Sigma-space DPM-1, log sigma",50,0,6,0.8,0.7086799740791321
uniform,sigma_log_dpm,"Sigma-space DPM-1, log sigma",50,0,6,0.9,0.847059965133667
uniform,sigma_log_dpm,"Sigma-space DPM-1, log sigma",50,0,6,1.0,0.9919999837875366
uniform,dpm2_log,"DPM-2 + corrector, log sigma",10,0,6,0.0,0.0
uniform,dpm2_log,"DPM-2 + corrector, log sigma",10,0,6,0.1,0.09266000241041183
uniform,dpm2_log,"DPM-2 + corrector, log sigma",10,0,6,0.2,0.18435999751091003
uniform,dpm2_log,"DPM-2 + corrector, log sigma",10,0,6,0.30000000000000004,0.27341997623443604
uniform,dpm2_log,"DPM-2 + corrector, log sigma",10,0,6,0.4,0.3766999840736389
uniform,dpm2_log,"DPM-2 + corrector, log sigma",10,0,6,0.5,0.4598599970340729
uniform,dpm2_log,"DPM-2 + corrector, log sigma",10,0,6,0.6000000000000001,0.5598000288009644
uniform,dpm2_log,"DPM-2 + corrector, log sigma",10,0,6,0.7000000000000001,0.6602599620819092
uniform,dpm2_log,"DPM-2 + corrector, log sigma",10,0,6,0.8,0.7756999731063843
uniform,dpm2_log,"DPM-2 + corrector, log sigma",10,0,6,0.9,0.8789199590682983
uniform,dpm2_log,"DPM-2 + corrector, log sigma",10,0,6,1.0,0.9996399879455566
uniform,dpm2_log,"DPM-2 + corrector, log sigma",50,0,6,0.0,0.0
uniform,dpm2_log,"DPM-2 + corrector, log sigma",50,0,6,0.1,0.08888000249862671
uniform,dpm2_log,"DPM-2 + corrector, log sigma",50,0,6,0.2,0.2021999955177307
uniform,dpm2_log,"DPM-2 + corrector, log sigma",50,0,6,0.30000000000000004,0.30799999833106995
uniform,dpm2_log,"DPM-2 + corrector, log sigma",50,0,6,0.4,0.41273999214172363
uniform,dpm2_log,"DPM-2 + corrector, log sigma",50,0,6,0.5,0.5280799865722656
uniform,dpm2_log,"DPM-2 + corrector, log sigma",50,0,6,0.6000000000000001,0.6437399983406067
uniform,dpm2_log,"DPM-2 + corrector, log sigma",50,0,6,0.7000000000000001,0.7571799755096436
uniform,dpm2_log,"DPM-2 + corrector, log sigma",50,0,6,0.8,0.8564000129699707
uniform,dpm2_log,"DPM-2 + corrector, log sigma",50,0,6,0.9,0.9326000213623047
uniform,dpm2_log,"DPM-2 + corrector, log sigma",50,0,6,1.0,0.9987199902534485
uniform,sigma_log_dpm,"Sigma-space DPM-1, log sigma",10,0,7,0.0,0.0
uniform,sigma_log_dpm,"Sigma-space DPM-1, log sigma",10,0,7,0.1,0.09586000442504883
uniform,sigma_log_dpm,"Sigma-space DPM-1, log sigma",10,0,7,0.2,0.19379998743534088
uniform,sigma_log_dpm,"Sigma-space DPM-1, log sigma",10,0,7,0.30000000000000004,0.29162001609802246
uniform,sigma_log_dpm,"Sigma-space DPM-1, log sigma",10,0,7,0.4,0.3822399973869324
uniform,sigma_log_dpm,"Sigma-space DPM-1, log sigma",10,0,7,0.5,0.44600000977516174
uniform,sigma_log_dpm,"Sigma-space DPM-1, log sigma",10,0,7,0.6000000000000001,0.5225000381469727
uniform,sigma_log_dpm,"Sigma-space DPM-1, log sigma",10,0,7,0.7000000000000001,0.5881400108337402
uniform,sigma_log_dpm,"Sigma-space DPM-1, log sigma",10,0,7,0.8,0.6538000106811523
uniform,sigma_log_dpm,"Sigma-space DPM-1, log sigma",10,0,7,0.9,0.7669800519943237
uniform,sigma_log_dpm,"Sigma-space DPM-1, log sigma",10,0,7,1.0,0.9922599792480469
uniform,sigma_log_dpm,"Sigma-space DPM-1, log sigma",50,0,7,0.0,0.0
uniform,sigma_log_dpm,"Sigma-space DPM-1, log sigma",50,0,7,0.1,0.10023999959230423
uniform,sigma_log_dpm,"Sigma-space DPM-1, log sigma",50,0,7,0.2,0.20731998980045319
uniform,sigma_log_dpm,"Sigma-space DPM-1, log sigma",50,0,7,0.30000000000000004,0.316180020570755
uniform,sigma_log_dpm,"Sigma-space DPM-1, log sigma",50,0,7,0.4,0.4085799753665924
uniform,sigma_log_dpm,"Sigma-space DPM-1, log sigma",50,0,7,0.5,0.4772599935531616
uniform,sigma_log_dpm,"Sigma-space DPM-1, log sigma",50,0,7,0.6000000000000001,0.5464000105857849
uniform,sigma_log_dpm,"Sigma-space DPM-1, log sigma",50,0,7,0.7000000000000001,0.6068800091743469
uniform,sigma_log_dpm,"Sigma-space DPM-1, log sigma",50,0,7,0.8,0.6963199973106384
uniform,sigma_log_dpm,"Sigma-space DPM-1, log sigma",50,0,7,0.9,0.8045600056648254
uniform,sigma_log_dpm,"Sigma-space DPM-1, log sigma",50,0,7,1.0,0.9887000322341919
uniform,dpm2_log,"DPM-2 + corrector, log sigma",10,0,7,0.0,0.0
uniform,dpm2_log,"DPM-2 + corrector, log sigma",10,0,7,0.1,0.10401999950408936
uniform,dpm2_log,"DPM-2 + corrector, log sigma",10,0,7,0.2,0.21869999170303345
uniform,dpm2_log,"DPM-2 + corrector, log sigma",10,0,7,0.30000000000000004,0.3200799822807312
uniform,dpm2_log,"DPM-2 + corrector, log sigma",10,0,7,0.4,0.42603999376296997
uniform,dpm2_log,"DPM-2 + corrector, log sigma",10,0,7,0.5,0.5079600214958191
uniform,dpm2_log,"DPM-2 + corrector, log sigma",10,0,7,0.6000000000000001,0.5885400176048279
uniform,dpm2_log,"DPM-2 + corrector, log sigma",10,0,7,0.7000000000000001,0.6743999719619751
uniform,dpm2_log,"DPM-2 + corrector, log sigma",10,0,7,0.8,0.763700008392334
uniform,dpm2_log,"DPM-2 + corrector, log sigma",10,0,7,0.9,0.875540018081665
uniform,dpm2_log,"DPM-2 + corrector, log sigma",10,0,7,1.0,0.999019980430603
uniform,dpm2_log,"DPM-2 + corrector, log sigma",50,0,7,0.0,0.0
uniform,dpm2_log,"DPM-2 + corrector, log sigma",50,0,7,0.1,0.10328000038862228
uniform,dpm2_log,"DPM-2 + corrector, log sigma",50,0,7,0.2,0.22523999214172363
uniform,dpm2_log,"DPM-2 + corrector, log sigma",50,0,7,0.30000000000000004,0.3328799903392792
uniform,dpm2_log,"DPM-2 + corrector, log sigma",50,0,7,0.4,0.42607998847961426
uniform,dpm2_log,"DPM-2 + corrector, log sigma",50,0,7,0.5,0.5241199731826782
uniform,dpm2_log,"DPM-2 + corrector, log sigma",50,0,7,0.6000000000000001,0.6472399830818176
uniform,dpm2_log,"DPM-2 + corrector, log sigma",50,0,7,0.7000000000000001,0.7427400350570679
uniform,dpm2_log,"DPM-2 + corrector, log sigma",50,0,7,0.8,0.8373199701309204
uniform,dpm2_log,"DPM-2 + corrector, log sigma",50,0,7,0.9,0.9183000326156616
uniform,dpm2_log,"DPM-2 + corrector, log sigma",50,0,7,1.0,0.9994000196456909
uniform,sigma_log_dpm,"Sigma-space DPM-1, log sigma",10,0,8,0.0,0.0
uniform,sigma_log_dpm,"Sigma-space DPM-1, log sigma",10,0,8,0.1,0.10621999204158783
uniform,sigma_log_dpm,"Sigma-space DPM-1, log sigma",10,0,8,0.2,0.21112000942230225
uniform,sigma_log_dpm,"Sigma-space DPM-1, log sigma",10,0,8,0.30000000000000004,0.3027400076389313
uniform,sigma_log_dpm,"Sigma-space DPM-1, log sigma",10,0,8,0.4,0.40494000911712646
uniform,sigma_log_dpm,"Sigma-space DPM-1, log sigma",10,0,8,0.5,0.5092400312423706
uniform,sigma_log_dpm,"Sigma-space DPM-1, log sigma",10,0,8,0.6000000000000001,0.6149799823760986
uniform,sigma_log_dpm,"Sigma-space DPM-1, log sigma",10,0,8,0.7000000000000001,0.7084400057792664
uniform,sigma_log_dpm,"Sigma-space DPM-1, log sigma",10,0,8,0.8,0.7937600016593933
uniform,sigma_log_dpm,"Sigma-space DPM-1, log sigma",10,0,8,0.9,0.8953800201416016
uniform,sigma_log_dpm,"Sigma-space DPM-1, log sigma",10,0,8,1.0,0.9990599751472473
uniform,sigma_log_dpm,"Sigma-space DPM-1, log sigma",50,0,8,0.0,0.0
uniform,sigma_log_dpm,"Sigma-space DPM-1, log sigma",50,0,8,0.1,0.11163999885320663
uniform,sigma_log_dpm,"Sigma-space DPM-1, log sigma",50,0,8,0.2,0.2246599942445755
uniform,sigma_log_dpm,"Sigma-space DPM-1, log sigma",50,0,8,0.30000000000000004,0.3542199730873108
uniform,sigma_log_dpm,"Sigma-space DPM-1, log sigma",50,0,8,0.4,0.4461199939250946
uniform,sigma_log_dpm,"Sigma-space DPM-1, log sigma",50,0,8,0.5,0.5508599877357483
uniform,sigma_log_dpm,"Sigma-space DPM-1, log sigma",50,0,8,0.6000000000000001,0.6577600240707397
uniform,sigma_log_dpm,"Sigma-space DPM-1, log sigma",50,0,8,0.7000000000000001,0.7682000398635864
uniform,sigma_log_dpm,"Sigma-space DPM-1, log sigma",50,0,8,0.8,0.8478000164031982
uniform,sigma_log_dpm,"Sigma-space DPM-1, log sigma",50,0,8,0.9,0.9345600008964539
uniform,sigma_log_dpm,"Sigma-space DPM-1, log sigma",50,0,8,1.0,0.9993599653244019
uniform,dpm2_log,"DPM-2 + corrector, log sigma",10,0,8,0.0,0.0
uniform,dpm2_log,"DPM-2 + corrector, log sigma",10,0,8,0.1,0.11965999752283096
uniform,dpm2_log,"DPM-2 + corrector, log sigma",10,0,8,0.2,0.23381999135017395
uniform,dpm2_log,"DPM-2 + corrector, log sigma",10,0,8,0.30000000000000004,0.35527998208999634
uniform,dpm2_log,"DPM-2 + corrector, log sigma",10,0,8,0.4,0.48561999201774597
uniform,dpm2_log,"DPM-2 + corrector, log sigma",10,0,8,0.5,0.594760000705719
uniform,dpm2_log,"DPM-2 + corrector, log sigma",10,0,8,0.6000000000000001,0.6920599937438965
uniform,dpm2_log,"DPM-2 + corrector, log sigma",10,0,8,0.7000000000000001,0.79721999168396
uniform,dpm2_log,"DPM-2 + corrector, log sigma",10,0,8,0.8,0.8895599842071533
uniform,dpm2_log,"DPM-2 + corrector, log sigma",10,0,8,0.9,0.9535000324249268
uniform,dpm2_log,"DPM-2 + corrector, log sigma",10,0,8,1.0,1.0
uniform,dpm2_log,"DPM-2 + corrector, log sigma",50,0,8,0.0,0.0
uniform,dpm2_log,"DPM-2 + corrector, log sigma",50,0,8,0.1,0.12110000103712082
uniform,dpm2_log,"DPM-2 + corrector, log sigma",50,0,8,0.2,0.23958000540733337
uniform,dpm2_log,"DPM-2 + corrector, log sigma",50,0,8,0.30000000000000004,0.35514000058174133
uniform,dpm2_log,"DPM-2 + corrector, log sigma",50,0,8,0.4,0.47272002696990967
uniform,dpm2_log,"DPM-2 + corrector, log sigma",50,0,8,0.5,0.5829799771308899
uniform,dpm2_log,"DPM-2 + corrector, log sigma",50,0,8,0.6000000000000001,0.6782599687576294
uniform,dpm2_log,"DPM-2 + corrector, log sigma",50,0,8,0.7000000000000001,0.7686200141906738
uniform,dpm2_log,"DPM-2 + corrector, log sigma",50,0,8,0.8,0.8693599700927734
uniform,dpm2_log,"DPM-2 + corrector, log sigma",50,0,8,0.9,0.9484599828720093
uniform,dpm2_log,"DPM-2 + corrector, log sigma",50,0,8,1.0,0.999940037727356
uniform,sigma_log_dpm,"Sigma-space DPM-1, log sigma",10,0,9,0.0,0.0
uniform,sigma_log_dpm,"Sigma-space DPM-1, log sigma",10,0,9,0.1,0.1143999993801117
uniform,sigma_log_dpm,"Sigma-space DPM-1, log sigma",10,0,9,0.2,0.23664000630378723
uniform,sigma_log_dpm,"Sigma-space DPM-1, log sigma",10,0,9,0.30000000000000004,0.34693998098373413
uniform,sigma_log_dpm,"Sigma-space DPM-1, log sigma",10,0,9,0.4,0.46810001134872437
uniform,sigma_log_dpm,"Sigma-space DPM-1, log sigma",10,0,9,0.5,0.5765999555587769
uniform,sigma_log_dpm,"Sigma-space DPM-1, log sigma",10,0,9,0.6000000000000001,0.6847599744796753
uniform,sigma_log_dpm,"Sigma-space DPM-1, log sigma",10,0,9,0.7000000000000001,0.7762800455093384
uniform,sigma_log_dpm,"Sigma-space DPM-1, log sigma",10,0,9,0.8,0.8725399971008301
uniform,sigma_log_dpm,"Sigma-space DPM-1, log sigma",10,0,9,0.9,0.9582599997520447
uniform,sigma_log_dpm,"Sigma-space DPM-1, log sigma",10,0,9,1.0,0.9999600052833557
uniform,sigma_log_dpm,"Sigma-space DPM-1, log sigma",50,0,9,0.0,0.0
uniform,sigma_log_dpm,"Sigma-space DPM-1, log sigma",50,0,9,0.1,0.12129999697208405
uniform,sigma_log_dpm,"Sigma-space DPM-1, log sigma",50,0,9,0.2,0.251800000667572
uniform,sigma_log_dpm,"Sigma-space DPM-1, log sigma",50,0,9,0.30000000000000004,0.36500000953674316
uniform,sigma_log_dpm,"Sigma-space DPM-1, log sigma",50,0,9,0.4,0.48061999678611755
uniform,sigma_log_dpm,"Sigma-space DPM-1, log sigma",50,0,9,0.5,0.5848599672317505
uniform,sigma_log_dpm,"Sigma-space DPM-1, log sigma",50,0,9,0.6000000000000001,0.6995400190353394
uniform,sigma_log_dpm,"Sigma-space DPM-1, log sigma",50,0,9,0.7000000000000001,0.8073400259017944
uniform,sigma_log_dpm,"Sigma-space DPM-1, log sigma",50,0,9,0.8,0.897320032119751
uniform,sigma_log_dpm,"Sigma-space DPM-1, log sigma",50,0,9,0.9,0.9635800123214722
uniform,sigma_log_dpm,"Sigma-space DPM-1, log sigma",50,0,9,1.0,0.9999200105667114
uniform,dpm2_log,"DPM-2 + corrector, log sigma",10,0,9,0.0,0.0
uniform,dpm2_log,"DPM-2 + corrector, log sigma",10,0,9,0.1,0.13884000480175018
uniform,dpm2_log,"DPM-2 + corrector, log sigma",10,0,9,0.2,0.2660199999809265
uniform,dpm2_log,"DPM-2 + corrector, log sigma",10,0,9,0.30000000000000004,0.38524001836776733
uniform,dpm2_log,"DPM-2 + corrector, log sigma",10,0,9,0.4,0.5038599967956543
uniform,dpm2_log,"DPM-2 + corrector, log sigma",10,0,9,0.5,0.6223199963569641
uniform,dpm2_log,"DPM-2 + corrector, log sigma",10,0,9,0.6000000000000001,0.7246999740600586
uniform,dpm2_log,"DPM-2 + corrector, log sigma",10,0,9,0.7000000000000001,0.8198400139808655
uniform,dpm2_log,"DPM-2 + corrector, log sigma",10,0,9,0.8,0.9080599546432495
uniform,dpm2_log,"DPM-2 + corrector, log sigma",10,0,9,0.9,0.9625599980354309
uniform,dpm2_log,"DPM-2 + corrector, log sigma",10,0,9,1.0,0.9999799728393555
uniform,dpm2_log,"DPM-2 + corrector, log sigma",50,0,9,0.0,0.0
uniform,dpm2_log,"DPM-2 + corrector, log sigma",50,0,9,0.1,0.11630000174045563
uniform,dpm2_log,"DPM-2 + corrector, log sigma",50,0,9,0.2,0.23725999891757965
uniform,dpm2_log,"DPM-2 + corrector, log sigma",50,0,9,0.30000000000000004,0.3421199917793274
uniform,dpm2_log,"DPM-2 + corrector, log sigma",50,0,9,0.4,0.44534000754356384
uniform,dpm2_log,"DPM-2 + corrector, log sigma",50,0,9,0.5,0.5535800457000732
uniform,dpm2_log,"DPM-2 + corrector, log sigma",50,0,9,0.6000000000000001,0.6541199684143066
uniform,dpm2_log,"DPM-2 + corrector, log sigma",50,0,9,0.7000000000000001,0.7607400417327881
uniform,dpm2_log,"DPM-2 + corrector, log sigma",50,0,9,0.8,0.8642200231552124
uniform,dpm2_log,"DPM-2 + corrector, log sigma",50,0,9,0.9,0.942620038986206
uniform,dpm2_log,"DPM-2 + corrector, log sigma",50,0,9,1.0,0.9999200105667114
uniform,sigma_log_dpm,"Sigma-space DPM-1, log sigma",10,0,10,0.0,0.0
uniform,sigma_log_dpm,"Sigma-space DPM-1, log sigma",10,0,10,0.1,0.06874000281095505
uniform,sigma_log_dpm,"Sigma-space DPM-1, log sigma",10,0,10,0.2,0.14776000380516052
uniform,sigma_log_dpm,"Sigma-space DPM-1, log sigma",10,0,10,0.30000000000000004,0.22040000557899475
uniform,sigma_log_dpm,"Sigma-space DPM-1, log sigma",10,0,10,0.4,0.29938000440597534
uniform,sigma_log_dpm,"Sigma-space DPM-1, log sigma",10,0,10,0.5,0.3833400011062622
uniform,sigma_log_dpm,"Sigma-space DPM-1, log sigma",10,0,10,0.6000000000000001,0.47944000363349915
uniform,sigma_log_dpm,"Sigma-space DPM-1, log sigma",10,0,10,0.7000000000000001,0.5819799900054932
uniform,sigma_log_dpm,"Sigma-space DPM-1, log sigma",10,0,10,0.8,0.6919599771499634
uniform,sigma_log_dpm,"Sigma-space DPM-1, log sigma",10,0,10,0.9,0.8087199926376343
uniform,sigma_log_dpm,"Sigma-space DPM-1, log sigma",10,0,10,1.0,0.9968400001525879
uniform,sigma_log_dpm,"Sigma-space DPM-1, log sigma",50,0,10,0.0,0.0
uniform,sigma_log_dpm,"Sigma-space DPM-1, log sigma",50,0,10,0.1,0.07904000580310822
uniform,sigma_log_dpm,"Sigma-space DPM-1, log sigma",50,0,10,0.2,0.15277999639511108
uniform,sigma_log_dpm,"Sigma-space DPM-1, log sigma",50,0,10,0.30000000000000004,0.22143998742103577
uniform,sigma_log_dpm,"Sigma-space DPM-1, log sigma",50,0,10,0.4,0.29798001050949097
uniform,sigma_log_dpm,"Sigma-space DPM-1, log sigma",50,0,10,0.5,0.3660399913787842
uniform,sigma_log_dpm,"Sigma-space DPM-1, log sigma",50,0,10,0.6000000000000001,0.4519199728965759
uniform,sigma_log_dpm,"Sigma-space DPM-1, log sigma",50,0,10,0.7000000000000001,0.5653799772262573
uniform,sigma_log_dpm,"Sigma-space DPM-1, log sigma",50,0,10,0.8,0.6822600364685059
uniform,sigma_log_dpm,"Sigma-space DPM-1, log sigma",50,0,10,0.9,0.8075000047683716
uniform,sigma_log_dpm,"Sigma-space DPM-1, log sigma",50,0,10,1.0,0.9945600032806396
uniform,dpm2_log,"DPM-2 + corrector, log sigma",10,0,10,0.0,0.0
uniform,dpm2_log,"DPM-2 + corrector, log sigma",10,0,10,0.1,0.08626000583171844
uniform,dpm2_log,"DPM-2 + corrector, log sigma",10,0,10,0.2,0.1798200011253357
uniform,dpm2_log,"DPM-2 + corrector, log sigma",10,0,10,0.30000000000000004,0.2614800035953522
uniform,dpm2_log,"DPM-2 + corrector, log sigma",10,0,10,0.4,0.3492000102996826
uniform,dpm2_log,"DPM-2 + corrector, log sigma",10,0,10,0.5,0.4658600091934204
uniform,dpm2_log,"DPM-2 + corrector, log sigma",10,0,10,0.6000000000000001,0.5634000301361084
uniform,dpm2_log,"DPM-2 + corrector, log sigma",10,0,10,0.7000000000000001,0.6721799969673157
uniform,dpm2_log,"DPM-2 + corrector, log sigma",10,0,10,0.8,0.7900400161743164
uniform,dpm2_log,"DPM-2 + corrector, log sigma",10,0,10,0.9,0.9067400097846985
uniform,dpm2_log,"DPM-2 + corrector, log sigma",10,0,10,1.0,0.9985599517822266
uniform,dpm2_log,"DPM-2 + corrector, log sigma",50,0,10,0.0,0.0
uniform,dpm2_log,"DPM-2 + corrector, log sigma",50,0,10,0.1,0.09374000132083893
uniform,dpm2_log,"DPM-2 + corrector, log sigma",50,0,10,0.2,0.1913599967956543
uniform,dpm2_log,"DPM-2 + corrector, log sigma",50,0,10,0.30000000000000004,0.30400002002716064
uniform,dpm2_log,"DPM-2 + corrector, log sigma",50,0,10,0.4,0.38495999574661255
uniform,dpm2_log,"DPM-2 + corrector, log sigma",50,0,10,0.5,0.4731599986553192
uniform,dpm2_log,"DPM-2 + corrector, log sigma",50,0,10,0.6000000000000001,0.5879800319671631
uniform,dpm2_log,"DPM-2 + corrector, log sigma",50,0,10,0.7000000000000001,0.6904799938201904
uniform,dpm2_log,"DPM-2 + corrector, log sigma",50,0,10,0.8,0.804419994354248
uniform,dpm2_log,"DPM-2 + corrector, log sigma",50,0,10,0.9,0.897599995136261
uniform,dpm2_log,"DPM-2 + corrector, log sigma",50,0,10,1.0,0.9989399909973145
uniform,sigma_log_dpm,"Sigma-space DPM-1, log sigma",10,0,11,0.0,0.0
uniform,sigma_log_dpm,"Sigma-space DPM-1, log sigma",10,0,11,0.1,0.11273999512195587
uniform,sigma_log_dpm,"Sigma-space DPM-1, log sigma",10,0,11,0.2,0.2156200110912323
uniform,sigma_log_dpm,"Sigma-space DPM-1, log sigma",10,0,11,0.30000000000000004,0.31533998250961304
uniform,sigma_log_dpm,"Sigma-space DPM-1, log sigma",10,0,11,0.4,0.4227199852466583
uniform,sigma_log_dpm,"Sigma-space DPM-1, log sigma",10,0,11,0.5,0.5084800124168396
uniform,sigma_log_dpm,"Sigma-space DPM-1, log sigma",10,0,11,0.6000000000000001,0.5962399840354919
uniform,sigma_log_dpm,"Sigma-space DPM-1, log sigma",10,0,11,0.7000000000000001,0.7042999863624573
uniform,sigma_log_dpm,"Sigma-space DPM-1, log sigma",10,0,11,0.8,0.7799000144004822
uniform,sigma_log_dpm,"Sigma-space DPM-1, log sigma",10,0,11,0.9,0.8814799785614014
uniform,sigma_log_dpm,"Sigma-space DPM-1, log sigma",10,0,11,1.0,0.9998599886894226
uniform,sigma_log_dpm,"Sigma-space DPM-1, log sigma",50,0,11,0.0,0.0
uniform,sigma_log_dpm,"Sigma-space DPM-1, log sigma",50,0,11,0.1,0.12086000293493271
uniform,sigma_log_dpm,"Sigma-space DPM-1, log sigma",50,0,11,0.2,0.21702000498771667
uniform,sigma_log_dpm,"Sigma-space DPM-1, log sigma",50,0,11,0.30000000000000004,0.3416000008583069
uniform,sigma_log_dpm,"Sigma-space DPM-1, log sigma",50,0,11,0.4,0.4488999843597412
uniform,sigma_log_dpm,"Sigma-space DPM-1, log sigma",50,0,11,0.5,0.5390599966049194
uniform,sigma_log_dpm,"Sigma-space DPM-1, log sigma",50,0,11,0.6000000000000001,0.6348199844360352
uniform,sigma_log_dpm,"Sigma-space DPM-1, log sigma",50,0,11,0.7000000000000001,0.7350000143051147
uniform,sigma_log_dpm,"Sigma-space DPM-1, log sigma",50,0,11,0.8,0.8384799957275391
uniform,sigma_log_dpm,"Sigma-space DPM-1, log sigma",50,0,11,0.9,0.9209400415420532
uniform,sigma_log_dpm,"Sigma-space DPM-1, log sigma",50,0,11,1.0,0.9993200302124023
uniform,dpm2_log,"DPM-2 + corrector, log sigma",10,0,11,0.0,0.0
uniform,dpm2_log,"DPM-2 + corrector, log sigma",10,0,11,0.1,0.12015999853610992
uniform,dpm2_log,"DPM-2 + corrector, log sigma",10,0,11,0.2,0.2362000048160553
uniform,dpm2_log,"DPM-2 + corrector, log sigma",10,0,11,0.30000000000000004,0.359279990196228
uniform,dpm2_log,"DPM-2 + corrector, log sigma",10,0,11,0.4,0.473580002784729
uniform,dpm2_log,"DPM-2 + corrector, log sigma",10,0,11,0.5,0.5771000385284424
uniform,dpm2_log,"DPM-2 + corrector, log sigma",10,0,11,0.6000000000000001,0.6857600212097168
uniform,dpm2_log,"DPM-2 + corrector, log sigma",10,0,11,0.7000000000000001,0.791640043258667
uniform,dpm2_log,"DPM-2 + corrector, log sigma",10,0,11,0.8,0.8678600192070007
uniform,dpm2_log,"DPM-2 + corrector, log sigma",10,0,11,0.9,0.9536399841308594
uniform,dpm2_log,"DPM-2 + corrector, log sigma",10,0,11,1.0,0.9999600052833557
uniform,dpm2_log,"DPM-2 + corrector, log sigma",50,0,11,0.0,0.0
uniform,dpm2_log,"DPM-2 + corrector, log sigma",50,0,11,0.1,0.10938000679016113
uniform,dpm2_log,"DPM-2 + corrector, log sigma",50,0,11,0.2,0.21753999590873718
uniform,dpm2_log,"DPM-2 + corrector, log sigma",50,0,11,0.30000000000000004,0.335640013217926
uniform,dpm2_log,"DPM-2 + corrector, log sigma",50,0,11,0.4,0.4547799825668335
uniform,dpm2_log,"DPM-2 + corrector, log sigma",50,0,11,0.5,0.5541399717330933
uniform,dpm2_log,"DPM-2 + corrector, log sigma",50,0,11,0.6000000000000001,0.6556600332260132
uniform,dpm2_log,"DPM-2 + corrector, log sigma",50,0,11,0.7000000000000001,0.7757400274276733
uniform,dpm2_log,"DPM-2 + corrector, log sigma",50,0,11,0.8,0.8760600090026855
uniform,dpm2_log,"DPM-2 + corrector, log sigma",50,0,11,0.9,0.9563000202178955
uniform,dpm2_log,"DPM-2 + corrector, log sigma",50,0,11,1.0,0.9997600317001343
uniform,sigma_log_dpm,"Sigma-space DPM-1, log sigma",10,0,12,0.0,0.0
uniform,sigma_log_dpm,"Sigma-space DPM-1, log sigma",10,0,12,0.1,0.10446000099182129
uniform,sigma_log_dpm,"Sigma-space DPM-1, log sigma",10,0,12,0.2,0.1970599889755249
uniform,sigma_log_dpm,"Sigma-space DPM-1, log sigma",10,0,12,0.30000000000000004,0.2980799973011017
uniform,sigma_log_dpm,"Sigma-space DPM-1, log sigma",10,0,12,0.4,0.39928001165390015
uniform,sigma_log_dpm,"Sigma-space DPM-1, log sigma",10,0,12,0.5,0.5029399991035461
uniform,sigma_log_dpm,"Sigma-space DPM-1, log sigma",10,0,12,0.6000000000000001,0.5961400270462036
uniform,sigma_log_dpm,"Sigma-space DPM-1, log sigma",10,0,12,0.7000000000000001,0.6752200126647949
uniform,sigma_log_dpm,"Sigma-space DPM-1, log sigma",10,0,12,0.8,0.7640800476074219
uniform,sigma_log_dpm,"Sigma-space DPM-1, log sigma",10,0,12,0.9,0.8596400022506714
uniform,sigma_log_dpm,"Sigma-space DPM-1, log sigma",10,0,12,1.0,0.9950000047683716
uniform,sigma_log_dpm,"Sigma-space DPM-1, log sigma",50,0,12,0.0,0.0
uniform,sigma_log_dpm,"Sigma-space DPM-1, log sigma",50,0,12,0.1,0.11300000548362732
uniform,sigma_log_dpm,"Sigma-space DPM-1, log sigma",50,0,12,0.2,0.21804000437259674
uniform,sigma_log_dpm,"Sigma-space DPM-1, log sigma",50,0,12,0.30000000000000004,0.325219988822937
uniform,sigma_log_dpm,"Sigma-space DPM-1, log sigma",50,0,12,0.4,0.4266799986362457
uniform,sigma_log_dpm,"Sigma-space DPM-1, log sigma",50,0,12,0.5,0.526199996471405
uniform,sigma_log_dpm,"Sigma-space DPM-1, log sigma",50,0,12,0.6000000000000001,0.6144399642944336
uniform,sigma_log_dpm,"Sigma-space DPM-1, log sigma",50,0,12,0.7000000000000001,0.6958999633789062
uniform,sigma_log_dpm,"Sigma-space DPM-1, log sigma",50,0,12,0.8,0.7833000421524048
uniform,sigma_log_dpm,"Sigma-space DPM-1, log sigma",50,0,12,0.9,0.8790799975395203
uniform,sigma_log_dpm,"Sigma-space DPM-1, log sigma",50,0,12,1.0,0.9985799789428711
uniform,dpm2_log,"DPM-2 + corrector, log sigma",10,0,12,0.0,0.0
uniform,dpm2_log,"DPM-2 + corrector, log sigma",10,0,12,0.1,0.12529999017715454
uniform,dpm2_log,"DPM-2 + corrector, log sigma",10,0,12,0.2,0.24011999368667603
uniform,dpm2_log,"DPM-2 + corrector, log sigma",10,0,12,0.30000000000000004,0.3615400195121765
uniform,dpm2_log,"DPM-2 + corrector, log sigma",10,0,12,0.4,0.4693800210952759
uniform,dpm2_log,"DPM-2 + corrector, log sigma",10,0,12,0.5,0.5885000228881836
uniform,dpm2_log,"DPM-2 + corrector, log sigma",10,0,12,0.6000000000000001,0.677899956703186
uniform,dpm2_log,"DPM-2 + corrector, log sigma",10,0,12,0.7000000000000001,0.7665200233459473
uniform,dpm2_log,"DPM-2 + corrector, log sigma",10,0,12,0.8,0.8472800254821777
uniform,dpm2_log,"DPM-2 + corrector, log sigma",10,0,12,0.9,0.9235600233078003
uniform,dpm2_log,"DPM-2 + corrector, log sigma",10,0,12,1.0,0.9976400136947632
uniform,dpm2_log,"DPM-2 + corrector, log sigma",50,0,12,0.0,0.0
uniform,dpm2_log,"DPM-2 + corrector, log sigma",50,0,12,0.1,0.11283999681472778
uniform,dpm2_log,"DPM-2 + corrector, log sigma",50,0,12,0.2,0.2065199911594391
uniform,dpm2_log,"DPM-2 + corrector, log sigma",50,0,12,0.30000000000000004,0.3071199953556061
uniform,dpm2_log,"DPM-2 + corrector, log sigma",50,0,12,0.4,0.4457799792289734
uniform,dpm2_log,"DPM-2 + corrector, log sigma",50,0,12,0.5,0.5552799701690674
uniform,dpm2_log,"DPM-2 + corrector, log sigma",50,0,12,0.6000000000000001,0.6744400262832642
uniform,dpm2_log,"DPM-2 + corrector, log sigma",50,0,12,0.7000000000000001,0.7697000503540039
uniform,dpm2_log,"DPM-2 + corrector, log sigma",50,0,12,0.8,0.8679599761962891
uniform,dpm2_log,"DPM-2 + corrector, log sigma",50,0,12,0.9,0.9518599510192871
uniform,dpm2_log,"DPM-2 + corrector, log sigma",50,0,12,1.0,0.999940037727356
uniform,sigma_log_dpm,"Sigma-space DPM-1, log sigma",10,0,13,0.0,0.0
uniform,sigma_log_dpm,"Sigma-space DPM-1, log sigma",10,0,13,0.1,0.1115799993276596
uniform,sigma_log_dpm,"Sigma-space DPM-1, log sigma",10,0,13,0.2,0.23271998763084412
uniform,sigma_log_dpm,"Sigma-space DPM-1, log sigma",10,0,13,0.30000000000000004,0.3352000117301941
uniform,sigma_log_dpm,"Sigma-space DPM-1, log sigma",10,0,13,0.4,0.43893998861312866
uniform,sigma_log_dpm,"Sigma-space DPM-1, log sigma",10,0,13,0.5,0.5444999933242798
uniform,sigma_log_dpm,"Sigma-space DPM-1, log sigma",10,0,13,0.6000000000000001,0.637660026550293
uniform,sigma_log_dpm,"Sigma-space DPM-1, log sigma",10,0,13,0.7000000000000001,0.7281799912452698
uniform,sigma_log_dpm,"Sigma-space DPM-1, log sigma",10,0,13,0.8,0.8230800032615662
uniform,sigma_log_dpm,"Sigma-space DPM-1, log sigma",10,0,13,0.9,0.9129999876022339
uniform,sigma_log_dpm,"Sigma-space DPM-1, log sigma",10,0,13,1.0,0.9995200037956238
uniform,sigma_log_dpm,"Sigma-space DPM-1, log sigma",50,0,13,0.0,0.0
uniform,sigma_log_dpm,"Sigma-space DPM-1, log sigma",50,0,13,0.1,0.12571999430656433
uniform,sigma_log_dpm,"Sigma-space DPM-1, log sigma",50,0,13,0.2,0.2564600110054016
uniform,sigma_log_dpm,"Sigma-space DPM-1, log sigma",50,0,13,0.30000000000000004,0.3689799904823303
uniform,sigma_log_dpm,"Sigma-space DPM-1, log sigma",50,0,13,0.4,0.47943997383117676
uniform,sigma_log_dpm,"Sigma-space DPM-1, log sigma",50,0,13,0.5,0.5814399719238281
uniform,sigma_log_dpm,"Sigma-space DPM-1, log sigma",50,0,13,0.6000000000000001,0.6874200105667114
uniform,sigma_log_dpm,"Sigma-space DPM-1, log sigma",50,0,13,0.7000000000000001,0.7752000093460083
uniform,sigma_log_dpm,"Sigma-space DPM-1, log sigma",50,0,13,0.8,0.8561400175094604
uniform,sigma_log_dpm,"Sigma-space DPM-1, log sigma",50,0,13,0.9,0.9436999559402466
uniform,sigma_log_dpm,"Sigma-space DPM-1, log sigma",50,0,13,1.0,1.0
uniform,dpm2_log,"DPM-2 + corrector, log sigma",10,0,13,0.0,0.0
uniform,dpm2_log,"DPM-2 + corrector, log sigma",10,0,13,0.1,0.11788000166416168
uniform,dpm2_log,"DPM-2 + corrector, log sigma",10,0,13,0.2,0.25863999128341675
uniform,dpm2_log,"DPM-2 + corrector, log sigma",10,0,13,0.30000000000000004,0.39458000659942627
uniform,dpm2_log,"DPM-2 + corrector, log sigma",10,0,13,0.4,0.5074799656867981
uniform,dpm2_log,"DPM-2 + corrector, log sigma",10,0,13,0.5,0.6249600052833557
uniform,dpm2_log,"DPM-2 + corrector, log sigma",10,0,13,0.6000000000000001,0.7261199951171875
uniform,dpm2_log,"DPM-2 + corrector, log sigma",10,0,13,0.7000000000000001,0.8176400065422058
uniform,dpm2_log,"DPM-2 + corrector, log sigma",10,0,13,0.8,0.9052599668502808
uniform,dpm2_log,"DPM-2 + corrector, log sigma",10,0,13,0.9,0.9672200083732605
uniform,dpm2_log,"DPM-2 + corrector, log sigma",10,0,13,1.0,0.9999600052833557
uniform,dpm2_log,"DPM-2 + corrector, log sigma",50,0,13,0.0,0.0
uniform,dpm2_log,"DPM-2 + corrector, log sigma",50,0,13,0.1,0.1133200004696846
uniform,dpm2_log,"DPM-2 + corrector, log sigma",50,0,13,0.2,0.22822000086307526
uniform,dpm2_log,"DPM-2 + corrector, log sigma",50,0,13,0.30000000000000004,0.3657799959182739
uniform,dpm2_log,"DPM-2 + corrector, log sigma",50,0,13,0.4,0.4671599864959717
uniform,dpm2_log,"DPM-2 + corrector, log sigma",50,0,13,0.5,0.575219988822937
uniform,dpm2_log,"DPM-2 + corrector, log sigma",50,0,13,0.6000000000000001,0.6723799705505371
uniform,dpm2_log,"DPM-2 + corrector, log sigma",50,0,13,0.7000000000000001,0.7773400545120239
uniform,dpm2_log,"DPM-2 + corrector, log sigma",50,0,13,0.8,0.8752399682998657
uniform,dpm2_log,"DPM-2 + corrector, log sigma",50,0,13,0.9,0.952180027961731
uniform,dpm2_log,"DPM-2 + corrector, log sigma",50,0,13,1.0,1.0
uniform,sigma_log_dpm,"Sigma-space DPM-1, log sigma",10,0,14,0.0,0.0
uniform,sigma_log_dpm,"Sigma-space DPM-1, log sigma",10,0,14,0.1,0.07914000004529953
uniform,sigma_log_dpm,"Sigma-space DPM-1, log sigma",10,0,14,0.2,0.1607999950647354
uniform,sigma_log_dpm,"Sigma-space DPM-1, log sigma",10,0,14,0.30000000000000004,0.2347799837589264
uniform,sigma_log_dpm,"Sigma-space DPM-1, log sigma",10,0,14,0.4,0.31450000405311584
uniform,sigma_log_dpm,"Sigma-space DPM-1, log sigma",10,0,14,0.5,0.41312000155448914
uniform,sigma_log_dpm,"Sigma-space DPM-1, log sigma",10,0,14,0.6000000000000001,0.5094799995422363
uniform,sigma_log_dpm,"Sigma-space DPM-1, log sigma",10,0,14,0.7000000000000001,0.618880033493042
uniform,sigma_log_dpm,"Sigma-space DPM-1, log sigma",10,0,14,0.8,0.7343000173568726
uniform,sigma_log_dpm,"Sigma-space DPM-1, log sigma",10,0,14,0.9,0.8514599800109863
uniform,sigma_log_dpm,"Sigma-space DPM-1, log sigma",10,0,14,1.0,0.9885200262069702
uniform,sigma_log_dpm,"Sigma-space DPM-1, log sigma",50,0,14,0.0,0.0
uniform,sigma_log_dpm,"Sigma-space DPM-1, log sigma",50,0,14,0.1,0.07354000210762024
uniform,sigma_log_dpm,"Sigma-space DPM-1, log sigma",50,0,14,0.2,0.1503399908542633
uniform,sigma_log_dpm,"Sigma-space DPM-1, log sigma",50,0,14,0.30000000000000004,0.2318200021982193
uniform,sigma_log_dpm,"Sigma-space DPM-1, log sigma",50,0,14,0.4,0.32252001762390137
uniform,sigma_log_dpm,"Sigma-space DPM-1, log sigma",50,0,14,0.5,0.4162999987602234
uniform,sigma_log_dpm,"Sigma-space DPM-1, log sigma",50,0,14,0.6000000000000001,0.5418599843978882
uniform,sigma_log_dpm,"Sigma-space DPM-1, log sigma",50,0,14,0.7000000000000001,0.6250399947166443
uniform,sigma_log_dpm,"Sigma-space DPM-1, log sigma",50,0,14,0.8,0.7480199933052063
uniform,sigma_log_dpm,"Sigma-space DPM-1, log sigma",50,0,14,0.9,0.8736000061035156
uniform,sigma_log_dpm,"Sigma-space DPM-1, log sigma",50,0,14,1.0,0.9975199699401855
uniform,dpm2_log,"DPM-2 + corrector, log sigma",10,0,14,0.0,0.0
uniform,dpm2_log,"DPM-2 + corrector, log sigma",10,0,14,0.1,0.1062999963760376
uniform,dpm2_log,"DPM-2 + corrector, log sigma",10,0,14,0.2,0.20771999657154083
uniform,dpm2_log,"DPM-2 + corrector, log sigma",10,0,14,0.30000000000000004,0.30423998832702637
uniform,dpm2_log,"DPM-2 + corrector, log sigma",10,0,14,0.4,0.40017998218536377
uniform,dpm2_log,"DPM-2 + corrector, log sigma",10,0,14,0.5,0.5078799724578857
uniform,dpm2_log,"DPM-2 + corrector, log sigma",10,0,14,0.6000000000000001,0.6306599974632263
uniform,dpm2_log,"DPM-2 + corrector, log sigma",10,0,14,0.7000000000000001,0.7317799925804138
uniform,dpm2_log,"DPM-2 + corrector, log sigma",10,0,14,0.8,0.8220199942588806
uniform,dpm2_log,"DPM-2 + corrector, log sigma",10,0,14,0.9,0.9030200242996216
uniform,dpm2_log,"DPM-2 + corrector, log sigma",10,0,14,1.0,0.9957200288772583
uniform,dpm2_log,"DPM-2 + corrector, log sigma",50,0,14,0.0,0.0
uniform,dpm2_log,"DPM-2 + corrector, log sigma",50,0,14,0.1,0.11125999689102173
uniform,dpm2_log,"DPM-2 + corrector, log sigma",50,0,14,0.2,0.21053999662399292
uniform,dpm2_log,"DPM-2 + corrector, log sigma",50,0,14,0.30000000000000004,0.32322001457214355
uniform,dpm2_log,"DPM-2 + corrector, log sigma",50,0,14,0.4,0.4041000008583069
uniform,dpm2_log,"DPM-2 + corrector, log sigma",50,0,14,0.5,0.5171200037002563
uniform,dpm2_log,"DPM-2 + corrector, log sigma",50,0,14,0.6000000000000001,0.6098200082778931
uniform,dpm2_log,"DPM-2 + corrector, log sigma",50,0,14,0.7000000000000001,0.7114999890327454
uniform,dpm2_log,"DPM-2 + corrector, log sigma",50,0,14,0.8,0.8092399835586548
uniform,dpm2_log,"DPM-2 + corrector, log sigma",50,0,14,0.9,0.9118200540542603
uniform,dpm2_log,"DPM-2 + corrector, log sigma",50,0,14,1.0,0.9978799819946289
uniform,sigma_log_dpm,"Sigma-space DPM-1, log sigma",10,0,15,0.0,0.0
uniform,sigma_log_dpm,"Sigma-space DPM-1, log sigma",10,0,15,0.1,0.08760000020265579
uniform,sigma_log_dpm,"Sigma-space DPM-1, log sigma",10,0,15,0.2,0.18979999423027039
uniform,sigma_log_dpm,"Sigma-space DPM-1, log sigma",10,0,15,0.30000000000000004,0.29688000679016113
uniform,sigma_log_dpm,"Sigma-space DPM-1, log sigma",10,0,15,0.4,0.4083999991416931
uniform,sigma_log_dpm,"Sigma-space DPM-1, log sigma",10,0,15,0.5,0.5178200006484985
uniform,sigma_log_dpm,"Sigma-space DPM-1, log sigma",10,0,15,0.6000000000000001,0.622979998588562
uniform,sigma_log_dpm,"Sigma-space DPM-1, log sigma",10,0,15,0.7000000000000001,0.741379976272583
uniform,sigma_log_dpm,"Sigma-space DPM-1, log sigma",10,0,15,0.8,0.8542200326919556
uniform,sigma_log_dpm,"Sigma-space DPM-1, log sigma",10,0,15,0.9,0.9391800165176392
uniform,sigma_log_dpm,"Sigma-space DPM-1, log sigma",10,0,15,1.0,0.9997000098228455
uniform,sigma_log_dpm,"Sigma-space DPM-1, log sigma",50,0,15,0.0,0.0
uniform,sigma_log_dpm,"Sigma-space DPM-1, log sigma",50,0,15,0.1,0.09756000339984894
uniform,sigma_log_dpm,"Sigma-space DPM-1, log sigma",50,0,15,0.2,0.18744000792503357
uniform,sigma_log_dpm,"Sigma-space DPM-1, log sigma",50,0,15,0.30000000000000004,0.31606000661849976
uniform,sigma_log_dpm,"Sigma-space DPM-1, log sigma",50,0,15,0.4,0.4309399724006653
uniform,sigma_log_dpm,"Sigma-space DPM-1, log sigma",50,0,15,0.5,0.530519962310791
uniform,sigma_log_dpm,"Sigma-space DPM-1, log sigma",50,0,15,0.6000000000000001,0.6429400444030762
uniform,sigma_log_dpm,"Sigma-space DPM-1, log sigma",50,0,15,0.7000000000000001,0.7454400062561035
uniform,sigma_log_dpm,"Sigma-space DPM-1, log sigma",50,0,15,0.8,0.8639199733734131
uniform,sigma_log_dpm,"Sigma-space DPM-1, log sigma",50,0,15,0.9,0.9521399736404419
uniform,sigma_log_dpm,"Sigma-space DPM-1, log sigma",50,0,15,1.0,0.9988600015640259
uniform,dpm2_log,"DPM-2 + corrector, log sigma",10,0,15,0.0,0.0
uniform,dpm2_log,"DPM-2 + corrector, log sigma",10,0,15,0.1,0.11295999586582184
uniform,dpm2_log,"DPM-2 + corrector, log sigma",10,0,15,0.2,0.23717999458312988
uniform,dpm2_log,"DPM-2 + corrector, log sigma",10,0,15,0.30000000000000004,0.36423999071121216
uniform,dpm2_log,"DPM-2 + corrector, log sigma",10,0,15,0.4,0.4873799681663513
uniform,dpm2_log,"DPM-2 + corrector, log sigma",10,0,15,0.5,0.5985000133514404
uniform,dpm2_log,"DPM-2 + corrector, log sigma",10,0,15,0.6000000000000001,0.7021999955177307
uniform,dpm2_log,"DPM-2 + corrector, log sigma",10,0,15,0.7000000000000001,0.8061400055885315
uniform,dpm2_log,"DPM-2 + corrector, log sigma",10,0,15,0.8,0.887779951095581
uniform,dpm2_log,"DPM-2 + corrector, log sigma",10,0,15,0.9,0.9567000269889832
uniform,dpm2_log,"DPM-2 + corrector, log sigma",10,0,15,1.0,1.0
uniform,dpm2_log,"DPM-2 + corrector, log sigma",50,0,15,0.0,0.0
uniform,dpm2_log,"DPM-2 + corrector, log sigma",50,0,15,0.1,0.11560000479221344
uniform,dpm2_log,"DPM-2 + corrector, log sigma",50,0,15,0.2,0.2134999930858612
uniform,dpm2_log,"DPM-2 + corrector, log sigma",50,0,15,0.30000000000000004,0.3396199941635132
uniform,dpm2_log,"DPM-2 + corrector, log sigma",50,0,15,0.4,0.44308000802993774
uniform,dpm2_log,"DPM-2 + corrector, log sigma",50,0,15,0.5,0.5458599925041199
uniform,dpm2_log,"DPM-2 + corrector, log sigma",50,0,15,0.6000000000000001,0.6522600054740906
uniform,dpm2_log,"DPM-2 + corrector, log sigma",50,0,15,0.7000000000000001,0.7495200037956238
uniform,dpm2_log,"DPM-2 + corrector, log sigma",50,0,15,0.8,0.8481799960136414
uniform,dpm2_log,"DPM-2 + corrector, log sigma",50,0,15,0.9,0.9309799671173096
uniform,dpm2_log,"DPM-2 + corrector, log sigma",50,0,15,1.0,0.9996600151062012
uniform,sigma_log_dpm,"Sigma-space DPM-1, log sigma",10,1,0,0.0,0.0
uniform,sigma_log_dpm,"Sigma-space DPM-1, log sigma",10,1,0,0.1,0.11208000034093857
uniform,sigma_log_dpm,"Sigma-space DPM-1, log sigma",10,1,0,0.2,0.21583999693393707
uniform,sigma_log_dpm,"Sigma-space DPM-1, log sigma",10,1,0,0.30000000000000004,0.33601999282836914
uniform,sigma_log_dpm,"Sigma-space DPM-1, log sigma",10,1,0,0.4,0.45117998123168945
uniform,sigma_log_dpm,"Sigma-space DPM-1, log sigma",10,1,0,0.5,0.5774999856948853
uniform,sigma_log_dpm,"Sigma-space DPM-1, log sigma",10,1,0,0.6000000000000001,0.6834999918937683
uniform,sigma_log_dpm,"Sigma-space DPM-1, log sigma",10,1,0,0.7000000000000001,0.7807799577713013
uniform,sigma_log_dpm,"Sigma-space DPM-1, log sigma",10,1,0,0.8,0.8667399883270264
uniform,sigma_log_dpm,"Sigma-space DPM-1, log sigma",10,1,0,0.9,0.9365600347518921
uniform,sigma_log_dpm,"Sigma-space DPM-1, log sigma",10,1,0,1.0,1.0
uniform,sigma_log_dpm,"Sigma-space DPM-1, log sigma",50,1,0,0.0,0.0
uniform,sigma_log_dpm,"Sigma-space DPM-1, log sigma",50,1,0,0.1,0.12921999394893646
uniform,sigma_log_dpm,"Sigma-space DPM-1, log sigma",50,1,0,0.2,0.23493999242782593
uniform,sigma_log_dpm,"Sigma-space DPM-1, log sigma",50,1,0,0.30000000000000004,0.36959999799728394
uniform,sigma_log_dpm,"Sigma-space DPM-1, log sigma",50,1,0,0.4,0.48076000809669495
uniform,sigma_log_dpm,"Sigma-space DPM-1, log sigma",50,1,0,0.5,0.5857200026512146
uniform,sigma_log_dpm,"Sigma-space DPM-1, log sigma",50,1,0,0.6000000000000001,0.6894000172615051
uniform,sigma_log_dpm,"Sigma-space DPM-1, log sigma",50,1,0,0.7000000000000001,0.7743399739265442
uniform,sigma_log_dpm,"Sigma-space DPM-1, log sigma",50,1,0,0.8,0.8625199794769287
uniform,sigma_log_dpm,"Sigma-space DPM-1, log sigma",50,1,0,0.9,0.9295799732208252
uniform,sigma_log_dpm,"Sigma-space DPM-1, log sigma",50,1,0,1.0,0.9999600052833557
uniform,dpm2_log,"DPM-2 + corrector, log sigma",10,1,0,0.0,0.0
uniform,dpm2_log,"DPM-2 + corrector, log sigma",10,1,0,0.1,0.13415999710559845
uniform,dpm2_log,"DPM-2 + corrector, log sigma",10,1,0,0.2,0.24196000397205353
uniform,dpm2_log,"DPM-2 + corrector, log sigma",10,1,0,0.30000000000000004,0.36970001459121704
uniform,dpm2_log,"DPM-2 + corrector, log sigma",10,1,0,0.4,0.4785199761390686
uniform,dpm2_log,"DPM-2 + corrector, log sigma",10,1,0,0.5,0.5806200504302979
uniform,dpm2_log,"DPM-2 + corrector, log sigma",10,1,0,0.6000000000000001,0.6988999843597412
uniform,dpm2_log,"DPM-2 + corrector, log sigma",10,1,0,0.7000000000000001,0.8028799891471863
uniform,dpm2_log,"DPM-2 + corrector, log sigma",10,1,0,0.8,0.8895800113677979
uniform,dpm2_log,"DPM-2 + corrector, log sigma",10,1,0,0.9,0.9651000499725342
uniform,dpm2_log,"DPM-2 + corrector, log sigma",10,1,0,1.0,1.0
uniform,dpm2_log,"DPM-2 + corrector, log sigma",50,1,0,0.0,0.0
uniform,dpm2_log,"DPM-2 + corrector, log sigma",50,1,0,0.1,0.1167600005865097
uniform,dpm2_log,"DPM-2 + corrector, log sigma",50,1,0,0.2,0.24770000576972961
uniform,dpm2_log,"DPM-2 + corrector, log sigma",50,1,0,0.30000000000000004,0.35350000858306885
uniform,dpm2_log,"DPM-2 + corrector, log sigma",50,1,0,0.4,0.45875999331474304
uniform,dpm2_log,"DPM-2 + corrector, log sigma",50,1,0,0.5,0.5735800266265869
uniform,dpm2_log,"DPM-2 + corrector, log sigma",50,1,0,0.6000000000000001,0.6810399889945984
uniform,dpm2_log,"DPM-2 + corrector, log sigma",50,1,0,0.7000000000000001,0.799780011177063
uniform,dpm2_log,"DPM-2 + corrector, log sigma",50,1,0,0.8,0.8944799900054932
uniform,dpm2_log,"DPM-2 + corrector, log sigma",50,1,0,0.9,0.9571400284767151
uniform,dpm2_log,"DPM-2 + corrector, log sigma",50,1,0,1.0,0.9998800158500671
uniform,sigma_log_dpm,"Sigma-space DPM-1, log sigma",10,1,1,0.0,0.0
uniform,sigma_log_dpm,"Sigma-space DPM-1, log sigma",10,1,1,0.1,0.04639999940991402
uniform,sigma_log_dpm,"Sigma-space DPM-1, log sigma",10,1,1,0.2,0.09289999306201935
uniform,sigma_log_dpm,"Sigma-space DPM-1, log sigma",10,1,1,0.30000000000000004,0.15522000193595886
uniform,sigma_log_dpm,"Sigma-space DPM-1, log sigma",10,1,1,0.4,0.21329998970031738
uniform,sigma_log_dpm,"Sigma-space DPM-1, log sigma",10,1,1,0.5,0.28540000319480896
uniform,sigma_log_dpm,"Sigma-space DPM-1, log sigma",10,1,1,0.6000000000000001,0.3660600185394287
uniform,sigma_log_dpm,"Sigma-space DPM-1, log sigma",10,1,1,0.7000000000000001,0.47021999955177307
uniform,sigma_log_dpm,"Sigma-space DPM-1, log sigma",10,1,1,0.8,0.610480010509491
uniform,sigma_log_dpm,"Sigma-space DPM-1, log sigma",10,1,1,0.9,0.7668800354003906
uniform,sigma_log_dpm,"Sigma-space DPM-1, log sigma",10,1,1,1.0,0.9966800212860107
uniform,sigma_log_dpm,"Sigma-space DPM-1, log sigma",50,1,1,0.0,0.0
uniform,sigma_log_dpm,"Sigma-space DPM-1, log sigma",50,1,1,0.1,0.056300003081560135
uniform,sigma_log_dpm,"Sigma-space DPM-1, log sigma",50,1,1,0.2,0.11900000274181366
uniform,sigma_log_dpm,"Sigma-space DPM-1, log sigma",50,1,1,0.30000000000000004,0.1712000072002411
uniform,sigma_log_dpm,"Sigma-space DPM-1, log sigma",50,1,1,0.4,0.2389800101518631
uniform,sigma_log_dpm,"Sigma-space DPM-1, log sigma",50,1,1,0.5,0.31453999876976013
uniform,sigma_log_dpm,"Sigma-space DPM-1, log sigma",50,1,1,0.6000000000000001,0.41350001096725464
uniform,sigma_log_dpm,"Sigma-space DPM-1, log sigma",50,1,1,0.7000000000000001,0.5096800327301025
uniform,sigma_log_dpm,"Sigma-space DPM-1, log sigma",50,1,1,0.8,0.6756399869918823
uniform,sigma_log_dpm,"Sigma-space DPM-1, log sigma",50,1,1,0.9,0.8251199722290039
uniform,sigma_log_dpm,"Sigma-space DPM-1, log sigma",50,1,1,1.0,0.9996600151062012
uniform,dpm2_log,"DPM-2 + corrector, log sigma",10,1,1,0.0,0.0
uniform,dpm2_log,"DPM-2 + corrector, log sigma",10,1,1,0.1,0.06785999983549118
uniform,dpm2_log,"DPM-2 + corrector, log sigma",10,1,1,0.2,0.15209999680519104
uniform,dpm2_log,"DPM-2 + corrector, log sigma",10,1,1,0.30000000000000004,0.22010000050067902
uniform,dpm2_log,"DPM-2 + corrector, log sigma",10,1,1,0.4,0.29280000925064087
uniform,dpm2_log,"DPM-2 + corrector, log sigma",10,1,1,0.5,0.38933998346328735
uniform,dpm2_log,"DPM-2 + corrector, log sigma",10,1,1,0.6000000000000001,0.48135998845100403
uniform,dpm2_log,"DPM-2 + corrector, log sigma",10,1,1,0.7000000000000001,0.5878199934959412
uniform,dpm2_log,"DPM-2 + corrector, log sigma",10,1,1,0.8,0.7001800537109375
uniform,dpm2_log,"DPM-2 + corrector, log sigma",10,1,1,0.9,0.8383200168609619
uniform,dpm2_log,"DPM-2 + corrector, log sigma",10,1,1,1.0,0.9944800138473511
uniform,dpm2_log,"DPM-2 + corrector, log sigma",50,1,1,0.0,0.0
uniform,dpm2_log,"DPM-2 + corrector, log sigma",50,1,1,0.1,0.08222000300884247
uniform,dpm2_log,"DPM-2 + corrector, log sigma",50,1,1,0.2,0.16552001237869263
uniform,dpm2_log,"DPM-2 + corrector, log sigma",50,1,1,0.30000000000000004,0.24092000722885132
uniform,dpm2_log,"DPM-2 + corrector, log sigma",50,1,1,0.4,0.32899999618530273
uniform,dpm2_log,"DPM-2 + corrector, log sigma",50,1,1,0.5,0.4189999997615814
uniform,dpm2_log,"DPM-2 + corrector, log sigma",50,1,1,0.6000000000000001,0.515239953994751
uniform,dpm2_log,"DPM-2 + corrector, log sigma",50,1,1,0.7000000000000001,0.6069200038909912
uniform,dpm2_log,"DPM-2 + corrector, log sigma",50,1,1,0.8,0.710919976234436
uniform,dpm2_log,"DPM-2 + corrector, log sigma",50,1,1,0.9,0.8410800099372864
uniform,dpm2_log,"DPM-2 + corrector, log sigma",50,1,1,1.0,0.9991199970245361
uniform,sigma_log_dpm,"Sigma-space DPM-1, log sigma",10,1,2,0.0,0.0
uniform,sigma_log_dpm,"Sigma-space DPM-1, log sigma",10,1,2,0.1,0.043219998478889465
uniform,sigma_log_dpm,"Sigma-space DPM-1, log sigma",10,1,2,0.2,0.08832000195980072
uniform,sigma_log_dpm,"Sigma-space DPM-1, log sigma",10,1,2,0.30000000000000004,0.13808000087738037
uniform,sigma_log_dpm,"Sigma-space DPM-1, log sigma",10,1,2,0.4,0.19133999943733215
uniform,sigma_log_dpm,"Sigma-space DPM-1, log sigma",10,1,2,0.5,0.2500999867916107
uniform,sigma_log_dpm,"Sigma-space DPM-1, log sigma",10,1,2,0.6000000000000001,0.3136399984359741
uniform,sigma_log_dpm,"Sigma-space DPM-1, log sigma",10,1,2,0.7000000000000001,0.39337998628616333
uniform,sigma_log_dpm,"Sigma-space DPM-1, log sigma",10,1,2,0.8,0.5338200330734253
uniform,sigma_log_dpm,"Sigma-space DPM-1, log sigma",10,1,2,0.9,0.7102999687194824
uniform,sigma_log_dpm,"Sigma-space DPM-1, log sigma",10,1,2,1.0,0.9714599847793579
uniform,sigma_log_dpm,"Sigma-space DPM-1, log sigma",50,1,2,0.0,0.0
uniform,sigma_log_dpm,"Sigma-space DPM-1, log sigma",50,1,2,0.1,0.049639999866485596
uniform,sigma_log_dpm,"Sigma-space DPM-1, log sigma",50,1,2,0.2,0.08720000088214874
uniform,sigma_log_dpm,"Sigma-space DPM-1, log sigma",50,1,2,0.30000000000000004,0.13938000798225403
uniform,sigma_log_dpm,"Sigma-space DPM-1, log sigma",50,1,2,0.4,0.19697999954223633
uniform,sigma_log_dpm,"Sigma-space DPM-1, log sigma",50,1,2,0.5,0.27267998456954956
uniform,sigma_log_dpm,"Sigma-space DPM-1, log sigma",50,1,2,0.6000000000000001,0.3545199930667877
uniform,sigma_log_dpm,"Sigma-space DPM-1, log sigma",50,1,2,0.7000000000000001,0.44477999210357666
uniform,sigma_log_dpm,"Sigma-space DPM-1, log sigma",50,1,2,0.8,0.5769200325012207
uniform,sigma_log_dpm,"Sigma-space DPM-1, log sigma",50,1,2,0.9,0.7367799878120422
uniform,sigma_log_dpm,"Sigma-space DPM-1, log sigma",50,1,2,1.0,0.9950000047683716
uniform,dpm2_log,"DPM-2 + corrector, log sigma",10,1,2,0.0,0.0
uniform,dpm2_log,"DPM-2 + corrector, log sigma",10,1,2,0.1,0.06573999673128128
uniform,dpm2_log,"DPM-2 + corrector, log sigma",10,1,2,0.2,0.13148000836372375
uniform,dpm2_log,"DPM-2 + corrector, log sigma",10,1,2,0.30000000000000004,0.19776000082492828
uniform,dpm2_log,"DPM-2 + corrector, log sigma",10,1,2,0.4,0.26297998428344727
uniform,dpm2_log,"DPM-2 + corrector, log sigma",10,1,2,0.5,0.3451799750328064
uniform,dpm2_log,"DPM-2 + corrector, log sigma",10,1,2,0.6000000000000001,0.4303799867630005
uniform,dpm2_log,"DPM-2 + corrector, log sigma",10,1,2,0.7000000000000001,0.5432400107383728
uniform,dpm2_log,"DPM-2 + corrector, log sigma",10,1,2,0.8,0.6688799858093262
uniform,dpm2_log,"DPM-2 + corrector, log sigma",10,1,2,0.9,0.8112199902534485
uniform,dpm2_log,"DPM-2 + corrector, log sigma",10,1,2,1.0,0.9850800037384033
uniform,dpm2_log,"DPM-2 + corrector, log sigma",50,1,2,0.0,0.0
uniform,dpm2_log,"DPM-2 + corrector, log sigma",50,1,2,0.1,0.09022000432014465
uniform,dpm2_log,"DPM-2 + corrector, log sigma",50,1,2,0.2,0.18371999263763428
uniform,dpm2_log,"DPM-2 + corrector, log sigma",50,1,2,0.30000000000000004,0.27865999937057495
uniform,dpm2_log,"DPM-2 + corrector, log sigma",50,1,2,0.4,0.3725599944591522
uniform,dpm2_log,"DPM-2 + corrector, log sigma",50,1,2,0.5,0.4640600085258484
uniform,dpm2_log,"DPM-2 + corrector, log sigma",50,1,2,0.6000000000000001,0.5692999958992004
uniform,dpm2_log,"DPM-2 + corrector, log sigma",50,1,2,0.7000000000000001,0.6660000085830688
uniform,dpm2_log,"DPM-2 + corrector, log sigma",50,1,2,0.8,0.7665200233459473
uniform,dpm2_log,"DPM-2 + corrector, log sigma",50,1,2,0.9,0.8752800226211548
uniform,dpm2_log,"DPM-2 + corrector, log sigma",50,1,2,1.0,0.9973599910736084
uniform,sigma_log_dpm,"Sigma-space DPM-1, log sigma",10,1,3,0.0,0.0
uniform,sigma_log_dpm,"Sigma-space DPM-1, log sigma",10,1,3,0.1,0.060259997844696045
uniform,sigma_log_dpm,"Sigma-space DPM-1, log sigma",10,1,3,0.2,0.13650000095367432
uniform,sigma_log_dpm,"Sigma-space DPM-1, log sigma",10,1,3,0.30000000000000004,0.21560001373291016
uniform,sigma_log_dpm,"Sigma-space DPM-1, log sigma",10,1,3,0.4,0.28658002614974976
uniform,sigma_log_dpm,"Sigma-space DPM-1, log sigma",10,1,3,0.5,0.3619599938392639
uniform,sigma_log_dpm,"Sigma-space DPM-1, log sigma",10,1,3,0.6000000000000001,0.4553399980068207
uniform,sigma_log_dpm,"Sigma-space DPM-1, log sigma",10,1,3,0.7000000000000001,0.546720027923584
uniform,sigma_log_dpm,"Sigma-space DPM-1, log sigma",10,1,3,0.8,0.6504600048065186
uniform,sigma_log_dpm,"Sigma-space DPM-1, log sigma",10,1,3,0.9,0.8058199882507324
uniform,sigma_log_dpm,"Sigma-space DPM-1, log sigma",10,1,3,1.0,0.9812999963760376
uniform,sigma_log_dpm,"Sigma-space DPM-1, log sigma",50,1,3,0.0,1.9999999494757503e-05
uniform,sigma_log_dpm,"Sigma-space DPM-1, log sigma",50,1,3,0.1,0.0717799961566925
uniform,sigma_log_dpm,"Sigma-space DPM-1, log sigma",50,1,3,0.2,0.13802000880241394
uniform,sigma_log_dpm,"Sigma-space DPM-1, log sigma",50,1,3,0.30000000000000004,0.20814000070095062
uniform,sigma_log_dpm,"Sigma-space DPM-1, log sigma",50,1,3,0.4,0.2972000241279602
uniform,sigma_log_dpm,"Sigma-space DPM-1, log sigma",50,1,3,0.5,0.38871997594833374
uniform,sigma_log_dpm,"Sigma-space DPM-1, log sigma",50,1,3,0.6000000000000001,0.4998199939727783
uniform,sigma_log_dpm,"Sigma-space DPM-1, log sigma",50,1,3,0.7000000000000001,0.6042599678039551
uniform,sigma_log_dpm,"Sigma-space DPM-1, log sigma",50,1,3,0.8,0.734279990196228
uniform,sigma_log_dpm,"Sigma-space DPM-1, log sigma",50,1,3,0.9,0.8682399988174438
uniform,sigma_log_dpm,"Sigma-space DPM-1, log sigma",50,1,3,1.0,0.999019980430603
uniform,dpm2_log,"DPM-2 + corrector, log sigma",10,1,3,0.0,0.0
uniform,dpm2_log,"DPM-2 + corrector, log sigma",10,1,3,0.1,0.08609999716281891
uniform,dpm2_log,"DPM-2 + corrector, log sigma",10,1,3,0.2,0.16380000114440918
uniform,dpm2_log,"DPM-2 + corrector, log sigma",10,1,3,0.30000000000000004,0.2560800015926361
uniform,dpm2_log,"DPM-2 + corrector, log sigma",10,1,3,0.4,0.3415600061416626
uniform,dpm2_log,"DPM-2 + corrector, log sigma",10,1,3,0.5,0.4456000030040741
uniform,dpm2_log,"DPM-2 + corrector, log sigma",10,1,3,0.6000000000000001,0.5532400012016296
uniform,dpm2_log,"DPM-2 + corrector, log sigma",10,1,3,0.7000000000000001,0.6639599800109863
uniform,dpm2_log,"DPM-2 + corrector, log sigma",10,1,3,0.8,0.7874000072479248
uniform,dpm2_log,"DPM-2 + corrector, log sigma",10,1,3,0.9,0.9018800258636475
uniform,dpm2_log,"DPM-2 + corrector, log sigma",10,1,3,1.0,0.9993399977684021
uniform,dpm2_log,"DPM-2 + corrector, log sigma",50,1,3,0.0,0.0
uniform,dpm2_log,"DPM-2 + corrector, log sigma",50,1,3,0.1,0.09083999693393707
uniform,dpm2_log,"DPM-2 + corrector, log sigma",50,1,3,0.2,0.1888599991798401
uniform,dpm2_log,"DPM-2 + corrector, log sigma",50,1,3,0.30000000000000004,0.2850800156593323
uniform,dpm2_log,"DPM-2 + corrector, log sigma",50,1,3,0.4,0.3879600167274475
uniform,dpm2_log,"DPM-2 + corrector, log sigma",50,1,3,0.5,0.48486000299453735
uniform,dpm2_log,"DPM-2 + corrector, log sigma",50,1,3,0.6000000000000001,0.5660799741744995
uniform,dpm2_log,"DPM-2 + corrector, log sigma",50,1,3,0.7000000000000001,0.6650799512863159
uniform,dpm2_log,"DPM-2 + corrector, log sigma",50,1,3,0.8,0.7624599933624268
uniform,dpm2_log,"DPM-2 + corrector, log sigma",50,1,3,0.9,0.8668199777603149
uniform,dpm2_log,"DPM-2 + corrector, log sigma",50,1,3,1.0,0.9972000122070312
uniform,sigma_log_dpm,"Sigma-space DPM-1, log sigma",10,1,4,0.0,0.0
uniform,sigma_log_dpm,"Sigma-space DPM-1, log sigma",10,1,4,0.1,0.07308000326156616
uniform,sigma_log_dpm,"Sigma-space DPM-1, log sigma",10,1,4,0.2,0.15070000290870667
uniform,sigma_log_dpm,"Sigma-space DPM-1, log sigma",10,1,4,0.30000000000000004,0.2322399914264679
uniform,sigma_log_dpm,"Sigma-space DPM-1, log sigma",10,1,4,0.4,0.3233199715614319
uniform,sigma_log_dpm,"Sigma-space DPM-1, log sigma",10,1,4,0.5,0.4152600169181824
uniform,sigma_log_dpm,"Sigma-space DPM-1, log sigma",10,1,4,0.6000000000000001,0.5103800296783447
uniform,sigma_log_dpm,"Sigma-space DPM-1, log sigma",10,1,4,0.7000000000000001,0.6222599744796753
uniform,sigma_log_dpm,"Sigma-space DPM-1, log sigma",10,1,4,0.8,0.7324199676513672
uniform,sigma_log_dpm,"Sigma-space DPM-1, log sigma",10,1,4,0.9,0.8530600070953369
uniform,sigma_log_dpm,"Sigma-space DPM-1, log sigma",10,1,4,1.0,0.9961999654769897
uniform,sigma_log_dpm,"Sigma-space DPM-1, log sigma",50,1,4,0.0,0.0
uniform,sigma_log_dpm,"Sigma-space DPM-1, log sigma",50,1,4,0.1,0.0731000006198883
uniform,sigma_log_dpm,"Sigma-space DPM-1, log sigma",50,1,4,0.2,0.1613599956035614
uniform,sigma_log_dpm,"Sigma-space DPM-1, log sigma",50,1,4,0.30000000000000004,0.25025999546051025
uniform,sigma_log_dpm,"Sigma-space DPM-1, log sigma",50,1,4,0.4,0.3281400203704834
uniform,sigma_log_dpm,"Sigma-space DPM-1, log sigma",50,1,4,0.5,0.40438002347946167
uniform,sigma_log_dpm,"Sigma-space DPM-1, log sigma",50,1,4,0.6000000000000001,0.4908599853515625
uniform,sigma_log_dpm,"Sigma-space DPM-1, log sigma",50,1,4,0.7000000000000001,0.6028199791908264
uniform,sigma_log_dpm,"Sigma-space DPM-1, log sigma",50,1,4,0.8,0.725820004940033
uniform,sigma_log_dpm,"Sigma-space DPM-1, log sigma",50,1,4,0.9,0.857200026512146
uniform,sigma_log_dpm,"Sigma-space DPM-1, log sigma",50,1,4,1.0,0.9944599866867065
uniform,dpm2_log,"DPM-2 + corrector, log sigma",10,1,4,0.0,0.0
uniform,dpm2_log,"DPM-2 + corrector, log sigma",10,1,4,0.1,0.1057400032877922
uniform,dpm2_log,"DPM-2 + corrector, log sigma",10,1,4,0.2,0.2034599930047989
uniform,dpm2_log,"DPM-2 + corrector, log sigma",10,1,4,0.30000000000000004,0.3169800043106079
uniform,dpm2_log,"DPM-2 + corrector, log sigma",10,1,4,0.4,0.41815999150276184
uniform,dpm2_log,"DPM-2 + corrector, log sigma",10,1,4,0.5,0.5264400243759155
uniform,dpm2_log,"DPM-2 + corrector, log sigma",10,1,4,0.6000000000000001,0.633139967918396
uniform,dpm2_log,"DPM-2 + corrector, log sigma",10,1,4,0.7000000000000001,0.7266600131988525
uniform,dpm2_log,"DPM-2 + corrector, log sigma",10,1,4,0.8,0.8214399814605713
uniform,dpm2_log,"DPM-2 + corrector, log sigma",10,1,4,0.9,0.9100199937820435
uniform,dpm2_log,"DPM-2 + corrector, log sigma",10,1,4,1.0,0.9998000264167786
uniform,dpm2_log,"DPM-2 + corrector, log sigma",50,1,4,0.0,0.0
uniform,dpm2_log,"DPM-2 + corrector, log sigma",50,1,4,0.1,0.11575999855995178
uniform,dpm2_log,"DPM-2 + corrector, log sigma",50,1,4,0.2,0.2153800129890442
uniform,dpm2_log,"DPM-2 + corrector, log sigma",50,1,4,0.30000000000000004,0.31731998920440674
uniform,dpm2_log,"DPM-2 + corrector, log sigma",50,1,4,0.4,0.4255800247192383
uniform,dpm2_log,"DPM-2 + corrector, log sigma",50,1,4,0.5,0.545740008354187
uniform,dpm2_log,"DPM-2 + corrector, log sigma",50,1,4,0.6000000000000001,0.6392599940299988
uniform,dpm2_log,"DPM-2 + corrector, log sigma",50,1,4,0.7000000000000001,0.7291399836540222
uniform,dpm2_log,"DPM-2 + corrector, log sigma",50,1,4,0.8,0.8154599666595459
uniform,dpm2_log,"DPM-2 + corrector, log sigma",50,1,4,0.9,0.9089599847793579
uniform,dpm2_log,"DPM-2 + corrector, log sigma",50,1,4,1.0,0.9994800090789795
uniform,sigma_log_dpm,"Sigma-space DPM-1, log sigma",10,1,5,0.0,0.0
uniform,sigma_log_dpm,"Sigma-space DPM-1, log sigma",10,1,5,0.1,0.07091999799013138
uniform,sigma_log_dpm,"Sigma-space DPM-1, log sigma",10,1,5,0.2,0.14900000393390656
uniform,sigma_log_dpm,"Sigma-space DPM-1, log sigma",10,1,5,0.30000000000000004,0.2205599844455719
uniform,sigma_log_dpm,"Sigma-space DPM-1, log sigma",10,1,5,0.4,0.288100004196167
uniform,sigma_log_dpm,"Sigma-space DPM-1, log sigma",10,1,5,0.5,0.36956000328063965
uniform,sigma_log_dpm,"Sigma-space DPM-1, log sigma",10,1,5,0.6000000000000001,0.4584199786186218
uniform,sigma_log_dpm,"Sigma-space DPM-1, log sigma",10,1,5,0.7000000000000001,0.5481399893760681
uniform,sigma_log_dpm,"Sigma-space DPM-1, log sigma",10,1,5,0.8,0.6618399620056152
uniform,sigma_log_dpm,"Sigma-space DPM-1, log sigma",10,1,5,0.9,0.7986199855804443
uniform,sigma_log_dpm,"Sigma-space DPM-1, log sigma",10,1,5,1.0,0.9944400191307068
uniform,sigma_log_dpm,"Sigma-space DPM-1, log sigma",50,1,5,0.0,0.0
uniform,sigma_log_dpm,"Sigma-space DPM-1, log sigma",50,1,5,0.1,0.065420001745224
uniform,sigma_log_dpm,"Sigma-space DPM-1, log sigma",50,1,5,0.2,0.127920001745224
uniform,sigma_log_dpm,"Sigma-space DPM-1, log sigma",50,1,5,0.30000000000000004,0.20066000521183014
uniform,sigma_log_dpm,"Sigma-space DPM-1, log sigma",50,1,5,0.4,0.2928600013256073
uniform,sigma_log_dpm,"Sigma-space DPM-1, log sigma",50,1,5,0.5,0.3829600214958191
uniform,sigma_log_dpm,"Sigma-space DPM-1, log sigma",50,1,5,0.6000000000000001,0.4754199981689453
uniform,sigma_log_dpm,"Sigma-space DPM-1, log sigma",50,1,5,0.7000000000000001,0.5673800110816956
uniform,sigma_log_dpm,"Sigma-space DPM-1, log sigma",50,1,5,0.8,0.6782200336456299
uniform,sigma_log_dpm,"Sigma-space DPM-1, log sigma",50,1,5,0.9,0.8057600259780884
uniform,sigma_log_dpm,"Sigma-space DPM-1, log sigma",50,1,5,1.0,0.9931399822235107
uniform,dpm2_log,"DPM-2 + corrector, log sigma",10,1,5,0.0,0.0
uniform,dpm2_log,"DPM-2 + corrector, log sigma",10,1,5,0.1,0.091559998691082
uniform,dpm2_log,"DPM-2 + corrector, log sigma",10,1,5,0.2,0.21243999898433685
uniform,dpm2_log,"DPM-2 + corrector, log sigma",10,1,5,0.30000000000000004,0.3070800006389618
uniform,dpm2_log,"DPM-2 + corrector, log sigma",10,1,5,0.4,0.4086199998855591
uniform,dpm2_log,"DPM-2 + corrector, log sigma",10,1,5,0.5,0.5118600130081177
uniform,dpm2_log,"DPM-2 + corrector, log sigma",10,1,5,0.6000000000000001,0.6024199724197388
uniform,dpm2_log,"DPM-2 + corrector, log sigma",10,1,5,0.7000000000000001,0.6994799971580505
uniform,dpm2_log,"DPM-2 + corrector, log sigma",10,1,5,0.8,0.8014999628067017
uniform,dpm2_log,"DPM-2 + corrector, log sigma",10,1,5,0.9,0.9146400094032288
uniform,dpm2_log,"DPM-2 + corrector, log sigma",10,1,5,1.0,0.9971799850463867
uniform,dpm2_log,"DPM-2 + corrector, log sigma",50,1,5,0.0,0.0
uniform,dpm2_log,"DPM-2 + corrector, log sigma",50,1,5,0.1,0.10597999393939972
uniform,dpm2_log,"DPM-2 + corrector, log sigma",50,1,5,0.2,0.2108599990606308
uniform,dpm2_log,"DPM-2 + corrector, log sigma",50,1,5,0.30000000000000004,0.3051599860191345
uniform,dpm2_log,"DPM-2 + corrector, log sigma",50,1,5,0.4,0.41176000237464905
uniform,dpm2_log,"DPM-2 + corrector, log sigma",50,1,5,0.5,0.516539990901947
uniform,dpm2_log,"DPM-2 + corrector, log sigma",50,1,5,0.6000000000000001,0.6171599626541138
uniform,dpm2_log,"DPM-2 + corrector, log sigma",50,1,5,0.7000000000000001,0.7114199995994568
uniform,dpm2_log,"DPM-2 + corrector, log sigma",50,1,5,0.8,0.8294999599456787
uniform,dpm2_log,"DPM-2 + corrector, log sigma",50,1,5,0.9,0.9170399904251099
uniform,dpm2_log,"DPM-2 + corrector, log sigma",50,1,5,1.0,0.9973999857902527
uniform,sigma_log_dpm,"Sigma-space DPM-1, log sigma",10,1,6,0.0,0.0
uniform,sigma_log_dpm,"Sigma-space DPM-1, log sigma",10,1,6,0.1,0.08274000138044357
uniform,sigma_log_dpm,"Sigma-space DPM-1, log sigma",10,1,6,0.2,0.1532599925994873
uniform,sigma_log_dpm,"Sigma-space DPM-1, log sigma",10,1,6,0.30000000000000004,0.24254000186920166
uniform,sigma_log_dpm,"Sigma-space DPM-1, log sigma",10,1,6,0.4,0.33055999875068665
uniform,sigma_log_dpm,"Sigma-space DPM-1, log sigma",10,1,6,0.5,0.41755998134613037
uniform,sigma_log_dpm,"Sigma-space DPM-1, log sigma",10,1,6,0.6000000000000001,0.5287399888038635
uniform,sigma_log_dpm,"Sigma-space DPM-1, log sigma",10,1,6,0.7000000000000001,0.6368399858474731
uniform,sigma_log_dpm,"Sigma-space DPM-1, log sigma",10,1,6,0.8,0.7505199909210205
uniform,sigma_log_dpm,"Sigma-space DPM-1, log sigma",10,1,6,0.9,0.8616399765014648
uniform,sigma_log_dpm,"Sigma-space DPM-1, log sigma",10,1,6,1.0,0.9991599917411804
uniform,sigma_log_dpm,"Sigma-space DPM-1, log sigma",50,1,6,0.0,0.0
uniform,sigma_log_dpm,"Sigma-space DPM-1, log sigma",50,1,6,0.1,0.07720000296831131
uniform,sigma_log_dpm,"Sigma-space DPM-1, log sigma",50,1,6,0.2,0.16418001055717468
uniform,sigma_log_dpm,"Sigma-space DPM-1, log sigma",50,1,6,0.30000000000000004,0.2512199878692627
uniform,sigma_log_dpm,"Sigma-space DPM-1, log sigma",50,1,6,0.4,0.34170001745224
uniform,sigma_log_dpm,"Sigma-space DPM-1, log sigma",50,1,6,0.5,0.4503999948501587
uniform,sigma_log_dpm,"Sigma-space DPM-1, log sigma",50,1,6,0.6000000000000001,0.5623199939727783
uniform,sigma_log_dpm,"Sigma-space DPM-1, log sigma",50,1,6,0.7000000000000001,0.6716600060462952
uniform,sigma_log_dpm,"Sigma-space DPM-1, log sigma",50,1,6,0.8,0.7675199508666992
uniform,sigma_log_dpm,"Sigma-space DPM-1, log sigma",50,1,6,0.9,0.8883799910545349
uniform,sigma_log_dpm,"Sigma-space DPM-1, log sigma",50,1,6,1.0,0.999019980430603
uniform,dpm2_log,"DPM-2 + corrector, log sigma",10,1,6,0.0,0.0
uniform,dpm2_log,"DPM-2 + corrector, log sigma",10,1,6,0.1,0.10335999727249146
uniform,dpm2_log,"DPM-2 + corrector, log sigma",10,1,6,0.2,0.21130000054836273
uniform,dpm2_log,"DPM-2 + corrector, log sigma",10,1,6,0.30000000000000004,0.32067999243736267
uniform,dpm2_log,"DPM-2 + corrector, log sigma",10,1,6,0.4,0.44015997648239136
uniform,dpm2_log,"DPM-2 + corrector, log sigma",10,1,6,0.5,0.5412600040435791
uniform,dpm2_log,"DPM-2 + corrector, log sigma",10,1,6,0.6000000000000001,0.637220025062561
uniform,dpm2_log,"DPM-2 + corrector, log sigma",10,1,6,0.7000000000000001,0.7324999570846558
uniform,dpm2_log,"DPM-2 + corrector, log sigma",10,1,6,0.8,0.8202600479125977
uniform,dpm2_log,"DPM-2 + corrector, log sigma",10,1,6,0.9,0.920259952545166
uniform,dpm2_log,"DPM-2 + corrector, log sigma",10,1,6,1.0,0.9999600052833557
uniform,dpm2_log,"DPM-2 + corrector, log sigma",50,1,6,0.0,0.0
uniform,dpm2_log,"DPM-2 + corrector, log sigma",50,1,6,0.1,0.12409999966621399
uniform,dpm2_log,"DPM-2 + corrector, log sigma",50,1,6,0.2,0.22891999781131744
uniform,dpm2_log,"DPM-2 + corrector, log sigma",50,1,6,0.30000000000000004,0.3372800052165985
uniform,dpm2_log,"DPM-2 + corrector, log sigma",50,1,6,0.4,0.43483999371528625
uniform,dpm2_log,"DPM-2 + corrector, log sigma",50,1,6,0.5,0.5420399904251099
uniform,dpm2_log,"DPM-2 + corrector, log sigma",50,1,6,0.6000000000000001,0.6625199913978577
uniform,dpm2_log,"DPM-2 + corrector, log sigma",50,1,6,0.7000000000000001,0.7694000005722046
uniform,dpm2_log,"DPM-2 + corrector, log sigma",50,1,6,0.8,0.860319972038269
uniform,dpm2_log,"DPM-2 + corrector, log sigma",50,1,6,0.9,0.9409199953079224
uniform,dpm2_log,"DPM-2 + corrector, log sigma",50,1,6,1.0,0.9996600151062012
uniform,sigma_log_dpm,"Sigma-space DPM-1, log sigma",10,1,7,0.0,0.0
uniform,sigma_log_dpm,"Sigma-space DPM-1, log sigma",10,1,7,0.1,0.08451999723911285
uniform,sigma_log_dpm,"Sigma-space DPM-1, log sigma",10,1,7,0.2,0.1922999918460846
uniform,sigma_log_dpm,"Sigma-space DPM-1, log sigma",10,1,7,0.30000000000000004,0.27469998598098755
uniform,sigma_log_dpm,"Sigma-space DPM-1, log sigma",10,1,7,0.4,0.35659998655319214
uniform,sigma_log_dpm,"Sigma-space DPM-1, log sigma",10,1,7,0.5,0.43018001317977905
uniform,sigma_log_dpm,"Sigma-space DPM-1, log sigma",10,1,7,0.6000000000000001,0.5056599974632263
uniform,sigma_log_dpm,"Sigma-space DPM-1, log sigma",10,1,7,0.7000000000000001,0.5712200403213501
uniform,sigma_log_dpm,"Sigma-space DPM-1, log sigma",10,1,7,0.8,0.6626600027084351
uniform,sigma_log_dpm,"Sigma-space DPM-1, log sigma",10,1,7,0.9,0.7704399824142456
uniform,sigma_log_dpm,"Sigma-space DPM-1, log sigma",10,1,7,1.0,0.9866000413894653
uniform,sigma_log_dpm,"Sigma-space DPM-1, log sigma",50,1,7,0.0,0.0
uniform,sigma_log_dpm,"Sigma-space DPM-1, log sigma",50,1,7,0.1,0.09775999933481216
uniform,sigma_log_dpm,"Sigma-space DPM-1, log sigma",50,1,7,0.2,0.18644000589847565
uniform,sigma_log_dpm,"Sigma-space DPM-1, log sigma",50,1,7,0.30000000000000004,0.2877599895000458
uniform,sigma_log_dpm,"Sigma-space DPM-1, log sigma",50,1,7,0.4,0.38725998997688293
uniform,sigma_log_dpm,"Sigma-space DPM-1, log sigma",50,1,7,0.5,0.46939998865127563
uniform,sigma_log_dpm,"Sigma-space DPM-1, log sigma",50,1,7,0.6000000000000001,0.5288800001144409
uniform,sigma_log_dpm,"Sigma-space DPM-1, log sigma",50,1,7,0.7000000000000001,0.593280017375946
uniform,sigma_log_dpm,"Sigma-space DPM-1, log sigma",50,1,7,0.8,0.672760009765625
uniform,sigma_log_dpm,"Sigma-space DPM-1, log sigma",50,1,7,0.9,0.777899980545044
uniform,sigma_log_dpm,"Sigma-space DPM-1, log sigma",50,1,7,1.0,0.9995599985122681
uniform,dpm2_log,"DPM-2 + corrector, log sigma",10,1,7,0.0,0.0
uniform,dpm2_log,"DPM-2 + corrector, log sigma",10,1,7,0.1,0.10155999660491943
uniform,dpm2_log,"DPM-2 + corrector, log sigma",10,1,7,0.2,0.1937600076198578
uniform,dpm2_log,"DPM-2 + corrector, log sigma",10,1,7,0.30000000000000004,0.3018600046634674
uniform,dpm2_log,"DPM-2 + corrector, log sigma",10,1,7,0.4,0.40619999170303345
uniform,dpm2_log,"DPM-2 + corrector, log sigma",10,1,7,0.5,0.5
uniform,dpm2_log,"DPM-2 + corrector, log sigma",10,1,7,0.6000000000000001,0.5904600024223328
uniform,dpm2_log,"DPM-2 + corrector, log sigma",10,1,7,0.7000000000000001,0.6673399806022644
uniform,dpm2_log,"DPM-2 + corrector, log sigma",10,1,7,0.8,0.7496600151062012
uniform,dpm2_log,"DPM-2 + corrector, log sigma",10,1,7,0.9,0.8780199885368347
uniform,dpm2_log,"DPM-2 + corrector, log sigma",10,1,7,1.0,0.999940037727356
uniform,dpm2_log,"DPM-2 + corrector, log sigma",50,1,7,0.0,0.0
uniform,dpm2_log,"DPM-2 + corrector, log sigma",50,1,7,0.1,0.10012000054121017
uniform,dpm2_log,"DPM-2 + corrector, log sigma",50,1,7,0.2,0.20871999859809875
uniform,dpm2_log,"DPM-2 + corrector, log sigma",50,1,7,0.30000000000000004,0.3158800005912781
uniform,dpm2_log,"DPM-2 + corrector, log sigma",50,1,7,0.4,0.4337199926376343
uniform,dpm2_log,"DPM-2 + corrector, log sigma",50,1,7,0.5,0.533519983291626
uniform,dpm2_log,"DPM-2 + corrector, log sigma",50,1,7,0.6000000000000001,0.6172800064086914
uniform,dpm2_log,"DPM-2 + corrector, log sigma",50,1,7,0.7000000000000001,0.7324600219726562
uniform,dpm2_log,"DPM-2 + corrector, log sigma",50,1,7,0.8,0.844980001449585
uniform,dpm2_log,"DPM-2 + corrector, log sigma",50,1,7,0.9,0.9192600250244141
uniform,dpm2_log,"DPM-2 + corrector, log sigma",50,1,7,1.0,0.9991799592971802
uniform,sigma_log_dpm,"Sigma-space DPM-1, log sigma",10,1,8,0.0,0.0
uniform,sigma_log_dpm,"Sigma-space DPM-1, log sigma",10,1,8,0.1,0.10481999814510345
uniform,sigma_log_dpm,"Sigma-space DPM-1, log sigma",10,1,8,0.2,0.1987600028514862
uniform,sigma_log_dpm,"Sigma-space DPM-1, log sigma",10,1,8,0.30000000000000004,0.3180600106716156
uniform,sigma_log_dpm,"Sigma-space DPM-1, log sigma",10,1,8,0.4,0.4147399961948395
uniform,sigma_log_dpm,"Sigma-space DPM-1, log sigma",10,1,8,0.5,0.5208200216293335
uniform,sigma_log_dpm,"Sigma-space DPM-1, log sigma",10,1,8,0.6000000000000001,0.6216399669647217
uniform,sigma_log_dpm,"Sigma-space DPM-1, log sigma",10,1,8,0.7000000000000001,0.7100399732589722
uniform,sigma_log_dpm,"Sigma-space DPM-1, log sigma",10,1,8,0.8,0.8023799657821655
uniform,sigma_log_dpm,"Sigma-space DPM-1, log sigma",10,1,8,0.9,0.906440019607544
uniform,sigma_log_dpm,"Sigma-space DPM-1, log sigma",10,1,8,1.0,0.9967399835586548
uniform,sigma_log_dpm,"Sigma-space DPM-1, log sigma",50,1,8,0.0,0.0
uniform,sigma_log_dpm,"Sigma-space DPM-1, log sigma",50,1,8,0.1,0.1116199940443039
uniform,sigma_log_dpm,"Sigma-space DPM-1, log sigma",50,1,8,0.2,0.21553999185562134
uniform,sigma_log_dpm,"Sigma-space DPM-1, log sigma",50,1,8,0.30000000000000004,0.33521997928619385
uniform,sigma_log_dpm,"Sigma-space DPM-1, log sigma",50,1,8,0.4,0.4510800242424011
uniform,sigma_log_dpm,"Sigma-space DPM-1, log sigma",50,1,8,0.5,0.5649999976158142
uniform,sigma_log_dpm,"Sigma-space DPM-1, log sigma",50,1,8,0.6000000000000001,0.661139965057373
uniform,sigma_log_dpm,"Sigma-space DPM-1, log sigma",50,1,8,0.7000000000000001,0.7391200065612793
uniform,sigma_log_dpm,"Sigma-space DPM-1, log sigma",50,1,8,0.8,0.8391200304031372
uniform,sigma_log_dpm,"Sigma-space DPM-1, log sigma",50,1,8,0.9,0.9293999671936035
uniform,sigma_log_dpm,"Sigma-space DPM-1, log sigma",50,1,8,1.0,0.9995399713516235
uniform,dpm2_log,"DPM-2 + corrector, log sigma",10,1,8,0.0,0.0
uniform,dpm2_log,"DPM-2 + corrector, log sigma",10,1,8,0.1,0.131740003824234
uniform,dpm2_log,"DPM-2 + corrector, log sigma",10,1,8,0.2,0.2500999867916107
uniform,dpm2_log,"DPM-2 + corrector, log sigma",10,1,8,0.30000000000000004,0.3679400086402893
uniform,dpm2_log,"DPM-2 + corrector, log sigma",10,1,8,0.4,0.4772599935531616
uniform,dpm2_log,"DPM-2 + corrector, log sigma",10,1,8,0.5,0.5933799743652344
uniform,dpm2_log,"DPM-2 + corrector, log sigma",10,1,8,0.6000000000000001,0.6884599924087524
uniform,dpm2_log,"DPM-2 + corrector, log sigma",10,1,8,0.7000000000000001,0.8037199974060059
uniform,dpm2_log,"DPM-2 + corrector, log sigma",10,1,8,0.8,0.8833799958229065
uniform,dpm2_log,"DPM-2 + corrector, log sigma",10,1,8,0.9,0.9443000555038452
uniform,dpm2_log,"DPM-2 + corrector, log sigma",10,1,8,1.0,1.0
uniform,dpm2_log,"DPM-2 + corrector, log sigma",50,1,8,0.0,0.0
uniform,dpm2_log,"DPM-2 + corrector, log sigma",50,1,8,0.1,0.1167600005865097
uniform,dpm2_log,"DPM-2 + corrector, log sigma",50,1,8,0.2,0.2375199943780899
uniform,dpm2_log,"DPM-2 + corrector, log sigma",50,1,8,0.30000000000000004,0.3472200036048889
uniform,dpm2_log,"DPM-2 + corrector, log sigma",50,1,8,0.4,0.45537999272346497
uniform,dpm2_log,"DPM-2 + corrector, log sigma",50,1,8,0.5,0.5753600001335144
uniform,dpm2_log,"DPM-2 + corrector, log sigma",50,1,8,0.6000000000000001,0.6934399604797363
uniform,dpm2_log,"DPM-2 + corrector, log sigma",50,1,8,0.7000000000000001,0.7899799942970276
uniform,dpm2_log,"DPM-2 + corrector, log sigma",50,1,8,0.8,0.8863199949264526
uniform,dpm2_log,"DPM-2 + corrector, log sigma",50,1,8,0.9,0.958359956741333
uniform,dpm2_log,"DPM-2 + corrector, log sigma",50,1,8,1.0,0.9999600052833557
uniform,sigma_log_dpm,"Sigma-space DPM-1, log sigma",10,1,9,0.0,0.0
uniform,sigma_log_dpm,"Sigma-space DPM-1, log sigma",10,1,9,0.1,0.10622000694274902
uniform,sigma_log_dpm,"Sigma-space DPM-1, log sigma",10,1,9,0.2,0.21435999870300293
uniform,sigma_log_dpm,"Sigma-space DPM-1, log sigma",10,1,9,0.30000000000000004,0.32704001665115356
uniform,sigma_log_dpm,"Sigma-space DPM-1, log sigma",10,1,9,0.4,0.43276000022888184
uniform,sigma_log_dpm,"Sigma-space DPM-1, log sigma",10,1,9,0.5,0.5610799789428711
uniform,sigma_log_dpm,"Sigma-space DPM-1, log sigma",10,1,9,0.6000000000000001,0.6790199875831604
uniform,sigma_log_dpm,"Sigma-space DPM-1, log sigma",10,1,9,0.7000000000000001,0.7719600200653076
uniform,sigma_log_dpm,"Sigma-space DPM-1, log sigma",10,1,9,0.8,0.8676600456237793
uniform,sigma_log_dpm,"Sigma-space DPM-1, log sigma",10,1,9,0.9,0.9501999616622925
uniform,sigma_log_dpm,"Sigma-space DPM-1, log sigma",10,1,9,1.0,0.9999600052833557
uniform,sigma_log_dpm,"Sigma-space DPM-1, log sigma",50,1,9,0.0,0.0
uniform,sigma_log_dpm,"Sigma-space DPM-1, log sigma",50,1,9,0.1,0.12652000784873962
uniform,sigma_log_dpm,"Sigma-space DPM-1, log sigma",50,1,9,0.2,0.2452400028705597
uniform,sigma_log_dpm,"Sigma-space DPM-1, log sigma",50,1,9,0.30000000000000004,0.3706200122833252
uniform,sigma_log_dpm,"Sigma-space DPM-1, log sigma",50,1,9,0.4,0.4963400065898895
uniform,sigma_log_dpm,"Sigma-space DPM-1, log sigma",50,1,9,0.5,0.6185599565505981
uniform,sigma_log_dpm,"Sigma-space DPM-1, log sigma",50,1,9,0.6000000000000001,0.7203199863433838
uniform,sigma_log_dpm,"Sigma-space DPM-1, log sigma",50,1,9,0.7000000000000001,0.8081200122833252
uniform,sigma_log_dpm,"Sigma-space DPM-1, log sigma",50,1,9,0.8,0.8911000490188599
uniform,sigma_log_dpm,"Sigma-space DPM-1, log sigma",50,1,9,0.9,0.9625399708747864
uniform,sigma_log_dpm,"Sigma-space DPM-1, log sigma",50,1,9,1.0,0.999940037727356
uniform,dpm2_log,"DPM-2 + corrector, log sigma",10,1,9,0.0,0.0
uniform,dpm2_log,"DPM-2 + corrector, log sigma",10,1,9,0.1,0.12703999876976013
uniform,dpm2_log,"DPM-2 + corrector, log sigma",10,1,9,0.2,0.22613999247550964
uniform,dpm2_log,"DPM-2 + corrector, log sigma",10,1,9,0.30000000000000004,0.3388800024986267
uniform,dpm2_log,"DPM-2 + corrector, log sigma",10,1,9,0.4,0.477620005607605
uniform,dpm2_log,"DPM-2 + corrector, log sigma",10,1,9,0.5,0.5827599763870239
uniform,dpm2_log,"DPM-2 + corrector, log sigma",10,1,9,0.6000000000000001,0.6939399838447571
uniform,dpm2_log,"DPM-2 + corrector, log sigma",10,1,9,0.7000000000000001,0.7946200370788574
uniform,dpm2_log,"DPM-2 + corrector, log sigma",10,1,9,0.8,0.8935999870300293
uniform,dpm2_log,"DPM-2 + corrector, log sigma",10,1,9,0.9,0.9677600264549255
uniform,dpm2_log,"DPM-2 + corrector, log sigma",10,1,9,1.0,0.9999799728393555
uniform,dpm2_log,"DPM-2 + corrector, log sigma",50,1,9,0.0,0.0
uniform,dpm2_log,"DPM-2 + corrector, log sigma",50,1,9,0.1,0.11202000081539154
uniform,dpm2_log,"DPM-2 + corrector, log sigma",50,1,9,0.2,0.2148599922657013
uniform,dpm2_log,"DPM-2 + corrector, log sigma",50,1,9,0.30000000000000004,0.3358199894428253
uniform,dpm2_log,"DPM-2 + corrector, log sigma",50,1,9,0.4,0.4552599787712097
uniform,dpm2_log,"DPM-2 + corrector, log sigma",50,1,9,0.5,0.567579984664917
uniform,dpm2_log,"DPM-2 + corrector, log sigma",50,1,9,0.6000000000000001,0.6733800172805786
uniform,dpm2_log,"DPM-2 + corrector, log sigma",50,1,9,0.7000000000000001,0.7729400396347046
uniform,dpm2_log,"DPM-2 + corrector, log sigma",50,1,9,0.8,0.8659999966621399
uniform,dpm2_log,"DPM-2 + corrector, log sigma",50,1,9,0.9,0.947219967842102
uniform,dpm2_log,"DPM-2 + corrector, log sigma",50,1,9,1.0,0.9991600513458252
uniform,sigma_log_dpm,"Sigma-space DPM-1, log sigma",10,1,10,0.0,0.0
uniform,sigma_log_dpm,"Sigma-space DPM-1, log sigma",10,1,10,0.1,0.0733800008893013
uniform,sigma_log_dpm,"Sigma-space DPM-1, log sigma",10,1,10,0.2,0.14447999000549316
uniform,sigma_log_dpm,"Sigma-space DPM-1, log sigma",10,1,10,0.30000000000000004,0.20273999869823456
uniform,sigma_log_dpm,"Sigma-space DPM-1, log sigma",10,1,10,0.4,0.281139999628067
uniform,sigma_log_dpm,"Sigma-space DPM-1, log sigma",10,1,10,0.5,0.36444002389907837
uniform,sigma_log_dpm,"Sigma-space DPM-1, log sigma",10,1,10,0.6000000000000001,0.46432000398635864
uniform,sigma_log_dpm,"Sigma-space DPM-1, log sigma",10,1,10,0.7000000000000001,0.5631200075149536
uniform,sigma_log_dpm,"Sigma-space DPM-1, log sigma",10,1,10,0.8,0.6710600256919861
uniform,sigma_log_dpm,"Sigma-space DPM-1, log sigma",10,1,10,0.9,0.8072199821472168
uniform,sigma_log_dpm,"Sigma-space DPM-1, log sigma",10,1,10,1.0,0.9973000288009644
uniform,sigma_log_dpm,"Sigma-space DPM-1, log sigma",50,1,10,0.0,0.0
uniform,sigma_log_dpm,"Sigma-space DPM-1, log sigma",50,1,10,0.1,0.061319999396800995
uniform,sigma_log_dpm,"Sigma-space DPM-1, log sigma",50,1,10,0.2,0.11726000159978867
uniform,sigma_log_dpm,"Sigma-space DPM-1, log sigma",50,1,10,0.30000000000000004,0.18615999817848206
uniform,sigma_log_dpm,"Sigma-space DPM-1, log sigma",50,1,10,0.4,0.25525999069213867
uniform,sigma_log_dpm,"Sigma-space DPM-1, log sigma",50,1,10,0.5,0.3266599774360657
uniform,sigma_log_dpm,"Sigma-space DPM-1, log sigma",50,1,10,0.6000000000000001,0.43772000074386597
uniform,sigma_log_dpm,"Sigma-space DPM-1, log sigma",50,1,10,0.7000000000000001,0.5420999526977539
uniform,sigma_log_dpm,"Sigma-space DPM-1, log sigma",50,1,10,0.8,0.65420001745224
uniform,sigma_log_dpm,"Sigma-space DPM-1, log sigma",50,1,10,0.9,0.8123199939727783
uniform,sigma_log_dpm,"Sigma-space DPM-1, log sigma",50,1,10,1.0,0.991159975528717
uniform,dpm2_log,"DPM-2 + corrector, log sigma",10,1,10,0.0,0.0
uniform,dpm2_log,"DPM-2 + corrector, log sigma",10,1,10,0.1,0.0914199948310852
uniform,dpm2_log,"DPM-2 + corrector, log sigma",10,1,10,0.2,0.18174000084400177
uniform,dpm2_log,"DPM-2 + corrector, log sigma",10,1,10,0.30000000000000004,0.2847200036048889
uniform,dpm2_log,"DPM-2 + corrector, log sigma",10,1,10,0.4,0.3658599853515625
uniform,dpm2_log,"DPM-2 + corrector, log sigma",10,1,10,0.5,0.45631998777389526
uniform,dpm2_log,"DPM-2 + corrector, log sigma",10,1,10,0.6000000000000001,0.5596399903297424
uniform,dpm2_log,"DPM-2 + corrector, log sigma",10,1,10,0.7000000000000001,0.6646000146865845
uniform,dpm2_log,"DPM-2 + corrector, log sigma",10,1,10,0.8,0.7630000114440918
uniform,dpm2_log,"DPM-2 + corrector, log sigma",10,1,10,0.9,0.8845400214195251
uniform,dpm2_log,"DPM-2 + corrector, log sigma",10,1,10,1.0,0.999779999256134
uniform,dpm2_log,"DPM-2 + corrector, log sigma",50,1,10,0.0,0.0
uniform,dpm2_log,"DPM-2 + corrector, log sigma",50,1,10,0.1,0.10211999714374542
uniform,dpm2_log,"DPM-2 + corrector, log sigma",50,1,10,0.2,0.18779999017715454
uniform,dpm2_log,"DPM-2 + corrector, log sigma",50,1,10,0.30000000000000004,0.2824999988079071
uniform,dpm2_log,"DPM-2 + corrector, log sigma",50,1,10,0.4,0.3751000165939331
uniform,dpm2_log,"DPM-2 + corrector, log sigma",50,1,10,0.5,0.47435998916625977
uniform,dpm2_log,"DPM-2 + corrector, log sigma",50,1,10,0.6000000000000001,0.5655200481414795
uniform,dpm2_log,"DPM-2 + corrector, log sigma",50,1,10,0.7000000000000001,0.6640399694442749
uniform,dpm2_log,"DPM-2 + corrector, log sigma",50,1,10,0.8,0.7609000205993652
uniform,dpm2_log,"DPM-2 + corrector, log sigma",50,1,10,0.9,0.8846399784088135
uniform,dpm2_log,"DPM-2 + corrector, log sigma",50,1,10,1.0,0.9995399713516235
uniform,sigma_log_dpm,"Sigma-space DPM-1, log sigma",10,1,11,0.0,0.0
uniform,sigma_log_dpm,"Sigma-space DPM-1, log sigma",10,1,11,0.1,0.10514000058174133
uniform,sigma_log_dpm,"Sigma-space DPM-1, log sigma",10,1,11,0.2,0.1917400062084198
uniform,sigma_log_dpm,"Sigma-space DPM-1, log sigma",10,1,11,0.30000000000000004,0.29708001017570496
uniform,sigma_log_dpm,"Sigma-space DPM-1, log sigma",10,1,11,0.4,0.387719988822937
uniform,sigma_log_dpm,"Sigma-space DPM-1, log sigma",10,1,11,0.5,0.4992600083351135
uniform,sigma_log_dpm,"Sigma-space DPM-1, log sigma",10,1,11,0.6000000000000001,0.5777999758720398
uniform,sigma_log_dpm,"Sigma-space DPM-1, log sigma",10,1,11,0.7000000000000001,0.6785399913787842
uniform,sigma_log_dpm,"Sigma-space DPM-1, log sigma",10,1,11,0.8,0.7668399810791016
uniform,sigma_log_dpm,"Sigma-space DPM-1, log sigma",10,1,11,0.9,0.8911200165748596
uniform,sigma_log_dpm,"Sigma-space DPM-1, log sigma",10,1,11,1.0,0.9988399744033813
uniform,sigma_log_dpm,"Sigma-space DPM-1, log sigma",50,1,11,0.0,0.0
uniform,sigma_log_dpm,"Sigma-space DPM-1, log sigma",50,1,11,0.1,0.10920000076293945
uniform,sigma_log_dpm,"Sigma-space DPM-1, log sigma",50,1,11,0.2,0.22699999809265137
uniform,sigma_log_dpm,"Sigma-space DPM-1, log sigma",50,1,11,0.30000000000000004,0.356220006942749
uniform,sigma_log_dpm,"Sigma-space DPM-1, log sigma",50,1,11,0.4,0.4484599828720093
uniform,sigma_log_dpm,"Sigma-space DPM-1, log sigma",50,1,11,0.5,0.5569000244140625
uniform,sigma_log_dpm,"Sigma-space DPM-1, log sigma",50,1,11,0.6000000000000001,0.642520010471344
uniform,sigma_log_dpm,"Sigma-space DPM-1, log sigma",50,1,11,0.7000000000000001,0.7313200235366821
uniform,sigma_log_dpm,"Sigma-space DPM-1, log sigma",50,1,11,0.8,0.8409000039100647
uniform,sigma_log_dpm,"Sigma-space DPM-1, log sigma",50,1,11,0.9,0.9216799736022949
uniform,sigma_log_dpm,"Sigma-space DPM-1, log sigma",50,1,11,1.0,0.999019980430603
uniform,dpm2_log,"DPM-2 + corrector, log sigma",10,1,11,0.0,0.0
uniform,dpm2_log,"DPM-2 + corrector, log sigma",10,1,11,0.1,0.11791999638080597
uniform,dpm2_log,"DPM-2 + corrector, log sigma",10,1,11,0.2,0.23732000589370728
uniform,dpm2_log,"DPM-2 + corrector, log sigma",10,1,11,0.30000000000000004,0.35773998498916626
uniform,dpm2_log,"DPM-2 + corrector, log sigma",10,1,11,0.4,0.4774399995803833
uniform,dpm2_log,"DPM-2 + corrector, log sigma",10,1,11,0.5,0.5863399505615234
uniform,dpm2_log,"DPM-2 + corrector, log sigma",10,1,11,0.6000000000000001,0.6983000040054321
uniform,dpm2_log,"DPM-2 + corrector, log sigma",10,1,11,0.7000000000000001,0.7823399901390076
uniform,dpm2_log,"DPM-2 + corrector, log sigma",10,1,11,0.8,0.868939995765686
uniform,dpm2_log,"DPM-2 + corrector, log sigma",10,1,11,0.9,0.9499800205230713
uniform,dpm2_log,"DPM-2 + corrector, log sigma",10,1,11,1.0,0.9998599886894226
uniform,dpm2_log,"DPM-2 + corrector, log sigma",50,1,11,0.0,0.0
uniform,dpm2_log,"DPM-2 + corrector, log sigma",50,1,11,0.1,0.11959999799728394
uniform,dpm2_log,"DPM-2 + corrector, log sigma",50,1,11,0.2,0.25
uniform,dpm2_log,"DPM-2 + corrector, log sigma",50,1,11,0.30000000000000004,0.36146000027656555
uniform,dpm2_log,"DPM-2 + corrector, log sigma",50,1,11,0.4,0.45396000146865845
uniform,dpm2_log,"DPM-2 + corrector, log sigma",50,1,11,0.5,0.5643199682235718
uniform,dpm2_log,"DPM-2 + corrector, log sigma",50,1,11,0.6000000000000001,0.6704199910163879
uniform,dpm2_log,"DPM-2 + corrector, log sigma",50,1,11,0.7000000000000001,0.7572399973869324
uniform,dpm2_log,"DPM-2 + corrector, log sigma",50,1,11,0.8,0.8628600239753723
uniform,dpm2_log,"DPM-2 + corrector, log sigma",50,1,11,0.9,0.9485800266265869
uniform,dpm2_log,"DPM-2 + corrector, log sigma",50,1,11,1.0,0.9994199872016907
uniform,sigma_log_dpm,"Sigma-space DPM-1, log sigma",10,1,12,0.0,0.0
uniform,sigma_log_dpm,"Sigma-space DPM-1, log sigma",10,1,12,0.1,0.10060000419616699
uniform,sigma_log_dpm,"Sigma-space DPM-1, log sigma",10,1,12,0.2,0.20443999767303467
uniform,sigma_log_dpm,"Sigma-space DPM-1, log sigma",10,1,12,0.30000000000000004,0.3001199960708618
uniform,sigma_log_dpm,"Sigma-space DPM-1, log sigma",10,1,12,0.4,0.38283997774124146
uniform,sigma_log_dpm,"Sigma-space DPM-1, log sigma",10,1,12,0.5,0.4720200002193451
uniform,sigma_log_dpm,"Sigma-space DPM-1, log sigma",10,1,12,0.6000000000000001,0.5667600035667419
uniform,sigma_log_dpm,"Sigma-space DPM-1, log sigma",10,1,12,0.7000000000000001,0.6649999618530273
uniform,sigma_log_dpm,"Sigma-space DPM-1, log sigma",10,1,12,0.8,0.7678200006484985
uniform,sigma_log_dpm,"Sigma-space DPM-1, log sigma",10,1,12,0.9,0.866379976272583
uniform,sigma_log_dpm,"Sigma-space DPM-1, log sigma",10,1,12,1.0,0.9873000383377075
uniform,sigma_log_dpm,"Sigma-space DPM-1, log sigma",50,1,12,0.0,0.0
uniform,sigma_log_dpm,"Sigma-space DPM-1, log sigma",50,1,12,0.1,0.0891599953174591
uniform,sigma_log_dpm,"Sigma-space DPM-1, log sigma",50,1,12,0.2,0.192440003156662
uniform,sigma_log_dpm,"Sigma-space DPM-1, log sigma",50,1,12,0.30000000000000004,0.293040007352829
uniform,sigma_log_dpm,"Sigma-space DPM-1, log sigma",50,1,12,0.4,0.39932000637054443
uniform,sigma_log_dpm,"Sigma-space DPM-1, log sigma",50,1,12,0.5,0.4928799867630005
uniform,sigma_log_dpm,"Sigma-space DPM-1, log sigma",50,1,12,0.6000000000000001,0.5886800289154053
uniform,sigma_log_dpm,"Sigma-space DPM-1, log sigma",50,1,12,0.7000000000000001,0.6675800085067749
uniform,sigma_log_dpm,"Sigma-space DPM-1, log sigma",50,1,12,0.8,0.7618800401687622
uniform,sigma_log_dpm,"Sigma-space DPM-1, log sigma",50,1,12,0.9,0.8673000335693359
uniform,sigma_log_dpm,"Sigma-space DPM-1, log sigma",50,1,12,1.0,0.9935799837112427
uniform,dpm2_log,"DPM-2 + corrector, log sigma",10,1,12,0.0,0.0
uniform,dpm2_log,"DPM-2 + corrector, log sigma",10,1,12,0.1,0.1272599995136261
uniform,dpm2_log,"DPM-2 + corrector, log sigma",10,1,12,0.2,0.25261998176574707
uniform,dpm2_log,"DPM-2 + corrector, log sigma",10,1,12,0.30000000000000004,0.3613399863243103
uniform,dpm2_log,"DPM-2 + corrector, log sigma",10,1,12,0.4,0.46838000416755676
uniform,dpm2_log,"DPM-2 + corrector, log sigma",10,1,12,0.5,0.5924599766731262
uniform,dpm2_log,"DPM-2 + corrector, log sigma",10,1,12,0.6000000000000001,0.686519980430603
uniform,dpm2_log,"DPM-2 + corrector, log sigma",10,1,12,0.7000000000000001,0.7741199731826782
uniform,dpm2_log,"DPM-2 + corrector, log sigma",10,1,12,0.8,0.8466399908065796
uniform,dpm2_log,"DPM-2 + corrector, log sigma",10,1,12,0.9,0.9148800373077393
uniform,dpm2_log,"DPM-2 + corrector, log sigma",10,1,12,1.0,0.9989800453186035
uniform,dpm2_log,"DPM-2 + corrector, log sigma",50,1,12,0.0,0.0
uniform,dpm2_log,"DPM-2 + corrector, log sigma",50,1,12,0.1,0.10590000450611115
uniform,dpm2_log,"DPM-2 + corrector, log sigma",50,1,12,0.2,0.21399998664855957
uniform,dpm2_log,"DPM-2 + corrector, log sigma",50,1,12,0.30000000000000004,0.30949997901916504
uniform,dpm2_log,"DPM-2 + corrector, log sigma",50,1,12,0.4,0.4301999807357788
uniform,dpm2_log,"DPM-2 + corrector, log sigma",50,1,12,0.5,0.5410000085830688
uniform,dpm2_log,"DPM-2 + corrector, log sigma",50,1,12,0.6000000000000001,0.6459200382232666
uniform,dpm2_log,"DPM-2 + corrector, log sigma",50,1,12,0.7000000000000001,0.7602999806404114
uniform,dpm2_log,"DPM-2 + corrector, log sigma",50,1,12,0.8,0.8507599830627441
uniform,dpm2_log,"DPM-2 + corrector, log sigma",50,1,12,0.9,0.9487600326538086
uniform,dpm2_log,"DPM-2 + corrector, log sigma",50,1,12,1.0,0.9988200068473816
uniform,sigma_log_dpm,"Sigma-space DPM-1, log sigma",10,1,13,0.0,0.0
uniform,sigma_log_dpm,"Sigma-space DPM-1, log sigma",10,1,13,0.1,0.1077599972486496
uniform,sigma_log_dpm,"Sigma-space DPM-1, log sigma",10,1,13,0.2,0.21459999680519104
uniform,sigma_log_dpm,"Sigma-space DPM-1, log sigma",10,1,13,0.30000000000000004,0.33042001724243164
uniform,sigma_log_dpm,"Sigma-space DPM-1, log sigma",10,1,13,0.4,0.4498000144958496
uniform,sigma_log_dpm,"Sigma-space DPM-1, log sigma",10,1,13,0.5,0.5485000014305115
uniform,sigma_log_dpm,"Sigma-space DPM-1, log sigma",10,1,13,0.6000000000000001,0.6646000146865845
uniform,sigma_log_dpm,"Sigma-space DPM-1, log sigma",10,1,13,0.7000000000000001,0.7450000047683716
uniform,sigma_log_dpm,"Sigma-space DPM-1, log sigma",10,1,13,0.8,0.862500011920929
uniform,sigma_log_dpm,"Sigma-space DPM-1, log sigma",10,1,13,0.9,0.9567999839782715
uniform,sigma_log_dpm,"Sigma-space DPM-1, log sigma",10,1,13,1.0,0.9998600482940674
uniform,sigma_log_dpm,"Sigma-space DPM-1, log sigma",50,1,13,0.0,0.0
uniform,sigma_log_dpm,"Sigma-space DPM-1, log sigma",50,1,13,0.1,0.1151600033044815
uniform,sigma_log_dpm,"Sigma-space DPM-1, log sigma",50,1,13,0.2,0.22595998644828796
uniform,sigma_log_dpm,"Sigma-space DPM-1, log sigma",50,1,13,0.30000000000000004,0.34209999442100525
uniform,sigma_log_dpm,"Sigma-space DPM-1, log sigma",50,1,13,0.4,0.44884002208709717
uniform,sigma_log_dpm,"Sigma-space DPM-1, log sigma",50,1,13,0.5,0.5630600452423096
uniform,sigma_log_dpm,"Sigma-space DPM-1, log sigma",50,1,13,0.6000000000000001,0.6867400407791138
uniform,sigma_log_dpm,"Sigma-space DPM-1, log sigma",50,1,13,0.7000000000000001,0.7864199876785278
uniform,sigma_log_dpm,"Sigma-space DPM-1, log sigma",50,1,13,0.8,0.8942400217056274
uniform,sigma_log_dpm,"Sigma-space DPM-1, log sigma",50,1,13,0.9,0.9618799686431885
uniform,sigma_log_dpm,"Sigma-space DPM-1, log sigma",50,1,13,1.0,1.0
uniform,dpm2_log,"DPM-2 + corrector, log sigma",10,1,13,0.0,0.0
uniform,dpm2_log,"DPM-2 + corrector, log sigma",10,1,13,0.1,0.12233999371528625
uniform,dpm2_log,"DPM-2 + corrector, log sigma",10,1,13,0.2,0.2594200074672699
uniform,dpm2_log,"DPM-2 + corrector, log sigma",10,1,13,0.30000000000000004,0.3677400052547455
uniform,dpm2_log,"DPM-2 + corrector, log sigma",10,1,13,0.4,0.47648000717163086
uniform,dpm2_log,"DPM-2 + corrector, log sigma",10,1,13,0.5,0.5881999731063843
uniform,dpm2_log,"DPM-2 + corrector, log sigma",10,1,13,0.6000000000000001,0.6936600208282471
uniform,dpm2_log,"DPM-2 + corrector, log sigma",10,1,13,0.7000000000000001,0.8123800158500671
uniform,dpm2_log,"DPM-2 + corrector, log sigma",10,1,13,0.8,0.899899959564209
uniform,dpm2_log,"DPM-2 + corrector, log sigma",10,1,13,0.9,0.9645799994468689
uniform,dpm2_log,"DPM-2 + corrector, log sigma",10,1,13,1.0,0.999940037727356
uniform,dpm2_log,"DPM-2 + corrector, log sigma",50,1,13,0.0,0.0
uniform,dpm2_log,"DPM-2 + corrector, log sigma",50,1,13,0.1,0.1151600033044815
uniform,dpm2_log,"DPM-2 + corrector, log sigma",50,1,13,0.2,0.24979999661445618
uniform,dpm2_log,"DPM-2 + corrector, log sigma",50,1,13,0.30000000000000004,0.3616200089454651
uniform,dpm2_log,"DPM-2 + corrector, log sigma",50,1,13,0.4,0.478300005197525
uniform,dpm2_log,"DPM-2 + corrector, log sigma",50,1,13,0.5,0.5813999772071838
uniform,dpm2_log,"DPM-2 + corrector, log sigma",50,1,13,0.6000000000000001,0.6830800175666809
uniform,dpm2_log,"DPM-2 + corrector, log sigma",50,1,13,0.7000000000000001,0.7877600193023682
uniform,dpm2_log,"DPM-2 + corrector, log sigma",50,1,13,0.8,0.8803399801254272
uniform,dpm2_log,"DPM-2 + corrector, log sigma",50,1,13,0.9,0.953819990158081
uniform,dpm2_log,"DPM-2 + corrector, log sigma",50,1,13,1.0,0.9999600052833557
uniform,sigma_log_dpm,"Sigma-space DPM-1, log sigma",10,1,14,0.0,0.0
uniform,sigma_log_dpm,"Sigma-space DPM-1, log sigma",10,1,14,0.1,0.08404000103473663
uniform,sigma_log_dpm,"Sigma-space DPM-1, log sigma",10,1,14,0.2,0.16949999332427979
uniform,sigma_log_dpm,"Sigma-space DPM-1, log sigma",10,1,14,0.30000000000000004,0.23815999925136566
uniform,sigma_log_dpm,"Sigma-space DPM-1, log sigma",10,1,14,0.4,0.32899999618530273
uniform,sigma_log_dpm,"Sigma-space DPM-1, log sigma",10,1,14,0.5,0.41694000363349915
uniform,sigma_log_dpm,"Sigma-space DPM-1, log sigma",10,1,14,0.6000000000000001,0.522320032119751
uniform,sigma_log_dpm,"Sigma-space DPM-1, log sigma",10,1,14,0.7000000000000001,0.6395599842071533
uniform,sigma_log_dpm,"Sigma-space DPM-1, log sigma",10,1,14,0.8,0.7255799770355225
uniform,sigma_log_dpm,"Sigma-space DPM-1, log sigma",10,1,14,0.9,0.8418200016021729
uniform,sigma_log_dpm,"Sigma-space DPM-1, log sigma",10,1,14,1.0,0.9970999956130981
uniform,sigma_log_dpm,"Sigma-space DPM-1, log sigma",50,1,14,0.0,0.0
uniform,sigma_log_dpm,"Sigma-space DPM-1, log sigma",50,1,14,0.1,0.07807999849319458
uniform,sigma_log_dpm,"Sigma-space DPM-1, log sigma",50,1,14,0.2,0.1662999987602234
uniform,sigma_log_dpm,"Sigma-space DPM-1, log sigma",50,1,14,0.30000000000000004,0.2539200186729431
uniform,sigma_log_dpm,"Sigma-space DPM-1, log sigma",50,1,14,0.4,0.33935999870300293
uniform,sigma_log_dpm,"Sigma-space DPM-1, log sigma",50,1,14,0.5,0.4553000032901764
uniform,sigma_log_dpm,"Sigma-space DPM-1, log sigma",50,1,14,0.6000000000000001,0.5666799545288086
uniform,sigma_log_dpm,"Sigma-space DPM-1, log sigma",50,1,14,0.7000000000000001,0.6586800217628479
uniform,sigma_log_dpm,"Sigma-space DPM-1, log sigma",50,1,14,0.8,0.7747999429702759
uniform,sigma_log_dpm,"Sigma-space DPM-1, log sigma",50,1,14,0.9,0.8997399806976318
uniform,sigma_log_dpm,"Sigma-space DPM-1, log sigma",50,1,14,1.0,0.9978599548339844
uniform,dpm2_log,"DPM-2 + corrector, log sigma",10,1,14,0.0,0.0
uniform,dpm2_log,"DPM-2 + corrector, log sigma",10,1,14,0.1,0.09554000198841095
uniform,dpm2_log,"DPM-2 + corrector, log sigma",10,1,14,0.2,0.19169999659061432
uniform,dpm2_log,"DPM-2 + corrector, log sigma",10,1,14,0.30000000000000004,0.2944999933242798
uniform,dpm2_log,"DPM-2 + corrector, log sigma",10,1,14,0.4,0.39535999298095703
uniform,dpm2_log,"DPM-2 + corrector, log sigma",10,1,14,0.5,0.500499963760376
uniform,dpm2_log,"DPM-2 + corrector, log sigma",10,1,14,0.6000000000000001,0.622480034828186
uniform,dpm2_log,"DPM-2 + corrector, log sigma",10,1,14,0.7000000000000001,0.7254800200462341
uniform,dpm2_log,"DPM-2 + corrector, log sigma",10,1,14,0.8,0.8355599641799927
uniform,dpm2_log,"DPM-2 + corrector, log sigma",10,1,14,0.9,0.9316400289535522
uniform,dpm2_log,"DPM-2 + corrector, log sigma",10,1,14,1.0,0.9990600347518921
uniform,dpm2_log,"DPM-2 + corrector, log sigma",50,1,14,0.0,0.0
uniform,dpm2_log,"DPM-2 + corrector, log sigma",50,1,14,0.1,0.1056400015950203
uniform,dpm2_log,"DPM-2 + corrector, log sigma",50,1,14,0.2,0.20829999446868896
uniform,dpm2_log,"DPM-2 + corrector, log sigma",50,1,14,0.30000000000000004,0.331059992313385
uniform,dpm2_log,"DPM-2 + corrector, log sigma",50,1,14,0.4,0.44600000977516174
uniform,dpm2_log,"DPM-2 + corrector, log sigma",50,1,14,0.5,0.5387799739837646
uniform,dpm2_log,"DPM-2 + corrector, log sigma",50,1,14,0.6000000000000001,0.6492199897766113
uniform,dpm2_log,"DPM-2 + corrector, log sigma",50,1,14,0.7000000000000001,0.754040002822876
uniform,dpm2_log,"DPM-2 + corrector, log sigma",50,1,14,0.8,0.8478800058364868
uniform,dpm2_log,"DPM-2 + corrector, log sigma",50,1,14,0.9,0.9331799745559692
uniform,dpm2_log,"DPM-2 + corrector, log sigma",50,1,14,1.0,0.9994000196456909
uniform,sigma_log_dpm,"Sigma-space DPM-1, log sigma",10,1,15,0.0,0.0
uniform,sigma_log_dpm,"Sigma-space DPM-1, log sigma",10,1,15,0.1,0.11342000216245651
uniform,sigma_log_dpm,"Sigma-space DPM-1, log sigma",10,1,15,0.2,0.22527998685836792
uniform,sigma_log_dpm,"Sigma-space DPM-1, log sigma",10,1,15,0.30000000000000004,0.3317999839782715
uniform,sigma_log_dpm,"Sigma-space DPM-1, log sigma",10,1,15,0.4,0.44492000341415405
uniform,sigma_log_dpm,"Sigma-space DPM-1, log sigma",10,1,15,0.5,0.5338000059127808
uniform,sigma_log_dpm,"Sigma-space DPM-1, log sigma",10,1,15,0.6000000000000001,0.643559992313385
uniform,sigma_log_dpm,"Sigma-space DPM-1, log sigma",10,1,15,0.7000000000000001,0.7442399859428406
uniform,sigma_log_dpm,"Sigma-space DPM-1, log sigma",10,1,15,0.8,0.858680009841919
uniform,sigma_log_dpm,"Sigma-space DPM-1, log sigma",10,1,15,0.9,0.9428000450134277
uniform,sigma_log_dpm,"Sigma-space DPM-1, log sigma",10,1,15,1.0,0.9993000030517578
uniform,sigma_log_dpm,"Sigma-space DPM-1, log sigma",50,1,15,0.0,0.0
uniform,sigma_log_dpm,"Sigma-space DPM-1, log sigma",50,1,15,0.1,0.11751999706029892
uniform,sigma_log_dpm,"Sigma-space DPM-1, log sigma",50,1,15,0.2,0.23447999358177185
uniform,sigma_log_dpm,"Sigma-space DPM-1, log sigma",50,1,15,0.30000000000000004,0.3489599823951721
uniform,sigma_log_dpm,"Sigma-space DPM-1, log sigma",50,1,15,0.4,0.45357999205589294
uniform,sigma_log_dpm,"Sigma-space DPM-1, log sigma",50,1,15,0.5,0.5743600130081177
uniform,sigma_log_dpm,"Sigma-space DPM-1, log sigma",50,1,15,0.6000000000000001,0.6827399730682373
uniform,sigma_log_dpm,"Sigma-space DPM-1, log sigma",50,1,15,0.7000000000000001,0.784559965133667
uniform,sigma_log_dpm,"Sigma-space DPM-1, log sigma",50,1,15,0.8,0.8829399943351746
uniform,sigma_log_dpm,"Sigma-space DPM-1, log sigma",50,1,15,0.9,0.9555200338363647
uniform,sigma_log_dpm,"Sigma-space DPM-1, log sigma",50,1,15,1.0,0.9995800256729126
uniform,dpm2_log,"DPM-2 + corrector, log sigma",10,1,15,0.0,0.0
uniform,dpm2_log,"DPM-2 + corrector, log sigma",10,1,15,0.1,0.12333999574184418
uniform,dpm2_log,"DPM-2 + corrector, log sigma",10,1,15,0.2,0.2532399892807007
uniform,dpm2_log,"DPM-2 + corrector, log sigma",10,1,15,0.30000000000000004,0.36114001274108887
uniform,dpm2_log,"DPM-2 + corrector, log sigma",10,1,15,0.4,0.4803599715232849
uniform,dpm2_log,"DPM-2 + corrector, log sigma",10,1,15,0.5,0.597100019454956
uniform,dpm2_log,"DPM-2 + corrector, log sigma",10,1,15,0.6000000000000001,0.7248799800872803
uniform,dpm2_log,"DPM-2 + corrector, log sigma",10,1,15,0.7000000000000001,0.8039599657058716
uniform,dpm2_log,"DPM-2 + corrector, log sigma",10,1,15,0.8,0.8924399614334106
uniform,dpm2_log,"DPM-2 + corrector, log sigma",10,1,15,0.9,0.9590200185775757
uniform,dpm2_log,"DPM-2 + corrector, log sigma",10,1,15,1.0,0.9995200037956238
uniform,dpm2_log,"DPM-2 + corrector, log sigma",50,1,15,0.0,0.0
uniform,dpm2_log,"DPM-2 + corrector, log sigma",50,1,15,0.1,0.10862000286579132
uniform,dpm2_log,"DPM-2 + corrector, log sigma",50,1,15,0.2,0.23928000032901764
uniform,dpm2_log,"DPM-2 + corrector, log sigma",50,1,15,0.30000000000000004,0.36438000202178955
uniform,dpm2_log,"DPM-2 + corrector, log sigma",50,1,15,0.4,0.4879400134086609
uniform,dpm2_log,"DPM-2 + corrector, log sigma",50,1,15,0.5,0.5792399644851685
uniform,dpm2_log,"DPM-2 + corrector, log sigma",50,1,15,0.6000000000000001,0.6742600202560425
uniform,dpm2_log,"DPM-2 + corrector, log sigma",50,1,15,0.7000000000000001,0.7731199860572815
uniform,dpm2_log,"DPM-2 + corrector, log sigma",50,1,15,0.8,0.8664200305938721
uniform,dpm2_log,"DPM-2 + corrector, log sigma",50,1,15,0.9,0.9496400356292725
uniform,dpm2_log,"DPM-2 + corrector, log sigma",50,1,15,1.0,0.9995200037956238
uniform,sigma_log_dpm,"Sigma-space DPM-1, log sigma",10,2,0,0.0,0.0
uniform,sigma_log_dpm,"Sigma-space DPM-1, log sigma",10,2,0,0.1,0.10768000036478043
uniform,sigma_log_dpm,"Sigma-space DPM-1, log sigma",10,2,0,0.2,0.21051999926567078
uniform,sigma_log_dpm,"Sigma-space DPM-1, log sigma",10,2,0,0.30000000000000004,0.319379985332489
uniform,sigma_log_dpm,"Sigma-space DPM-1, log sigma",10,2,0,0.4,0.44190001487731934
uniform,sigma_log_dpm,"Sigma-space DPM-1, log sigma",10,2,0,0.5,0.5433399677276611
uniform,sigma_log_dpm,"Sigma-space DPM-1, log sigma",10,2,0,0.6000000000000001,0.6378200054168701
uniform,sigma_log_dpm,"Sigma-space DPM-1, log sigma",10,2,0,0.7000000000000001,0.744879961013794
uniform,sigma_log_dpm,"Sigma-space DPM-1, log sigma",10,2,0,0.8,0.8406199812889099
uniform,sigma_log_dpm,"Sigma-space DPM-1, log sigma",10,2,0,0.9,0.9244799613952637
uniform,sigma_log_dpm,"Sigma-space DPM-1, log sigma",10,2,0,1.0,0.9998999834060669
uniform,sigma_log_dpm,"Sigma-space DPM-1, log sigma",50,2,0,0.0,0.0
uniform,sigma_log_dpm,"Sigma-space DPM-1, log sigma",50,2,0,0.1,0.1185000017285347
uniform,sigma_log_dpm,"Sigma-space DPM-1, log sigma",50,2,0,0.2,0.2381799966096878
uniform,sigma_log_dpm,"Sigma-space DPM-1, log sigma",50,2,0,0.30000000000000004,0.3558800220489502
uniform,sigma_log_dpm,"Sigma-space DPM-1, log sigma",50,2,0,0.4,0.46766000986099243
uniform,sigma_log_dpm,"Sigma-space DPM-1, log sigma",50,2,0,0.5,0.5892800092697144
uniform,sigma_log_dpm,"Sigma-space DPM-1, log sigma",50,2,0,0.6000000000000001,0.7025600075721741
uniform,sigma_log_dpm,"Sigma-space DPM-1, log sigma",50,2,0,0.7000000000000001,0.7907999753952026
uniform,sigma_log_dpm,"Sigma-space DPM-1, log sigma",50,2,0,0.8,0.8942000269889832
uniform,sigma_log_dpm,"Sigma-space DPM-1, log sigma",50,2,0,0.9,0.957800030708313
uniform,sigma_log_dpm,"Sigma-space DPM-1, log sigma",50,2,0,1.0,0.999940037727356
uniform,dpm2_log,"DPM-2 + corrector, log sigma",10,2,0,0.0,0.0
uniform,dpm2_log,"DPM-2 + corrector, log sigma",10,2,0,0.1,0.12383999675512314
uniform,dpm2_log,"DPM-2 + corrector, log sigma",10,2,0,0.2,0.2463800013065338
uniform,dpm2_log,"DPM-2 + corrector, log sigma",10,2,0,0.30000000000000004,0.35607999563217163
uniform,dpm2_log,"DPM-2 + corrector, log sigma",10,2,0,0.4,0.4710400104522705
uniform,dpm2_log,"DPM-2 + corrector, log sigma",10,2,0,0.5,0.5707600116729736
uniform,dpm2_log,"DPM-2 + corrector, log sigma",10,2,0,0.6000000000000001,0.6805399656295776
uniform,dpm2_log,"DPM-2 + corrector, log sigma",10,2,0,0.7000000000000001,0.7865200042724609
uniform,dpm2_log,"DPM-2 + corrector, log sigma",10,2,0,0.8,0.8864799737930298
uniform,dpm2_log,"DPM-2 + corrector, log sigma",10,2,0,0.9,0.9589800238609314
uniform,dpm2_log,"DPM-2 + corrector, log sigma",10,2,0,1.0,0.999940037727356
uniform,dpm2_log,"DPM-2 + corrector, log sigma",50,2,0,0.0,0.0
uniform,dpm2_log,"DPM-2 + corrector, log sigma",50,2,0,0.1,0.13864000141620636
uniform,dpm2_log,"DPM-2 + corrector, log sigma",50,2,0,0.2,0.2724800109863281
uniform,dpm2_log,"DPM-2 + corrector, log sigma",50,2,0,0.30000000000000004,0.38040000200271606
uniform,dpm2_log,"DPM-2 + corrector, log sigma",50,2,0,0.4,0.4973599910736084
uniform,dpm2_log,"DPM-2 + corrector, log sigma",50,2,0,0.5,0.5962200164794922
uniform,dpm2_log,"DPM-2 + corrector, log sigma",50,2,0,0.6000000000000001,0.7106800079345703
uniform,dpm2_log,"DPM-2 + corrector, log sigma",50,2,0,0.7000000000000001,0.799780011177063
uniform,dpm2_log,"DPM-2 + corrector, log sigma",50,2,0,0.8,0.8855199813842773
uniform,dpm2_log,"DPM-2 + corrector, log sigma",50,2,0,0.9,0.9672399759292603
uniform,dpm2_log,"DPM-2 + corrector, log sigma",50,2,0,1.0,0.9999600052833557
uniform,sigma_log_dpm,"Sigma-space DPM-1, log sigma",10,2,1,0.0,0.0
uniform,sigma_log_dpm,"Sigma-space DPM-1, log sigma",10,2,1,0.1,0.040219999849796295
uniform,sigma_log_dpm,"Sigma-space DPM-1, log sigma",10,2,1,0.2,0.0905199944972992
uniform,sigma_log_dpm,"Sigma-space DPM-1, log sigma",10,2,1,0.30000000000000004,0.147039994597435
uniform,sigma_log_dpm,"Sigma-space DPM-1, log sigma",10,2,1,0.4,0.21626000106334686
uniform,sigma_log_dpm,"Sigma-space DPM-1, log sigma",10,2,1,0.5,0.29109999537467957
uniform,sigma_log_dpm,"Sigma-space DPM-1, log sigma",10,2,1,0.6000000000000001,0.40119999647140503
uniform,sigma_log_dpm,"Sigma-space DPM-1, log sigma",10,2,1,0.7000000000000001,0.49178001284599304
uniform,sigma_log_dpm,"Sigma-space DPM-1, log sigma",10,2,1,0.8,0.6492400169372559
uniform,sigma_log_dpm,"Sigma-space DPM-1, log sigma",10,2,1,0.9,0.8187000155448914
uniform,sigma_log_dpm,"Sigma-space DPM-1, log sigma",10,2,1,1.0,0.9993599653244019
uniform,sigma_log_dpm,"Sigma-space DPM-1, log sigma",50,2,1,0.0,0.0
uniform,sigma_log_dpm,"Sigma-space DPM-1, log sigma",50,2,1,0.1,0.053039997816085815
uniform,sigma_log_dpm,"Sigma-space DPM-1, log sigma",50,2,1,0.2,0.11203999817371368
uniform,sigma_log_dpm,"Sigma-space DPM-1, log sigma",50,2,1,0.30000000000000004,0.17227999866008759
uniform,sigma_log_dpm,"Sigma-space DPM-1, log sigma",50,2,1,0.4,0.24222001433372498
uniform,sigma_log_dpm,"Sigma-space DPM-1, log sigma",50,2,1,0.5,0.3232400119304657
uniform,sigma_log_dpm,"Sigma-space DPM-1, log sigma",50,2,1,0.6000000000000001,0.4177199900150299
uniform,sigma_log_dpm,"Sigma-space DPM-1, log sigma",50,2,1,0.7000000000000001,0.5375000238418579
uniform,sigma_log_dpm,"Sigma-space DPM-1, log sigma",50,2,1,0.8,0.6773599982261658
uniform,sigma_log_dpm,"Sigma-space DPM-1, log sigma",50,2,1,0.9,0.8340799808502197
uniform,sigma_log_dpm,"Sigma-space DPM-1, log sigma",50,2,1,1.0,0.9970600008964539
uniform,dpm2_log,"DPM-2 + corrector, log sigma",10,2,1,0.0,0.0
uniform,dpm2_log,"DPM-2 + corrector, log sigma",10,2,1,0.1,0.059059999883174896
uniform,dpm2_log,"DPM-2 + corrector, log sigma",10,2,1,0.2,0.1268399953842163
uniform,dpm2_log,"DPM-2 + corrector, log sigma",10,2,1,0.30000000000000004,0.20381999015808105
uniform,dpm2_log,"DPM-2 + corrector, log sigma",10,2,1,0.4,0.2700600028038025
uniform,dpm2_log,"DPM-2 + corrector, log sigma",10,2,1,0.5,0.3555600047111511
uniform,dpm2_log,"DPM-2 + corrector, log sigma",10,2,1,0.6000000000000001,0.4588800072669983
uniform,dpm2_log,"DPM-2 + corrector, log sigma",10,2,1,0.7000000000000001,0.5714399814605713
uniform,dpm2_log,"DPM-2 + corrector, log sigma",10,2,1,0.8,0.7041599750518799
uniform,dpm2_log,"DPM-2 + corrector, log sigma",10,2,1,0.9,0.8527799844741821
uniform,dpm2_log,"DPM-2 + corrector, log sigma",10,2,1,1.0,0.9978200197219849
uniform,dpm2_log,"DPM-2 + corrector, log sigma",50,2,1,0.0,0.0
uniform,dpm2_log,"DPM-2 + corrector, log sigma",50,2,1,0.1,0.08757999539375305
uniform,dpm2_log,"DPM-2 + corrector, log sigma",50,2,1,0.2,0.17652000486850739
uniform,dpm2_log,"DPM-2 + corrector, log sigma",50,2,1,0.30000000000000004,0.2664799988269806
uniform,dpm2_log,"DPM-2 + corrector, log sigma",50,2,1,0.4,0.3655800223350525
uniform,dpm2_log,"DPM-2 + corrector, log sigma",50,2,1,0.5,0.4596799910068512
uniform,dpm2_log,"DPM-2 + corrector, log sigma",50,2,1,0.6000000000000001,0.5570999979972839
uniform,dpm2_log,"DPM-2 + corrector, log sigma",50,2,1,0.7000000000000001,0.667900025844574
uniform,dpm2_log,"DPM-2 + corrector, log sigma",50,2,1,0.8,0.7767400145530701
uniform,dpm2_log,"DPM-2 + corrector, log sigma",50,2,1,0.9,0.8849200010299683
uniform,dpm2_log,"DPM-2 + corrector, log sigma",50,2,1,1.0,0.999180018901825
uniform,sigma_log_dpm,"Sigma-space DPM-1, log sigma",10,2,2,0.0,0.0
uniform,sigma_log_dpm,"Sigma-space DPM-1, log sigma",10,2,2,0.1,0.05077999830245972
uniform,sigma_log_dpm,"Sigma-space DPM-1, log sigma",10,2,2,0.2,0.09588000178337097
uniform,sigma_log_dpm,"Sigma-space DPM-1, log sigma",10,2,2,0.30000000000000004,0.14445999264717102
uniform,sigma_log_dpm,"Sigma-space DPM-1, log sigma",10,2,2,0.4,0.20217999815940857
uniform,sigma_log_dpm,"Sigma-space DPM-1, log sigma",10,2,2,0.5,0.256740003824234
uniform,sigma_log_dpm,"Sigma-space DPM-1, log sigma",10,2,2,0.6000000000000001,0.3344799876213074
uniform,sigma_log_dpm,"Sigma-space DPM-1, log sigma",10,2,2,0.7000000000000001,0.4249799847602844
uniform,sigma_log_dpm,"Sigma-space DPM-1, log sigma",10,2,2,0.8,0.5452399849891663
uniform,sigma_log_dpm,"Sigma-space DPM-1, log sigma",10,2,2,0.9,0.6949399709701538
uniform,sigma_log_dpm,"Sigma-space DPM-1, log sigma",10,2,2,1.0,0.996399998664856
uniform,sigma_log_dpm,"Sigma-space DPM-1, log sigma",50,2,2,0.0,0.0
uniform,sigma_log_dpm,"Sigma-space DPM-1, log sigma",50,2,2,0.1,0.045740000903606415
uniform,sigma_log_dpm,"Sigma-space DPM-1, log sigma",50,2,2,0.2,0.10087999701499939
uniform,sigma_log_dpm,"Sigma-space DPM-1, log sigma",50,2,2,0.30000000000000004,0.15467999875545502
uniform,sigma_log_dpm,"Sigma-space DPM-1, log sigma",50,2,2,0.4,0.20941999554634094
uniform,sigma_log_dpm,"Sigma-space DPM-1, log sigma",50,2,2,0.5,0.28672000765800476
uniform,sigma_log_dpm,"Sigma-space DPM-1, log sigma",50,2,2,0.6000000000000001,0.37147998809814453
uniform,sigma_log_dpm,"Sigma-space DPM-1, log sigma",50,2,2,0.7000000000000001,0.4544000029563904
uniform,sigma_log_dpm,"Sigma-space DPM-1, log sigma",50,2,2,0.8,0.5690799951553345
uniform,sigma_log_dpm,"Sigma-space DPM-1, log sigma",50,2,2,0.9,0.7409199476242065
uniform,sigma_log_dpm,"Sigma-space DPM-1, log sigma",50,2,2,1.0,0.9907599687576294
uniform,dpm2_log,"DPM-2 + corrector, log sigma",10,2,2,0.0,0.0
uniform,dpm2_log,"DPM-2 + corrector, log sigma",10,2,2,0.1,0.054999999701976776
uniform,dpm2_log,"DPM-2 + corrector, log sigma",10,2,2,0.2,0.1178399994969368
uniform,dpm2_log,"DPM-2 + corrector, log sigma",10,2,2,0.30000000000000004,0.19499999284744263
uniform,dpm2_log,"DPM-2 + corrector, log sigma",10,2,2,0.4,0.27828001976013184
uniform,dpm2_log,"DPM-2 + corrector, log sigma",10,2,2,0.5,0.35707998275756836
uniform,dpm2_log,"DPM-2 + corrector, log sigma",10,2,2,0.6000000000000001,0.44091999530792236
uniform,dpm2_log,"DPM-2 + corrector, log sigma",10,2,2,0.7000000000000001,0.5478600263595581
uniform,dpm2_log,"DPM-2 + corrector, log sigma",10,2,2,0.8,0.6672400236129761
uniform,dpm2_log,"DPM-2 + corrector, log sigma",10,2,2,0.9,0.8028600215911865
uniform,dpm2_log,"DPM-2 + corrector, log sigma",10,2,2,1.0,0.9907599687576294
uniform,dpm2_log,"DPM-2 + corrector, log sigma",50,2,2,0.0,0.0
uniform,dpm2_log,"DPM-2 + corrector, log sigma",50,2,2,0.1,0.07636000216007233
uniform,dpm2_log,"DPM-2 + corrector, log sigma",50,2,2,0.2,0.15733999013900757
uniform,dpm2_log,"DPM-2 + corrector, log sigma",50,2,2,0.30000000000000004,0.25722000002861023
uniform,dpm2_log,"DPM-2 + corrector, log sigma",50,2,2,0.4,0.35425999760627747
uniform,dpm2_log,"DPM-2 + corrector, log sigma",50,2,2,0.5,0.45065999031066895
uniform,dpm2_log,"DPM-2 + corrector, log sigma",50,2,2,0.6000000000000001,0.5410000085830688
uniform,dpm2_log,"DPM-2 + corrector, log sigma",50,2,2,0.7000000000000001,0.6281399726867676
uniform,dpm2_log,"DPM-2 + corrector, log sigma",50,2,2,0.8,0.7311999797821045
uniform,dpm2_log,"DPM-2 + corrector, log sigma",50,2,2,0.9,0.8597400188446045
uniform,dpm2_log,"DPM-2 + corrector, log sigma",50,2,2,1.0,0.9982799887657166
uniform,sigma_log_dpm,"Sigma-space DPM-1, log sigma",10,2,3,0.0,0.0
uniform,sigma_log_dpm,"Sigma-space DPM-1, log sigma",10,2,3,0.1,0.0733800008893013
uniform,sigma_log_dpm,"Sigma-space DPM-1, log sigma",10,2,3,0.2,0.155239999294281
uniform,sigma_log_dpm,"Sigma-space DPM-1, log sigma",10,2,3,0.30000000000000004,0.2319200038909912
uniform,sigma_log_dpm,"Sigma-space DPM-1, log sigma",10,2,3,0.4,0.3005799949169159
uniform,sigma_log_dpm,"Sigma-space DPM-1, log sigma",10,2,3,0.5,0.3827800154685974
uniform,sigma_log_dpm,"Sigma-space DPM-1, log sigma",10,2,3,0.6000000000000001,0.4780600070953369
uniform,sigma_log_dpm,"Sigma-space DPM-1, log sigma",10,2,3,0.7000000000000001,0.5726400017738342
uniform,sigma_log_dpm,"Sigma-space DPM-1, log sigma",10,2,3,0.8,0.6827800273895264
uniform,sigma_log_dpm,"Sigma-space DPM-1, log sigma",10,2,3,0.9,0.827720046043396
uniform,sigma_log_dpm,"Sigma-space DPM-1, log sigma",10,2,3,1.0,0.9824999570846558
uniform,sigma_log_dpm,"Sigma-space DPM-1, log sigma",50,2,3,0.0,0.0
uniform,sigma_log_dpm,"Sigma-space DPM-1, log sigma",50,2,3,0.1,0.0740399956703186
uniform,sigma_log_dpm,"Sigma-space DPM-1, log sigma",50,2,3,0.2,0.13322000205516815
uniform,sigma_log_dpm,"Sigma-space DPM-1, log sigma",50,2,3,0.30000000000000004,0.21285998821258545
uniform,sigma_log_dpm,"Sigma-space DPM-1, log sigma",50,2,3,0.4,0.2958800196647644
uniform,sigma_log_dpm,"Sigma-space DPM-1, log sigma",50,2,3,0.5,0.3747199773788452
uniform,sigma_log_dpm,"Sigma-space DPM-1, log sigma",50,2,3,0.6000000000000001,0.46671998500823975
uniform,sigma_log_dpm,"Sigma-space DPM-1, log sigma",50,2,3,0.7000000000000001,0.5826599597930908
uniform,sigma_log_dpm,"Sigma-space DPM-1, log sigma",50,2,3,0.8,0.6994199752807617
uniform,sigma_log_dpm,"Sigma-space DPM-1, log sigma",50,2,3,0.9,0.8189600110054016
uniform,sigma_log_dpm,"Sigma-space DPM-1, log sigma",50,2,3,1.0,0.9975000023841858
uniform,dpm2_log,"DPM-2 + corrector, log sigma",10,2,3,0.0,0.0
uniform,dpm2_log,"DPM-2 + corrector, log sigma",10,2,3,0.1,0.08764000236988068
uniform,dpm2_log,"DPM-2 + corrector, log sigma",10,2,3,0.2,0.17037999629974365
uniform,dpm2_log,"DPM-2 + corrector, log sigma",10,2,3,0.30000000000000004,0.2560800015926361
uniform,dpm2_log,"DPM-2 + corrector, log sigma",10,2,3,0.4,0.35798001289367676
uniform,dpm2_log,"DPM-2 + corrector, log sigma",10,2,3,0.5,0.4549400210380554
uniform,dpm2_log,"DPM-2 + corrector, log sigma",10,2,3,0.6000000000000001,0.5399600267410278
uniform,dpm2_log,"DPM-2 + corrector, log sigma",10,2,3,0.7000000000000001,0.6547600030899048
uniform,dpm2_log,"DPM-2 + corrector, log sigma",10,2,3,0.8,0.7838599681854248
uniform,dpm2_log,"DPM-2 + corrector, log sigma",10,2,3,0.9,0.9100600481033325
uniform,dpm2_log,"DPM-2 + corrector, log sigma",10,2,3,1.0,0.9997000098228455
uniform,dpm2_log,"DPM-2 + corrector, log sigma",50,2,3,0.0,0.0
uniform,dpm2_log,"DPM-2 + corrector, log sigma",50,2,3,0.1,0.09482000023126602
uniform,dpm2_log,"DPM-2 + corrector, log sigma",50,2,3,0.2,0.1787799894809723
uniform,dpm2_log,"DPM-2 + corrector, log sigma",50,2,3,0.30000000000000004,0.2655999958515167
uniform,dpm2_log,"DPM-2 + corrector, log sigma",50,2,3,0.4,0.36667999625205994
uniform,dpm2_log,"DPM-2 + corrector, log sigma",50,2,3,0.5,0.47144001722335815
uniform,dpm2_log,"DPM-2 + corrector, log sigma",50,2,3,0.6000000000000001,0.581820011138916
uniform,dpm2_log,"DPM-2 + corrector, log sigma",50,2,3,0.7000000000000001,0.676800012588501
uniform,dpm2_log,"DPM-2 + corrector, log sigma",50,2,3,0.8,0.7770199775695801
uniform,dpm2_log,"DPM-2 + corrector, log sigma",50,2,3,0.9,0.8905999660491943
uniform,dpm2_log,"DPM-2 + corrector, log sigma",50,2,3,1.0,0.9986000061035156
uniform,sigma_log_dpm,"Sigma-space DPM-1, log sigma",10,2,4,0.0,0.0
uniform,sigma_log_dpm,"Sigma-space DPM-1, log sigma",10,2,4,0.1,0.08258000016212463
uniform,sigma_log_dpm,"Sigma-space DPM-1, log sigma",10,2,4,0.2,0.1658399999141693
uniform,sigma_log_dpm,"Sigma-space DPM-1, log sigma",10,2,4,0.30000000000000004,0.2597600221633911
uniform,sigma_log_dpm,"Sigma-space DPM-1, log sigma",10,2,4,0.4,0.351639986038208
uniform,sigma_log_dpm,"Sigma-space DPM-1, log sigma",10,2,4,0.5,0.4553399980068207
uniform,sigma_log_dpm,"Sigma-space DPM-1, log sigma",10,2,4,0.6000000000000001,0.5522800087928772
uniform,sigma_log_dpm,"Sigma-space DPM-1, log sigma",10,2,4,0.7000000000000001,0.6250799894332886
uniform,sigma_log_dpm,"Sigma-space DPM-1, log sigma",10,2,4,0.8,0.744920015335083
uniform,sigma_log_dpm,"Sigma-space DPM-1, log sigma",10,2,4,0.9,0.8567399978637695
uniform,sigma_log_dpm,"Sigma-space DPM-1, log sigma",10,2,4,1.0,0.9815399646759033
uniform,sigma_log_dpm,"Sigma-space DPM-1, log sigma",50,2,4,0.0,0.0
uniform,sigma_log_dpm,"Sigma-space DPM-1, log sigma",50,2,4,0.1,0.08142000436782837
uniform,sigma_log_dpm,"Sigma-space DPM-1, log sigma",50,2,4,0.2,0.16473999619483948
uniform,sigma_log_dpm,"Sigma-space DPM-1, log sigma",50,2,4,0.30000000000000004,0.24852000176906586
uniform,sigma_log_dpm,"Sigma-space DPM-1, log sigma",50,2,4,0.4,0.3354399800300598
uniform,sigma_log_dpm,"Sigma-space DPM-1, log sigma",50,2,4,0.5,0.43831998109817505
uniform,sigma_log_dpm,"Sigma-space DPM-1, log sigma",50,2,4,0.6000000000000001,0.5328400135040283
uniform,sigma_log_dpm,"Sigma-space DPM-1, log sigma",50,2,4,0.7000000000000001,0.612339973449707
uniform,sigma_log_dpm,"Sigma-space DPM-1, log sigma",50,2,4,0.8,0.7164999842643738
uniform,sigma_log_dpm,"Sigma-space DPM-1, log sigma",50,2,4,0.9,0.8307399749755859
uniform,sigma_log_dpm,"Sigma-space DPM-1, log sigma",50,2,4,1.0,0.9893800020217896
uniform,dpm2_log,"DPM-2 + corrector, log sigma",10,2,4,0.0,0.0
uniform,dpm2_log,"DPM-2 + corrector, log sigma",10,2,4,0.1,0.10468000173568726
uniform,dpm2_log,"DPM-2 + corrector, log sigma",10,2,4,0.2,0.18465998768806458
uniform,dpm2_log,"DPM-2 + corrector, log sigma",10,2,4,0.30000000000000004,0.2836799919605255
uniform,dpm2_log,"DPM-2 + corrector, log sigma",10,2,4,0.4,0.3951599895954132
uniform,dpm2_log,"DPM-2 + corrector, log sigma",10,2,4,0.5,0.4997199773788452
uniform,dpm2_log,"DPM-2 + corrector, log sigma",10,2,4,0.6000000000000001,0.615559995174408
uniform,dpm2_log,"DPM-2 + corrector, log sigma",10,2,4,0.7000000000000001,0.711679995059967
uniform,dpm2_log,"DPM-2 + corrector, log sigma",10,2,4,0.8,0.8216599822044373
uniform,dpm2_log,"DPM-2 + corrector, log sigma",10,2,4,0.9,0.9076000452041626
uniform,dpm2_log,"DPM-2 + corrector, log sigma",10,2,4,1.0,0.998479962348938
uniform,dpm2_log,"DPM-2 + corrector, log sigma",50,2,4,0.0,0.0
uniform,dpm2_log,"DPM-2 + corrector, log sigma",50,2,4,0.1,0.09560000151395798
uniform,dpm2_log,"DPM-2 + corrector, log sigma",50,2,4,0.2,0.1987999975681305
uniform,dpm2_log,"DPM-2 + corrector, log sigma",50,2,4,0.30000000000000004,0.29712000489234924
uniform,dpm2_log,"DPM-2 + corrector, log sigma",50,2,4,0.4,0.419219970703125
uniform,dpm2_log,"DPM-2 + corrector, log sigma",50,2,4,0.5,0.5426599979400635
uniform,dpm2_log,"DPM-2 + corrector, log sigma",50,2,4,0.6000000000000001,0.655519962310791
uniform,dpm2_log,"DPM-2 + corrector, log sigma",50,2,4,0.7000000000000001,0.7442799806594849
uniform,dpm2_log,"DPM-2 + corrector, log sigma",50,2,4,0.8,0.8380600214004517
uniform,dpm2_log,"DPM-2 + corrector, log sigma",50,2,4,0.9,0.9298400282859802
uniform,dpm2_log,"DPM-2 + corrector, log sigma",50,2,4,1.0,0.9996199607849121
uniform,sigma_log_dpm,"Sigma-space DPM-1, log sigma",10,2,5,0.0,0.0
uniform,sigma_log_dpm,"Sigma-space DPM-1, log sigma",10,2,5,0.1,0.06193999946117401
uniform,sigma_log_dpm,"Sigma-space DPM-1, log sigma",10,2,5,0.2,0.1234000027179718
uniform,sigma_log_dpm,"Sigma-space DPM-1, log sigma",10,2,5,0.30000000000000004,0.19618000090122223
uniform,sigma_log_dpm,"Sigma-space DPM-1, log sigma",10,2,5,0.4,0.2781599760055542
uniform,sigma_log_dpm,"Sigma-space DPM-1, log sigma",10,2,5,0.5,0.3377799987792969
uniform,sigma_log_dpm,"Sigma-space DPM-1, log sigma",10,2,5,0.6000000000000001,0.41659998893737793
uniform,sigma_log_dpm,"Sigma-space DPM-1, log sigma",10,2,5,0.7000000000000001,0.5138999819755554
uniform,sigma_log_dpm,"Sigma-space DPM-1, log sigma",10,2,5,0.8,0.6390800476074219
uniform,sigma_log_dpm,"Sigma-space DPM-1, log sigma",10,2,5,0.9,0.7804999947547913
uniform,sigma_log_dpm,"Sigma-space DPM-1, log sigma",10,2,5,1.0,0.9897600412368774
uniform,sigma_log_dpm,"Sigma-space DPM-1, log sigma",50,2,5,0.0,0.0
uniform,sigma_log_dpm,"Sigma-space DPM-1, log sigma",50,2,5,0.1,0.05716000124812126
uniform,sigma_log_dpm,"Sigma-space DPM-1, log sigma",50,2,5,0.2,0.12588000297546387
uniform,sigma_log_dpm,"Sigma-space DPM-1, log sigma",50,2,5,0.30000000000000004,0.21299999952316284
uniform,sigma_log_dpm,"Sigma-space DPM-1, log sigma",50,2,5,0.4,0.3011999726295471
uniform,sigma_log_dpm,"Sigma-space DPM-1, log sigma",50,2,5,0.5,0.3847399950027466
uniform,sigma_log_dpm,"Sigma-space DPM-1, log sigma",50,2,5,0.6000000000000001,0.48792001605033875
uniform,sigma_log_dpm,"Sigma-space DPM-1, log sigma",50,2,5,0.7000000000000001,0.5966600179672241
uniform,sigma_log_dpm,"Sigma-space DPM-1, log sigma",50,2,5,0.8,0.7070199847221375
uniform,sigma_log_dpm,"Sigma-space DPM-1, log sigma",50,2,5,0.9,0.8339800238609314
uniform,sigma_log_dpm,"Sigma-space DPM-1, log sigma",50,2,5,1.0,0.9896000027656555
uniform,dpm2_log,"DPM-2 + corrector, log sigma",10,2,5,0.0,0.0
uniform,dpm2_log,"DPM-2 + corrector, log sigma",10,2,5,0.1,0.09390000253915787
uniform,dpm2_log,"DPM-2 + corrector, log sigma",10,2,5,0.2,0.18121999502182007
uniform,dpm2_log,"DPM-2 + corrector, log sigma",10,2,5,0.30000000000000004,0.26848000288009644
uniform,dpm2_log,"DPM-2 + corrector, log sigma",10,2,5,0.4,0.36305999755859375
uniform,dpm2_log,"DPM-2 + corrector, log sigma",10,2,5,0.5,0.434440016746521
uniform,dpm2_log,"DPM-2 + corrector, log sigma",10,2,5,0.6000000000000001,0.5276800394058228
uniform,dpm2_log,"DPM-2 + corrector, log sigma",10,2,5,0.7000000000000001,0.6273800134658813
uniform,dpm2_log,"DPM-2 + corrector, log sigma",10,2,5,0.8,0.7247200012207031
uniform,dpm2_log,"DPM-2 + corrector, log sigma",10,2,5,0.9,0.8371999859809875
uniform,dpm2_log,"DPM-2 + corrector, log sigma",10,2,5,1.0,0.9967800378799438
uniform,dpm2_log,"DPM-2 + corrector, log sigma",50,2,5,0.0,0.0
uniform,dpm2_log,"DPM-2 + corrector, log sigma",50,2,5,0.1,0.11089999973773956
uniform,dpm2_log,"DPM-2 + corrector, log sigma",50,2,5,0.2,0.22018000483512878
uniform,dpm2_log,"DPM-2 + corrector, log sigma",50,2,5,0.30000000000000004,0.3328999876976013
uniform,dpm2_log,"DPM-2 + corrector, log sigma",50,2,5,0.4,0.42419999837875366
uniform,dpm2_log,"DPM-2 + corrector, log sigma",50,2,5,0.5,0.5426200032234192
uniform,dpm2_log,"DPM-2 + corrector, log sigma",50,2,5,0.6000000000000001,0.6624599695205688
uniform,dpm2_log,"DPM-2 + corrector, log sigma",50,2,5,0.7000000000000001,0.7508399486541748
uniform,dpm2_log,"DPM-2 + corrector, log sigma",50,2,5,0.8,0.8372200131416321
uniform,dpm2_log,"DPM-2 + corrector, log sigma",50,2,5,0.9,0.905460000038147
uniform,dpm2_log,"DPM-2 + corrector, log sigma",50,2,5,1.0,0.9986000061035156
uniform,sigma_log_dpm,"Sigma-space DPM-1, log sigma",10,2,6,0.0,0.0
uniform,sigma_log_dpm,"Sigma-space DPM-1, log sigma",10,2,6,0.1,0.1004600003361702
uniform,sigma_log_dpm,"Sigma-space DPM-1, log sigma",10,2,6,0.2,0.18410000205039978
uniform,sigma_log_dpm,"Sigma-space DPM-1, log sigma",10,2,6,0.30000000000000004,0.2678599953651428
uniform,sigma_log_dpm,"Sigma-space DPM-1, log sigma",10,2,6,0.4,0.3566399812698364
uniform,sigma_log_dpm,"Sigma-space DPM-1, log sigma",10,2,6,0.5,0.44995999336242676
uniform,sigma_log_dpm,"Sigma-space DPM-1, log sigma",10,2,6,0.6000000000000001,0.5514999628067017
uniform,sigma_log_dpm,"Sigma-space DPM-1, log sigma",10,2,6,0.7000000000000001,0.6621600389480591
uniform,sigma_log_dpm,"Sigma-space DPM-1, log sigma",10,2,6,0.8,0.7699800133705139
uniform,sigma_log_dpm,"Sigma-space DPM-1, log sigma",10,2,6,0.9,0.8714799880981445
uniform,sigma_log_dpm,"Sigma-space DPM-1, log sigma",10,2,6,1.0,0.9966400265693665
uniform,sigma_log_dpm,"Sigma-space DPM-1, log sigma",50,2,6,0.0,0.0
uniform,sigma_log_dpm,"Sigma-space DPM-1, log sigma",50,2,6,0.1,0.08049999922513962
uniform,sigma_log_dpm,"Sigma-space DPM-1, log sigma",50,2,6,0.2,0.16481998562812805
uniform,sigma_log_dpm,"Sigma-space DPM-1, log sigma",50,2,6,0.30000000000000004,0.2530199885368347
uniform,sigma_log_dpm,"Sigma-space DPM-1, log sigma",50,2,6,0.4,0.34610000252723694
uniform,sigma_log_dpm,"Sigma-space DPM-1, log sigma",50,2,6,0.5,0.4358000159263611
uniform,sigma_log_dpm,"Sigma-space DPM-1, log sigma",50,2,6,0.6000000000000001,0.5473200082778931
uniform,sigma_log_dpm,"Sigma-space DPM-1, log sigma",50,2,6,0.7000000000000001,0.6358200311660767
uniform,sigma_log_dpm,"Sigma-space DPM-1, log sigma",50,2,6,0.8,0.751800000667572
uniform,sigma_log_dpm,"Sigma-space DPM-1, log sigma",50,2,6,0.9,0.8707799911499023
uniform,sigma_log_dpm,"Sigma-space DPM-1, log sigma",50,2,6,1.0,0.9973000288009644
uniform,dpm2_log,"DPM-2 + corrector, log sigma",10,2,6,0.0,0.0
uniform,dpm2_log,"DPM-2 + corrector, log sigma",10,2,6,0.1,0.08922000229358673
uniform,dpm2_log,"DPM-2 + corrector, log sigma",10,2,6,0.2,0.20453999936580658
uniform,dpm2_log,"DPM-2 + corrector, log sigma",10,2,6,0.30000000000000004,0.3283799886703491
uniform,dpm2_log,"DPM-2 + corrector, log sigma",10,2,6,0.4,0.4278600215911865
uniform,dpm2_log,"DPM-2 + corrector, log sigma",10,2,6,0.5,0.5400199890136719
uniform,dpm2_log,"DPM-2 + corrector, log sigma",10,2,6,0.6000000000000001,0.6392799615859985
uniform,dpm2_log,"DPM-2 + corrector, log sigma",10,2,6,0.7000000000000001,0.7229999899864197
uniform,dpm2_log,"DPM-2 + corrector, log sigma",10,2,6,0.8,0.8222999572753906
uniform,dpm2_log,"DPM-2 + corrector, log sigma",10,2,6,0.9,0.914620041847229
uniform,dpm2_log,"DPM-2 + corrector, log sigma",10,2,6,1.0,0.9959200024604797
uniform,dpm2_log,"DPM-2 + corrector, log sigma",50,2,6,0.0,0.0
uniform,dpm2_log,"DPM-2 + corrector, log sigma",50,2,6,0.1,0.10452000051736832
uniform,dpm2_log,"DPM-2 + corrector, log sigma",50,2,6,0.2,0.20418000221252441
uniform,dpm2_log,"DPM-2 + corrector, log sigma",50,2,6,0.30000000000000004,0.33507999777793884
uniform,dpm2_log,"DPM-2 + corrector, log sigma",50,2,6,0.4,0.444379985332489
uniform,dpm2_log,"DPM-2 + corrector, log sigma",50,2,6,0.5,0.5466600060462952
uniform,dpm2_log,"DPM-2 + corrector, log sigma",50,2,6,0.6000000000000001,0.6371400356292725
uniform,dpm2_log,"DPM-2 + corrector, log sigma",50,2,6,0.7000000000000001,0.7307000160217285
uniform,dpm2_log,"DPM-2 + corrector, log sigma",50,2,6,0.8,0.8257200121879578
uniform,dpm2_log,"DPM-2 + corrector, log sigma",50,2,6,0.9,0.9226399660110474
uniform,dpm2_log,"DPM-2 + corrector, log sigma",50,2,6,1.0,0.9984400272369385
uniform,sigma_log_dpm,"Sigma-space DPM-1, log sigma",10,2,7,0.0,0.0
uniform,sigma_log_dpm,"Sigma-space DPM-1, log sigma",10,2,7,0.1,0.10063999891281128
uniform,sigma_log_dpm,"Sigma-space DPM-1, log sigma",10,2,7,0.2,0.20108000934123993
uniform,sigma_log_dpm,"Sigma-space DPM-1, log sigma",10,2,7,0.30000000000000004,0.2810400128364563
uniform,sigma_log_dpm,"Sigma-space DPM-1, log sigma",10,2,7,0.4,0.36125999689102173
uniform,sigma_log_dpm,"Sigma-space DPM-1, log sigma",10,2,7,0.5,0.42802000045776367
uniform,sigma_log_dpm,"Sigma-space DPM-1, log sigma",10,2,7,0.6000000000000001,0.4984999895095825
uniform,sigma_log_dpm,"Sigma-space DPM-1, log sigma",10,2,7,0.7000000000000001,0.5636000037193298
uniform,sigma_log_dpm,"Sigma-space DPM-1, log sigma",10,2,7,0.8,0.637719988822937
uniform,sigma_log_dpm,"Sigma-space DPM-1, log sigma",10,2,7,0.9,0.7524000406265259
uniform,sigma_log_dpm,"Sigma-space DPM-1, log sigma",10,2,7,1.0,0.9988000392913818
uniform,sigma_log_dpm,"Sigma-space DPM-1, log sigma",50,2,7,0.0,0.0
uniform,sigma_log_dpm,"Sigma-space DPM-1, log sigma",50,2,7,0.1,0.09334000200033188
uniform,sigma_log_dpm,"Sigma-space DPM-1, log sigma",50,2,7,0.2,0.2003999948501587
uniform,sigma_log_dpm,"Sigma-space DPM-1, log sigma",50,2,7,0.30000000000000004,0.29264000058174133
uniform,sigma_log_dpm,"Sigma-space DPM-1, log sigma",50,2,7,0.4,0.3647800087928772
uniform,sigma_log_dpm,"Sigma-space DPM-1, log sigma",50,2,7,0.5,0.44193997979164124
uniform,sigma_log_dpm,"Sigma-space DPM-1, log sigma",50,2,7,0.6000000000000001,0.5238800048828125
uniform,sigma_log_dpm,"Sigma-space DPM-1, log sigma",50,2,7,0.7000000000000001,0.6033999919891357
uniform,sigma_log_dpm,"Sigma-space DPM-1, log sigma",50,2,7,0.8,0.6903600096702576
uniform,sigma_log_dpm,"Sigma-space DPM-1, log sigma",50,2,7,0.9,0.7833999991416931
uniform,sigma_log_dpm,"Sigma-space DPM-1, log sigma",50,2,7,1.0,0.9938600063323975
uniform,dpm2_log,"DPM-2 + corrector, log sigma",10,2,7,0.0,0.0
uniform,dpm2_log,"DPM-2 + corrector, log sigma",10,2,7,0.1,0.10579999536275864
uniform,dpm2_log,"DPM-2 + corrector, log sigma",10,2,7,0.2,0.2065799981355667
uniform,dpm2_log,"DPM-2 + corrector, log sigma",10,2,7,0.30000000000000004,0.31025999784469604
uniform,dpm2_log,"DPM-2 + corrector, log sigma",10,2,7,0.4,0.40766000747680664
uniform,dpm2_log,"DPM-2 + corrector, log sigma",10,2,7,0.5,0.502020001411438
uniform,dpm2_log,"DPM-2 + corrector, log sigma",10,2,7,0.6000000000000001,0.5906199812889099
uniform,dpm2_log,"DPM-2 + corrector, log sigma",10,2,7,0.7000000000000001,0.675059974193573
uniform,dpm2_log,"DPM-2 + corrector, log sigma",10,2,7,0.8,0.7834199666976929
uniform,dpm2_log,"DPM-2 + corrector, log sigma",10,2,7,0.9,0.8736200332641602
uniform,dpm2_log,"DPM-2 + corrector, log sigma",10,2,7,1.0,0.9989199638366699
uniform,dpm2_log,"DPM-2 + corrector, log sigma",50,2,7,0.0,0.0
uniform,dpm2_log,"DPM-2 + corrector, log sigma",50,2,7,0.1,0.09956000745296478
uniform,dpm2_log,"DPM-2 + corrector, log sigma",50,2,7,0.2,0.22370000183582306
uniform,dpm2_log,"DPM-2 + corrector, log sigma",50,2,7,0.30000000000000004,0.3116999864578247
uniform,dpm2_log,"DPM-2 + corrector, log sigma",50,2,7,0.4,0.4134399890899658
uniform,dpm2_log,"DPM-2 + corrector, log sigma",50,2,7,0.5,0.5097799897193909
uniform,dpm2_log,"DPM-2 + corrector, log sigma",50,2,7,0.6000000000000001,0.6270599961280823
uniform,dpm2_log,"DPM-2 + corrector, log sigma",50,2,7,0.7000000000000001,0.7271599769592285
uniform,dpm2_log,"DPM-2 + corrector, log sigma",50,2,7,0.8,0.8271999955177307
uniform,dpm2_log,"DPM-2 + corrector, log sigma",50,2,7,0.9,0.9143800139427185
uniform,dpm2_log,"DPM-2 + corrector, log sigma",50,2,7,1.0,0.9983199834823608
uniform,sigma_log_dpm,"Sigma-space DPM-1, log sigma",10,2,8,0.0,0.0
uniform,sigma_log_dpm,"Sigma-space DPM-1, log sigma",10,2,8,0.1,0.11339999735355377
uniform,sigma_log_dpm,"Sigma-space DPM-1, log sigma",10,2,8,0.2,0.21689999103546143
uniform,sigma_log_dpm,"Sigma-space DPM-1, log sigma",10,2,8,0.30000000000000004,0.32701998949050903
uniform,sigma_log_dpm,"Sigma-space DPM-1, log sigma",10,2,8,0.4,0.42531999945640564
uniform,sigma_log_dpm,"Sigma-space DPM-1, log sigma",10,2,8,0.5,0.5173599720001221
uniform,sigma_log_dpm,"Sigma-space DPM-1, log sigma",10,2,8,0.6000000000000001,0.6122000217437744
uniform,sigma_log_dpm,"Sigma-space DPM-1, log sigma",10,2,8,0.7000000000000001,0.7106599807739258
uniform,sigma_log_dpm,"Sigma-space DPM-1, log sigma",10,2,8,0.8,0.8107399940490723
uniform,sigma_log_dpm,"Sigma-space DPM-1, log sigma",10,2,8,0.9,0.9039199948310852
uniform,sigma_log_dpm,"Sigma-space DPM-1, log sigma",10,2,8,1.0,0.9999799728393555
uniform,sigma_log_dpm,"Sigma-space DPM-1, log sigma",50,2,8,0.0,0.0
uniform,sigma_log_dpm,"Sigma-space DPM-1, log sigma",50,2,8,0.1,0.11047999560832977
uniform,sigma_log_dpm,"Sigma-space DPM-1, log sigma",50,2,8,0.2,0.22481998801231384
uniform,sigma_log_dpm,"Sigma-space DPM-1, log sigma",50,2,8,0.30000000000000004,0.3194600045681
uniform,sigma_log_dpm,"Sigma-space DPM-1, log sigma",50,2,8,0.4,0.42945998907089233
uniform,sigma_log_dpm,"Sigma-space DPM-1, log sigma",50,2,8,0.5,0.5274199843406677
uniform,sigma_log_dpm,"Sigma-space DPM-1, log sigma",50,2,8,0.6000000000000001,0.635919988155365
uniform,sigma_log_dpm,"Sigma-space DPM-1, log sigma",50,2,8,0.7000000000000001,0.7406599521636963
uniform,sigma_log_dpm,"Sigma-space DPM-1, log sigma",50,2,8,0.8,0.842519998550415
uniform,sigma_log_dpm,"Sigma-space DPM-1, log sigma",50,2,8,0.9,0.9379000067710876
uniform,sigma_log_dpm,"Sigma-space DPM-1, log sigma",50,2,8,1.0,0.9998400211334229
uniform,dpm2_log,"DPM-2 + corrector, log sigma",10,2,8,0.0,0.0
uniform,dpm2_log,"DPM-2 + corrector, log sigma",10,2,8,0.1,0.10965999960899353
uniform,dpm2_log,"DPM-2 + corrector, log sigma",10,2,8,0.2,0.23190000653266907
uniform,dpm2_log,"DPM-2 + corrector, log sigma",10,2,8,0.30000000000000004,0.3597800135612488
uniform,dpm2_log,"DPM-2 + corrector, log sigma",10,2,8,0.4,0.4765799939632416
uniform,dpm2_log,"DPM-2 + corrector, log sigma",10,2,8,0.5,0.5884199738502502
uniform,dpm2_log,"DPM-2 + corrector, log sigma",10,2,8,0.6000000000000001,0.7026599645614624
uniform,dpm2_log,"DPM-2 + corrector, log sigma",10,2,8,0.7000000000000001,0.7958199977874756
uniform,dpm2_log,"DPM-2 + corrector, log sigma",10,2,8,0.8,0.8860200047492981
uniform,dpm2_log,"DPM-2 + corrector, log sigma",10,2,8,0.9,0.9558999538421631
uniform,dpm2_log,"DPM-2 + corrector, log sigma",10,2,8,1.0,0.9991999864578247
uniform,dpm2_log,"DPM-2 + corrector, log sigma",50,2,8,0.0,0.0
uniform,dpm2_log,"DPM-2 + corrector, log sigma",50,2,8,0.1,0.11422000080347061
uniform,dpm2_log,"DPM-2 + corrector, log sigma",50,2,8,0.2,0.2236199975013733
uniform,dpm2_log,"DPM-2 + corrector, log sigma",50,2,8,0.30000000000000004,0.33230000734329224
uniform,dpm2_log,"DPM-2 + corrector, log sigma",50,2,8,0.4,0.4593200087547302
uniform,dpm2_log,"DPM-2 + corrector, log sigma",50,2,8,0.5,0.563539981842041
uniform,dpm2_log,"DPM-2 + corrector, log sigma",50,2,8,0.6000000000000001,0.6724200248718262
uniform,dpm2_log,"DPM-2 + corrector, log sigma",50,2,8,0.7000000000000001,0.7746400237083435
uniform,dpm2_log,"DPM-2 + corrector, log sigma",50,2,8,0.8,0.8706600069999695
uniform,dpm2_log,"DPM-2 + corrector, log sigma",50,2,8,0.9,0.9520399570465088
uniform,dpm2_log,"DPM-2 + corrector, log sigma",50,2,8,1.0,0.9999200105667114
uniform,sigma_log_dpm,"Sigma-space DPM-1, log sigma",10,2,9,0.0,0.0
uniform,sigma_log_dpm,"Sigma-space DPM-1, log sigma",10,2,9,0.1,0.11591999977827072
uniform,sigma_log_dpm,"Sigma-space DPM-1, log sigma",10,2,9,0.2,0.2251800000667572
uniform,sigma_log_dpm,"Sigma-space DPM-1, log sigma",10,2,9,0.30000000000000004,0.3351200222969055
uniform,sigma_log_dpm,"Sigma-space DPM-1, log sigma",10,2,9,0.4,0.4645199775695801
uniform,sigma_log_dpm,"Sigma-space DPM-1, log sigma",10,2,9,0.5,0.5590199828147888
uniform,sigma_log_dpm,"Sigma-space DPM-1, log sigma",10,2,9,0.6000000000000001,0.6584799885749817
uniform,sigma_log_dpm,"Sigma-space DPM-1, log sigma",10,2,9,0.7000000000000001,0.7513799667358398
uniform,sigma_log_dpm,"Sigma-space DPM-1, log sigma",10,2,9,0.8,0.8458200097084045
uniform,sigma_log_dpm,"Sigma-space DPM-1, log sigma",10,2,9,0.9,0.9390000104904175
uniform,sigma_log_dpm,"Sigma-space DPM-1, log sigma",10,2,9,1.0,0.9993399977684021
uniform,sigma_log_dpm,"Sigma-space DPM-1, log sigma",50,2,9,0.0,0.0
uniform,sigma_log_dpm,"Sigma-space DPM-1, log sigma",50,2,9,0.1,0.14733999967575073
uniform,sigma_log_dpm,"Sigma-space DPM-1, log sigma",50,2,9,0.2,0.27983999252319336
uniform,sigma_log_dpm,"Sigma-space DPM-1, log sigma",50,2,9,0.30000000000000004,0.3937000036239624
uniform,sigma_log_dpm,"Sigma-space DPM-1, log sigma",50,2,9,0.4,0.4945800304412842
uniform,sigma_log_dpm,"Sigma-space DPM-1, log sigma",50,2,9,0.5,0.6032199859619141
uniform,sigma_log_dpm,"Sigma-space DPM-1, log sigma",50,2,9,0.6000000000000001,0.7050999999046326
uniform,sigma_log_dpm,"Sigma-space DPM-1, log sigma",50,2,9,0.7000000000000001,0.8080199956893921
uniform,sigma_log_dpm,"Sigma-space DPM-1, log sigma",50,2,9,0.8,0.8978999853134155
uniform,sigma_log_dpm,"Sigma-space DPM-1, log sigma",50,2,9,0.9,0.9552600383758545
uniform,sigma_log_dpm,"Sigma-space DPM-1, log sigma",50,2,9,1.0,0.9998400211334229
uniform,dpm2_log,"DPM-2 + corrector, log sigma",10,2,9,0.0,0.0
uniform,dpm2_log,"DPM-2 + corrector, log sigma",10,2,9,0.1,0.11538000404834747
uniform,dpm2_log,"DPM-2 + corrector, log sigma",10,2,9,0.2,0.23875999450683594
uniform,dpm2_log,"DPM-2 + corrector, log sigma",10,2,9,0.30000000000000004,0.3703799843788147
uniform,dpm2_log,"DPM-2 + corrector, log sigma",10,2,9,0.4,0.48034000396728516
uniform,dpm2_log,"DPM-2 + corrector, log sigma",10,2,9,0.5,0.5986199975013733
uniform,dpm2_log,"DPM-2 + corrector, log sigma",10,2,9,0.6000000000000001,0.7103400230407715
uniform,dpm2_log,"DPM-2 + corrector, log sigma",10,2,9,0.7000000000000001,0.8150799870491028
uniform,dpm2_log,"DPM-2 + corrector, log sigma",10,2,9,0.8,0.8921200037002563
uniform,dpm2_log,"DPM-2 + corrector, log sigma",10,2,9,0.9,0.9600600004196167
uniform,dpm2_log,"DPM-2 + corrector, log sigma",10,2,9,1.0,0.9998599886894226
uniform,dpm2_log,"DPM-2 + corrector, log sigma",50,2,9,0.0,0.0
uniform,dpm2_log,"DPM-2 + corrector, log sigma",50,2,9,0.1,0.11670000106096268
uniform,dpm2_log,"DPM-2 + corrector, log sigma",50,2,9,0.2,0.23732000589370728
uniform,dpm2_log,"DPM-2 + corrector, log sigma",50,2,9,0.30000000000000004,0.3543599843978882
uniform,dpm2_log,"DPM-2 + corrector, log sigma",50,2,9,0.4,0.459119975566864
uniform,dpm2_log,"DPM-2 + corrector, log sigma",50,2,9,0.5,0.5726000070571899
uniform,dpm2_log,"DPM-2 + corrector, log sigma",50,2,9,0.6000000000000001,0.6917400360107422
uniform,dpm2_log,"DPM-2 + corrector, log sigma",50,2,9,0.7000000000000001,0.7875800132751465
uniform,dpm2_log,"DPM-2 + corrector, log sigma",50,2,9,0.8,0.8761399984359741
uniform,dpm2_log,"DPM-2 + corrector, log sigma",50,2,9,0.9,0.9492800235748291
uniform,dpm2_log,"DPM-2 + corrector, log sigma",50,2,9,1.0,0.9999600052833557
uniform,sigma_log_dpm,"Sigma-space DPM-1, log sigma",10,2,10,0.0,0.0
uniform,sigma_log_dpm,"Sigma-space DPM-1, log sigma",10,2,10,0.1,0.06276000291109085
uniform,sigma_log_dpm,"Sigma-space DPM-1, log sigma",10,2,10,0.2,0.1256999969482422
uniform,sigma_log_dpm,"Sigma-space DPM-1, log sigma",10,2,10,0.30000000000000004,0.19539999961853027
uniform,sigma_log_dpm,"Sigma-space DPM-1, log sigma",10,2,10,0.4,0.2874999940395355
uniform,sigma_log_dpm,"Sigma-space DPM-1, log sigma",10,2,10,0.5,0.3739199936389923
uniform,sigma_log_dpm,"Sigma-space DPM-1, log sigma",10,2,10,0.6000000000000001,0.456820011138916
uniform,sigma_log_dpm,"Sigma-space DPM-1, log sigma",10,2,10,0.7000000000000001,0.5416399836540222
uniform,sigma_log_dpm,"Sigma-space DPM-1, log sigma",10,2,10,0.8,0.6470800042152405
uniform,sigma_log_dpm,"Sigma-space DPM-1, log sigma",10,2,10,0.9,0.7831599712371826
uniform,sigma_log_dpm,"Sigma-space DPM-1, log sigma",10,2,10,1.0,0.9956400394439697
uniform,sigma_log_dpm,"Sigma-space DPM-1, log sigma",50,2,10,0.0,0.0
uniform,sigma_log_dpm,"Sigma-space DPM-1, log sigma",50,2,10,0.1,0.07160000503063202
uniform,sigma_log_dpm,"Sigma-space DPM-1, log sigma",50,2,10,0.2,0.13942000269889832
uniform,sigma_log_dpm,"Sigma-space DPM-1, log sigma",50,2,10,0.30000000000000004,0.2127000093460083
uniform,sigma_log_dpm,"Sigma-space DPM-1, log sigma",50,2,10,0.4,0.2907800078392029
uniform,sigma_log_dpm,"Sigma-space DPM-1, log sigma",50,2,10,0.5,0.3731600046157837
uniform,sigma_log_dpm,"Sigma-space DPM-1, log sigma",50,2,10,0.6000000000000001,0.4637399911880493
uniform,sigma_log_dpm,"Sigma-space DPM-1, log sigma",50,2,10,0.7000000000000001,0.5650999546051025
uniform,sigma_log_dpm,"Sigma-space DPM-1, log sigma",50,2,10,0.8,0.6581200361251831
uniform,sigma_log_dpm,"Sigma-space DPM-1, log sigma",50,2,10,0.9,0.8072999715805054
uniform,sigma_log_dpm,"Sigma-space DPM-1, log sigma",50,2,10,1.0,0.9817000031471252
uniform,dpm2_log,"DPM-2 + corrector, log sigma",10,2,10,0.0,0.0
uniform,dpm2_log,"DPM-2 + corrector, log sigma",10,2,10,0.1,0.10332000255584717
uniform,dpm2_log,"DPM-2 + corrector, log sigma",10,2,10,0.2,0.19439999759197235
uniform,dpm2_log,"DPM-2 + corrector, log sigma",10,2,10,0.30000000000000004,0.2872599959373474
uniform,dpm2_log,"DPM-2 + corrector, log sigma",10,2,10,0.4,0.37897998094558716
uniform,dpm2_log,"DPM-2 + corrector, log sigma",10,2,10,0.5,0.4625200033187866
uniform,dpm2_log,"DPM-2 + corrector, log sigma",10,2,10,0.6000000000000001,0.5575200319290161
uniform,dpm2_log,"DPM-2 + corrector, log sigma",10,2,10,0.7000000000000001,0.656000018119812
uniform,dpm2_log,"DPM-2 + corrector, log sigma",10,2,10,0.8,0.77538001537323
uniform,dpm2_log,"DPM-2 + corrector, log sigma",10,2,10,0.9,0.8625400066375732
uniform,dpm2_log,"DPM-2 + corrector, log sigma",10,2,10,1.0,0.9990599751472473
uniform,dpm2_log,"DPM-2 + corrector, log sigma",50,2,10,0.0,0.0
uniform,dpm2_log,"DPM-2 + corrector, log sigma",50,2,10,0.1,0.10736000537872314
uniform,dpm2_log,"DPM-2 + corrector, log sigma",50,2,10,0.2,0.2093999981880188
uniform,dpm2_log,"DPM-2 + corrector, log sigma",50,2,10,0.30000000000000004,0.33235999941825867
uniform,dpm2_log,"DPM-2 + corrector, log sigma",50,2,10,0.4,0.4346799850463867
uniform,dpm2_log,"DPM-2 + corrector, log sigma",50,2,10,0.5,0.5212600231170654
uniform,dpm2_log,"DPM-2 + corrector, log sigma",50,2,10,0.6000000000000001,0.620199978351593
uniform,dpm2_log,"DPM-2 + corrector, log sigma",50,2,10,0.7000000000000001,0.7015600204467773
uniform,dpm2_log,"DPM-2 + corrector, log sigma",50,2,10,0.8,0.8035399913787842
uniform,dpm2_log,"DPM-2 + corrector, log sigma",50,2,10,0.9,0.9114199876785278
uniform,dpm2_log,"DPM-2 + corrector, log sigma",50,2,10,1.0,0.9986000061035156
uniform,sigma_log_dpm,"Sigma-space DPM-1, log sigma",10,2,11,0.0,0.0
uniform,sigma_log_dpm,"Sigma-space DPM-1, log sigma",10,2,11,0.1,0.09397999942302704
uniform,sigma_log_dpm,"Sigma-space DPM-1, log sigma",10,2,11,0.2,0.20610001683235168
uniform,sigma_log_dpm,"Sigma-space DPM-1, log sigma",10,2,11,0.30000000000000004,0.32384002208709717
uniform,sigma_log_dpm,"Sigma-space DPM-1, log sigma",10,2,11,0.4,0.423880010843277
uniform,sigma_log_dpm,"Sigma-space DPM-1, log sigma",10,2,11,0.5,0.5299400091171265
uniform,sigma_log_dpm,"Sigma-space DPM-1, log sigma",10,2,11,0.6000000000000001,0.6182000041007996
uniform,sigma_log_dpm,"Sigma-space DPM-1, log sigma",10,2,11,0.7000000000000001,0.7348400354385376
uniform,sigma_log_dpm,"Sigma-space DPM-1, log sigma",10,2,11,0.8,0.8191800117492676
uniform,sigma_log_dpm,"Sigma-space DPM-1, log sigma",10,2,11,0.9,0.9097800254821777
uniform,sigma_log_dpm,"Sigma-space DPM-1, log sigma",10,2,11,1.0,0.9995599985122681
uniform,sigma_log_dpm,"Sigma-space DPM-1, log sigma",50,2,11,0.0,0.0
uniform,sigma_log_dpm,"Sigma-space DPM-1, log sigma",50,2,11,0.1,0.0870399996638298
uniform,sigma_log_dpm,"Sigma-space DPM-1, log sigma",50,2,11,0.2,0.19566000998020172
uniform,sigma_log_dpm,"Sigma-space DPM-1, log sigma",50,2,11,0.30000000000000004,0.3065600097179413
uniform,sigma_log_dpm,"Sigma-space DPM-1, log sigma",50,2,11,0.4,0.41990000009536743
uniform,sigma_log_dpm,"Sigma-space DPM-1, log sigma",50,2,11,0.5,0.522599995136261
uniform,sigma_log_dpm,"Sigma-space DPM-1, log sigma",50,2,11,0.6000000000000001,0.6319800019264221
uniform,sigma_log_dpm,"Sigma-space DPM-1, log sigma",50,2,11,0.7000000000000001,0.7295600175857544
uniform,sigma_log_dpm,"Sigma-space DPM-1, log sigma",50,2,11,0.8,0.8163999915122986
uniform,sigma_log_dpm,"Sigma-space DPM-1, log sigma",50,2,11,0.9,0.9121600389480591
uniform,sigma_log_dpm,"Sigma-space DPM-1, log sigma",50,2,11,1.0,0.9968999624252319
uniform,dpm2_log,"DPM-2 + corrector, log sigma",10,2,11,0.0,0.0
uniform,dpm2_log,"DPM-2 + corrector, log sigma",10,2,11,0.1,0.13514000177383423
uniform,dpm2_log,"DPM-2 + corrector, log sigma",10,2,11,0.2,0.25874000787734985
uniform,dpm2_log,"DPM-2 + corrector, log sigma",10,2,11,0.30000000000000004,0.3778400123119354
uniform,dpm2_log,"DPM-2 + corrector, log sigma",10,2,11,0.4,0.4980999827384949
uniform,dpm2_log,"DPM-2 + corrector, log sigma",10,2,11,0.5,0.6110399961471558
uniform,dpm2_log,"DPM-2 + corrector, log sigma",10,2,11,0.6000000000000001,0.7076799869537354
uniform,dpm2_log,"DPM-2 + corrector, log sigma",10,2,11,0.7000000000000001,0.7952200174331665
uniform,dpm2_log,"DPM-2 + corrector, log sigma",10,2,11,0.8,0.879040002822876
uniform,dpm2_log,"DPM-2 + corrector, log sigma",10,2,11,0.9,0.9537799954414368
uniform,dpm2_log,"DPM-2 + corrector, log sigma",10,2,11,1.0,0.9998999834060669
uniform,dpm2_log,"DPM-2 + corrector, log sigma",50,2,11,0.0,0.0
uniform,dpm2_log,"DPM-2 + corrector, log sigma",50,2,11,0.1,0.09505999833345413
uniform,dpm2_log,"DPM-2 + corrector, log sigma",50,2,11,0.2,0.21257999539375305
uniform,dpm2_log,"DPM-2 + corrector, log sigma",50,2,11,0.30000000000000004,0.32745999097824097
uniform,dpm2_log,"DPM-2 + corrector, log sigma",50,2,11,0.4,0.43845999240875244
uniform,dpm2_log,"DPM-2 + corrector, log sigma",50,2,11,0.5,0.54830002784729
uniform,dpm2_log,"DPM-2 + corrector, log sigma",50,2,11,0.6000000000000001,0.6652600169181824
uniform,dpm2_log,"DPM-2 + corrector, log sigma",50,2,11,0.7000000000000001,0.7755199670791626
uniform,dpm2_log,"DPM-2 + corrector, log sigma",50,2,11,0.8,0.8735600113868713
uniform,dpm2_log,"DPM-2 + corrector, log sigma",50,2,11,0.9,0.9403600096702576
uniform,dpm2_log,"DPM-2 + corrector, log sigma",50,2,11,1.0,0.9998999834060669
uniform,sigma_log_dpm,"Sigma-space DPM-1, log sigma",10,2,12,0.0,0.0
uniform,sigma_log_dpm,"Sigma-space DPM-1, log sigma",10,2,12,0.1,0.11766000092029572
uniform,sigma_log_dpm,"Sigma-space DPM-1, log sigma",10,2,12,0.2,0.19405999779701233
uniform,sigma_log_dpm,"Sigma-space DPM-1, log sigma",10,2,12,0.30000000000000004,0.2935999929904938
uniform,sigma_log_dpm,"Sigma-space DPM-1, log sigma",10,2,12,0.4,0.4009400010108948
uniform,sigma_log_dpm,"Sigma-space DPM-1, log sigma",10,2,12,0.5,0.4703400135040283
uniform,sigma_log_dpm,"Sigma-space DPM-1, log sigma",10,2,12,0.6000000000000001,0.5612199902534485
uniform,sigma_log_dpm,"Sigma-space DPM-1, log sigma",10,2,12,0.7000000000000001,0.6496399641036987
uniform,sigma_log_dpm,"Sigma-space DPM-1, log sigma",10,2,12,0.8,0.7434799671173096
uniform,sigma_log_dpm,"Sigma-space DPM-1, log sigma",10,2,12,0.9,0.8502399921417236
uniform,sigma_log_dpm,"Sigma-space DPM-1, log sigma",10,2,12,1.0,0.9983000159263611
uniform,sigma_log_dpm,"Sigma-space DPM-1, log sigma",50,2,12,0.0,0.0
uniform,sigma_log_dpm,"Sigma-space DPM-1, log sigma",50,2,12,0.1,0.10320000350475311
uniform,sigma_log_dpm,"Sigma-space DPM-1, log sigma",50,2,12,0.2,0.20674000680446625
uniform,sigma_log_dpm,"Sigma-space DPM-1, log sigma",50,2,12,0.30000000000000004,0.3015599846839905
uniform,sigma_log_dpm,"Sigma-space DPM-1, log sigma",50,2,12,0.4,0.3978999853134155
uniform,sigma_log_dpm,"Sigma-space DPM-1, log sigma",50,2,12,0.5,0.5027999877929688
uniform,sigma_log_dpm,"Sigma-space DPM-1, log sigma",50,2,12,0.6000000000000001,0.5803800225257874
uniform,sigma_log_dpm,"Sigma-space DPM-1, log sigma",50,2,12,0.7000000000000001,0.6622999906539917
uniform,sigma_log_dpm,"Sigma-space DPM-1, log sigma",50,2,12,0.8,0.7452000379562378
uniform,sigma_log_dpm,"Sigma-space DPM-1, log sigma",50,2,12,0.9,0.8452799916267395
uniform,sigma_log_dpm,"Sigma-space DPM-1, log sigma",50,2,12,1.0,0.9882000088691711
uniform,dpm2_log,"DPM-2 + corrector, log sigma",10,2,12,0.0,0.0
uniform,dpm2_log,"DPM-2 + corrector, log sigma",10,2,12,0.1,0.13062000274658203
uniform,dpm2_log,"DPM-2 + corrector, log sigma",10,2,12,0.2,0.2494800090789795
uniform,dpm2_log,"DPM-2 + corrector, log sigma",10,2,12,0.30000000000000004,0.3491399884223938
uniform,dpm2_log,"DPM-2 + corrector, log sigma",10,2,12,0.4,0.447160005569458
uniform,dpm2_log,"DPM-2 + corrector, log sigma",10,2,12,0.5,0.5583400130271912
uniform,dpm2_log,"DPM-2 + corrector, log sigma",10,2,12,0.6000000000000001,0.6628199815750122
uniform,dpm2_log,"DPM-2 + corrector, log sigma",10,2,12,0.7000000000000001,0.7503399848937988
uniform,dpm2_log,"DPM-2 + corrector, log sigma",10,2,12,0.8,0.8432400226593018
uniform,dpm2_log,"DPM-2 + corrector, log sigma",10,2,12,0.9,0.9277999997138977
uniform,dpm2_log,"DPM-2 + corrector, log sigma",10,2,12,1.0,0.9998600482940674
uniform,dpm2_log,"DPM-2 + corrector, log sigma",50,2,12,0.0,0.0
uniform,dpm2_log,"DPM-2 + corrector, log sigma",50,2,12,0.1,0.10515999794006348
uniform,dpm2_log,"DPM-2 + corrector, log sigma",50,2,12,0.2,0.2062399983406067
uniform,dpm2_log,"DPM-2 + corrector, log sigma",50,2,12,0.30000000000000004,0.30527999997138977
uniform,dpm2_log,"DPM-2 + corrector, log sigma",50,2,12,0.4,0.42423999309539795
uniform,dpm2_log,"DPM-2 + corrector, log sigma",50,2,12,0.5,0.5468200445175171
uniform,dpm2_log,"DPM-2 + corrector, log sigma",50,2,12,0.6000000000000001,0.6630600094795227
uniform,dpm2_log,"DPM-2 + corrector, log sigma",50,2,12,0.7000000000000001,0.7660199999809265
uniform,dpm2_log,"DPM-2 + corrector, log sigma",50,2,12,0.8,0.8697400093078613
uniform,dpm2_log,"DPM-2 + corrector, log sigma",50,2,12,0.9,0.9532600045204163
uniform,dpm2_log,"DPM-2 + corrector, log sigma",50,2,12,1.0,0.9983800053596497
uniform,sigma_log_dpm,"Sigma-space DPM-1, log sigma",10,2,13,0.0,0.0
uniform,sigma_log_dpm,"Sigma-space DPM-1, log sigma",10,2,13,0.1,0.12294000387191772
uniform,sigma_log_dpm,"Sigma-space DPM-1, log sigma",10,2,13,0.2,0.23649999499320984
uniform,sigma_log_dpm,"Sigma-space DPM-1, log sigma",10,2,13,0.30000000000000004,0.3360399901866913
uniform,sigma_log_dpm,"Sigma-space DPM-1, log sigma",10,2,13,0.4,0.4347600042819977
uniform,sigma_log_dpm,"Sigma-space DPM-1, log sigma",10,2,13,0.5,0.535319983959198
uniform,sigma_log_dpm,"Sigma-space DPM-1, log sigma",10,2,13,0.6000000000000001,0.636680006980896
uniform,sigma_log_dpm,"Sigma-space DPM-1, log sigma",10,2,13,0.7000000000000001,0.7343599796295166
uniform,sigma_log_dpm,"Sigma-space DPM-1, log sigma",10,2,13,0.8,0.827239990234375
uniform,sigma_log_dpm,"Sigma-space DPM-1, log sigma",10,2,13,0.9,0.9128999710083008
uniform,sigma_log_dpm,"Sigma-space DPM-1, log sigma",10,2,13,1.0,0.9993599653244019
uniform,sigma_log_dpm,"Sigma-space DPM-1, log sigma",50,2,13,0.0,0.0
uniform,sigma_log_dpm,"Sigma-space DPM-1, log sigma",50,2,13,0.1,0.11521999537944794
uniform,sigma_log_dpm,"Sigma-space DPM-1, log sigma",50,2,13,0.2,0.21646000444889069
uniform,sigma_log_dpm,"Sigma-space DPM-1, log sigma",50,2,13,0.30000000000000004,0.3262600004673004
uniform,sigma_log_dpm,"Sigma-space DPM-1, log sigma",50,2,13,0.4,0.4306800067424774
uniform,sigma_log_dpm,"Sigma-space DPM-1, log sigma",50,2,13,0.5,0.5406000018119812
uniform,sigma_log_dpm,"Sigma-space DPM-1, log sigma",50,2,13,0.6000000000000001,0.6604399681091309
uniform,sigma_log_dpm,"Sigma-space DPM-1, log sigma",50,2,13,0.7000000000000001,0.7520800232887268
uniform,sigma_log_dpm,"Sigma-space DPM-1, log sigma",50,2,13,0.8,0.8277000188827515
uniform,sigma_log_dpm,"Sigma-space DPM-1, log sigma",50,2,13,0.9,0.9251799583435059
uniform,sigma_log_dpm,"Sigma-space DPM-1, log sigma",50,2,13,1.0,0.999940037727356
uniform,dpm2_log,"DPM-2 + corrector, log sigma",10,2,13,0.0,0.0
uniform,dpm2_log,"DPM-2 + corrector, log sigma",10,2,13,0.1,0.12027999758720398
uniform,dpm2_log,"DPM-2 + corrector, log sigma",10,2,13,0.2,0.23880000412464142
uniform,dpm2_log,"DPM-2 + corrector, log sigma",10,2,13,0.30000000000000004,0.35627999901771545
uniform,dpm2_log,"DPM-2 + corrector, log sigma",10,2,13,0.4,0.48486000299453735
uniform,dpm2_log,"DPM-2 + corrector, log sigma",10,2,13,0.5,0.5952399969100952
uniform,dpm2_log,"DPM-2 + corrector, log sigma",10,2,13,0.6000000000000001,0.6972399950027466
uniform,dpm2_log,"DPM-2 + corrector, log sigma",10,2,13,0.7000000000000001,0.7994799613952637
uniform,dpm2_log,"DPM-2 + corrector, log sigma",10,2,13,0.8,0.8924000263214111
uniform,dpm2_log,"DPM-2 + corrector, log sigma",10,2,13,0.9,0.9611600041389465
uniform,dpm2_log,"DPM-2 + corrector, log sigma",10,2,13,1.0,0.9999799728393555
uniform,dpm2_log,"DPM-2 + corrector, log sigma",50,2,13,0.0,0.0
uniform,dpm2_log,"DPM-2 + corrector, log sigma",50,2,13,0.1,0.10675999522209167
uniform,dpm2_log,"DPM-2 + corrector, log sigma",50,2,13,0.2,0.21649999916553497
uniform,dpm2_log,"DPM-2 + corrector, log sigma",50,2,13,0.30000000000000004,0.3266199827194214
uniform,dpm2_log,"DPM-2 + corrector, log sigma",50,2,13,0.4,0.44609999656677246
uniform,dpm2_log,"DPM-2 + corrector, log sigma",50,2,13,0.5,0.5559400320053101
uniform,dpm2_log,"DPM-2 + corrector, log sigma",50,2,13,0.6000000000000001,0.6653599739074707
uniform,dpm2_log,"DPM-2 + corrector, log sigma",50,2,13,0.7000000000000001,0.7662999629974365
uniform,dpm2_log,"DPM-2 + corrector, log sigma",50,2,13,0.8,0.8565599918365479
uniform,dpm2_log,"DPM-2 + corrector, log sigma",50,2,13,0.9,0.944379985332489
uniform,dpm2_log,"DPM-2 + corrector, log sigma",50,2,13,1.0,0.999940037727356
uniform,sigma_log_dpm,"Sigma-space DPM-1, log sigma",10,2,14,0.0,0.0
uniform,sigma_log_dpm,"Sigma-space DPM-1, log sigma",10,2,14,0.1,0.08074000477790833
uniform,sigma_log_dpm,"Sigma-space DPM-1, log sigma",10,2,14,0.2,0.16200000047683716
uniform,sigma_log_dpm,"Sigma-space DPM-1, log sigma",10,2,14,0.30000000000000004,0.24862000346183777
uniform,sigma_log_dpm,"Sigma-space DPM-1, log sigma",10,2,14,0.4,0.3245199918746948
uniform,sigma_log_dpm,"Sigma-space DPM-1, log sigma",10,2,14,0.5,0.4035400152206421
uniform,sigma_log_dpm,"Sigma-space DPM-1, log sigma",10,2,14,0.6000000000000001,0.49421998858451843
uniform,sigma_log_dpm,"Sigma-space DPM-1, log sigma",10,2,14,0.7000000000000001,0.5950800180435181
uniform,sigma_log_dpm,"Sigma-space DPM-1, log sigma",10,2,14,0.8,0.7203599810600281
uniform,sigma_log_dpm,"Sigma-space DPM-1, log sigma",10,2,14,0.9,0.8432599902153015
uniform,sigma_log_dpm,"Sigma-space DPM-1, log sigma",10,2,14,1.0,0.9982399940490723
uniform,sigma_log_dpm,"Sigma-space DPM-1, log sigma",50,2,14,0.0,0.0
uniform,sigma_log_dpm,"Sigma-space DPM-1, log sigma",50,2,14,0.1,0.0832199975848198
uniform,sigma_log_dpm,"Sigma-space DPM-1, log sigma",50,2,14,0.2,0.17719998955726624
uniform,sigma_log_dpm,"Sigma-space DPM-1, log sigma",50,2,14,0.30000000000000004,0.2612000107765198
uniform,sigma_log_dpm,"Sigma-space DPM-1, log sigma",50,2,14,0.4,0.35916000604629517
uniform,sigma_log_dpm,"Sigma-space DPM-1, log sigma",50,2,14,0.5,0.44304001331329346
uniform,sigma_log_dpm,"Sigma-space DPM-1, log sigma",50,2,14,0.6000000000000001,0.549780011177063
uniform,sigma_log_dpm,"Sigma-space DPM-1, log sigma",50,2,14,0.7000000000000001,0.6562999486923218
uniform,sigma_log_dpm,"Sigma-space DPM-1, log sigma",50,2,14,0.8,0.7605800032615662
uniform,sigma_log_dpm,"Sigma-space DPM-1, log sigma",50,2,14,0.9,0.8687000274658203
uniform,sigma_log_dpm,"Sigma-space DPM-1, log sigma",50,2,14,1.0,0.9912999868392944
uniform,dpm2_log,"DPM-2 + corrector, log sigma",10,2,14,0.0,0.0
uniform,dpm2_log,"DPM-2 + corrector, log sigma",10,2,14,0.1,0.11003999412059784
uniform,dpm2_log,"DPM-2 + corrector, log sigma",10,2,14,0.2,0.20973999798297882
uniform,dpm2_log,"DPM-2 + corrector, log sigma",10,2,14,0.30000000000000004,0.30886000394821167
uniform,dpm2_log,"DPM-2 + corrector, log sigma",10,2,14,0.4,0.4143400192260742
uniform,dpm2_log,"DPM-2 + corrector, log sigma",10,2,14,0.5,0.4969800114631653
uniform,dpm2_log,"DPM-2 + corrector, log sigma",10,2,14,0.6000000000000001,0.6010400056838989
uniform,dpm2_log,"DPM-2 + corrector, log sigma",10,2,14,0.7000000000000001,0.6990399956703186
uniform,dpm2_log,"DPM-2 + corrector, log sigma",10,2,14,0.8,0.7981200218200684
uniform,dpm2_log,"DPM-2 + corrector, log sigma",10,2,14,0.9,0.9048600196838379
uniform,dpm2_log,"DPM-2 + corrector, log sigma",10,2,14,1.0,0.9996199607849121
uniform,dpm2_log,"DPM-2 + corrector, log sigma",50,2,14,0.0,0.0
uniform,dpm2_log,"DPM-2 + corrector, log sigma",50,2,14,0.1,0.10344000160694122
uniform,dpm2_log,"DPM-2 + corrector, log sigma",50,2,14,0.2,0.2043600082397461
uniform,dpm2_log,"DPM-2 + corrector, log sigma",50,2,14,0.30000000000000004,0.31251999735832214
uniform,dpm2_log,"DPM-2 + corrector, log sigma",50,2,14,0.4,0.41582000255584717
uniform,dpm2_log,"DPM-2 + corrector, log sigma",50,2,14,0.5,0.5210000276565552
uniform,dpm2_log,"DPM-2 + corrector, log sigma",50,2,14,0.6000000000000001,0.6233400106430054
uniform,dpm2_log,"DPM-2 + corrector, log sigma",50,2,14,0.7000000000000001,0.7286399602890015
uniform,dpm2_log,"DPM-2 + corrector, log sigma",50,2,14,0.8,0.8165600299835205
uniform,dpm2_log,"DPM-2 + corrector, log sigma",50,2,14,0.9,0.9138399958610535
uniform,dpm2_log,"DPM-2 + corrector, log sigma",50,2,14,1.0,0.9992599487304688
uniform,sigma_log_dpm,"Sigma-space DPM-1, log sigma",10,2,15,0.0,0.0
uniform,sigma_log_dpm,"Sigma-space DPM-1, log sigma",10,2,15,0.1,0.09758000075817108
uniform,sigma_log_dpm,"Sigma-space DPM-1, log sigma",10,2,15,0.2,0.20377999544143677
uniform,sigma_log_dpm,"Sigma-space DPM-1, log sigma",10,2,15,0.30000000000000004,0.3116999864578247
uniform,sigma_log_dpm,"Sigma-space DPM-1, log sigma",10,2,15,0.4,0.4316200017929077
uniform,sigma_log_dpm,"Sigma-space DPM-1, log sigma",10,2,15,0.5,0.5345799922943115
uniform,sigma_log_dpm,"Sigma-space DPM-1, log sigma",10,2,15,0.6000000000000001,0.6503000259399414
uniform,sigma_log_dpm,"Sigma-space DPM-1, log sigma",10,2,15,0.7000000000000001,0.7435799837112427
uniform,sigma_log_dpm,"Sigma-space DPM-1, log sigma",10,2,15,0.8,0.8294199705123901
uniform,sigma_log_dpm,"Sigma-space DPM-1, log sigma",10,2,15,0.9,0.9146599769592285
uniform,sigma_log_dpm,"Sigma-space DPM-1, log sigma",10,2,15,1.0,0.999239981174469
uniform,sigma_log_dpm,"Sigma-space DPM-1, log sigma",50,2,15,0.0,0.0
uniform,sigma_log_dpm,"Sigma-space DPM-1, log sigma",50,2,15,0.1,0.11518000066280365
uniform,sigma_log_dpm,"Sigma-space DPM-1, log sigma",50,2,15,0.2,0.2332800030708313
uniform,sigma_log_dpm,"Sigma-space DPM-1, log sigma",50,2,15,0.30000000000000004,0.3508400022983551
uniform,sigma_log_dpm,"Sigma-space DPM-1, log sigma",50,2,15,0.4,0.4508399963378906
uniform,sigma_log_dpm,"Sigma-space DPM-1, log sigma",50,2,15,0.5,0.5557000041007996
uniform,sigma_log_dpm,"Sigma-space DPM-1, log sigma",50,2,15,0.6000000000000001,0.6522799730300903
uniform,sigma_log_dpm,"Sigma-space DPM-1, log sigma",50,2,15,0.7000000000000001,0.7533800005912781
uniform,sigma_log_dpm,"Sigma-space DPM-1, log sigma",50,2,15,0.8,0.8533599972724915
uniform,sigma_log_dpm,"Sigma-space DPM-1, log sigma",50,2,15,0.9,0.9460200071334839
uniform,sigma_log_dpm,"Sigma-space DPM-1, log sigma",50,2,15,1.0,0.9993000030517578
uniform,dpm2_log,"DPM-2 + corrector, log sigma",10,2,15,0.0,0.0
uniform,dpm2_log,"DPM-2 + corrector, log sigma",10,2,15,0.1,0.1274999976158142
uniform,dpm2_log,"DPM-2 + corrector, log sigma",10,2,15,0.2,0.258899986743927
uniform,dpm2_log,"DPM-2 + corrector, log sigma",10,2,15,0.30000000000000004,0.3819200098514557
uniform,dpm2_log,"DPM-2 + corrector, log sigma",10,2,15,0.4,0.4975399971008301
uniform,dpm2_log,"DPM-2 + corrector, log sigma",10,2,15,0.5,0.6025999784469604
uniform,dpm2_log,"DPM-2 + corrector, log sigma",10,2,15,0.6000000000000001,0.7055200338363647
uniform,dpm2_log,"DPM-2 + corrector, log sigma",10,2,15,0.7000000000000001,0.7993999719619751
uniform,dpm2_log,"DPM-2 + corrector, log sigma",10,2,15,0.8,0.8824800252914429
uniform,dpm2_log,"DPM-2 + corrector, log sigma",10,2,15,0.9,0.9553600549697876
uniform,dpm2_log,"DPM-2 + corrector, log sigma",10,2,15,1.0,0.9999799728393555
uniform,dpm2_log,"DPM-2 + corrector, log sigma",50,2,15,0.0,0.0
uniform,dpm2_log,"DPM-2 + corrector, log sigma",50,2,15,0.1,0.11820000410079956
uniform,dpm2_log,"DPM-2 + corrector, log sigma",50,2,15,0.2,0.25484001636505127
uniform,dpm2_log,"DPM-2 + corrector, log sigma",50,2,15,0.30000000000000004,0.37352001667022705
uniform,dpm2_log,"DPM-2 + corrector, log sigma",50,2,15,0.4,0.4697999954223633
uniform,dpm2_log,"DPM-2 + corrector, log sigma",50,2,15,0.5,0.574400007724762
uniform,dpm2_log,"DPM-2 + corrector, log sigma",50,2,15,0.6000000000000001,0.6801999807357788
uniform,dpm2_log,"DPM-2 + corrector, log sigma",50,2,15,0.7000000000000001,0.7705000042915344
uniform,dpm2_log,"DPM-2 + corrector, log sigma",50,2,15,0.8,0.8564599752426147
uniform,dpm2_log,"DPM-2 + corrector, log sigma",50,2,15,0.9,0.9347200393676758
uniform,dpm2_log,"DPM-2 + corrector, log sigma",50,2,15,1.0,0.9999799728393555
log_sigma,sigma_log_dpm,"Sigma-space DPM-1, log sigma",10,0,0,0.0,0.0
log_sigma,sigma_log_dpm,"Sigma-space DPM-1, log sigma",10,0,0,0.1,0.10626000165939331
log_sigma,sigma_log_dpm,"Sigma-space DPM-1, log sigma",10,0,0,0.2,0.21570000052452087
log_sigma,sigma_log_dpm,"Sigma-space DPM-1, log sigma",10,0,0,0.30000000000000004,0.3237999975681305
log_sigma,sigma_log_dpm,"Sigma-space DPM-1, log sigma",10,0,0,0.4,0.4390999972820282
log_sigma,sigma_log_dpm,"Sigma-space DPM-1, log sigma",10,0,0,0.5,0.5452799797058105
log_sigma,sigma_log_dpm,"Sigma-space DPM-1, log sigma",10,0,0,0.6000000000000001,0.6638200283050537
log_sigma,sigma_log_dpm,"Sigma-space DPM-1, log sigma",10,0,0,0.7000000000000001,0.7736799716949463
log_sigma,sigma_log_dpm,"Sigma-space DPM-1, log sigma",10,0,0,0.8,0.8823999762535095
log_sigma,sigma_log_dpm,"Sigma-space DPM-1, log sigma",10,0,0,0.9,0.9535199999809265
log_sigma,sigma_log_dpm,"Sigma-space DPM-1, log sigma",10,0,0,1.0,0.9999200105667114
log_sigma,sigma_log_dpm,"Sigma-space DPM-1, log sigma",50,0,0,0.0,0.0
log_sigma,sigma_log_dpm,"Sigma-space DPM-1, log sigma",50,0,0,0.1,0.0916999951004982
log_sigma,sigma_log_dpm,"Sigma-space DPM-1, log sigma",50,0,0,0.2,0.19552001357078552
log_sigma,sigma_log_dpm,"Sigma-space DPM-1, log sigma",50,0,0,0.30000000000000004,0.3097600042819977
log_sigma,sigma_log_dpm,"Sigma-space DPM-1, log sigma",50,0,0,0.4,0.4230799973011017
log_sigma,sigma_log_dpm,"Sigma-space DPM-1, log sigma",50,0,0,0.5,0.57669997215271
log_sigma,sigma_log_dpm,"Sigma-space DPM-1, log sigma",50,0,0,0.6000000000000001,0.6789000034332275
log_sigma,sigma_log_dpm,"Sigma-space DPM-1, log sigma",50,0,0,0.7000000000000001,0.7921800017356873
log_sigma,sigma_log_dpm,"Sigma-space DPM-1, log sigma",50,0,0,0.8,0.8926999568939209
log_sigma,sigma_log_dpm,"Sigma-space DPM-1, log sigma",50,0,0,0.9,0.9656200408935547
log_sigma,sigma_log_dpm,"Sigma-space DPM-1, log sigma",50,0,0,1.0,0.9999600052833557
log_sigma,dpm2_log,"DPM-2 + corrector, log sigma",10,0,0,0.0,0.0
log_sigma,dpm2_log,"DPM-2 + corrector, log sigma",10,0,0,0.1,0.12070000171661377
log_sigma,dpm2_log,"DPM-2 + corrector, log sigma",10,0,0,0.2,0.2473599910736084
log_sigma,dpm2_log,"DPM-2 + corrector, log sigma",10,0,0,0.30000000000000004,0.374239981174469
log_sigma,dpm2_log,"DPM-2 + corrector, log sigma",10,0,0,0.4,0.5130000114440918
log_sigma,dpm2_log,"DPM-2 + corrector, log sigma",10,0,0,0.5,0.6492999792098999
log_sigma,dpm2_log,"DPM-2 + corrector, log sigma",10,0,0,0.6000000000000001,0.7641800045967102
log_sigma,dpm2_log,"DPM-2 + corrector, log sigma",10,0,0,0.7000000000000001,0.8501800298690796
log_sigma,dpm2_log,"DPM-2 + corrector, log sigma",10,0,0,0.8,0.9186400175094604
log_sigma,dpm2_log,"DPM-2 + corrector, log sigma",10,0,0,0.9,0.9713799953460693
log_sigma,dpm2_log,"DPM-2 + corrector, log sigma",10,0,0,1.0,0.9999799728393555
log_sigma,dpm2_log,"DPM-2 + corrector, log sigma",50,0,0,0.0,0.0
log_sigma,dpm2_log,"DPM-2 + corrector, log sigma",50,0,0,0.1,0.11315999925136566
log_sigma,dpm2_log,"DPM-2 + corrector, log sigma",50,0,0,0.2,0.23518000543117523
log_sigma,dpm2_log,"DPM-2 + corrector, log sigma",50,0,0,0.30000000000000004,0.3751400113105774
log_sigma,dpm2_log,"DPM-2 + corrector, log sigma",50,0,0,0.4,0.502240002155304
log_sigma,dpm2_log,"DPM-2 + corrector, log sigma",50,0,0,0.5,0.615280032157898
log_sigma,dpm2_log,"DPM-2 + corrector, log sigma",50,0,0,0.6000000000000001,0.7385599613189697
log_sigma,dpm2_log,"DPM-2 + corrector, log sigma",50,0,0,0.7000000000000001,0.8406000137329102
log_sigma,dpm2_log,"DPM-2 + corrector, log sigma",50,0,0,0.8,0.9248600006103516
log_sigma,dpm2_log,"DPM-2 + corrector, log sigma",50,0,0,0.9,0.976140022277832
log_sigma,dpm2_log,"DPM-2 + corrector, log sigma",50,0,0,1.0,0.9999799728393555
log_sigma,sigma_log_dpm,"Sigma-space DPM-1, log sigma",10,0,1,0.0,0.0
log_sigma,sigma_log_dpm,"Sigma-space DPM-1, log sigma",10,0,1,0.1,0.04944000020623207
log_sigma,sigma_log_dpm,"Sigma-space DPM-1, log sigma",10,0,1,0.2,0.09926000237464905
log_sigma,sigma_log_dpm,"Sigma-space DPM-1, log sigma",10,0,1,0.30000000000000004,0.16064000129699707
log_sigma,sigma_log_dpm,"Sigma-space DPM-1, log sigma",10,0,1,0.4,0.22011999785900116
log_sigma,sigma_log_dpm,"Sigma-space DPM-1, log sigma",10,0,1,0.5,0.2881599962711334
log_sigma,sigma_log_dpm,"Sigma-space DPM-1, log sigma",10,0,1,0.6000000000000001,0.37751999497413635
log_sigma,sigma_log_dpm,"Sigma-space DPM-1, log sigma",10,0,1,0.7000000000000001,0.48517999053001404
log_sigma,sigma_log_dpm,"Sigma-space DPM-1, log sigma",10,0,1,0.8,0.6165199875831604
log_sigma,sigma_log_dpm,"Sigma-space DPM-1, log sigma",10,0,1,0.9,0.7921199798583984
log_sigma,sigma_log_dpm,"Sigma-space DPM-1, log sigma",10,0,1,1.0,0.9996800422668457
log_sigma,sigma_log_dpm,"Sigma-space DPM-1, log sigma",50,0,1,0.0,0.0
log_sigma,sigma_log_dpm,"Sigma-space DPM-1, log sigma",50,0,1,0.1,0.053780000656843185
log_sigma,sigma_log_dpm,"Sigma-space DPM-1, log sigma",50,0,1,0.2,0.12206000089645386
log_sigma,sigma_log_dpm,"Sigma-space DPM-1, log sigma",50,0,1,0.30000000000000004,0.19697999954223633
log_sigma,sigma_log_dpm,"Sigma-space DPM-1, log sigma",50,0,1,0.4,0.27441999316215515
log_sigma,sigma_log_dpm,"Sigma-space DPM-1, log sigma",50,0,1,0.5,0.3482600152492523
log_sigma,sigma_log_dpm,"Sigma-space DPM-1, log sigma",50,0,1,0.6000000000000001,0.43619999289512634
log_sigma,sigma_log_dpm,"Sigma-space DPM-1, log sigma",50,0,1,0.7000000000000001,0.540619969367981
log_sigma,sigma_log_dpm,"Sigma-space DPM-1, log sigma",50,0,1,0.8,0.6826199889183044
log_sigma,sigma_log_dpm,"Sigma-space DPM-1, log sigma",50,0,1,0.9,0.8325200080871582
log_sigma,sigma_log_dpm,"Sigma-space DPM-1, log sigma",50,0,1,1.0,0.999940037727356
log_sigma,dpm2_log,"DPM-2 + corrector, log sigma",10,0,1,0.0,0.0
log_sigma,dpm2_log,"DPM-2 + corrector, log sigma",10,0,1,0.1,0.07426000386476517
log_sigma,dpm2_log,"DPM-2 + corrector, log sigma",10,0,1,0.2,0.14497999846935272
log_sigma,dpm2_log,"DPM-2 + corrector, log sigma",10,0,1,0.30000000000000004,0.22737999260425568
log_sigma,dpm2_log,"DPM-2 + corrector, log sigma",10,0,1,0.4,0.3027600049972534
log_sigma,dpm2_log,"DPM-2 + corrector, log sigma",10,0,1,0.5,0.4114000201225281
log_sigma,dpm2_log,"DPM-2 + corrector, log sigma",10,0,1,0.6000000000000001,0.5240399837493896
log_sigma,dpm2_log,"DPM-2 + corrector, log sigma",10,0,1,0.7000000000000001,0.6552000045776367
log_sigma,dpm2_log,"DPM-2 + corrector, log sigma",10,0,1,0.8,0.7963399887084961
log_sigma,dpm2_log,"DPM-2 + corrector, log sigma",10,0,1,0.9,0.9188599586486816
log_sigma,dpm2_log,"DPM-2 + corrector, log sigma",10,0,1,1.0,0.9992200136184692
log_sigma,dpm2_log,"DPM-2 + corrector, log sigma",50,0,1,0.0,0.0
log_sigma,dpm2_log,"DPM-2 + corrector, log sigma",50,0,1,0.1,0.10013999789953232
log_sigma,dpm2_log,"DPM-2 + corrector, log sigma",50,0,1,0.2,0.2008799910545349
log_sigma,dpm2_log,"DPM-2 + corrector, log sigma",50,0,1,0.30000000000000004,0.29962000250816345
log_sigma,dpm2_log,"DPM-2 + corrector, log sigma",50,0,1,0.4,0.39640000462532043
log_sigma,dpm2_log,"DPM-2 + corrector, log sigma",50,0,1,0.5,0.5099599957466125
log_sigma,dpm2_log,"DPM-2 + corrector, log sigma",50,0,1,0.6000000000000001,0.6119999885559082
log_sigma,dpm2_log,"DPM-2 + corrector, log sigma",50,0,1,0.7000000000000001,0.7129800319671631
log_sigma,dpm2_log,"DPM-2 + corrector, log sigma",50,0,1,0.8,0.8109400272369385
log_sigma,dpm2_log,"DPM-2 + corrector, log sigma",50,0,1,0.9,0.9099000096321106
log_sigma,dpm2_log,"DPM-2 + corrector, log sigma",50,0,1,1.0,0.9991599917411804
log_sigma,sigma_log_dpm,"Sigma-space DPM-1, log sigma",10,0,2,0.0,0.0
log_sigma,sigma_log_dpm,"Sigma-space DPM-1, log sigma",10,0,2,0.1,0.0347599983215332
log_sigma,sigma_log_dpm,"Sigma-space DPM-1, log sigma",10,0,2,0.2,0.06871999800205231
log_sigma,sigma_log_dpm,"Sigma-space DPM-1, log sigma",10,0,2,0.30000000000000004,0.10896000266075134
log_sigma,sigma_log_dpm,"Sigma-space DPM-1, log sigma",10,0,2,0.4,0.15887999534606934
log_sigma,sigma_log_dpm,"Sigma-space DPM-1, log sigma",10,0,2,0.5,0.20958000421524048
log_sigma,sigma_log_dpm,"Sigma-space DPM-1, log sigma",10,0,2,0.6000000000000001,0.2832599878311157
log_sigma,sigma_log_dpm,"Sigma-space DPM-1, log sigma",10,0,2,0.7000000000000001,0.36629998683929443
log_sigma,sigma_log_dpm,"Sigma-space DPM-1, log sigma",10,0,2,0.8,0.4831800162792206
log_sigma,sigma_log_dpm,"Sigma-space DPM-1, log sigma",10,0,2,0.9,0.6762800216674805
log_sigma,sigma_log_dpm,"Sigma-space DPM-1, log sigma",10,0,2,1.0,0.9915399551391602
log_sigma,sigma_log_dpm,"Sigma-space DPM-1, log sigma",50,0,2,0.0,0.0
log_sigma,sigma_log_dpm,"Sigma-space DPM-1, log sigma",50,0,2,0.1,0.046539999544620514
log_sigma,sigma_log_dpm,"Sigma-space DPM-1, log sigma",50,0,2,0.2,0.08793999254703522
log_sigma,sigma_log_dpm,"Sigma-space DPM-1, log sigma",50,0,2,0.30000000000000004,0.1356000006198883
log_sigma,sigma_log_dpm,"Sigma-space DPM-1, log sigma",50,0,2,0.4,0.18862000107765198
log_sigma,sigma_log_dpm,"Sigma-space DPM-1, log sigma",50,0,2,0.5,0.2519199848175049
log_sigma,sigma_log_dpm,"Sigma-space DPM-1, log sigma",50,0,2,0.6000000000000001,0.3262999951839447
log_sigma,sigma_log_dpm,"Sigma-space DPM-1, log sigma",50,0,2,0.7000000000000001,0.4338800013065338
log_sigma,sigma_log_dpm,"Sigma-space DPM-1, log sigma",50,0,2,0.8,0.5688199996948242
log_sigma,sigma_log_dpm,"Sigma-space DPM-1, log sigma",50,0,2,0.9,0.7598000168800354
log_sigma,sigma_log_dpm,"Sigma-space DPM-1, log sigma",50,0,2,1.0,0.9937399625778198
log_sigma,dpm2_log,"DPM-2 + corrector, log sigma",10,0,2,0.0,0.0
log_sigma,dpm2_log,"DPM-2 + corrector, log sigma",10,0,2,0.1,0.04927999898791313
log_sigma,dpm2_log,"DPM-2 + corrector, log sigma",10,0,2,0.2,0.09324000030755997
log_sigma,dpm2_log,"DPM-2 + corrector, log sigma",10,0,2,0.30000000000000004,0.14776000380516052
log_sigma,dpm2_log,"DPM-2 + corrector, log sigma",10,0,2,0.4,0.21950000524520874
log_sigma,dpm2_log,"DPM-2 + corrector, log sigma",10,0,2,0.5,0.2850800156593323
log_sigma,dpm2_log,"DPM-2 + corrector, log sigma",10,0,2,0.6000000000000001,0.38165998458862305
log_sigma,dpm2_log,"DPM-2 + corrector, log sigma",10,0,2,0.7000000000000001,0.4732400178909302
log_sigma,dpm2_log,"DPM-2 + corrector, log sigma",10,0,2,0.8,0.6063399910926819
log_sigma,dpm2_log,"DPM-2 + corrector, log sigma",10,0,2,0.9,0.7752599716186523
log_sigma,dpm2_log,"DPM-2 + corrector, log sigma",10,0,2,1.0,0.9987000226974487
log_sigma,dpm2_log,"DPM-2 + corrector, log sigma",50,0,2,0.0,0.0
log_sigma,dpm2_log,"DPM-2 + corrector, log sigma",50,0,2,0.1,0.06814000010490417
log_sigma,dpm2_log,"DPM-2 + corrector, log sigma",50,0,2,0.2,0.1520400047302246
log_sigma,dpm2_log,"DPM-2 + corrector, log sigma",50,0,2,0.30000000000000004,0.23646000027656555
log_sigma,dpm2_log,"DPM-2 + corrector, log sigma",50,0,2,0.4,0.34163999557495117
log_sigma,dpm2_log,"DPM-2 + corrector, log sigma",50,0,2,0.5,0.4292200207710266
log_sigma,dpm2_log,"DPM-2 + corrector, log sigma",50,0,2,0.6000000000000001,0.5277799963951111
log_sigma,dpm2_log,"DPM-2 + corrector, log sigma",50,0,2,0.7000000000000001,0.6386399865150452
log_sigma,dpm2_log,"DPM-2 + corrector, log sigma",50,0,2,0.8,0.7442600131034851
log_sigma,dpm2_log,"DPM-2 + corrector, log sigma",50,0,2,0.9,0.8659000396728516
log_sigma,dpm2_log,"DPM-2 + corrector, log sigma",50,0,2,1.0,0.9992600083351135
log_sigma,sigma_log_dpm,"Sigma-space DPM-1, log sigma",10,0,3,0.0,0.0
log_sigma,sigma_log_dpm,"Sigma-space DPM-1, log sigma",10,0,3,0.1,0.0524199977517128
log_sigma,sigma_log_dpm,"Sigma-space DPM-1, log sigma",10,0,3,0.2,0.11300000548362732
log_sigma,sigma_log_dpm,"Sigma-space DPM-1, log sigma",10,0,3,0.30000000000000004,0.18215999007225037
log_sigma,sigma_log_dpm,"Sigma-space DPM-1, log sigma",10,0,3,0.4,0.2505599856376648
log_sigma,sigma_log_dpm,"Sigma-space DPM-1, log sigma",10,0,3,0.5,0.3384999930858612
log_sigma,sigma_log_dpm,"Sigma-space DPM-1, log sigma",10,0,3,0.6000000000000001,0.4256399869918823
log_sigma,sigma_log_dpm,"Sigma-space DPM-1, log sigma",10,0,3,0.7000000000000001,0.5092400312423706
log_sigma,sigma_log_dpm,"Sigma-space DPM-1, log sigma",10,0,3,0.8,0.6478400230407715
log_sigma,sigma_log_dpm,"Sigma-space DPM-1, log sigma",10,0,3,0.9,0.8085600137710571
log_sigma,sigma_log_dpm,"Sigma-space DPM-1, log sigma",10,0,3,1.0,0.9923000335693359
log_sigma,sigma_log_dpm,"Sigma-space DPM-1, log sigma",50,0,3,0.0,0.0
log_sigma,sigma_log_dpm,"Sigma-space DPM-1, log sigma",50,0,3,0.1,0.058580003678798676
log_sigma,sigma_log_dpm,"Sigma-space DPM-1, log sigma",50,0,3,0.2,0.12554000318050385
log_sigma,sigma_log_dpm,"Sigma-space DPM-1, log sigma",50,0,3,0.30000000000000004,0.18671999871730804
log_sigma,sigma_log_dpm,"Sigma-space DPM-1, log sigma",50,0,3,0.4,0.2737399935722351
log_sigma,sigma_log_dpm,"Sigma-space DPM-1, log sigma",50,0,3,0.5,0.3632200062274933
log_sigma,sigma_log_dpm,"Sigma-space DPM-1, log sigma",50,0,3,0.6000000000000001,0.44962000846862793
log_sigma,sigma_log_dpm,"Sigma-space DPM-1, log sigma",50,0,3,0.7000000000000001,0.5719000101089478
log_sigma,sigma_log_dpm,"Sigma-space DPM-1, log sigma",50,0,3,0.8,0.7037799954414368
log_sigma,sigma_log_dpm,"Sigma-space DPM-1, log sigma",50,0,3,0.9,0.8519999980926514
log_sigma,sigma_log_dpm,"Sigma-space DPM-1, log sigma",50,0,3,1.0,0.999779999256134
log_sigma,dpm2_log,"DPM-2 + corrector, log sigma",10,0,3,0.0,0.0
log_sigma,dpm2_log,"DPM-2 + corrector, log sigma",10,0,3,0.1,0.08343999832868576
log_sigma,dpm2_log,"DPM-2 + corrector, log sigma",10,0,3,0.2,0.18456000089645386
log_sigma,dpm2_log,"DPM-2 + corrector, log sigma",10,0,3,0.30000000000000004,0.28078001737594604
log_sigma,dpm2_log,"DPM-2 + corrector, log sigma",10,0,3,0.4,0.3757399916648865
log_sigma,dpm2_log,"DPM-2 + corrector, log sigma",10,0,3,0.5,0.46667999029159546
log_sigma,dpm2_log,"DPM-2 + corrector, log sigma",10,0,3,0.6000000000000001,0.5573599934577942
log_sigma,dpm2_log,"DPM-2 + corrector, log sigma",10,0,3,0.7000000000000001,0.6619399785995483
log_sigma,dpm2_log,"DPM-2 + corrector, log sigma",10,0,3,0.8,0.7671599984169006
log_sigma,dpm2_log,"DPM-2 + corrector, log sigma",10,0,3,0.9,0.9007799625396729
log_sigma,dpm2_log,"DPM-2 + corrector, log sigma",10,0,3,1.0,0.9993200302124023
log_sigma,dpm2_log,"DPM-2 + corrector, log sigma",50,0,3,0.0,0.0
log_sigma,dpm2_log,"DPM-2 + corrector, log sigma",50,0,3,0.1,0.10277999937534332
log_sigma,dpm2_log,"DPM-2 + corrector, log sigma",50,0,3,0.2,0.2108599990606308
log_sigma,dpm2_log,"DPM-2 + corrector, log sigma",50,0,3,0.30000000000000004,0.3180199861526489
log_sigma,dpm2_log,"DPM-2 + corrector, log sigma",50,0,3,0.4,0.42146000266075134
log_sigma,dpm2_log,"DPM-2 + corrector, log sigma",50,0,3,0.5,0.5207200050354004
log_sigma,dpm2_log,"DPM-2 + corrector, log sigma",50,0,3,0.6000000000000001,0.6315200328826904
log_sigma,dpm2_log,"DPM-2 + corrector, log sigma",50,0,3,0.7000000000000001,0.743939995765686
log_sigma,dpm2_log,"DPM-2 + corrector, log sigma",50,0,3,0.8,0.8362200260162354
log_sigma,dpm2_log,"DPM-2 + corrector, log sigma",50,0,3,0.9,0.9206399917602539
log_sigma,dpm2_log,"DPM-2 + corrector, log sigma",50,0,3,1.0,0.9999799728393555
log_sigma,sigma_log_dpm,"Sigma-space DPM-1, log sigma",10,0,4,0.0,0.0
log_sigma,sigma_log_dpm,"Sigma-space DPM-1, log sigma",10,0,4,0.1,0.08817999809980392
log_sigma,sigma_log_dpm,"Sigma-space DPM-1, log sigma",10,0,4,0.2,0.16313999891281128
log_sigma,sigma_log_dpm,"Sigma-space DPM-1, log sigma",10,0,4,0.30000000000000004,0.2307799905538559
log_sigma,sigma_log_dpm,"Sigma-space DPM-1, log sigma",10,0,4,0.4,0.32349997758865356
log_sigma,sigma_log_dpm,"Sigma-space DPM-1, log sigma",10,0,4,0.5,0.4154999852180481
log_sigma,sigma_log_dpm,"Sigma-space DPM-1, log sigma",10,0,4,0.6000000000000001,0.5007200241088867
log_sigma,sigma_log_dpm,"Sigma-space DPM-1, log sigma",10,0,4,0.7000000000000001,0.598360002040863
log_sigma,sigma_log_dpm,"Sigma-space DPM-1, log sigma",10,0,4,0.8,0.7106800079345703
log_sigma,sigma_log_dpm,"Sigma-space DPM-1, log sigma",10,0,4,0.9,0.8307999968528748
log_sigma,sigma_log_dpm,"Sigma-space DPM-1, log sigma",10,0,4,1.0,0.9731400012969971
log_sigma,sigma_log_dpm,"Sigma-space DPM-1, log sigma",50,0,4,0.0,0.0
log_sigma,sigma_log_dpm,"Sigma-space DPM-1, log sigma",50,0,4,0.1,0.08959999680519104
log_sigma,sigma_log_dpm,"Sigma-space DPM-1, log sigma",50,0,4,0.2,0.1745000034570694
log_sigma,sigma_log_dpm,"Sigma-space DPM-1, log sigma",50,0,4,0.30000000000000004,0.2541400194168091
log_sigma,sigma_log_dpm,"Sigma-space DPM-1, log sigma",50,0,4,0.4,0.33660000562667847
log_sigma,sigma_log_dpm,"Sigma-space DPM-1, log sigma",50,0,4,0.5,0.42574000358581543
log_sigma,sigma_log_dpm,"Sigma-space DPM-1, log sigma",50,0,4,0.6000000000000001,0.5224599838256836
log_sigma,sigma_log_dpm,"Sigma-space DPM-1, log sigma",50,0,4,0.7000000000000001,0.6349999904632568
log_sigma,sigma_log_dpm,"Sigma-space DPM-1, log sigma",50,0,4,0.8,0.7431999444961548
log_sigma,sigma_log_dpm,"Sigma-space DPM-1, log sigma",50,0,4,0.9,0.8429399728775024
log_sigma,sigma_log_dpm,"Sigma-space DPM-1, log sigma",50,0,4,1.0,0.998199999332428
log_sigma,dpm2_log,"DPM-2 + corrector, log sigma",10,0,4,0.0,0.0
log_sigma,dpm2_log,"DPM-2 + corrector, log sigma",10,0,4,0.1,0.09961999952793121
log_sigma,dpm2_log,"DPM-2 + corrector, log sigma",10,0,4,0.2,0.20207999646663666
log_sigma,dpm2_log,"DPM-2 + corrector, log sigma",10,0,4,0.30000000000000004,0.3014400005340576
log_sigma,dpm2_log,"DPM-2 + corrector, log sigma",10,0,4,0.4,0.4264400005340576
log_sigma,dpm2_log,"DPM-2 + corrector, log sigma",10,0,4,0.5,0.5192400217056274
log_sigma,dpm2_log,"DPM-2 + corrector, log sigma",10,0,4,0.6000000000000001,0.6201000213623047
log_sigma,dpm2_log,"DPM-2 + corrector, log sigma",10,0,4,0.7000000000000001,0.7137999534606934
log_sigma,dpm2_log,"DPM-2 + corrector, log sigma",10,0,4,0.8,0.8188999891281128
log_sigma,dpm2_log,"DPM-2 + corrector, log sigma",10,0,4,0.9,0.9128600358963013
log_sigma,dpm2_log,"DPM-2 + corrector, log sigma",10,0,4,1.0,0.9980000257492065
log_sigma,dpm2_log,"DPM-2 + corrector, log sigma",50,0,4,0.0,0.0
log_sigma,dpm2_log,"DPM-2 + corrector, log sigma",50,0,4,0.1,0.105880007147789
log_sigma,dpm2_log,"DPM-2 + corrector, log sigma",50,0,4,0.2,0.2034199982881546
log_sigma,dpm2_log,"DPM-2 + corrector, log sigma",50,0,4,0.30000000000000004,0.32006001472473145
log_sigma,dpm2_log,"DPM-2 + corrector, log sigma",50,0,4,0.4,0.45416000485420227
log_sigma,dpm2_log,"DPM-2 + corrector, log sigma",50,0,4,0.5,0.5687999725341797
log_sigma,dpm2_log,"DPM-2 + corrector, log sigma",50,0,4,0.6000000000000001,0.6780400276184082
log_sigma,dpm2_log,"DPM-2 + corrector, log sigma",50,0,4,0.7000000000000001,0.7735599875450134
log_sigma,dpm2_log,"DPM-2 + corrector, log sigma",50,0,4,0.8,0.8529599905014038
log_sigma,dpm2_log,"DPM-2 + corrector, log sigma",50,0,4,0.9,0.9371999502182007
log_sigma,dpm2_log,"DPM-2 + corrector, log sigma",50,0,4,1.0,0.9998800158500671
log_sigma,sigma_log_dpm,"Sigma-space DPM-1, log sigma",10,0,5,0.0,0.0
log_sigma,sigma_log_dpm,"Sigma-space DPM-1, log sigma",10,0,5,0.1,0.06921999901533127
log_sigma,sigma_log_dpm,"Sigma-space DPM-1, log sigma",10,0,5,0.2,0.13967999815940857
log_sigma,sigma_log_dpm,"Sigma-space DPM-1, log sigma",10,0,5,0.30000000000000004,0.20452000200748444
log_sigma,sigma_log_dpm,"Sigma-space DPM-1, log sigma",10,0,5,0.4,0.2845799922943115
log_sigma,sigma_log_dpm,"Sigma-space DPM-1, log sigma",10,0,5,0.5,0.35343998670578003
log_sigma,sigma_log_dpm,"Sigma-space DPM-1, log sigma",10,0,5,0.6000000000000001,0.42941999435424805
log_sigma,sigma_log_dpm,"Sigma-space DPM-1, log sigma",10,0,5,0.7000000000000001,0.5214599967002869
log_sigma,sigma_log_dpm,"Sigma-space DPM-1, log sigma",10,0,5,0.8,0.6185399889945984
log_sigma,sigma_log_dpm,"Sigma-space DPM-1, log sigma",10,0,5,0.9,0.7982000112533569
log_sigma,sigma_log_dpm,"Sigma-space DPM-1, log sigma",10,0,5,1.0,0.977840006351471
log_sigma,sigma_log_dpm,"Sigma-space DPM-1, log sigma",50,0,5,0.0,0.0
log_sigma,sigma_log_dpm,"Sigma-space DPM-1, log sigma",50,0,5,0.1,0.07029999792575836
log_sigma,sigma_log_dpm,"Sigma-space DPM-1, log sigma",50,0,5,0.2,0.13755999505519867
log_sigma,sigma_log_dpm,"Sigma-space DPM-1, log sigma",50,0,5,0.30000000000000004,0.22062000632286072
log_sigma,sigma_log_dpm,"Sigma-space DPM-1, log sigma",50,0,5,0.4,0.291159987449646
log_sigma,sigma_log_dpm,"Sigma-space DPM-1, log sigma",50,0,5,0.5,0.3762400150299072
log_sigma,sigma_log_dpm,"Sigma-space DPM-1, log sigma",50,0,5,0.6000000000000001,0.4891800284385681
log_sigma,sigma_log_dpm,"Sigma-space DPM-1, log sigma",50,0,5,0.7000000000000001,0.5674200057983398
log_sigma,sigma_log_dpm,"Sigma-space DPM-1, log sigma",50,0,5,0.8,0.6811400055885315
log_sigma,sigma_log_dpm,"Sigma-space DPM-1, log sigma",50,0,5,0.9,0.8188599944114685
log_sigma,sigma_log_dpm,"Sigma-space DPM-1, log sigma",50,0,5,1.0,0.9866000413894653
log_sigma,dpm2_log,"DPM-2 + corrector, log sigma",10,0,5,0.0,0.0
log_sigma,dpm2_log,"DPM-2 + corrector, log sigma",10,0,5,0.1,0.09086000174283981
log_sigma,dpm2_log,"DPM-2 + corrector, log sigma",10,0,5,0.2,0.1818999946117401
log_sigma,dpm2_log,"DPM-2 + corrector, log sigma",10,0,5,0.30000000000000004,0.26763999462127686
log_sigma,dpm2_log,"DPM-2 + corrector, log sigma",10,0,5,0.4,0.36017999053001404
log_sigma,dpm2_log,"DPM-2 + corrector, log sigma",10,0,5,0.5,0.44774001836776733
log_sigma,dpm2_log,"DPM-2 + corrector, log sigma",10,0,5,0.6000000000000001,0.5440800189971924
log_sigma,dpm2_log,"DPM-2 + corrector, log sigma",10,0,5,0.7000000000000001,0.6472400426864624
log_sigma,dpm2_log,"DPM-2 + corrector, log sigma",10,0,5,0.8,0.7537000179290771
log_sigma,dpm2_log,"DPM-2 + corrector, log sigma",10,0,5,0.9,0.8779000043869019
log_sigma,dpm2_log,"DPM-2 + corrector, log sigma",10,0,5,1.0,0.9990400075912476
log_sigma,dpm2_log,"DPM-2 + corrector, log sigma",50,0,5,0.0,0.0
log_sigma,dpm2_log,"DPM-2 + corrector, log sigma",50,0,5,0.1,0.10104000568389893
log_sigma,dpm2_log,"DPM-2 + corrector, log sigma",50,0,5,0.2,0.19339999556541443
log_sigma,dpm2_log,"DPM-2 + corrector, log sigma",50,0,5,0.30000000000000004,0.2829200029373169
log_sigma,dpm2_log,"DPM-2 + corrector, log sigma",50,0,5,0.4,0.39215999841690063
log_sigma,dpm2_log,"DPM-2 + corrector, log sigma",50,0,5,0.5,0.49959999322891235
log_sigma,dpm2_log,"DPM-2 + corrector, log sigma",50,0,5,0.6000000000000001,0.6001399755477905
log_sigma,dpm2_log,"DPM-2 + corrector, log sigma",50,0,5,0.7000000000000001,0.7080399990081787
log_sigma,dpm2_log,"DPM-2 + corrector, log sigma",50,0,5,0.8,0.8194400072097778
log_sigma,dpm2_log,"DPM-2 + corrector, log sigma",50,0,5,0.9,0.9282200336456299
log_sigma,dpm2_log,"DPM-2 + corrector, log sigma",50,0,5,1.0,0.9999200105667114
log_sigma,sigma_log_dpm,"Sigma-space DPM-1, log sigma",10,0,6,0.0,0.0
log_sigma,sigma_log_dpm,"Sigma-space DPM-1, log sigma",10,0,6,0.1,0.07738000154495239
log_sigma,sigma_log_dpm,"Sigma-space DPM-1, log sigma",10,0,6,0.2,0.15376000106334686
log_sigma,sigma_log_dpm,"Sigma-space DPM-1, log sigma",10,0,6,0.30000000000000004,0.2277199923992157
log_sigma,sigma_log_dpm,"Sigma-space DPM-1, log sigma",10,0,6,0.4,0.2988799810409546
log_sigma,sigma_log_dpm,"Sigma-space DPM-1, log sigma",10,0,6,0.5,0.3833799958229065
log_sigma,sigma_log_dpm,"Sigma-space DPM-1, log sigma",10,0,6,0.6000000000000001,0.468860000371933
log_sigma,sigma_log_dpm,"Sigma-space DPM-1, log sigma",10,0,6,0.7000000000000001,0.5824199914932251
log_sigma,sigma_log_dpm,"Sigma-space DPM-1, log sigma",10,0,6,0.8,0.6853200197219849
log_sigma,sigma_log_dpm,"Sigma-space DPM-1, log sigma",10,0,6,0.9,0.8139200210571289
log_sigma,sigma_log_dpm,"Sigma-space DPM-1, log sigma",10,0,6,1.0,0.9868600368499756
log_sigma,sigma_log_dpm,"Sigma-space DPM-1, log sigma",50,0,6,0.0,0.0
log_sigma,sigma_log_dpm,"Sigma-space DPM-1, log sigma",50,0,6,0.1,0.07199999690055847
log_sigma,sigma_log_dpm,"Sigma-space DPM-1, log sigma",50,0,6,0.2,0.1543000042438507
log_sigma,sigma_log_dpm,"Sigma-space DPM-1, log sigma",50,0,6,0.30000000000000004,0.23697999119758606
log_sigma,sigma_log_dpm,"Sigma-space DPM-1, log sigma",50,0,6,0.4,0.3330399990081787
log_sigma,sigma_log_dpm,"Sigma-space DPM-1, log sigma",50,0,6,0.5,0.43650001287460327
log_sigma,sigma_log_dpm,"Sigma-space DPM-1, log sigma",50,0,6,0.6000000000000001,0.5328999757766724
log_sigma,sigma_log_dpm,"Sigma-space DPM-1, log sigma",50,0,6,0.7000000000000001,0.6161199808120728
log_sigma,sigma_log_dpm,"Sigma-space DPM-1, log sigma",50,0,6,0.8,0.7186200022697449
log_sigma,sigma_log_dpm,"Sigma-space DPM-1, log sigma",50,0,6,0.9,0.856719970703125
log_sigma,sigma_log_dpm,"Sigma-space DPM-1, log sigma",50,0,6,1.0,0.9945200085639954
log_sigma,dpm2_log,"DPM-2 + corrector, log sigma",10,0,6,0.0,0.0
log_sigma,dpm2_log,"DPM-2 + corrector, log sigma",10,0,6,0.1,0.09477999806404114
log_sigma,dpm2_log,"DPM-2 + corrector, log sigma",10,0,6,0.2,0.18634000420570374
log_sigma,dpm2_log,"DPM-2 + corrector, log sigma",10,0,6,0.30000000000000004,0.2902199923992157
log_sigma,dpm2_log,"DPM-2 + corrector, log sigma",10,0,6,0.4,0.385699987411499
log_sigma,dpm2_log,"DPM-2 + corrector, log sigma",10,0,6,0.5,0.4813600182533264
log_sigma,dpm2_log,"DPM-2 + corrector, log sigma",10,0,6,0.6000000000000001,0.5759400129318237
log_sigma,dpm2_log,"DPM-2 + corrector, log sigma",10,0,6,0.7000000000000001,0.6726599931716919
log_sigma,dpm2_log,"DPM-2 + corrector, log sigma",10,0,6,0.8,0.7880200147628784
log_sigma,dpm2_log,"DPM-2 + corrector, log sigma",10,0,6,0.9,0.8889600038528442
log_sigma,dpm2_log,"DPM-2 + corrector, log sigma",10,0,6,1.0,0.999779999256134
log_sigma,dpm2_log,"DPM-2 + corrector, log sigma",50,0,6,0.0,0.0
log_sigma,dpm2_log,"DPM-2 + corrector, log sigma",50,0,6,0.1,0.09668000042438507
log_sigma,dpm2_log,"DPM-2 + corrector, log sigma",50,0,6,0.2,0.20862001180648804
log_sigma,dpm2_log,"DPM-2 + corrector, log sigma",50,0,6,0.30000000000000004,0.3176800012588501
log_sigma,dpm2_log,"DPM-2 + corrector, log sigma",50,0,6,0.4,0.4307200014591217
log_sigma,dpm2_log,"DPM-2 + corrector, log sigma",50,0,6,0.5,0.5454599857330322
log_sigma,dpm2_log,"DPM-2 + corrector, log sigma",50,0,6,0.6000000000000001,0.6619800329208374
log_sigma,dpm2_log,"DPM-2 + corrector, log sigma",50,0,6,0.7000000000000001,0.7775399684906006
log_sigma,dpm2_log,"DPM-2 + corrector, log sigma",50,0,6,0.8,0.8723200559616089
log_sigma,dpm2_log,"DPM-2 + corrector, log sigma",50,0,6,0.9,0.9398800134658813
log_sigma,dpm2_log,"DPM-2 + corrector, log sigma",50,0,6,1.0,0.9984400272369385
log_sigma,sigma_log_dpm,"Sigma-space DPM-1, log sigma",10,0,7,0.0,0.0
log_sigma,sigma_log_dpm,"Sigma-space DPM-1, log sigma",10,0,7,0.1,0.09358000010251999
log_sigma,sigma_log_dpm,"Sigma-space DPM-1, log sigma",10,0,7,0.2,0.17892000079154968
log_sigma,sigma_log_dpm,"Sigma-space DPM-1, log sigma",10,0,7,0.30000000000000004,0.2705399990081787
log_sigma,sigma_log_dpm,"Sigma-space DPM-1, log sigma",10,0,7,0.4,0.354420006275177
log_sigma,sigma_log_dpm,"Sigma-space DPM-1, log sigma",10,0,7,0.5,0.41901999711990356
log_sigma,sigma_log_dpm,"Sigma-space DPM-1, log sigma",10,0,7,0.6000000000000001,0.49136000871658325
log_sigma,sigma_log_dpm,"Sigma-space DPM-1, log sigma",10,0,7,0.7000000000000001,0.5593199729919434
log_sigma,sigma_log_dpm,"Sigma-space DPM-1, log sigma",10,0,7,0.8,0.618880033493042
log_sigma,sigma_log_dpm,"Sigma-space DPM-1, log sigma",10,0,7,0.9,0.7311999797821045
log_sigma,sigma_log_dpm,"Sigma-space DPM-1, log sigma",10,0,7,1.0,0.9923000335693359
log_sigma,sigma_log_dpm,"Sigma-space DPM-1, log sigma",50,0,7,0.0,0.0
log_sigma,sigma_log_dpm,"Sigma-space DPM-1, log sigma",50,0,7,0.1,0.10452000051736832
log_sigma,sigma_log_dpm,"Sigma-space DPM-1, log sigma",50,0,7,0.2,0.2019599974155426
log_sigma,sigma_log_dpm,"Sigma-space DPM-1, log sigma",50,0,7,0.30000000000000004,0.3042600154876709
log_sigma,sigma_log_dpm,"Sigma-space DPM-1, log sigma",50,0,7,0.4,0.3907800018787384
log_sigma,sigma_log_dpm,"Sigma-space DPM-1, log sigma",50,0,7,0.5,0.45486000180244446
log_sigma,sigma_log_dpm,"Sigma-space DPM-1, log sigma",50,0,7,0.6000000000000001,0.5216599702835083
log_sigma,sigma_log_dpm,"Sigma-space DPM-1, log sigma",50,0,7,0.7000000000000001,0.582099974155426
log_sigma,sigma_log_dpm,"Sigma-space DPM-1, log sigma",50,0,7,0.8,0.6674799919128418
log_sigma,sigma_log_dpm,"Sigma-space DPM-1, log sigma",50,0,7,0.9,0.7755600214004517
log_sigma,sigma_log_dpm,"Sigma-space DPM-1, log sigma",50,0,7,1.0,0.9916599988937378
log_sigma,dpm2_log,"DPM-2 + corrector, log sigma",10,0,7,0.0,0.0
log_sigma,dpm2_log,"DPM-2 + corrector, log sigma",10,0,7,0.1,0.10542000085115433
log_sigma,dpm2_log,"DPM-2 + corrector, log sigma",10,0,7,0.2,0.2041199952363968
log_sigma,dpm2_log,"DPM-2 + corrector, log sigma",10,0,7,0.30000000000000004,0.30291998386383057
log_sigma,dpm2_log,"DPM-2 + corrector, log sigma",10,0,7,0.4,0.41211998462677
log_sigma,dpm2_log,"DPM-2 + corrector, log sigma",10,0,7,0.5,0.4916999936103821
log_sigma,dpm2_log,"DPM-2 + corrector, log sigma",10,0,7,0.6000000000000001,0.5630000233650208
log_sigma,dpm2_log,"DPM-2 + corrector, log sigma",10,0,7,0.7000000000000001,0.6417199969291687
log_sigma,dpm2_log,"DPM-2 + corrector, log sigma",10,0,7,0.8,0.7381200194358826
log_sigma,dpm2_log,"DPM-2 + corrector, log sigma",10,0,7,0.9,0.8645800352096558
log_sigma,dpm2_log,"DPM-2 + corrector, log sigma",10,0,7,1.0,0.9995599985122681
log_sigma,dpm2_log,"DPM-2 + corrector, log sigma",50,0,7,0.0,0.0
log_sigma,dpm2_log,"DPM-2 + corrector, log sigma",50,0,7,0.1,0.1032399982213974
log_sigma,dpm2_log,"DPM-2 + corrector, log sigma",50,0,7,0.2,0.2076600044965744
log_sigma,dpm2_log,"DPM-2 + corrector, log sigma",50,0,7,0.30000000000000004,0.32190001010894775
log_sigma,dpm2_log,"DPM-2 + corrector, log sigma",50,0,7,0.4,0.4261000156402588
log_sigma,dpm2_log,"DPM-2 + corrector, log sigma",50,0,7,0.5,0.5286400318145752
log_sigma,dpm2_log,"DPM-2 + corrector, log sigma",50,0,7,0.6000000000000001,0.6373000144958496
log_sigma,dpm2_log,"DPM-2 + corrector, log sigma",50,0,7,0.7000000000000001,0.7309200167655945
log_sigma,dpm2_log,"DPM-2 + corrector, log sigma",50,0,7,0.8,0.8253799676895142
log_sigma,dpm2_log,"DPM-2 + corrector, log sigma",50,0,7,0.9,0.9135400056838989
log_sigma,dpm2_log,"DPM-2 + corrector, log sigma",50,0,7,1.0,0.9997999668121338
log_sigma,sigma_log_dpm,"Sigma-space DPM-1, log sigma",10,0,8,0.0,0.0
log_sigma,sigma_log_dpm,"Sigma-space DPM-1, log sigma",10,0,8,0.1,0.10553999245166779
log_sigma,sigma_log_dpm,"Sigma-space DPM-1, log sigma",10,0,8,0.2,0.19723999500274658
log_sigma,sigma_log_dpm,"Sigma-space DPM-1, log sigma",10,0,8,0.30000000000000004,0.2861199975013733
log_sigma,sigma_log_dpm,"Sigma-space DPM-1, log sigma",10,0,8,0.4,0.3786199986934662
log_sigma,sigma_log_dpm,"Sigma-space DPM-1, log sigma",10,0,8,0.5,0.47854000329971313
log_sigma,sigma_log_dpm,"Sigma-space DPM-1, log sigma",10,0,8,0.6000000000000001,0.5740599632263184
log_sigma,sigma_log_dpm,"Sigma-space DPM-1, log sigma",10,0,8,0.7000000000000001,0.6687400341033936
log_sigma,sigma_log_dpm,"Sigma-space DPM-1, log sigma",10,0,8,0.8,0.7638800144195557
log_sigma,sigma_log_dpm,"Sigma-space DPM-1, log sigma",10,0,8,0.9,0.8853200078010559
log_sigma,sigma_log_dpm,"Sigma-space DPM-1, log sigma",10,0,8,1.0,0.999180018901825
log_sigma,sigma_log_dpm,"Sigma-space DPM-1, log sigma",50,0,8,0.0,0.0
log_sigma,sigma_log_dpm,"Sigma-space DPM-1, log sigma",50,0,8,0.1,0.10108000040054321
log_sigma,sigma_log_dpm,"Sigma-space DPM-1, log sigma",50,0,8,0.2,0.20594000816345215
log_sigma,sigma_log_dpm,"Sigma-space DPM-1, log sigma",50,0,8,0.30000000000000004,0.3342599868774414
log_sigma,sigma_log_dpm,"Sigma-space DPM-1, log sigma",50,0,8,0.4,0.4219000041484833
log_sigma,sigma_log_dpm,"Sigma-space DPM-1, log sigma",50,0,8,0.5,0.5139600038528442
log_sigma,sigma_log_dpm,"Sigma-space DPM-1, log sigma",50,0,8,0.6000000000000001,0.6285200119018555
log_sigma,sigma_log_dpm,"Sigma-space DPM-1, log sigma",50,0,8,0.7000000000000001,0.7384400367736816
log_sigma,sigma_log_dpm,"Sigma-space DPM-1, log sigma",50,0,8,0.8,0.8315399885177612
log_sigma,sigma_log_dpm,"Sigma-space DPM-1, log sigma",50,0,8,0.9,0.9367400407791138
log_sigma,sigma_log_dpm,"Sigma-space DPM-1, log sigma",50,0,8,1.0,0.9997999668121338
log_sigma,dpm2_log,"DPM-2 + corrector, log sigma",10,0,8,0.0,0.0
log_sigma,dpm2_log,"DPM-2 + corrector, log sigma",10,0,8,0.1,0.11816000193357468
log_sigma,dpm2_log,"DPM-2 + corrector, log sigma",10,0,8,0.2,0.23080000281333923
log_sigma,dpm2_log,"DPM-2 + corrector, log sigma",10,0,8,0.30000000000000004,0.3435800075531006
log_sigma,dpm2_log,"DPM-2 + corrector, log sigma",10,0,8,0.4,0.475600004196167
log_sigma,dpm2_log,"DPM-2 + corrector, log sigma",10,0,8,0.5,0.5823000073432922
log_sigma,dpm2_log,"DPM-2 + corrector, log sigma",10,0,8,0.6000000000000001,0.6870200037956238
log_sigma,dpm2_log,"DPM-2 + corrector, log sigma",10,0,8,0.7000000000000001,0.7932199835777283
log_sigma,dpm2_log,"DPM-2 + corrector, log sigma",10,0,8,0.8,0.8805999755859375
log_sigma,dpm2_log,"DPM-2 + corrector, log sigma",10,0,8,0.9,0.9591799974441528
log_sigma,dpm2_log,"DPM-2 + corrector, log sigma",10,0,8,1.0,1.0
log_sigma,dpm2_log,"DPM-2 + corrector, log sigma",50,0,8,0.0,0.0
log_sigma,dpm2_log,"DPM-2 + corrector, log sigma",50,0,8,0.1,0.1256600022315979
log_sigma,dpm2_log,"DPM-2 + corrector, log sigma",50,0,8,0.2,0.24340000748634338
log_sigma,dpm2_log,"DPM-2 + corrector, log sigma",50,0,8,0.30000000000000004,0.3626199960708618
log_sigma,dpm2_log,"DPM-2 + corrector, log sigma",50,0,8,0.4,0.47096002101898193
log_sigma,dpm2_log,"DPM-2 + corrector, log sigma",50,0,8,0.5,0.5900200009346008
log_sigma,dpm2_log,"DPM-2 + corrector, log sigma",50,0,8,0.6000000000000001,0.6929800510406494
log_sigma,dpm2_log,"DPM-2 + corrector, log sigma",50,0,8,0.7000000000000001,0.786579966545105
log_sigma,dpm2_log,"DPM-2 + corrector, log sigma",50,0,8,0.8,0.8873800039291382
log_sigma,dpm2_log,"DPM-2 + corrector, log sigma",50,0,8,0.9,0.9594600200653076
log_sigma,dpm2_log,"DPM-2 + corrector, log sigma",50,0,8,1.0,0.9999600052833557
log_sigma,sigma_log_dpm,"Sigma-space DPM-1, log sigma",10,0,9,0.0,0.0
log_sigma,sigma_log_dpm,"Sigma-space DPM-1, log sigma",10,0,9,0.1,0.11584000289440155
log_sigma,sigma_log_dpm,"Sigma-space DPM-1, log sigma",10,0,9,0.2,0.2413400113582611
log_sigma,sigma_log_dpm,"Sigma-space DPM-1, log sigma",10,0,9,0.30000000000000004,0.36959999799728394
log_sigma,sigma_log_dpm,"Sigma-space DPM-1, log sigma",10,0,9,0.4,0.4911800026893616
log_sigma,sigma_log_dpm,"Sigma-space DPM-1, log sigma",10,0,9,0.5,0.6075999736785889
log_sigma,sigma_log_dpm,"Sigma-space DPM-1, log sigma",10,0,9,0.6000000000000001,0.7110199928283691
log_sigma,sigma_log_dpm,"Sigma-space DPM-1, log sigma",10,0,9,0.7000000000000001,0.8033000230789185
log_sigma,sigma_log_dpm,"Sigma-space DPM-1, log sigma",10,0,9,0.8,0.8955600261688232
log_sigma,sigma_log_dpm,"Sigma-space DPM-1, log sigma",10,0,9,0.9,0.9709600210189819
log_sigma,sigma_log_dpm,"Sigma-space DPM-1, log sigma",10,0,9,1.0,0.9999799728393555
log_sigma,sigma_log_dpm,"Sigma-space DPM-1, log sigma",50,0,9,0.0,0.0
log_sigma,sigma_log_dpm,"Sigma-space DPM-1, log sigma",50,0,9,0.1,0.12219999730587006
log_sigma,sigma_log_dpm,"Sigma-space DPM-1, log sigma",50,0,9,0.2,0.2604599893093109
log_sigma,sigma_log_dpm,"Sigma-space DPM-1, log sigma",50,0,9,0.30000000000000004,0.38700002431869507
log_sigma,sigma_log_dpm,"Sigma-space DPM-1, log sigma",50,0,9,0.4,0.5138199925422668
log_sigma,sigma_log_dpm,"Sigma-space DPM-1, log sigma",50,0,9,0.5,0.6182199716567993
log_sigma,sigma_log_dpm,"Sigma-space DPM-1, log sigma",50,0,9,0.6000000000000001,0.7306599617004395
log_sigma,sigma_log_dpm,"Sigma-space DPM-1, log sigma",50,0,9,0.7000000000000001,0.8370200395584106
log_sigma,sigma_log_dpm,"Sigma-space DPM-1, log sigma",50,0,9,0.8,0.9157999753952026
log_sigma,sigma_log_dpm,"Sigma-space DPM-1, log sigma",50,0,9,0.9,0.9737399816513062
log_sigma,sigma_log_dpm,"Sigma-space DPM-1, log sigma",50,0,9,1.0,0.999779999256134
log_sigma,dpm2_log,"DPM-2 + corrector, log sigma",10,0,9,0.0,0.0
log_sigma,dpm2_log,"DPM-2 + corrector, log sigma",10,0,9,0.1,0.15525999665260315
log_sigma,dpm2_log,"DPM-2 + corrector, log sigma",10,0,9,0.2,0.2900800108909607
log_sigma,dpm2_log,"DPM-2 + corrector, log sigma",10,0,9,0.30000000000000004,0.43634000420570374
log_sigma,dpm2_log,"DPM-2 + corrector, log sigma",10,0,9,0.4,0.5623400211334229
log_sigma,dpm2_log,"DPM-2 + corrector, log sigma",10,0,9,0.5,0.6755599975585938
log_sigma,dpm2_log,"DPM-2 + corrector, log sigma",10,0,9,0.6000000000000001,0.7750400304794312
log_sigma,dpm2_log,"DPM-2 + corrector, log sigma",10,0,9,0.7000000000000001,0.8637199997901917
log_sigma,dpm2_log,"DPM-2 + corrector, log sigma",10,0,9,0.8,0.9417799711227417
log_sigma,dpm2_log,"DPM-2 + corrector, log sigma",10,0,9,0.9,0.9783999919891357
log_sigma,dpm2_log,"DPM-2 + corrector, log sigma",10,0,9,1.0,0.9999799728393555
log_sigma,dpm2_log,"DPM-2 + corrector, log sigma",50,0,9,0.0,0.0
log_sigma,dpm2_log,"DPM-2 + corrector, log sigma",50,0,9,0.1,0.13673999905586243
log_sigma,dpm2_log,"DPM-2 + corrector, log sigma",50,0,9,0.2,0.2691799998283386
log_sigma,dpm2_log,"DPM-2 + corrector, log sigma",50,0,9,0.30000000000000004,0.39372000098228455
log_sigma,dpm2_log,"DPM-2 + corrector, log sigma",50,0,9,0.4,0.5078799724578857
log_sigma,dpm2_log,"DPM-2 + corrector, log sigma",50,0,9,0.5,0.6175400018692017
log_sigma,dpm2_log,"DPM-2 + corrector, log sigma",50,0,9,0.6000000000000001,0.7236800193786621
log_sigma,dpm2_log,"DPM-2 + corrector, log sigma",50,0,9,0.7000000000000001,0.8236799836158752
log_sigma,dpm2_log,"DPM-2 + corrector, log sigma",50,0,9,0.8,0.9178199768066406
log_sigma,dpm2_log,"DPM-2 + corrector, log sigma",50,0,9,0.9,0.9719799757003784
log_sigma,dpm2_log,"DPM-2 + corrector, log sigma",50,0,9,1.0,0.9999799728393555
log_sigma,sigma_log_dpm,"Sigma-space DPM-1, log sigma",10,0,10,0.0,0.0
log_sigma,sigma_log_dpm,"Sigma-space DPM-1, log sigma",10,0,10,0.1,0.07019999623298645
log_sigma,sigma_log_dpm,"Sigma-space DPM-1, log sigma",10,0,10,0.2,0.13797999918460846
log_sigma,sigma_log_dpm,"Sigma-space DPM-1, log sigma",10,0,10,0.30000000000000004,0.21066001057624817
log_sigma,sigma_log_dpm,"Sigma-space DPM-1, log sigma",10,0,10,0.4,0.2919999957084656
log_sigma,sigma_log_dpm,"Sigma-space DPM-1, log sigma",10,0,10,0.5,0.375760018825531
log_sigma,sigma_log_dpm,"Sigma-space DPM-1, log sigma",10,0,10,0.6000000000000001,0.46314001083374023
log_sigma,sigma_log_dpm,"Sigma-space DPM-1, log sigma",10,0,10,0.7000000000000001,0.5656800270080566
log_sigma,sigma_log_dpm,"Sigma-space DPM-1, log sigma",10,0,10,0.8,0.6931599974632263
log_sigma,sigma_log_dpm,"Sigma-space DPM-1, log sigma",10,0,10,0.9,0.8134199976921082
log_sigma,sigma_log_dpm,"Sigma-space DPM-1, log sigma",10,0,10,1.0,0.9978600144386292
log_sigma,sigma_log_dpm,"Sigma-space DPM-1, log sigma",50,0,10,0.0,0.0
log_sigma,sigma_log_dpm,"Sigma-space DPM-1, log sigma",50,0,10,0.1,0.07903999835252762
log_sigma,sigma_log_dpm,"Sigma-space DPM-1, log sigma",50,0,10,0.2,0.1487399935722351
log_sigma,sigma_log_dpm,"Sigma-space DPM-1, log sigma",50,0,10,0.30000000000000004,0.21063999831676483
log_sigma,sigma_log_dpm,"Sigma-space DPM-1, log sigma",50,0,10,0.4,0.27560001611709595
log_sigma,sigma_log_dpm,"Sigma-space DPM-1, log sigma",50,0,10,0.5,0.351859986782074
log_sigma,sigma_log_dpm,"Sigma-space DPM-1, log sigma",50,0,10,0.6000000000000001,0.4444600045681
log_sigma,sigma_log_dpm,"Sigma-space DPM-1, log sigma",50,0,10,0.7000000000000001,0.5453400015830994
log_sigma,sigma_log_dpm,"Sigma-space DPM-1, log sigma",50,0,10,0.8,0.6757400035858154
log_sigma,sigma_log_dpm,"Sigma-space DPM-1, log sigma",50,0,10,0.9,0.803879976272583
log_sigma,sigma_log_dpm,"Sigma-space DPM-1, log sigma",50,0,10,1.0,0.9965400099754333
log_sigma,dpm2_log,"DPM-2 + corrector, log sigma",10,0,10,0.0,0.0
log_sigma,dpm2_log,"DPM-2 + corrector, log sigma",10,0,10,0.1,0.08634000271558762
log_sigma,dpm2_log,"DPM-2 + corrector, log sigma",10,0,10,0.2,0.1670999974012375
log_sigma,dpm2_log,"DPM-2 + corrector, log sigma",10,0,10,0.30000000000000004,0.24981999397277832
log_sigma,dpm2_log,"DPM-2 + corrector, log sigma",10,0,10,0.4,0.33577999472618103
log_sigma,dpm2_log,"DPM-2 + corrector, log sigma",10,0,10,0.5,0.4451799988746643
log_sigma,dpm2_log,"DPM-2 + corrector, log sigma",10,0,10,0.6000000000000001,0.5483599901199341
log_sigma,dpm2_log,"DPM-2 + corrector, log sigma",10,0,10,0.7000000000000001,0.6557400226593018
log_sigma,dpm2_log,"DPM-2 + corrector, log sigma",10,0,10,0.8,0.7831399440765381
log_sigma,dpm2_log,"DPM-2 + corrector, log sigma",10,0,10,0.9,0.9098399877548218
log_sigma,dpm2_log,"DPM-2 + corrector, log sigma",10,0,10,1.0,0.999019980430603
log_sigma,dpm2_log,"DPM-2 + corrector, log sigma",50,0,10,0.0,0.0
log_sigma,dpm2_log,"DPM-2 + corrector, log sigma",50,0,10,0.1,0.09442000091075897
log_sigma,dpm2_log,"DPM-2 + corrector, log sigma",50,0,10,0.2,0.19510000944137573
log_sigma,dpm2_log,"DPM-2 + corrector, log sigma",50,0,10,0.30000000000000004,0.2901400029659271
log_sigma,dpm2_log,"DPM-2 + corrector, log sigma",50,0,10,0.4,0.37400001287460327
log_sigma,dpm2_log,"DPM-2 + corrector, log sigma",50,0,10,0.5,0.45806002616882324
log_sigma,dpm2_log,"DPM-2 + corrector, log sigma",50,0,10,0.6000000000000001,0.568619966506958
log_sigma,dpm2_log,"DPM-2 + corrector, log sigma",50,0,10,0.7000000000000001,0.6744799613952637
log_sigma,dpm2_log,"DPM-2 + corrector, log sigma",50,0,10,0.8,0.7936199903488159
log_sigma,dpm2_log,"DPM-2 + corrector, log sigma",50,0,10,0.9,0.8930000066757202
log_sigma,dpm2_log,"DPM-2 + corrector, log sigma",50,0,10,1.0,0.9993000030517578
log_sigma,sigma_log_dpm,"Sigma-space DPM-1, log sigma",10,0,11,0.0,0.0
log_sigma,sigma_log_dpm,"Sigma-space DPM-1, log sigma",10,0,11,0.1,0.10839999467134476
log_sigma,sigma_log_dpm,"Sigma-space DPM-1, log sigma",10,0,11,0.2,0.20958000421524048
log_sigma,sigma_log_dpm,"Sigma-space DPM-1, log sigma",10,0,11,0.30000000000000004,0.29495999217033386
log_sigma,sigma_log_dpm,"Sigma-space DPM-1, log sigma",10,0,11,0.4,0.39555999636650085
log_sigma,sigma_log_dpm,"Sigma-space DPM-1, log sigma",10,0,11,0.5,0.4818600118160248
log_sigma,sigma_log_dpm,"Sigma-space DPM-1, log sigma",10,0,11,0.6000000000000001,0.5655400156974792
log_sigma,sigma_log_dpm,"Sigma-space DPM-1, log sigma",10,0,11,0.7000000000000001,0.6644799709320068
log_sigma,sigma_log_dpm,"Sigma-space DPM-1, log sigma",10,0,11,0.8,0.7494400143623352
log_sigma,sigma_log_dpm,"Sigma-space DPM-1, log sigma",10,0,11,0.9,0.8637199997901917
log_sigma,sigma_log_dpm,"Sigma-space DPM-1, log sigma",10,0,11,1.0,0.9997999668121338
log_sigma,sigma_log_dpm,"Sigma-space DPM-1, log sigma",50,0,11,0.0,0.0
log_sigma,sigma_log_dpm,"Sigma-space DPM-1, log sigma",50,0,11,0.1,0.11409999430179596
log_sigma,sigma_log_dpm,"Sigma-space DPM-1, log sigma",50,0,11,0.2,0.22139999270439148
log_sigma,sigma_log_dpm,"Sigma-space DPM-1, log sigma",50,0,11,0.30000000000000004,0.3294200003147125
log_sigma,sigma_log_dpm,"Sigma-space DPM-1, log sigma",50,0,11,0.4,0.42750000953674316
log_sigma,sigma_log_dpm,"Sigma-space DPM-1, log sigma",50,0,11,0.5,0.5171400308609009
log_sigma,sigma_log_dpm,"Sigma-space DPM-1, log sigma",50,0,11,0.6000000000000001,0.6022800207138062
log_sigma,sigma_log_dpm,"Sigma-space DPM-1, log sigma",50,0,11,0.7000000000000001,0.7063400149345398
log_sigma,sigma_log_dpm,"Sigma-space DPM-1, log sigma",50,0,11,0.8,0.8120999932289124
log_sigma,sigma_log_dpm,"Sigma-space DPM-1, log sigma",50,0,11,0.9,0.9118599891662598
log_sigma,sigma_log_dpm,"Sigma-space DPM-1, log sigma",50,0,11,1.0,0.9997999668121338
log_sigma,dpm2_log,"DPM-2 + corrector, log sigma",10,0,11,0.0,0.0
log_sigma,dpm2_log,"DPM-2 + corrector, log sigma",10,0,11,0.1,0.10980000346899033
log_sigma,dpm2_log,"DPM-2 + corrector, log sigma",10,0,11,0.2,0.2314399927854538
log_sigma,dpm2_log,"DPM-2 + corrector, log sigma",10,0,11,0.30000000000000004,0.3628600239753723
log_sigma,dpm2_log,"DPM-2 + corrector, log sigma",10,0,11,0.4,0.4707599878311157
log_sigma,dpm2_log,"DPM-2 + corrector, log sigma",10,0,11,0.5,0.5757799744606018
log_sigma,dpm2_log,"DPM-2 + corrector, log sigma",10,0,11,0.6000000000000001,0.6774200201034546
log_sigma,dpm2_log,"DPM-2 + corrector, log sigma",10,0,11,0.7000000000000001,0.7817400097846985
log_sigma,dpm2_log,"DPM-2 + corrector, log sigma",10,0,11,0.8,0.8663399815559387
log_sigma,dpm2_log,"DPM-2 + corrector, log sigma",10,0,11,0.9,0.9524799585342407
log_sigma,dpm2_log,"DPM-2 + corrector, log sigma",10,0,11,1.0,0.9999799728393555
log_sigma,dpm2_log,"DPM-2 + corrector, log sigma",50,0,11,0.0,0.0
log_sigma,dpm2_log,"DPM-2 + corrector, log sigma",50,0,11,0.1,0.11577999591827393
log_sigma,dpm2_log,"DPM-2 + corrector, log sigma",50,0,11,0.2,0.21969999372959137
log_sigma,dpm2_log,"DPM-2 + corrector, log sigma",50,0,11,0.30000000000000004,0.34355998039245605
log_sigma,dpm2_log,"DPM-2 + corrector, log sigma",50,0,11,0.4,0.4604400098323822
log_sigma,dpm2_log,"DPM-2 + corrector, log sigma",50,0,11,0.5,0.5520600080490112
log_sigma,dpm2_log,"DPM-2 + corrector, log sigma",50,0,11,0.6000000000000001,0.675879955291748
log_sigma,dpm2_log,"DPM-2 + corrector, log sigma",50,0,11,0.7000000000000001,0.7954000234603882
log_sigma,dpm2_log,"DPM-2 + corrector, log sigma",50,0,11,0.8,0.8905400037765503
log_sigma,dpm2_log,"DPM-2 + corrector, log sigma",50,0,11,0.9,0.9668599963188171
log_sigma,dpm2_log,"DPM-2 + corrector, log sigma",50,0,11,1.0,0.9999799728393555
log_sigma,sigma_log_dpm,"Sigma-space DPM-1, log sigma",10,0,12,0.0,0.0
log_sigma,sigma_log_dpm,"Sigma-space DPM-1, log sigma",10,0,12,0.1,0.0943399965763092
log_sigma,sigma_log_dpm,"Sigma-space DPM-1, log sigma",10,0,12,0.2,0.18243999779224396
log_sigma,sigma_log_dpm,"Sigma-space DPM-1, log sigma",10,0,12,0.30000000000000004,0.2829599976539612
log_sigma,sigma_log_dpm,"Sigma-space DPM-1, log sigma",10,0,12,0.4,0.38801997900009155
log_sigma,sigma_log_dpm,"Sigma-space DPM-1, log sigma",10,0,12,0.5,0.48495998978614807
log_sigma,sigma_log_dpm,"Sigma-space DPM-1, log sigma",10,0,12,0.6000000000000001,0.5792999863624573
log_sigma,sigma_log_dpm,"Sigma-space DPM-1, log sigma",10,0,12,0.7000000000000001,0.6510199904441833
log_sigma,sigma_log_dpm,"Sigma-space DPM-1, log sigma",10,0,12,0.8,0.7432999610900879
log_sigma,sigma_log_dpm,"Sigma-space DPM-1, log sigma",10,0,12,0.9,0.8515399694442749
log_sigma,sigma_log_dpm,"Sigma-space DPM-1, log sigma",10,0,12,1.0,0.9951199889183044
log_sigma,sigma_log_dpm,"Sigma-space DPM-1, log sigma",50,0,12,0.0,0.0
log_sigma,sigma_log_dpm,"Sigma-space DPM-1, log sigma",50,0,12,0.1,0.1062999963760376
log_sigma,sigma_log_dpm,"Sigma-space DPM-1, log sigma",50,0,12,0.2,0.20805999636650085
log_sigma,sigma_log_dpm,"Sigma-space DPM-1, log sigma",50,0,12,0.30000000000000004,0.31944000720977783
log_sigma,sigma_log_dpm,"Sigma-space DPM-1, log sigma",50,0,12,0.4,0.4162200093269348
log_sigma,sigma_log_dpm,"Sigma-space DPM-1, log sigma",50,0,12,0.5,0.5161199569702148
log_sigma,sigma_log_dpm,"Sigma-space DPM-1, log sigma",50,0,12,0.6000000000000001,0.6043000221252441
log_sigma,sigma_log_dpm,"Sigma-space DPM-1, log sigma",50,0,12,0.7000000000000001,0.6825200319290161
log_sigma,sigma_log_dpm,"Sigma-space DPM-1, log sigma",50,0,12,0.8,0.7743600010871887
log_sigma,sigma_log_dpm,"Sigma-space DPM-1, log sigma",50,0,12,0.9,0.8741199970245361
log_sigma,sigma_log_dpm,"Sigma-space DPM-1, log sigma",50,0,12,1.0,0.9987199902534485
log_sigma,dpm2_log,"DPM-2 + corrector, log sigma",10,0,12,0.0,0.0
log_sigma,dpm2_log,"DPM-2 + corrector, log sigma",10,0,12,0.1,0.12139999866485596
log_sigma,dpm2_log,"DPM-2 + corrector, log sigma",10,0,12,0.2,0.26151999831199646
log_sigma,dpm2_log,"DPM-2 + corrector, log sigma",10,0,12,0.30000000000000004,0.37338000535964966
log_sigma,dpm2_log,"DPM-2 + corrector, log sigma",10,0,12,0.4,0.48868000507354736
log_sigma,dpm2_log,"DPM-2 + corrector, log sigma",10,0,12,0.5,0.5951399803161621
log_sigma,dpm2_log,"DPM-2 + corrector, log sigma",10,0,12,0.6000000000000001,0.6894400119781494
log_sigma,dpm2_log,"DPM-2 + corrector, log sigma",10,0,12,0.7000000000000001,0.7743600010871887
log_sigma,dpm2_log,"DPM-2 + corrector, log sigma",10,0,12,0.8,0.8509600162506104
log_sigma,dpm2_log,"DPM-2 + corrector, log sigma",10,0,12,0.9,0.9272400140762329
log_sigma,dpm2_log,"DPM-2 + corrector, log sigma",10,0,12,1.0,0.9980000257492065
log_sigma,dpm2_log,"DPM-2 + corrector, log sigma",50,0,12,0.0,0.0
log_sigma,dpm2_log,"DPM-2 + corrector, log sigma",50,0,12,0.1,0.10649999976158142
log_sigma,dpm2_log,"DPM-2 + corrector, log sigma",50,0,12,0.2,0.21638000011444092
log_sigma,dpm2_log,"DPM-2 + corrector, log sigma",50,0,12,0.30000000000000004,0.32203999161720276
log_sigma,dpm2_log,"DPM-2 + corrector, log sigma",50,0,12,0.4,0.4543200135231018
log_sigma,dpm2_log,"DPM-2 + corrector, log sigma",50,0,12,0.5,0.5766800045967102
log_sigma,dpm2_log,"DPM-2 + corrector, log sigma",50,0,12,0.6000000000000001,0.6949999928474426
log_sigma,dpm2_log,"DPM-2 + corrector, log sigma",50,0,12,0.7000000000000001,0.8073999881744385
log_sigma,dpm2_log,"DPM-2 + corrector, log sigma",50,0,12,0.8,0.8890399932861328
log_sigma,dpm2_log,"DPM-2 + corrector, log sigma",50,0,12,0.9,0.9622199535369873
log_sigma,dpm2_log,"DPM-2 + corrector, log sigma",50,0,12,1.0,0.9999600052833557
log_sigma,sigma_log_dpm,"Sigma-space DPM-1, log sigma",10,0,13,0.0,0.0
log_sigma,sigma_log_dpm,"Sigma-space DPM-1, log sigma",10,0,13,0.1,0.10233999788761139
log_sigma,sigma_log_dpm,"Sigma-space DPM-1, log sigma",10,0,13,0.2,0.2062399983406067
log_sigma,sigma_log_dpm,"Sigma-space DPM-1, log sigma",10,0,13,0.30000000000000004,0.30904000997543335
log_sigma,sigma_log_dpm,"Sigma-space DPM-1, log sigma",10,0,13,0.4,0.4061200022697449
log_sigma,sigma_log_dpm,"Sigma-space DPM-1, log sigma",10,0,13,0.5,0.5121399760246277
log_sigma,sigma_log_dpm,"Sigma-space DPM-1, log sigma",10,0,13,0.6000000000000001,0.6147800087928772
log_sigma,sigma_log_dpm,"Sigma-space DPM-1, log sigma",10,0,13,0.7000000000000001,0.7024800181388855
log_sigma,sigma_log_dpm,"Sigma-space DPM-1, log sigma",10,0,13,0.8,0.8075399994850159
log_sigma,sigma_log_dpm,"Sigma-space DPM-1, log sigma",10,0,13,0.9,0.9265199899673462
log_sigma,sigma_log_dpm,"Sigma-space DPM-1, log sigma",10,0,13,1.0,0.9997400045394897
log_sigma,sigma_log_dpm,"Sigma-space DPM-1, log sigma",50,0,13,0.0,0.0
log_sigma,sigma_log_dpm,"Sigma-space DPM-1, log sigma",50,0,13,0.1,0.1177000030875206
log_sigma,sigma_log_dpm,"Sigma-space DPM-1, log sigma",50,0,13,0.2,0.24021999537944794
log_sigma,sigma_log_dpm,"Sigma-space DPM-1, log sigma",50,0,13,0.30000000000000004,0.3448199927806854
log_sigma,sigma_log_dpm,"Sigma-space DPM-1, log sigma",50,0,13,0.4,0.45155999064445496
log_sigma,sigma_log_dpm,"Sigma-space DPM-1, log sigma",50,0,13,0.5,0.5506600141525269
log_sigma,sigma_log_dpm,"Sigma-space DPM-1, log sigma",50,0,13,0.6000000000000001,0.6566799879074097
log_sigma,sigma_log_dpm,"Sigma-space DPM-1, log sigma",50,0,13,0.7000000000000001,0.7581200003623962
log_sigma,sigma_log_dpm,"Sigma-space DPM-1, log sigma",50,0,13,0.8,0.8564200401306152
log_sigma,sigma_log_dpm,"Sigma-space DPM-1, log sigma",50,0,13,0.9,0.9543999433517456
log_sigma,sigma_log_dpm,"Sigma-space DPM-1, log sigma",50,0,13,1.0,1.0
log_sigma,dpm2_log,"DPM-2 + corrector, log sigma",10,0,13,0.0,0.0
log_sigma,dpm2_log,"DPM-2 + corrector, log sigma",10,0,13,0.1,0.12068000435829163
log_sigma,dpm2_log,"DPM-2 + corrector, log sigma",10,0,13,0.2,0.2440200001001358
log_sigma,dpm2_log,"DPM-2 + corrector, log sigma",10,0,13,0.30000000000000004,0.3651599884033203
log_sigma,dpm2_log,"DPM-2 + corrector, log sigma",10,0,13,0.4,0.4987199902534485
log_sigma,dpm2_log,"DPM-2 + corrector, log sigma",10,0,13,0.5,0.610759973526001
log_sigma,dpm2_log,"DPM-2 + corrector, log sigma",10,0,13,0.6000000000000001,0.7160800099372864
log_sigma,dpm2_log,"DPM-2 + corrector, log sigma",10,0,13,0.7000000000000001,0.8168200254440308
log_sigma,dpm2_log,"DPM-2 + corrector, log sigma",10,0,13,0.8,0.9132000207901001
log_sigma,dpm2_log,"DPM-2 + corrector, log sigma",10,0,13,0.9,0.9780399799346924
log_sigma,dpm2_log,"DPM-2 + corrector, log sigma",10,0,13,1.0,1.0
log_sigma,dpm2_log,"DPM-2 + corrector, log sigma",50,0,13,0.0,0.0
log_sigma,dpm2_log,"DPM-2 + corrector, log sigma",50,0,13,0.1,0.11424000561237335
log_sigma,dpm2_log,"DPM-2 + corrector, log sigma",50,0,13,0.2,0.24616000056266785
log_sigma,dpm2_log,"DPM-2 + corrector, log sigma",50,0,13,0.30000000000000004,0.37097999453544617
log_sigma,dpm2_log,"DPM-2 + corrector, log sigma",50,0,13,0.4,0.48124000430107117
log_sigma,dpm2_log,"DPM-2 + corrector, log sigma",50,0,13,0.5,0.5882599949836731
log_sigma,dpm2_log,"DPM-2 + corrector, log sigma",50,0,13,0.6000000000000001,0.6861200332641602
log_sigma,dpm2_log,"DPM-2 + corrector, log sigma",50,0,13,0.7000000000000001,0.7988799810409546
log_sigma,dpm2_log,"DPM-2 + corrector, log sigma",50,0,13,0.8,0.8938599824905396
log_sigma,dpm2_log,"DPM-2 + corrector, log sigma",50,0,13,0.9,0.9637799859046936
log_sigma,dpm2_log,"DPM-2 + corrector, log sigma",50,0,13,1.0,1.0
log_sigma,sigma_log_dpm,"Sigma-space DPM-1, log sigma",10,0,14,0.0,0.0
log_sigma,sigma_log_dpm,"Sigma-space DPM-1, log sigma",10,0,14,0.1,0.08207999914884567
log_sigma,sigma_log_dpm,"Sigma-space DPM-1, log sigma",10,0,14,0.2,0.16628000140190125
log_sigma,sigma_log_dpm,"Sigma-space DPM-1, log sigma",10,0,14,0.30000000000000004,0.24121999740600586
log_sigma,sigma_log_dpm,"Sigma-space DPM-1, log sigma",10,0,14,0.4,0.3343999981880188
log_sigma,sigma_log_dpm,"Sigma-space DPM-1, log sigma",10,0,14,0.5,0.4336400032043457
log_sigma,sigma_log_dpm,"Sigma-space DPM-1, log sigma",10,0,14,0.6000000000000001,0.525439977645874
log_sigma,sigma_log_dpm,"Sigma-space DPM-1, log sigma",10,0,14,0.7000000000000001,0.6433800458908081
log_sigma,sigma_log_dpm,"Sigma-space DPM-1, log sigma",10,0,14,0.8,0.7536600232124329
log_sigma,sigma_log_dpm,"Sigma-space DPM-1, log sigma",10,0,14,0.9,0.8628599643707275
log_sigma,sigma_log_dpm,"Sigma-space DPM-1, log sigma",10,0,14,1.0,0.9923399686813354
log_sigma,sigma_log_dpm,"Sigma-space DPM-1, log sigma",50,0,14,0.0,0.0
log_sigma,sigma_log_dpm,"Sigma-space DPM-1, log sigma",50,0,14,0.1,0.0831800028681755
log_sigma,sigma_log_dpm,"Sigma-space DPM-1, log sigma",50,0,14,0.2,0.15727999806404114
log_sigma,sigma_log_dpm,"Sigma-space DPM-1, log sigma",50,0,14,0.30000000000000004,0.24449999630451202
log_sigma,sigma_log_dpm,"Sigma-space DPM-1, log sigma",50,0,14,0.4,0.33358001708984375
log_sigma,sigma_log_dpm,"Sigma-space DPM-1, log sigma",50,0,14,0.5,0.43779999017715454
log_sigma,sigma_log_dpm,"Sigma-space DPM-1, log sigma",50,0,14,0.6000000000000001,0.5518200397491455
log_sigma,sigma_log_dpm,"Sigma-space DPM-1, log sigma",50,0,14,0.7000000000000001,0.6437000036239624
log_sigma,sigma_log_dpm,"Sigma-space DPM-1, log sigma",50,0,14,0.8,0.7521799802780151
log_sigma,sigma_log_dpm,"Sigma-space DPM-1, log sigma",50,0,14,0.9,0.8787399530410767
log_sigma,sigma_log_dpm,"Sigma-space DPM-1, log sigma",50,0,14,1.0,0.9977999925613403
log_sigma,dpm2_log,"DPM-2 + corrector, log sigma",10,0,14,0.0,0.0
log_sigma,dpm2_log,"DPM-2 + corrector, log sigma",10,0,14,0.1,0.10611999779939651
log_sigma,dpm2_log,"DPM-2 + corrector, log sigma",10,0,14,0.2,0.22922000288963318
log_sigma,dpm2_log,"DPM-2 + corrector, log sigma",10,0,14,0.30000000000000004,0.3300800025463104
log_sigma,dpm2_log,"DPM-2 + corrector, log sigma",10,0,14,0.4,0.42496001720428467
log_sigma,dpm2_log,"DPM-2 + corrector, log sigma",10,0,14,0.5,0.5362600088119507
log_sigma,dpm2_log,"DPM-2 + corrector, log sigma",10,0,14,0.6000000000000001,0.655019998550415
log_sigma,dpm2_log,"DPM-2 + corrector, log sigma",10,0,14,0.7000000000000001,0.7496399879455566
log_sigma,dpm2_log,"DPM-2 + corrector, log sigma",10,0,14,0.8,0.8316999673843384
log_sigma,dpm2_log,"DPM-2 + corrector, log sigma",10,0,14,0.9,0.9125000238418579
log_sigma,dpm2_log,"DPM-2 + corrector, log sigma",10,0,14,1.0,0.9957000017166138
log_sigma,dpm2_log,"DPM-2 + corrector, log sigma",50,0,14,0.0,0.0
log_sigma,dpm2_log,"DPM-2 + corrector, log sigma",50,0,14,0.1,0.10277999937534332
log_sigma,dpm2_log,"DPM-2 + corrector, log sigma",50,0,14,0.2,0.22550000250339508
log_sigma,dpm2_log,"DPM-2 + corrector, log sigma",50,0,14,0.30000000000000004,0.33796000480651855
log_sigma,dpm2_log,"DPM-2 + corrector, log sigma",50,0,14,0.4,0.43129998445510864
log_sigma,dpm2_log,"DPM-2 + corrector, log sigma",50,0,14,0.5,0.5332399606704712
log_sigma,dpm2_log,"DPM-2 + corrector, log sigma",50,0,14,0.6000000000000001,0.6255199909210205
log_sigma,dpm2_log,"DPM-2 + corrector, log sigma",50,0,14,0.7000000000000001,0.7223399877548218
log_sigma,dpm2_log,"DPM-2 + corrector, log sigma",50,0,14,0.8,0.82423996925354
log_sigma,dpm2_log,"DPM-2 + corrector, log sigma",50,0,14,0.9,0.9226999878883362
log_sigma,dpm2_log,"DPM-2 + corrector, log sigma",50,0,14,1.0,0.9983199834823608
log_sigma,sigma_log_dpm,"Sigma-space DPM-1, log sigma",10,0,15,0.0,0.0
log_sigma,sigma_log_dpm,"Sigma-space DPM-1, log sigma",10,0,15,0.1,0.09960000216960907
log_sigma,sigma_log_dpm,"Sigma-space DPM-1, log sigma",10,0,15,0.2,0.20545999705791473
log_sigma,sigma_log_dpm,"Sigma-space DPM-1, log sigma",10,0,15,0.30000000000000004,0.32569998502731323
log_sigma,sigma_log_dpm,"Sigma-space DPM-1, log sigma",10,0,15,0.4,0.4369000196456909
log_sigma,sigma_log_dpm,"Sigma-space DPM-1, log sigma",10,0,15,0.5,0.5526000261306763
log_sigma,sigma_log_dpm,"Sigma-space DPM-1, log sigma",10,0,15,0.6000000000000001,0.6479399800300598
log_sigma,sigma_log_dpm,"Sigma-space DPM-1, log sigma",10,0,15,0.7000000000000001,0.7634400129318237
log_sigma,sigma_log_dpm,"Sigma-space DPM-1, log sigma",10,0,15,0.8,0.8593800067901611
log_sigma,sigma_log_dpm,"Sigma-space DPM-1, log sigma",10,0,15,0.9,0.9451799988746643
log_sigma,sigma_log_dpm,"Sigma-space DPM-1, log sigma",10,0,15,1.0,0.9997999668121338
log_sigma,sigma_log_dpm,"Sigma-space DPM-1, log sigma",50,0,15,0.0,0.0
log_sigma,sigma_log_dpm,"Sigma-space DPM-1, log sigma",50,0,15,0.1,0.10678000003099442
log_sigma,sigma_log_dpm,"Sigma-space DPM-1, log sigma",50,0,15,0.2,0.21841999888420105
log_sigma,sigma_log_dpm,"Sigma-space DPM-1, log sigma",50,0,15,0.30000000000000004,0.3381600081920624
log_sigma,sigma_log_dpm,"Sigma-space DPM-1, log sigma",50,0,15,0.4,0.4573799967765808
log_sigma,sigma_log_dpm,"Sigma-space DPM-1, log sigma",50,0,15,0.5,0.5587000250816345
log_sigma,sigma_log_dpm,"Sigma-space DPM-1, log sigma",50,0,15,0.6000000000000001,0.6714199781417847
log_sigma,sigma_log_dpm,"Sigma-space DPM-1, log sigma",50,0,15,0.7000000000000001,0.7650400400161743
log_sigma,sigma_log_dpm,"Sigma-space DPM-1, log sigma",50,0,15,0.8,0.868939995765686
log_sigma,sigma_log_dpm,"Sigma-space DPM-1, log sigma",50,0,15,0.9,0.9556000232696533
log_sigma,sigma_log_dpm,"Sigma-space DPM-1, log sigma",50,0,15,1.0,0.9994000196456909
log_sigma,dpm2_log,"DPM-2 + corrector, log sigma",10,0,15,0.0,0.0
log_sigma,dpm2_log,"DPM-2 + corrector, log sigma",10,0,15,0.1,0.13023999333381653
log_sigma,dpm2_log,"DPM-2 + corrector, log sigma",10,0,15,0.2,0.2706400156021118
log_sigma,dpm2_log,"DPM-2 + corrector, log sigma",10,0,15,0.30000000000000004,0.3909600079059601
log_sigma,dpm2_log,"DPM-2 + corrector, log sigma",10,0,15,0.4,0.5285400152206421
log_sigma,dpm2_log,"DPM-2 + corrector, log sigma",10,0,15,0.5,0.6313599944114685
log_sigma,dpm2_log,"DPM-2 + corrector, log sigma",10,0,15,0.6000000000000001,0.7295799851417542
log_sigma,dpm2_log,"DPM-2 + corrector, log sigma",10,0,15,0.7000000000000001,0.8221800327301025
log_sigma,dpm2_log,"DPM-2 + corrector, log sigma",10,0,15,0.8,0.905239999294281
log_sigma,dpm2_log,"DPM-2 + corrector, log sigma",10,0,15,0.9,0.9652400016784668
log_sigma,dpm2_log,"DPM-2 + corrector, log sigma",10,0,15,1.0,0.9999799728393555
log_sigma,dpm2_log,"DPM-2 + corrector, log sigma",50,0,15,0.0,0.0
log_sigma,dpm2_log,"DPM-2 + corrector, log sigma",50,0,15,0.1,0.11645999550819397
log_sigma,dpm2_log,"DPM-2 + corrector, log sigma",50,0,15,0.2,0.22282001376152039
log_sigma,dpm2_log,"DPM-2 + corrector, log sigma",50,0,15,0.30000000000000004,0.3575400114059448
log_sigma,dpm2_log,"DPM-2 + corrector, log sigma",50,0,15,0.4,0.4614199995994568
log_sigma,dpm2_log,"DPM-2 + corrector, log sigma",50,0,15,0.5,0.574679970741272
log_sigma,dpm2_log,"DPM-2 + corrector, log sigma",50,0,15,0.6000000000000001,0.6840400099754333
log_sigma,dpm2_log,"DPM-2 + corrector, log sigma",50,0,15,0.7000000000000001,0.775920033454895
log_sigma,dpm2_log,"DPM-2 + corrector, log sigma",50,0,15,0.8,0.867680013179779
log_sigma,dpm2_log,"DPM-2 + corrector, log sigma",50,0,15,0.9,0.9444800019264221
log_sigma,dpm2_log,"DPM-2 + corrector, log sigma",50,0,15,1.0,0.9997199773788452
log_sigma,sigma_log_dpm,"Sigma-space DPM-1, log sigma",10,1,0,0.0,0.0
log_sigma,sigma_log_dpm,"Sigma-space DPM-1, log sigma",10,1,0,0.1,0.10701999813318253
log_sigma,sigma_log_dpm,"Sigma-space DPM-1, log sigma",10,1,0,0.2,0.2046000063419342
log_sigma,sigma_log_dpm,"Sigma-space DPM-1, log sigma",10,1,0,0.30000000000000004,0.31331998109817505
log_sigma,sigma_log_dpm,"Sigma-space DPM-1, log sigma",10,1,0,0.4,0.4340999722480774
log_sigma,sigma_log_dpm,"Sigma-space DPM-1, log sigma",10,1,0,0.5,0.5586199760437012
log_sigma,sigma_log_dpm,"Sigma-space DPM-1, log sigma",10,1,0,0.6000000000000001,0.6691199541091919
log_sigma,sigma_log_dpm,"Sigma-space DPM-1, log sigma",10,1,0,0.7000000000000001,0.776919960975647
log_sigma,sigma_log_dpm,"Sigma-space DPM-1, log sigma",10,1,0,0.8,0.8716000318527222
log_sigma,sigma_log_dpm,"Sigma-space DPM-1, log sigma",10,1,0,0.9,0.9368799924850464
log_sigma,sigma_log_dpm,"Sigma-space DPM-1, log sigma",10,1,0,1.0,1.0
log_sigma,sigma_log_dpm,"Sigma-space DPM-1, log sigma",50,1,0,0.0,0.0
log_sigma,sigma_log_dpm,"Sigma-space DPM-1, log sigma",50,1,0,0.1,0.12052000313997269
log_sigma,sigma_log_dpm,"Sigma-space DPM-1, log sigma",50,1,0,0.2,0.23243999481201172
log_sigma,sigma_log_dpm,"Sigma-space DPM-1, log sigma",50,1,0,0.30000000000000004,0.36010000109672546
log_sigma,sigma_log_dpm,"Sigma-space DPM-1, log sigma",50,1,0,0.4,0.456279993057251
log_sigma,sigma_log_dpm,"Sigma-space DPM-1, log sigma",50,1,0,0.5,0.5652599930763245
log_sigma,sigma_log_dpm,"Sigma-space DPM-1, log sigma",50,1,0,0.6000000000000001,0.6795399785041809
log_sigma,sigma_log_dpm,"Sigma-space DPM-1, log sigma",50,1,0,0.7000000000000001,0.7702800035476685
log_sigma,sigma_log_dpm,"Sigma-space DPM-1, log sigma",50,1,0,0.8,0.8571799993515015
log_sigma,sigma_log_dpm,"Sigma-space DPM-1, log sigma",50,1,0,0.9,0.9310600161552429
log_sigma,sigma_log_dpm,"Sigma-space DPM-1, log sigma",50,1,0,1.0,0.9999799728393555
log_sigma,dpm2_log,"DPM-2 + corrector, log sigma",10,1,0,0.0,0.0
log_sigma,dpm2_log,"DPM-2 + corrector, log sigma",10,1,0,0.1,0.13738000392913818
log_sigma,dpm2_log,"DPM-2 + corrector, log sigma",10,1,0,0.2,0.23598000407218933
log_sigma,dpm2_log,"DPM-2 + corrector, log sigma",10,1,0,0.30000000000000004,0.36039999127388
log_sigma,dpm2_log,"DPM-2 + corrector, log sigma",10,1,0,0.4,0.48291999101638794
log_sigma,dpm2_log,"DPM-2 + corrector, log sigma",10,1,0,0.5,0.5869799852371216
log_sigma,dpm2_log,"DPM-2 + corrector, log sigma",10,1,0,0.6000000000000001,0.7147400379180908
log_sigma,dpm2_log,"DPM-2 + corrector, log sigma",10,1,0,0.7000000000000001,0.8186600208282471
log_sigma,dpm2_log,"DPM-2 + corrector, log sigma",10,1,0,0.8,0.8940399885177612
log_sigma,dpm2_log,"DPM-2 + corrector, log sigma",10,1,0,0.9,0.9755200147628784
log_sigma,dpm2_log,"DPM-2 + corrector, log sigma",10,1,0,1.0,1.0
log_sigma,dpm2_log,"DPM-2 + corrector, log sigma",50,1,0,0.0,0.0
log_sigma,dpm2_log,"DPM-2 + corrector, log sigma",50,1,0,0.1,0.1269800066947937
log_sigma,dpm2_log,"DPM-2 + corrector, log sigma",50,1,0,0.2,0.24926000833511353
log_sigma,dpm2_log,"DPM-2 + corrector, log sigma",50,1,0,0.30000000000000004,0.3678799867630005
log_sigma,dpm2_log,"DPM-2 + corrector, log sigma",50,1,0,0.4,0.48302000761032104
log_sigma,dpm2_log,"DPM-2 + corrector, log sigma",50,1,0,0.5,0.607479989528656
log_sigma,dpm2_log,"DPM-2 + corrector, log sigma",50,1,0,0.6000000000000001,0.7142599821090698
log_sigma,dpm2_log,"DPM-2 + corrector, log sigma",50,1,0,0.7000000000000001,0.8304200172424316
log_sigma,dpm2_log,"DPM-2 + corrector, log sigma",50,1,0,0.8,0.9165999889373779
log_sigma,dpm2_log,"DPM-2 + corrector, log sigma",50,1,0,0.9,0.9764800071716309
log_sigma,dpm2_log,"DPM-2 + corrector, log sigma",50,1,0,1.0,1.0
log_sigma,sigma_log_dpm,"Sigma-space DPM-1, log sigma",10,1,1,0.0,0.0
log_sigma,sigma_log_dpm,"Sigma-space DPM-1, log sigma",10,1,1,0.1,0.045479997992515564
log_sigma,sigma_log_dpm,"Sigma-space DPM-1, log sigma",10,1,1,0.2,0.09484000504016876
log_sigma,sigma_log_dpm,"Sigma-space DPM-1, log sigma",10,1,1,0.30000000000000004,0.16102001070976257
log_sigma,sigma_log_dpm,"Sigma-space DPM-1, log sigma",10,1,1,0.4,0.22271999716758728
log_sigma,sigma_log_dpm,"Sigma-space DPM-1, log sigma",10,1,1,0.5,0.29245999455451965
log_sigma,sigma_log_dpm,"Sigma-space DPM-1, log sigma",10,1,1,0.6000000000000001,0.3742000162601471
log_sigma,sigma_log_dpm,"Sigma-space DPM-1, log sigma",10,1,1,0.7000000000000001,0.48523998260498047
log_sigma,sigma_log_dpm,"Sigma-space DPM-1, log sigma",10,1,1,0.8,0.6306999921798706
log_sigma,sigma_log_dpm,"Sigma-space DPM-1, log sigma",10,1,1,0.9,0.7858799695968628
log_sigma,sigma_log_dpm,"Sigma-space DPM-1, log sigma",10,1,1,1.0,0.9982600212097168
log_sigma,sigma_log_dpm,"Sigma-space DPM-1, log sigma",50,1,1,0.0,0.0
log_sigma,sigma_log_dpm,"Sigma-space DPM-1, log sigma",50,1,1,0.1,0.0553399994969368
log_sigma,sigma_log_dpm,"Sigma-space DPM-1, log sigma",50,1,1,0.2,0.13354000449180603
log_sigma,sigma_log_dpm,"Sigma-space DPM-1, log sigma",50,1,1,0.30000000000000004,0.19119998812675476
log_sigma,sigma_log_dpm,"Sigma-space DPM-1, log sigma",50,1,1,0.4,0.25502002239227295
log_sigma,sigma_log_dpm,"Sigma-space DPM-1, log sigma",50,1,1,0.5,0.3397200107574463
log_sigma,sigma_log_dpm,"Sigma-space DPM-1, log sigma",50,1,1,0.6000000000000001,0.4279000163078308
log_sigma,sigma_log_dpm,"Sigma-space DPM-1, log sigma",50,1,1,0.7000000000000001,0.5344600081443787
log_sigma,sigma_log_dpm,"Sigma-space DPM-1, log sigma",50,1,1,0.8,0.7088199853897095
log_sigma,sigma_log_dpm,"Sigma-space DPM-1, log sigma",50,1,1,0.9,0.8564000129699707
log_sigma,sigma_log_dpm,"Sigma-space DPM-1, log sigma",50,1,1,1.0,0.9996999502182007
log_sigma,dpm2_log,"DPM-2 + corrector, log sigma",10,1,1,0.0,0.0
log_sigma,dpm2_log,"DPM-2 + corrector, log sigma",10,1,1,0.1,0.07413999736309052
log_sigma,dpm2_log,"DPM-2 + corrector, log sigma",10,1,1,0.2,0.15919999778270721
log_sigma,dpm2_log,"DPM-2 + corrector, log sigma",10,1,1,0.30000000000000004,0.24145999550819397
log_sigma,dpm2_log,"DPM-2 + corrector, log sigma",10,1,1,0.4,0.32082000374794006
log_sigma,dpm2_log,"DPM-2 + corrector, log sigma",10,1,1,0.5,0.4273799955844879
log_sigma,dpm2_log,"DPM-2 + corrector, log sigma",10,1,1,0.6000000000000001,0.5281800031661987
log_sigma,dpm2_log,"DPM-2 + corrector, log sigma",10,1,1,0.7000000000000001,0.6472600102424622
log_sigma,dpm2_log,"DPM-2 + corrector, log sigma",10,1,1,0.8,0.7690800428390503
log_sigma,dpm2_log,"DPM-2 + corrector, log sigma",10,1,1,0.9,0.8888800144195557
log_sigma,dpm2_log,"DPM-2 + corrector, log sigma",10,1,1,1.0,0.9986799955368042
log_sigma,dpm2_log,"DPM-2 + corrector, log sigma",50,1,1,0.0,0.0
log_sigma,dpm2_log,"DPM-2 + corrector, log sigma",50,1,1,0.1,0.09377999603748322
log_sigma,dpm2_log,"DPM-2 + corrector, log sigma",50,1,1,0.2,0.18770000338554382
log_sigma,dpm2_log,"DPM-2 + corrector, log sigma",50,1,1,0.30000000000000004,0.28435999155044556
log_sigma,dpm2_log,"DPM-2 + corrector, log sigma",50,1,1,0.4,0.38989999890327454
log_sigma,dpm2_log,"DPM-2 + corrector, log sigma",50,1,1,0.5,0.47912001609802246
log_sigma,dpm2_log,"DPM-2 + corrector, log sigma",50,1,1,0.6000000000000001,0.5831199884414673
log_sigma,dpm2_log,"DPM-2 + corrector, log sigma",50,1,1,0.7000000000000001,0.6950600147247314
log_sigma,dpm2_log,"DPM-2 + corrector, log sigma",50,1,1,0.8,0.7885199785232544
log_sigma,dpm2_log,"DPM-2 + corrector, log sigma",50,1,1,0.9,0.9221600294113159
log_sigma,dpm2_log,"DPM-2 + corrector, log sigma",50,1,1,1.0,0.9998599886894226
log_sigma,sigma_log_dpm,"Sigma-space DPM-1, log sigma",10,1,2,0.0,0.0
log_sigma,sigma_log_dpm,"Sigma-space DPM-1, log sigma",10,1,2,0.1,0.04157999902963638
log_sigma,sigma_log_dpm,"Sigma-space DPM-1, log sigma",10,1,2,0.2,0.0842600017786026
log_sigma,sigma_log_dpm,"Sigma-space DPM-1, log sigma",10,1,2,0.30000000000000004,0.13034000992774963
log_sigma,sigma_log_dpm,"Sigma-space DPM-1, log sigma",10,1,2,0.4,0.17815999686717987
log_sigma,sigma_log_dpm,"Sigma-space DPM-1, log sigma",10,1,2,0.5,0.23442000150680542
log_sigma,sigma_log_dpm,"Sigma-space DPM-1, log sigma",10,1,2,0.6000000000000001,0.3012399971485138
log_sigma,sigma_log_dpm,"Sigma-space DPM-1, log sigma",10,1,2,0.7000000000000001,0.3763599991798401
log_sigma,sigma_log_dpm,"Sigma-space DPM-1, log sigma",10,1,2,0.8,0.520359992980957
log_sigma,sigma_log_dpm,"Sigma-space DPM-1, log sigma",10,1,2,0.9,0.6992999911308289
log_sigma,sigma_log_dpm,"Sigma-space DPM-1, log sigma",10,1,2,1.0,0.9716600179672241
log_sigma,sigma_log_dpm,"Sigma-space DPM-1, log sigma",50,1,2,0.0,0.0
log_sigma,sigma_log_dpm,"Sigma-space DPM-1, log sigma",50,1,2,0.1,0.04718000069260597
log_sigma,sigma_log_dpm,"Sigma-space DPM-1, log sigma",50,1,2,0.2,0.0857200026512146
log_sigma,sigma_log_dpm,"Sigma-space DPM-1, log sigma",50,1,2,0.30000000000000004,0.13199999928474426
log_sigma,sigma_log_dpm,"Sigma-space DPM-1, log sigma",50,1,2,0.4,0.192579984664917
log_sigma,sigma_log_dpm,"Sigma-space DPM-1, log sigma",50,1,2,0.5,0.261819988489151
log_sigma,sigma_log_dpm,"Sigma-space DPM-1, log sigma",50,1,2,0.6000000000000001,0.33814001083374023
log_sigma,sigma_log_dpm,"Sigma-space DPM-1, log sigma",50,1,2,0.7000000000000001,0.43977999687194824
log_sigma,sigma_log_dpm,"Sigma-space DPM-1, log sigma",50,1,2,0.8,0.5659799575805664
log_sigma,sigma_log_dpm,"Sigma-space DPM-1, log sigma",50,1,2,0.9,0.7258800268173218
log_sigma,sigma_log_dpm,"Sigma-space DPM-1, log sigma",50,1,2,1.0,0.9949399828910828
log_sigma,dpm2_log,"DPM-2 + corrector, log sigma",10,1,2,0.0,0.0
log_sigma,dpm2_log,"DPM-2 + corrector, log sigma",10,1,2,0.1,0.06450000405311584
log_sigma,dpm2_log,"DPM-2 + corrector, log sigma",10,1,2,0.2,0.12664000689983368
log_sigma,dpm2_log,"DPM-2 + corrector, log sigma",10,1,2,0.30000000000000004,0.1855199933052063
log_sigma,dpm2_log,"DPM-2 + corrector, log sigma",10,1,2,0.4,0.2591800093650818
log_sigma,dpm2_log,"DPM-2 + corrector, log sigma",10,1,2,0.5,0.33629998564720154
log_sigma,dpm2_log,"DPM-2 + corrector, log sigma",10,1,2,0.6000000000000001,0.4218199849128723
log_sigma,dpm2_log,"DPM-2 + corrector, log sigma",10,1,2,0.7000000000000001,0.5313000082969666
log_sigma,dpm2_log,"DPM-2 + corrector, log sigma",10,1,2,0.8,0.6634799838066101
log_sigma,dpm2_log,"DPM-2 + corrector, log sigma",10,1,2,0.9,0.8116999864578247
log_sigma,dpm2_log,"DPM-2 + corrector, log sigma",10,1,2,1.0,0.9849799871444702
log_sigma,dpm2_log,"DPM-2 + corrector, log sigma",50,1,2,0.0,0.0
log_sigma,dpm2_log,"DPM-2 + corrector, log sigma",50,1,2,0.1,0.09601999819278717
log_sigma,dpm2_log,"DPM-2 + corrector, log sigma",50,1,2,0.2,0.18233999609947205
log_sigma,dpm2_log,"DPM-2 + corrector, log sigma",50,1,2,0.30000000000000004,0.2748199999332428
log_sigma,dpm2_log,"DPM-2 + corrector, log sigma",50,1,2,0.4,0.366100013256073
log_sigma,dpm2_log,"DPM-2 + corrector, log sigma",50,1,2,0.5,0.456820011138916
log_sigma,dpm2_log,"DPM-2 + corrector, log sigma",50,1,2,0.6000000000000001,0.5682599544525146
log_sigma,dpm2_log,"DPM-2 + corrector, log sigma",50,1,2,0.7000000000000001,0.6620399951934814
log_sigma,dpm2_log,"DPM-2 + corrector, log sigma",50,1,2,0.8,0.7678799629211426
log_sigma,dpm2_log,"DPM-2 + corrector, log sigma",50,1,2,0.9,0.8736599683761597
log_sigma,dpm2_log,"DPM-2 + corrector, log sigma",50,1,2,1.0,0.9962799549102783
log_sigma,sigma_log_dpm,"Sigma-space DPM-1, log sigma",10,1,3,0.0,0.0
log_sigma,sigma_log_dpm,"Sigma-space DPM-1, log sigma",10,1,3,0.1,0.06389999389648438
log_sigma,sigma_log_dpm,"Sigma-space DPM-1, log sigma",10,1,3,0.2,0.13910000026226044
log_sigma,sigma_log_dpm,"Sigma-space DPM-1, log sigma",10,1,3,0.30000000000000004,0.2164199948310852
log_sigma,sigma_log_dpm,"Sigma-space DPM-1, log sigma",10,1,3,0.4,0.2854599952697754
log_sigma,sigma_log_dpm,"Sigma-space DPM-1, log sigma",10,1,3,0.5,0.36221998929977417
log_sigma,sigma_log_dpm,"Sigma-space DPM-1, log sigma",10,1,3,0.6000000000000001,0.46366000175476074
log_sigma,sigma_log_dpm,"Sigma-space DPM-1, log sigma",10,1,3,0.7000000000000001,0.5510600209236145
log_sigma,sigma_log_dpm,"Sigma-space DPM-1, log sigma",10,1,3,0.8,0.6520400047302246
log_sigma,sigma_log_dpm,"Sigma-space DPM-1, log sigma",10,1,3,0.9,0.8037400245666504
log_sigma,sigma_log_dpm,"Sigma-space DPM-1, log sigma",10,1,3,1.0,0.9782999753952026
log_sigma,sigma_log_dpm,"Sigma-space DPM-1, log sigma",50,1,3,0.0,0.0
log_sigma,sigma_log_dpm,"Sigma-space DPM-1, log sigma",50,1,3,0.1,0.07452000677585602
log_sigma,sigma_log_dpm,"Sigma-space DPM-1, log sigma",50,1,3,0.2,0.14258000254631042
log_sigma,sigma_log_dpm,"Sigma-space DPM-1, log sigma",50,1,3,0.30000000000000004,0.2169800102710724
log_sigma,sigma_log_dpm,"Sigma-space DPM-1, log sigma",50,1,3,0.4,0.3111400008201599
log_sigma,sigma_log_dpm,"Sigma-space DPM-1, log sigma",50,1,3,0.5,0.40588000416755676
log_sigma,sigma_log_dpm,"Sigma-space DPM-1, log sigma",50,1,3,0.6000000000000001,0.516759991645813
log_sigma,sigma_log_dpm,"Sigma-space DPM-1, log sigma",50,1,3,0.7000000000000001,0.6160399913787842
log_sigma,sigma_log_dpm,"Sigma-space DPM-1, log sigma",50,1,3,0.8,0.751579999923706
log_sigma,sigma_log_dpm,"Sigma-space DPM-1, log sigma",50,1,3,0.9,0.8725999593734741
log_sigma,sigma_log_dpm,"Sigma-space DPM-1, log sigma",50,1,3,1.0,0.9994000196456909
log_sigma,dpm2_log,"DPM-2 + corrector, log sigma",10,1,3,0.0,0.0
log_sigma,dpm2_log,"DPM-2 + corrector, log sigma",10,1,3,0.1,0.08324000239372253
log_sigma,dpm2_log,"DPM-2 + corrector, log sigma",10,1,3,0.2,0.16857999563217163
log_sigma,dpm2_log,"DPM-2 + corrector, log sigma",10,1,3,0.30000000000000004,0.2750200033187866
log_sigma,dpm2_log,"DPM-2 + corrector, log sigma",10,1,3,0.4,0.36136001348495483
log_sigma,dpm2_log,"DPM-2 + corrector, log sigma",10,1,3,0.5,0.4716399908065796
log_sigma,dpm2_log,"DPM-2 + corrector, log sigma",10,1,3,0.6000000000000001,0.5866400003433228
log_sigma,dpm2_log,"DPM-2 + corrector, log sigma",10,1,3,0.7000000000000001,0.6937000155448914
log_sigma,dpm2_log,"DPM-2 + corrector, log sigma",10,1,3,0.8,0.8129000067710876
log_sigma,dpm2_log,"DPM-2 + corrector, log sigma",10,1,3,0.9,0.9194200038909912
log_sigma,dpm2_log,"DPM-2 + corrector, log sigma",10,1,3,1.0,0.9997199773788452
log_sigma,dpm2_log,"DPM-2 + corrector, log sigma",50,1,3,0.0,0.0
log_sigma,dpm2_log,"DPM-2 + corrector, log sigma",50,1,3,0.1,0.10174000263214111
log_sigma,dpm2_log,"DPM-2 + corrector, log sigma",50,1,3,0.2,0.20245999097824097
log_sigma,dpm2_log,"DPM-2 + corrector, log sigma",50,1,3,0.30000000000000004,0.31134000420570374
log_sigma,dpm2_log,"DPM-2 + corrector, log sigma",50,1,3,0.4,0.4168599843978882
log_sigma,dpm2_log,"DPM-2 + corrector, log sigma",50,1,3,0.5,0.5432000160217285
log_sigma,dpm2_log,"DPM-2 + corrector, log sigma",50,1,3,0.6000000000000001,0.6297999620437622
log_sigma,dpm2_log,"DPM-2 + corrector, log sigma",50,1,3,0.7000000000000001,0.7089599967002869
log_sigma,dpm2_log,"DPM-2 + corrector, log sigma",50,1,3,0.8,0.8085199594497681
log_sigma,dpm2_log,"DPM-2 + corrector, log sigma",50,1,3,0.9,0.8993399739265442
log_sigma,dpm2_log,"DPM-2 + corrector, log sigma",50,1,3,1.0,0.9980000257492065
log_sigma,sigma_log_dpm,"Sigma-space DPM-1, log sigma",10,1,4,0.0,0.0
log_sigma,sigma_log_dpm,"Sigma-space DPM-1, log sigma",10,1,4,0.1,0.07269999384880066
log_sigma,sigma_log_dpm,"Sigma-space DPM-1, log sigma",10,1,4,0.2,0.1501999944448471
log_sigma,sigma_log_dpm,"Sigma-space DPM-1, log sigma",10,1,4,0.30000000000000004,0.22944000363349915
log_sigma,sigma_log_dpm,"Sigma-space DPM-1, log sigma",10,1,4,0.4,0.32218000292778015
log_sigma,sigma_log_dpm,"Sigma-space DPM-1, log sigma",10,1,4,0.5,0.4018999934196472
log_sigma,sigma_log_dpm,"Sigma-space DPM-1, log sigma",10,1,4,0.6000000000000001,0.5064600110054016
log_sigma,sigma_log_dpm,"Sigma-space DPM-1, log sigma",10,1,4,0.7000000000000001,0.6016199588775635
log_sigma,sigma_log_dpm,"Sigma-space DPM-1, log sigma",10,1,4,0.8,0.7222399711608887
log_sigma,sigma_log_dpm,"Sigma-space DPM-1, log sigma",10,1,4,0.9,0.8418799638748169
log_sigma,sigma_log_dpm,"Sigma-space DPM-1, log sigma",10,1,4,1.0,0.9925400018692017
log_sigma,sigma_log_dpm,"Sigma-space DPM-1, log sigma",50,1,4,0.0,0.0
log_sigma,sigma_log_dpm,"Sigma-space DPM-1, log sigma",50,1,4,0.1,0.08324000239372253
log_sigma,sigma_log_dpm,"Sigma-space DPM-1, log sigma",50,1,4,0.2,0.16561999917030334
log_sigma,sigma_log_dpm,"Sigma-space DPM-1, log sigma",50,1,4,0.30000000000000004,0.24612000584602356
log_sigma,sigma_log_dpm,"Sigma-space DPM-1, log sigma",50,1,4,0.4,0.3287999927997589
log_sigma,sigma_log_dpm,"Sigma-space DPM-1, log sigma",50,1,4,0.5,0.4096599817276001
log_sigma,sigma_log_dpm,"Sigma-space DPM-1, log sigma",50,1,4,0.6000000000000001,0.4965199828147888
log_sigma,sigma_log_dpm,"Sigma-space DPM-1, log sigma",50,1,4,0.7000000000000001,0.6083999872207642
log_sigma,sigma_log_dpm,"Sigma-space DPM-1, log sigma",50,1,4,0.8,0.7195000052452087
log_sigma,sigma_log_dpm,"Sigma-space DPM-1, log sigma",50,1,4,0.9,0.8521599769592285
log_sigma,sigma_log_dpm,"Sigma-space DPM-1, log sigma",50,1,4,1.0,0.9963200092315674
log_sigma,dpm2_log,"DPM-2 + corrector, log sigma",10,1,4,0.0,0.0
log_sigma,dpm2_log,"DPM-2 + corrector, log sigma",10,1,4,0.1,0.10970000177621841
log_sigma,dpm2_log,"DPM-2 + corrector, log sigma",10,1,4,0.2,0.21094000339508057
log_sigma,dpm2_log,"DPM-2 + corrector, log sigma",10,1,4,0.30000000000000004,0.3053799867630005
log_sigma,dpm2_log,"DPM-2 + corrector, log sigma",10,1,4,0.4,0.42103999853134155
log_sigma,dpm2_log,"DPM-2 + corrector, log sigma",10,1,4,0.5,0.5306000113487244
log_sigma,dpm2_log,"DPM-2 + corrector, log sigma",10,1,4,0.6000000000000001,0.634440004825592
log_sigma,dpm2_log,"DPM-2 + corrector, log sigma",10,1,4,0.7000000000000001,0.7382199764251709
log_sigma,dpm2_log,"DPM-2 + corrector, log sigma",10,1,4,0.8,0.8235999941825867
log_sigma,dpm2_log,"DPM-2 + corrector, log sigma",10,1,4,0.9,0.915120005607605
log_sigma,dpm2_log,"DPM-2 + corrector, log sigma",10,1,4,1.0,0.9998199939727783
log_sigma,dpm2_log,"DPM-2 + corrector, log sigma",50,1,4,0.0,0.0
log_sigma,dpm2_log,"DPM-2 + corrector, log sigma",50,1,4,0.1,0.1166200041770935
log_sigma,dpm2_log,"DPM-2 + corrector, log sigma",50,1,4,0.2,0.21845999360084534
log_sigma,dpm2_log,"DPM-2 + corrector, log sigma",50,1,4,0.30000000000000004,0.3321800231933594
log_sigma,dpm2_log,"DPM-2 + corrector, log sigma",50,1,4,0.4,0.43720000982284546
log_sigma,dpm2_log,"DPM-2 + corrector, log sigma",50,1,4,0.5,0.5515400171279907
log_sigma,dpm2_log,"DPM-2 + corrector, log sigma",50,1,4,0.6000000000000001,0.652940034866333
log_sigma,dpm2_log,"DPM-2 + corrector, log sigma",50,1,4,0.7000000000000001,0.7409000396728516
log_sigma,dpm2_log,"DPM-2 + corrector, log sigma",50,1,4,0.8,0.833840012550354
log_sigma,dpm2_log,"DPM-2 + corrector, log sigma",50,1,4,0.9,0.9227199554443359
log_sigma,dpm2_log,"DPM-2 + corrector, log sigma",50,1,4,1.0,0.9994399547576904
log_sigma,sigma_log_dpm,"Sigma-space DPM-1, log sigma",10,1,5,0.0,0.0
log_sigma,sigma_log_dpm,"Sigma-space DPM-1, log sigma",10,1,5,0.1,0.07208000123500824
log_sigma,sigma_log_dpm,"Sigma-space DPM-1, log sigma",10,1,5,0.2,0.13881999254226685
log_sigma,sigma_log_dpm,"Sigma-space DPM-1, log sigma",10,1,5,0.30000000000000004,0.207179993391037
log_sigma,sigma_log_dpm,"Sigma-space DPM-1, log sigma",10,1,5,0.4,0.27894002199172974
log_sigma,sigma_log_dpm,"Sigma-space DPM-1, log sigma",10,1,5,0.5,0.3533399999141693
log_sigma,sigma_log_dpm,"Sigma-space DPM-1, log sigma",10,1,5,0.6000000000000001,0.4304400086402893
log_sigma,sigma_log_dpm,"Sigma-space DPM-1, log sigma",10,1,5,0.7000000000000001,0.5207399725914001
log_sigma,sigma_log_dpm,"Sigma-space DPM-1, log sigma",10,1,5,0.8,0.6294800043106079
log_sigma,sigma_log_dpm,"Sigma-space DPM-1, log sigma",10,1,5,0.9,0.7778599858283997
log_sigma,sigma_log_dpm,"Sigma-space DPM-1, log sigma",10,1,5,1.0,0.9933199882507324
log_sigma,sigma_log_dpm,"Sigma-space DPM-1, log sigma",50,1,5,0.0,0.0
log_sigma,sigma_log_dpm,"Sigma-space DPM-1, log sigma",50,1,5,0.1,0.0581200011074543
log_sigma,sigma_log_dpm,"Sigma-space DPM-1, log sigma",50,1,5,0.2,0.12365999817848206
log_sigma,sigma_log_dpm,"Sigma-space DPM-1, log sigma",50,1,5,0.30000000000000004,0.19835999608039856
log_sigma,sigma_log_dpm,"Sigma-space DPM-1, log sigma",50,1,5,0.4,0.28040000796318054
log_sigma,sigma_log_dpm,"Sigma-space DPM-1, log sigma",50,1,5,0.5,0.3683199882507324
log_sigma,sigma_log_dpm,"Sigma-space DPM-1, log sigma",50,1,5,0.6000000000000001,0.4568600058555603
log_sigma,sigma_log_dpm,"Sigma-space DPM-1, log sigma",50,1,5,0.7000000000000001,0.5472800135612488
log_sigma,sigma_log_dpm,"Sigma-space DPM-1, log sigma",50,1,5,0.8,0.6463199853897095
log_sigma,sigma_log_dpm,"Sigma-space DPM-1, log sigma",50,1,5,0.9,0.778219997882843
log_sigma,sigma_log_dpm,"Sigma-space DPM-1, log sigma",50,1,5,1.0,0.9960199594497681
log_sigma,dpm2_log,"DPM-2 + corrector, log sigma",10,1,5,0.0,0.0
log_sigma,dpm2_log,"DPM-2 + corrector, log sigma",10,1,5,0.1,0.09039999544620514
log_sigma,dpm2_log,"DPM-2 + corrector, log sigma",10,1,5,0.2,0.20188000798225403
log_sigma,dpm2_log,"DPM-2 + corrector, log sigma",10,1,5,0.30000000000000004,0.2978399991989136
log_sigma,dpm2_log,"DPM-2 + corrector, log sigma",10,1,5,0.4,0.4047200083732605
log_sigma,dpm2_log,"DPM-2 + corrector, log sigma",10,1,5,0.5,0.5016000270843506
log_sigma,dpm2_log,"DPM-2 + corrector, log sigma",10,1,5,0.6000000000000001,0.5932400226593018
log_sigma,dpm2_log,"DPM-2 + corrector, log sigma",10,1,5,0.7000000000000001,0.7077599763870239
log_sigma,dpm2_log,"DPM-2 + corrector, log sigma",10,1,5,0.8,0.7938600182533264
log_sigma,dpm2_log,"DPM-2 + corrector, log sigma",10,1,5,0.9,0.9054199457168579
log_sigma,dpm2_log,"DPM-2 + corrector, log sigma",10,1,5,1.0,0.9952800273895264
log_sigma,dpm2_log,"DPM-2 + corrector, log sigma",50,1,5,0.0,0.0
log_sigma,dpm2_log,"DPM-2 + corrector, log sigma",50,1,5,0.1,0.10785999894142151
log_sigma,dpm2_log,"DPM-2 + corrector, log sigma",50,1,5,0.2,0.21140000224113464
log_sigma,dpm2_log,"DPM-2 + corrector, log sigma",50,1,5,0.30000000000000004,0.30757999420166016
log_sigma,dpm2_log,"DPM-2 + corrector, log sigma",50,1,5,0.4,0.4112800061702728
log_sigma,dpm2_log,"DPM-2 + corrector, log sigma",50,1,5,0.5,0.5111600160598755
log_sigma,dpm2_log,"DPM-2 + corrector, log sigma",50,1,5,0.6000000000000001,0.6158000230789185
log_sigma,dpm2_log,"DPM-2 + corrector, log sigma",50,1,5,0.7000000000000001,0.7131199836730957
log_sigma,dpm2_log,"DPM-2 + corrector, log sigma",50,1,5,0.8,0.8221799731254578
log_sigma,dpm2_log,"DPM-2 + corrector, log sigma",50,1,5,0.9,0.9193599820137024
log_sigma,dpm2_log,"DPM-2 + corrector, log sigma",50,1,5,1.0,0.997480034828186
log_sigma,sigma_log_dpm,"Sigma-space DPM-1, log sigma",10,1,6,0.0,0.0
log_sigma,sigma_log_dpm,"Sigma-space DPM-1, log sigma",10,1,6,0.1,0.08042000234127045
log_sigma,sigma_log_dpm,"Sigma-space DPM-1, log sigma",10,1,6,0.2,0.15027999877929688
log_sigma,sigma_log_dpm,"Sigma-space DPM-1, log sigma",10,1,6,0.30000000000000004,0.23649999499320984
log_sigma,sigma_log_dpm,"Sigma-space DPM-1, log sigma",10,1,6,0.4,0.3217799961566925
log_sigma,sigma_log_dpm,"Sigma-space DPM-1, log sigma",10,1,6,0.5,0.4050399959087372
log_sigma,sigma_log_dpm,"Sigma-space DPM-1, log sigma",10,1,6,0.6000000000000001,0.5033599734306335
log_sigma,sigma_log_dpm,"Sigma-space DPM-1, log sigma",10,1,6,0.7000000000000001,0.5933400392532349
log_sigma,sigma_log_dpm,"Sigma-space DPM-1, log sigma",10,1,6,0.8,0.7197799682617188
log_sigma,sigma_log_dpm,"Sigma-space DPM-1, log sigma",10,1,6,0.9,0.8296999931335449
log_sigma,sigma_log_dpm,"Sigma-space DPM-1, log sigma",10,1,6,1.0,0.9978399872779846
log_sigma,sigma_log_dpm,"Sigma-space DPM-1, log sigma",50,1,6,0.0,0.0
log_sigma,sigma_log_dpm,"Sigma-space DPM-1, log sigma",50,1,6,0.1,0.07209999859333038
log_sigma,sigma_log_dpm,"Sigma-space DPM-1, log sigma",50,1,6,0.2,0.1578199863433838
log_sigma,sigma_log_dpm,"Sigma-space DPM-1, log sigma",50,1,6,0.30000000000000004,0.23693999648094177
log_sigma,sigma_log_dpm,"Sigma-space DPM-1, log sigma",50,1,6,0.4,0.32594001293182373
log_sigma,sigma_log_dpm,"Sigma-space DPM-1, log sigma",50,1,6,0.5,0.42489999532699585
log_sigma,sigma_log_dpm,"Sigma-space DPM-1, log sigma",50,1,6,0.6000000000000001,0.531000018119812
log_sigma,sigma_log_dpm,"Sigma-space DPM-1, log sigma",50,1,6,0.7000000000000001,0.6400799751281738
log_sigma,sigma_log_dpm,"Sigma-space DPM-1, log sigma",50,1,6,0.8,0.7460799813270569
log_sigma,sigma_log_dpm,"Sigma-space DPM-1, log sigma",50,1,6,0.9,0.8611999750137329
log_sigma,sigma_log_dpm,"Sigma-space DPM-1, log sigma",50,1,6,1.0,0.9973200559616089
log_sigma,dpm2_log,"DPM-2 + corrector, log sigma",10,1,6,0.0,0.0
log_sigma,dpm2_log,"DPM-2 + corrector, log sigma",10,1,6,0.1,0.10223999619483948
log_sigma,dpm2_log,"DPM-2 + corrector, log sigma",10,1,6,0.2,0.22088000178337097
log_sigma,dpm2_log,"DPM-2 + corrector, log sigma",10,1,6,0.30000000000000004,0.3091999888420105
log_sigma,dpm2_log,"DPM-2 + corrector, log sigma",10,1,6,0.4,0.42423999309539795
log_sigma,dpm2_log,"DPM-2 + corrector, log sigma",10,1,6,0.5,0.5197399854660034
log_sigma,dpm2_log,"DPM-2 + corrector, log sigma",10,1,6,0.6000000000000001,0.6242400407791138
log_sigma,dpm2_log,"DPM-2 + corrector, log sigma",10,1,6,0.7000000000000001,0.7197799682617188
log_sigma,dpm2_log,"DPM-2 + corrector, log sigma",10,1,6,0.8,0.8098599910736084
log_sigma,dpm2_log,"DPM-2 + corrector, log sigma",10,1,6,0.9,0.9150600433349609
log_sigma,dpm2_log,"DPM-2 + corrector, log sigma",10,1,6,1.0,0.999940037727356
log_sigma,dpm2_log,"DPM-2 + corrector, log sigma",50,1,6,0.0,0.0
log_sigma,dpm2_log,"DPM-2 + corrector, log sigma",50,1,6,0.1,0.11472000181674957
log_sigma,dpm2_log,"DPM-2 + corrector, log sigma",50,1,6,0.2,0.22297999262809753
log_sigma,dpm2_log,"DPM-2 + corrector, log sigma",50,1,6,0.30000000000000004,0.3202400207519531
log_sigma,dpm2_log,"DPM-2 + corrector, log sigma",50,1,6,0.4,0.4273800253868103
log_sigma,dpm2_log,"DPM-2 + corrector, log sigma",50,1,6,0.5,0.5315399765968323
log_sigma,dpm2_log,"DPM-2 + corrector, log sigma",50,1,6,0.6000000000000001,0.6536400318145752
log_sigma,dpm2_log,"DPM-2 + corrector, log sigma",50,1,6,0.7000000000000001,0.7509399652481079
log_sigma,dpm2_log,"DPM-2 + corrector, log sigma",50,1,6,0.8,0.8498799800872803
log_sigma,dpm2_log,"DPM-2 + corrector, log sigma",50,1,6,0.9,0.9384599924087524
log_sigma,dpm2_log,"DPM-2 + corrector, log sigma",50,1,6,1.0,0.999940037727356
log_sigma,sigma_log_dpm,"Sigma-space DPM-1, log sigma",10,1,7,0.0,0.0
log_sigma,sigma_log_dpm,"Sigma-space DPM-1, log sigma",10,1,7,0.1,0.0802999958395958
log_sigma,sigma_log_dpm,"Sigma-space DPM-1, log sigma",10,1,7,0.2,0.17803999781608582
log_sigma,sigma_log_dpm,"Sigma-space DPM-1, log sigma",10,1,7,0.30000000000000004,0.275519996881485
log_sigma,sigma_log_dpm,"Sigma-space DPM-1, log sigma",10,1,7,0.4,0.35923999547958374
log_sigma,sigma_log_dpm,"Sigma-space DPM-1, log sigma",10,1,7,0.5,0.4340200126171112
log_sigma,sigma_log_dpm,"Sigma-space DPM-1, log sigma",10,1,7,0.6000000000000001,0.5011000037193298
log_sigma,sigma_log_dpm,"Sigma-space DPM-1, log sigma",10,1,7,0.7000000000000001,0.5710399746894836
log_sigma,sigma_log_dpm,"Sigma-space DPM-1, log sigma",10,1,7,0.8,0.6552799940109253
log_sigma,sigma_log_dpm,"Sigma-space DPM-1, log sigma",10,1,7,0.9,0.7617599964141846
log_sigma,sigma_log_dpm,"Sigma-space DPM-1, log sigma",10,1,7,1.0,0.9901000261306763
log_sigma,sigma_log_dpm,"Sigma-space DPM-1, log sigma",50,1,7,0.0,0.0
log_sigma,sigma_log_dpm,"Sigma-space DPM-1, log sigma",50,1,7,0.1,0.10012000054121017
log_sigma,sigma_log_dpm,"Sigma-space DPM-1, log sigma",50,1,7,0.2,0.18874000012874603
log_sigma,sigma_log_dpm,"Sigma-space DPM-1, log sigma",50,1,7,0.30000000000000004,0.28760001063346863
log_sigma,sigma_log_dpm,"Sigma-space DPM-1, log sigma",50,1,7,0.4,0.3864800035953522
log_sigma,sigma_log_dpm,"Sigma-space DPM-1, log sigma",50,1,7,0.5,0.471420019865036
log_sigma,sigma_log_dpm,"Sigma-space DPM-1, log sigma",50,1,7,0.6000000000000001,0.5340800285339355
log_sigma,sigma_log_dpm,"Sigma-space DPM-1, log sigma",50,1,7,0.7000000000000001,0.591480016708374
log_sigma,sigma_log_dpm,"Sigma-space DPM-1, log sigma",50,1,7,0.8,0.6559399962425232
log_sigma,sigma_log_dpm,"Sigma-space DPM-1, log sigma",50,1,7,0.9,0.7666000127792358
log_sigma,sigma_log_dpm,"Sigma-space DPM-1, log sigma",50,1,7,1.0,0.9997999668121338
log_sigma,dpm2_log,"DPM-2 + corrector, log sigma",10,1,7,0.0,0.0
log_sigma,dpm2_log,"DPM-2 + corrector, log sigma",10,1,7,0.1,0.10478000342845917
log_sigma,dpm2_log,"DPM-2 + corrector, log sigma",10,1,7,0.2,0.2108200043439865
log_sigma,dpm2_log,"DPM-2 + corrector, log sigma",10,1,7,0.30000000000000004,0.32274001836776733
log_sigma,dpm2_log,"DPM-2 + corrector, log sigma",10,1,7,0.4,0.4200800061225891
log_sigma,dpm2_log,"DPM-2 + corrector, log sigma",10,1,7,0.5,0.5148999691009521
log_sigma,dpm2_log,"DPM-2 + corrector, log sigma",10,1,7,0.6000000000000001,0.5873200297355652
log_sigma,dpm2_log,"DPM-2 + corrector, log sigma",10,1,7,0.7000000000000001,0.6535599827766418
log_sigma,dpm2_log,"DPM-2 + corrector, log sigma",10,1,7,0.8,0.7325800061225891
log_sigma,dpm2_log,"DPM-2 + corrector, log sigma",10,1,7,0.9,0.8698599934577942
log_sigma,dpm2_log,"DPM-2 + corrector, log sigma",10,1,7,1.0,1.0
log_sigma,dpm2_log,"DPM-2 + corrector, log sigma",50,1,7,0.0,0.0
log_sigma,dpm2_log,"DPM-2 + corrector, log sigma",50,1,7,0.1,0.09530000388622284
log_sigma,dpm2_log,"DPM-2 + corrector, log sigma",50,1,7,0.2,0.2094999998807907
log_sigma,dpm2_log,"DPM-2 + corrector, log sigma",50,1,7,0.30000000000000004,0.32462000846862793
log_sigma,dpm2_log,"DPM-2 + corrector, log sigma",50,1,7,0.4,0.43046000599861145
log_sigma,dpm2_log,"DPM-2 + corrector, log sigma",50,1,7,0.5,0.5259400010108948
log_sigma,dpm2_log,"DPM-2 + corrector, log sigma",50,1,7,0.6000000000000001,0.6261399984359741
log_sigma,dpm2_log,"DPM-2 + corrector, log sigma",50,1,7,0.7000000000000001,0.7315999865531921
log_sigma,dpm2_log,"DPM-2 + corrector, log sigma",50,1,7,0.8,0.8442800045013428
log_sigma,dpm2_log,"DPM-2 + corrector, log sigma",50,1,7,0.9,0.9185600280761719
log_sigma,dpm2_log,"DPM-2 + corrector, log sigma",50,1,7,1.0,0.9996600151062012
log_sigma,sigma_log_dpm,"Sigma-space DPM-1, log sigma",10,1,8,0.0,0.0
log_sigma,sigma_log_dpm,"Sigma-space DPM-1, log sigma",10,1,8,0.1,0.09114000201225281
log_sigma,sigma_log_dpm,"Sigma-space DPM-1, log sigma",10,1,8,0.2,0.18649999797344208
log_sigma,sigma_log_dpm,"Sigma-space DPM-1, log sigma",10,1,8,0.30000000000000004,0.30522000789642334
log_sigma,sigma_log_dpm,"Sigma-space DPM-1, log sigma",10,1,8,0.4,0.39326000213623047
log_sigma,sigma_log_dpm,"Sigma-space DPM-1, log sigma",10,1,8,0.5,0.498740017414093
log_sigma,sigma_log_dpm,"Sigma-space DPM-1, log sigma",10,1,8,0.6000000000000001,0.5935800075531006
log_sigma,sigma_log_dpm,"Sigma-space DPM-1, log sigma",10,1,8,0.7000000000000001,0.6908400058746338
log_sigma,sigma_log_dpm,"Sigma-space DPM-1, log sigma",10,1,8,0.8,0.7908599972724915
log_sigma,sigma_log_dpm,"Sigma-space DPM-1, log sigma",10,1,8,0.9,0.8984400033950806
log_sigma,sigma_log_dpm,"Sigma-space DPM-1, log sigma",10,1,8,1.0,0.9977200031280518
log_sigma,sigma_log_dpm,"Sigma-space DPM-1, log sigma",50,1,8,0.0,0.0
log_sigma,sigma_log_dpm,"Sigma-space DPM-1, log sigma",50,1,8,0.1,0.10586000233888626
log_sigma,sigma_log_dpm,"Sigma-space DPM-1, log sigma",50,1,8,0.2,0.214819997549057
log_sigma,sigma_log_dpm,"Sigma-space DPM-1, log sigma",50,1,8,0.30000000000000004,0.3273800015449524
log_sigma,sigma_log_dpm,"Sigma-space DPM-1, log sigma",50,1,8,0.4,0.43685996532440186
log_sigma,sigma_log_dpm,"Sigma-space DPM-1, log sigma",50,1,8,0.5,0.5463600158691406
log_sigma,sigma_log_dpm,"Sigma-space DPM-1, log sigma",50,1,8,0.6000000000000001,0.6435199975967407
log_sigma,sigma_log_dpm,"Sigma-space DPM-1, log sigma",50,1,8,0.7000000000000001,0.7193199992179871
log_sigma,sigma_log_dpm,"Sigma-space DPM-1, log sigma",50,1,8,0.8,0.818880021572113
log_sigma,sigma_log_dpm,"Sigma-space DPM-1, log sigma",50,1,8,0.9,0.9226599931716919
log_sigma,sigma_log_dpm,"Sigma-space DPM-1, log sigma",50,1,8,1.0,0.9997400045394897
log_sigma,dpm2_log,"DPM-2 + corrector, log sigma",10,1,8,0.0,0.0
log_sigma,dpm2_log,"DPM-2 + corrector, log sigma",10,1,8,0.1,0.13679999113082886
log_sigma,dpm2_log,"DPM-2 + corrector, log sigma",10,1,8,0.2,0.25902000069618225
log_sigma,dpm2_log,"DPM-2 + corrector, log sigma",10,1,8,0.30000000000000004,0.35839998722076416
log_sigma,dpm2_log,"DPM-2 + corrector, log sigma",10,1,8,0.4,0.4654799997806549
log_sigma,dpm2_log,"DPM-2 + corrector, log sigma",10,1,8,0.5,0.5895400047302246
log_sigma,dpm2_log,"DPM-2 + corrector, log sigma",10,1,8,0.6000000000000001,0.6918399930000305
log_sigma,dpm2_log,"DPM-2 + corrector, log sigma",10,1,8,0.7000000000000001,0.8024599552154541
log_sigma,dpm2_log,"DPM-2 + corrector, log sigma",10,1,8,0.8,0.8845000267028809
log_sigma,dpm2_log,"DPM-2 + corrector, log sigma",10,1,8,0.9,0.9436200261116028
log_sigma,dpm2_log,"DPM-2 + corrector, log sigma",10,1,8,1.0,1.0
log_sigma,dpm2_log,"DPM-2 + corrector, log sigma",50,1,8,0.0,0.0
log_sigma,dpm2_log,"DPM-2 + corrector, log sigma",50,1,8,0.1,0.12610000371932983
log_sigma,dpm2_log,"DPM-2 + corrector, log sigma",50,1,8,0.2,0.23454001545906067
log_sigma,dpm2_log,"DPM-2 + corrector, log sigma",50,1,8,0.30000000000000004,0.3659399747848511
log_sigma,dpm2_log,"DPM-2 + corrector, log sigma",50,1,8,0.4,0.46860000491142273
log_sigma,dpm2_log,"DPM-2 + corrector, log sigma",50,1,8,0.5,0.6030199527740479
log_sigma,dpm2_log,"DPM-2 + corrector, log sigma",50,1,8,0.6000000000000001,0.7217599749565125
log_sigma,dpm2_log,"DPM-2 + corrector, log sigma",50,1,8,0.7000000000000001,0.8143600225448608
log_sigma,dpm2_log,"DPM-2 + corrector, log sigma",50,1,8,0.8,0.9058200120925903
log_sigma,dpm2_log,"DPM-2 + corrector, log sigma",50,1,8,0.9,0.9690999984741211
log_sigma,dpm2_log,"DPM-2 + corrector, log sigma",50,1,8,1.0,1.0
log_sigma,sigma_log_dpm,"Sigma-space DPM-1, log sigma",10,1,9,0.0,0.0
log_sigma,sigma_log_dpm,"Sigma-space DPM-1, log sigma",10,1,9,0.1,0.10884000360965729
log_sigma,sigma_log_dpm,"Sigma-space DPM-1, log sigma",10,1,9,0.2,0.22273999452590942
log_sigma,sigma_log_dpm,"Sigma-space DPM-1, log sigma",10,1,9,0.30000000000000004,0.34126001596450806
log_sigma,sigma_log_dpm,"Sigma-space DPM-1, log sigma",10,1,9,0.4,0.44538000226020813
log_sigma,sigma_log_dpm,"Sigma-space DPM-1, log sigma",10,1,9,0.5,0.5809600353240967
log_sigma,sigma_log_dpm,"Sigma-space DPM-1, log sigma",10,1,9,0.6000000000000001,0.6969000101089478
log_sigma,sigma_log_dpm,"Sigma-space DPM-1, log sigma",10,1,9,0.7000000000000001,0.7921800017356873
log_sigma,sigma_log_dpm,"Sigma-space DPM-1, log sigma",10,1,9,0.8,0.8789600133895874
log_sigma,sigma_log_dpm,"Sigma-space DPM-1, log sigma",10,1,9,0.9,0.954800009727478
log_sigma,sigma_log_dpm,"Sigma-space DPM-1, log sigma",10,1,9,1.0,0.9998400211334229
log_sigma,sigma_log_dpm,"Sigma-space DPM-1, log sigma",50,1,9,0.0,0.0
log_sigma,sigma_log_dpm,"Sigma-space DPM-1, log sigma",50,1,9,0.1,0.1326799988746643
log_sigma,sigma_log_dpm,"Sigma-space DPM-1, log sigma",50,1,9,0.2,0.2533999979496002
log_sigma,sigma_log_dpm,"Sigma-space DPM-1, log sigma",50,1,9,0.30000000000000004,0.38510000705718994
log_sigma,sigma_log_dpm,"Sigma-space DPM-1, log sigma",50,1,9,0.4,0.5122599601745605
log_sigma,sigma_log_dpm,"Sigma-space DPM-1, log sigma",50,1,9,0.5,0.6375600099563599
log_sigma,sigma_log_dpm,"Sigma-space DPM-1, log sigma",50,1,9,0.6000000000000001,0.7350399494171143
log_sigma,sigma_log_dpm,"Sigma-space DPM-1, log sigma",50,1,9,0.7000000000000001,0.8228000402450562
log_sigma,sigma_log_dpm,"Sigma-space DPM-1, log sigma",50,1,9,0.8,0.9046800136566162
log_sigma,sigma_log_dpm,"Sigma-space DPM-1, log sigma",50,1,9,0.9,0.9711999893188477
log_sigma,sigma_log_dpm,"Sigma-space DPM-1, log sigma",50,1,9,1.0,0.9999600052833557
log_sigma,dpm2_log,"DPM-2 + corrector, log sigma",10,1,9,0.0,0.0
log_sigma,dpm2_log,"DPM-2 + corrector, log sigma",10,1,9,0.1,0.14465999603271484
log_sigma,dpm2_log,"DPM-2 + corrector, log sigma",10,1,9,0.2,0.2577800154685974
log_sigma,dpm2_log,"DPM-2 + corrector, log sigma",10,1,9,0.30000000000000004,0.38204002380371094
log_sigma,dpm2_log,"DPM-2 + corrector, log sigma",10,1,9,0.4,0.5209400057792664
log_sigma,dpm2_log,"DPM-2 + corrector, log sigma",10,1,9,0.5,0.6481000185012817
log_sigma,dpm2_log,"DPM-2 + corrector, log sigma",10,1,9,0.6000000000000001,0.744379997253418
log_sigma,dpm2_log,"DPM-2 + corrector, log sigma",10,1,9,0.7000000000000001,0.8453400135040283
log_sigma,dpm2_log,"DPM-2 + corrector, log sigma",10,1,9,0.8,0.9236599802970886
log_sigma,dpm2_log,"DPM-2 + corrector, log sigma",10,1,9,0.9,0.9813799858093262
log_sigma,dpm2_log,"DPM-2 + corrector, log sigma",10,1,9,1.0,1.0
log_sigma,dpm2_log,"DPM-2 + corrector, log sigma",50,1,9,0.0,0.0
log_sigma,dpm2_log,"DPM-2 + corrector, log sigma",50,1,9,0.1,0.12491999566555023
log_sigma,dpm2_log,"DPM-2 + corrector, log sigma",50,1,9,0.2,0.26308000087738037
log_sigma,dpm2_log,"DPM-2 + corrector, log sigma",50,1,9,0.30000000000000004,0.387580007314682
log_sigma,dpm2_log,"DPM-2 + corrector, log sigma",50,1,9,0.4,0.5306999683380127
log_sigma,dpm2_log,"DPM-2 + corrector, log sigma",50,1,9,0.5,0.636900007724762
log_sigma,dpm2_log,"DPM-2 + corrector, log sigma",50,1,9,0.6000000000000001,0.7407000064849854
log_sigma,dpm2_log,"DPM-2 + corrector, log sigma",50,1,9,0.7000000000000001,0.8417199850082397
log_sigma,dpm2_log,"DPM-2 + corrector, log sigma",50,1,9,0.8,0.9199199676513672
log_sigma,dpm2_log,"DPM-2 + corrector, log sigma",50,1,9,0.9,0.9773200154304504
log_sigma,dpm2_log,"DPM-2 + corrector, log sigma",50,1,9,1.0,0.9997999668121338
log_sigma,sigma_log_dpm,"Sigma-space DPM-1, log sigma",10,1,10,0.0,0.0
log_sigma,sigma_log_dpm,"Sigma-space DPM-1, log sigma",10,1,10,0.1,0.07344000041484833
log_sigma,sigma_log_dpm,"Sigma-space DPM-1, log sigma",10,1,10,0.2,0.14258000254631042
log_sigma,sigma_log_dpm,"Sigma-space DPM-1, log sigma",10,1,10,0.30000000000000004,0.20071999728679657
log_sigma,sigma_log_dpm,"Sigma-space DPM-1, log sigma",10,1,10,0.4,0.27612000703811646
log_sigma,sigma_log_dpm,"Sigma-space DPM-1, log sigma",10,1,10,0.5,0.35965999960899353
log_sigma,sigma_log_dpm,"Sigma-space DPM-1, log sigma",10,1,10,0.6000000000000001,0.45399999618530273
log_sigma,sigma_log_dpm,"Sigma-space DPM-1, log sigma",10,1,10,0.7000000000000001,0.5424399971961975
log_sigma,sigma_log_dpm,"Sigma-space DPM-1, log sigma",10,1,10,0.8,0.636900007724762
log_sigma,sigma_log_dpm,"Sigma-space DPM-1, log sigma",10,1,10,0.9,0.7859200239181519
log_sigma,sigma_log_dpm,"Sigma-space DPM-1, log sigma",10,1,10,1.0,0.9942799806594849
log_sigma,sigma_log_dpm,"Sigma-space DPM-1, log sigma",50,1,10,0.0,0.0
log_sigma,sigma_log_dpm,"Sigma-space DPM-1, log sigma",50,1,10,0.1,0.0579800009727478
log_sigma,sigma_log_dpm,"Sigma-space DPM-1, log sigma",50,1,10,0.2,0.1204800009727478
log_sigma,sigma_log_dpm,"Sigma-space DPM-1, log sigma",50,1,10,0.30000000000000004,0.18751999735832214
log_sigma,sigma_log_dpm,"Sigma-space DPM-1, log sigma",50,1,10,0.4,0.2580000162124634
log_sigma,sigma_log_dpm,"Sigma-space DPM-1, log sigma",50,1,10,0.5,0.32190001010894775
log_sigma,sigma_log_dpm,"Sigma-space DPM-1, log sigma",50,1,10,0.6000000000000001,0.4200200140476227
log_sigma,sigma_log_dpm,"Sigma-space DPM-1, log sigma",50,1,10,0.7000000000000001,0.5199599862098694
log_sigma,sigma_log_dpm,"Sigma-space DPM-1, log sigma",50,1,10,0.8,0.6404800415039062
log_sigma,sigma_log_dpm,"Sigma-space DPM-1, log sigma",50,1,10,0.9,0.786620020866394
log_sigma,sigma_log_dpm,"Sigma-space DPM-1, log sigma",50,1,10,1.0,0.9890999794006348
log_sigma,dpm2_log,"DPM-2 + corrector, log sigma",10,1,10,0.0,0.0
log_sigma,dpm2_log,"DPM-2 + corrector, log sigma",10,1,10,0.1,0.09766000509262085
log_sigma,dpm2_log,"DPM-2 + corrector, log sigma",10,1,10,0.2,0.18979999423027039
log_sigma,dpm2_log,"DPM-2 + corrector, log sigma",10,1,10,0.30000000000000004,0.2747799754142761
log_sigma,dpm2_log,"DPM-2 + corrector, log sigma",10,1,10,0.4,0.3659999966621399
log_sigma,dpm2_log,"DPM-2 + corrector, log sigma",10,1,10,0.5,0.44731998443603516
log_sigma,dpm2_log,"DPM-2 + corrector, log sigma",10,1,10,0.6000000000000001,0.5601400136947632
log_sigma,dpm2_log,"DPM-2 + corrector, log sigma",10,1,10,0.7000000000000001,0.6574000120162964
log_sigma,dpm2_log,"DPM-2 + corrector, log sigma",10,1,10,0.8,0.7627400159835815
log_sigma,dpm2_log,"DPM-2 + corrector, log sigma",10,1,10,0.9,0.8745599985122681
log_sigma,dpm2_log,"DPM-2 + corrector, log sigma",10,1,10,1.0,0.9998999834060669
log_sigma,dpm2_log,"DPM-2 + corrector, log sigma",50,1,10,0.0,0.0
log_sigma,dpm2_log,"DPM-2 + corrector, log sigma",50,1,10,0.1,0.09751999378204346
log_sigma,dpm2_log,"DPM-2 + corrector, log sigma",50,1,10,0.2,0.18719999492168427
log_sigma,dpm2_log,"DPM-2 + corrector, log sigma",50,1,10,0.30000000000000004,0.2683600187301636
log_sigma,dpm2_log,"DPM-2 + corrector, log sigma",50,1,10,0.4,0.36956000328063965
log_sigma,dpm2_log,"DPM-2 + corrector, log sigma",50,1,10,0.5,0.46209999918937683
log_sigma,dpm2_log,"DPM-2 + corrector, log sigma",50,1,10,0.6000000000000001,0.5648399591445923
log_sigma,dpm2_log,"DPM-2 + corrector, log sigma",50,1,10,0.7000000000000001,0.6470199823379517
log_sigma,dpm2_log,"DPM-2 + corrector, log sigma",50,1,10,0.8,0.7528200149536133
log_sigma,dpm2_log,"DPM-2 + corrector, log sigma",50,1,10,0.9,0.8787200450897217
log_sigma,dpm2_log,"DPM-2 + corrector, log sigma",50,1,10,1.0,0.999779999256134
log_sigma,sigma_log_dpm,"Sigma-space DPM-1, log sigma",10,1,11,0.0,0.0
log_sigma,sigma_log_dpm,"Sigma-space DPM-1, log sigma",10,1,11,0.1,0.09421999752521515
log_sigma,sigma_log_dpm,"Sigma-space DPM-1, log sigma",10,1,11,0.2,0.17486000061035156
log_sigma,sigma_log_dpm,"Sigma-space DPM-1, log sigma",10,1,11,0.30000000000000004,0.2849000096321106
log_sigma,sigma_log_dpm,"Sigma-space DPM-1, log sigma",10,1,11,0.4,0.3774400055408478
log_sigma,sigma_log_dpm,"Sigma-space DPM-1, log sigma",10,1,11,0.5,0.48156002163887024
log_sigma,sigma_log_dpm,"Sigma-space DPM-1, log sigma",10,1,11,0.6000000000000001,0.5676000118255615
log_sigma,sigma_log_dpm,"Sigma-space DPM-1, log sigma",10,1,11,0.7000000000000001,0.6582200527191162
log_sigma,sigma_log_dpm,"Sigma-space DPM-1, log sigma",10,1,11,0.8,0.7534600496292114
log_sigma,sigma_log_dpm,"Sigma-space DPM-1, log sigma",10,1,11,0.9,0.882099986076355
log_sigma,sigma_log_dpm,"Sigma-space DPM-1, log sigma",10,1,11,1.0,0.9992200136184692
log_sigma,sigma_log_dpm,"Sigma-space DPM-1, log sigma",50,1,11,0.0,0.0
log_sigma,sigma_log_dpm,"Sigma-space DPM-1, log sigma",50,1,11,0.1,0.10023999959230423
log_sigma,sigma_log_dpm,"Sigma-space DPM-1, log sigma",50,1,11,0.2,0.22326000034809113
log_sigma,sigma_log_dpm,"Sigma-space DPM-1, log sigma",50,1,11,0.30000000000000004,0.34332001209259033
log_sigma,sigma_log_dpm,"Sigma-space DPM-1, log sigma",50,1,11,0.4,0.433459997177124
log_sigma,sigma_log_dpm,"Sigma-space DPM-1, log sigma",50,1,11,0.5,0.5463600158691406
log_sigma,sigma_log_dpm,"Sigma-space DPM-1, log sigma",50,1,11,0.6000000000000001,0.6287999749183655
log_sigma,sigma_log_dpm,"Sigma-space DPM-1, log sigma",50,1,11,0.7000000000000001,0.7149400115013123
log_sigma,sigma_log_dpm,"Sigma-space DPM-1, log sigma",50,1,11,0.8,0.824180006980896
log_sigma,sigma_log_dpm,"Sigma-space DPM-1, log sigma",50,1,11,0.9,0.9184600114822388
log_sigma,sigma_log_dpm,"Sigma-space DPM-1, log sigma",50,1,11,1.0,0.9994200468063354
log_sigma,dpm2_log,"DPM-2 + corrector, log sigma",10,1,11,0.0,0.0
log_sigma,dpm2_log,"DPM-2 + corrector, log sigma",10,1,11,0.1,0.12610000371932983
log_sigma,dpm2_log,"DPM-2 + corrector, log sigma",10,1,11,0.2,0.23943999409675598
log_sigma,dpm2_log,"DPM-2 + corrector, log sigma",10,1,11,0.30000000000000004,0.3637000024318695
log_sigma,dpm2_log,"DPM-2 + corrector, log sigma",10,1,11,0.4,0.4753999710083008
log_sigma,dpm2_log,"DPM-2 + corrector, log sigma",10,1,11,0.5,0.595579981803894
log_sigma,dpm2_log,"DPM-2 + corrector, log sigma",10,1,11,0.6000000000000001,0.6975200176239014
log_sigma,dpm2_log,"DPM-2 + corrector, log sigma",10,1,11,0.7000000000000001,0.7790200114250183
log_sigma,dpm2_log,"DPM-2 + corrector, log sigma",10,1,11,0.8,0.857479989528656
log_sigma,dpm2_log,"DPM-2 + corrector, log sigma",10,1,11,0.9,0.9512200355529785
log_sigma,dpm2_log,"DPM-2 + corrector, log sigma",10,1,11,1.0,0.9999799728393555
log_sigma,dpm2_log,"DPM-2 + corrector, log sigma",50,1,11,0.0,0.0
log_sigma,dpm2_log,"DPM-2 + corrector, log sigma",50,1,11,0.1,0.12703999876976013
log_sigma,dpm2_log,"DPM-2 + corrector, log sigma",50,1,11,0.2,0.24993999302387238
log_sigma,dpm2_log,"DPM-2 + corrector, log sigma",50,1,11,0.30000000000000004,0.36353999376296997
log_sigma,dpm2_log,"DPM-2 + corrector, log sigma",50,1,11,0.4,0.4521999955177307
log_sigma,dpm2_log,"DPM-2 + corrector, log sigma",50,1,11,0.5,0.5651999711990356
log_sigma,dpm2_log,"DPM-2 + corrector, log sigma",50,1,11,0.6000000000000001,0.6773599982261658
log_sigma,dpm2_log,"DPM-2 + corrector, log sigma",50,1,11,0.7000000000000001,0.7623400092124939
log_sigma,dpm2_log,"DPM-2 + corrector, log sigma",50,1,11,0.8,0.8733599781990051
log_sigma,dpm2_log,"DPM-2 + corrector, log sigma",50,1,11,0.9,0.9590399861335754
log_sigma,dpm2_log,"DPM-2 + corrector, log sigma",50,1,11,1.0,0.9998199939727783
log_sigma,sigma_log_dpm,"Sigma-space DPM-1, log sigma",10,1,12,0.0,0.0
log_sigma,sigma_log_dpm,"Sigma-space DPM-1, log sigma",10,1,12,0.1,0.09758000075817108
log_sigma,sigma_log_dpm,"Sigma-space DPM-1, log sigma",10,1,12,0.2,0.20933999121189117
log_sigma,sigma_log_dpm,"Sigma-space DPM-1, log sigma",10,1,12,0.30000000000000004,0.29155999422073364
log_sigma,sigma_log_dpm,"Sigma-space DPM-1, log sigma",10,1,12,0.4,0.37389999628067017
log_sigma,sigma_log_dpm,"Sigma-space DPM-1, log sigma",10,1,12,0.5,0.4706999957561493
log_sigma,sigma_log_dpm,"Sigma-space DPM-1, log sigma",10,1,12,0.6000000000000001,0.5586400032043457
log_sigma,sigma_log_dpm,"Sigma-space DPM-1, log sigma",10,1,12,0.7000000000000001,0.6557400226593018
log_sigma,sigma_log_dpm,"Sigma-space DPM-1, log sigma",10,1,12,0.8,0.7569400072097778
log_sigma,sigma_log_dpm,"Sigma-space DPM-1, log sigma",10,1,12,0.9,0.8578799962997437
log_sigma,sigma_log_dpm,"Sigma-space DPM-1, log sigma",10,1,12,1.0,0.9886800050735474
log_sigma,sigma_log_dpm,"Sigma-space DPM-1, log sigma",50,1,12,0.0,0.0
log_sigma,sigma_log_dpm,"Sigma-space DPM-1, log sigma",50,1,12,0.1,0.08653999865055084
log_sigma,sigma_log_dpm,"Sigma-space DPM-1, log sigma",50,1,12,0.2,0.19381999969482422
log_sigma,sigma_log_dpm,"Sigma-space DPM-1, log sigma",50,1,12,0.30000000000000004,0.28167998790740967
log_sigma,sigma_log_dpm,"Sigma-space DPM-1, log sigma",50,1,12,0.4,0.3927599787712097
log_sigma,sigma_log_dpm,"Sigma-space DPM-1, log sigma",50,1,12,0.5,0.4824399948120117
log_sigma,sigma_log_dpm,"Sigma-space DPM-1, log sigma",50,1,12,0.6000000000000001,0.577239990234375
log_sigma,sigma_log_dpm,"Sigma-space DPM-1, log sigma",50,1,12,0.7000000000000001,0.6621400117874146
log_sigma,sigma_log_dpm,"Sigma-space DPM-1, log sigma",50,1,12,0.8,0.7535400390625
log_sigma,sigma_log_dpm,"Sigma-space DPM-1, log sigma",50,1,12,0.9,0.8645800352096558
log_sigma,sigma_log_dpm,"Sigma-space DPM-1, log sigma",50,1,12,1.0,0.9951199889183044
log_sigma,dpm2_log,"DPM-2 + corrector, log sigma",10,1,12,0.0,0.0
log_sigma,dpm2_log,"DPM-2 + corrector, log sigma",10,1,12,0.1,0.13203999400138855
log_sigma,dpm2_log,"DPM-2 + corrector, log sigma",10,1,12,0.2,0.2565999925136566
log_sigma,dpm2_log,"DPM-2 + corrector, log sigma",10,1,12,0.30000000000000004,0.35114002227783203
log_sigma,dpm2_log,"DPM-2 + corrector, log sigma",10,1,12,0.4,0.47209998965263367
log_sigma,dpm2_log,"DPM-2 + corrector, log sigma",10,1,12,0.5,0.5792399644851685
log_sigma,dpm2_log,"DPM-2 + corrector, log sigma",10,1,12,0.6000000000000001,0.6823999881744385
log_sigma,dpm2_log,"DPM-2 + corrector, log sigma",10,1,12,0.7000000000000001,0.7643200159072876
log_sigma,dpm2_log,"DPM-2 + corrector, log sigma",10,1,12,0.8,0.8316600322723389
log_sigma,dpm2_log,"DPM-2 + corrector, log sigma",10,1,12,0.9,0.9089000225067139
log_sigma,dpm2_log,"DPM-2 + corrector, log sigma",10,1,12,1.0,0.9994399547576904
log_sigma,dpm2_log,"DPM-2 + corrector, log sigma",50,1,12,0.0,0.0
log_sigma,dpm2_log,"DPM-2 + corrector, log sigma",50,1,12,0.1,0.10041999816894531
log_sigma,dpm2_log,"DPM-2 + corrector, log sigma",50,1,12,0.2,0.2098200023174286
log_sigma,dpm2_log,"DPM-2 + corrector, log sigma",50,1,12,0.30000000000000004,0.30646002292633057
log_sigma,dpm2_log,"DPM-2 + corrector, log sigma",50,1,12,0.4,0.414359986782074
log_sigma,dpm2_log,"DPM-2 + corrector, log sigma",50,1,12,0.5,0.528659999370575
log_sigma,dpm2_log,"DPM-2 + corrector, log sigma",50,1,12,0.6000000000000001,0.6262800097465515
log_sigma,dpm2_log,"DPM-2 + corrector, log sigma",50,1,12,0.7000000000000001,0.758139967918396
log_sigma,dpm2_log,"DPM-2 + corrector, log sigma",50,1,12,0.8,0.8435199856758118
log_sigma,dpm2_log,"DPM-2 + corrector, log sigma",50,1,12,0.9,0.9550600051879883
log_sigma,dpm2_log,"DPM-2 + corrector, log sigma",50,1,12,1.0,0.9996600151062012
log_sigma,sigma_log_dpm,"Sigma-space DPM-1, log sigma",10,1,13,0.0,0.0
log_sigma,sigma_log_dpm,"Sigma-space DPM-1, log sigma",10,1,13,0.1,0.09888000041246414
log_sigma,sigma_log_dpm,"Sigma-space DPM-1, log sigma",10,1,13,0.2,0.21045999228954315
log_sigma,sigma_log_dpm,"Sigma-space DPM-1, log sigma",10,1,13,0.30000000000000004,0.3116399943828583
log_sigma,sigma_log_dpm,"Sigma-space DPM-1, log sigma",10,1,13,0.4,0.42640000581741333
log_sigma,sigma_log_dpm,"Sigma-space DPM-1, log sigma",10,1,13,0.5,0.5283000469207764
log_sigma,sigma_log_dpm,"Sigma-space DPM-1, log sigma",10,1,13,0.6000000000000001,0.6432399749755859
log_sigma,sigma_log_dpm,"Sigma-space DPM-1, log sigma",10,1,13,0.7000000000000001,0.7298799753189087
log_sigma,sigma_log_dpm,"Sigma-space DPM-1, log sigma",10,1,13,0.8,0.8527399897575378
log_sigma,sigma_log_dpm,"Sigma-space DPM-1, log sigma",10,1,13,0.9,0.952239990234375
log_sigma,sigma_log_dpm,"Sigma-space DPM-1, log sigma",10,1,13,1.0,0.9999600052833557
log_sigma,sigma_log_dpm,"Sigma-space DPM-1, log sigma",50,1,13,0.0,0.0
log_sigma,sigma_log_dpm,"Sigma-space DPM-1, log sigma",50,1,13,0.1,0.10931999981403351
log_sigma,sigma_log_dpm,"Sigma-space DPM-1, log sigma",50,1,13,0.2,0.21606001257896423
log_sigma,sigma_log_dpm,"Sigma-space DPM-1, log sigma",50,1,13,0.30000000000000004,0.3276199996471405
log_sigma,sigma_log_dpm,"Sigma-space DPM-1, log sigma",50,1,13,0.4,0.4313800036907196
log_sigma,sigma_log_dpm,"Sigma-space DPM-1, log sigma",50,1,13,0.5,0.5483999848365784
log_sigma,sigma_log_dpm,"Sigma-space DPM-1, log sigma",50,1,13,0.6000000000000001,0.6622599959373474
log_sigma,sigma_log_dpm,"Sigma-space DPM-1, log sigma",50,1,13,0.7000000000000001,0.7808799743652344
log_sigma,sigma_log_dpm,"Sigma-space DPM-1, log sigma",50,1,13,0.8,0.8824000358581543
log_sigma,sigma_log_dpm,"Sigma-space DPM-1, log sigma",50,1,13,0.9,0.9577800035476685
log_sigma,sigma_log_dpm,"Sigma-space DPM-1, log sigma",50,1,13,1.0,1.0
log_sigma,dpm2_log,"DPM-2 + corrector, log sigma",10,1,13,0.0,0.0
log_sigma,dpm2_log,"DPM-2 + corrector, log sigma",10,1,13,0.1,0.12108000367879868
log_sigma,dpm2_log,"DPM-2 + corrector, log sigma",10,1,13,0.2,0.25554001331329346
log_sigma,dpm2_log,"DPM-2 + corrector, log sigma",10,1,13,0.30000000000000004,0.35387998819351196
log_sigma,dpm2_log,"DPM-2 + corrector, log sigma",10,1,13,0.4,0.47713997960090637
log_sigma,dpm2_log,"DPM-2 + corrector, log sigma",10,1,13,0.5,0.5882200002670288
log_sigma,dpm2_log,"DPM-2 + corrector, log sigma",10,1,13,0.6000000000000001,0.6973000168800354
log_sigma,dpm2_log,"DPM-2 + corrector, log sigma",10,1,13,0.7000000000000001,0.8111200332641602
log_sigma,dpm2_log,"DPM-2 + corrector, log sigma",10,1,13,0.8,0.9004600048065186
log_sigma,dpm2_log,"DPM-2 + corrector, log sigma",10,1,13,0.9,0.9686599969863892
log_sigma,dpm2_log,"DPM-2 + corrector, log sigma",10,1,13,1.0,1.0
log_sigma,dpm2_log,"DPM-2 + corrector, log sigma",50,1,13,0.0,0.0
log_sigma,dpm2_log,"DPM-2 + corrector, log sigma",50,1,13,0.1,0.12574000656604767
log_sigma,dpm2_log,"DPM-2 + corrector, log sigma",50,1,13,0.2,0.24837999045848846
log_sigma,dpm2_log,"DPM-2 + corrector, log sigma",50,1,13,0.30000000000000004,0.3636400103569031
log_sigma,dpm2_log,"DPM-2 + corrector, log sigma",50,1,13,0.4,0.47193998098373413
log_sigma,dpm2_log,"DPM-2 + corrector, log sigma",50,1,13,0.5,0.591480016708374
log_sigma,dpm2_log,"DPM-2 + corrector, log sigma",50,1,13,0.6000000000000001,0.7019000053405762
log_sigma,dpm2_log,"DPM-2 + corrector, log sigma",50,1,13,0.7000000000000001,0.8031400442123413
log_sigma,dpm2_log,"DPM-2 + corrector, log sigma",50,1,13,0.8,0.8989599943161011
log_sigma,dpm2_log,"DPM-2 + corrector, log sigma",50,1,13,0.9,0.9716200232505798
log_sigma,dpm2_log,"DPM-2 + corrector, log sigma",50,1,13,1.0,1.0
log_sigma,sigma_log_dpm,"Sigma-space DPM-1, log sigma",10,1,14,0.0,0.0
log_sigma,sigma_log_dpm,"Sigma-space DPM-1, log sigma",10,1,14,0.1,0.08138000220060349
log_sigma,sigma_log_dpm,"Sigma-space DPM-1, log sigma",10,1,14,0.2,0.164000004529953
log_sigma,sigma_log_dpm,"Sigma-space DPM-1, log sigma",10,1,14,0.30000000000000004,0.23089998960494995
log_sigma,sigma_log_dpm,"Sigma-space DPM-1, log sigma",10,1,14,0.4,0.31011998653411865
log_sigma,sigma_log_dpm,"Sigma-space DPM-1, log sigma",10,1,14,0.5,0.395579993724823
log_sigma,sigma_log_dpm,"Sigma-space DPM-1, log sigma",10,1,14,0.6000000000000001,0.489439994096756
log_sigma,sigma_log_dpm,"Sigma-space DPM-1, log sigma",10,1,14,0.7000000000000001,0.6006799936294556
log_sigma,sigma_log_dpm,"Sigma-space DPM-1, log sigma",10,1,14,0.8,0.6979600191116333
log_sigma,sigma_log_dpm,"Sigma-space DPM-1, log sigma",10,1,14,0.9,0.8212200403213501
log_sigma,sigma_log_dpm,"Sigma-space DPM-1, log sigma",10,1,14,1.0,0.9940199851989746
log_sigma,sigma_log_dpm,"Sigma-space DPM-1, log sigma",50,1,14,0.0,0.0
log_sigma,sigma_log_dpm,"Sigma-space DPM-1, log sigma",50,1,14,0.1,0.06982000172138214
log_sigma,sigma_log_dpm,"Sigma-space DPM-1, log sigma",50,1,14,0.2,0.15720000863075256
log_sigma,sigma_log_dpm,"Sigma-space DPM-1, log sigma",50,1,14,0.30000000000000004,0.23917999863624573
log_sigma,sigma_log_dpm,"Sigma-space DPM-1, log sigma",50,1,14,0.4,0.32104000449180603
log_sigma,sigma_log_dpm,"Sigma-space DPM-1, log sigma",50,1,14,0.5,0.4292199909687042
log_sigma,sigma_log_dpm,"Sigma-space DPM-1, log sigma",50,1,14,0.6000000000000001,0.5374599695205688
log_sigma,sigma_log_dpm,"Sigma-space DPM-1, log sigma",50,1,14,0.7000000000000001,0.6378399729728699
log_sigma,sigma_log_dpm,"Sigma-space DPM-1, log sigma",50,1,14,0.8,0.744439959526062
log_sigma,sigma_log_dpm,"Sigma-space DPM-1, log sigma",50,1,14,0.9,0.8754400014877319
log_sigma,sigma_log_dpm,"Sigma-space DPM-1, log sigma",50,1,14,1.0,0.994920015335083
log_sigma,dpm2_log,"DPM-2 + corrector, log sigma",10,1,14,0.0,0.0
log_sigma,dpm2_log,"DPM-2 + corrector, log sigma",10,1,14,0.1,0.09260000288486481
log_sigma,dpm2_log,"DPM-2 + corrector, log sigma",10,1,14,0.2,0.1921600103378296
log_sigma,dpm2_log,"DPM-2 + corrector, log sigma",10,1,14,0.30000000000000004,0.2837800085544586
log_sigma,dpm2_log,"DPM-2 + corrector, log sigma",10,1,14,0.4,0.3691200017929077
log_sigma,dpm2_log,"DPM-2 + corrector, log sigma",10,1,14,0.5,0.4849199950695038
log_sigma,dpm2_log,"DPM-2 + corrector, log sigma",10,1,14,0.6000000000000001,0.6047999858856201
log_sigma,dpm2_log,"DPM-2 + corrector, log sigma",10,1,14,0.7000000000000001,0.7158600091934204
log_sigma,dpm2_log,"DPM-2 + corrector, log sigma",10,1,14,0.8,0.8210799694061279
log_sigma,dpm2_log,"DPM-2 + corrector, log sigma",10,1,14,0.9,0.924839973449707
log_sigma,dpm2_log,"DPM-2 + corrector, log sigma",10,1,14,1.0,0.9988200068473816
log_sigma,dpm2_log,"DPM-2 + corrector, log sigma",50,1,14,0.0,0.0
log_sigma,dpm2_log,"DPM-2 + corrector, log sigma",50,1,14,0.1,0.09932000190019608
log_sigma,dpm2_log,"DPM-2 + corrector, log sigma",50,1,14,0.2,0.1942799985408783
log_sigma,dpm2_log,"DPM-2 + corrector, log sigma",50,1,14,0.30000000000000004,0.31415998935699463
log_sigma,dpm2_log,"DPM-2 + corrector, log sigma",50,1,14,0.4,0.42427998781204224
log_sigma,dpm2_log,"DPM-2 + corrector, log sigma",50,1,14,0.5,0.5211600065231323
log_sigma,dpm2_log,"DPM-2 + corrector, log sigma",50,1,14,0.6000000000000001,0.6439000368118286
log_sigma,dpm2_log,"DPM-2 + corrector, log sigma",50,1,14,0.7000000000000001,0.7402000427246094
log_sigma,dpm2_log,"DPM-2 + corrector, log sigma",50,1,14,0.8,0.8315600156784058
log_sigma,dpm2_log,"DPM-2 + corrector, log sigma",50,1,14,0.9,0.9284199476242065
log_sigma,dpm2_log,"DPM-2 + corrector, log sigma",50,1,14,1.0,0.9993599653244019
log_sigma,sigma_log_dpm,"Sigma-space DPM-1, log sigma",10,1,15,0.0,0.0
log_sigma,sigma_log_dpm,"Sigma-space DPM-1, log sigma",10,1,15,0.1,0.11232000589370728
log_sigma,sigma_log_dpm,"Sigma-space DPM-1, log sigma",10,1,15,0.2,0.228860005736351
log_sigma,sigma_log_dpm,"Sigma-space DPM-1, log sigma",10,1,15,0.30000000000000004,0.33201998472213745
log_sigma,sigma_log_dpm,"Sigma-space DPM-1, log sigma",10,1,15,0.4,0.44859999418258667
log_sigma,sigma_log_dpm,"Sigma-space DPM-1, log sigma",10,1,15,0.5,0.5418400168418884
log_sigma,sigma_log_dpm,"Sigma-space DPM-1, log sigma",10,1,15,0.6000000000000001,0.6507999897003174
log_sigma,sigma_log_dpm,"Sigma-space DPM-1, log sigma",10,1,15,0.7000000000000001,0.7492200136184692
log_sigma,sigma_log_dpm,"Sigma-space DPM-1, log sigma",10,1,15,0.8,0.8563400506973267
log_sigma,sigma_log_dpm,"Sigma-space DPM-1, log sigma",10,1,15,0.9,0.9415199756622314
log_sigma,sigma_log_dpm,"Sigma-space DPM-1, log sigma",10,1,15,1.0,0.9991799592971802
log_sigma,sigma_log_dpm,"Sigma-space DPM-1, log sigma",50,1,15,0.0,0.0
log_sigma,sigma_log_dpm,"Sigma-space DPM-1, log sigma",50,1,15,0.1,0.11295999586582184
log_sigma,sigma_log_dpm,"Sigma-space DPM-1, log sigma",50,1,15,0.2,0.24347999691963196
log_sigma,sigma_log_dpm,"Sigma-space DPM-1, log sigma",50,1,15,0.30000000000000004,0.35082000494003296
log_sigma,sigma_log_dpm,"Sigma-space DPM-1, log sigma",50,1,15,0.4,0.4641999900341034
log_sigma,sigma_log_dpm,"Sigma-space DPM-1, log sigma",50,1,15,0.5,0.5790199637413025
log_sigma,sigma_log_dpm,"Sigma-space DPM-1, log sigma",50,1,15,0.6000000000000001,0.69868004322052
log_sigma,sigma_log_dpm,"Sigma-space DPM-1, log sigma",50,1,15,0.7000000000000001,0.7954399585723877
log_sigma,sigma_log_dpm,"Sigma-space DPM-1, log sigma",50,1,15,0.8,0.8860599994659424
log_sigma,sigma_log_dpm,"Sigma-space DPM-1, log sigma",50,1,15,0.9,0.9528399705886841
log_sigma,sigma_log_dpm,"Sigma-space DPM-1, log sigma",50,1,15,1.0,0.9993000030517578
log_sigma,dpm2_log,"DPM-2 + corrector, log sigma",10,1,15,0.0,0.0
log_sigma,dpm2_log,"DPM-2 + corrector, log sigma",10,1,15,0.1,0.13816000521183014
log_sigma,dpm2_log,"DPM-2 + corrector, log sigma",10,1,15,0.2,0.2627600133419037
log_sigma,dpm2_log,"DPM-2 + corrector, log sigma",10,1,15,0.30000000000000004,0.3803200125694275
log_sigma,dpm2_log,"DPM-2 + corrector, log sigma",10,1,15,0.4,0.516260027885437
log_sigma,dpm2_log,"DPM-2 + corrector, log sigma",10,1,15,0.5,0.614080011844635
log_sigma,dpm2_log,"DPM-2 + corrector, log sigma",10,1,15,0.6000000000000001,0.7392399907112122
log_sigma,dpm2_log,"DPM-2 + corrector, log sigma",10,1,15,0.7000000000000001,0.8294999599456787
log_sigma,dpm2_log,"DPM-2 + corrector, log sigma",10,1,15,0.8,0.9089399576187134
log_sigma,dpm2_log,"DPM-2 + corrector, log sigma",10,1,15,0.9,0.9636600017547607
log_sigma,dpm2_log,"DPM-2 + corrector, log sigma",10,1,15,1.0,0.9996800422668457
log_sigma,dpm2_log,"DPM-2 + corrector, log sigma",50,1,15,0.0,0.0
log_sigma,dpm2_log,"DPM-2 + corrector, log sigma",50,1,15,0.1,0.1360200047492981
log_sigma,dpm2_log,"DPM-2 + corrector, log sigma",50,1,15,0.2,0.26458001136779785
log_sigma,dpm2_log,"DPM-2 + corrector, log sigma",50,1,15,0.30000000000000004,0.39069998264312744
log_sigma,dpm2_log,"DPM-2 + corrector, log sigma",50,1,15,0.4,0.5154399871826172
log_sigma,dpm2_log,"DPM-2 + corrector, log sigma",50,1,15,0.5,0.6188200116157532
log_sigma,dpm2_log,"DPM-2 + corrector, log sigma",50,1,15,0.6000000000000001,0.7045199871063232
log_sigma,dpm2_log,"DPM-2 + corrector, log sigma",50,1,15,0.7000000000000001,0.8077199459075928
log_sigma,dpm2_log,"DPM-2 + corrector, log sigma",50,1,15,0.8,0.8916200399398804
log_sigma,dpm2_log,"DPM-2 + corrector, log sigma",50,1,15,0.9,0.9650800228118896
log_sigma,dpm2_log,"DPM-2 + corrector, log sigma",50,1,15,1.0,0.999940037727356
log_sigma,sigma_log_dpm,"Sigma-space DPM-1, log sigma",10,2,0,0.0,0.0
log_sigma,sigma_log_dpm,"Sigma-space DPM-1, log sigma",10,2,0,0.1,0.11108000576496124
log_sigma,sigma_log_dpm,"Sigma-space DPM-1, log sigma",10,2,0,0.2,0.2023800015449524
log_sigma,sigma_log_dpm,"Sigma-space DPM-1, log sigma",10,2,0,0.30000000000000004,0.3223400115966797
log_sigma,sigma_log_dpm,"Sigma-space DPM-1, log sigma",10,2,0,0.4,0.44453999400138855
log_sigma,sigma_log_dpm,"Sigma-space DPM-1, log sigma",10,2,0,0.5,0.5618399977684021
log_sigma,sigma_log_dpm,"Sigma-space DPM-1, log sigma",10,2,0,0.6000000000000001,0.6618399620056152
log_sigma,sigma_log_dpm,"Sigma-space DPM-1, log sigma",10,2,0,0.7000000000000001,0.7658799886703491
log_sigma,sigma_log_dpm,"Sigma-space DPM-1, log sigma",10,2,0,0.8,0.858739972114563
log_sigma,sigma_log_dpm,"Sigma-space DPM-1, log sigma",10,2,0,0.9,0.9346599578857422
log_sigma,sigma_log_dpm,"Sigma-space DPM-1, log sigma",10,2,0,1.0,0.999940037727356
log_sigma,sigma_log_dpm,"Sigma-space DPM-1, log sigma",50,2,0,0.0,0.0
log_sigma,sigma_log_dpm,"Sigma-space DPM-1, log sigma",50,2,0,0.1,0.11956000328063965
log_sigma,sigma_log_dpm,"Sigma-space DPM-1, log sigma",50,2,0,0.2,0.24022001028060913
log_sigma,sigma_log_dpm,"Sigma-space DPM-1, log sigma",50,2,0,0.30000000000000004,0.3631799817085266
log_sigma,sigma_log_dpm,"Sigma-space DPM-1, log sigma",50,2,0,0.4,0.4795199930667877
log_sigma,sigma_log_dpm,"Sigma-space DPM-1, log sigma",50,2,0,0.5,0.596500039100647
log_sigma,sigma_log_dpm,"Sigma-space DPM-1, log sigma",50,2,0,0.6000000000000001,0.7060600519180298
log_sigma,sigma_log_dpm,"Sigma-space DPM-1, log sigma",50,2,0,0.7000000000000001,0.8082599639892578
log_sigma,sigma_log_dpm,"Sigma-space DPM-1, log sigma",50,2,0,0.8,0.9071999788284302
log_sigma,sigma_log_dpm,"Sigma-space DPM-1, log sigma",50,2,0,0.9,0.965499997138977
log_sigma,sigma_log_dpm,"Sigma-space DPM-1, log sigma",50,2,0,1.0,0.999940037727356
log_sigma,dpm2_log,"DPM-2 + corrector, log sigma",10,2,0,0.0,0.0
log_sigma,dpm2_log,"DPM-2 + corrector, log sigma",10,2,0,0.1,0.13369999825954437
log_sigma,dpm2_log,"DPM-2 + corrector, log sigma",10,2,0,0.2,0.26381999254226685
log_sigma,dpm2_log,"DPM-2 + corrector, log sigma",10,2,0,0.30000000000000004,0.3786599934101105
log_sigma,dpm2_log,"DPM-2 + corrector, log sigma",10,2,0,0.4,0.4810200035572052
log_sigma,dpm2_log,"DPM-2 + corrector, log sigma",10,2,0,0.5,0.5935200452804565
log_sigma,dpm2_log,"DPM-2 + corrector, log sigma",10,2,0,0.6000000000000001,0.7105399966239929
log_sigma,dpm2_log,"DPM-2 + corrector, log sigma",10,2,0,0.7000000000000001,0.8136999607086182
log_sigma,dpm2_log,"DPM-2 + corrector, log sigma",10,2,0,0.8,0.9057600498199463
log_sigma,dpm2_log,"DPM-2 + corrector, log sigma",10,2,0,0.9,0.968500018119812
log_sigma,dpm2_log,"DPM-2 + corrector, log sigma",10,2,0,1.0,0.9999600052833557
log_sigma,dpm2_log,"DPM-2 + corrector, log sigma",50,2,0,0.0,0.0
log_sigma,dpm2_log,"DPM-2 + corrector, log sigma",50,2,0,0.1,0.1491599977016449
log_sigma,dpm2_log,"DPM-2 + corrector, log sigma",50,2,0,0.2,0.29100000858306885
log_sigma,dpm2_log,"DPM-2 + corrector, log sigma",50,2,0,0.30000000000000004,0.41675999760627747
log_sigma,dpm2_log,"DPM-2 + corrector, log sigma",50,2,0,0.4,0.5420199632644653
log_sigma,dpm2_log,"DPM-2 + corrector, log sigma",50,2,0,0.5,0.6405799984931946
log_sigma,dpm2_log,"DPM-2 + corrector, log sigma",50,2,0,0.6000000000000001,0.7546800374984741
log_sigma,dpm2_log,"DPM-2 + corrector, log sigma",50,2,0,0.7000000000000001,0.8392000198364258
log_sigma,dpm2_log,"DPM-2 + corrector, log sigma",50,2,0,0.8,0.9167200326919556
log_sigma,dpm2_log,"DPM-2 + corrector, log sigma",50,2,0,0.9,0.9794399738311768
log_sigma,dpm2_log,"DPM-2 + corrector, log sigma",50,2,0,1.0,1.0
log_sigma,sigma_log_dpm,"Sigma-space DPM-1, log sigma",10,2,1,0.0,0.0
log_sigma,sigma_log_dpm,"Sigma-space DPM-1, log sigma",10,2,1,0.1,0.044759999960660934
log_sigma,sigma_log_dpm,"Sigma-space DPM-1, log sigma",10,2,1,0.2,0.0930199921131134
log_sigma,sigma_log_dpm,"Sigma-space DPM-1, log sigma",10,2,1,0.30000000000000004,0.1560399979352951
log_sigma,sigma_log_dpm,"Sigma-space DPM-1, log sigma",10,2,1,0.4,0.21674001216888428
log_sigma,sigma_log_dpm,"Sigma-space DPM-1, log sigma",10,2,1,0.5,0.28564000129699707
log_sigma,sigma_log_dpm,"Sigma-space DPM-1, log sigma",10,2,1,0.6000000000000001,0.38905999064445496
log_sigma,sigma_log_dpm,"Sigma-space DPM-1, log sigma",10,2,1,0.7000000000000001,0.4743000268936157
log_sigma,sigma_log_dpm,"Sigma-space DPM-1, log sigma",10,2,1,0.8,0.6229000091552734
log_sigma,sigma_log_dpm,"Sigma-space DPM-1, log sigma",10,2,1,0.9,0.7948399782180786
log_sigma,sigma_log_dpm,"Sigma-space DPM-1, log sigma",10,2,1,1.0,0.9990000128746033
log_sigma,sigma_log_dpm,"Sigma-space DPM-1, log sigma",50,2,1,0.0,0.0
log_sigma,sigma_log_dpm,"Sigma-space DPM-1, log sigma",50,2,1,0.1,0.05592000111937523
log_sigma,sigma_log_dpm,"Sigma-space DPM-1, log sigma",50,2,1,0.2,0.11193999648094177
log_sigma,sigma_log_dpm,"Sigma-space DPM-1, log sigma",50,2,1,0.30000000000000004,0.1725200116634369
log_sigma,sigma_log_dpm,"Sigma-space DPM-1, log sigma",50,2,1,0.4,0.2413400113582611
log_sigma,sigma_log_dpm,"Sigma-space DPM-1, log sigma",50,2,1,0.5,0.3170199990272522
log_sigma,sigma_log_dpm,"Sigma-space DPM-1, log sigma",50,2,1,0.6000000000000001,0.40880000591278076
log_sigma,sigma_log_dpm,"Sigma-space DPM-1, log sigma",50,2,1,0.7000000000000001,0.5215799808502197
log_sigma,sigma_log_dpm,"Sigma-space DPM-1, log sigma",50,2,1,0.8,0.6542600393295288
log_sigma,sigma_log_dpm,"Sigma-space DPM-1, log sigma",50,2,1,0.9,0.8184000253677368
log_sigma,sigma_log_dpm,"Sigma-space DPM-1, log sigma",50,2,1,1.0,0.99617999792099
log_sigma,dpm2_log,"DPM-2 + corrector, log sigma",10,2,1,0.0,0.0
log_sigma,dpm2_log,"DPM-2 + corrector, log sigma",10,2,1,0.1,0.05883999913930893
log_sigma,dpm2_log,"DPM-2 + corrector, log sigma",10,2,1,0.2,0.12123999744653702
log_sigma,dpm2_log,"DPM-2 + corrector, log sigma",10,2,1,0.30000000000000004,0.1992799937725067
log_sigma,dpm2_log,"DPM-2 + corrector, log sigma",10,2,1,0.4,0.268559992313385
log_sigma,dpm2_log,"DPM-2 + corrector, log sigma",10,2,1,0.5,0.3489599823951721
log_sigma,dpm2_log,"DPM-2 + corrector, log sigma",10,2,1,0.6000000000000001,0.4626399874687195
log_sigma,dpm2_log,"DPM-2 + corrector, log sigma",10,2,1,0.7000000000000001,0.5666199922561646
log_sigma,dpm2_log,"DPM-2 + corrector, log sigma",10,2,1,0.8,0.6993199586868286
log_sigma,dpm2_log,"DPM-2 + corrector, log sigma",10,2,1,0.9,0.8553199768066406
log_sigma,dpm2_log,"DPM-2 + corrector, log sigma",10,2,1,1.0,0.9980200529098511
log_sigma,dpm2_log,"DPM-2 + corrector, log sigma",50,2,1,0.0,0.0
log_sigma,dpm2_log,"DPM-2 + corrector, log sigma",50,2,1,0.1,0.09341999888420105
log_sigma,dpm2_log,"DPM-2 + corrector, log sigma",50,2,1,0.2,0.17853999137878418
log_sigma,dpm2_log,"DPM-2 + corrector, log sigma",50,2,1,0.30000000000000004,0.26548001170158386
log_sigma,dpm2_log,"DPM-2 + corrector, log sigma",50,2,1,0.4,0.36419999599456787
log_sigma,dpm2_log,"DPM-2 + corrector, log sigma",50,2,1,0.5,0.46164000034332275
log_sigma,dpm2_log,"DPM-2 + corrector, log sigma",50,2,1,0.6000000000000001,0.5770399570465088
log_sigma,dpm2_log,"DPM-2 + corrector, log sigma",50,2,1,0.7000000000000001,0.6850999593734741
log_sigma,dpm2_log,"DPM-2 + corrector, log sigma",50,2,1,0.8,0.7964600324630737
log_sigma,dpm2_log,"DPM-2 + corrector, log sigma",50,2,1,0.9,0.9040600061416626
log_sigma,dpm2_log,"DPM-2 + corrector, log sigma",50,2,1,1.0,0.9992600083351135
log_sigma,sigma_log_dpm,"Sigma-space DPM-1, log sigma",10,2,2,0.0,0.0
log_sigma,sigma_log_dpm,"Sigma-space DPM-1, log sigma",10,2,2,0.1,0.04303999990224838
log_sigma,sigma_log_dpm,"Sigma-space DPM-1, log sigma",10,2,2,0.2,0.08089999854564667
log_sigma,sigma_log_dpm,"Sigma-space DPM-1, log sigma",10,2,2,0.30000000000000004,0.12508000433444977
log_sigma,sigma_log_dpm,"Sigma-space DPM-1, log sigma",10,2,2,0.4,0.175819993019104
log_sigma,sigma_log_dpm,"Sigma-space DPM-1, log sigma",10,2,2,0.5,0.23019999265670776
log_sigma,sigma_log_dpm,"Sigma-space DPM-1, log sigma",10,2,2,0.6000000000000001,0.29072001576423645
log_sigma,sigma_log_dpm,"Sigma-space DPM-1, log sigma",10,2,2,0.7000000000000001,0.37338000535964966
log_sigma,sigma_log_dpm,"Sigma-space DPM-1, log sigma",10,2,2,0.8,0.49115997552871704
log_sigma,sigma_log_dpm,"Sigma-space DPM-1, log sigma",10,2,2,0.9,0.6425800323486328
log_sigma,sigma_log_dpm,"Sigma-space DPM-1, log sigma",10,2,2,1.0,0.9968400001525879
log_sigma,sigma_log_dpm,"Sigma-space DPM-1, log sigma",50,2,2,0.0,0.0
log_sigma,sigma_log_dpm,"Sigma-space DPM-1, log sigma",50,2,2,0.1,0.04296000301837921
log_sigma,sigma_log_dpm,"Sigma-space DPM-1, log sigma",50,2,2,0.2,0.09087999910116196
log_sigma,sigma_log_dpm,"Sigma-space DPM-1, log sigma",50,2,2,0.30000000000000004,0.13756000995635986
log_sigma,sigma_log_dpm,"Sigma-space DPM-1, log sigma",50,2,2,0.4,0.1848599910736084
log_sigma,sigma_log_dpm,"Sigma-space DPM-1, log sigma",50,2,2,0.5,0.2539600133895874
log_sigma,sigma_log_dpm,"Sigma-space DPM-1, log sigma",50,2,2,0.6000000000000001,0.33244001865386963
log_sigma,sigma_log_dpm,"Sigma-space DPM-1, log sigma",50,2,2,0.7000000000000001,0.4108399748802185
log_sigma,sigma_log_dpm,"Sigma-space DPM-1, log sigma",50,2,2,0.8,0.5238000154495239
log_sigma,sigma_log_dpm,"Sigma-space DPM-1, log sigma",50,2,2,0.9,0.702180027961731
log_sigma,sigma_log_dpm,"Sigma-space DPM-1, log sigma",50,2,2,1.0,0.9909999966621399
log_sigma,dpm2_log,"DPM-2 + corrector, log sigma",10,2,2,0.0,0.0
log_sigma,dpm2_log,"DPM-2 + corrector, log sigma",10,2,2,0.1,0.05052000284194946
log_sigma,dpm2_log,"DPM-2 + corrector, log sigma",10,2,2,0.2,0.1042800024151802
log_sigma,dpm2_log,"DPM-2 + corrector, log sigma",10,2,2,0.30000000000000004,0.16703999042510986
log_sigma,dpm2_log,"DPM-2 + corrector, log sigma",10,2,2,0.4,0.2441999912261963
log_sigma,dpm2_log,"DPM-2 + corrector, log sigma",10,2,2,0.5,0.3200399875640869
log_sigma,dpm2_log,"DPM-2 + corrector, log sigma",10,2,2,0.6000000000000001,0.3953999876976013
log_sigma,dpm2_log,"DPM-2 + corrector, log sigma",10,2,2,0.7000000000000001,0.5120599865913391
log_sigma,dpm2_log,"DPM-2 + corrector, log sigma",10,2,2,0.8,0.6334400177001953
log_sigma,dpm2_log,"DPM-2 + corrector, log sigma",10,2,2,0.9,0.778499960899353
log_sigma,dpm2_log,"DPM-2 + corrector, log sigma",10,2,2,1.0,0.9888800382614136
log_sigma,dpm2_log,"DPM-2 + corrector, log sigma",50,2,2,0.0,0.0
log_sigma,dpm2_log,"DPM-2 + corrector, log sigma",50,2,2,0.1,0.06630000472068787
log_sigma,dpm2_log,"DPM-2 + corrector, log sigma",50,2,2,0.2,0.14827999472618103
log_sigma,dpm2_log,"DPM-2 + corrector, log sigma",50,2,2,0.30000000000000004,0.24145999550819397
log_sigma,dpm2_log,"DPM-2 + corrector, log sigma",50,2,2,0.4,0.3381199836730957
log_sigma,dpm2_log,"DPM-2 + corrector, log sigma",50,2,2,0.5,0.4175199866294861
log_sigma,dpm2_log,"DPM-2 + corrector, log sigma",50,2,2,0.6000000000000001,0.5145999789237976
log_sigma,dpm2_log,"DPM-2 + corrector, log sigma",50,2,2,0.7000000000000001,0.6101399660110474
log_sigma,dpm2_log,"DPM-2 + corrector, log sigma",50,2,2,0.8,0.714680016040802
log_sigma,dpm2_log,"DPM-2 + corrector, log sigma",50,2,2,0.9,0.8478399515151978
log_sigma,dpm2_log,"DPM-2 + corrector, log sigma",50,2,2,1.0,0.9983199834823608
log_sigma,sigma_log_dpm,"Sigma-space DPM-1, log sigma",10,2,3,0.0,0.0
log_sigma,sigma_log_dpm,"Sigma-space DPM-1, log sigma",10,2,3,0.1,0.07547999918460846
log_sigma,sigma_log_dpm,"Sigma-space DPM-1, log sigma",10,2,3,0.2,0.14657999575138092
log_sigma,sigma_log_dpm,"Sigma-space DPM-1, log sigma",10,2,3,0.30000000000000004,0.2252199947834015
log_sigma,sigma_log_dpm,"Sigma-space DPM-1, log sigma",10,2,3,0.4,0.2918599843978882
log_sigma,sigma_log_dpm,"Sigma-space DPM-1, log sigma",10,2,3,0.5,0.38058000802993774
log_sigma,sigma_log_dpm,"Sigma-space DPM-1, log sigma",10,2,3,0.6000000000000001,0.47909998893737793
log_sigma,sigma_log_dpm,"Sigma-space DPM-1, log sigma",10,2,3,0.7000000000000001,0.5787000060081482
log_sigma,sigma_log_dpm,"Sigma-space DPM-1, log sigma",10,2,3,0.8,0.6776800155639648
log_sigma,sigma_log_dpm,"Sigma-space DPM-1, log sigma",10,2,3,0.9,0.836899995803833
log_sigma,sigma_log_dpm,"Sigma-space DPM-1, log sigma",10,2,3,1.0,0.9821000099182129
log_sigma,sigma_log_dpm,"Sigma-space DPM-1, log sigma",50,2,3,0.0,0.0
log_sigma,sigma_log_dpm,"Sigma-space DPM-1, log sigma",50,2,3,0.1,0.06856000423431396
log_sigma,sigma_log_dpm,"Sigma-space DPM-1, log sigma",50,2,3,0.2,0.132860004901886
log_sigma,sigma_log_dpm,"Sigma-space DPM-1, log sigma",50,2,3,0.30000000000000004,0.20956000685691833
log_sigma,sigma_log_dpm,"Sigma-space DPM-1, log sigma",50,2,3,0.4,0.29698002338409424
log_sigma,sigma_log_dpm,"Sigma-space DPM-1, log sigma",50,2,3,0.5,0.37585997581481934
log_sigma,sigma_log_dpm,"Sigma-space DPM-1, log sigma",50,2,3,0.6000000000000001,0.4595000147819519
log_sigma,sigma_log_dpm,"Sigma-space DPM-1, log sigma",50,2,3,0.7000000000000001,0.5880999565124512
log_sigma,sigma_log_dpm,"Sigma-space DPM-1, log sigma",50,2,3,0.8,0.7087000012397766
log_sigma,sigma_log_dpm,"Sigma-space DPM-1, log sigma",50,2,3,0.9,0.8279600143432617
log_sigma,sigma_log_dpm,"Sigma-space DPM-1, log sigma",50,2,3,1.0,0.9980400204658508
log_sigma,dpm2_log,"DPM-2 + corrector, log sigma",10,2,3,0.0,0.0
log_sigma,dpm2_log,"DPM-2 + corrector, log sigma",10,2,3,0.1,0.08550000190734863
log_sigma,dpm2_log,"DPM-2 + corrector, log sigma",10,2,3,0.2,0.18490000069141388
log_sigma,dpm2_log,"DPM-2 + corrector, log sigma",10,2,3,0.30000000000000004,0.2635599970817566
log_sigma,dpm2_log,"DPM-2 + corrector, log sigma",10,2,3,0.4,0.37654000520706177
log_sigma,dpm2_log,"DPM-2 + corrector, log sigma",10,2,3,0.5,0.4833599925041199
log_sigma,dpm2_log,"DPM-2 + corrector, log sigma",10,2,3,0.6000000000000001,0.5610799789428711
log_sigma,dpm2_log,"DPM-2 + corrector, log sigma",10,2,3,0.7000000000000001,0.6849200129508972
log_sigma,dpm2_log,"DPM-2 + corrector, log sigma",10,2,3,0.8,0.8070999979972839
log_sigma,dpm2_log,"DPM-2 + corrector, log sigma",10,2,3,0.9,0.9244999885559082
log_sigma,dpm2_log,"DPM-2 + corrector, log sigma",10,2,3,1.0,0.9998800158500671
log_sigma,dpm2_log,"DPM-2 + corrector, log sigma",50,2,3,0.0,0.0
log_sigma,dpm2_log,"DPM-2 + corrector, log sigma",50,2,3,0.1,0.10289999842643738
log_sigma,dpm2_log,"DPM-2 + corrector, log sigma",50,2,3,0.2,0.19548000395298004
log_sigma,dpm2_log,"DPM-2 + corrector, log sigma",50,2,3,0.30000000000000004,0.29552000761032104
log_sigma,dpm2_log,"DPM-2 + corrector, log sigma",50,2,3,0.4,0.4087200164794922
log_sigma,dpm2_log,"DPM-2 + corrector, log sigma",50,2,3,0.5,0.5051800012588501
log_sigma,dpm2_log,"DPM-2 + corrector, log sigma",50,2,3,0.6000000000000001,0.6118199825286865
log_sigma,dpm2_log,"DPM-2 + corrector, log sigma",50,2,3,0.7000000000000001,0.7194600105285645
log_sigma,dpm2_log,"DPM-2 + corrector, log sigma",50,2,3,0.8,0.799839973449707
log_sigma,dpm2_log,"DPM-2 + corrector, log sigma",50,2,3,0.9,0.9059799909591675
log_sigma,dpm2_log,"DPM-2 + corrector, log sigma",50,2,3,1.0,0.9990999698638916
log_sigma,sigma_log_dpm,"Sigma-space DPM-1, log sigma",10,2,4,0.0,0.0
log_sigma,sigma_log_dpm,"Sigma-space DPM-1, log sigma",10,2,4,0.1,0.07573999464511871
log_sigma,sigma_log_dpm,"Sigma-space DPM-1, log sigma",10,2,4,0.2,0.14922000467777252
log_sigma,sigma_log_dpm,"Sigma-space DPM-1, log sigma",10,2,4,0.30000000000000004,0.24164000153541565
log_sigma,sigma_log_dpm,"Sigma-space DPM-1, log sigma",10,2,4,0.4,0.3374999761581421
log_sigma,sigma_log_dpm,"Sigma-space DPM-1, log sigma",10,2,4,0.5,0.4277600049972534
log_sigma,sigma_log_dpm,"Sigma-space DPM-1, log sigma",10,2,4,0.6000000000000001,0.5236799716949463
log_sigma,sigma_log_dpm,"Sigma-space DPM-1, log sigma",10,2,4,0.7000000000000001,0.6050800085067749
log_sigma,sigma_log_dpm,"Sigma-space DPM-1, log sigma",10,2,4,0.8,0.7232400178909302
log_sigma,sigma_log_dpm,"Sigma-space DPM-1, log sigma",10,2,4,0.9,0.8467400074005127
log_sigma,sigma_log_dpm,"Sigma-space DPM-1, log sigma",10,2,4,1.0,0.981440007686615
log_sigma,sigma_log_dpm,"Sigma-space DPM-1, log sigma",50,2,4,0.0,0.0
log_sigma,sigma_log_dpm,"Sigma-space DPM-1, log sigma",50,2,4,0.1,0.07370000332593918
log_sigma,sigma_log_dpm,"Sigma-space DPM-1, log sigma",50,2,4,0.2,0.15255999565124512
log_sigma,sigma_log_dpm,"Sigma-space DPM-1, log sigma",50,2,4,0.30000000000000004,0.23455998301506042
log_sigma,sigma_log_dpm,"Sigma-space DPM-1, log sigma",50,2,4,0.4,0.3147599995136261
log_sigma,sigma_log_dpm,"Sigma-space DPM-1, log sigma",50,2,4,0.5,0.41214001178741455
log_sigma,sigma_log_dpm,"Sigma-space DPM-1, log sigma",50,2,4,0.6000000000000001,0.5089799761772156
log_sigma,sigma_log_dpm,"Sigma-space DPM-1, log sigma",50,2,4,0.7000000000000001,0.5926799774169922
log_sigma,sigma_log_dpm,"Sigma-space DPM-1, log sigma",50,2,4,0.8,0.6912199854850769
log_sigma,sigma_log_dpm,"Sigma-space DPM-1, log sigma",50,2,4,0.9,0.8137999773025513
log_sigma,sigma_log_dpm,"Sigma-space DPM-1, log sigma",50,2,4,1.0,0.9909199476242065
log_sigma,dpm2_log,"DPM-2 + corrector, log sigma",10,2,4,0.0,0.0
log_sigma,dpm2_log,"DPM-2 + corrector, log sigma",10,2,4,0.1,0.092739999294281
log_sigma,dpm2_log,"DPM-2 + corrector, log sigma",10,2,4,0.2,0.17625999450683594
log_sigma,dpm2_log,"DPM-2 + corrector, log sigma",10,2,4,0.30000000000000004,0.2677000164985657
log_sigma,dpm2_log,"DPM-2 + corrector, log sigma",10,2,4,0.4,0.36632001399993896
log_sigma,dpm2_log,"DPM-2 + corrector, log sigma",10,2,4,0.5,0.4794999957084656
log_sigma,dpm2_log,"DPM-2 + corrector, log sigma",10,2,4,0.6000000000000001,0.5944600105285645
log_sigma,dpm2_log,"DPM-2 + corrector, log sigma",10,2,4,0.7000000000000001,0.701479971408844
log_sigma,dpm2_log,"DPM-2 + corrector, log sigma",10,2,4,0.8,0.8138400316238403
log_sigma,dpm2_log,"DPM-2 + corrector, log sigma",10,2,4,0.9,0.9053599834442139
log_sigma,dpm2_log,"DPM-2 + corrector, log sigma",10,2,4,1.0,0.9986599683761597
log_sigma,dpm2_log,"DPM-2 + corrector, log sigma",50,2,4,0.0,0.0
log_sigma,dpm2_log,"DPM-2 + corrector, log sigma",50,2,4,0.1,0.09380000084638596
log_sigma,dpm2_log,"DPM-2 + corrector, log sigma",50,2,4,0.2,0.19629999995231628
log_sigma,dpm2_log,"DPM-2 + corrector, log sigma",50,2,4,0.30000000000000004,0.29079997539520264
log_sigma,dpm2_log,"DPM-2 + corrector, log sigma",50,2,4,0.4,0.4038800001144409
log_sigma,dpm2_log,"DPM-2 + corrector, log sigma",50,2,4,0.5,0.5230000019073486
log_sigma,dpm2_log,"DPM-2 + corrector, log sigma",50,2,4,0.6000000000000001,0.6490800380706787
log_sigma,dpm2_log,"DPM-2 + corrector, log sigma",50,2,4,0.7000000000000001,0.7349799871444702
log_sigma,dpm2_log,"DPM-2 + corrector, log sigma",50,2,4,0.8,0.8300800323486328
log_sigma,dpm2_log,"DPM-2 + corrector, log sigma",50,2,4,0.9,0.9323400259017944
log_sigma,dpm2_log,"DPM-2 + corrector, log sigma",50,2,4,1.0,0.9997199773788452
log_sigma,sigma_log_dpm,"Sigma-space DPM-1, log sigma",10,2,5,0.0,0.0
log_sigma,sigma_log_dpm,"Sigma-space DPM-1, log sigma",10,2,5,0.1,0.05963999778032303
log_sigma,sigma_log_dpm,"Sigma-space DPM-1, log sigma",10,2,5,0.2,0.12554000318050385
log_sigma,sigma_log_dpm,"Sigma-space DPM-1, log sigma",10,2,5,0.30000000000000004,0.19176000356674194
log_sigma,sigma_log_dpm,"Sigma-space DPM-1, log sigma",10,2,5,0.4,0.26712000370025635
log_sigma,sigma_log_dpm,"Sigma-space DPM-1, log sigma",10,2,5,0.5,0.3246600031852722
log_sigma,sigma_log_dpm,"Sigma-space DPM-1, log sigma",10,2,5,0.6000000000000001,0.3989400267601013
log_sigma,sigma_log_dpm,"Sigma-space DPM-1, log sigma",10,2,5,0.7000000000000001,0.4974600076675415
log_sigma,sigma_log_dpm,"Sigma-space DPM-1, log sigma",10,2,5,0.8,0.6259199976921082
log_sigma,sigma_log_dpm,"Sigma-space DPM-1, log sigma",10,2,5,0.9,0.7693400382995605
log_sigma,sigma_log_dpm,"Sigma-space DPM-1, log sigma",10,2,5,1.0,0.9914799928665161
log_sigma,sigma_log_dpm,"Sigma-space DPM-1, log sigma",50,2,5,0.0,0.0
log_sigma,sigma_log_dpm,"Sigma-space DPM-1, log sigma",50,2,5,0.1,0.057020001113414764
log_sigma,sigma_log_dpm,"Sigma-space DPM-1, log sigma",50,2,5,0.2,0.12055999785661697
log_sigma,sigma_log_dpm,"Sigma-space DPM-1, log sigma",50,2,5,0.30000000000000004,0.20090000331401825
log_sigma,sigma_log_dpm,"Sigma-space DPM-1, log sigma",50,2,5,0.4,0.28953999280929565
log_sigma,sigma_log_dpm,"Sigma-space DPM-1, log sigma",50,2,5,0.5,0.3700000047683716
log_sigma,sigma_log_dpm,"Sigma-space DPM-1, log sigma",50,2,5,0.6000000000000001,0.46926000714302063
log_sigma,sigma_log_dpm,"Sigma-space DPM-1, log sigma",50,2,5,0.7000000000000001,0.5877400040626526
log_sigma,sigma_log_dpm,"Sigma-space DPM-1, log sigma",50,2,5,0.8,0.6937999725341797
log_sigma,sigma_log_dpm,"Sigma-space DPM-1, log sigma",50,2,5,0.9,0.8247399926185608
log_sigma,sigma_log_dpm,"Sigma-space DPM-1, log sigma",50,2,5,1.0,0.9925000071525574
log_sigma,dpm2_log,"DPM-2 + corrector, log sigma",10,2,5,0.0,0.0
log_sigma,dpm2_log,"DPM-2 + corrector, log sigma",10,2,5,0.1,0.0851999968290329
log_sigma,dpm2_log,"DPM-2 + corrector, log sigma",10,2,5,0.2,0.17381998896598816
log_sigma,dpm2_log,"DPM-2 + corrector, log sigma",10,2,5,0.30000000000000004,0.25669997930526733
log_sigma,dpm2_log,"DPM-2 + corrector, log sigma",10,2,5,0.4,0.3522399961948395
log_sigma,dpm2_log,"DPM-2 + corrector, log sigma",10,2,5,0.5,0.42669999599456787
log_sigma,dpm2_log,"DPM-2 + corrector, log sigma",10,2,5,0.6000000000000001,0.5187399983406067
log_sigma,dpm2_log,"DPM-2 + corrector, log sigma",10,2,5,0.7000000000000001,0.6183199882507324
log_sigma,dpm2_log,"DPM-2 + corrector, log sigma",10,2,5,0.8,0.7176600098609924
log_sigma,dpm2_log,"DPM-2 + corrector, log sigma",10,2,5,0.9,0.8376399874687195
log_sigma,dpm2_log,"DPM-2 + corrector, log sigma",10,2,5,1.0,0.997920036315918
log_sigma,dpm2_log,"DPM-2 + corrector, log sigma",50,2,5,0.0,0.0
log_sigma,dpm2_log,"DPM-2 + corrector, log sigma",50,2,5,0.1,0.11103999614715576
log_sigma,dpm2_log,"DPM-2 + corrector, log sigma",50,2,5,0.2,0.21158000826835632
log_sigma,dpm2_log,"DPM-2 + corrector, log sigma",50,2,5,0.30000000000000004,0.32006001472473145
log_sigma,dpm2_log,"DPM-2 + corrector, log sigma",50,2,5,0.4,0.42211997509002686
log_sigma,dpm2_log,"DPM-2 + corrector, log sigma",50,2,5,0.5,0.5293800234794617
log_sigma,dpm2_log,"DPM-2 + corrector, log sigma",50,2,5,0.6000000000000001,0.6535600423812866
log_sigma,dpm2_log,"DPM-2 + corrector, log sigma",50,2,5,0.7000000000000001,0.7505800127983093
log_sigma,dpm2_log,"DPM-2 + corrector, log sigma",50,2,5,0.8,0.8378399610519409
log_sigma,dpm2_log,"DPM-2 + corrector, log sigma",50,2,5,0.9,0.9092199802398682
log_sigma,dpm2_log,"DPM-2 + corrector, log sigma",50,2,5,1.0,0.9998800158500671
log_sigma,sigma_log_dpm,"Sigma-space DPM-1, log sigma",10,2,6,0.0,0.0
log_sigma,sigma_log_dpm,"Sigma-space DPM-1, log sigma",10,2,6,0.1,0.09992000460624695
log_sigma,sigma_log_dpm,"Sigma-space DPM-1, log sigma",10,2,6,0.2,0.1821799874305725
log_sigma,sigma_log_dpm,"Sigma-space DPM-1, log sigma",10,2,6,0.30000000000000004,0.2611199915409088
log_sigma,sigma_log_dpm,"Sigma-space DPM-1, log sigma",10,2,6,0.4,0.3531799912452698
log_sigma,sigma_log_dpm,"Sigma-space DPM-1, log sigma",10,2,6,0.5,0.4465399980545044
log_sigma,sigma_log_dpm,"Sigma-space DPM-1, log sigma",10,2,6,0.6000000000000001,0.5450999736785889
log_sigma,sigma_log_dpm,"Sigma-space DPM-1, log sigma",10,2,6,0.7000000000000001,0.6549000144004822
log_sigma,sigma_log_dpm,"Sigma-space DPM-1, log sigma",10,2,6,0.8,0.7610599994659424
log_sigma,sigma_log_dpm,"Sigma-space DPM-1, log sigma",10,2,6,0.9,0.8672599792480469
log_sigma,sigma_log_dpm,"Sigma-space DPM-1, log sigma",10,2,6,1.0,0.9968000054359436
log_sigma,sigma_log_dpm,"Sigma-space DPM-1, log sigma",50,2,6,0.0,0.0
log_sigma,sigma_log_dpm,"Sigma-space DPM-1, log sigma",50,2,6,0.1,0.07946000248193741
log_sigma,sigma_log_dpm,"Sigma-space DPM-1, log sigma",50,2,6,0.2,0.1614599972963333
log_sigma,sigma_log_dpm,"Sigma-space DPM-1, log sigma",50,2,6,0.30000000000000004,0.24616000056266785
log_sigma,sigma_log_dpm,"Sigma-space DPM-1, log sigma",50,2,6,0.4,0.3335599899291992
log_sigma,sigma_log_dpm,"Sigma-space DPM-1, log sigma",50,2,6,0.5,0.4303799867630005
log_sigma,sigma_log_dpm,"Sigma-space DPM-1, log sigma",50,2,6,0.6000000000000001,0.5446000099182129
log_sigma,sigma_log_dpm,"Sigma-space DPM-1, log sigma",50,2,6,0.7000000000000001,0.6315599679946899
log_sigma,sigma_log_dpm,"Sigma-space DPM-1, log sigma",50,2,6,0.8,0.7441999912261963
log_sigma,sigma_log_dpm,"Sigma-space DPM-1, log sigma",50,2,6,0.9,0.8717399835586548
log_sigma,sigma_log_dpm,"Sigma-space DPM-1, log sigma",50,2,6,1.0,0.9982600212097168
log_sigma,dpm2_log,"DPM-2 + corrector, log sigma",10,2,6,0.0,0.0
log_sigma,dpm2_log,"DPM-2 + corrector, log sigma",10,2,6,0.1,0.09185999631881714
log_sigma,dpm2_log,"DPM-2 + corrector, log sigma",10,2,6,0.2,0.2071399986743927
log_sigma,dpm2_log,"DPM-2 + corrector, log sigma",10,2,6,0.30000000000000004,0.32547998428344727
log_sigma,dpm2_log,"DPM-2 + corrector, log sigma",10,2,6,0.4,0.42966002225875854
log_sigma,dpm2_log,"DPM-2 + corrector, log sigma",10,2,6,0.5,0.5415400266647339
log_sigma,dpm2_log,"DPM-2 + corrector, log sigma",10,2,6,0.6000000000000001,0.6350600123405457
log_sigma,dpm2_log,"DPM-2 + corrector, log sigma",10,2,6,0.7000000000000001,0.7289000153541565
log_sigma,dpm2_log,"DPM-2 + corrector, log sigma",10,2,6,0.8,0.8277000188827515
log_sigma,dpm2_log,"DPM-2 + corrector, log sigma",10,2,6,0.9,0.9184800386428833
log_sigma,dpm2_log,"DPM-2 + corrector, log sigma",10,2,6,1.0,0.9976400136947632
log_sigma,dpm2_log,"DPM-2 + corrector, log sigma",50,2,6,0.0,0.0
log_sigma,dpm2_log,"DPM-2 + corrector, log sigma",50,2,6,0.1,0.10128000378608704
log_sigma,dpm2_log,"DPM-2 + corrector, log sigma",50,2,6,0.2,0.2136400043964386
log_sigma,dpm2_log,"DPM-2 + corrector, log sigma",50,2,6,0.30000000000000004,0.3397800028324127
log_sigma,dpm2_log,"DPM-2 + corrector, log sigma",50,2,6,0.4,0.44568002223968506
log_sigma,dpm2_log,"DPM-2 + corrector, log sigma",50,2,6,0.5,0.5465199947357178
log_sigma,dpm2_log,"DPM-2 + corrector, log sigma",50,2,6,0.6000000000000001,0.6474199891090393
log_sigma,dpm2_log,"DPM-2 + corrector, log sigma",50,2,6,0.7000000000000001,0.7370399832725525
log_sigma,dpm2_log,"DPM-2 + corrector, log sigma",50,2,6,0.8,0.8406599760055542
log_sigma,dpm2_log,"DPM-2 + corrector, log sigma",50,2,6,0.9,0.9307199716567993
log_sigma,dpm2_log,"DPM-2 + corrector, log sigma",50,2,6,1.0,0.999239981174469
log_sigma,sigma_log_dpm,"Sigma-space DPM-1, log sigma",10,2,7,0.0,0.0
log_sigma,sigma_log_dpm,"Sigma-space DPM-1, log sigma",10,2,7,0.1,0.10540000349283218
log_sigma,sigma_log_dpm,"Sigma-space DPM-1, log sigma",10,2,7,0.2,0.2091200053691864
log_sigma,sigma_log_dpm,"Sigma-space DPM-1, log sigma",10,2,7,0.30000000000000004,0.2903999984264374
log_sigma,sigma_log_dpm,"Sigma-space DPM-1, log sigma",10,2,7,0.4,0.37314000725746155
log_sigma,sigma_log_dpm,"Sigma-space DPM-1, log sigma",10,2,7,0.5,0.43964001536369324
log_sigma,sigma_log_dpm,"Sigma-space DPM-1, log sigma",10,2,7,0.6000000000000001,0.5060200095176697
log_sigma,sigma_log_dpm,"Sigma-space DPM-1, log sigma",10,2,7,0.7000000000000001,0.5681400299072266
log_sigma,sigma_log_dpm,"Sigma-space DPM-1, log sigma",10,2,7,0.8,0.6353999972343445
log_sigma,sigma_log_dpm,"Sigma-space DPM-1, log sigma",10,2,7,0.9,0.7405799627304077
log_sigma,sigma_log_dpm,"Sigma-space DPM-1, log sigma",10,2,7,1.0,0.9991799592971802
log_sigma,sigma_log_dpm,"Sigma-space DPM-1, log sigma",50,2,7,0.0,0.0
log_sigma,sigma_log_dpm,"Sigma-space DPM-1, log sigma",50,2,7,0.1,0.09641999751329422
log_sigma,sigma_log_dpm,"Sigma-space DPM-1, log sigma",50,2,7,0.2,0.20221999287605286
log_sigma,sigma_log_dpm,"Sigma-space DPM-1, log sigma",50,2,7,0.30000000000000004,0.29938000440597534
log_sigma,sigma_log_dpm,"Sigma-space DPM-1, log sigma",50,2,7,0.4,0.38383999466896057
log_sigma,sigma_log_dpm,"Sigma-space DPM-1, log sigma",50,2,7,0.5,0.4512999951839447
log_sigma,sigma_log_dpm,"Sigma-space DPM-1, log sigma",50,2,7,0.6000000000000001,0.5301600098609924
log_sigma,sigma_log_dpm,"Sigma-space DPM-1, log sigma",50,2,7,0.7000000000000001,0.6027799844741821
log_sigma,sigma_log_dpm,"Sigma-space DPM-1, log sigma",50,2,7,0.8,0.6821600198745728
log_sigma,sigma_log_dpm,"Sigma-space DPM-1, log sigma",50,2,7,0.9,0.7763000130653381
log_sigma,sigma_log_dpm,"Sigma-space DPM-1, log sigma",50,2,7,1.0,0.99617999792099
log_sigma,dpm2_log,"DPM-2 + corrector, log sigma",10,2,7,0.0,0.0
log_sigma,dpm2_log,"DPM-2 + corrector, log sigma",10,2,7,0.1,0.11841999739408493
log_sigma,dpm2_log,"DPM-2 + corrector, log sigma",10,2,7,0.2,0.22259999811649323
log_sigma,dpm2_log,"DPM-2 + corrector, log sigma",10,2,7,0.30000000000000004,0.33243998885154724
log_sigma,dpm2_log,"DPM-2 + corrector, log sigma",10,2,7,0.4,0.4228399991989136
log_sigma,dpm2_log,"DPM-2 + corrector, log sigma",10,2,7,0.5,0.5103800296783447
log_sigma,dpm2_log,"DPM-2 + corrector, log sigma",10,2,7,0.6000000000000001,0.5934199690818787
log_sigma,dpm2_log,"DPM-2 + corrector, log sigma",10,2,7,0.7000000000000001,0.6755599975585938
log_sigma,dpm2_log,"DPM-2 + corrector, log sigma",10,2,7,0.8,0.7761600017547607
log_sigma,dpm2_log,"DPM-2 + corrector, log sigma",10,2,7,0.9,0.8806800246238708
log_sigma,dpm2_log,"DPM-2 + corrector, log sigma",10,2,7,1.0,0.9997199773788452
log_sigma,dpm2_log,"DPM-2 + corrector, log sigma",50,2,7,0.0,0.0
log_sigma,dpm2_log,"DPM-2 + corrector, log sigma",50,2,7,0.1,0.11295999586582184
log_sigma,dpm2_log,"DPM-2 + corrector, log sigma",50,2,7,0.2,0.2273399978876114
log_sigma,dpm2_log,"DPM-2 + corrector, log sigma",50,2,7,0.30000000000000004,0.32513999938964844
log_sigma,dpm2_log,"DPM-2 + corrector, log sigma",50,2,7,0.4,0.4242199957370758
log_sigma,dpm2_log,"DPM-2 + corrector, log sigma",50,2,7,0.5,0.5234799981117249
log_sigma,dpm2_log,"DPM-2 + corrector, log sigma",50,2,7,0.6000000000000001,0.6328399777412415
log_sigma,dpm2_log,"DPM-2 + corrector, log sigma",50,2,7,0.7000000000000001,0.7299000024795532
log_sigma,dpm2_log,"DPM-2 + corrector, log sigma",50,2,7,0.8,0.8410600423812866
log_sigma,dpm2_log,"DPM-2 + corrector, log sigma",50,2,7,0.9,0.9243999719619751
log_sigma,dpm2_log,"DPM-2 + corrector, log sigma",50,2,7,1.0,0.9996800422668457
log_sigma,sigma_log_dpm,"Sigma-space DPM-1, log sigma",10,2,8,0.0,0.0
log_sigma,sigma_log_dpm,"Sigma-space DPM-1, log sigma",10,2,8,0.1,0.11490000039339066
log_sigma,sigma_log_dpm,"Sigma-space DPM-1, log sigma",10,2,8,0.2,0.22284001111984253
log_sigma,sigma_log_dpm,"Sigma-space DPM-1, log sigma",10,2,8,0.30000000000000004,0.3294999897480011
log_sigma,sigma_log_dpm,"Sigma-space DPM-1, log sigma",10,2,8,0.4,0.4325000047683716
log_sigma,sigma_log_dpm,"Sigma-space DPM-1, log sigma",10,2,8,0.5,0.5234799981117249
log_sigma,sigma_log_dpm,"Sigma-space DPM-1, log sigma",10,2,8,0.6000000000000001,0.609499990940094
log_sigma,sigma_log_dpm,"Sigma-space DPM-1, log sigma",10,2,8,0.7000000000000001,0.7110799551010132
log_sigma,sigma_log_dpm,"Sigma-space DPM-1, log sigma",10,2,8,0.8,0.8103600144386292
log_sigma,sigma_log_dpm,"Sigma-space DPM-1, log sigma",10,2,8,0.9,0.9015200138092041
log_sigma,sigma_log_dpm,"Sigma-space DPM-1, log sigma",10,2,8,1.0,1.0
log_sigma,sigma_log_dpm,"Sigma-space DPM-1, log sigma",50,2,8,0.0,0.0
log_sigma,sigma_log_dpm,"Sigma-space DPM-1, log sigma",50,2,8,0.1,0.11878000199794769
log_sigma,sigma_log_dpm,"Sigma-space DPM-1, log sigma",50,2,8,0.2,0.23768000304698944
log_sigma,sigma_log_dpm,"Sigma-space DPM-1, log sigma",50,2,8,0.30000000000000004,0.3255999982357025
log_sigma,sigma_log_dpm,"Sigma-space DPM-1, log sigma",50,2,8,0.4,0.44147998094558716
log_sigma,sigma_log_dpm,"Sigma-space DPM-1, log sigma",50,2,8,0.5,0.5376399755477905
log_sigma,sigma_log_dpm,"Sigma-space DPM-1, log sigma",50,2,8,0.6000000000000001,0.6373000144958496
log_sigma,sigma_log_dpm,"Sigma-space DPM-1, log sigma",50,2,8,0.7000000000000001,0.7407799959182739
log_sigma,sigma_log_dpm,"Sigma-space DPM-1, log sigma",50,2,8,0.8,0.8380799889564514
log_sigma,sigma_log_dpm,"Sigma-space DPM-1, log sigma",50,2,8,0.9,0.9357399940490723
log_sigma,sigma_log_dpm,"Sigma-space DPM-1, log sigma",50,2,8,1.0,0.9998599886894226
log_sigma,dpm2_log,"DPM-2 + corrector, log sigma",10,2,8,0.0,0.0
log_sigma,dpm2_log,"DPM-2 + corrector, log sigma",10,2,8,0.1,0.12322000414133072
log_sigma,dpm2_log,"DPM-2 + corrector, log sigma",10,2,8,0.2,0.24178001284599304
log_sigma,dpm2_log,"DPM-2 + corrector, log sigma",10,2,8,0.30000000000000004,0.3716999888420105
log_sigma,dpm2_log,"DPM-2 + corrector, log sigma",10,2,8,0.4,0.4943999946117401
log_sigma,dpm2_log,"DPM-2 + corrector, log sigma",10,2,8,0.5,0.6089199781417847
log_sigma,dpm2_log,"DPM-2 + corrector, log sigma",10,2,8,0.6000000000000001,0.7121400237083435
log_sigma,dpm2_log,"DPM-2 + corrector, log sigma",10,2,8,0.7000000000000001,0.7996599674224854
log_sigma,dpm2_log,"DPM-2 + corrector, log sigma",10,2,8,0.8,0.8843799829483032
log_sigma,dpm2_log,"DPM-2 + corrector, log sigma",10,2,8,0.9,0.9574199914932251
log_sigma,dpm2_log,"DPM-2 + corrector, log sigma",10,2,8,1.0,0.9997000098228455
log_sigma,dpm2_log,"DPM-2 + corrector, log sigma",50,2,8,0.0,0.0
log_sigma,dpm2_log,"DPM-2 + corrector, log sigma",50,2,8,0.1,0.11905999481678009
log_sigma,dpm2_log,"DPM-2 + corrector, log sigma",50,2,8,0.2,0.2409600019454956
log_sigma,dpm2_log,"DPM-2 + corrector, log sigma",50,2,8,0.30000000000000004,0.36250001192092896
log_sigma,dpm2_log,"DPM-2 + corrector, log sigma",50,2,8,0.4,0.4949199855327606
log_sigma,dpm2_log,"DPM-2 + corrector, log sigma",50,2,8,0.5,0.5996400117874146
log_sigma,dpm2_log,"DPM-2 + corrector, log sigma",50,2,8,0.6000000000000001,0.6963800191879272
log_sigma,dpm2_log,"DPM-2 + corrector, log sigma",50,2,8,0.7000000000000001,0.8086999654769897
log_sigma,dpm2_log,"DPM-2 + corrector, log sigma",50,2,8,0.8,0.8966200351715088
log_sigma,dpm2_log,"DPM-2 + corrector, log sigma",50,2,8,0.9,0.9622600078582764
log_sigma,dpm2_log,"DPM-2 + corrector, log sigma",50,2,8,1.0,0.9999600052833557
log_sigma,sigma_log_dpm,"Sigma-space DPM-1, log sigma",10,2,9,0.0,0.0
log_sigma,sigma_log_dpm,"Sigma-space DPM-1, log sigma",10,2,9,0.1,0.1175599992275238
log_sigma,sigma_log_dpm,"Sigma-space DPM-1, log sigma",10,2,9,0.2,0.23539999127388
log_sigma,sigma_log_dpm,"Sigma-space DPM-1, log sigma",10,2,9,0.30000000000000004,0.34591999650001526
log_sigma,sigma_log_dpm,"Sigma-space DPM-1, log sigma",10,2,9,0.4,0.4703599810600281
log_sigma,sigma_log_dpm,"Sigma-space DPM-1, log sigma",10,2,9,0.5,0.5781400203704834
log_sigma,sigma_log_dpm,"Sigma-space DPM-1, log sigma",10,2,9,0.6000000000000001,0.678339958190918
log_sigma,sigma_log_dpm,"Sigma-space DPM-1, log sigma",10,2,9,0.7000000000000001,0.7734799981117249
log_sigma,sigma_log_dpm,"Sigma-space DPM-1, log sigma",10,2,9,0.8,0.8612799644470215
log_sigma,sigma_log_dpm,"Sigma-space DPM-1, log sigma",10,2,9,0.9,0.9484399557113647
log_sigma,sigma_log_dpm,"Sigma-space DPM-1, log sigma",10,2,9,1.0,0.9997600317001343
log_sigma,sigma_log_dpm,"Sigma-space DPM-1, log sigma",50,2,9,0.0,0.0
log_sigma,sigma_log_dpm,"Sigma-space DPM-1, log sigma",50,2,9,0.1,0.1468999981880188
log_sigma,sigma_log_dpm,"Sigma-space DPM-1, log sigma",50,2,9,0.2,0.29019999504089355
log_sigma,sigma_log_dpm,"Sigma-space DPM-1, log sigma",50,2,9,0.30000000000000004,0.40696001052856445
log_sigma,sigma_log_dpm,"Sigma-space DPM-1, log sigma",50,2,9,0.4,0.5130800008773804
log_sigma,sigma_log_dpm,"Sigma-space DPM-1, log sigma",50,2,9,0.5,0.6201599836349487
log_sigma,sigma_log_dpm,"Sigma-space DPM-1, log sigma",50,2,9,0.6000000000000001,0.7267000079154968
log_sigma,sigma_log_dpm,"Sigma-space DPM-1, log sigma",50,2,9,0.7000000000000001,0.8243399858474731
log_sigma,sigma_log_dpm,"Sigma-space DPM-1, log sigma",50,2,9,0.8,0.9087600111961365
log_sigma,sigma_log_dpm,"Sigma-space DPM-1, log sigma",50,2,9,0.9,0.9635599851608276
log_sigma,sigma_log_dpm,"Sigma-space DPM-1, log sigma",50,2,9,1.0,0.9998999834060669
log_sigma,dpm2_log,"DPM-2 + corrector, log sigma",10,2,9,0.0,0.0
log_sigma,dpm2_log,"DPM-2 + corrector, log sigma",10,2,9,0.1,0.12310000509023666
log_sigma,dpm2_log,"DPM-2 + corrector, log sigma",10,2,9,0.2,0.275299996137619
log_sigma,dpm2_log,"DPM-2 + corrector, log sigma",10,2,9,0.30000000000000004,0.4000000059604645
log_sigma,dpm2_log,"DPM-2 + corrector, log sigma",10,2,9,0.4,0.5195800065994263
log_sigma,dpm2_log,"DPM-2 + corrector, log sigma",10,2,9,0.5,0.6425600051879883
log_sigma,dpm2_log,"DPM-2 + corrector, log sigma",10,2,9,0.6000000000000001,0.7504799962043762
log_sigma,dpm2_log,"DPM-2 + corrector, log sigma",10,2,9,0.7000000000000001,0.8468599915504456
log_sigma,dpm2_log,"DPM-2 + corrector, log sigma",10,2,9,0.8,0.9178199768066406
log_sigma,dpm2_log,"DPM-2 + corrector, log sigma",10,2,9,0.9,0.9717999696731567
log_sigma,dpm2_log,"DPM-2 + corrector, log sigma",10,2,9,1.0,0.9999799728393555
log_sigma,dpm2_log,"DPM-2 + corrector, log sigma",50,2,9,0.0,0.0
log_sigma,dpm2_log,"DPM-2 + corrector, log sigma",50,2,9,0.1,0.12190000712871552
log_sigma,dpm2_log,"DPM-2 + corrector, log sigma",50,2,9,0.2,0.2632800042629242
log_sigma,dpm2_log,"DPM-2 + corrector, log sigma",50,2,9,0.30000000000000004,0.39183998107910156
log_sigma,dpm2_log,"DPM-2 + corrector, log sigma",50,2,9,0.4,0.5053200125694275
log_sigma,dpm2_log,"DPM-2 + corrector, log sigma",50,2,9,0.5,0.6249200105667114
log_sigma,dpm2_log,"DPM-2 + corrector, log sigma",50,2,9,0.6000000000000001,0.739359974861145
log_sigma,dpm2_log,"DPM-2 + corrector, log sigma",50,2,9,0.7000000000000001,0.8273800015449524
log_sigma,dpm2_log,"DPM-2 + corrector, log sigma",50,2,9,0.8,0.9064799547195435
log_sigma,dpm2_log,"DPM-2 + corrector, log sigma",50,2,9,0.9,0.9662200212478638
log_sigma,dpm2_log,"DPM-2 + corrector, log sigma",50,2,9,1.0,0.9999799728393555
log_sigma,sigma_log_dpm,"Sigma-space DPM-1, log sigma",10,2,10,0.0,0.0
log_sigma,sigma_log_dpm,"Sigma-space DPM-1, log sigma",10,2,10,0.1,0.05697999894618988
log_sigma,sigma_log_dpm,"Sigma-space DPM-1, log sigma",10,2,10,0.2,0.11636000126600266
log_sigma,sigma_log_dpm,"Sigma-space DPM-1, log sigma",10,2,10,0.30000000000000004,0.17471998929977417
log_sigma,sigma_log_dpm,"Sigma-space DPM-1, log sigma",10,2,10,0.4,0.26121997833251953
log_sigma,sigma_log_dpm,"Sigma-space DPM-1, log sigma",10,2,10,0.5,0.3455600142478943
log_sigma,sigma_log_dpm,"Sigma-space DPM-1, log sigma",10,2,10,0.6000000000000001,0.42660000920295715
log_sigma,sigma_log_dpm,"Sigma-space DPM-1, log sigma",10,2,10,0.7000000000000001,0.5074800252914429
log_sigma,sigma_log_dpm,"Sigma-space DPM-1, log sigma",10,2,10,0.8,0.6166800260543823
log_sigma,sigma_log_dpm,"Sigma-space DPM-1, log sigma",10,2,10,0.9,0.762939989566803
log_sigma,sigma_log_dpm,"Sigma-space DPM-1, log sigma",10,2,10,1.0,0.9950200319290161
log_sigma,sigma_log_dpm,"Sigma-space DPM-1, log sigma",50,2,10,0.0,0.0
log_sigma,sigma_log_dpm,"Sigma-space DPM-1, log sigma",50,2,10,0.1,0.06356000155210495
log_sigma,sigma_log_dpm,"Sigma-space DPM-1, log sigma",50,2,10,0.2,0.12506000697612762
log_sigma,sigma_log_dpm,"Sigma-space DPM-1, log sigma",50,2,10,0.30000000000000004,0.19686000049114227
log_sigma,sigma_log_dpm,"Sigma-space DPM-1, log sigma",50,2,10,0.4,0.2673199772834778
log_sigma,sigma_log_dpm,"Sigma-space DPM-1, log sigma",50,2,10,0.5,0.35009998083114624
log_sigma,sigma_log_dpm,"Sigma-space DPM-1, log sigma",50,2,10,0.6000000000000001,0.44147998094558716
log_sigma,sigma_log_dpm,"Sigma-space DPM-1, log sigma",50,2,10,0.7000000000000001,0.5364400148391724
log_sigma,sigma_log_dpm,"Sigma-space DPM-1, log sigma",50,2,10,0.8,0.6452400088310242
log_sigma,sigma_log_dpm,"Sigma-space DPM-1, log sigma",50,2,10,0.9,0.7830600142478943
log_sigma,sigma_log_dpm,"Sigma-space DPM-1, log sigma",50,2,10,1.0,0.9814000129699707
log_sigma,dpm2_log,"DPM-2 + corrector, log sigma",10,2,10,0.0,0.0
log_sigma,dpm2_log,"DPM-2 + corrector, log sigma",10,2,10,0.1,0.0989999994635582
log_sigma,dpm2_log,"DPM-2 + corrector, log sigma",10,2,10,0.2,0.18663999438285828
log_sigma,dpm2_log,"DPM-2 + corrector, log sigma",10,2,10,0.30000000000000004,0.26576000452041626
log_sigma,dpm2_log,"DPM-2 + corrector, log sigma",10,2,10,0.4,0.35509997606277466
log_sigma,dpm2_log,"DPM-2 + corrector, log sigma",10,2,10,0.5,0.44161999225616455
log_sigma,dpm2_log,"DPM-2 + corrector, log sigma",10,2,10,0.6000000000000001,0.5417799949645996
log_sigma,dpm2_log,"DPM-2 + corrector, log sigma",10,2,10,0.7000000000000001,0.6436400413513184
log_sigma,dpm2_log,"DPM-2 + corrector, log sigma",10,2,10,0.8,0.7588399648666382
log_sigma,dpm2_log,"DPM-2 + corrector, log sigma",10,2,10,0.9,0.8625999689102173
log_sigma,dpm2_log,"DPM-2 + corrector, log sigma",10,2,10,1.0,0.9992799758911133
log_sigma,dpm2_log,"DPM-2 + corrector, log sigma",50,2,10,0.0,0.0
log_sigma,dpm2_log,"DPM-2 + corrector, log sigma",50,2,10,0.1,0.10461999475955963
log_sigma,dpm2_log,"DPM-2 + corrector, log sigma",50,2,10,0.2,0.21491999924182892
log_sigma,dpm2_log,"DPM-2 + corrector, log sigma",50,2,10,0.30000000000000004,0.3381199836730957
log_sigma,dpm2_log,"DPM-2 + corrector, log sigma",50,2,10,0.4,0.43647998571395874
log_sigma,dpm2_log,"DPM-2 + corrector, log sigma",50,2,10,0.5,0.5261200070381165
log_sigma,dpm2_log,"DPM-2 + corrector, log sigma",50,2,10,0.6000000000000001,0.6184200048446655
log_sigma,dpm2_log,"DPM-2 + corrector, log sigma",50,2,10,0.7000000000000001,0.7079399824142456
log_sigma,dpm2_log,"DPM-2 + corrector, log sigma",50,2,10,0.8,0.800819993019104
log_sigma,dpm2_log,"DPM-2 + corrector, log sigma",50,2,10,0.9,0.9158599972724915
log_sigma,dpm2_log,"DPM-2 + corrector, log sigma",50,2,10,1.0,0.9993200302124023
log_sigma,sigma_log_dpm,"Sigma-space DPM-1, log sigma",10,2,11,0.0,0.0
log_sigma,sigma_log_dpm,"Sigma-space DPM-1, log sigma",10,2,11,0.1,0.09764000028371811
log_sigma,sigma_log_dpm,"Sigma-space DPM-1, log sigma",10,2,11,0.2,0.21155999600887299
log_sigma,sigma_log_dpm,"Sigma-space DPM-1, log sigma",10,2,11,0.30000000000000004,0.338019996881485
log_sigma,sigma_log_dpm,"Sigma-space DPM-1, log sigma",10,2,11,0.4,0.4353800117969513
log_sigma,sigma_log_dpm,"Sigma-space DPM-1, log sigma",10,2,11,0.5,0.5331200361251831
log_sigma,sigma_log_dpm,"Sigma-space DPM-1, log sigma",10,2,11,0.6000000000000001,0.6176599860191345
log_sigma,sigma_log_dpm,"Sigma-space DPM-1, log sigma",10,2,11,0.7000000000000001,0.7270799875259399
log_sigma,sigma_log_dpm,"Sigma-space DPM-1, log sigma",10,2,11,0.8,0.818560004234314
log_sigma,sigma_log_dpm,"Sigma-space DPM-1, log sigma",10,2,11,0.9,0.9096599817276001
log_sigma,sigma_log_dpm,"Sigma-space DPM-1, log sigma",10,2,11,1.0,0.9995800256729126
log_sigma,sigma_log_dpm,"Sigma-space DPM-1, log sigma",50,2,11,0.0,0.0
log_sigma,sigma_log_dpm,"Sigma-space DPM-1, log sigma",50,2,11,0.1,0.0973999947309494
log_sigma,sigma_log_dpm,"Sigma-space DPM-1, log sigma",50,2,11,0.2,0.21660000085830688
log_sigma,sigma_log_dpm,"Sigma-space DPM-1, log sigma",50,2,11,0.30000000000000004,0.3181999921798706
log_sigma,sigma_log_dpm,"Sigma-space DPM-1, log sigma",50,2,11,0.4,0.4372199773788452
log_sigma,sigma_log_dpm,"Sigma-space DPM-1, log sigma",50,2,11,0.5,0.5373799800872803
log_sigma,sigma_log_dpm,"Sigma-space DPM-1, log sigma",50,2,11,0.6000000000000001,0.6430799961090088
log_sigma,sigma_log_dpm,"Sigma-space DPM-1, log sigma",50,2,11,0.7000000000000001,0.7367600202560425
log_sigma,sigma_log_dpm,"Sigma-space DPM-1, log sigma",50,2,11,0.8,0.8198599815368652
log_sigma,sigma_log_dpm,"Sigma-space DPM-1, log sigma",50,2,11,0.9,0.9122200012207031
log_sigma,sigma_log_dpm,"Sigma-space DPM-1, log sigma",50,2,11,1.0,0.9970200061798096
log_sigma,dpm2_log,"DPM-2 + corrector, log sigma",10,2,11,0.0,0.0
log_sigma,dpm2_log,"DPM-2 + corrector, log sigma",10,2,11,0.1,0.1389400064945221
log_sigma,dpm2_log,"DPM-2 + corrector, log sigma",10,2,11,0.2,0.2658199965953827
log_sigma,dpm2_log,"DPM-2 + corrector, log sigma",10,2,11,0.30000000000000004,0.4020000100135803
log_sigma,dpm2_log,"DPM-2 + corrector, log sigma",10,2,11,0.4,0.5243799686431885
log_sigma,dpm2_log,"DPM-2 + corrector, log sigma",10,2,11,0.5,0.6308799982070923
log_sigma,dpm2_log,"DPM-2 + corrector, log sigma",10,2,11,0.6000000000000001,0.7233200073242188
log_sigma,dpm2_log,"DPM-2 + corrector, log sigma",10,2,11,0.7000000000000001,0.8059799671173096
log_sigma,dpm2_log,"DPM-2 + corrector, log sigma",10,2,11,0.8,0.8840000033378601
log_sigma,dpm2_log,"DPM-2 + corrector, log sigma",10,2,11,0.9,0.9553400278091431
log_sigma,dpm2_log,"DPM-2 + corrector, log sigma",10,2,11,1.0,0.9999600052833557
log_sigma,dpm2_log,"DPM-2 + corrector, log sigma",50,2,11,0.0,0.0
log_sigma,dpm2_log,"DPM-2 + corrector, log sigma",50,2,11,0.1,0.10610000044107437
log_sigma,dpm2_log,"DPM-2 + corrector, log sigma",50,2,11,0.2,0.22337999939918518
log_sigma,dpm2_log,"DPM-2 + corrector, log sigma",50,2,11,0.30000000000000004,0.34046000242233276
log_sigma,dpm2_log,"DPM-2 + corrector, log sigma",50,2,11,0.4,0.4554600119590759
log_sigma,dpm2_log,"DPM-2 + corrector, log sigma",50,2,11,0.5,0.5891000032424927
log_sigma,dpm2_log,"DPM-2 + corrector, log sigma",50,2,11,0.6000000000000001,0.699400007724762
log_sigma,dpm2_log,"DPM-2 + corrector, log sigma",50,2,11,0.7000000000000001,0.800000011920929
log_sigma,dpm2_log,"DPM-2 + corrector, log sigma",50,2,11,0.8,0.8913400173187256
log_sigma,dpm2_log,"DPM-2 + corrector, log sigma",50,2,11,0.9,0.946340024471283
log_sigma,dpm2_log,"DPM-2 + corrector, log sigma",50,2,11,1.0,0.9999799728393555
log_sigma,sigma_log_dpm,"Sigma-space DPM-1, log sigma",10,2,12,0.0,0.0
log_sigma,sigma_log_dpm,"Sigma-space DPM-1, log sigma",10,2,12,0.1,0.12365999817848206
log_sigma,sigma_log_dpm,"Sigma-space DPM-1, log sigma",10,2,12,0.2,0.21601998805999756
log_sigma,sigma_log_dpm,"Sigma-space DPM-1, log sigma",10,2,12,0.30000000000000004,0.31345999240875244
log_sigma,sigma_log_dpm,"Sigma-space DPM-1, log sigma",10,2,12,0.4,0.4067800045013428
log_sigma,sigma_log_dpm,"Sigma-space DPM-1, log sigma",10,2,12,0.5,0.4923200011253357
log_sigma,sigma_log_dpm,"Sigma-space DPM-1, log sigma",10,2,12,0.6000000000000001,0.5817400217056274
log_sigma,sigma_log_dpm,"Sigma-space DPM-1, log sigma",10,2,12,0.7000000000000001,0.6687600016593933
log_sigma,sigma_log_dpm,"Sigma-space DPM-1, log sigma",10,2,12,0.8,0.7541400194168091
log_sigma,sigma_log_dpm,"Sigma-space DPM-1, log sigma",10,2,12,0.9,0.8555799722671509
log_sigma,sigma_log_dpm,"Sigma-space DPM-1, log sigma",10,2,12,1.0,0.9987800121307373
log_sigma,sigma_log_dpm,"Sigma-space DPM-1, log sigma",50,2,12,0.0,0.0
log_sigma,sigma_log_dpm,"Sigma-space DPM-1, log sigma",50,2,12,0.1,0.10848000645637512
log_sigma,sigma_log_dpm,"Sigma-space DPM-1, log sigma",50,2,12,0.2,0.21623998880386353
log_sigma,sigma_log_dpm,"Sigma-space DPM-1, log sigma",50,2,12,0.30000000000000004,0.32513999938964844
log_sigma,sigma_log_dpm,"Sigma-space DPM-1, log sigma",50,2,12,0.4,0.42079997062683105
log_sigma,sigma_log_dpm,"Sigma-space DPM-1, log sigma",50,2,12,0.5,0.520300030708313
log_sigma,sigma_log_dpm,"Sigma-space DPM-1, log sigma",50,2,12,0.6000000000000001,0.6001399755477905
log_sigma,sigma_log_dpm,"Sigma-space DPM-1, log sigma",50,2,12,0.7000000000000001,0.672980010509491
log_sigma,sigma_log_dpm,"Sigma-space DPM-1, log sigma",50,2,12,0.8,0.7546600103378296
log_sigma,sigma_log_dpm,"Sigma-space DPM-1, log sigma",50,2,12,0.9,0.8580399751663208
log_sigma,sigma_log_dpm,"Sigma-space DPM-1, log sigma",50,2,12,1.0,0.9895800352096558
log_sigma,dpm2_log,"DPM-2 + corrector, log sigma",10,2,12,0.0,0.0
log_sigma,dpm2_log,"DPM-2 + corrector, log sigma",10,2,12,0.1,0.12810000777244568
log_sigma,dpm2_log,"DPM-2 + corrector, log sigma",10,2,12,0.2,0.254859983921051
log_sigma,dpm2_log,"DPM-2 + corrector, log sigma",10,2,12,0.30000000000000004,0.37734001874923706
log_sigma,dpm2_log,"DPM-2 + corrector, log sigma",10,2,12,0.4,0.4868599772453308
log_sigma,dpm2_log,"DPM-2 + corrector, log sigma",10,2,12,0.5,0.5878399610519409
log_sigma,dpm2_log,"DPM-2 + corrector, log sigma",10,2,12,0.6000000000000001,0.6821399927139282
log_sigma,dpm2_log,"DPM-2 + corrector, log sigma",10,2,12,0.7000000000000001,0.7709200382232666
log_sigma,dpm2_log,"DPM-2 + corrector, log sigma",10,2,12,0.8,0.8518400192260742
log_sigma,dpm2_log,"DPM-2 + corrector, log sigma",10,2,12,0.9,0.9335200190544128
log_sigma,dpm2_log,"DPM-2 + corrector, log sigma",10,2,12,1.0,0.999940037727356
log_sigma,dpm2_log,"DPM-2 + corrector, log sigma",50,2,12,0.0,0.0
log_sigma,dpm2_log,"DPM-2 + corrector, log sigma",50,2,12,0.1,0.11140000075101852
log_sigma,dpm2_log,"DPM-2 + corrector, log sigma",50,2,12,0.2,0.21770000457763672
log_sigma,dpm2_log,"DPM-2 + corrector, log sigma",50,2,12,0.30000000000000004,0.32392001152038574
log_sigma,dpm2_log,"DPM-2 + corrector, log sigma",50,2,12,0.4,0.4520000219345093
log_sigma,dpm2_log,"DPM-2 + corrector, log sigma",50,2,12,0.5,0.5756399631500244
log_sigma,dpm2_log,"DPM-2 + corrector, log sigma",50,2,12,0.6000000000000001,0.6886199712753296
log_sigma,dpm2_log,"DPM-2 + corrector, log sigma",50,2,12,0.7000000000000001,0.8021799921989441
log_sigma,dpm2_log,"DPM-2 + corrector, log sigma",50,2,12,0.8,0.8897199630737305
log_sigma,dpm2_log,"DPM-2 + corrector, log sigma",50,2,12,0.9,0.9635800123214722
log_sigma,dpm2_log,"DPM-2 + corrector, log sigma",50,2,12,1.0,0.998420000076294
log_sigma,sigma_log_dpm,"Sigma-space DPM-1, log sigma",10,2,13,0.0,0.0
log_sigma,sigma_log_dpm,"Sigma-space DPM-1, log sigma",10,2,13,0.1,0.12799999117851257
log_sigma,sigma_log_dpm,"Sigma-space DPM-1, log sigma",10,2,13,0.2,0.24606001377105713
log_sigma,sigma_log_dpm,"Sigma-space DPM-1, log sigma",10,2,13,0.30000000000000004,0.3512200117111206
log_sigma,sigma_log_dpm,"Sigma-space DPM-1, log sigma",10,2,13,0.4,0.4536399841308594
log_sigma,sigma_log_dpm,"Sigma-space DPM-1, log sigma",10,2,13,0.5,0.5476199984550476
log_sigma,sigma_log_dpm,"Sigma-space DPM-1, log sigma",10,2,13,0.6000000000000001,0.653980016708374
log_sigma,sigma_log_dpm,"Sigma-space DPM-1, log sigma",10,2,13,0.7000000000000001,0.759119987487793
log_sigma,sigma_log_dpm,"Sigma-space DPM-1, log sigma",10,2,13,0.8,0.8493800163269043
log_sigma,sigma_log_dpm,"Sigma-space DPM-1, log sigma",10,2,13,0.9,0.9326199889183044
log_sigma,sigma_log_dpm,"Sigma-space DPM-1, log sigma",10,2,13,1.0,0.9995399713516235
log_sigma,sigma_log_dpm,"Sigma-space DPM-1, log sigma",50,2,13,0.0,0.0
log_sigma,sigma_log_dpm,"Sigma-space DPM-1, log sigma",50,2,13,0.1,0.11868000030517578
log_sigma,sigma_log_dpm,"Sigma-space DPM-1, log sigma",50,2,13,0.2,0.23819999396800995
log_sigma,sigma_log_dpm,"Sigma-space DPM-1, log sigma",50,2,13,0.30000000000000004,0.3396399915218353
log_sigma,sigma_log_dpm,"Sigma-space DPM-1, log sigma",50,2,13,0.4,0.4481399953365326
log_sigma,sigma_log_dpm,"Sigma-space DPM-1, log sigma",50,2,13,0.5,0.5559399724006653
log_sigma,sigma_log_dpm,"Sigma-space DPM-1, log sigma",50,2,13,0.6000000000000001,0.6898000240325928
log_sigma,sigma_log_dpm,"Sigma-space DPM-1, log sigma",50,2,13,0.7000000000000001,0.777899980545044
log_sigma,sigma_log_dpm,"Sigma-space DPM-1, log sigma",50,2,13,0.8,0.8509399890899658
log_sigma,sigma_log_dpm,"Sigma-space DPM-1, log sigma",50,2,13,0.9,0.9412400126457214
log_sigma,sigma_log_dpm,"Sigma-space DPM-1, log sigma",50,2,13,1.0,1.0
log_sigma,dpm2_log,"DPM-2 + corrector, log sigma",10,2,13,0.0,0.0
log_sigma,dpm2_log,"DPM-2 + corrector, log sigma",10,2,13,0.1,0.13381999731063843
log_sigma,dpm2_log,"DPM-2 + corrector, log sigma",10,2,13,0.2,0.25850000977516174
log_sigma,dpm2_log,"DPM-2 + corrector, log sigma",10,2,13,0.30000000000000004,0.3733600080013275
log_sigma,dpm2_log,"DPM-2 + corrector, log sigma",10,2,13,0.4,0.5123800039291382
log_sigma,dpm2_log,"DPM-2 + corrector, log sigma",10,2,13,0.5,0.6377400159835815
log_sigma,dpm2_log,"DPM-2 + corrector, log sigma",10,2,13,0.6000000000000001,0.7440599799156189
log_sigma,dpm2_log,"DPM-2 + corrector, log sigma",10,2,13,0.7000000000000001,0.8464200496673584
log_sigma,dpm2_log,"DPM-2 + corrector, log sigma",10,2,13,0.8,0.9216200113296509
log_sigma,dpm2_log,"DPM-2 + corrector, log sigma",10,2,13,0.9,0.9763000011444092
log_sigma,dpm2_log,"DPM-2 + corrector, log sigma",10,2,13,1.0,1.0
log_sigma,dpm2_log,"DPM-2 + corrector, log sigma",50,2,13,0.0,0.0
log_sigma,dpm2_log,"DPM-2 + corrector, log sigma",50,2,13,0.1,0.11591999977827072
log_sigma,dpm2_log,"DPM-2 + corrector, log sigma",50,2,13,0.2,0.2349800169467926
log_sigma,dpm2_log,"DPM-2 + corrector, log sigma",50,2,13,0.30000000000000004,0.3707600235939026
log_sigma,dpm2_log,"DPM-2 + corrector, log sigma",50,2,13,0.4,0.4793599843978882
log_sigma,dpm2_log,"DPM-2 + corrector, log sigma",50,2,13,0.5,0.6022800207138062
log_sigma,dpm2_log,"DPM-2 + corrector, log sigma",50,2,13,0.6000000000000001,0.7121399641036987
log_sigma,dpm2_log,"DPM-2 + corrector, log sigma",50,2,13,0.7000000000000001,0.814020037651062
log_sigma,dpm2_log,"DPM-2 + corrector, log sigma",50,2,13,0.8,0.9064199924468994
log_sigma,dpm2_log,"DPM-2 + corrector, log sigma",50,2,13,0.9,0.9711799621582031
log_sigma,dpm2_log,"DPM-2 + corrector, log sigma",50,2,13,1.0,1.0
log_sigma,sigma_log_dpm,"Sigma-space DPM-1, log sigma",10,2,14,0.0,0.0
log_sigma,sigma_log_dpm,"Sigma-space DPM-1, log sigma",10,2,14,0.1,0.07760000228881836
log_sigma,sigma_log_dpm,"Sigma-space DPM-1, log sigma",10,2,14,0.2,0.1622599959373474
log_sigma,sigma_log_dpm,"Sigma-space DPM-1, log sigma",10,2,14,0.30000000000000004,0.24004000425338745
log_sigma,sigma_log_dpm,"Sigma-space DPM-1, log sigma",10,2,14,0.4,0.32089999318122864
log_sigma,sigma_log_dpm,"Sigma-space DPM-1, log sigma",10,2,14,0.5,0.3976600170135498
log_sigma,sigma_log_dpm,"Sigma-space DPM-1, log sigma",10,2,14,0.6000000000000001,0.48297998309135437
log_sigma,sigma_log_dpm,"Sigma-space DPM-1, log sigma",10,2,14,0.7000000000000001,0.586400032043457
log_sigma,sigma_log_dpm,"Sigma-space DPM-1, log sigma",10,2,14,0.8,0.718779981136322
log_sigma,sigma_log_dpm,"Sigma-space DPM-1, log sigma",10,2,14,0.9,0.8408600091934204
log_sigma,sigma_log_dpm,"Sigma-space DPM-1, log sigma",10,2,14,1.0,0.9987000226974487
log_sigma,sigma_log_dpm,"Sigma-space DPM-1, log sigma",50,2,14,0.0,0.0
log_sigma,sigma_log_dpm,"Sigma-space DPM-1, log sigma",50,2,14,0.1,0.07744000107049942
log_sigma,sigma_log_dpm,"Sigma-space DPM-1, log sigma",50,2,14,0.2,0.17735999822616577
log_sigma,sigma_log_dpm,"Sigma-space DPM-1, log sigma",50,2,14,0.30000000000000004,0.25722000002861023
log_sigma,sigma_log_dpm,"Sigma-space DPM-1, log sigma",50,2,14,0.4,0.35158002376556396
log_sigma,sigma_log_dpm,"Sigma-space DPM-1, log sigma",50,2,14,0.5,0.4389199912548065
log_sigma,sigma_log_dpm,"Sigma-space DPM-1, log sigma",50,2,14,0.6000000000000001,0.5433599948883057
log_sigma,sigma_log_dpm,"Sigma-space DPM-1, log sigma",50,2,14,0.7000000000000001,0.6503399610519409
log_sigma,sigma_log_dpm,"Sigma-space DPM-1, log sigma",50,2,14,0.8,0.759440004825592
log_sigma,sigma_log_dpm,"Sigma-space DPM-1, log sigma",50,2,14,0.9,0.8687800168991089
log_sigma,sigma_log_dpm,"Sigma-space DPM-1, log sigma",50,2,14,1.0,0.9920200109481812
log_sigma,dpm2_log,"DPM-2 + corrector, log sigma",10,2,14,0.0,0.0
log_sigma,dpm2_log,"DPM-2 + corrector, log sigma",10,2,14,0.1,0.10454000532627106
log_sigma,dpm2_log,"DPM-2 + corrector, log sigma",10,2,14,0.2,0.20951999723911285
log_sigma,dpm2_log,"DPM-2 + corrector, log sigma",10,2,14,0.30000000000000004,0.31209999322891235
log_sigma,dpm2_log,"DPM-2 + corrector, log sigma",10,2,14,0.4,0.4104200005531311
log_sigma,dpm2_log,"DPM-2 + corrector, log sigma",10,2,14,0.5,0.5060999989509583
log_sigma,dpm2_log,"DPM-2 + corrector, log sigma",10,2,14,0.6000000000000001,0.6061199903488159
log_sigma,dpm2_log,"DPM-2 + corrector, log sigma",10,2,14,0.7000000000000001,0.7018600106239319
log_sigma,dpm2_log,"DPM-2 + corrector, log sigma",10,2,14,0.8,0.8116400241851807
log_sigma,dpm2_log,"DPM-2 + corrector, log sigma",10,2,14,0.9,0.9111199975013733
log_sigma,dpm2_log,"DPM-2 + corrector, log sigma",10,2,14,1.0,0.9999799728393555
log_sigma,dpm2_log,"DPM-2 + corrector, log sigma",50,2,14,0.0,0.0
log_sigma,dpm2_log,"DPM-2 + corrector, log sigma",50,2,14,0.1,0.10228000581264496
log_sigma,dpm2_log,"DPM-2 + corrector, log sigma",50,2,14,0.2,0.20412001013755798
log_sigma,dpm2_log,"DPM-2 + corrector, log sigma",50,2,14,0.30000000000000004,0.3138599991798401
log_sigma,dpm2_log,"DPM-2 + corrector, log sigma",50,2,14,0.4,0.4188600182533264
log_sigma,dpm2_log,"DPM-2 + corrector, log sigma",50,2,14,0.5,0.5234600305557251
log_sigma,dpm2_log,"DPM-2 + corrector, log sigma",50,2,14,0.6000000000000001,0.6216199994087219
log_sigma,dpm2_log,"DPM-2 + corrector, log sigma",50,2,14,0.7000000000000001,0.73089998960495
log_sigma,dpm2_log,"DPM-2 + corrector, log sigma",50,2,14,0.8,0.8292800188064575
log_sigma,dpm2_log,"DPM-2 + corrector, log sigma",50,2,14,0.9,0.92330002784729
log_sigma,dpm2_log,"DPM-2 + corrector, log sigma",50,2,14,1.0,0.9998199939727783
log_sigma,sigma_log_dpm,"Sigma-space DPM-1, log sigma",10,2,15,0.0,0.0
log_sigma,sigma_log_dpm,"Sigma-space DPM-1, log sigma",10,2,15,0.1,0.10035999864339828
log_sigma,sigma_log_dpm,"Sigma-space DPM-1, log sigma",10,2,15,0.2,0.21522000432014465
log_sigma,sigma_log_dpm,"Sigma-space DPM-1, log sigma",10,2,15,0.30000000000000004,0.32687997817993164
log_sigma,sigma_log_dpm,"Sigma-space DPM-1, log sigma",10,2,15,0.4,0.4481000006198883
log_sigma,sigma_log_dpm,"Sigma-space DPM-1, log sigma",10,2,15,0.5,0.5578600168228149
log_sigma,sigma_log_dpm,"Sigma-space DPM-1, log sigma",10,2,15,0.6000000000000001,0.6568599939346313
log_sigma,sigma_log_dpm,"Sigma-space DPM-1, log sigma",10,2,15,0.7000000000000001,0.7501599788665771
log_sigma,sigma_log_dpm,"Sigma-space DPM-1, log sigma",10,2,15,0.8,0.8326200246810913
log_sigma,sigma_log_dpm,"Sigma-space DPM-1, log sigma",10,2,15,0.9,0.9138200283050537
log_sigma,sigma_log_dpm,"Sigma-space DPM-1, log sigma",10,2,15,1.0,0.9992599487304688
log_sigma,sigma_log_dpm,"Sigma-space DPM-1, log sigma",50,2,15,0.0,0.0
log_sigma,sigma_log_dpm,"Sigma-space DPM-1, log sigma",50,2,15,0.1,0.11977999657392502
log_sigma,sigma_log_dpm,"Sigma-space DPM-1, log sigma",50,2,15,0.2,0.23754000663757324
log_sigma,sigma_log_dpm,"Sigma-space DPM-1, log sigma",50,2,15,0.30000000000000004,0.3530600070953369
log_sigma,sigma_log_dpm,"Sigma-space DPM-1, log sigma",50,2,15,0.4,0.46164000034332275
log_sigma,sigma_log_dpm,"Sigma-space DPM-1, log sigma",50,2,15,0.5,0.5686399936676025
log_sigma,sigma_log_dpm,"Sigma-space DPM-1, log sigma",50,2,15,0.6000000000000001,0.6644200086593628
log_sigma,sigma_log_dpm,"Sigma-space DPM-1, log sigma",50,2,15,0.7000000000000001,0.7604600191116333
log_sigma,sigma_log_dpm,"Sigma-space DPM-1, log sigma",50,2,15,0.8,0.8583799600601196
log_sigma,sigma_log_dpm,"Sigma-space DPM-1, log sigma",50,2,15,0.9,0.9472000002861023
log_sigma,sigma_log_dpm,"Sigma-space DPM-1, log sigma",50,2,15,1.0,0.9993000030517578
log_sigma,dpm2_log,"DPM-2 + corrector, log sigma",10,2,15,0.0,0.0
log_sigma,dpm2_log,"DPM-2 + corrector, log sigma",10,2,15,0.1,0.13556000590324402
log_sigma,dpm2_log,"DPM-2 + corrector, log sigma",10,2,15,0.2,0.28751999139785767
log_sigma,dpm2_log,"DPM-2 + corrector, log sigma",10,2,15,0.30000000000000004,0.4155200123786926
log_sigma,dpm2_log,"DPM-2 + corrector, log sigma",10,2,15,0.4,0.5318000316619873
log_sigma,dpm2_log,"DPM-2 + corrector, log sigma",10,2,15,0.5,0.6311800479888916
log_sigma,dpm2_log,"DPM-2 + corrector, log sigma",10,2,15,0.6000000000000001,0.7419599890708923
log_sigma,dpm2_log,"DPM-2 + corrector, log sigma",10,2,15,0.7000000000000001,0.8294399976730347
log_sigma,dpm2_log,"DPM-2 + corrector, log sigma",10,2,15,0.8,0.8998799920082092
log_sigma,dpm2_log,"DPM-2 + corrector, log sigma",10,2,15,0.9,0.9640600085258484
log_sigma,dpm2_log,"DPM-2 + corrector, log sigma",10,2,15,1.0,1.0
log_sigma,dpm2_log,"DPM-2 + corrector, log sigma",50,2,15,0.0,0.0
log_sigma,dpm2_log,"DPM-2 + corrector, log sigma",50,2,15,0.1,0.13495999574661255
log_sigma,dpm2_log,"DPM-2 + corrector, log sigma",50,2,15,0.2,0.2785000205039978
log_sigma,dpm2_log,"DPM-2 + corrector, log sigma",50,2,15,0.30000000000000004,0.40887999534606934
log_sigma,dpm2_log,"DPM-2 + corrector, log sigma",50,2,15,0.4,0.5132800340652466
log_sigma,dpm2_log,"DPM-2 + corrector, log sigma",50,2,15,0.5,0.6171200275421143
log_sigma,dpm2_log,"DPM-2 + corrector, log sigma",50,2,15,0.6000000000000001,0.721019983291626
log_sigma,dpm2_log,"DPM-2 + corrector, log sigma",50,2,15,0.7000000000000001,0.8058000206947327
log_sigma,dpm2_log,"DPM-2 + corrector, log sigma",50,2,15,0.8,0.8883999586105347
log_sigma,dpm2_log,"DPM-2 + corrector, log sigma",50,2,15,0.9,0.9550000429153442
log_sigma,dpm2_log,"DPM-2 + corrector, log sigma",50,2,15,1.0,1.0
mixture,sigma_log_dpm,"Sigma-space DPM-1, log sigma",10,0,0,0.0,0.0
mixture,sigma_log_dpm,"Sigma-space DPM-1, log sigma",10,0,0,0.1,0.11399999260902405
mixture,sigma_log_dpm,"Sigma-space DPM-1, log sigma",10,0,0,0.2,0.23722000420093536
mixture,sigma_log_dpm,"Sigma-space DPM-1, log sigma",10,0,0,0.30000000000000004,0.3524399995803833
mixture,sigma_log_dpm,"Sigma-space DPM-1, log sigma",10,0,0,0.4,0.4612399935722351
mixture,sigma_log_dpm,"Sigma-space DPM-1, log sigma",10,0,0,0.5,0.5677000284194946
mixture,sigma_log_dpm,"Sigma-space DPM-1, log sigma",10,0,0,0.6000000000000001,0.6662999987602234
mixture,sigma_log_dpm,"Sigma-space DPM-1, log sigma",10,0,0,0.7000000000000001,0.7710999846458435
mixture,sigma_log_dpm,"Sigma-space DPM-1, log sigma",10,0,0,0.8,0.8672599792480469
mixture,sigma_log_dpm,"Sigma-space DPM-1, log sigma",10,0,0,0.9,0.9409400224685669
mixture,sigma_log_dpm,"Sigma-space DPM-1, log sigma",10,0,0,1.0,0.999940037727356
mixture,sigma_log_dpm,"Sigma-space DPM-1, log sigma",50,0,0,0.0,0.0
mixture,sigma_log_dpm,"Sigma-space DPM-1, log sigma",50,0,0,0.1,0.10311999917030334
mixture,sigma_log_dpm,"Sigma-space DPM-1, log sigma",50,0,0,0.2,0.21648000180721283
mixture,sigma_log_dpm,"Sigma-space DPM-1, log sigma",50,0,0,0.30000000000000004,0.33406001329421997
mixture,sigma_log_dpm,"Sigma-space DPM-1, log sigma",50,0,0,0.4,0.44669997692108154
mixture,sigma_log_dpm,"Sigma-space DPM-1, log sigma",50,0,0,0.5,0.5948799848556519
mixture,sigma_log_dpm,"Sigma-space DPM-1, log sigma",50,0,0,0.6000000000000001,0.695639967918396
mixture,sigma_log_dpm,"Sigma-space DPM-1, log sigma",50,0,0,0.7000000000000001,0.7977799773216248
mixture,sigma_log_dpm,"Sigma-space DPM-1, log sigma",50,0,0,0.8,0.8840600252151489
mixture,sigma_log_dpm,"Sigma-space DPM-1, log sigma",50,0,0,0.9,0.9574999809265137
mixture,sigma_log_dpm,"Sigma-space DPM-1, log sigma",50,0,0,1.0,0.9999600052833557
mixture,dpm2_log,"DPM-2 + corrector, log sigma",10,0,0,0.0,0.0
mixture,dpm2_log,"DPM-2 + corrector, log sigma",10,0,0,0.1,0.12639999389648438
mixture,dpm2_log,"DPM-2 + corrector, log sigma",10,0,0,0.2,0.2573399841785431
mixture,dpm2_log,"DPM-2 + corrector, log sigma",10,0,0,0.30000000000000004,0.3885999917984009
mixture,dpm2_log,"DPM-2 + corrector, log sigma",10,0,0,0.4,0.5311399698257446
mixture,dpm2_log,"DPM-2 + corrector, log sigma",10,0,0,0.5,0.6526800394058228
mixture,dpm2_log,"DPM-2 + corrector, log sigma",10,0,0,0.6000000000000001,0.7719800472259521
mixture,dpm2_log,"DPM-2 + corrector, log sigma",10,0,0,0.7000000000000001,0.8509200215339661
mixture,dpm2_log,"DPM-2 + corrector, log sigma",10,0,0,0.8,0.9161199927330017
mixture,dpm2_log,"DPM-2 + corrector, log sigma",10,0,0,0.9,0.9648000001907349
mixture,dpm2_log,"DPM-2 + corrector, log sigma",10,0,0,1.0,0.9999799728393555
mixture,dpm2_log,"DPM-2 + corrector, log sigma",50,0,0,0.0,0.0
mixture,dpm2_log,"DPM-2 + corrector, log sigma",50,0,0,0.1,0.120619997382164
mixture,dpm2_log,"DPM-2 + corrector, log sigma",50,0,0,0.2,0.23836000263690948
mixture,dpm2_log,"DPM-2 + corrector, log sigma",50,0,0,0.30000000000000004,0.38106000423431396
mixture,dpm2_log,"DPM-2 + corrector, log sigma",50,0,0,0.4,0.5163999795913696
mixture,dpm2_log,"DPM-2 + corrector, log sigma",50,0,0,0.5,0.6302399635314941
mixture,dpm2_log,"DPM-2 + corrector, log sigma",50,0,0,0.6000000000000001,0.7444800138473511
mixture,dpm2_log,"DPM-2 + corrector, log sigma",50,0,0,0.7000000000000001,0.8514800071716309
mixture,dpm2_log,"DPM-2 + corrector, log sigma",50,0,0,0.8,0.929099977016449
mixture,dpm2_log,"DPM-2 + corrector, log sigma",50,0,0,0.9,0.9773399829864502
mixture,dpm2_log,"DPM-2 + corrector, log sigma",50,0,0,1.0,1.0
mixture,sigma_log_dpm,"Sigma-space DPM-1, log sigma",10,0,1,0.0,0.0
mixture,sigma_log_dpm,"Sigma-space DPM-1, log sigma",10,0,1,0.1,0.05503999814391136
mixture,sigma_log_dpm,"Sigma-space DPM-1, log sigma",10,0,1,0.2,0.11306000500917435
mixture,sigma_log_dpm,"Sigma-space DPM-1, log sigma",10,0,1,0.30000000000000004,0.18026000261306763
mixture,sigma_log_dpm,"Sigma-space DPM-1, log sigma",10,0,1,0.4,0.2530600130558014
mixture,sigma_log_dpm,"Sigma-space DPM-1, log sigma",10,0,1,0.5,0.32811999320983887
mixture,sigma_log_dpm,"Sigma-space DPM-1, log sigma",10,0,1,0.6000000000000001,0.4396600127220154
mixture,sigma_log_dpm,"Sigma-space DPM-1, log sigma",10,0,1,0.7000000000000001,0.5471000075340271
mixture,sigma_log_dpm,"Sigma-space DPM-1, log sigma",10,0,1,0.8,0.6625800132751465
mixture,sigma_log_dpm,"Sigma-space DPM-1, log sigma",10,0,1,0.9,0.8199399709701538
mixture,sigma_log_dpm,"Sigma-space DPM-1, log sigma",10,0,1,1.0,0.9995800256729126
mixture,sigma_log_dpm,"Sigma-space DPM-1, log sigma",50,0,1,0.0,0.0
mixture,sigma_log_dpm,"Sigma-space DPM-1, log sigma",50,0,1,0.1,0.05833999812602997
mixture,sigma_log_dpm,"Sigma-space DPM-1, log sigma",50,0,1,0.2,0.1391800045967102
mixture,sigma_log_dpm,"Sigma-space DPM-1, log sigma",50,0,1,0.30000000000000004,0.2231999933719635
mixture,sigma_log_dpm,"Sigma-space DPM-1, log sigma",50,0,1,0.4,0.3059599995613098
mixture,sigma_log_dpm,"Sigma-space DPM-1, log sigma",50,0,1,0.5,0.3862000107765198
mixture,sigma_log_dpm,"Sigma-space DPM-1, log sigma",50,0,1,0.6000000000000001,0.486299991607666
mixture,sigma_log_dpm,"Sigma-space DPM-1, log sigma",50,0,1,0.7000000000000001,0.5869200229644775
mixture,sigma_log_dpm,"Sigma-space DPM-1, log sigma",50,0,1,0.8,0.7226999998092651
mixture,sigma_log_dpm,"Sigma-space DPM-1, log sigma",50,0,1,0.9,0.8349800109863281
mixture,sigma_log_dpm,"Sigma-space DPM-1, log sigma",50,0,1,1.0,0.9998400211334229
mixture,dpm2_log,"DPM-2 + corrector, log sigma",10,0,1,0.0,0.0
mixture,dpm2_log,"DPM-2 + corrector, log sigma",10,0,1,0.1,0.07039999961853027
mixture,dpm2_log,"DPM-2 + corrector, log sigma",10,0,1,0.2,0.16074000298976898
mixture,dpm2_log,"DPM-2 + corrector, log sigma",10,0,1,0.30000000000000004,0.2526800036430359
mixture,dpm2_log,"DPM-2 + corrector, log sigma",10,0,1,0.4,0.3431200087070465
mixture,dpm2_log,"DPM-2 + corrector, log sigma",10,0,1,0.5,0.4499399960041046
mixture,dpm2_log,"DPM-2 + corrector, log sigma",10,0,1,0.6000000000000001,0.5640000104904175
mixture,dpm2_log,"DPM-2 + corrector, log sigma",10,0,1,0.7000000000000001,0.6822400093078613
mixture,dpm2_log,"DPM-2 + corrector, log sigma",10,0,1,0.8,0.8041599988937378
mixture,dpm2_log,"DPM-2 + corrector, log sigma",10,0,1,0.9,0.922760009765625
mixture,dpm2_log,"DPM-2 + corrector, log sigma",10,0,1,1.0,0.9992200136184692
mixture,dpm2_log,"DPM-2 + corrector, log sigma",50,0,1,0.0,0.0
mixture,dpm2_log,"DPM-2 + corrector, log sigma",50,0,1,0.1,0.10983999818563461
mixture,dpm2_log,"DPM-2 + corrector, log sigma",50,0,1,0.2,0.21356000006198883
mixture,dpm2_log,"DPM-2 + corrector, log sigma",50,0,1,0.30000000000000004,0.3294999897480011
mixture,dpm2_log,"DPM-2 + corrector, log sigma",50,0,1,0.4,0.43121999502182007
mixture,dpm2_log,"DPM-2 + corrector, log sigma",50,0,1,0.5,0.5371800065040588
mixture,dpm2_log,"DPM-2 + corrector, log sigma",50,0,1,0.6000000000000001,0.6333400011062622
mixture,dpm2_log,"DPM-2 + corrector, log sigma",50,0,1,0.7000000000000001,0.731719970703125
mixture,dpm2_log,"DPM-2 + corrector, log sigma",50,0,1,0.8,0.8303599953651428
mixture,dpm2_log,"DPM-2 + corrector, log sigma",50,0,1,0.9,0.9162800312042236
mixture,dpm2_log,"DPM-2 + corrector, log sigma",50,0,1,1.0,0.9988000392913818
mixture,sigma_log_dpm,"Sigma-space DPM-1, log sigma",10,0,2,0.0,0.0
mixture,sigma_log_dpm,"Sigma-space DPM-1, log sigma",10,0,2,0.1,0.045819997787475586
mixture,sigma_log_dpm,"Sigma-space DPM-1, log sigma",10,0,2,0.2,0.09173999726772308
mixture,sigma_log_dpm,"Sigma-space DPM-1, log sigma",10,0,2,0.30000000000000004,0.14363999664783478
mixture,sigma_log_dpm,"Sigma-space DPM-1, log sigma",10,0,2,0.4,0.1997399926185608
mixture,sigma_log_dpm,"Sigma-space DPM-1, log sigma",10,0,2,0.5,0.2648000121116638
mixture,sigma_log_dpm,"Sigma-space DPM-1, log sigma",10,0,2,0.6000000000000001,0.3314400017261505
mixture,sigma_log_dpm,"Sigma-space DPM-1, log sigma",10,0,2,0.7000000000000001,0.4288800060749054
mixture,sigma_log_dpm,"Sigma-space DPM-1, log sigma",10,0,2,0.8,0.5301400423049927
mixture,sigma_log_dpm,"Sigma-space DPM-1, log sigma",10,0,2,0.9,0.7130799889564514
mixture,sigma_log_dpm,"Sigma-space DPM-1, log sigma",10,0,2,1.0,0.988319993019104
mixture,sigma_log_dpm,"Sigma-space DPM-1, log sigma",50,0,2,0.0,0.0
mixture,sigma_log_dpm,"Sigma-space DPM-1, log sigma",50,0,2,0.1,0.056460000574588776
mixture,sigma_log_dpm,"Sigma-space DPM-1, log sigma",50,0,2,0.2,0.11137999594211578
mixture,sigma_log_dpm,"Sigma-space DPM-1, log sigma",50,0,2,0.30000000000000004,0.17465999722480774
mixture,sigma_log_dpm,"Sigma-space DPM-1, log sigma",50,0,2,0.4,0.23945999145507812
mixture,sigma_log_dpm,"Sigma-space DPM-1, log sigma",50,0,2,0.5,0.2983800172805786
mixture,sigma_log_dpm,"Sigma-space DPM-1, log sigma",50,0,2,0.6000000000000001,0.3869599997997284
mixture,sigma_log_dpm,"Sigma-space DPM-1, log sigma",50,0,2,0.7000000000000001,0.5014599561691284
mixture,sigma_log_dpm,"Sigma-space DPM-1, log sigma",50,0,2,0.8,0.6138800382614136
mixture,sigma_log_dpm,"Sigma-space DPM-1, log sigma",50,0,2,0.9,0.785539984703064
mixture,sigma_log_dpm,"Sigma-space DPM-1, log sigma",50,0,2,1.0,0.9876400232315063
mixture,dpm2_log,"DPM-2 + corrector, log sigma",10,0,2,0.0,0.0
mixture,dpm2_log,"DPM-2 + corrector, log sigma",10,0,2,0.1,0.06647999584674835
mixture,dpm2_log,"DPM-2 + corrector, log sigma",10,0,2,0.2,0.12214000523090363
mixture,dpm2_log,"DPM-2 + corrector, log sigma",10,0,2,0.30000000000000004,0.19227999448776245
mixture,dpm2_log,"DPM-2 + corrector, log sigma",10,0,2,0.4,0.26759999990463257
mixture,dpm2_log,"DPM-2 + corrector, log sigma",10,0,2,0.5,0.33987998962402344
mixture,dpm2_log,"DPM-2 + corrector, log sigma",10,0,2,0.6000000000000001,0.4294999837875366
mixture,dpm2_log,"DPM-2 + corrector, log sigma",10,0,2,0.7000000000000001,0.5251200199127197
mixture,dpm2_log,"DPM-2 + corrector, log sigma",10,0,2,0.8,0.6485599875450134
mixture,dpm2_log,"DPM-2 + corrector, log sigma",10,0,2,0.9,0.8047800064086914
mixture,dpm2_log,"DPM-2 + corrector, log sigma",10,0,2,1.0,0.9982399940490723
mixture,dpm2_log,"DPM-2 + corrector, log sigma",50,0,2,0.0,0.0
mixture,dpm2_log,"DPM-2 + corrector, log sigma",50,0,2,0.1,0.08258000016212463
mixture,dpm2_log,"DPM-2 + corrector, log sigma",50,0,2,0.2,0.17484000325202942
mixture,dpm2_log,"DPM-2 + corrector, log sigma",50,0,2,0.30000000000000004,0.2689400017261505
mixture,dpm2_log,"DPM-2 + corrector, log sigma",50,0,2,0.4,0.3745200037956238
mixture,dpm2_log,"DPM-2 + corrector, log sigma",50,0,2,0.5,0.4767199754714966
mixture,dpm2_log,"DPM-2 + corrector, log sigma",50,0,2,0.6000000000000001,0.57669997215271
mixture,dpm2_log,"DPM-2 + corrector, log sigma",50,0,2,0.7000000000000001,0.6828399896621704
mixture,dpm2_log,"DPM-2 + corrector, log sigma",50,0,2,0.8,0.7839000225067139
mixture,dpm2_log,"DPM-2 + corrector, log sigma",50,0,2,0.9,0.8922200202941895
mixture,dpm2_log,"DPM-2 + corrector, log sigma",50,0,2,1.0,0.9997199773788452
mixture,sigma_log_dpm,"Sigma-space DPM-1, log sigma",10,0,3,0.0,0.0
mixture,sigma_log_dpm,"Sigma-space DPM-1, log sigma",10,0,3,0.1,0.06970000267028809
mixture,sigma_log_dpm,"Sigma-space DPM-1, log sigma",10,0,3,0.2,0.14282000064849854
mixture,sigma_log_dpm,"Sigma-space DPM-1, log sigma",10,0,3,0.30000000000000004,0.2115200012922287
mixture,sigma_log_dpm,"Sigma-space DPM-1, log sigma",10,0,3,0.4,0.29357999563217163
mixture,sigma_log_dpm,"Sigma-space DPM-1, log sigma",10,0,3,0.5,0.38370001316070557
mixture,sigma_log_dpm,"Sigma-space DPM-1, log sigma",10,0,3,0.6000000000000001,0.46619999408721924
mixture,sigma_log_dpm,"Sigma-space DPM-1, log sigma",10,0,3,0.7000000000000001,0.5518800020217896
mixture,sigma_log_dpm,"Sigma-space DPM-1, log sigma",10,0,3,0.8,0.6718000173568726
mixture,sigma_log_dpm,"Sigma-space DPM-1, log sigma",10,0,3,0.9,0.8127000331878662
mixture,sigma_log_dpm,"Sigma-space DPM-1, log sigma",10,0,3,1.0,0.9906400442123413
mixture,sigma_log_dpm,"Sigma-space DPM-1, log sigma",50,0,3,0.0,0.0
mixture,sigma_log_dpm,"Sigma-space DPM-1, log sigma",50,0,3,0.1,0.07301999628543854
mixture,sigma_log_dpm,"Sigma-space DPM-1, log sigma",50,0,3,0.2,0.14747999608516693
mixture,sigma_log_dpm,"Sigma-space DPM-1, log sigma",50,0,3,0.30000000000000004,0.2249000072479248
mixture,sigma_log_dpm,"Sigma-space DPM-1, log sigma",50,0,3,0.4,0.31352001428604126
mixture,sigma_log_dpm,"Sigma-space DPM-1, log sigma",50,0,3,0.5,0.40907999873161316
mixture,sigma_log_dpm,"Sigma-space DPM-1, log sigma",50,0,3,0.6000000000000001,0.48830002546310425
mixture,sigma_log_dpm,"Sigma-space DPM-1, log sigma",50,0,3,0.7000000000000001,0.5957800149917603
mixture,sigma_log_dpm,"Sigma-space DPM-1, log sigma",50,0,3,0.8,0.7196999788284302
mixture,sigma_log_dpm,"Sigma-space DPM-1, log sigma",50,0,3,0.9,0.8520599603652954
mixture,sigma_log_dpm,"Sigma-space DPM-1, log sigma",50,0,3,1.0,0.9994800090789795
mixture,dpm2_log,"DPM-2 + corrector, log sigma",10,0,3,0.0,0.0
mixture,dpm2_log,"DPM-2 + corrector, log sigma",10,0,3,0.1,0.09583999961614609
mixture,dpm2_log,"DPM-2 + corrector, log sigma",10,0,3,0.2,0.20960000157356262
mixture,dpm2_log,"DPM-2 + corrector, log sigma",10,0,3,0.30000000000000004,0.3071399927139282
mixture,dpm2_log,"DPM-2 + corrector, log sigma",10,0,3,0.4,0.40790000557899475
mixture,dpm2_log,"DPM-2 + corrector, log sigma",10,0,3,0.5,0.5011999607086182
mixture,dpm2_log,"DPM-2 + corrector, log sigma",10,0,3,0.6000000000000001,0.5809000134468079
mixture,dpm2_log,"DPM-2 + corrector, log sigma",10,0,3,0.7000000000000001,0.6756199598312378
mixture,dpm2_log,"DPM-2 + corrector, log sigma",10,0,3,0.8,0.7764999866485596
mixture,dpm2_log,"DPM-2 + corrector, log sigma",10,0,3,0.9,0.8971999883651733
mixture,dpm2_log,"DPM-2 + corrector, log sigma",10,0,3,1.0,0.9990999698638916
mixture,dpm2_log,"DPM-2 + corrector, log sigma",50,0,3,0.0,0.0
mixture,dpm2_log,"DPM-2 + corrector, log sigma",50,0,3,0.1,0.10245999693870544
mixture,dpm2_log,"DPM-2 + corrector, log sigma",50,0,3,0.2,0.2205599993467331
mixture,dpm2_log,"DPM-2 + corrector, log sigma",50,0,3,0.30000000000000004,0.33385998010635376
mixture,dpm2_log,"DPM-2 + corrector, log sigma",50,0,3,0.4,0.43265998363494873
mixture,dpm2_log,"DPM-2 + corrector, log sigma",50,0,3,0.5,0.5349400043487549
mixture,dpm2_log,"DPM-2 + corrector, log sigma",50,0,3,0.6000000000000001,0.6355400085449219
mixture,dpm2_log,"DPM-2 + corrector, log sigma",50,0,3,0.7000000000000001,0.7467399835586548
mixture,dpm2_log,"DPM-2 + corrector, log sigma",50,0,3,0.8,0.8293399810791016
mixture,dpm2_log,"DPM-2 + corrector, log sigma",50,0,3,0.9,0.9189200401306152
mixture,dpm2_log,"DPM-2 + corrector, log sigma",50,0,3,1.0,0.9999799728393555
mixture,sigma_log_dpm,"Sigma-space DPM-1, log sigma",10,0,4,0.0,0.0
mixture,sigma_log_dpm,"Sigma-space DPM-1, log sigma",10,0,4,0.1,0.09031999856233597
mixture,sigma_log_dpm,"Sigma-space DPM-1, log sigma",10,0,4,0.2,0.16256000101566315
mixture,sigma_log_dpm,"Sigma-space DPM-1, log sigma",10,0,4,0.30000000000000004,0.2399200052022934
mixture,sigma_log_dpm,"Sigma-space DPM-1, log sigma",10,0,4,0.4,0.3211800158023834
mixture,sigma_log_dpm,"Sigma-space DPM-1, log sigma",10,0,4,0.5,0.41575998067855835
mixture,sigma_log_dpm,"Sigma-space DPM-1, log sigma",10,0,4,0.6000000000000001,0.5055999755859375
mixture,sigma_log_dpm,"Sigma-space DPM-1, log sigma",10,0,4,0.7000000000000001,0.5926599502563477
mixture,sigma_log_dpm,"Sigma-space DPM-1, log sigma",10,0,4,0.8,0.7043399810791016
mixture,sigma_log_dpm,"Sigma-space DPM-1, log sigma",10,0,4,0.9,0.8251799941062927
mixture,sigma_log_dpm,"Sigma-space DPM-1, log sigma",10,0,4,1.0,0.9700599908828735
mixture,sigma_log_dpm,"Sigma-space DPM-1, log sigma",50,0,4,0.0,0.0
mixture,sigma_log_dpm,"Sigma-space DPM-1, log sigma",50,0,4,0.1,0.08830000460147858
mixture,sigma_log_dpm,"Sigma-space DPM-1, log sigma",50,0,4,0.2,0.17013999819755554
mixture,sigma_log_dpm,"Sigma-space DPM-1, log sigma",50,0,4,0.30000000000000004,0.25779998302459717
mixture,sigma_log_dpm,"Sigma-space DPM-1, log sigma",50,0,4,0.4,0.33344000577926636
mixture,sigma_log_dpm,"Sigma-space DPM-1, log sigma",50,0,4,0.5,0.424560010433197
mixture,sigma_log_dpm,"Sigma-space DPM-1, log sigma",50,0,4,0.6000000000000001,0.5229799747467041
mixture,sigma_log_dpm,"Sigma-space DPM-1, log sigma",50,0,4,0.7000000000000001,0.6243799924850464
mixture,sigma_log_dpm,"Sigma-space DPM-1, log sigma",50,0,4,0.8,0.7464599609375
mixture,sigma_log_dpm,"Sigma-space DPM-1, log sigma",50,0,4,0.9,0.8370400071144104
mixture,sigma_log_dpm,"Sigma-space DPM-1, log sigma",50,0,4,1.0,0.9968000054359436
mixture,dpm2_log,"DPM-2 + corrector, log sigma",10,0,4,0.0,0.0
mixture,dpm2_log,"DPM-2 + corrector, log sigma",10,0,4,0.1,0.09798000007867813
mixture,dpm2_log,"DPM-2 + corrector, log sigma",10,0,4,0.2,0.19341999292373657
mixture,dpm2_log,"DPM-2 + corrector, log sigma",10,0,4,0.30000000000000004,0.2991200089454651
mixture,dpm2_log,"DPM-2 + corrector, log sigma",10,0,4,0.4,0.41196000576019287
mixture,dpm2_log,"DPM-2 + corrector, log sigma",10,0,4,0.5,0.5079599618911743
mixture,dpm2_log,"DPM-2 + corrector, log sigma",10,0,4,0.6000000000000001,0.6125199794769287
mixture,dpm2_log,"DPM-2 + corrector, log sigma",10,0,4,0.7000000000000001,0.7017199993133545
mixture,dpm2_log,"DPM-2 + corrector, log sigma",10,0,4,0.8,0.8072800040245056
mixture,dpm2_log,"DPM-2 + corrector, log sigma",10,0,4,0.9,0.9053399562835693
mixture,dpm2_log,"DPM-2 + corrector, log sigma",10,0,4,1.0,0.998479962348938
mixture,dpm2_log,"DPM-2 + corrector, log sigma",50,0,4,0.0,0.0
mixture,dpm2_log,"DPM-2 + corrector, log sigma",50,0,4,0.1,0.10490000247955322
mixture,dpm2_log,"DPM-2 + corrector, log sigma",50,0,4,0.2,0.21318000555038452
mixture,dpm2_log,"DPM-2 + corrector, log sigma",50,0,4,0.30000000000000004,0.3298199772834778
mixture,dpm2_log,"DPM-2 + corrector, log sigma",50,0,4,0.4,0.45024001598358154
mixture,dpm2_log,"DPM-2 + corrector, log sigma",50,0,4,0.5,0.5795400142669678
mixture,dpm2_log,"DPM-2 + corrector, log sigma",50,0,4,0.6000000000000001,0.6745200157165527
mixture,dpm2_log,"DPM-2 + corrector, log sigma",50,0,4,0.7000000000000001,0.7734000086784363
mixture,dpm2_log,"DPM-2 + corrector, log sigma",50,0,4,0.8,0.8502800464630127
mixture,dpm2_log,"DPM-2 + corrector, log sigma",50,0,4,0.9,0.9306600093841553
mixture,dpm2_log,"DPM-2 + corrector, log sigma",50,0,4,1.0,0.999940037727356
mixture,sigma_log_dpm,"Sigma-space DPM-1, log sigma",10,0,5,0.0,0.0
mixture,sigma_log_dpm,"Sigma-space DPM-1, log sigma",10,0,5,0.1,0.06074000149965286
mixture,sigma_log_dpm,"Sigma-space DPM-1, log sigma",10,0,5,0.2,0.13607999682426453
mixture,sigma_log_dpm,"Sigma-space DPM-1, log sigma",10,0,5,0.30000000000000004,0.19251999258995056
mixture,sigma_log_dpm,"Sigma-space DPM-1, log sigma",10,0,5,0.4,0.2617200016975403
mixture,sigma_log_dpm,"Sigma-space DPM-1, log sigma",10,0,5,0.5,0.32721999287605286
mixture,sigma_log_dpm,"Sigma-space DPM-1, log sigma",10,0,5,0.6000000000000001,0.4047600030899048
mixture,sigma_log_dpm,"Sigma-space DPM-1, log sigma",10,0,5,0.7000000000000001,0.498199999332428
mixture,sigma_log_dpm,"Sigma-space DPM-1, log sigma",10,0,5,0.8,0.6043200492858887
mixture,sigma_log_dpm,"Sigma-space DPM-1, log sigma",10,0,5,0.9,0.7847200036048889
mixture,sigma_log_dpm,"Sigma-space DPM-1, log sigma",10,0,5,1.0,0.9765599966049194
mixture,sigma_log_dpm,"Sigma-space DPM-1, log sigma",50,0,5,0.0,0.0
mixture,sigma_log_dpm,"Sigma-space DPM-1, log sigma",50,0,5,0.1,0.06486000120639801
mixture,sigma_log_dpm,"Sigma-space DPM-1, log sigma",50,0,5,0.2,0.13145999610424042
mixture,sigma_log_dpm,"Sigma-space DPM-1, log sigma",50,0,5,0.30000000000000004,0.20291998982429504
mixture,sigma_log_dpm,"Sigma-space DPM-1, log sigma",50,0,5,0.4,0.2733200192451477
mixture,sigma_log_dpm,"Sigma-space DPM-1, log sigma",50,0,5,0.5,0.3564800024032593
mixture,sigma_log_dpm,"Sigma-space DPM-1, log sigma",50,0,5,0.6000000000000001,0.4637399911880493
mixture,sigma_log_dpm,"Sigma-space DPM-1, log sigma",50,0,5,0.7000000000000001,0.5460200309753418
mixture,sigma_log_dpm,"Sigma-space DPM-1, log sigma",50,0,5,0.8,0.6633999943733215
mixture,sigma_log_dpm,"Sigma-space DPM-1, log sigma",50,0,5,0.9,0.8044999837875366
mixture,sigma_log_dpm,"Sigma-space DPM-1, log sigma",50,0,5,1.0,0.9840999841690063
mixture,dpm2_log,"DPM-2 + corrector, log sigma",10,0,5,0.0,0.0
mixture,dpm2_log,"DPM-2 + corrector, log sigma",10,0,5,0.1,0.090379998087883
mixture,dpm2_log,"DPM-2 + corrector, log sigma",10,0,5,0.2,0.16617999970912933
mixture,dpm2_log,"DPM-2 + corrector, log sigma",10,0,5,0.30000000000000004,0.2540000081062317
mixture,dpm2_log,"DPM-2 + corrector, log sigma",10,0,5,0.4,0.344539999961853
mixture,dpm2_log,"DPM-2 + corrector, log sigma",10,0,5,0.5,0.4241600036621094
mixture,dpm2_log,"DPM-2 + corrector, log sigma",10,0,5,0.6000000000000001,0.5244600176811218
mixture,dpm2_log,"DPM-2 + corrector, log sigma",10,0,5,0.7000000000000001,0.6215000152587891
mixture,dpm2_log,"DPM-2 + corrector, log sigma",10,0,5,0.8,0.7327600121498108
mixture,dpm2_log,"DPM-2 + corrector, log sigma",10,0,5,0.9,0.8647000193595886
mixture,dpm2_log,"DPM-2 + corrector, log sigma",10,0,5,1.0,0.9996399879455566
mixture,dpm2_log,"DPM-2 + corrector, log sigma",50,0,5,0.0,0.0
mixture,dpm2_log,"DPM-2 + corrector, log sigma",50,0,5,0.1,0.08628000319004059
mixture,dpm2_log,"DPM-2 + corrector, log sigma",50,0,5,0.2,0.18024000525474548
mixture,dpm2_log,"DPM-2 + corrector, log sigma",50,0,5,0.30000000000000004,0.2763200104236603
mixture,dpm2_log,"DPM-2 + corrector, log sigma",50,0,5,0.4,0.38642001152038574
mixture,dpm2_log,"DPM-2 + corrector, log sigma",50,0,5,0.5,0.48809999227523804
mixture,dpm2_log,"DPM-2 + corrector, log sigma",50,0,5,0.6000000000000001,0.5852400064468384
mixture,dpm2_log,"DPM-2 + corrector, log sigma",50,0,5,0.7000000000000001,0.694599986076355
mixture,dpm2_log,"DPM-2 + corrector, log sigma",50,0,5,0.8,0.8117799758911133
mixture,dpm2_log,"DPM-2 + corrector, log sigma",50,0,5,0.9,0.92576003074646
mixture,dpm2_log,"DPM-2 + corrector, log sigma",50,0,5,1.0,0.9999799728393555
mixture,sigma_log_dpm,"Sigma-space DPM-1, log sigma",10,0,6,0.0,0.0
mixture,sigma_log_dpm,"Sigma-space DPM-1, log sigma",10,0,6,0.1,0.07697999477386475
mixture,sigma_log_dpm,"Sigma-space DPM-1, log sigma",10,0,6,0.2,0.14603999257087708
mixture,sigma_log_dpm,"Sigma-space DPM-1, log sigma",10,0,6,0.30000000000000004,0.21268001198768616
mixture,sigma_log_dpm,"Sigma-space DPM-1, log sigma",10,0,6,0.4,0.2829200029373169
mixture,sigma_log_dpm,"Sigma-space DPM-1, log sigma",10,0,6,0.5,0.37172001600265503
mixture,sigma_log_dpm,"Sigma-space DPM-1, log sigma",10,0,6,0.6000000000000001,0.4509199857711792
mixture,sigma_log_dpm,"Sigma-space DPM-1, log sigma",10,0,6,0.7000000000000001,0.5630999803543091
mixture,sigma_log_dpm,"Sigma-space DPM-1, log sigma",10,0,6,0.8,0.6739000082015991
mixture,sigma_log_dpm,"Sigma-space DPM-1, log sigma",10,0,6,0.9,0.8011000156402588
mixture,sigma_log_dpm,"Sigma-space DPM-1, log sigma",10,0,6,1.0,0.9794199466705322
mixture,sigma_log_dpm,"Sigma-space DPM-1, log sigma",50,0,6,0.0,0.0
mixture,sigma_log_dpm,"Sigma-space DPM-1, log sigma",50,0,6,0.1,0.06920000165700912
mixture,sigma_log_dpm,"Sigma-space DPM-1, log sigma",50,0,6,0.2,0.14528000354766846
mixture,sigma_log_dpm,"Sigma-space DPM-1, log sigma",50,0,6,0.30000000000000004,0.2274399995803833
mixture,sigma_log_dpm,"Sigma-space DPM-1, log sigma",50,0,6,0.4,0.32016000151634216
mixture,sigma_log_dpm,"Sigma-space DPM-1, log sigma",50,0,6,0.5,0.41067999601364136
mixture,sigma_log_dpm,"Sigma-space DPM-1, log sigma",50,0,6,0.6000000000000001,0.5127400159835815
mixture,sigma_log_dpm,"Sigma-space DPM-1, log sigma",50,0,6,0.7000000000000001,0.60971999168396
mixture,sigma_log_dpm,"Sigma-space DPM-1, log sigma",50,0,6,0.8,0.7082200050354004
mixture,sigma_log_dpm,"Sigma-space DPM-1, log sigma",50,0,6,0.9,0.8477599620819092
mixture,sigma_log_dpm,"Sigma-space DPM-1, log sigma",50,0,6,1.0,0.9925400018692017
mixture,dpm2_log,"DPM-2 + corrector, log sigma",10,0,6,0.0,0.0
mixture,dpm2_log,"DPM-2 + corrector, log sigma",10,0,6,0.1,0.09404000639915466
mixture,dpm2_log,"DPM-2 + corrector, log sigma",10,0,6,0.2,0.1797800064086914
mixture,dpm2_log,"DPM-2 + corrector, log sigma",10,0,6,0.30000000000000004,0.2722399830818176
mixture,dpm2_log,"DPM-2 + corrector, log sigma",10,0,6,0.4,0.3670799732208252
mixture,dpm2_log,"DPM-2 + corrector, log sigma",10,0,6,0.5,0.4595000147819519
mixture,dpm2_log,"DPM-2 + corrector, log sigma",10,0,6,0.6000000000000001,0.5620399713516235
mixture,dpm2_log,"DPM-2 + corrector, log sigma",10,0,6,0.7000000000000001,0.6588599681854248
mixture,dpm2_log,"DPM-2 + corrector, log sigma",10,0,6,0.8,0.7770600318908691
mixture,dpm2_log,"DPM-2 + corrector, log sigma",10,0,6,0.9,0.8767200112342834
mixture,dpm2_log,"DPM-2 + corrector, log sigma",10,0,6,1.0,0.9998400211334229
mixture,dpm2_log,"DPM-2 + corrector, log sigma",50,0,6,0.0,0.0
mixture,dpm2_log,"DPM-2 + corrector, log sigma",50,0,6,0.1,0.09243999421596527
mixture,dpm2_log,"DPM-2 + corrector, log sigma",50,0,6,0.2,0.1929199993610382
mixture,dpm2_log,"DPM-2 + corrector, log sigma",50,0,6,0.30000000000000004,0.31095999479293823
mixture,dpm2_log,"DPM-2 + corrector, log sigma",50,0,6,0.4,0.42281997203826904
mixture,dpm2_log,"DPM-2 + corrector, log sigma",50,0,6,0.5,0.5361599922180176
mixture,dpm2_log,"DPM-2 + corrector, log sigma",50,0,6,0.6000000000000001,0.6492799520492554
mixture,dpm2_log,"DPM-2 + corrector, log sigma",50,0,6,0.7000000000000001,0.772599995136261
mixture,dpm2_log,"DPM-2 + corrector, log sigma",50,0,6,0.8,0.8644199967384338
mixture,dpm2_log,"DPM-2 + corrector, log sigma",50,0,6,0.9,0.9414600133895874
mixture,dpm2_log,"DPM-2 + corrector, log sigma",50,0,6,1.0,0.9993000030517578
mixture,sigma_log_dpm,"Sigma-space DPM-1, log sigma",10,0,7,0.0,0.0
mixture,sigma_log_dpm,"Sigma-space DPM-1, log sigma",10,0,7,0.1,0.09684000164270401
mixture,sigma_log_dpm,"Sigma-space DPM-1, log sigma",10,0,7,0.2,0.189860001206398
mixture,sigma_log_dpm,"Sigma-space DPM-1, log sigma",10,0,7,0.30000000000000004,0.28769999742507935
mixture,sigma_log_dpm,"Sigma-space DPM-1, log sigma",10,0,7,0.4,0.3722800016403198
mixture,sigma_log_dpm,"Sigma-space DPM-1, log sigma",10,0,7,0.5,0.4432799816131592
mixture,sigma_log_dpm,"Sigma-space DPM-1, log sigma",10,0,7,0.6000000000000001,0.5190200209617615
mixture,sigma_log_dpm,"Sigma-space DPM-1, log sigma",10,0,7,0.7000000000000001,0.5885400176048279
mixture,sigma_log_dpm,"Sigma-space DPM-1, log sigma",10,0,7,0.8,0.6536999940872192
mixture,sigma_log_dpm,"Sigma-space DPM-1, log sigma",10,0,7,0.9,0.7695800065994263
mixture,sigma_log_dpm,"Sigma-space DPM-1, log sigma",10,0,7,1.0,0.9942399859428406
mixture,sigma_log_dpm,"Sigma-space DPM-1, log sigma",50,0,7,0.0,0.0
mixture,sigma_log_dpm,"Sigma-space DPM-1, log sigma",50,0,7,0.1,0.10026000440120697
mixture,sigma_log_dpm,"Sigma-space DPM-1, log sigma",50,0,7,0.2,0.2137800008058548
mixture,sigma_log_dpm,"Sigma-space DPM-1, log sigma",50,0,7,0.30000000000000004,0.3199400007724762
mixture,sigma_log_dpm,"Sigma-space DPM-1, log sigma",50,0,7,0.4,0.4067800045013428
mixture,sigma_log_dpm,"Sigma-space DPM-1, log sigma",50,0,7,0.5,0.4733999967575073
mixture,sigma_log_dpm,"Sigma-space DPM-1, log sigma",50,0,7,0.6000000000000001,0.5442000031471252
mixture,sigma_log_dpm,"Sigma-space DPM-1, log sigma",50,0,7,0.7000000000000001,0.6055400371551514
mixture,sigma_log_dpm,"Sigma-space DPM-1, log sigma",50,0,7,0.8,0.6920599937438965
mixture,sigma_log_dpm,"Sigma-space DPM-1, log sigma",50,0,7,0.9,0.8106399774551392
mixture,sigma_log_dpm,"Sigma-space DPM-1, log sigma",50,0,7,1.0,0.9905400276184082
mixture,dpm2_log,"DPM-2 + corrector, log sigma",10,0,7,0.0,0.0
mixture,dpm2_log,"DPM-2 + corrector, log sigma",10,0,7,0.1,0.10360000282526016
mixture,dpm2_log,"DPM-2 + corrector, log sigma",10,0,7,0.2,0.22935999929904938
mixture,dpm2_log,"DPM-2 + corrector, log sigma",10,0,7,0.30000000000000004,0.32603999972343445
mixture,dpm2_log,"DPM-2 + corrector, log sigma",10,0,7,0.4,0.43077999353408813
mixture,dpm2_log,"DPM-2 + corrector, log sigma",10,0,7,0.5,0.5060799717903137
mixture,dpm2_log,"DPM-2 + corrector, log sigma",10,0,7,0.6000000000000001,0.593459963798523
mixture,dpm2_log,"DPM-2 + corrector, log sigma",10,0,7,0.7000000000000001,0.6803200244903564
mixture,dpm2_log,"DPM-2 + corrector, log sigma",10,0,7,0.8,0.7741400003433228
mixture,dpm2_log,"DPM-2 + corrector, log sigma",10,0,7,0.9,0.8798199892044067
mixture,dpm2_log,"DPM-2 + corrector, log sigma",10,0,7,1.0,0.9997199773788452
mixture,dpm2_log,"DPM-2 + corrector, log sigma",50,0,7,0.0,0.0
mixture,dpm2_log,"DPM-2 + corrector, log sigma",50,0,7,0.1,0.10895999521017075
mixture,dpm2_log,"DPM-2 + corrector, log sigma",50,0,7,0.2,0.23652000725269318
mixture,dpm2_log,"DPM-2 + corrector, log sigma",50,0,7,0.30000000000000004,0.35016000270843506
mixture,dpm2_log,"DPM-2 + corrector, log sigma",50,0,7,0.4,0.4487599730491638
mixture,dpm2_log,"DPM-2 + corrector, log sigma",50,0,7,0.5,0.5485599637031555
mixture,dpm2_log,"DPM-2 + corrector, log sigma",50,0,7,0.6000000000000001,0.6663600206375122
mixture,dpm2_log,"DPM-2 + corrector, log sigma",50,0,7,0.7000000000000001,0.7576199769973755
mixture,dpm2_log,"DPM-2 + corrector, log sigma",50,0,7,0.8,0.8472800254821777
mixture,dpm2_log,"DPM-2 + corrector, log sigma",50,0,7,0.9,0.9307600259780884
mixture,dpm2_log,"DPM-2 + corrector, log sigma",50,0,7,1.0,0.9997999668121338
mixture,sigma_log_dpm,"Sigma-space DPM-1, log sigma",10,0,8,0.0,0.0
mixture,sigma_log_dpm,"Sigma-space DPM-1, log sigma",10,0,8,0.1,0.11055999994277954
mixture,sigma_log_dpm,"Sigma-space DPM-1, log sigma",10,0,8,0.2,0.20858000218868256
mixture,sigma_log_dpm,"Sigma-space DPM-1, log sigma",10,0,8,0.30000000000000004,0.2998400032520294
mixture,sigma_log_dpm,"Sigma-space DPM-1, log sigma",10,0,8,0.4,0.4021400213241577
mixture,sigma_log_dpm,"Sigma-space DPM-1, log sigma",10,0,8,0.5,0.5077199935913086
mixture,sigma_log_dpm,"Sigma-space DPM-1, log sigma",10,0,8,0.6000000000000001,0.6116999983787537
mixture,sigma_log_dpm,"Sigma-space DPM-1, log sigma",10,0,8,0.7000000000000001,0.7073400020599365
mixture,sigma_log_dpm,"Sigma-space DPM-1, log sigma",10,0,8,0.8,0.7993199825286865
mixture,sigma_log_dpm,"Sigma-space DPM-1, log sigma",10,0,8,0.9,0.8990600109100342
mixture,sigma_log_dpm,"Sigma-space DPM-1, log sigma",10,0,8,1.0,0.9994000196456909
mixture,sigma_log_dpm,"Sigma-space DPM-1, log sigma",50,0,8,0.0,0.0
mixture,sigma_log_dpm,"Sigma-space DPM-1, log sigma",50,0,8,0.1,0.11215999722480774
mixture,sigma_log_dpm,"Sigma-space DPM-1, log sigma",50,0,8,0.2,0.22040000557899475
mixture,sigma_log_dpm,"Sigma-space DPM-1, log sigma",50,0,8,0.30000000000000004,0.35806000232696533
mixture,sigma_log_dpm,"Sigma-space DPM-1, log sigma",50,0,8,0.4,0.4504600167274475
mixture,sigma_log_dpm,"Sigma-space DPM-1, log sigma",50,0,8,0.5,0.5495200157165527
mixture,sigma_log_dpm,"Sigma-space DPM-1, log sigma",50,0,8,0.6000000000000001,0.6672199964523315
mixture,sigma_log_dpm,"Sigma-space DPM-1, log sigma",50,0,8,0.7000000000000001,0.7706000208854675
mixture,sigma_log_dpm,"Sigma-space DPM-1, log sigma",50,0,8,0.8,0.8541799783706665
mixture,sigma_log_dpm,"Sigma-space DPM-1, log sigma",50,0,8,0.9,0.9416199922561646
mixture,sigma_log_dpm,"Sigma-space DPM-1, log sigma",50,0,8,1.0,0.9996600151062012
mixture,dpm2_log,"DPM-2 + corrector, log sigma",10,0,8,0.0,0.0
mixture,dpm2_log,"DPM-2 + corrector, log sigma",10,0,8,0.1,0.130280002951622
mixture,dpm2_log,"DPM-2 + corrector, log sigma",10,0,8,0.2,0.24406000971794128
mixture,dpm2_log,"DPM-2 + corrector, log sigma",10,0,8,0.30000000000000004,0.36368000507354736
mixture,dpm2_log,"DPM-2 + corrector, log sigma",10,0,8,0.4,0.5081800222396851
mixture,dpm2_log,"DPM-2 + corrector, log sigma",10,0,8,0.5,0.6153200268745422
mixture,dpm2_log,"DPM-2 + corrector, log sigma",10,0,8,0.6000000000000001,0.7145199775695801
mixture,dpm2_log,"DPM-2 + corrector, log sigma",10,0,8,0.7000000000000001,0.8136199712753296
mixture,dpm2_log,"DPM-2 + corrector, log sigma",10,0,8,0.8,0.8989199995994568
mixture,dpm2_log,"DPM-2 + corrector, log sigma",10,0,8,0.9,0.9636800289154053
mixture,dpm2_log,"DPM-2 + corrector, log sigma",10,0,8,1.0,1.0
mixture,dpm2_log,"DPM-2 + corrector, log sigma",50,0,8,0.0,0.0
mixture,dpm2_log,"DPM-2 + corrector, log sigma",50,0,8,0.1,0.127360001206398
mixture,dpm2_log,"DPM-2 + corrector, log sigma",50,0,8,0.2,0.25463998317718506
mixture,dpm2_log,"DPM-2 + corrector, log sigma",50,0,8,0.30000000000000004,0.38120001554489136
mixture,dpm2_log,"DPM-2 + corrector, log sigma",50,0,8,0.4,0.5002599954605103
mixture,dpm2_log,"DPM-2 + corrector, log sigma",50,0,8,0.5,0.6167600154876709
mixture,dpm2_log,"DPM-2 + corrector, log sigma",50,0,8,0.6000000000000001,0.7208000421524048
mixture,dpm2_log,"DPM-2 + corrector, log sigma",50,0,8,0.7000000000000001,0.8078200221061707
mixture,dpm2_log,"DPM-2 + corrector, log sigma",50,0,8,0.8,0.8991600275039673
mixture,dpm2_log,"DPM-2 + corrector, log sigma",50,0,8,0.9,0.9664000272750854
mixture,dpm2_log,"DPM-2 + corrector, log sigma",50,0,8,1.0,0.9999799728393555
mixture,sigma_log_dpm,"Sigma-space DPM-1, log sigma",10,0,9,0.0,0.0
mixture,sigma_log_dpm,"Sigma-space DPM-1, log sigma",10,0,9,0.1,0.12124000489711761
mixture,sigma_log_dpm,"Sigma-space DPM-1, log sigma",10,0,9,0.2,0.247979998588562
mixture,sigma_log_dpm,"Sigma-space DPM-1, log sigma",10,0,9,0.30000000000000004,0.36507999897003174
mixture,sigma_log_dpm,"Sigma-space DPM-1, log sigma",10,0,9,0.4,0.4825199842453003
mixture,sigma_log_dpm,"Sigma-space DPM-1, log sigma",10,0,9,0.5,0.5906800031661987
mixture,sigma_log_dpm,"Sigma-space DPM-1, log sigma",10,0,9,0.6000000000000001,0.7023600339889526
mixture,sigma_log_dpm,"Sigma-space DPM-1, log sigma",10,0,9,0.7000000000000001,0.79093998670578
mixture,sigma_log_dpm,"Sigma-space DPM-1, log sigma",10,0,9,0.8,0.8841400146484375
mixture,sigma_log_dpm,"Sigma-space DPM-1, log sigma",10,0,9,0.9,0.9663800001144409
mixture,sigma_log_dpm,"Sigma-space DPM-1, log sigma",10,0,9,1.0,0.9999600052833557
mixture,sigma_log_dpm,"Sigma-space DPM-1, log sigma",50,0,9,0.0,0.0
mixture,sigma_log_dpm,"Sigma-space DPM-1, log sigma",50,0,9,0.1,0.11987999826669693
mixture,sigma_log_dpm,"Sigma-space DPM-1, log sigma",50,0,9,0.2,0.2570599913597107
mixture,sigma_log_dpm,"Sigma-space DPM-1, log sigma",50,0,9,0.30000000000000004,0.3848400115966797
mixture,sigma_log_dpm,"Sigma-space DPM-1, log sigma",50,0,9,0.4,0.5027000308036804
mixture,sigma_log_dpm,"Sigma-space DPM-1, log sigma",50,0,9,0.5,0.6033999919891357
mixture,sigma_log_dpm,"Sigma-space DPM-1, log sigma",50,0,9,0.6000000000000001,0.7202600240707397
mixture,sigma_log_dpm,"Sigma-space DPM-1, log sigma",50,0,9,0.7000000000000001,0.8240799903869629
mixture,sigma_log_dpm,"Sigma-space DPM-1, log sigma",50,0,9,0.8,0.9097399711608887
mixture,sigma_log_dpm,"Sigma-space DPM-1, log sigma",50,0,9,0.9,0.9708999991416931
mixture,sigma_log_dpm,"Sigma-space DPM-1, log sigma",50,0,9,1.0,0.9999799728393555
mixture,dpm2_log,"DPM-2 + corrector, log sigma",10,0,9,0.0,0.0
mixture,dpm2_log,"DPM-2 + corrector, log sigma",10,0,9,0.1,0.14910000562667847
mixture,dpm2_log,"DPM-2 + corrector, log sigma",10,0,9,0.2,0.28346002101898193
mixture,dpm2_log,"DPM-2 + corrector, log sigma",10,0,9,0.30000000000000004,0.42041999101638794
mixture,dpm2_log,"DPM-2 + corrector, log sigma",10,0,9,0.4,0.5373600125312805
mixture,dpm2_log,"DPM-2 + corrector, log sigma",10,0,9,0.5,0.6630799770355225
mixture,dpm2_log,"DPM-2 + corrector, log sigma",10,0,9,0.6000000000000001,0.7610000371932983
mixture,dpm2_log,"DPM-2 + corrector, log sigma",10,0,9,0.7000000000000001,0.8535000085830688
mixture,dpm2_log,"DPM-2 + corrector, log sigma",10,0,9,0.8,0.9371399879455566
mixture,dpm2_log,"DPM-2 + corrector, log sigma",10,0,9,0.9,0.9750800132751465
mixture,dpm2_log,"DPM-2 + corrector, log sigma",10,0,9,1.0,0.9999799728393555
mixture,dpm2_log,"DPM-2 + corrector, log sigma",50,0,9,0.0,0.0
mixture,dpm2_log,"DPM-2 + corrector, log sigma",50,0,9,0.1,0.1285800039768219
mixture,dpm2_log,"DPM-2 + corrector, log sigma",50,0,9,0.2,0.2618600130081177
mixture,dpm2_log,"DPM-2 + corrector, log sigma",50,0,9,0.30000000000000004,0.381740003824234
mixture,dpm2_log,"DPM-2 + corrector, log sigma",50,0,9,0.4,0.48646003007888794
mixture,dpm2_log,"DPM-2 + corrector, log sigma",50,0,9,0.5,0.6053600311279297
mixture,dpm2_log,"DPM-2 + corrector, log sigma",50,0,9,0.6000000000000001,0.713979959487915
mixture,dpm2_log,"DPM-2 + corrector, log sigma",50,0,9,0.7000000000000001,0.8123599886894226
mixture,dpm2_log,"DPM-2 + corrector, log sigma",50,0,9,0.8,0.9113199710845947
mixture,dpm2_log,"DPM-2 + corrector, log sigma",50,0,9,0.9,0.9686399698257446
mixture,dpm2_log,"DPM-2 + corrector, log sigma",50,0,9,1.0,1.0
mixture,sigma_log_dpm,"Sigma-space DPM-1, log sigma",10,0,10,0.0,0.0
mixture,sigma_log_dpm,"Sigma-space DPM-1, log sigma",10,0,10,0.1,0.06822000443935394
mixture,sigma_log_dpm,"Sigma-space DPM-1, log sigma",10,0,10,0.2,0.1453000009059906
mixture,sigma_log_dpm,"Sigma-space DPM-1, log sigma",10,0,10,0.30000000000000004,0.22102001309394836
mixture,sigma_log_dpm,"Sigma-space DPM-1, log sigma",10,0,10,0.4,0.29843997955322266
mixture,sigma_log_dpm,"Sigma-space DPM-1, log sigma",10,0,10,0.5,0.3859400153160095
mixture,sigma_log_dpm,"Sigma-space DPM-1, log sigma",10,0,10,0.6000000000000001,0.47769999504089355
mixture,sigma_log_dpm,"Sigma-space DPM-1, log sigma",10,0,10,0.7000000000000001,0.5799000263214111
mixture,sigma_log_dpm,"Sigma-space DPM-1, log sigma",10,0,10,0.8,0.6873599886894226
mixture,sigma_log_dpm,"Sigma-space DPM-1, log sigma",10,0,10,0.9,0.8087600469589233
mixture,sigma_log_dpm,"Sigma-space DPM-1, log sigma",10,0,10,1.0,0.9981399774551392
mixture,sigma_log_dpm,"Sigma-space DPM-1, log sigma",50,0,10,0.0,0.0
mixture,sigma_log_dpm,"Sigma-space DPM-1, log sigma",50,0,10,0.1,0.08043999969959259
mixture,sigma_log_dpm,"Sigma-space DPM-1, log sigma",50,0,10,0.2,0.1555199921131134
mixture,sigma_log_dpm,"Sigma-space DPM-1, log sigma",50,0,10,0.30000000000000004,0.21804000437259674
mixture,sigma_log_dpm,"Sigma-space DPM-1, log sigma",50,0,10,0.4,0.299560010433197
mixture,sigma_log_dpm,"Sigma-space DPM-1, log sigma",50,0,10,0.5,0.36316001415252686
mixture,sigma_log_dpm,"Sigma-space DPM-1, log sigma",50,0,10,0.6000000000000001,0.4514400064945221
mixture,sigma_log_dpm,"Sigma-space DPM-1, log sigma",50,0,10,0.7000000000000001,0.5584399700164795
mixture,sigma_log_dpm,"Sigma-space DPM-1, log sigma",50,0,10,0.8,0.6822400093078613
mixture,sigma_log_dpm,"Sigma-space DPM-1, log sigma",50,0,10,0.9,0.80867999792099
mixture,sigma_log_dpm,"Sigma-space DPM-1, log sigma",50,0,10,1.0,0.9944800138473511
mixture,dpm2_log,"DPM-2 + corrector, log sigma",10,0,10,0.0,0.0
mixture,dpm2_log,"DPM-2 + corrector, log sigma",10,0,10,0.1,0.08597999811172485
mixture,dpm2_log,"DPM-2 + corrector, log sigma",10,0,10,0.2,0.17406000196933746
mixture,dpm2_log,"DPM-2 + corrector, log sigma",10,0,10,0.30000000000000004,0.2634599804878235
mixture,dpm2_log,"DPM-2 + corrector, log sigma",10,0,10,0.4,0.3479200005531311
mixture,dpm2_log,"DPM-2 + corrector, log sigma",10,0,10,0.5,0.45684000849723816
mixture,dpm2_log,"DPM-2 + corrector, log sigma",10,0,10,0.6000000000000001,0.5638200044631958
mixture,dpm2_log,"DPM-2 + corrector, log sigma",10,0,10,0.7000000000000001,0.6690800189971924
mixture,dpm2_log,"DPM-2 + corrector, log sigma",10,0,10,0.8,0.7875199913978577
mixture,dpm2_log,"DPM-2 + corrector, log sigma",10,0,10,0.9,0.913919985294342
mixture,dpm2_log,"DPM-2 + corrector, log sigma",10,0,10,1.0,0.9990400075912476
mixture,dpm2_log,"DPM-2 + corrector, log sigma",50,0,10,0.0,0.0
mixture,dpm2_log,"DPM-2 + corrector, log sigma",50,0,10,0.1,0.09975999593734741
mixture,dpm2_log,"DPM-2 + corrector, log sigma",50,0,10,0.2,0.19606000185012817
mixture,dpm2_log,"DPM-2 + corrector, log sigma",50,0,10,0.30000000000000004,0.2922999858856201
mixture,dpm2_log,"DPM-2 + corrector, log sigma",50,0,10,0.4,0.3861200213432312
mixture,dpm2_log,"DPM-2 + corrector, log sigma",50,0,10,0.5,0.4711399972438812
mixture,dpm2_log,"DPM-2 + corrector, log sigma",50,0,10,0.6000000000000001,0.5896999835968018
mixture,dpm2_log,"DPM-2 + corrector, log sigma",50,0,10,0.7000000000000001,0.6907199621200562
mixture,dpm2_log,"DPM-2 + corrector, log sigma",50,0,10,0.8,0.8097800016403198
mixture,dpm2_log,"DPM-2 + corrector, log sigma",50,0,10,0.9,0.9025599956512451
mixture,dpm2_log,"DPM-2 + corrector, log sigma",50,0,10,1.0,0.9993599653244019
mixture,sigma_log_dpm,"Sigma-space DPM-1, log sigma",10,0,11,0.0,0.0
mixture,sigma_log_dpm,"Sigma-space DPM-1, log sigma",10,0,11,0.1,0.10875999927520752
mixture,sigma_log_dpm,"Sigma-space DPM-1, log sigma",10,0,11,0.2,0.21998000144958496
mixture,sigma_log_dpm,"Sigma-space DPM-1, log sigma",10,0,11,0.30000000000000004,0.3121199905872345
mixture,sigma_log_dpm,"Sigma-space DPM-1, log sigma",10,0,11,0.4,0.42188000679016113
mixture,sigma_log_dpm,"Sigma-space DPM-1, log sigma",10,0,11,0.5,0.5115000009536743
mixture,sigma_log_dpm,"Sigma-space DPM-1, log sigma",10,0,11,0.6000000000000001,0.5970799922943115
mixture,sigma_log_dpm,"Sigma-space DPM-1, log sigma",10,0,11,0.7000000000000001,0.7023999691009521
mixture,sigma_log_dpm,"Sigma-space DPM-1, log sigma",10,0,11,0.8,0.7865200042724609
mixture,sigma_log_dpm,"Sigma-space DPM-1, log sigma",10,0,11,0.9,0.8879600167274475
mixture,sigma_log_dpm,"Sigma-space DPM-1, log sigma",10,0,11,1.0,0.9998999834060669
mixture,sigma_log_dpm,"Sigma-space DPM-1, log sigma",50,0,11,0.0,0.0
mixture,sigma_log_dpm,"Sigma-space DPM-1, log sigma",50,0,11,0.1,0.11436000466346741
mixture,sigma_log_dpm,"Sigma-space DPM-1, log sigma",50,0,11,0.2,0.2234400063753128
mixture,sigma_log_dpm,"Sigma-space DPM-1, log sigma",50,0,11,0.30000000000000004,0.3453800082206726
mixture,sigma_log_dpm,"Sigma-space DPM-1, log sigma",50,0,11,0.4,0.4514399766921997
mixture,sigma_log_dpm,"Sigma-space DPM-1, log sigma",50,0,11,0.5,0.543940007686615
mixture,sigma_log_dpm,"Sigma-space DPM-1, log sigma",50,0,11,0.6000000000000001,0.6385400295257568
mixture,sigma_log_dpm,"Sigma-space DPM-1, log sigma",50,0,11,0.7000000000000001,0.74235999584198
mixture,sigma_log_dpm,"Sigma-space DPM-1, log sigma",50,0,11,0.8,0.8443199992179871
mixture,sigma_log_dpm,"Sigma-space DPM-1, log sigma",50,0,11,0.9,0.9261000156402588
mixture,sigma_log_dpm,"Sigma-space DPM-1, log sigma",50,0,11,1.0,0.9995999932289124
mixture,dpm2_log,"DPM-2 + corrector, log sigma",10,0,11,0.0,0.0
mixture,dpm2_log,"DPM-2 + corrector, log sigma",10,0,11,0.1,0.11404000222682953
mixture,dpm2_log,"DPM-2 + corrector, log sigma",10,0,11,0.2,0.2560400068759918
mixture,dpm2_log,"DPM-2 + corrector, log sigma",10,0,11,0.30000000000000004,0.37450000643730164
mixture,dpm2_log,"DPM-2 + corrector, log sigma",10,0,11,0.4,0.4963200092315674
mixture,dpm2_log,"DPM-2 + corrector, log sigma",10,0,11,0.5,0.5991799831390381
mixture,dpm2_log,"DPM-2 + corrector, log sigma",10,0,11,0.6000000000000001,0.7075200080871582
mixture,dpm2_log,"DPM-2 + corrector, log sigma",10,0,11,0.7000000000000001,0.809380054473877
mixture,dpm2_log,"DPM-2 + corrector, log sigma",10,0,11,0.8,0.8847399950027466
mixture,dpm2_log,"DPM-2 + corrector, log sigma",10,0,11,0.9,0.9619799852371216
mixture,dpm2_log,"DPM-2 + corrector, log sigma",10,0,11,1.0,1.0
mixture,dpm2_log,"DPM-2 + corrector, log sigma",50,0,11,0.0,0.0
mixture,dpm2_log,"DPM-2 + corrector, log sigma",50,0,11,0.1,0.1259399950504303
mixture,dpm2_log,"DPM-2 + corrector, log sigma",50,0,11,0.2,0.23814000189304352
mixture,dpm2_log,"DPM-2 + corrector, log sigma",50,0,11,0.30000000000000004,0.36399999260902405
mixture,dpm2_log,"DPM-2 + corrector, log sigma",50,0,11,0.4,0.48457998037338257
mixture,dpm2_log,"DPM-2 + corrector, log sigma",50,0,11,0.5,0.5881199836730957
mixture,dpm2_log,"DPM-2 + corrector, log sigma",50,0,11,0.6000000000000001,0.6924999952316284
mixture,dpm2_log,"DPM-2 + corrector, log sigma",50,0,11,0.7000000000000001,0.8139600157737732
mixture,dpm2_log,"DPM-2 + corrector, log sigma",50,0,11,0.8,0.905239999294281
mixture,dpm2_log,"DPM-2 + corrector, log sigma",50,0,11,0.9,0.9726799726486206
mixture,dpm2_log,"DPM-2 + corrector, log sigma",50,0,11,1.0,0.9999799728393555
mixture,sigma_log_dpm,"Sigma-space DPM-1, log sigma",10,0,12,0.0,0.0
mixture,sigma_log_dpm,"Sigma-space DPM-1, log sigma",10,0,12,0.1,0.10023999959230423
mixture,sigma_log_dpm,"Sigma-space DPM-1, log sigma",10,0,12,0.2,0.18748000264167786
mixture,sigma_log_dpm,"Sigma-space DPM-1, log sigma",10,0,12,0.30000000000000004,0.29467999935150146
mixture,sigma_log_dpm,"Sigma-space DPM-1, log sigma",10,0,12,0.4,0.39574000239372253
mixture,sigma_log_dpm,"Sigma-space DPM-1, log sigma",10,0,12,0.5,0.5008599758148193
mixture,sigma_log_dpm,"Sigma-space DPM-1, log sigma",10,0,12,0.6000000000000001,0.593500018119812
mixture,sigma_log_dpm,"Sigma-space DPM-1, log sigma",10,0,12,0.7000000000000001,0.67221999168396
mixture,sigma_log_dpm,"Sigma-space DPM-1, log sigma",10,0,12,0.8,0.7648999691009521
mixture,sigma_log_dpm,"Sigma-space DPM-1, log sigma",10,0,12,0.9,0.8613799810409546
mixture,sigma_log_dpm,"Sigma-space DPM-1, log sigma",10,0,12,1.0,0.9954999685287476
mixture,sigma_log_dpm,"Sigma-space DPM-1, log sigma",50,0,12,0.0,0.0
mixture,sigma_log_dpm,"Sigma-space DPM-1, log sigma",50,0,12,0.1,0.10933999717235565
mixture,sigma_log_dpm,"Sigma-space DPM-1, log sigma",50,0,12,0.2,0.22244000434875488
mixture,sigma_log_dpm,"Sigma-space DPM-1, log sigma",50,0,12,0.30000000000000004,0.32877999544143677
mixture,sigma_log_dpm,"Sigma-space DPM-1, log sigma",50,0,12,0.4,0.43121999502182007
mixture,sigma_log_dpm,"Sigma-space DPM-1, log sigma",50,0,12,0.5,0.5284600257873535
mixture,sigma_log_dpm,"Sigma-space DPM-1, log sigma",50,0,12,0.6000000000000001,0.6163800358772278
mixture,sigma_log_dpm,"Sigma-space DPM-1, log sigma",50,0,12,0.7000000000000001,0.7012799978256226
mixture,sigma_log_dpm,"Sigma-space DPM-1, log sigma",50,0,12,0.8,0.7844400405883789
mixture,sigma_log_dpm,"Sigma-space DPM-1, log sigma",50,0,12,0.9,0.8829799890518188
mixture,sigma_log_dpm,"Sigma-space DPM-1, log sigma",50,0,12,1.0,0.999019980430603
mixture,dpm2_log,"DPM-2 + corrector, log sigma",10,0,12,0.0,0.0
mixture,dpm2_log,"DPM-2 + corrector, log sigma",10,0,12,0.1,0.12467999756336212
mixture,dpm2_log,"DPM-2 + corrector, log sigma",10,0,12,0.2,0.25516000390052795
mixture,dpm2_log,"DPM-2 + corrector, log sigma",10,0,12,0.30000000000000004,0.37338000535964966
mixture,dpm2_log,"DPM-2 + corrector, log sigma",10,0,12,0.4,0.4935600161552429
mixture,dpm2_log,"DPM-2 + corrector, log sigma",10,0,12,0.5,0.6041600108146667
mixture,dpm2_log,"DPM-2 + corrector, log sigma",10,0,12,0.6000000000000001,0.7035399675369263
mixture,dpm2_log,"DPM-2 + corrector, log sigma",10,0,12,0.7000000000000001,0.7795000076293945
mixture,dpm2_log,"DPM-2 + corrector, log sigma",10,0,12,0.8,0.8604599833488464
mixture,dpm2_log,"DPM-2 + corrector, log sigma",10,0,12,0.9,0.9314600229263306
mixture,dpm2_log,"DPM-2 + corrector, log sigma",10,0,12,1.0,0.9984999895095825
mixture,dpm2_log,"DPM-2 + corrector, log sigma",50,0,12,0.0,0.0
mixture,dpm2_log,"DPM-2 + corrector, log sigma",50,0,12,0.1,0.12117999792098999
mixture,dpm2_log,"DPM-2 + corrector, log sigma",50,0,12,0.2,0.2278600037097931
mixture,dpm2_log,"DPM-2 + corrector, log sigma",50,0,12,0.30000000000000004,0.3331800103187561
mixture,dpm2_log,"DPM-2 + corrector, log sigma",50,0,12,0.4,0.46112000942230225
mixture,dpm2_log,"DPM-2 + corrector, log sigma",50,0,12,0.5,0.5827599763870239
mixture,dpm2_log,"DPM-2 + corrector, log sigma",50,0,12,0.6000000000000001,0.7026000022888184
mixture,dpm2_log,"DPM-2 + corrector, log sigma",50,0,12,0.7000000000000001,0.8070199489593506
mixture,dpm2_log,"DPM-2 + corrector, log sigma",50,0,12,0.8,0.8938999772071838
mixture,dpm2_log,"DPM-2 + corrector, log sigma",50,0,12,0.9,0.9673399925231934
mixture,dpm2_log,"DPM-2 + corrector, log sigma",50,0,12,1.0,0.9999600052833557
mixture,sigma_log_dpm,"Sigma-space DPM-1, log sigma",10,0,13,0.0,0.0
mixture,sigma_log_dpm,"Sigma-space DPM-1, log sigma",10,0,13,0.1,0.10525999963283539
mixture,sigma_log_dpm,"Sigma-space DPM-1, log sigma",10,0,13,0.2,0.22368000447750092
mixture,sigma_log_dpm,"Sigma-space DPM-1, log sigma",10,0,13,0.30000000000000004,0.32976001501083374
mixture,sigma_log_dpm,"Sigma-space DPM-1, log sigma",10,0,13,0.4,0.427079975605011
mixture,sigma_log_dpm,"Sigma-space DPM-1, log sigma",10,0,13,0.5,0.5274400115013123
mixture,sigma_log_dpm,"Sigma-space DPM-1, log sigma",10,0,13,0.6000000000000001,0.6327000260353088
mixture,sigma_log_dpm,"Sigma-space DPM-1, log sigma",10,0,13,0.7000000000000001,0.7181600332260132
mixture,sigma_log_dpm,"Sigma-space DPM-1, log sigma",10,0,13,0.8,0.8232400417327881
mixture,sigma_log_dpm,"Sigma-space DPM-1, log sigma",10,0,13,0.9,0.9165400266647339
mixture,sigma_log_dpm,"Sigma-space DPM-1, log sigma",10,0,13,1.0,0.9994800090789795
mixture,sigma_log_dpm,"Sigma-space DPM-1, log sigma",50,0,13,0.0,0.0
mixture,sigma_log_dpm,"Sigma-space DPM-1, log sigma",50,0,13,0.1,0.12491999566555023
mixture,sigma_log_dpm,"Sigma-space DPM-1, log sigma",50,0,13,0.2,0.2641199827194214
mixture,sigma_log_dpm,"Sigma-space DPM-1, log sigma",50,0,13,0.30000000000000004,0.35844001173973083
mixture,sigma_log_dpm,"Sigma-space DPM-1, log sigma",50,0,13,0.4,0.4648999869823456
mixture,sigma_log_dpm,"Sigma-space DPM-1, log sigma",50,0,13,0.5,0.5681799650192261
mixture,sigma_log_dpm,"Sigma-space DPM-1, log sigma",50,0,13,0.6000000000000001,0.6741200089454651
mixture,sigma_log_dpm,"Sigma-space DPM-1, log sigma",50,0,13,0.7000000000000001,0.7703999876976013
mixture,sigma_log_dpm,"Sigma-space DPM-1, log sigma",50,0,13,0.8,0.8592000007629395
mixture,sigma_log_dpm,"Sigma-space DPM-1, log sigma",50,0,13,0.9,0.9441399574279785
mixture,sigma_log_dpm,"Sigma-space DPM-1, log sigma",50,0,13,1.0,1.0
mixture,dpm2_log,"DPM-2 + corrector, log sigma",10,0,13,0.0,0.0
mixture,dpm2_log,"DPM-2 + corrector, log sigma",10,0,13,0.1,0.12223999947309494
mixture,dpm2_log,"DPM-2 + corrector, log sigma",10,0,13,0.2,0.24489998817443848
mixture,dpm2_log,"DPM-2 + corrector, log sigma",10,0,13,0.30000000000000004,0.3705400228500366
mixture,dpm2_log,"DPM-2 + corrector, log sigma",10,0,13,0.4,0.5094199776649475
mixture,dpm2_log,"DPM-2 + corrector, log sigma",10,0,13,0.5,0.6169599890708923
mixture,dpm2_log,"DPM-2 + corrector, log sigma",10,0,13,0.6000000000000001,0.7279000282287598
mixture,dpm2_log,"DPM-2 + corrector, log sigma",10,0,13,0.7000000000000001,0.8279600143432617
mixture,dpm2_log,"DPM-2 + corrector, log sigma",10,0,13,0.8,0.9103599786758423
mixture,dpm2_log,"DPM-2 + corrector, log sigma",10,0,13,0.9,0.9749200344085693
mixture,dpm2_log,"DPM-2 + corrector, log sigma",10,0,13,1.0,1.0
mixture,dpm2_log,"DPM-2 + corrector, log sigma",50,0,13,0.0,0.0
mixture,dpm2_log,"DPM-2 + corrector, log sigma",50,0,13,0.1,0.12624000012874603
mixture,dpm2_log,"DPM-2 + corrector, log sigma",50,0,13,0.2,0.24902001023292542
mixture,dpm2_log,"DPM-2 + corrector, log sigma",50,0,13,0.30000000000000004,0.3741999864578247
mixture,dpm2_log,"DPM-2 + corrector, log sigma",50,0,13,0.4,0.49344000220298767
mixture,dpm2_log,"DPM-2 + corrector, log sigma",50,0,13,0.5,0.5958999991416931
mixture,dpm2_log,"DPM-2 + corrector, log sigma",50,0,13,0.6000000000000001,0.6960999965667725
mixture,dpm2_log,"DPM-2 + corrector, log sigma",50,0,13,0.7000000000000001,0.8092800378799438
mixture,dpm2_log,"DPM-2 + corrector, log sigma",50,0,13,0.8,0.90447998046875
mixture,dpm2_log,"DPM-2 + corrector, log sigma",50,0,13,0.9,0.9671000242233276
mixture,dpm2_log,"DPM-2 + corrector, log sigma",50,0,13,1.0,1.0
mixture,sigma_log_dpm,"Sigma-space DPM-1, log sigma",10,0,14,0.0,0.0
mixture,sigma_log_dpm,"Sigma-space DPM-1, log sigma",10,0,14,0.1,0.08117999881505966
mixture,sigma_log_dpm,"Sigma-space DPM-1, log sigma",10,0,14,0.2,0.15926000475883484
mixture,sigma_log_dpm,"Sigma-space DPM-1, log sigma",10,0,14,0.30000000000000004,0.2316800057888031
mixture,sigma_log_dpm,"Sigma-space DPM-1, log sigma",10,0,14,0.4,0.31793999671936035
mixture,sigma_log_dpm,"Sigma-space DPM-1, log sigma",10,0,14,0.5,0.4102199971675873
mixture,sigma_log_dpm,"Sigma-space DPM-1, log sigma",10,0,14,0.6000000000000001,0.508620023727417
mixture,sigma_log_dpm,"Sigma-space DPM-1, log sigma",10,0,14,0.7000000000000001,0.6198800206184387
mixture,sigma_log_dpm,"Sigma-space DPM-1, log sigma",10,0,14,0.8,0.7368000149726868
mixture,sigma_log_dpm,"Sigma-space DPM-1, log sigma",10,0,14,0.9,0.8534799814224243
mixture,sigma_log_dpm,"Sigma-space DPM-1, log sigma",10,0,14,1.0,0.9899200201034546
mixture,sigma_log_dpm,"Sigma-space DPM-1, log sigma",50,0,14,0.0,0.0
mixture,sigma_log_dpm,"Sigma-space DPM-1, log sigma",50,0,14,0.1,0.07800000160932541
mixture,sigma_log_dpm,"Sigma-space DPM-1, log sigma",50,0,14,0.2,0.1476999968290329
mixture,sigma_log_dpm,"Sigma-space DPM-1, log sigma",50,0,14,0.30000000000000004,0.22944000363349915
mixture,sigma_log_dpm,"Sigma-space DPM-1, log sigma",50,0,14,0.4,0.3186199963092804
mixture,sigma_log_dpm,"Sigma-space DPM-1, log sigma",50,0,14,0.5,0.4185599982738495
mixture,sigma_log_dpm,"Sigma-space DPM-1, log sigma",50,0,14,0.6000000000000001,0.5340200066566467
mixture,sigma_log_dpm,"Sigma-space DPM-1, log sigma",50,0,14,0.7000000000000001,0.6281200051307678
mixture,sigma_log_dpm,"Sigma-space DPM-1, log sigma",50,0,14,0.8,0.7461400032043457
mixture,sigma_log_dpm,"Sigma-space DPM-1, log sigma",50,0,14,0.9,0.8757799863815308
mixture,sigma_log_dpm,"Sigma-space DPM-1, log sigma",50,0,14,1.0,0.9984999895095825
mixture,dpm2_log,"DPM-2 + corrector, log sigma",10,0,14,0.0,0.0
mixture,dpm2_log,"DPM-2 + corrector, log sigma",10,0,14,0.1,0.09740000218153
mixture,dpm2_log,"DPM-2 + corrector, log sigma",10,0,14,0.2,0.2137799859046936
mixture,dpm2_log,"DPM-2 + corrector, log sigma",10,0,14,0.30000000000000004,0.3043600022792816
mixture,dpm2_log,"DPM-2 + corrector, log sigma",10,0,14,0.4,0.40869998931884766
mixture,dpm2_log,"DPM-2 + corrector, log sigma",10,0,14,0.5,0.5128800272941589
mixture,dpm2_log,"DPM-2 + corrector, log sigma",10,0,14,0.6000000000000001,0.6301800012588501
mixture,dpm2_log,"DPM-2 + corrector, log sigma",10,0,14,0.7000000000000001,0.7342599630355835
mixture,dpm2_log,"DPM-2 + corrector, log sigma",10,0,14,0.8,0.8230400085449219
mixture,dpm2_log,"DPM-2 + corrector, log sigma",10,0,14,0.9,0.912060022354126
mixture,dpm2_log,"DPM-2 + corrector, log sigma",10,0,14,1.0,0.9976199865341187
mixture,dpm2_log,"DPM-2 + corrector, log sigma",50,0,14,0.0,0.0
mixture,dpm2_log,"DPM-2 + corrector, log sigma",50,0,14,0.1,0.10468000173568726
mixture,dpm2_log,"DPM-2 + corrector, log sigma",50,0,14,0.2,0.21332000195980072
mixture,dpm2_log,"DPM-2 + corrector, log sigma",50,0,14,0.30000000000000004,0.32572001218795776
mixture,dpm2_log,"DPM-2 + corrector, log sigma",50,0,14,0.4,0.4145200252532959
mixture,dpm2_log,"DPM-2 + corrector, log sigma",50,0,14,0.5,0.5161199569702148
mixture,dpm2_log,"DPM-2 + corrector, log sigma",50,0,14,0.6000000000000001,0.60971999168396
mixture,dpm2_log,"DPM-2 + corrector, log sigma",50,0,14,0.7000000000000001,0.7069799900054932
mixture,dpm2_log,"DPM-2 + corrector, log sigma",50,0,14,0.8,0.8228200078010559
mixture,dpm2_log,"DPM-2 + corrector, log sigma",50,0,14,0.9,0.9161800146102905
mixture,dpm2_log,"DPM-2 + corrector, log sigma",50,0,14,1.0,0.9987599849700928
mixture,sigma_log_dpm,"Sigma-space DPM-1, log sigma",10,0,15,0.0,0.0
mixture,sigma_log_dpm,"Sigma-space DPM-1, log sigma",10,0,15,0.1,0.09132000058889389
mixture,sigma_log_dpm,"Sigma-space DPM-1, log sigma",10,0,15,0.2,0.19652000069618225
mixture,sigma_log_dpm,"Sigma-space DPM-1, log sigma",10,0,15,0.30000000000000004,0.3138599991798401
mixture,sigma_log_dpm,"Sigma-space DPM-1, log sigma",10,0,15,0.4,0.42413997650146484
mixture,sigma_log_dpm,"Sigma-space DPM-1, log sigma",10,0,15,0.5,0.5338200330734253
mixture,sigma_log_dpm,"Sigma-space DPM-1, log sigma",10,0,15,0.6000000000000001,0.6395599842071533
mixture,sigma_log_dpm,"Sigma-space DPM-1, log sigma",10,0,15,0.7000000000000001,0.7505600452423096
mixture,sigma_log_dpm,"Sigma-space DPM-1, log sigma",10,0,15,0.8,0.8607000112533569
mixture,sigma_log_dpm,"Sigma-space DPM-1, log sigma",10,0,15,0.9,0.9408400058746338
mixture,sigma_log_dpm,"Sigma-space DPM-1, log sigma",10,0,15,1.0,0.9997999668121338
mixture,sigma_log_dpm,"Sigma-space DPM-1, log sigma",50,0,15,0.0,0.0
mixture,sigma_log_dpm,"Sigma-space DPM-1, log sigma",50,0,15,0.1,0.09764000028371811
mixture,sigma_log_dpm,"Sigma-space DPM-1, log sigma",50,0,15,0.2,0.20660001039505005
mixture,sigma_log_dpm,"Sigma-space DPM-1, log sigma",50,0,15,0.30000000000000004,0.32594001293182373
mixture,sigma_log_dpm,"Sigma-space DPM-1, log sigma",50,0,15,0.4,0.44538000226020813
mixture,sigma_log_dpm,"Sigma-space DPM-1, log sigma",50,0,15,0.5,0.545740008354187
mixture,sigma_log_dpm,"Sigma-space DPM-1, log sigma",50,0,15,0.6000000000000001,0.661139965057373
mixture,sigma_log_dpm,"Sigma-space DPM-1, log sigma",50,0,15,0.7000000000000001,0.7599999904632568
mixture,sigma_log_dpm,"Sigma-space DPM-1, log sigma",50,0,15,0.8,0.8716199994087219
mixture,sigma_log_dpm,"Sigma-space DPM-1, log sigma",50,0,15,0.9,0.9571200013160706
mixture,sigma_log_dpm,"Sigma-space DPM-1, log sigma",50,0,15,1.0,0.999019980430603
mixture,dpm2_log,"DPM-2 + corrector, log sigma",10,0,15,0.0,0.0
mixture,dpm2_log,"DPM-2 + corrector, log sigma",10,0,15,0.1,0.12116000056266785
mixture,dpm2_log,"DPM-2 + corrector, log sigma",10,0,15,0.2,0.2610200047492981
mixture,dpm2_log,"DPM-2 + corrector, log sigma",10,0,15,0.30000000000000004,0.37400001287460327
mixture,dpm2_log,"DPM-2 + corrector, log sigma",10,0,15,0.4,0.5117599964141846
mixture,dpm2_log,"DPM-2 + corrector, log sigma",10,0,15,0.5,0.6206400394439697
mixture,dpm2_log,"DPM-2 + corrector, log sigma",10,0,15,0.6000000000000001,0.7231600284576416
mixture,dpm2_log,"DPM-2 + corrector, log sigma",10,0,15,0.7000000000000001,0.8273199796676636
mixture,dpm2_log,"DPM-2 + corrector, log sigma",10,0,15,0.8,0.9062399864196777
mixture,dpm2_log,"DPM-2 + corrector, log sigma",10,0,15,0.9,0.9650200009346008
mixture,dpm2_log,"DPM-2 + corrector, log sigma",10,0,15,1.0,1.0
mixture,dpm2_log,"DPM-2 + corrector, log sigma",50,0,15,0.0,0.0
mixture,dpm2_log,"DPM-2 + corrector, log sigma",50,0,15,0.1,0.11779999732971191
mixture,dpm2_log,"DPM-2 + corrector, log sigma",50,0,15,0.2,0.22444000840187073
mixture,dpm2_log,"DPM-2 + corrector, log sigma",50,0,15,0.30000000000000004,0.3517000079154968
mixture,dpm2_log,"DPM-2 + corrector, log sigma",50,0,15,0.4,0.4595800042152405
mixture,dpm2_log,"DPM-2 + corrector, log sigma",50,0,15,0.5,0.5737000107765198
mixture,dpm2_log,"DPM-2 + corrector, log sigma",50,0,15,0.6000000000000001,0.6806399822235107
mixture,dpm2_log,"DPM-2 + corrector, log sigma",50,0,15,0.7000000000000001,0.7851799726486206
mixture,dpm2_log,"DPM-2 + corrector, log sigma",50,0,15,0.8,0.8730000257492065
mixture,dpm2_log,"DPM-2 + corrector, log sigma",50,0,15,0.9,0.9513999819755554
mixture,dpm2_log,"DPM-2 + corrector, log sigma",50,0,15,1.0,0.999940037727356
mixture,sigma_log_dpm,"Sigma-space DPM-1, log sigma",10,1,0,0.0,0.0
mixture,sigma_log_dpm,"Sigma-space DPM-1, log sigma",10,1,0,0.1,0.11003999412059784
mixture,sigma_log_dpm,"Sigma-space DPM-1, log sigma",10,1,0,0.2,0.2182600051164627
mixture,sigma_log_dpm,"Sigma-space DPM-1, log sigma",10,1,0,0.30000000000000004,0.33990001678466797
mixture,sigma_log_dpm,"Sigma-space DPM-1, log sigma",10,1,0,0.4,0.45893996953964233
mixture,sigma_log_dpm,"Sigma-space DPM-1, log sigma",10,1,0,0.5,0.580780029296875
mixture,sigma_log_dpm,"Sigma-space DPM-1, log sigma",10,1,0,0.6000000000000001,0.6840400099754333
mixture,sigma_log_dpm,"Sigma-space DPM-1, log sigma",10,1,0,0.7000000000000001,0.7775399684906006
mixture,sigma_log_dpm,"Sigma-space DPM-1, log sigma",10,1,0,0.8,0.8587000370025635
mixture,sigma_log_dpm,"Sigma-space DPM-1, log sigma",10,1,0,0.9,0.9267599582672119
mixture,sigma_log_dpm,"Sigma-space DPM-1, log sigma",10,1,0,1.0,1.0
mixture,sigma_log_dpm,"Sigma-space DPM-1, log sigma",50,1,0,0.0,0.0
mixture,sigma_log_dpm,"Sigma-space DPM-1, log sigma",50,1,0,0.1,0.13019999861717224
mixture,sigma_log_dpm,"Sigma-space DPM-1, log sigma",50,1,0,0.2,0.25161999464035034
mixture,sigma_log_dpm,"Sigma-space DPM-1, log sigma",50,1,0,0.30000000000000004,0.3729400038719177
mixture,sigma_log_dpm,"Sigma-space DPM-1, log sigma",50,1,0,0.4,0.4778199791908264
mixture,sigma_log_dpm,"Sigma-space DPM-1, log sigma",50,1,0,0.5,0.5836600065231323
mixture,sigma_log_dpm,"Sigma-space DPM-1, log sigma",50,1,0,0.6000000000000001,0.6878000497817993
mixture,sigma_log_dpm,"Sigma-space DPM-1, log sigma",50,1,0,0.7000000000000001,0.7711000442504883
mixture,sigma_log_dpm,"Sigma-space DPM-1, log sigma",50,1,0,0.8,0.8524600267410278
mixture,sigma_log_dpm,"Sigma-space DPM-1, log sigma",50,1,0,0.9,0.9263200163841248
mixture,sigma_log_dpm,"Sigma-space DPM-1, log sigma",50,1,0,1.0,0.9999600052833557
mixture,dpm2_log,"DPM-2 + corrector, log sigma",10,1,0,0.0,0.0
mixture,dpm2_log,"DPM-2 + corrector, log sigma",10,1,0,0.1,0.14509999752044678
mixture,dpm2_log,"DPM-2 + corrector, log sigma",10,1,0,0.2,0.2599000036716461
mixture,dpm2_log,"DPM-2 + corrector, log sigma",10,1,0,0.30000000000000004,0.3797999918460846
mixture,dpm2_log,"DPM-2 + corrector, log sigma",10,1,0,0.4,0.492139995098114
mixture,dpm2_log,"DPM-2 + corrector, log sigma",10,1,0,0.5,0.6010800004005432
mixture,dpm2_log,"DPM-2 + corrector, log sigma",10,1,0,0.6000000000000001,0.7136000394821167
mixture,dpm2_log,"DPM-2 + corrector, log sigma",10,1,0,0.7000000000000001,0.8172199726104736
mixture,dpm2_log,"DPM-2 + corrector, log sigma",10,1,0,0.8,0.8961600065231323
mixture,dpm2_log,"DPM-2 + corrector, log sigma",10,1,0,0.9,0.9703600406646729
mixture,dpm2_log,"DPM-2 + corrector, log sigma",10,1,0,1.0,1.0
mixture,dpm2_log,"DPM-2 + corrector, log sigma",50,1,0,0.0,0.0
mixture,dpm2_log,"DPM-2 + corrector, log sigma",50,1,0,0.1,0.1326799988746643
mixture,dpm2_log,"DPM-2 + corrector, log sigma",50,1,0,0.2,0.26006001234054565
mixture,dpm2_log,"DPM-2 + corrector, log sigma",50,1,0,0.30000000000000004,0.3698199987411499
mixture,dpm2_log,"DPM-2 + corrector, log sigma",50,1,0,0.4,0.4889400005340576
mixture,dpm2_log,"DPM-2 + corrector, log sigma",50,1,0,0.5,0.6129599809646606
mixture,dpm2_log,"DPM-2 + corrector, log sigma",50,1,0,0.6000000000000001,0.7213799953460693
mixture,dpm2_log,"DPM-2 + corrector, log sigma",50,1,0,0.7000000000000001,0.8283200263977051
mixture,dpm2_log,"DPM-2 + corrector, log sigma",50,1,0,0.8,0.9114400148391724
mixture,dpm2_log,"DPM-2 + corrector, log sigma",50,1,0,0.9,0.9729800224304199
mixture,dpm2_log,"DPM-2 + corrector, log sigma",50,1,0,1.0,1.0
mixture,sigma_log_dpm,"Sigma-space DPM-1, log sigma",10,1,1,0.0,0.0
mixture,sigma_log_dpm,"Sigma-space DPM-1, log sigma",10,1,1,0.1,0.050360001623630524
mixture,sigma_log_dpm,"Sigma-space DPM-1, log sigma",10,1,1,0.2,0.10525999963283539
mixture,sigma_log_dpm,"Sigma-space DPM-1, log sigma",10,1,1,0.30000000000000004,0.17255999147891998
mixture,sigma_log_dpm,"Sigma-space DPM-1, log sigma",10,1,1,0.4,0.24874000251293182
mixture,sigma_log_dpm,"Sigma-space DPM-1, log sigma",10,1,1,0.5,0.3220199942588806
mixture,sigma_log_dpm,"Sigma-space DPM-1, log sigma",10,1,1,0.6000000000000001,0.4124799966812134
mixture,sigma_log_dpm,"Sigma-space DPM-1, log sigma",10,1,1,0.7000000000000001,0.5283399820327759
mixture,sigma_log_dpm,"Sigma-space DPM-1, log sigma",10,1,1,0.8,0.6689200401306152
mixture,sigma_log_dpm,"Sigma-space DPM-1, log sigma",10,1,1,0.9,0.8085799813270569
mixture,sigma_log_dpm,"Sigma-space DPM-1, log sigma",10,1,1,1.0,0.9982799887657166
mixture,sigma_log_dpm,"Sigma-space DPM-1, log sigma",50,1,1,0.0,0.0
mixture,sigma_log_dpm,"Sigma-space DPM-1, log sigma",50,1,1,0.1,0.06164000183343887
mixture,sigma_log_dpm,"Sigma-space DPM-1, log sigma",50,1,1,0.2,0.14205999672412872
mixture,sigma_log_dpm,"Sigma-space DPM-1, log sigma",50,1,1,0.30000000000000004,0.20024000108242035
mixture,sigma_log_dpm,"Sigma-space DPM-1, log sigma",50,1,1,0.4,0.27917999029159546
mixture,sigma_log_dpm,"Sigma-space DPM-1, log sigma",50,1,1,0.5,0.3684599995613098
mixture,sigma_log_dpm,"Sigma-space DPM-1, log sigma",50,1,1,0.6000000000000001,0.46487998962402344
mixture,sigma_log_dpm,"Sigma-space DPM-1, log sigma",50,1,1,0.7000000000000001,0.5583400130271912
mixture,sigma_log_dpm,"Sigma-space DPM-1, log sigma",50,1,1,0.8,0.7409600019454956
mixture,sigma_log_dpm,"Sigma-space DPM-1, log sigma",50,1,1,0.9,0.8677799701690674
mixture,sigma_log_dpm,"Sigma-space DPM-1, log sigma",50,1,1,1.0,0.9994800090789795
mixture,dpm2_log,"DPM-2 + corrector, log sigma",10,1,1,0.0,0.0
mixture,dpm2_log,"DPM-2 + corrector, log sigma",10,1,1,0.1,0.08300000429153442
mixture,dpm2_log,"DPM-2 + corrector, log sigma",10,1,1,0.2,0.16434000432491302
mixture,dpm2_log,"DPM-2 + corrector, log sigma",10,1,1,0.30000000000000004,0.2577599883079529
mixture,dpm2_log,"DPM-2 + corrector, log sigma",10,1,1,0.4,0.3382200002670288
mixture,dpm2_log,"DPM-2 + corrector, log sigma",10,1,1,0.5,0.45320001244544983
mixture,dpm2_log,"DPM-2 + corrector, log sigma",10,1,1,0.6000000000000001,0.5560799837112427
mixture,dpm2_log,"DPM-2 + corrector, log sigma",10,1,1,0.7000000000000001,0.663040041923523
mixture,dpm2_log,"DPM-2 + corrector, log sigma",10,1,1,0.8,0.7789199948310852
mixture,dpm2_log,"DPM-2 + corrector, log sigma",10,1,1,0.9,0.8996599912643433
mixture,dpm2_log,"DPM-2 + corrector, log sigma",10,1,1,1.0,0.9988399744033813
mixture,dpm2_log,"DPM-2 + corrector, log sigma",50,1,1,0.0,0.0
mixture,dpm2_log,"DPM-2 + corrector, log sigma",50,1,1,0.1,0.09251999855041504
mixture,dpm2_log,"DPM-2 + corrector, log sigma",50,1,1,0.2,0.1914599984884262
mixture,dpm2_log,"DPM-2 + corrector, log sigma",50,1,1,0.30000000000000004,0.2905600070953369
mixture,dpm2_log,"DPM-2 + corrector, log sigma",50,1,1,0.4,0.3953999876976013
mixture,dpm2_log,"DPM-2 + corrector, log sigma",50,1,1,0.5,0.49022001028060913
mixture,dpm2_log,"DPM-2 + corrector, log sigma",50,1,1,0.6000000000000001,0.5907599925994873
mixture,dpm2_log,"DPM-2 + corrector, log sigma",50,1,1,0.7000000000000001,0.6916199922561646
mixture,dpm2_log,"DPM-2 + corrector, log sigma",50,1,1,0.8,0.7922199964523315
mixture,dpm2_log,"DPM-2 + corrector, log sigma",50,1,1,0.9,0.9204199910163879
mixture,dpm2_log,"DPM-2 + corrector, log sigma",50,1,1,1.0,0.9998400211334229
mixture,sigma_log_dpm,"Sigma-space DPM-1, log sigma",10,1,2,0.0,0.0
mixture,sigma_log_dpm,"Sigma-space DPM-1, log sigma",10,1,2,0.1,0.04931999742984772
mixture,sigma_log_dpm,"Sigma-space DPM-1, log sigma",10,1,2,0.2,0.09216000139713287
mixture,sigma_log_dpm,"Sigma-space DPM-1, log sigma",10,1,2,0.30000000000000004,0.1490200012922287
mixture,sigma_log_dpm,"Sigma-space DPM-1, log sigma",10,1,2,0.4,0.20216000080108643
mixture,sigma_log_dpm,"Sigma-space DPM-1, log sigma",10,1,2,0.5,0.2619599997997284
mixture,sigma_log_dpm,"Sigma-space DPM-1, log sigma",10,1,2,0.6000000000000001,0.3361999988555908
mixture,sigma_log_dpm,"Sigma-space DPM-1, log sigma",10,1,2,0.7000000000000001,0.41496002674102783
mixture,sigma_log_dpm,"Sigma-space DPM-1, log sigma",10,1,2,0.8,0.5590400099754333
mixture,sigma_log_dpm,"Sigma-space DPM-1, log sigma",10,1,2,0.9,0.7323000431060791
mixture,sigma_log_dpm,"Sigma-space DPM-1, log sigma",10,1,2,1.0,0.9737399816513062
mixture,sigma_log_dpm,"Sigma-space DPM-1, log sigma",50,1,2,0.0,0.0
mixture,sigma_log_dpm,"Sigma-space DPM-1, log sigma",50,1,2,0.1,0.05145999789237976
mixture,sigma_log_dpm,"Sigma-space DPM-1, log sigma",50,1,2,0.2,0.09637999534606934
mixture,sigma_log_dpm,"Sigma-space DPM-1, log sigma",50,1,2,0.30000000000000004,0.14815999567508698
mixture,sigma_log_dpm,"Sigma-space DPM-1, log sigma",50,1,2,0.4,0.214819997549057
mixture,sigma_log_dpm,"Sigma-space DPM-1, log sigma",50,1,2,0.5,0.2819800078868866
mixture,sigma_log_dpm,"Sigma-space DPM-1, log sigma",50,1,2,0.6000000000000001,0.37129998207092285
mixture,sigma_log_dpm,"Sigma-space DPM-1, log sigma",50,1,2,0.7000000000000001,0.4762600064277649
mixture,sigma_log_dpm,"Sigma-space DPM-1, log sigma",50,1,2,0.8,0.5977399945259094
mixture,sigma_log_dpm,"Sigma-space DPM-1, log sigma",50,1,2,0.9,0.7530800104141235
mixture,sigma_log_dpm,"Sigma-space DPM-1, log sigma",50,1,2,1.0,0.9943200349807739
mixture,dpm2_log,"DPM-2 + corrector, log sigma",10,1,2,0.0,0.0
mixture,dpm2_log,"DPM-2 + corrector, log sigma",10,1,2,0.1,0.07398000359535217
mixture,dpm2_log,"DPM-2 + corrector, log sigma",10,1,2,0.2,0.14056000113487244
mixture,dpm2_log,"DPM-2 + corrector, log sigma",10,1,2,0.30000000000000004,0.2028599977493286
mixture,dpm2_log,"DPM-2 + corrector, log sigma",10,1,2,0.4,0.27597999572753906
mixture,dpm2_log,"DPM-2 + corrector, log sigma",10,1,2,0.5,0.3552600145339966
mixture,dpm2_log,"DPM-2 + corrector, log sigma",10,1,2,0.6000000000000001,0.4428600072860718
mixture,dpm2_log,"DPM-2 + corrector, log sigma",10,1,2,0.7000000000000001,0.5623999834060669
mixture,dpm2_log,"DPM-2 + corrector, log sigma",10,1,2,0.8,0.6878799796104431
mixture,dpm2_log,"DPM-2 + corrector, log sigma",10,1,2,0.9,0.8267800211906433
mixture,dpm2_log,"DPM-2 + corrector, log sigma",10,1,2,1.0,0.9876999855041504
mixture,dpm2_log,"DPM-2 + corrector, log sigma",50,1,2,0.0,0.0
mixture,dpm2_log,"DPM-2 + corrector, log sigma",50,1,2,0.1,0.09975999593734741
mixture,dpm2_log,"DPM-2 + corrector, log sigma",50,1,2,0.2,0.19302000105381012
mixture,dpm2_log,"DPM-2 + corrector, log sigma",50,1,2,0.30000000000000004,0.28299999237060547
mixture,dpm2_log,"DPM-2 + corrector, log sigma",50,1,2,0.4,0.38147997856140137
mixture,dpm2_log,"DPM-2 + corrector, log sigma",50,1,2,0.5,0.47342002391815186
mixture,dpm2_log,"DPM-2 + corrector, log sigma",50,1,2,0.6000000000000001,0.5877200365066528
mixture,dpm2_log,"DPM-2 + corrector, log sigma",50,1,2,0.7000000000000001,0.6821799874305725
mixture,dpm2_log,"DPM-2 + corrector, log sigma",50,1,2,0.8,0.780019998550415
mixture,dpm2_log,"DPM-2 + corrector, log sigma",50,1,2,0.9,0.887939989566803
mixture,dpm2_log,"DPM-2 + corrector, log sigma",50,1,2,1.0,0.9976400136947632
mixture,sigma_log_dpm,"Sigma-space DPM-1, log sigma",10,1,3,0.0,0.0
mixture,sigma_log_dpm,"Sigma-space DPM-1, log sigma",10,1,3,0.1,0.06859999895095825
mixture,sigma_log_dpm,"Sigma-space DPM-1, log sigma",10,1,3,0.2,0.15129999816417694
mixture,sigma_log_dpm,"Sigma-space DPM-1, log sigma",10,1,3,0.30000000000000004,0.2337999939918518
mixture,sigma_log_dpm,"Sigma-space DPM-1, log sigma",10,1,3,0.4,0.30281999707221985
mixture,sigma_log_dpm,"Sigma-space DPM-1, log sigma",10,1,3,0.5,0.37929999828338623
mixture,sigma_log_dpm,"Sigma-space DPM-1, log sigma",10,1,3,0.6000000000000001,0.47189998626708984
mixture,sigma_log_dpm,"Sigma-space DPM-1, log sigma",10,1,3,0.7000000000000001,0.5515600442886353
mixture,sigma_log_dpm,"Sigma-space DPM-1, log sigma",10,1,3,0.8,0.6529200077056885
mixture,sigma_log_dpm,"Sigma-space DPM-1, log sigma",10,1,3,0.9,0.7950999736785889
mixture,sigma_log_dpm,"Sigma-space DPM-1, log sigma",10,1,3,1.0,0.979640007019043
mixture,sigma_log_dpm,"Sigma-space DPM-1, log sigma",50,1,3,0.0,0.0
mixture,sigma_log_dpm,"Sigma-space DPM-1, log sigma",50,1,3,0.1,0.0822799950838089
mixture,sigma_log_dpm,"Sigma-space DPM-1, log sigma",50,1,3,0.2,0.15238000452518463
mixture,sigma_log_dpm,"Sigma-space DPM-1, log sigma",50,1,3,0.30000000000000004,0.23068000376224518
mixture,sigma_log_dpm,"Sigma-space DPM-1, log sigma",50,1,3,0.4,0.3186799883842468
mixture,sigma_log_dpm,"Sigma-space DPM-1, log sigma",50,1,3,0.5,0.41995999217033386
mixture,sigma_log_dpm,"Sigma-space DPM-1, log sigma",50,1,3,0.6000000000000001,0.5190199613571167
mixture,sigma_log_dpm,"Sigma-space DPM-1, log sigma",50,1,3,0.7000000000000001,0.6119800209999084
mixture,sigma_log_dpm,"Sigma-space DPM-1, log sigma",50,1,3,0.8,0.7419799566268921
mixture,sigma_log_dpm,"Sigma-space DPM-1, log sigma",50,1,3,0.9,0.8680000305175781
mixture,sigma_log_dpm,"Sigma-space DPM-1, log sigma",50,1,3,1.0,0.9993799924850464
mixture,dpm2_log,"DPM-2 + corrector, log sigma",10,1,3,0.0,0.0
mixture,dpm2_log,"DPM-2 + corrector, log sigma",10,1,3,0.1,0.09019999951124191
mixture,dpm2_log,"DPM-2 + corrector, log sigma",10,1,3,0.2,0.1797800064086914
mixture,dpm2_log,"DPM-2 + corrector, log sigma",10,1,3,0.30000000000000004,0.28064000606536865
mixture,dpm2_log,"DPM-2 + corrector, log sigma",10,1,3,0.4,0.3759400248527527
mixture,dpm2_log,"DPM-2 + corrector, log sigma",10,1,3,0.5,0.4822999835014343
mixture,dpm2_log,"DPM-2 + corrector, log sigma",10,1,3,0.6000000000000001,0.5895599722862244
mixture,dpm2_log,"DPM-2 + corrector, log sigma",10,1,3,0.7000000000000001,0.6893199682235718
mixture,dpm2_log,"DPM-2 + corrector, log sigma",10,1,3,0.8,0.8077999949455261
mixture,dpm2_log,"DPM-2 + corrector, log sigma",10,1,3,0.9,0.9132000207901001
mixture,dpm2_log,"DPM-2 + corrector, log sigma",10,1,3,1.0,0.9996600151062012
mixture,dpm2_log,"DPM-2 + corrector, log sigma",50,1,3,0.0,0.0
mixture,dpm2_log,"DPM-2 + corrector, log sigma",50,1,3,0.1,0.10459999740123749
mixture,dpm2_log,"DPM-2 + corrector, log sigma",50,1,3,0.2,0.20416000485420227
mixture,dpm2_log,"DPM-2 + corrector, log sigma",50,1,3,0.30000000000000004,0.3156000077724457
mixture,dpm2_log,"DPM-2 + corrector, log sigma",50,1,3,0.4,0.4135199785232544
mixture,dpm2_log,"DPM-2 + corrector, log sigma",50,1,3,0.5,0.5331400036811829
mixture,dpm2_log,"DPM-2 + corrector, log sigma",50,1,3,0.6000000000000001,0.6258599758148193
mixture,dpm2_log,"DPM-2 + corrector, log sigma",50,1,3,0.7000000000000001,0.7048799991607666
mixture,dpm2_log,"DPM-2 + corrector, log sigma",50,1,3,0.8,0.8032000064849854
mixture,dpm2_log,"DPM-2 + corrector, log sigma",50,1,3,0.9,0.8974399566650391
mixture,dpm2_log,"DPM-2 + corrector, log sigma",50,1,3,1.0,0.9981200098991394
mixture,sigma_log_dpm,"Sigma-space DPM-1, log sigma",10,1,4,0.0,0.0
mixture,sigma_log_dpm,"Sigma-space DPM-1, log sigma",10,1,4,0.1,0.07438000291585922
mixture,sigma_log_dpm,"Sigma-space DPM-1, log sigma",10,1,4,0.2,0.14671999216079712
mixture,sigma_log_dpm,"Sigma-space DPM-1, log sigma",10,1,4,0.30000000000000004,0.22591999173164368
mixture,sigma_log_dpm,"Sigma-space DPM-1, log sigma",10,1,4,0.4,0.31926000118255615
mixture,sigma_log_dpm,"Sigma-space DPM-1, log sigma",10,1,4,0.5,0.3935999870300293
mixture,sigma_log_dpm,"Sigma-space DPM-1, log sigma",10,1,4,0.6000000000000001,0.48927998542785645
mixture,sigma_log_dpm,"Sigma-space DPM-1, log sigma",10,1,4,0.7000000000000001,0.5872200131416321
mixture,sigma_log_dpm,"Sigma-space DPM-1, log sigma",10,1,4,0.8,0.7141799926757812
mixture,sigma_log_dpm,"Sigma-space DPM-1, log sigma",10,1,4,0.9,0.8344799876213074
mixture,sigma_log_dpm,"Sigma-space DPM-1, log sigma",10,1,4,1.0,0.9934400320053101
mixture,sigma_log_dpm,"Sigma-space DPM-1, log sigma",50,1,4,0.0,0.0
mixture,sigma_log_dpm,"Sigma-space DPM-1, log sigma",50,1,4,0.1,0.0769599974155426
mixture,sigma_log_dpm,"Sigma-space DPM-1, log sigma",50,1,4,0.2,0.16009999811649323
mixture,sigma_log_dpm,"Sigma-space DPM-1, log sigma",50,1,4,0.30000000000000004,0.24320000410079956
mixture,sigma_log_dpm,"Sigma-space DPM-1, log sigma",50,1,4,0.4,0.31742000579833984
mixture,sigma_log_dpm,"Sigma-space DPM-1, log sigma",50,1,4,0.5,0.3979399800300598
mixture,sigma_log_dpm,"Sigma-space DPM-1, log sigma",50,1,4,0.6000000000000001,0.48545998334884644
mixture,sigma_log_dpm,"Sigma-space DPM-1, log sigma",50,1,4,0.7000000000000001,0.5870400071144104
mixture,sigma_log_dpm,"Sigma-space DPM-1, log sigma",50,1,4,0.8,0.709380030632019
mixture,sigma_log_dpm,"Sigma-space DPM-1, log sigma",50,1,4,0.9,0.8335999846458435
mixture,sigma_log_dpm,"Sigma-space DPM-1, log sigma",50,1,4,1.0,0.9958599805831909
mixture,dpm2_log,"DPM-2 + corrector, log sigma",10,1,4,0.0,0.0
mixture,dpm2_log,"DPM-2 + corrector, log sigma",10,1,4,0.1,0.1028200015425682
mixture,dpm2_log,"DPM-2 + corrector, log sigma",10,1,4,0.2,0.20058000087738037
mixture,dpm2_log,"DPM-2 + corrector, log sigma",10,1,4,0.30000000000000004,0.29948002099990845
mixture,dpm2_log,"DPM-2 + corrector, log sigma",10,1,4,0.4,0.4121599793434143
mixture,dpm2_log,"DPM-2 + corrector, log sigma",10,1,4,0.5,0.5128999948501587
mixture,dpm2_log,"DPM-2 + corrector, log sigma",10,1,4,0.6000000000000001,0.6239200234413147
mixture,dpm2_log,"DPM-2 + corrector, log sigma",10,1,4,0.7000000000000001,0.7248799800872803
mixture,dpm2_log,"DPM-2 + corrector, log sigma",10,1,4,0.8,0.813480019569397
mixture,dpm2_log,"DPM-2 + corrector, log sigma",10,1,4,0.9,0.9008200168609619
mixture,dpm2_log,"DPM-2 + corrector, log sigma",10,1,4,1.0,0.9997000098228455
mixture,dpm2_log,"DPM-2 + corrector, log sigma",50,1,4,0.0,0.0
mixture,dpm2_log,"DPM-2 + corrector, log sigma",50,1,4,0.1,0.11667999625205994
mixture,dpm2_log,"DPM-2 + corrector, log sigma",50,1,4,0.2,0.21410000324249268
mixture,dpm2_log,"DPM-2 + corrector, log sigma",50,1,4,0.30000000000000004,0.32721999287605286
mixture,dpm2_log,"DPM-2 + corrector, log sigma",50,1,4,0.4,0.4287000000476837
mixture,dpm2_log,"DPM-2 + corrector, log sigma",50,1,4,0.5,0.5434200167655945
mixture,dpm2_log,"DPM-2 + corrector, log sigma",50,1,4,0.6000000000000001,0.641800045967102
mixture,dpm2_log,"DPM-2 + corrector, log sigma",50,1,4,0.7000000000000001,0.7308599948883057
mixture,dpm2_log,"DPM-2 + corrector, log sigma",50,1,4,0.8,0.825160026550293
mixture,dpm2_log,"DPM-2 + corrector, log sigma",50,1,4,0.9,0.9143999814987183
mixture,dpm2_log,"DPM-2 + corrector, log sigma",50,1,4,1.0,0.9995399713516235
mixture,sigma_log_dpm,"Sigma-space DPM-1, log sigma",10,1,5,0.0,0.0
mixture,sigma_log_dpm,"Sigma-space DPM-1, log sigma",10,1,5,0.1,0.06990000605583191
mixture,sigma_log_dpm,"Sigma-space DPM-1, log sigma",10,1,5,0.2,0.14146000146865845
mixture,sigma_log_dpm,"Sigma-space DPM-1, log sigma",10,1,5,0.30000000000000004,0.20509999990463257
mixture,sigma_log_dpm,"Sigma-space DPM-1, log sigma",10,1,5,0.4,0.2769399881362915
mixture,sigma_log_dpm,"Sigma-space DPM-1, log sigma",10,1,5,0.5,0.3511199951171875
mixture,sigma_log_dpm,"Sigma-space DPM-1, log sigma",10,1,5,0.6000000000000001,0.4314200282096863
mixture,sigma_log_dpm,"Sigma-space DPM-1, log sigma",10,1,5,0.7000000000000001,0.5141400098800659
mixture,sigma_log_dpm,"Sigma-space DPM-1, log sigma",10,1,5,0.8,0.6238200068473816
mixture,sigma_log_dpm,"Sigma-space DPM-1, log sigma",10,1,5,0.9,0.769279956817627
mixture,sigma_log_dpm,"Sigma-space DPM-1, log sigma",10,1,5,1.0,0.9939199686050415
mixture,sigma_log_dpm,"Sigma-space DPM-1, log sigma",50,1,5,0.0,0.0
mixture,sigma_log_dpm,"Sigma-space DPM-1, log sigma",50,1,5,0.1,0.061080001294612885
mixture,sigma_log_dpm,"Sigma-space DPM-1, log sigma",50,1,5,0.2,0.1239200010895729
mixture,sigma_log_dpm,"Sigma-space DPM-1, log sigma",50,1,5,0.30000000000000004,0.1906999945640564
mixture,sigma_log_dpm,"Sigma-space DPM-1, log sigma",50,1,5,0.4,0.2771799862384796
mixture,sigma_log_dpm,"Sigma-space DPM-1, log sigma",50,1,5,0.5,0.36353999376296997
mixture,sigma_log_dpm,"Sigma-space DPM-1, log sigma",50,1,5,0.6000000000000001,0.45190000534057617
mixture,sigma_log_dpm,"Sigma-space DPM-1, log sigma",50,1,5,0.7000000000000001,0.5397599935531616
mixture,sigma_log_dpm,"Sigma-space DPM-1, log sigma",50,1,5,0.8,0.6357200145721436
mixture,sigma_log_dpm,"Sigma-space DPM-1, log sigma",50,1,5,0.9,0.7718200087547302
mixture,sigma_log_dpm,"Sigma-space DPM-1, log sigma",50,1,5,1.0,0.9961199760437012
mixture,dpm2_log,"DPM-2 + corrector, log sigma",10,1,5,0.0,0.0
mixture,dpm2_log,"DPM-2 + corrector, log sigma",10,1,5,0.1,0.08215999603271484
mixture,dpm2_log,"DPM-2 + corrector, log sigma",10,1,5,0.2,0.19874000549316406
mixture,dpm2_log,"DPM-2 + corrector, log sigma",10,1,5,0.30000000000000004,0.2956799864768982
mixture,dpm2_log,"DPM-2 + corrector, log sigma",10,1,5,0.4,0.3839400112628937
mixture,dpm2_log,"DPM-2 + corrector, log sigma",10,1,5,0.5,0.49501997232437134
mixture,dpm2_log,"DPM-2 + corrector, log sigma",10,1,5,0.6000000000000001,0.579800009727478
mixture,dpm2_log,"DPM-2 + corrector, log sigma",10,1,5,0.7000000000000001,0.6784399747848511
mixture,dpm2_log,"DPM-2 + corrector, log sigma",10,1,5,0.8,0.776419997215271
mixture,dpm2_log,"DPM-2 + corrector, log sigma",10,1,5,0.9,0.8994200229644775
mixture,dpm2_log,"DPM-2 + corrector, log sigma",10,1,5,1.0,0.9946199655532837
mixture,dpm2_log,"DPM-2 + corrector, log sigma",50,1,5,0.0,0.0
mixture,dpm2_log,"DPM-2 + corrector, log sigma",50,1,5,0.1,0.10194000601768494
mixture,dpm2_log,"DPM-2 + corrector, log sigma",50,1,5,0.2,0.19922000169754028
mixture,dpm2_log,"DPM-2 + corrector, log sigma",50,1,5,0.30000000000000004,0.30066001415252686
mixture,dpm2_log,"DPM-2 + corrector, log sigma",50,1,5,0.4,0.39998000860214233
mixture,dpm2_log,"DPM-2 + corrector, log sigma",50,1,5,0.5,0.5023399591445923
mixture,dpm2_log,"DPM-2 + corrector, log sigma",50,1,5,0.6000000000000001,0.60589998960495
mixture,dpm2_log,"DPM-2 + corrector, log sigma",50,1,5,0.7000000000000001,0.6973600387573242
mixture,dpm2_log,"DPM-2 + corrector, log sigma",50,1,5,0.8,0.817639946937561
mixture,dpm2_log,"DPM-2 + corrector, log sigma",50,1,5,0.9,0.9127799868583679
mixture,dpm2_log,"DPM-2 + corrector, log sigma",50,1,5,1.0,0.9976199865341187
mixture,sigma_log_dpm,"Sigma-space DPM-1, log sigma",10,1,6,0.0,0.0
mixture,sigma_log_dpm,"Sigma-space DPM-1, log sigma",10,1,6,0.1,0.07912000268697739
mixture,sigma_log_dpm,"Sigma-space DPM-1, log sigma",10,1,6,0.2,0.15275999903678894
mixture,sigma_log_dpm,"Sigma-space DPM-1, log sigma",10,1,6,0.30000000000000004,0.24219998717308044
mixture,sigma_log_dpm,"Sigma-space DPM-1, log sigma",10,1,6,0.4,0.32287999987602234
mixture,sigma_log_dpm,"Sigma-space DPM-1, log sigma",10,1,6,0.5,0.4035400152206421
mixture,sigma_log_dpm,"Sigma-space DPM-1, log sigma",10,1,6,0.6000000000000001,0.5078999996185303
mixture,sigma_log_dpm,"Sigma-space DPM-1, log sigma",10,1,6,0.7000000000000001,0.606660008430481
mixture,sigma_log_dpm,"Sigma-space DPM-1, log sigma",10,1,6,0.8,0.7325600385665894
mixture,sigma_log_dpm,"Sigma-space DPM-1, log sigma",10,1,6,0.9,0.8332400321960449
mixture,sigma_log_dpm,"Sigma-space DPM-1, log sigma",10,1,6,1.0,0.9979400038719177
mixture,sigma_log_dpm,"Sigma-space DPM-1, log sigma",50,1,6,0.0,0.0
mixture,sigma_log_dpm,"Sigma-space DPM-1, log sigma",50,1,6,0.1,0.07400000095367432
mixture,sigma_log_dpm,"Sigma-space DPM-1, log sigma",50,1,6,0.2,0.1588200032711029
mixture,sigma_log_dpm,"Sigma-space DPM-1, log sigma",50,1,6,0.30000000000000004,0.24296000599861145
mixture,sigma_log_dpm,"Sigma-space DPM-1, log sigma",50,1,6,0.4,0.330020010471344
mixture,sigma_log_dpm,"Sigma-space DPM-1, log sigma",50,1,6,0.5,0.4330199956893921
mixture,sigma_log_dpm,"Sigma-space DPM-1, log sigma",50,1,6,0.6000000000000001,0.5354200005531311
mixture,sigma_log_dpm,"Sigma-space DPM-1, log sigma",50,1,6,0.7000000000000001,0.6432600021362305
mixture,sigma_log_dpm,"Sigma-space DPM-1, log sigma",50,1,6,0.8,0.7501000165939331
mixture,sigma_log_dpm,"Sigma-space DPM-1, log sigma",50,1,6,0.9,0.8633800148963928
mixture,sigma_log_dpm,"Sigma-space DPM-1, log sigma",50,1,6,1.0,0.9976600408554077
mixture,dpm2_log,"DPM-2 + corrector, log sigma",10,1,6,0.0,0.0
mixture,dpm2_log,"DPM-2 + corrector, log sigma",10,1,6,0.1,0.09634000062942505
mixture,dpm2_log,"DPM-2 + corrector, log sigma",10,1,6,0.2,0.21507999300956726
mixture,dpm2_log,"DPM-2 + corrector, log sigma",10,1,6,0.30000000000000004,0.3104199767112732
mixture,dpm2_log,"DPM-2 + corrector, log sigma",10,1,6,0.4,0.42118000984191895
mixture,dpm2_log,"DPM-2 + corrector, log sigma",10,1,6,0.5,0.5239599943161011
mixture,dpm2_log,"DPM-2 + corrector, log sigma",10,1,6,0.6000000000000001,0.6168799996376038
mixture,dpm2_log,"DPM-2 + corrector, log sigma",10,1,6,0.7000000000000001,0.7075799703598022
mixture,dpm2_log,"DPM-2 + corrector, log sigma",10,1,6,0.8,0.8078799843788147
mixture,dpm2_log,"DPM-2 + corrector, log sigma",10,1,6,0.9,0.9066599607467651
mixture,dpm2_log,"DPM-2 + corrector, log sigma",10,1,6,1.0,0.9999600052833557
mixture,dpm2_log,"DPM-2 + corrector, log sigma",50,1,6,0.0,0.0
mixture,dpm2_log,"DPM-2 + corrector, log sigma",50,1,6,0.1,0.11424000561237335
mixture,dpm2_log,"DPM-2 + corrector, log sigma",50,1,6,0.2,0.22538000345230103
mixture,dpm2_log,"DPM-2 + corrector, log sigma",50,1,6,0.30000000000000004,0.32367998361587524
mixture,dpm2_log,"DPM-2 + corrector, log sigma",50,1,6,0.4,0.4209200143814087
mixture,dpm2_log,"DPM-2 + corrector, log sigma",50,1,6,0.5,0.5281000137329102
mixture,dpm2_log,"DPM-2 + corrector, log sigma",50,1,6,0.6000000000000001,0.6515600085258484
mixture,dpm2_log,"DPM-2 + corrector, log sigma",50,1,6,0.7000000000000001,0.7509000301361084
mixture,dpm2_log,"DPM-2 + corrector, log sigma",50,1,6,0.8,0.850380003452301
mixture,dpm2_log,"DPM-2 + corrector, log sigma",50,1,6,0.9,0.9363000392913818
mixture,dpm2_log,"DPM-2 + corrector, log sigma",50,1,6,1.0,0.9999600052833557
mixture,sigma_log_dpm,"Sigma-space DPM-1, log sigma",10,1,7,0.0,0.0
mixture,sigma_log_dpm,"Sigma-space DPM-1, log sigma",10,1,7,0.1,0.08559999614953995
mixture,sigma_log_dpm,"Sigma-space DPM-1, log sigma",10,1,7,0.2,0.18930000066757202
mixture,sigma_log_dpm,"Sigma-space DPM-1, log sigma",10,1,7,0.30000000000000004,0.2783200144767761
mixture,sigma_log_dpm,"Sigma-space DPM-1, log sigma",10,1,7,0.4,0.36466002464294434
mixture,sigma_log_dpm,"Sigma-space DPM-1, log sigma",10,1,7,0.5,0.43293997645378113
mixture,sigma_log_dpm,"Sigma-space DPM-1, log sigma",10,1,7,0.6000000000000001,0.5070199966430664
mixture,sigma_log_dpm,"Sigma-space DPM-1, log sigma",10,1,7,0.7000000000000001,0.5779600143432617
mixture,sigma_log_dpm,"Sigma-space DPM-1, log sigma",10,1,7,0.8,0.6622400283813477
mixture,sigma_log_dpm,"Sigma-space DPM-1, log sigma",10,1,7,0.9,0.778219997882843
mixture,sigma_log_dpm,"Sigma-space DPM-1, log sigma",10,1,7,1.0,0.9864400029182434
mixture,sigma_log_dpm,"Sigma-space DPM-1, log sigma",50,1,7,0.0,0.0
mixture,sigma_log_dpm,"Sigma-space DPM-1, log sigma",50,1,7,0.1,0.10846000164747238
mixture,sigma_log_dpm,"Sigma-space DPM-1, log sigma",50,1,7,0.2,0.19708000123500824
mixture,sigma_log_dpm,"Sigma-space DPM-1, log sigma",50,1,7,0.30000000000000004,0.30038002133369446
mixture,sigma_log_dpm,"Sigma-space DPM-1, log sigma",50,1,7,0.4,0.3866400122642517
mixture,sigma_log_dpm,"Sigma-space DPM-1, log sigma",50,1,7,0.5,0.4672200083732605
mixture,sigma_log_dpm,"Sigma-space DPM-1, log sigma",50,1,7,0.6000000000000001,0.5297200083732605
mixture,sigma_log_dpm,"Sigma-space DPM-1, log sigma",50,1,7,0.7000000000000001,0.597059965133667
mixture,sigma_log_dpm,"Sigma-space DPM-1, log sigma",50,1,7,0.8,0.6614199876785278
mixture,sigma_log_dpm,"Sigma-space DPM-1, log sigma",50,1,7,0.9,0.7826600074768066
mixture,sigma_log_dpm,"Sigma-space DPM-1, log sigma",50,1,7,1.0,0.9997199773788452
mixture,dpm2_log,"DPM-2 + corrector, log sigma",10,1,7,0.0,0.0
mixture,dpm2_log,"DPM-2 + corrector, log sigma",10,1,7,0.1,0.10818000137805939
mixture,dpm2_log,"DPM-2 + corrector, log sigma",10,1,7,0.2,0.2157599925994873
mixture,dpm2_log,"DPM-2 + corrector, log sigma",10,1,7,0.30000000000000004,0.3256399929523468
mixture,dpm2_log,"DPM-2 + corrector, log sigma",10,1,7,0.4,0.4162999987602234
mixture,dpm2_log,"DPM-2 + corrector, log sigma",10,1,7,0.5,0.5043200254440308
mixture,dpm2_log,"DPM-2 + corrector, log sigma",10,1,7,0.6000000000000001,0.5907400250434875
mixture,dpm2_log,"DPM-2 + corrector, log sigma",10,1,7,0.7000000000000001,0.6603000164031982
mixture,dpm2_log,"DPM-2 + corrector, log sigma",10,1,7,0.8,0.7419799566268921
mixture,dpm2_log,"DPM-2 + corrector, log sigma",10,1,7,0.9,0.8762999773025513
mixture,dpm2_log,"DPM-2 + corrector, log sigma",10,1,7,1.0,1.0
mixture,dpm2_log,"DPM-2 + corrector, log sigma",50,1,7,0.0,0.0
mixture,dpm2_log,"DPM-2 + corrector, log sigma",50,1,7,0.1,0.09758000075817108
mixture,dpm2_log,"DPM-2 + corrector, log sigma",50,1,7,0.2,0.22113999724388123
mixture,dpm2_log,"DPM-2 + corrector, log sigma",50,1,7,0.30000000000000004,0.31751999258995056
mixture,dpm2_log,"DPM-2 + corrector, log sigma",50,1,7,0.4,0.4387200176715851
mixture,dpm2_log,"DPM-2 + corrector, log sigma",50,1,7,0.5,0.5284600257873535
mixture,dpm2_log,"DPM-2 + corrector, log sigma",50,1,7,0.6000000000000001,0.6193400025367737
mixture,dpm2_log,"DPM-2 + corrector, log sigma",50,1,7,0.7000000000000001,0.7383400201797485
mixture,dpm2_log,"DPM-2 + corrector, log sigma",50,1,7,0.8,0.8438600301742554
mixture,dpm2_log,"DPM-2 + corrector, log sigma",50,1,7,0.9,0.9212200045585632
mixture,dpm2_log,"DPM-2 + corrector, log sigma",50,1,7,1.0,0.9997199773788452
mixture,sigma_log_dpm,"Sigma-space DPM-1, log sigma",10,1,8,0.0,0.0
mixture,sigma_log_dpm,"Sigma-space DPM-1, log sigma",10,1,8,0.1,0.09994000196456909
mixture,sigma_log_dpm,"Sigma-space DPM-1, log sigma",10,1,8,0.2,0.20532000064849854
mixture,sigma_log_dpm,"Sigma-space DPM-1, log sigma",10,1,8,0.30000000000000004,0.32165998220443726
mixture,sigma_log_dpm,"Sigma-space DPM-1, log sigma",10,1,8,0.4,0.41235998272895813
mixture,sigma_log_dpm,"Sigma-space DPM-1, log sigma",10,1,8,0.5,0.5165799856185913
mixture,sigma_log_dpm,"Sigma-space DPM-1, log sigma",10,1,8,0.6000000000000001,0.6152399778366089
mixture,sigma_log_dpm,"Sigma-space DPM-1, log sigma",10,1,8,0.7000000000000001,0.7053200006484985
mixture,sigma_log_dpm,"Sigma-space DPM-1, log sigma",10,1,8,0.8,0.7981200218200684
mixture,sigma_log_dpm,"Sigma-space DPM-1, log sigma",10,1,8,0.9,0.905239999294281
mixture,sigma_log_dpm,"Sigma-space DPM-1, log sigma",10,1,8,1.0,0.9968199729919434
mixture,sigma_log_dpm,"Sigma-space DPM-1, log sigma",50,1,8,0.0,0.0
mixture,sigma_log_dpm,"Sigma-space DPM-1, log sigma",50,1,8,0.1,0.11560000479221344
mixture,sigma_log_dpm,"Sigma-space DPM-1, log sigma",50,1,8,0.2,0.22269999980926514
mixture,sigma_log_dpm,"Sigma-space DPM-1, log sigma",50,1,8,0.30000000000000004,0.3416000008583069
mixture,sigma_log_dpm,"Sigma-space DPM-1, log sigma",50,1,8,0.4,0.4496000111103058
mixture,sigma_log_dpm,"Sigma-space DPM-1, log sigma",50,1,8,0.5,0.564300000667572
mixture,sigma_log_dpm,"Sigma-space DPM-1, log sigma",50,1,8,0.6000000000000001,0.6561599969863892
mixture,sigma_log_dpm,"Sigma-space DPM-1, log sigma",50,1,8,0.7000000000000001,0.7397000193595886
mixture,sigma_log_dpm,"Sigma-space DPM-1, log sigma",50,1,8,0.8,0.8363000154495239
mixture,sigma_log_dpm,"Sigma-space DPM-1, log sigma",50,1,8,0.9,0.9302799701690674
mixture,sigma_log_dpm,"Sigma-space DPM-1, log sigma",50,1,8,1.0,0.9996399879455566
mixture,dpm2_log,"DPM-2 + corrector, log sigma",10,1,8,0.0,0.0
mixture,dpm2_log,"DPM-2 + corrector, log sigma",10,1,8,0.1,0.13704000413417816
mixture,dpm2_log,"DPM-2 + corrector, log sigma",10,1,8,0.2,0.2658799886703491
mixture,dpm2_log,"DPM-2 + corrector, log sigma",10,1,8,0.30000000000000004,0.3695800006389618
mixture,dpm2_log,"DPM-2 + corrector, log sigma",10,1,8,0.4,0.48173999786376953
mixture,dpm2_log,"DPM-2 + corrector, log sigma",10,1,8,0.5,0.5970399975776672
mixture,dpm2_log,"DPM-2 + corrector, log sigma",10,1,8,0.6000000000000001,0.7057999968528748
mixture,dpm2_log,"DPM-2 + corrector, log sigma",10,1,8,0.7000000000000001,0.8137400150299072
mixture,dpm2_log,"DPM-2 + corrector, log sigma",10,1,8,0.8,0.8890399932861328
mixture,dpm2_log,"DPM-2 + corrector, log sigma",10,1,8,0.9,0.9469199776649475
mixture,dpm2_log,"DPM-2 + corrector, log sigma",10,1,8,1.0,1.0
mixture,dpm2_log,"DPM-2 + corrector, log sigma",50,1,8,0.0,0.0
mixture,dpm2_log,"DPM-2 + corrector, log sigma",50,1,8,0.1,0.12729999423027039
mixture,dpm2_log,"DPM-2 + corrector, log sigma",50,1,8,0.2,0.25147998332977295
mixture,dpm2_log,"DPM-2 + corrector, log sigma",50,1,8,0.30000000000000004,0.3722600042819977
mixture,dpm2_log,"DPM-2 + corrector, log sigma",50,1,8,0.4,0.48170000314712524
mixture,dpm2_log,"DPM-2 + corrector, log sigma",50,1,8,0.5,0.6116000413894653
mixture,dpm2_log,"DPM-2 + corrector, log sigma",50,1,8,0.6000000000000001,0.7269200086593628
mixture,dpm2_log,"DPM-2 + corrector, log sigma",50,1,8,0.7000000000000001,0.8201799988746643
mixture,dpm2_log,"DPM-2 + corrector, log sigma",50,1,8,0.8,0.9065600037574768
mixture,dpm2_log,"DPM-2 + corrector, log sigma",50,1,8,0.9,0.9702199697494507
mixture,dpm2_log,"DPM-2 + corrector, log sigma",50,1,8,1.0,0.9999799728393555
mixture,sigma_log_dpm,"Sigma-space DPM-1, log sigma",10,1,9,0.0,0.0
mixture,sigma_log_dpm,"Sigma-space DPM-1, log sigma",10,1,9,0.1,0.10678000003099442
mixture,sigma_log_dpm,"Sigma-space DPM-1, log sigma",10,1,9,0.2,0.2132200002670288
mixture,sigma_log_dpm,"Sigma-space DPM-1, log sigma",10,1,9,0.30000000000000004,0.32767999172210693
mixture,sigma_log_dpm,"Sigma-space DPM-1, log sigma",10,1,9,0.4,0.434579998254776
mixture,sigma_log_dpm,"Sigma-space DPM-1, log sigma",10,1,9,0.5,0.5621800422668457
mixture,sigma_log_dpm,"Sigma-space DPM-1, log sigma",10,1,9,0.6000000000000001,0.6783599853515625
mixture,sigma_log_dpm,"Sigma-space DPM-1, log sigma",10,1,9,0.7000000000000001,0.7795200347900391
mixture,sigma_log_dpm,"Sigma-space DPM-1, log sigma",10,1,9,0.8,0.8681199550628662
mixture,sigma_log_dpm,"Sigma-space DPM-1, log sigma",10,1,9,0.9,0.9504599571228027
mixture,sigma_log_dpm,"Sigma-space DPM-1, log sigma",10,1,9,1.0,0.9999200105667114
mixture,sigma_log_dpm,"Sigma-space DPM-1, log sigma",50,1,9,0.0,0.0
mixture,sigma_log_dpm,"Sigma-space DPM-1, log sigma",50,1,9,0.1,0.12992000579833984
mixture,sigma_log_dpm,"Sigma-space DPM-1, log sigma",50,1,9,0.2,0.2465600073337555
mixture,sigma_log_dpm,"Sigma-space DPM-1, log sigma",50,1,9,0.30000000000000004,0.3726600110530853
mixture,sigma_log_dpm,"Sigma-space DPM-1, log sigma",50,1,9,0.4,0.49598002433776855
mixture,sigma_log_dpm,"Sigma-space DPM-1, log sigma",50,1,9,0.5,0.6275399923324585
mixture,sigma_log_dpm,"Sigma-space DPM-1, log sigma",50,1,9,0.6000000000000001,0.7216799855232239
mixture,sigma_log_dpm,"Sigma-space DPM-1, log sigma",50,1,9,0.7000000000000001,0.8132399916648865
mixture,sigma_log_dpm,"Sigma-space DPM-1, log sigma",50,1,9,0.8,0.8935600519180298
mixture,sigma_log_dpm,"Sigma-space DPM-1, log sigma",50,1,9,0.9,0.9681400060653687
mixture,sigma_log_dpm,"Sigma-space DPM-1, log sigma",50,1,9,1.0,0.9999799728393555
mixture,dpm2_log,"DPM-2 + corrector, log sigma",10,1,9,0.0,0.0
mixture,dpm2_log,"DPM-2 + corrector, log sigma",10,1,9,0.1,0.1380000114440918
mixture,dpm2_log,"DPM-2 + corrector, log sigma",10,1,9,0.2,0.24318000674247742
mixture,dpm2_log,"DPM-2 + corrector, log sigma",10,1,9,0.30000000000000004,0.3715599775314331
mixture,dpm2_log,"DPM-2 + corrector, log sigma",10,1,9,0.4,0.5042399764060974
mixture,dpm2_log,"DPM-2 + corrector, log sigma",10,1,9,0.5,0.6217199563980103
mixture,dpm2_log,"DPM-2 + corrector, log sigma",10,1,9,0.6000000000000001,0.7265999913215637
mixture,dpm2_log,"DPM-2 + corrector, log sigma",10,1,9,0.7000000000000001,0.8310799598693848
mixture,dpm2_log,"DPM-2 + corrector, log sigma",10,1,9,0.8,0.9143999814987183
mixture,dpm2_log,"DPM-2 + corrector, log sigma",10,1,9,0.9,0.9791799783706665
mixture,dpm2_log,"DPM-2 + corrector, log sigma",10,1,9,1.0,1.0
mixture,dpm2_log,"DPM-2 + corrector, log sigma",50,1,9,0.0,0.0
mixture,dpm2_log,"DPM-2 + corrector, log sigma",50,1,9,0.1,0.11925999820232391
mixture,dpm2_log,"DPM-2 + corrector, log sigma",50,1,9,0.2,0.2471199929714203
mixture,dpm2_log,"DPM-2 + corrector, log sigma",50,1,9,0.30000000000000004,0.370199978351593
mixture,dpm2_log,"DPM-2 + corrector, log sigma",50,1,9,0.4,0.5029000043869019
mixture,dpm2_log,"DPM-2 + corrector, log sigma",50,1,9,0.5,0.6230599880218506
mixture,dpm2_log,"DPM-2 + corrector, log sigma",50,1,9,0.6000000000000001,0.7223800420761108
mixture,dpm2_log,"DPM-2 + corrector, log sigma",50,1,9,0.7000000000000001,0.8260200023651123
mixture,dpm2_log,"DPM-2 + corrector, log sigma",50,1,9,0.8,0.9099000096321106
mixture,dpm2_log,"DPM-2 + corrector, log sigma",50,1,9,0.9,0.9717000126838684
mixture,dpm2_log,"DPM-2 + corrector, log sigma",50,1,9,1.0,0.999779999256134
mixture,sigma_log_dpm,"Sigma-space DPM-1, log sigma",10,1,10,0.0,0.0
mixture,sigma_log_dpm,"Sigma-space DPM-1, log sigma",10,1,10,0.1,0.07598000019788742
mixture,sigma_log_dpm,"Sigma-space DPM-1, log sigma",10,1,10,0.2,0.15206000208854675
mixture,sigma_log_dpm,"Sigma-space DPM-1, log sigma",10,1,10,0.30000000000000004,0.21011999249458313
mixture,sigma_log_dpm,"Sigma-space DPM-1, log sigma",10,1,10,0.4,0.2875400185585022
mixture,sigma_log_dpm,"Sigma-space DPM-1, log sigma",10,1,10,0.5,0.36743998527526855
mixture,sigma_log_dpm,"Sigma-space DPM-1, log sigma",10,1,10,0.6000000000000001,0.46233999729156494
mixture,sigma_log_dpm,"Sigma-space DPM-1, log sigma",10,1,10,0.7000000000000001,0.5612599849700928
mixture,sigma_log_dpm,"Sigma-space DPM-1, log sigma",10,1,10,0.8,0.6618399620056152
mixture,sigma_log_dpm,"Sigma-space DPM-1, log sigma",10,1,10,0.9,0.7929400205612183
mixture,sigma_log_dpm,"Sigma-space DPM-1, log sigma",10,1,10,1.0,0.9938600063323975
mixture,sigma_log_dpm,"Sigma-space DPM-1, log sigma",50,1,10,0.0,0.0
mixture,sigma_log_dpm,"Sigma-space DPM-1, log sigma",50,1,10,0.1,0.061719998717308044
mixture,sigma_log_dpm,"Sigma-space DPM-1, log sigma",50,1,10,0.2,0.12773999571800232
mixture,sigma_log_dpm,"Sigma-space DPM-1, log sigma",50,1,10,0.30000000000000004,0.19644001126289368
mixture,sigma_log_dpm,"Sigma-space DPM-1, log sigma",50,1,10,0.4,0.267520010471344
mixture,sigma_log_dpm,"Sigma-space DPM-1, log sigma",50,1,10,0.5,0.3386000096797943
mixture,sigma_log_dpm,"Sigma-space DPM-1, log sigma",50,1,10,0.6000000000000001,0.44694000482559204
mixture,sigma_log_dpm,"Sigma-space DPM-1, log sigma",50,1,10,0.7000000000000001,0.546280026435852
mixture,sigma_log_dpm,"Sigma-space DPM-1, log sigma",50,1,10,0.8,0.6572999954223633
mixture,sigma_log_dpm,"Sigma-space DPM-1, log sigma",50,1,10,0.9,0.8003599643707275
mixture,sigma_log_dpm,"Sigma-space DPM-1, log sigma",50,1,10,1.0,0.9883599877357483
mixture,dpm2_log,"DPM-2 + corrector, log sigma",10,1,10,0.0,0.0
mixture,dpm2_log,"DPM-2 + corrector, log sigma",10,1,10,0.1,0.09647999703884125
mixture,dpm2_log,"DPM-2 + corrector, log sigma",10,1,10,0.2,0.19205999374389648
mixture,dpm2_log,"DPM-2 + corrector, log sigma",10,1,10,0.30000000000000004,0.287060022354126
mixture,dpm2_log,"DPM-2 + corrector, log sigma",10,1,10,0.4,0.37474000453948975
mixture,dpm2_log,"DPM-2 + corrector, log sigma",10,1,10,0.5,0.456279993057251
mixture,dpm2_log,"DPM-2 + corrector, log sigma",10,1,10,0.6000000000000001,0.5664399862289429
mixture,dpm2_log,"DPM-2 + corrector, log sigma",10,1,10,0.7000000000000001,0.666920006275177
mixture,dpm2_log,"DPM-2 + corrector, log sigma",10,1,10,0.8,0.758899986743927
mixture,dpm2_log,"DPM-2 + corrector, log sigma",10,1,10,0.9,0.8759599924087524
mixture,dpm2_log,"DPM-2 + corrector, log sigma",10,1,10,1.0,0.9998999834060669
mixture,dpm2_log,"DPM-2 + corrector, log sigma",50,1,10,0.0,0.0
mixture,dpm2_log,"DPM-2 + corrector, log sigma",50,1,10,0.1,0.09786000102758408
mixture,dpm2_log,"DPM-2 + corrector, log sigma",50,1,10,0.2,0.19675999879837036
mixture,dpm2_log,"DPM-2 + corrector, log sigma",50,1,10,0.30000000000000004,0.28016000986099243
mixture,dpm2_log,"DPM-2 + corrector, log sigma",50,1,10,0.4,0.37717998027801514
mixture,dpm2_log,"DPM-2 + corrector, log sigma",50,1,10,0.5,0.47021999955177307
mixture,dpm2_log,"DPM-2 + corrector, log sigma",50,1,10,0.6000000000000001,0.5777599811553955
mixture,dpm2_log,"DPM-2 + corrector, log sigma",50,1,10,0.7000000000000001,0.6632599830627441
mixture,dpm2_log,"DPM-2 + corrector, log sigma",50,1,10,0.8,0.7595999836921692
mixture,dpm2_log,"DPM-2 + corrector, log sigma",50,1,10,0.9,0.8856799602508545
mixture,dpm2_log,"DPM-2 + corrector, log sigma",50,1,10,1.0,0.9998799562454224
mixture,sigma_log_dpm,"Sigma-space DPM-1, log sigma",10,1,11,0.0,0.0
mixture,sigma_log_dpm,"Sigma-space DPM-1, log sigma",10,1,11,0.1,0.10179999470710754
mixture,sigma_log_dpm,"Sigma-space DPM-1, log sigma",10,1,11,0.2,0.1911199986934662
mixture,sigma_log_dpm,"Sigma-space DPM-1, log sigma",10,1,11,0.30000000000000004,0.2958599925041199
mixture,sigma_log_dpm,"Sigma-space DPM-1, log sigma",10,1,11,0.4,0.38801997900009155
mixture,sigma_log_dpm,"Sigma-space DPM-1, log sigma",10,1,11,0.5,0.4916200041770935
mixture,sigma_log_dpm,"Sigma-space DPM-1, log sigma",10,1,11,0.6000000000000001,0.5738199949264526
mixture,sigma_log_dpm,"Sigma-space DPM-1, log sigma",10,1,11,0.7000000000000001,0.6720199584960938
mixture,sigma_log_dpm,"Sigma-space DPM-1, log sigma",10,1,11,0.8,0.7633800506591797
mixture,sigma_log_dpm,"Sigma-space DPM-1, log sigma",10,1,11,0.9,0.8947199583053589
mixture,sigma_log_dpm,"Sigma-space DPM-1, log sigma",10,1,11,1.0,0.9992600083351135
mixture,sigma_log_dpm,"Sigma-space DPM-1, log sigma",50,1,11,0.0,0.0
mixture,sigma_log_dpm,"Sigma-space DPM-1, log sigma",50,1,11,0.1,0.11202000081539154
mixture,sigma_log_dpm,"Sigma-space DPM-1, log sigma",50,1,11,0.2,0.22749999165534973
mixture,sigma_log_dpm,"Sigma-space DPM-1, log sigma",50,1,11,0.30000000000000004,0.35207998752593994
mixture,sigma_log_dpm,"Sigma-space DPM-1, log sigma",50,1,11,0.4,0.43818002939224243
mixture,sigma_log_dpm,"Sigma-space DPM-1, log sigma",50,1,11,0.5,0.5529800057411194
mixture,sigma_log_dpm,"Sigma-space DPM-1, log sigma",50,1,11,0.6000000000000001,0.6414600014686584
mixture,sigma_log_dpm,"Sigma-space DPM-1, log sigma",50,1,11,0.7000000000000001,0.7257200479507446
mixture,sigma_log_dpm,"Sigma-space DPM-1, log sigma",50,1,11,0.8,0.8356199860572815
mixture,sigma_log_dpm,"Sigma-space DPM-1, log sigma",50,1,11,0.9,0.92330002784729
mixture,sigma_log_dpm,"Sigma-space DPM-1, log sigma",50,1,11,1.0,0.9992799758911133
mixture,dpm2_log,"DPM-2 + corrector, log sigma",10,1,11,0.0,0.0
mixture,dpm2_log,"DPM-2 + corrector, log sigma",10,1,11,0.1,0.12841999530792236
mixture,dpm2_log,"DPM-2 + corrector, log sigma",10,1,11,0.2,0.24546000361442566
mixture,dpm2_log,"DPM-2 + corrector, log sigma",10,1,11,0.30000000000000004,0.3698999881744385
mixture,dpm2_log,"DPM-2 + corrector, log sigma",10,1,11,0.4,0.48333999514579773
mixture,dpm2_log,"DPM-2 + corrector, log sigma",10,1,11,0.5,0.5999400019645691
mixture,dpm2_log,"DPM-2 + corrector, log sigma",10,1,11,0.6000000000000001,0.7066600322723389
mixture,dpm2_log,"DPM-2 + corrector, log sigma",10,1,11,0.7000000000000001,0.789639949798584
mixture,dpm2_log,"DPM-2 + corrector, log sigma",10,1,11,0.8,0.8683599829673767
mixture,dpm2_log,"DPM-2 + corrector, log sigma",10,1,11,0.9,0.9555000066757202
mixture,dpm2_log,"DPM-2 + corrector, log sigma",10,1,11,1.0,0.9999799728393555
mixture,dpm2_log,"DPM-2 + corrector, log sigma",50,1,11,0.0,0.0
mixture,dpm2_log,"DPM-2 + corrector, log sigma",50,1,11,0.1,0.12921999394893646
mixture,dpm2_log,"DPM-2 + corrector, log sigma",50,1,11,0.2,0.2551800012588501
mixture,dpm2_log,"DPM-2 + corrector, log sigma",50,1,11,0.30000000000000004,0.3738200068473816
mixture,dpm2_log,"DPM-2 + corrector, log sigma",50,1,11,0.4,0.4668000042438507
mixture,dpm2_log,"DPM-2 + corrector, log sigma",50,1,11,0.5,0.5873399972915649
mixture,dpm2_log,"DPM-2 + corrector, log sigma",50,1,11,0.6000000000000001,0.6923199892044067
mixture,dpm2_log,"DPM-2 + corrector, log sigma",50,1,11,0.7000000000000001,0.774399995803833
mixture,dpm2_log,"DPM-2 + corrector, log sigma",50,1,11,0.8,0.8774800300598145
mixture,dpm2_log,"DPM-2 + corrector, log sigma",50,1,11,0.9,0.9575200080871582
mixture,dpm2_log,"DPM-2 + corrector, log sigma",50,1,11,1.0,0.9997600317001343
mixture,sigma_log_dpm,"Sigma-space DPM-1, log sigma",10,1,12,0.0,0.0
mixture,sigma_log_dpm,"Sigma-space DPM-1, log sigma",10,1,12,0.1,0.11100000143051147
mixture,sigma_log_dpm,"Sigma-space DPM-1, log sigma",10,1,12,0.2,0.2102000117301941
mixture,sigma_log_dpm,"Sigma-space DPM-1, log sigma",10,1,12,0.30000000000000004,0.30191999673843384
mixture,sigma_log_dpm,"Sigma-space DPM-1, log sigma",10,1,12,0.4,0.37874001264572144
mixture,sigma_log_dpm,"Sigma-space DPM-1, log sigma",10,1,12,0.5,0.4690000116825104
mixture,sigma_log_dpm,"Sigma-space DPM-1, log sigma",10,1,12,0.6000000000000001,0.5533599853515625
mixture,sigma_log_dpm,"Sigma-space DPM-1, log sigma",10,1,12,0.7000000000000001,0.6599199771881104
mixture,sigma_log_dpm,"Sigma-space DPM-1, log sigma",10,1,12,0.8,0.7630800008773804
mixture,sigma_log_dpm,"Sigma-space DPM-1, log sigma",10,1,12,0.9,0.8659600019454956
mixture,sigma_log_dpm,"Sigma-space DPM-1, log sigma",10,1,12,1.0,0.9900599718093872
mixture,sigma_log_dpm,"Sigma-space DPM-1, log sigma",50,1,12,0.0,0.0
mixture,sigma_log_dpm,"Sigma-space DPM-1, log sigma",50,1,12,0.1,0.10103999823331833
mixture,sigma_log_dpm,"Sigma-space DPM-1, log sigma",50,1,12,0.2,0.19802001118659973
mixture,sigma_log_dpm,"Sigma-space DPM-1, log sigma",50,1,12,0.30000000000000004,0.29844000935554504
mixture,sigma_log_dpm,"Sigma-space DPM-1, log sigma",50,1,12,0.4,0.39392000436782837
mixture,sigma_log_dpm,"Sigma-space DPM-1, log sigma",50,1,12,0.5,0.4893999993801117
mixture,sigma_log_dpm,"Sigma-space DPM-1, log sigma",50,1,12,0.6000000000000001,0.5766600370407104
mixture,sigma_log_dpm,"Sigma-space DPM-1, log sigma",50,1,12,0.7000000000000001,0.663860023021698
mixture,sigma_log_dpm,"Sigma-space DPM-1, log sigma",50,1,12,0.8,0.7543400526046753
mixture,sigma_log_dpm,"Sigma-space DPM-1, log sigma",50,1,12,0.9,0.8669400215148926
mixture,sigma_log_dpm,"Sigma-space DPM-1, log sigma",50,1,12,1.0,0.9958400130271912
mixture,dpm2_log,"DPM-2 + corrector, log sigma",10,1,12,0.0,0.0
mixture,dpm2_log,"DPM-2 + corrector, log sigma",10,1,12,0.1,0.13154000043869019
mixture,dpm2_log,"DPM-2 + corrector, log sigma",10,1,12,0.2,0.2587999999523163
mixture,dpm2_log,"DPM-2 + corrector, log sigma",10,1,12,0.30000000000000004,0.36070001125335693
mixture,dpm2_log,"DPM-2 + corrector, log sigma",10,1,12,0.4,0.49074000120162964
mixture,dpm2_log,"DPM-2 + corrector, log sigma",10,1,12,0.5,0.5927799940109253
mixture,dpm2_log,"DPM-2 + corrector, log sigma",10,1,12,0.6000000000000001,0.6901199817657471
mixture,dpm2_log,"DPM-2 + corrector, log sigma",10,1,12,0.7000000000000001,0.7700600028038025
mixture,dpm2_log,"DPM-2 + corrector, log sigma",10,1,12,0.8,0.8365600109100342
mixture,dpm2_log,"DPM-2 + corrector, log sigma",10,1,12,0.9,0.9147599935531616
mixture,dpm2_log,"DPM-2 + corrector, log sigma",10,1,12,1.0,0.9995399713516235
mixture,dpm2_log,"DPM-2 + corrector, log sigma",50,1,12,0.0,0.0
mixture,dpm2_log,"DPM-2 + corrector, log sigma",50,1,12,0.1,0.10322000086307526
mixture,dpm2_log,"DPM-2 + corrector, log sigma",50,1,12,0.2,0.21690000593662262
mixture,dpm2_log,"DPM-2 + corrector, log sigma",50,1,12,0.30000000000000004,0.3156599998474121
mixture,dpm2_log,"DPM-2 + corrector, log sigma",50,1,12,0.4,0.42664000391960144
mixture,dpm2_log,"DPM-2 + corrector, log sigma",50,1,12,0.5,0.5404800176620483
mixture,dpm2_log,"DPM-2 + corrector, log sigma",50,1,12,0.6000000000000001,0.6450599431991577
mixture,dpm2_log,"DPM-2 + corrector, log sigma",50,1,12,0.7000000000000001,0.7720999717712402
mixture,dpm2_log,"DPM-2 + corrector, log sigma",50,1,12,0.8,0.8575400114059448
mixture,dpm2_log,"DPM-2 + corrector, log sigma",50,1,12,0.9,0.9557600021362305
mixture,dpm2_log,"DPM-2 + corrector, log sigma",50,1,12,1.0,0.9997199773788452
mixture,sigma_log_dpm,"Sigma-space DPM-1, log sigma",10,1,13,0.0,0.0
mixture,sigma_log_dpm,"Sigma-space DPM-1, log sigma",10,1,13,0.1,0.10750000178813934
mixture,sigma_log_dpm,"Sigma-space DPM-1, log sigma",10,1,13,0.2,0.22100000083446503
mixture,sigma_log_dpm,"Sigma-space DPM-1, log sigma",10,1,13,0.30000000000000004,0.33065998554229736
mixture,sigma_log_dpm,"Sigma-space DPM-1, log sigma",10,1,13,0.4,0.4428600072860718
mixture,sigma_log_dpm,"Sigma-space DPM-1, log sigma",10,1,13,0.5,0.5430399775505066
mixture,sigma_log_dpm,"Sigma-space DPM-1, log sigma",10,1,13,0.6000000000000001,0.6541000008583069
mixture,sigma_log_dpm,"Sigma-space DPM-1, log sigma",10,1,13,0.7000000000000001,0.7287600040435791
mixture,sigma_log_dpm,"Sigma-space DPM-1, log sigma",10,1,13,0.8,0.8406599760055542
mixture,sigma_log_dpm,"Sigma-space DPM-1, log sigma",10,1,13,0.9,0.9381600022315979
mixture,sigma_log_dpm,"Sigma-space DPM-1, log sigma",10,1,13,1.0,0.999940037727356
mixture,sigma_log_dpm,"Sigma-space DPM-1, log sigma",50,1,13,0.0,0.0
mixture,sigma_log_dpm,"Sigma-space DPM-1, log sigma",50,1,13,0.1,0.11504000425338745
mixture,sigma_log_dpm,"Sigma-space DPM-1, log sigma",50,1,13,0.2,0.22023999691009521
mixture,sigma_log_dpm,"Sigma-space DPM-1, log sigma",50,1,13,0.30000000000000004,0.3361799716949463
mixture,sigma_log_dpm,"Sigma-space DPM-1, log sigma",50,1,13,0.4,0.4463599920272827
mixture,sigma_log_dpm,"Sigma-space DPM-1, log sigma",50,1,13,0.5,0.5590000152587891
mixture,sigma_log_dpm,"Sigma-space DPM-1, log sigma",50,1,13,0.6000000000000001,0.6760200262069702
mixture,sigma_log_dpm,"Sigma-space DPM-1, log sigma",50,1,13,0.7000000000000001,0.7796800136566162
mixture,sigma_log_dpm,"Sigma-space DPM-1, log sigma",50,1,13,0.8,0.8783400058746338
mixture,sigma_log_dpm,"Sigma-space DPM-1, log sigma",50,1,13,0.9,0.9521200060844421
mixture,sigma_log_dpm,"Sigma-space DPM-1, log sigma",50,1,13,1.0,1.0
mixture,dpm2_log,"DPM-2 + corrector, log sigma",10,1,13,0.0,0.0
mixture,dpm2_log,"DPM-2 + corrector, log sigma",10,1,13,0.1,0.12229999899864197
mixture,dpm2_log,"DPM-2 + corrector, log sigma",10,1,13,0.2,0.25407999753952026
mixture,dpm2_log,"DPM-2 + corrector, log sigma",10,1,13,0.30000000000000004,0.3764200210571289
mixture,dpm2_log,"DPM-2 + corrector, log sigma",10,1,13,0.4,0.4847400188446045
mixture,dpm2_log,"DPM-2 + corrector, log sigma",10,1,13,0.5,0.5917199850082397
mixture,dpm2_log,"DPM-2 + corrector, log sigma",10,1,13,0.6000000000000001,0.6983400583267212
mixture,dpm2_log,"DPM-2 + corrector, log sigma",10,1,13,0.7000000000000001,0.8086400032043457
mixture,dpm2_log,"DPM-2 + corrector, log sigma",10,1,13,0.8,0.8954800367355347
mixture,dpm2_log,"DPM-2 + corrector, log sigma",10,1,13,0.9,0.9646799564361572
mixture,dpm2_log,"DPM-2 + corrector, log sigma",10,1,13,1.0,0.9999799728393555
mixture,dpm2_log,"DPM-2 + corrector, log sigma",50,1,13,0.0,0.0
mixture,dpm2_log,"DPM-2 + corrector, log sigma",50,1,13,0.1,0.12143999338150024
mixture,dpm2_log,"DPM-2 + corrector, log sigma",50,1,13,0.2,0.243599995970726
mixture,dpm2_log,"DPM-2 + corrector, log sigma",50,1,13,0.30000000000000004,0.3662800192832947
mixture,dpm2_log,"DPM-2 + corrector, log sigma",50,1,13,0.4,0.4682199954986572
mixture,dpm2_log,"DPM-2 + corrector, log sigma",50,1,13,0.5,0.5880199670791626
mixture,dpm2_log,"DPM-2 + corrector, log sigma",50,1,13,0.6000000000000001,0.697100043296814
mixture,dpm2_log,"DPM-2 + corrector, log sigma",50,1,13,0.7000000000000001,0.7921800017356873
mixture,dpm2_log,"DPM-2 + corrector, log sigma",50,1,13,0.8,0.8895000219345093
mixture,dpm2_log,"DPM-2 + corrector, log sigma",50,1,13,0.9,0.9663400053977966
mixture,dpm2_log,"DPM-2 + corrector, log sigma",50,1,13,1.0,0.9999799728393555
mixture,sigma_log_dpm,"Sigma-space DPM-1, log sigma",10,1,14,0.0,0.0
mixture,sigma_log_dpm,"Sigma-space DPM-1, log sigma",10,1,14,0.1,0.07996000349521637
mixture,sigma_log_dpm,"Sigma-space DPM-1, log sigma",10,1,14,0.2,0.16279999911785126
mixture,sigma_log_dpm,"Sigma-space DPM-1, log sigma",10,1,14,0.30000000000000004,0.23166000843048096
mixture,sigma_log_dpm,"Sigma-space DPM-1, log sigma",10,1,14,0.4,0.3131600022315979
mixture,sigma_log_dpm,"Sigma-space DPM-1, log sigma",10,1,14,0.5,0.3991199731826782
mixture,sigma_log_dpm,"Sigma-space DPM-1, log sigma",10,1,14,0.6000000000000001,0.49612000584602356
mixture,sigma_log_dpm,"Sigma-space DPM-1, log sigma",10,1,14,0.7000000000000001,0.6063799858093262
mixture,sigma_log_dpm,"Sigma-space DPM-1, log sigma",10,1,14,0.8,0.6935800313949585
mixture,sigma_log_dpm,"Sigma-space DPM-1, log sigma",10,1,14,0.9,0.8155800104141235
mixture,sigma_log_dpm,"Sigma-space DPM-1, log sigma",10,1,14,1.0,0.994159996509552
mixture,sigma_log_dpm,"Sigma-space DPM-1, log sigma",50,1,14,0.0,0.0
mixture,sigma_log_dpm,"Sigma-space DPM-1, log sigma",50,1,14,0.1,0.0732399970293045
mixture,sigma_log_dpm,"Sigma-space DPM-1, log sigma",50,1,14,0.2,0.15865999460220337
mixture,sigma_log_dpm,"Sigma-space DPM-1, log sigma",50,1,14,0.30000000000000004,0.24357998371124268
mixture,sigma_log_dpm,"Sigma-space DPM-1, log sigma",50,1,14,0.4,0.32844001054763794
mixture,sigma_log_dpm,"Sigma-space DPM-1, log sigma",50,1,14,0.5,0.43209999799728394
mixture,sigma_log_dpm,"Sigma-space DPM-1, log sigma",50,1,14,0.6000000000000001,0.5393199920654297
mixture,sigma_log_dpm,"Sigma-space DPM-1, log sigma",50,1,14,0.7000000000000001,0.6370000243186951
mixture,sigma_log_dpm,"Sigma-space DPM-1, log sigma",50,1,14,0.8,0.7418400049209595
mixture,sigma_log_dpm,"Sigma-space DPM-1, log sigma",50,1,14,0.9,0.8763599991798401
mixture,sigma_log_dpm,"Sigma-space DPM-1, log sigma",50,1,14,1.0,0.9954800009727478
mixture,dpm2_log,"DPM-2 + corrector, log sigma",10,1,14,0.0,0.0
mixture,dpm2_log,"DPM-2 + corrector, log sigma",10,1,14,0.1,0.09049999713897705
mixture,dpm2_log,"DPM-2 + corrector, log sigma",10,1,14,0.2,0.19091999530792236
mixture,dpm2_log,"DPM-2 + corrector, log sigma",10,1,14,0.30000000000000004,0.2805199921131134
mixture,dpm2_log,"DPM-2 + corrector, log sigma",10,1,14,0.4,0.3751400113105774
mixture,dpm2_log,"DPM-2 + corrector, log sigma",10,1,14,0.5,0.47745999693870544
mixture,dpm2_log,"DPM-2 + corrector, log sigma",10,1,14,0.6000000000000001,0.601639986038208
mixture,dpm2_log,"DPM-2 + corrector, log sigma",10,1,14,0.7000000000000001,0.7044199705123901
mixture,dpm2_log,"DPM-2 + corrector, log sigma",10,1,14,0.8,0.8189799785614014
mixture,dpm2_log,"DPM-2 + corrector, log sigma",10,1,14,0.9,0.9198600053787231
mixture,dpm2_log,"DPM-2 + corrector, log sigma",10,1,14,1.0,0.9990600347518921
mixture,dpm2_log,"DPM-2 + corrector, log sigma",50,1,14,0.0,0.0
mixture,dpm2_log,"DPM-2 + corrector, log sigma",50,1,14,0.1,0.10599999874830246
mixture,dpm2_log,"DPM-2 + corrector, log sigma",50,1,14,0.2,0.20085999369621277
mixture,dpm2_log,"DPM-2 + corrector, log sigma",50,1,14,0.30000000000000004,0.31676000356674194
mixture,dpm2_log,"DPM-2 + corrector, log sigma",50,1,14,0.4,0.4241600036621094
mixture,dpm2_log,"DPM-2 + corrector, log sigma",50,1,14,0.5,0.5229400396347046
mixture,dpm2_log,"DPM-2 + corrector, log sigma",50,1,14,0.6000000000000001,0.6421799659729004
mixture,dpm2_log,"DPM-2 + corrector, log sigma",50,1,14,0.7000000000000001,0.7397400140762329
mixture,dpm2_log,"DPM-2 + corrector, log sigma",50,1,14,0.8,0.8356800079345703
mixture,dpm2_log,"DPM-2 + corrector, log sigma",50,1,14,0.9,0.9279000163078308
mixture,dpm2_log,"DPM-2 + corrector, log sigma",50,1,14,1.0,0.999459981918335
mixture,sigma_log_dpm,"Sigma-space DPM-1, log sigma",10,1,15,0.0,0.0
mixture,sigma_log_dpm,"Sigma-space DPM-1, log sigma",10,1,15,0.1,0.10512000322341919
mixture,sigma_log_dpm,"Sigma-space DPM-1, log sigma",10,1,15,0.2,0.22101999819278717
mixture,sigma_log_dpm,"Sigma-space DPM-1, log sigma",10,1,15,0.30000000000000004,0.32652002573013306
mixture,sigma_log_dpm,"Sigma-space DPM-1, log sigma",10,1,15,0.4,0.43483999371528625
mixture,sigma_log_dpm,"Sigma-space DPM-1, log sigma",10,1,15,0.5,0.5417799949645996
mixture,sigma_log_dpm,"Sigma-space DPM-1, log sigma",10,1,15,0.6000000000000001,0.6507799625396729
mixture,sigma_log_dpm,"Sigma-space DPM-1, log sigma",10,1,15,0.7000000000000001,0.7494399547576904
mixture,sigma_log_dpm,"Sigma-space DPM-1, log sigma",10,1,15,0.8,0.857479989528656
mixture,sigma_log_dpm,"Sigma-space DPM-1, log sigma",10,1,15,0.9,0.940779983997345
mixture,sigma_log_dpm,"Sigma-space DPM-1, log sigma",10,1,15,1.0,0.9988399744033813
mixture,sigma_log_dpm,"Sigma-space DPM-1, log sigma",50,1,15,0.0,0.0
mixture,sigma_log_dpm,"Sigma-space DPM-1, log sigma",50,1,15,0.1,0.10967999696731567
mixture,sigma_log_dpm,"Sigma-space DPM-1, log sigma",50,1,15,0.2,0.233939990401268
mixture,sigma_log_dpm,"Sigma-space DPM-1, log sigma",50,1,15,0.30000000000000004,0.3538600206375122
mixture,sigma_log_dpm,"Sigma-space DPM-1, log sigma",50,1,15,0.4,0.46261999011039734
mixture,sigma_log_dpm,"Sigma-space DPM-1, log sigma",50,1,15,0.5,0.5806400179862976
mixture,sigma_log_dpm,"Sigma-space DPM-1, log sigma",50,1,15,0.6000000000000001,0.696120023727417
mixture,sigma_log_dpm,"Sigma-space DPM-1, log sigma",50,1,15,0.7000000000000001,0.7918000221252441
mixture,sigma_log_dpm,"Sigma-space DPM-1, log sigma",50,1,15,0.8,0.8903399705886841
mixture,sigma_log_dpm,"Sigma-space DPM-1, log sigma",50,1,15,0.9,0.9524000287055969
mixture,sigma_log_dpm,"Sigma-space DPM-1, log sigma",50,1,15,1.0,0.9991199970245361
mixture,dpm2_log,"DPM-2 + corrector, log sigma",10,1,15,0.0,0.0
mixture,dpm2_log,"DPM-2 + corrector, log sigma",10,1,15,0.1,0.13523998856544495
mixture,dpm2_log,"DPM-2 + corrector, log sigma",10,1,15,0.2,0.25940001010894775
mixture,dpm2_log,"DPM-2 + corrector, log sigma",10,1,15,0.30000000000000004,0.3763999938964844
mixture,dpm2_log,"DPM-2 + corrector, log sigma",10,1,15,0.4,0.5023000240325928
mixture,dpm2_log,"DPM-2 + corrector, log sigma",10,1,15,0.5,0.6090799570083618
mixture,dpm2_log,"DPM-2 + corrector, log sigma",10,1,15,0.6000000000000001,0.7318800091743469
mixture,dpm2_log,"DPM-2 + corrector, log sigma",10,1,15,0.7000000000000001,0.8209400177001953
mixture,dpm2_log,"DPM-2 + corrector, log sigma",10,1,15,0.8,0.9087200164794922
mixture,dpm2_log,"DPM-2 + corrector, log sigma",10,1,15,0.9,0.9642999768257141
mixture,dpm2_log,"DPM-2 + corrector, log sigma",10,1,15,1.0,0.9996800422668457
mixture,dpm2_log,"DPM-2 + corrector, log sigma",50,1,15,0.0,0.0
mixture,dpm2_log,"DPM-2 + corrector, log sigma",50,1,15,0.1,0.1244799941778183
mixture,dpm2_log,"DPM-2 + corrector, log sigma",50,1,15,0.2,0.25242000818252563
mixture,dpm2_log,"DPM-2 + corrector, log sigma",50,1,15,0.30000000000000004,0.3802199959754944
mixture,dpm2_log,"DPM-2 + corrector, log sigma",50,1,15,0.4,0.5066199898719788
mixture,dpm2_log,"DPM-2 + corrector, log sigma",50,1,15,0.5,0.5986800193786621
mixture,dpm2_log,"DPM-2 + corrector, log sigma",50,1,15,0.6000000000000001,0.6957800388336182
mixture,dpm2_log,"DPM-2 + corrector, log sigma",50,1,15,0.7000000000000001,0.8032799959182739
mixture,dpm2_log,"DPM-2 + corrector, log sigma",50,1,15,0.8,0.8870199918746948
mixture,dpm2_log,"DPM-2 + corrector, log sigma",50,1,15,0.9,0.9621000289916992
mixture,dpm2_log,"DPM-2 + corrector, log sigma",50,1,15,1.0,0.9997999668121338
mixture,sigma_log_dpm,"Sigma-space DPM-1, log sigma",10,2,0,0.0,0.0
mixture,sigma_log_dpm,"Sigma-space DPM-1, log sigma",10,2,0,0.1,0.11299999803304672
mixture,sigma_log_dpm,"Sigma-space DPM-1, log sigma",10,2,0,0.2,0.21911999583244324
mixture,sigma_log_dpm,"Sigma-space DPM-1, log sigma",10,2,0,0.30000000000000004,0.3304799795150757
mixture,sigma_log_dpm,"Sigma-space DPM-1, log sigma",10,2,0,0.4,0.44731998443603516
mixture,sigma_log_dpm,"Sigma-space DPM-1, log sigma",10,2,0,0.5,0.5641000270843506
mixture,sigma_log_dpm,"Sigma-space DPM-1, log sigma",10,2,0,0.6000000000000001,0.6626399755477905
mixture,sigma_log_dpm,"Sigma-space DPM-1, log sigma",10,2,0,0.7000000000000001,0.7674399614334106
mixture,sigma_log_dpm,"Sigma-space DPM-1, log sigma",10,2,0,0.8,0.8549599647521973
mixture,sigma_log_dpm,"Sigma-space DPM-1, log sigma",10,2,0,0.9,0.9377399682998657
mixture,sigma_log_dpm,"Sigma-space DPM-1, log sigma",10,2,0,1.0,0.999940037727356
mixture,sigma_log_dpm,"Sigma-space DPM-1, log sigma",50,2,0,0.0,0.0
mixture,sigma_log_dpm,"Sigma-space DPM-1, log sigma",50,2,0,0.1,0.1289599984884262
mixture,sigma_log_dpm,"Sigma-space DPM-1, log sigma",50,2,0,0.2,0.24765999615192413
mixture,sigma_log_dpm,"Sigma-space DPM-1, log sigma",50,2,0,0.30000000000000004,0.3717399835586548
mixture,sigma_log_dpm,"Sigma-space DPM-1, log sigma",50,2,0,0.4,0.48041999340057373
mixture,sigma_log_dpm,"Sigma-space DPM-1, log sigma",50,2,0,0.5,0.6072999835014343
mixture,sigma_log_dpm,"Sigma-space DPM-1, log sigma",50,2,0,0.6000000000000001,0.7104200124740601
mixture,sigma_log_dpm,"Sigma-space DPM-1, log sigma",50,2,0,0.7000000000000001,0.8076199889183044
mixture,sigma_log_dpm,"Sigma-space DPM-1, log sigma",50,2,0,0.8,0.9090800285339355
mixture,sigma_log_dpm,"Sigma-space DPM-1, log sigma",50,2,0,0.9,0.9662399888038635
mixture,sigma_log_dpm,"Sigma-space DPM-1, log sigma",50,2,0,1.0,0.999940037727356
mixture,dpm2_log,"DPM-2 + corrector, log sigma",10,2,0,0.0,0.0
mixture,dpm2_log,"DPM-2 + corrector, log sigma",10,2,0,0.1,0.1309799998998642
mixture,dpm2_log,"DPM-2 + corrector, log sigma",10,2,0,0.2,0.2591800093650818
mixture,dpm2_log,"DPM-2 + corrector, log sigma",10,2,0,0.30000000000000004,0.3767800033092499
mixture,dpm2_log,"DPM-2 + corrector, log sigma",10,2,0,0.4,0.4870399832725525
mixture,dpm2_log,"DPM-2 + corrector, log sigma",10,2,0,0.5,0.597059965133667
mixture,dpm2_log,"DPM-2 + corrector, log sigma",10,2,0,0.6000000000000001,0.7078199982643127
mixture,dpm2_log,"DPM-2 + corrector, log sigma",10,2,0,0.7000000000000001,0.8134000301361084
mixture,dpm2_log,"DPM-2 + corrector, log sigma",10,2,0,0.8,0.908840000629425
mixture,dpm2_log,"DPM-2 + corrector, log sigma",10,2,0,0.9,0.968559980392456
mixture,dpm2_log,"DPM-2 + corrector, log sigma",10,2,0,1.0,0.9999600052833557
mixture,dpm2_log,"DPM-2 + corrector, log sigma",50,2,0,0.0,0.0
mixture,dpm2_log,"DPM-2 + corrector, log sigma",50,2,0,0.1,0.15501999855041504
mixture,dpm2_log,"DPM-2 + corrector, log sigma",50,2,0,0.2,0.2909800112247467
mixture,dpm2_log,"DPM-2 + corrector, log sigma",50,2,0,0.30000000000000004,0.41780000925064087
mixture,dpm2_log,"DPM-2 + corrector, log sigma",50,2,0,0.4,0.539080023765564
mixture,dpm2_log,"DPM-2 + corrector, log sigma",50,2,0,0.5,0.6383600234985352
mixture,dpm2_log,"DPM-2 + corrector, log sigma",50,2,0,0.6000000000000001,0.7497999668121338
mixture,dpm2_log,"DPM-2 + corrector, log sigma",50,2,0,0.7000000000000001,0.8389599919319153
mixture,dpm2_log,"DPM-2 + corrector, log sigma",50,2,0,0.8,0.9129199981689453
mixture,dpm2_log,"DPM-2 + corrector, log sigma",50,2,0,0.9,0.9769999980926514
mixture,dpm2_log,"DPM-2 + corrector, log sigma",50,2,0,1.0,1.0
mixture,sigma_log_dpm,"Sigma-space DPM-1, log sigma",10,2,1,0.0,0.0
mixture,sigma_log_dpm,"Sigma-space DPM-1, log sigma",10,2,1,0.1,0.04763999953866005
mixture,sigma_log_dpm,"Sigma-space DPM-1, log sigma",10,2,1,0.2,0.10514000058174133
mixture,sigma_log_dpm,"Sigma-space DPM-1, log sigma",10,2,1,0.30000000000000004,0.17017999291419983
mixture,sigma_log_dpm,"Sigma-space DPM-1, log sigma",10,2,1,0.4,0.23796001076698303
mixture,sigma_log_dpm,"Sigma-space DPM-1, log sigma",10,2,1,0.5,0.31676000356674194
mixture,sigma_log_dpm,"Sigma-space DPM-1, log sigma",10,2,1,0.6000000000000001,0.4232400059700012
mixture,sigma_log_dpm,"Sigma-space DPM-1, log sigma",10,2,1,0.7000000000000001,0.5129600167274475
mixture,sigma_log_dpm,"Sigma-space DPM-1, log sigma",10,2,1,0.8,0.670240044593811
mixture,sigma_log_dpm,"Sigma-space DPM-1, log sigma",10,2,1,0.9,0.8344600200653076
mixture,sigma_log_dpm,"Sigma-space DPM-1, log sigma",10,2,1,1.0,0.9991400241851807
mixture,sigma_log_dpm,"Sigma-space DPM-1, log sigma",50,2,1,0.0,0.0
mixture,sigma_log_dpm,"Sigma-space DPM-1, log sigma",50,2,1,0.1,0.05853999778628349
mixture,sigma_log_dpm,"Sigma-space DPM-1, log sigma",50,2,1,0.2,0.11819999665021896
mixture,sigma_log_dpm,"Sigma-space DPM-1, log sigma",50,2,1,0.30000000000000004,0.18879999220371246
mixture,sigma_log_dpm,"Sigma-space DPM-1, log sigma",50,2,1,0.4,0.2651599943637848
mixture,sigma_log_dpm,"Sigma-space DPM-1, log sigma",50,2,1,0.5,0.3433399796485901
mixture,sigma_log_dpm,"Sigma-space DPM-1, log sigma",50,2,1,0.6000000000000001,0.44217997789382935
mixture,sigma_log_dpm,"Sigma-space DPM-1, log sigma",50,2,1,0.7000000000000001,0.5557600259780884
mixture,sigma_log_dpm,"Sigma-space DPM-1, log sigma",50,2,1,0.8,0.6922600269317627
mixture,sigma_log_dpm,"Sigma-space DPM-1, log sigma",50,2,1,0.9,0.8456799983978271
mixture,sigma_log_dpm,"Sigma-space DPM-1, log sigma",50,2,1,1.0,0.9964399933815002
mixture,dpm2_log,"DPM-2 + corrector, log sigma",10,2,1,0.0,0.0
mixture,dpm2_log,"DPM-2 + corrector, log sigma",10,2,1,0.1,0.062140002846717834
mixture,dpm2_log,"DPM-2 + corrector, log sigma",10,2,1,0.2,0.13857999444007874
mixture,dpm2_log,"DPM-2 + corrector, log sigma",10,2,1,0.30000000000000004,0.21432000398635864
mixture,dpm2_log,"DPM-2 + corrector, log sigma",10,2,1,0.4,0.28856000304222107
mixture,dpm2_log,"DPM-2 + corrector, log sigma",10,2,1,0.5,0.3854199945926666
mixture,dpm2_log,"DPM-2 + corrector, log sigma",10,2,1,0.6000000000000001,0.48333999514579773
mixture,dpm2_log,"DPM-2 + corrector, log sigma",10,2,1,0.7000000000000001,0.6039600372314453
mixture,dpm2_log,"DPM-2 + corrector, log sigma",10,2,1,0.8,0.7357000112533569
mixture,dpm2_log,"DPM-2 + corrector, log sigma",10,2,1,0.9,0.8728200197219849
mixture,dpm2_log,"DPM-2 + corrector, log sigma",10,2,1,1.0,0.9978200197219849
mixture,dpm2_log,"DPM-2 + corrector, log sigma",50,2,1,0.0,0.0
mixture,dpm2_log,"DPM-2 + corrector, log sigma",50,2,1,0.1,0.09578000009059906
mixture,dpm2_log,"DPM-2 + corrector, log sigma",50,2,1,0.2,0.19181999564170837
mixture,dpm2_log,"DPM-2 + corrector, log sigma",50,2,1,0.30000000000000004,0.2837200164794922
mixture,dpm2_log,"DPM-2 + corrector, log sigma",50,2,1,0.4,0.38670000433921814
mixture,dpm2_log,"DPM-2 + corrector, log sigma",50,2,1,0.5,0.47835999727249146
mixture,dpm2_log,"DPM-2 + corrector, log sigma",50,2,1,0.6000000000000001,0.586679995059967
mixture,dpm2_log,"DPM-2 + corrector, log sigma",50,2,1,0.7000000000000001,0.7071999907493591
mixture,dpm2_log,"DPM-2 + corrector, log sigma",50,2,1,0.8,0.8128000497817993
mixture,dpm2_log,"DPM-2 + corrector, log sigma",50,2,1,0.9,0.9112399816513062
mixture,dpm2_log,"DPM-2 + corrector, log sigma",50,2,1,1.0,0.9993599653244019
mixture,sigma_log_dpm,"Sigma-space DPM-1, log sigma",10,2,2,0.0,0.0
mixture,sigma_log_dpm,"Sigma-space DPM-1, log sigma",10,2,2,0.1,0.0500200018286705
mixture,sigma_log_dpm,"Sigma-space DPM-1, log sigma",10,2,2,0.2,0.0977800041437149
mixture,sigma_log_dpm,"Sigma-space DPM-1, log sigma",10,2,2,0.30000000000000004,0.1466200053691864
mixture,sigma_log_dpm,"Sigma-space DPM-1, log sigma",10,2,2,0.4,0.20555999875068665
mixture,sigma_log_dpm,"Sigma-space DPM-1, log sigma",10,2,2,0.5,0.26570001244544983
mixture,sigma_log_dpm,"Sigma-space DPM-1, log sigma",10,2,2,0.6000000000000001,0.33833998441696167
mixture,sigma_log_dpm,"Sigma-space DPM-1, log sigma",10,2,2,0.7000000000000001,0.4296000003814697
mixture,sigma_log_dpm,"Sigma-space DPM-1, log sigma",10,2,2,0.8,0.5551799535751343
mixture,sigma_log_dpm,"Sigma-space DPM-1, log sigma",10,2,2,0.9,0.6986600160598755
mixture,sigma_log_dpm,"Sigma-space DPM-1, log sigma",10,2,2,1.0,0.9972800016403198
mixture,sigma_log_dpm,"Sigma-space DPM-1, log sigma",50,2,2,0.0,0.0
mixture,sigma_log_dpm,"Sigma-space DPM-1, log sigma",50,2,2,0.1,0.04651999846100807
mixture,sigma_log_dpm,"Sigma-space DPM-1, log sigma",50,2,2,0.2,0.10118000209331512
mixture,sigma_log_dpm,"Sigma-space DPM-1, log sigma",50,2,2,0.30000000000000004,0.15454000234603882
mixture,sigma_log_dpm,"Sigma-space DPM-1, log sigma",50,2,2,0.4,0.20747999846935272
mixture,sigma_log_dpm,"Sigma-space DPM-1, log sigma",50,2,2,0.5,0.2827799916267395
mixture,sigma_log_dpm,"Sigma-space DPM-1, log sigma",50,2,2,0.6000000000000001,0.370140016078949
mixture,sigma_log_dpm,"Sigma-space DPM-1, log sigma",50,2,2,0.7000000000000001,0.45433998107910156
mixture,sigma_log_dpm,"Sigma-space DPM-1, log sigma",50,2,2,0.8,0.5769000053405762
mixture,sigma_log_dpm,"Sigma-space DPM-1, log sigma",50,2,2,0.9,0.7412999868392944
mixture,sigma_log_dpm,"Sigma-space DPM-1, log sigma",50,2,2,1.0,0.993899941444397
mixture,dpm2_log,"DPM-2 + corrector, log sigma",10,2,2,0.0,0.0
mixture,dpm2_log,"DPM-2 + corrector, log sigma",10,2,2,0.1,0.05708000063896179
mixture,dpm2_log,"DPM-2 + corrector, log sigma",10,2,2,0.2,0.11813999712467194
mixture,dpm2_log,"DPM-2 + corrector, log sigma",10,2,2,0.30000000000000004,0.18869999051094055
mixture,dpm2_log,"DPM-2 + corrector, log sigma",10,2,2,0.4,0.26820001006126404
mixture,dpm2_log,"DPM-2 + corrector, log sigma",10,2,2,0.5,0.35273998975753784
mixture,dpm2_log,"DPM-2 + corrector, log sigma",10,2,2,0.6000000000000001,0.44231998920440674
mixture,dpm2_log,"DPM-2 + corrector, log sigma",10,2,2,0.7000000000000001,0.5461000204086304
mixture,dpm2_log,"DPM-2 + corrector, log sigma",10,2,2,0.8,0.6726000308990479
mixture,dpm2_log,"DPM-2 + corrector, log sigma",10,2,2,0.9,0.8121600151062012
mixture,dpm2_log,"DPM-2 + corrector, log sigma",10,2,2,1.0,0.994379997253418
mixture,dpm2_log,"DPM-2 + corrector, log sigma",50,2,2,0.0,0.0
mixture,dpm2_log,"DPM-2 + corrector, log sigma",50,2,2,0.1,0.07386000454425812
mixture,dpm2_log,"DPM-2 + corrector, log sigma",50,2,2,0.2,0.16322000324726105
mixture,dpm2_log,"DPM-2 + corrector, log sigma",50,2,2,0.30000000000000004,0.25731998682022095
mixture,dpm2_log,"DPM-2 + corrector, log sigma",50,2,2,0.4,0.35707998275756836
mixture,dpm2_log,"DPM-2 + corrector, log sigma",50,2,2,0.5,0.4526199996471405
mixture,dpm2_log,"DPM-2 + corrector, log sigma",50,2,2,0.6000000000000001,0.5466200113296509
mixture,dpm2_log,"DPM-2 + corrector, log sigma",50,2,2,0.7000000000000001,0.6373599767684937
mixture,dpm2_log,"DPM-2 + corrector, log sigma",50,2,2,0.8,0.7522199749946594
mixture,dpm2_log,"DPM-2 + corrector, log sigma",50,2,2,0.9,0.8726400136947632
mixture,dpm2_log,"DPM-2 + corrector, log sigma",50,2,2,1.0,0.9990400075912476
mixture,sigma_log_dpm,"Sigma-space DPM-1, log sigma",10,2,3,0.0,0.0
mixture,sigma_log_dpm,"Sigma-space DPM-1, log sigma",10,2,3,0.1,0.07797999680042267
mixture,sigma_log_dpm,"Sigma-space DPM-1, log sigma",10,2,3,0.2,0.15540000796318054
mixture,sigma_log_dpm,"Sigma-space DPM-1, log sigma",10,2,3,0.30000000000000004,0.23934000730514526
mixture,sigma_log_dpm,"Sigma-space DPM-1, log sigma",10,2,3,0.4,0.3087400197982788
mixture,sigma_log_dpm,"Sigma-space DPM-1, log sigma",10,2,3,0.5,0.3923799991607666
mixture,sigma_log_dpm,"Sigma-space DPM-1, log sigma",10,2,3,0.6000000000000001,0.49309998750686646
mixture,sigma_log_dpm,"Sigma-space DPM-1, log sigma",10,2,3,0.7000000000000001,0.5901999473571777
mixture,sigma_log_dpm,"Sigma-space DPM-1, log sigma",10,2,3,0.8,0.6951000094413757
mixture,sigma_log_dpm,"Sigma-space DPM-1, log sigma",10,2,3,0.9,0.8318400382995605
mixture,sigma_log_dpm,"Sigma-space DPM-1, log sigma",10,2,3,1.0,0.9778599739074707
mixture,sigma_log_dpm,"Sigma-space DPM-1, log sigma",50,2,3,0.0,0.0
mixture,sigma_log_dpm,"Sigma-space DPM-1, log sigma",50,2,3,0.1,0.07406000047922134
mixture,sigma_log_dpm,"Sigma-space DPM-1, log sigma",50,2,3,0.2,0.13957999646663666
mixture,sigma_log_dpm,"Sigma-space DPM-1, log sigma",50,2,3,0.30000000000000004,0.21930000185966492
mixture,sigma_log_dpm,"Sigma-space DPM-1, log sigma",50,2,3,0.4,0.3066999912261963
mixture,sigma_log_dpm,"Sigma-space DPM-1, log sigma",50,2,3,0.5,0.3916800022125244
mixture,sigma_log_dpm,"Sigma-space DPM-1, log sigma",50,2,3,0.6000000000000001,0.4738200008869171
mixture,sigma_log_dpm,"Sigma-space DPM-1, log sigma",50,2,3,0.7000000000000001,0.5925999879837036
mixture,sigma_log_dpm,"Sigma-space DPM-1, log sigma",50,2,3,0.8,0.7028200030326843
mixture,sigma_log_dpm,"Sigma-space DPM-1, log sigma",50,2,3,0.9,0.8274999856948853
mixture,sigma_log_dpm,"Sigma-space DPM-1, log sigma",50,2,3,1.0,0.9959800243377686
mixture,dpm2_log,"DPM-2 + corrector, log sigma",10,2,3,0.0,0.0
mixture,dpm2_log,"DPM-2 + corrector, log sigma",10,2,3,0.1,0.08886000514030457
mixture,dpm2_log,"DPM-2 + corrector, log sigma",10,2,3,0.2,0.18408000469207764
mixture,dpm2_log,"DPM-2 + corrector, log sigma",10,2,3,0.30000000000000004,0.27316001057624817
mixture,dpm2_log,"DPM-2 + corrector, log sigma",10,2,3,0.4,0.3792399764060974
mixture,dpm2_log,"DPM-2 + corrector, log sigma",10,2,3,0.5,0.4890400171279907
mixture,dpm2_log,"DPM-2 + corrector, log sigma",10,2,3,0.6000000000000001,0.5673799514770508
mixture,dpm2_log,"DPM-2 + corrector, log sigma",10,2,3,0.7000000000000001,0.6900399923324585
mixture,dpm2_log,"DPM-2 + corrector, log sigma",10,2,3,0.8,0.8052600026130676
mixture,dpm2_log,"DPM-2 + corrector, log sigma",10,2,3,0.9,0.9180999994277954
mixture,dpm2_log,"DPM-2 + corrector, log sigma",10,2,3,1.0,0.9997000098228455
mixture,dpm2_log,"DPM-2 + corrector, log sigma",50,2,3,0.0,0.0
mixture,dpm2_log,"DPM-2 + corrector, log sigma",50,2,3,0.1,0.09910000115633011
mixture,dpm2_log,"DPM-2 + corrector, log sigma",50,2,3,0.2,0.1897599995136261
mixture,dpm2_log,"DPM-2 + corrector, log sigma",50,2,3,0.30000000000000004,0.29646000266075134
mixture,dpm2_log,"DPM-2 + corrector, log sigma",50,2,3,0.4,0.4027000069618225
mixture,dpm2_log,"DPM-2 + corrector, log sigma",50,2,3,0.5,0.5046800374984741
mixture,dpm2_log,"DPM-2 + corrector, log sigma",50,2,3,0.6000000000000001,0.6190999746322632
mixture,dpm2_log,"DPM-2 + corrector, log sigma",50,2,3,0.7000000000000001,0.7148600220680237
mixture,dpm2_log,"DPM-2 + corrector, log sigma",50,2,3,0.8,0.79475998878479
mixture,dpm2_log,"DPM-2 + corrector, log sigma",50,2,3,0.9,0.9069600105285645
mixture,dpm2_log,"DPM-2 + corrector, log sigma",50,2,3,1.0,0.999019980430603
mixture,sigma_log_dpm,"Sigma-space DPM-1, log sigma",10,2,4,0.0,0.0
mixture,sigma_log_dpm,"Sigma-space DPM-1, log sigma",10,2,4,0.1,0.08334000408649445
mixture,sigma_log_dpm,"Sigma-space DPM-1, log sigma",10,2,4,0.2,0.1754399985074997
mixture,sigma_log_dpm,"Sigma-space DPM-1, log sigma",10,2,4,0.30000000000000004,0.26034000515937805
mixture,sigma_log_dpm,"Sigma-space DPM-1, log sigma",10,2,4,0.4,0.3624799847602844
mixture,sigma_log_dpm,"Sigma-space DPM-1, log sigma",10,2,4,0.5,0.457040011882782
mixture,sigma_log_dpm,"Sigma-space DPM-1, log sigma",10,2,4,0.6000000000000001,0.5541399717330933
mixture,sigma_log_dpm,"Sigma-space DPM-1, log sigma",10,2,4,0.7000000000000001,0.6283600330352783
mixture,sigma_log_dpm,"Sigma-space DPM-1, log sigma",10,2,4,0.8,0.7387599945068359
mixture,sigma_log_dpm,"Sigma-space DPM-1, log sigma",10,2,4,0.9,0.8476799726486206
mixture,sigma_log_dpm,"Sigma-space DPM-1, log sigma",10,2,4,1.0,0.9807800054550171
mixture,sigma_log_dpm,"Sigma-space DPM-1, log sigma",50,2,4,0.0,0.0
mixture,sigma_log_dpm,"Sigma-space DPM-1, log sigma",50,2,4,0.1,0.08033999800682068
mixture,sigma_log_dpm,"Sigma-space DPM-1, log sigma",50,2,4,0.2,0.1642400026321411
mixture,sigma_log_dpm,"Sigma-space DPM-1, log sigma",50,2,4,0.30000000000000004,0.2519400119781494
mixture,sigma_log_dpm,"Sigma-space DPM-1, log sigma",50,2,4,0.4,0.34064000844955444
mixture,sigma_log_dpm,"Sigma-space DPM-1, log sigma",50,2,4,0.5,0.4361400008201599
mixture,sigma_log_dpm,"Sigma-space DPM-1, log sigma",50,2,4,0.6000000000000001,0.5379400253295898
mixture,sigma_log_dpm,"Sigma-space DPM-1, log sigma",50,2,4,0.7000000000000001,0.6237800121307373
mixture,sigma_log_dpm,"Sigma-space DPM-1, log sigma",50,2,4,0.8,0.7181600332260132
mixture,sigma_log_dpm,"Sigma-space DPM-1, log sigma",50,2,4,0.9,0.828760027885437
mixture,sigma_log_dpm,"Sigma-space DPM-1, log sigma",50,2,4,1.0,0.9887800216674805
mixture,dpm2_log,"DPM-2 + corrector, log sigma",10,2,4,0.0,0.0
mixture,dpm2_log,"DPM-2 + corrector, log sigma",10,2,4,0.1,0.09999999403953552
mixture,dpm2_log,"DPM-2 + corrector, log sigma",10,2,4,0.2,0.1843000054359436
mixture,dpm2_log,"DPM-2 + corrector, log sigma",10,2,4,0.30000000000000004,0.2738800048828125
mixture,dpm2_log,"DPM-2 + corrector, log sigma",10,2,4,0.4,0.3873800039291382
mixture,dpm2_log,"DPM-2 + corrector, log sigma",10,2,4,0.5,0.49974000453948975
mixture,dpm2_log,"DPM-2 + corrector, log sigma",10,2,4,0.6000000000000001,0.606660008430481
mixture,dpm2_log,"DPM-2 + corrector, log sigma",10,2,4,0.7000000000000001,0.7132200002670288
mixture,dpm2_log,"DPM-2 + corrector, log sigma",10,2,4,0.8,0.8215600252151489
mixture,dpm2_log,"DPM-2 + corrector, log sigma",10,2,4,0.9,0.9114400148391724
mixture,dpm2_log,"DPM-2 + corrector, log sigma",10,2,4,1.0,0.999239981174469
mixture,dpm2_log,"DPM-2 + corrector, log sigma",50,2,4,0.0,0.0
mixture,dpm2_log,"DPM-2 + corrector, log sigma",50,2,4,0.1,0.09348000586032867
mixture,dpm2_log,"DPM-2 + corrector, log sigma",50,2,4,0.2,0.18907999992370605
mixture,dpm2_log,"DPM-2 + corrector, log sigma",50,2,4,0.30000000000000004,0.2939999997615814
mixture,dpm2_log,"DPM-2 + corrector, log sigma",50,2,4,0.4,0.417959988117218
mixture,dpm2_log,"DPM-2 + corrector, log sigma",50,2,4,0.5,0.537600040435791
mixture,dpm2_log,"DPM-2 + corrector, log sigma",50,2,4,0.6000000000000001,0.652400016784668
mixture,dpm2_log,"DPM-2 + corrector, log sigma",50,2,4,0.7000000000000001,0.740119993686676
mixture,dpm2_log,"DPM-2 + corrector, log sigma",50,2,4,0.8,0.8378000259399414
mixture,dpm2_log,"DPM-2 + corrector, log sigma",50,2,4,0.9,0.9373800158500671
mixture,dpm2_log,"DPM-2 + corrector, log sigma",50,2,4,1.0,0.9996399879455566
mixture,sigma_log_dpm,"Sigma-space DPM-1, log sigma",10,2,5,0.0,0.0
mixture,sigma_log_dpm,"Sigma-space DPM-1, log sigma",10,2,5,0.1,0.06304000318050385
mixture,sigma_log_dpm,"Sigma-space DPM-1, log sigma",10,2,5,0.2,0.13198000192642212
mixture,sigma_log_dpm,"Sigma-space DPM-1, log sigma",10,2,5,0.30000000000000004,0.20467999577522278
mixture,sigma_log_dpm,"Sigma-space DPM-1, log sigma",10,2,5,0.4,0.28817999362945557
mixture,sigma_log_dpm,"Sigma-space DPM-1, log sigma",10,2,5,0.5,0.3468800187110901
mixture,sigma_log_dpm,"Sigma-space DPM-1, log sigma",10,2,5,0.6000000000000001,0.42834001779556274
mixture,sigma_log_dpm,"Sigma-space DPM-1, log sigma",10,2,5,0.7000000000000001,0.522819995880127
mixture,sigma_log_dpm,"Sigma-space DPM-1, log sigma",10,2,5,0.8,0.6521799564361572
mixture,sigma_log_dpm,"Sigma-space DPM-1, log sigma",10,2,5,0.9,0.7798399925231934
mixture,sigma_log_dpm,"Sigma-space DPM-1, log sigma",10,2,5,1.0,0.9918799996376038
mixture,sigma_log_dpm,"Sigma-space DPM-1, log sigma",50,2,5,0.0,0.0
mixture,sigma_log_dpm,"Sigma-space DPM-1, log sigma",50,2,5,0.1,0.06062000244855881
mixture,sigma_log_dpm,"Sigma-space DPM-1, log sigma",50,2,5,0.2,0.13120000064373016
mixture,sigma_log_dpm,"Sigma-space DPM-1, log sigma",50,2,5,0.30000000000000004,0.2148599922657013
mixture,sigma_log_dpm,"Sigma-space DPM-1, log sigma",50,2,5,0.4,0.3004800081253052
mixture,sigma_log_dpm,"Sigma-space DPM-1, log sigma",50,2,5,0.5,0.3889999985694885
mixture,sigma_log_dpm,"Sigma-space DPM-1, log sigma",50,2,5,0.6000000000000001,0.4934599995613098
mixture,sigma_log_dpm,"Sigma-space DPM-1, log sigma",50,2,5,0.7000000000000001,0.5983999967575073
mixture,sigma_log_dpm,"Sigma-space DPM-1, log sigma",50,2,5,0.8,0.7026599645614624
mixture,sigma_log_dpm,"Sigma-space DPM-1, log sigma",50,2,5,0.9,0.834879994392395
mixture,sigma_log_dpm,"Sigma-space DPM-1, log sigma",50,2,5,1.0,0.9922000169754028
mixture,dpm2_log,"DPM-2 + corrector, log sigma",10,2,5,0.0,0.0
mixture,dpm2_log,"DPM-2 + corrector, log sigma",10,2,5,0.1,0.09163999557495117
mixture,dpm2_log,"DPM-2 + corrector, log sigma",10,2,5,0.2,0.1859399974346161
mixture,dpm2_log,"DPM-2 + corrector, log sigma",10,2,5,0.30000000000000004,0.269679993391037
mixture,dpm2_log,"DPM-2 + corrector, log sigma",10,2,5,0.4,0.3621399998664856
mixture,dpm2_log,"DPM-2 + corrector, log sigma",10,2,5,0.5,0.44370001554489136
mixture,dpm2_log,"DPM-2 + corrector, log sigma",10,2,5,0.6000000000000001,0.5263800024986267
mixture,dpm2_log,"DPM-2 + corrector, log sigma",10,2,5,0.7000000000000001,0.6253800392150879
mixture,dpm2_log,"DPM-2 + corrector, log sigma",10,2,5,0.8,0.7226799726486206
mixture,dpm2_log,"DPM-2 + corrector, log sigma",10,2,5,0.9,0.8408399820327759
mixture,dpm2_log,"DPM-2 + corrector, log sigma",10,2,5,1.0,0.997920036315918
mixture,dpm2_log,"DPM-2 + corrector, log sigma",50,2,5,0.0,0.0
mixture,dpm2_log,"DPM-2 + corrector, log sigma",50,2,5,0.1,0.1133200004696846
mixture,dpm2_log,"DPM-2 + corrector, log sigma",50,2,5,0.2,0.21599999070167542
mixture,dpm2_log,"DPM-2 + corrector, log sigma",50,2,5,0.30000000000000004,0.32877999544143677
mixture,dpm2_log,"DPM-2 + corrector, log sigma",50,2,5,0.4,0.4274200201034546
mixture,dpm2_log,"DPM-2 + corrector, log sigma",50,2,5,0.5,0.5390000343322754
mixture,dpm2_log,"DPM-2 + corrector, log sigma",50,2,5,0.6000000000000001,0.6637799739837646
mixture,dpm2_log,"DPM-2 + corrector, log sigma",50,2,5,0.7000000000000001,0.7575199604034424
mixture,dpm2_log,"DPM-2 + corrector, log sigma",50,2,5,0.8,0.8467599749565125
mixture,dpm2_log,"DPM-2 + corrector, log sigma",50,2,5,0.9,0.918179988861084
mixture,dpm2_log,"DPM-2 + corrector, log sigma",50,2,5,1.0,0.9997400045394897
mixture,sigma_log_dpm,"Sigma-space DPM-1, log sigma",10,2,6,0.0,0.0
mixture,sigma_log_dpm,"Sigma-space DPM-1, log sigma",10,2,6,0.1,0.1054999977350235
mixture,sigma_log_dpm,"Sigma-space DPM-1, log sigma",10,2,6,0.2,0.18799999356269836
mixture,sigma_log_dpm,"Sigma-space DPM-1, log sigma",10,2,6,0.30000000000000004,0.2716600000858307
mixture,sigma_log_dpm,"Sigma-space DPM-1, log sigma",10,2,6,0.4,0.3657799959182739
mixture,sigma_log_dpm,"Sigma-space DPM-1, log sigma",10,2,6,0.5,0.4592599868774414
mixture,sigma_log_dpm,"Sigma-space DPM-1, log sigma",10,2,6,0.6000000000000001,0.5576599836349487
mixture,sigma_log_dpm,"Sigma-space DPM-1, log sigma",10,2,6,0.7000000000000001,0.6715400218963623
mixture,sigma_log_dpm,"Sigma-space DPM-1, log sigma",10,2,6,0.8,0.7736799716949463
mixture,sigma_log_dpm,"Sigma-space DPM-1, log sigma",10,2,6,0.9,0.8835200071334839
mixture,sigma_log_dpm,"Sigma-space DPM-1, log sigma",10,2,6,1.0,0.9974000453948975
mixture,sigma_log_dpm,"Sigma-space DPM-1, log sigma",50,2,6,0.0,0.0
mixture,sigma_log_dpm,"Sigma-space DPM-1, log sigma",50,2,6,0.1,0.0824199989438057
mixture,sigma_log_dpm,"Sigma-space DPM-1, log sigma",50,2,6,0.2,0.16817998886108398
mixture,sigma_log_dpm,"Sigma-space DPM-1, log sigma",50,2,6,0.30000000000000004,0.25397998094558716
mixture,sigma_log_dpm,"Sigma-space DPM-1, log sigma",50,2,6,0.4,0.35329997539520264
mixture,sigma_log_dpm,"Sigma-space DPM-1, log sigma",50,2,6,0.5,0.4461599886417389
mixture,sigma_log_dpm,"Sigma-space DPM-1, log sigma",50,2,6,0.6000000000000001,0.5533000230789185
mixture,sigma_log_dpm,"Sigma-space DPM-1, log sigma",50,2,6,0.7000000000000001,0.6358399987220764
mixture,sigma_log_dpm,"Sigma-space DPM-1, log sigma",50,2,6,0.8,0.7538800239562988
mixture,sigma_log_dpm,"Sigma-space DPM-1, log sigma",50,2,6,0.9,0.8758200407028198
mixture,sigma_log_dpm,"Sigma-space DPM-1, log sigma",50,2,6,1.0,0.9985600113868713
mixture,dpm2_log,"DPM-2 + corrector, log sigma",10,2,6,0.0,0.0
mixture,dpm2_log,"DPM-2 + corrector, log sigma",10,2,6,0.1,0.09318000078201294
mixture,dpm2_log,"DPM-2 + corrector, log sigma",10,2,6,0.2,0.20518000423908234
mixture,dpm2_log,"DPM-2 + corrector, log sigma",10,2,6,0.30000000000000004,0.3389599919319153
mixture,dpm2_log,"DPM-2 + corrector, log sigma",10,2,6,0.4,0.44477999210357666
mixture,dpm2_log,"DPM-2 + corrector, log sigma",10,2,6,0.5,0.5453000068664551
mixture,dpm2_log,"DPM-2 + corrector, log sigma",10,2,6,0.6000000000000001,0.641759991645813
mixture,dpm2_log,"DPM-2 + corrector, log sigma",10,2,6,0.7000000000000001,0.7409399747848511
mixture,dpm2_log,"DPM-2 + corrector, log sigma",10,2,6,0.8,0.8410600423812866
mixture,dpm2_log,"DPM-2 + corrector, log sigma",10,2,6,0.9,0.9298200011253357
mixture,dpm2_log,"DPM-2 + corrector, log sigma",10,2,6,1.0,0.9981000423431396
mixture,dpm2_log,"DPM-2 + corrector, log sigma",50,2,6,0.0,0.0
mixture,dpm2_log,"DPM-2 + corrector, log sigma",50,2,6,0.1,0.10366000235080719
mixture,dpm2_log,"DPM-2 + corrector, log sigma",50,2,6,0.2,0.21051999926567078
mixture,dpm2_log,"DPM-2 + corrector, log sigma",50,2,6,0.30000000000000004,0.3487200140953064
mixture,dpm2_log,"DPM-2 + corrector, log sigma",50,2,6,0.4,0.45249998569488525
mixture,dpm2_log,"DPM-2 + corrector, log sigma",50,2,6,0.5,0.5621199607849121
mixture,dpm2_log,"DPM-2 + corrector, log sigma",50,2,6,0.6000000000000001,0.6543400287628174
mixture,dpm2_log,"DPM-2 + corrector, log sigma",50,2,6,0.7000000000000001,0.746940016746521
mixture,dpm2_log,"DPM-2 + corrector, log sigma",50,2,6,0.8,0.8438199758529663
mixture,dpm2_log,"DPM-2 + corrector, log sigma",50,2,6,0.9,0.9336000084877014
mixture,dpm2_log,"DPM-2 + corrector, log sigma",50,2,6,1.0,0.9992799758911133
mixture,sigma_log_dpm,"Sigma-space DPM-1, log sigma",10,2,7,0.0,0.0
mixture,sigma_log_dpm,"Sigma-space DPM-1, log sigma",10,2,7,0.1,0.08547999709844589
mixture,sigma_log_dpm,"Sigma-space DPM-1, log sigma",10,2,7,0.2,0.18719999492168427
mixture,sigma_log_dpm,"Sigma-space DPM-1, log sigma",10,2,7,0.30000000000000004,0.2624799907207489
mixture,sigma_log_dpm,"Sigma-space DPM-1, log sigma",10,2,7,0.4,0.33994001150131226
mixture,sigma_log_dpm,"Sigma-space DPM-1, log sigma",10,2,7,0.5,0.420960009098053
mixture,sigma_log_dpm,"Sigma-space DPM-1, log sigma",10,2,7,0.6000000000000001,0.49564000964164734
mixture,sigma_log_dpm,"Sigma-space DPM-1, log sigma",10,2,7,0.7000000000000001,0.5555399656295776
mixture,sigma_log_dpm,"Sigma-space DPM-1, log sigma",10,2,7,0.8,0.6291400194168091
mixture,sigma_log_dpm,"Sigma-space DPM-1, log sigma",10,2,7,0.9,0.7473200559616089
mixture,sigma_log_dpm,"Sigma-space DPM-1, log sigma",10,2,7,1.0,0.9991799592971802
mixture,sigma_log_dpm,"Sigma-space DPM-1, log sigma",50,2,7,0.0,0.0
mixture,sigma_log_dpm,"Sigma-space DPM-1, log sigma",50,2,7,0.1,0.0834600031375885
mixture,sigma_log_dpm,"Sigma-space DPM-1, log sigma",50,2,7,0.2,0.1893799901008606
mixture,sigma_log_dpm,"Sigma-space DPM-1, log sigma",50,2,7,0.30000000000000004,0.27629998326301575
mixture,sigma_log_dpm,"Sigma-space DPM-1, log sigma",50,2,7,0.4,0.3615800142288208
mixture,sigma_log_dpm,"Sigma-space DPM-1, log sigma",50,2,7,0.5,0.43055999279022217
mixture,sigma_log_dpm,"Sigma-space DPM-1, log sigma",50,2,7,0.6000000000000001,0.5171999931335449
mixture,sigma_log_dpm,"Sigma-space DPM-1, log sigma",50,2,7,0.7000000000000001,0.5936800241470337
mixture,sigma_log_dpm,"Sigma-space DPM-1, log sigma",50,2,7,0.8,0.6836400032043457
mixture,sigma_log_dpm,"Sigma-space DPM-1, log sigma",50,2,7,0.9,0.7853399515151978
mixture,sigma_log_dpm,"Sigma-space DPM-1, log sigma",50,2,7,1.0,0.9956600069999695
mixture,dpm2_log,"DPM-2 + corrector, log sigma",10,2,7,0.0,0.0
mixture,dpm2_log,"DPM-2 + corrector, log sigma",10,2,7,0.1,0.10675999522209167
mixture,dpm2_log,"DPM-2 + corrector, log sigma",10,2,7,0.2,0.210439994931221
mixture,dpm2_log,"DPM-2 + corrector, log sigma",10,2,7,0.30000000000000004,0.31435999274253845
mixture,dpm2_log,"DPM-2 + corrector, log sigma",10,2,7,0.4,0.410040020942688
mixture,dpm2_log,"DPM-2 + corrector, log sigma",10,2,7,0.5,0.5015000104904175
mixture,dpm2_log,"DPM-2 + corrector, log sigma",10,2,7,0.6000000000000001,0.5841400027275085
mixture,dpm2_log,"DPM-2 + corrector, log sigma",10,2,7,0.7000000000000001,0.6638200283050537
mixture,dpm2_log,"DPM-2 + corrector, log sigma",10,2,7,0.8,0.7796599864959717
mixture,dpm2_log,"DPM-2 + corrector, log sigma",10,2,7,0.9,0.8813999891281128
mixture,dpm2_log,"DPM-2 + corrector, log sigma",10,2,7,1.0,0.9995599985122681
mixture,dpm2_log,"DPM-2 + corrector, log sigma",50,2,7,0.0,0.0
mixture,dpm2_log,"DPM-2 + corrector, log sigma",50,2,7,0.1,0.10610000789165497
mixture,dpm2_log,"DPM-2 + corrector, log sigma",50,2,7,0.2,0.2269199937582016
mixture,dpm2_log,"DPM-2 + corrector, log sigma",50,2,7,0.30000000000000004,0.32673999667167664
mixture,dpm2_log,"DPM-2 + corrector, log sigma",50,2,7,0.4,0.42847999930381775
mixture,dpm2_log,"DPM-2 + corrector, log sigma",50,2,7,0.5,0.5273599624633789
mixture,dpm2_log,"DPM-2 + corrector, log sigma",50,2,7,0.6000000000000001,0.6346200108528137
mixture,dpm2_log,"DPM-2 + corrector, log sigma",50,2,7,0.7000000000000001,0.7266600131988525
mixture,dpm2_log,"DPM-2 + corrector, log sigma",50,2,7,0.8,0.8316400051116943
mixture,dpm2_log,"DPM-2 + corrector, log sigma",50,2,7,0.9,0.9229600429534912
mixture,dpm2_log,"DPM-2 + corrector, log sigma",50,2,7,1.0,0.9996800422668457
mixture,sigma_log_dpm,"Sigma-space DPM-1, log sigma",10,2,8,0.0,0.0
mixture,sigma_log_dpm,"Sigma-space DPM-1, log sigma",10,2,8,0.1,0.11010000109672546
mixture,sigma_log_dpm,"Sigma-space DPM-1, log sigma",10,2,8,0.2,0.21345999836921692
mixture,sigma_log_dpm,"Sigma-space DPM-1, log sigma",10,2,8,0.30000000000000004,0.31431999802589417
mixture,sigma_log_dpm,"Sigma-space DPM-1, log sigma",10,2,8,0.4,0.4161600172519684
mixture,sigma_log_dpm,"Sigma-space DPM-1, log sigma",10,2,8,0.5,0.5153999924659729
mixture,sigma_log_dpm,"Sigma-space DPM-1, log sigma",10,2,8,0.6000000000000001,0.6012399792671204
mixture,sigma_log_dpm,"Sigma-space DPM-1, log sigma",10,2,8,0.7000000000000001,0.7040799856185913
mixture,sigma_log_dpm,"Sigma-space DPM-1, log sigma",10,2,8,0.8,0.8102200031280518
mixture,sigma_log_dpm,"Sigma-space DPM-1, log sigma",10,2,8,0.9,0.9063199758529663
mixture,sigma_log_dpm,"Sigma-space DPM-1, log sigma",10,2,8,1.0,1.0
mixture,sigma_log_dpm,"Sigma-space DPM-1, log sigma",50,2,8,0.0,0.0
mixture,sigma_log_dpm,"Sigma-space DPM-1, log sigma",50,2,8,0.1,0.11062000691890717
mixture,sigma_log_dpm,"Sigma-space DPM-1, log sigma",50,2,8,0.2,0.2178800106048584
mixture,sigma_log_dpm,"Sigma-space DPM-1, log sigma",50,2,8,0.30000000000000004,0.31294000148773193
mixture,sigma_log_dpm,"Sigma-space DPM-1, log sigma",50,2,8,0.4,0.4239400029182434
mixture,sigma_log_dpm,"Sigma-space DPM-1, log sigma",50,2,8,0.5,0.527899980545044
mixture,sigma_log_dpm,"Sigma-space DPM-1, log sigma",50,2,8,0.6000000000000001,0.6365000009536743
mixture,sigma_log_dpm,"Sigma-space DPM-1, log sigma",50,2,8,0.7000000000000001,0.73881995677948
mixture,sigma_log_dpm,"Sigma-space DPM-1, log sigma",50,2,8,0.8,0.8437399864196777
mixture,sigma_log_dpm,"Sigma-space DPM-1, log sigma",50,2,8,0.9,0.9401600360870361
mixture,sigma_log_dpm,"Sigma-space DPM-1, log sigma",50,2,8,1.0,0.9999200105667114
mixture,dpm2_log,"DPM-2 + corrector, log sigma",10,2,8,0.0,0.0
mixture,dpm2_log,"DPM-2 + corrector, log sigma",10,2,8,0.1,0.1125199943780899
mixture,dpm2_log,"DPM-2 + corrector, log sigma",10,2,8,0.2,0.24276000261306763
mixture,dpm2_log,"DPM-2 + corrector, log sigma",10,2,8,0.30000000000000004,0.3657799959182739
mixture,dpm2_log,"DPM-2 + corrector, log sigma",10,2,8,0.4,0.4873800277709961
mixture,dpm2_log,"DPM-2 + corrector, log sigma",10,2,8,0.5,0.6055600047111511
mixture,dpm2_log,"DPM-2 + corrector, log sigma",10,2,8,0.6000000000000001,0.7047200202941895
mixture,dpm2_log,"DPM-2 + corrector, log sigma",10,2,8,0.7000000000000001,0.79475998878479
mixture,dpm2_log,"DPM-2 + corrector, log sigma",10,2,8,0.8,0.8885400295257568
mixture,dpm2_log,"DPM-2 + corrector, log sigma",10,2,8,0.9,0.9592400193214417
mixture,dpm2_log,"DPM-2 + corrector, log sigma",10,2,8,1.0,0.9997400045394897
mixture,dpm2_log,"DPM-2 + corrector, log sigma",50,2,8,0.0,0.0
mixture,dpm2_log,"DPM-2 + corrector, log sigma",50,2,8,0.1,0.11820000410079956
mixture,dpm2_log,"DPM-2 + corrector, log sigma",50,2,8,0.2,0.24661999940872192
mixture,dpm2_log,"DPM-2 + corrector, log sigma",50,2,8,0.30000000000000004,0.3562999963760376
mixture,dpm2_log,"DPM-2 + corrector, log sigma",50,2,8,0.4,0.490200012922287
mixture,dpm2_log,"DPM-2 + corrector, log sigma",50,2,8,0.5,0.5920199751853943
mixture,dpm2_log,"DPM-2 + corrector, log sigma",50,2,8,0.6000000000000001,0.7030400037765503
mixture,dpm2_log,"DPM-2 + corrector, log sigma",50,2,8,0.7000000000000001,0.8043400049209595
mixture,dpm2_log,"DPM-2 + corrector, log sigma",50,2,8,0.8,0.8944399952888489
mixture,dpm2_log,"DPM-2 + corrector, log sigma",50,2,8,0.9,0.9621599912643433
mixture,dpm2_log,"DPM-2 + corrector, log sigma",50,2,8,1.0,0.9999600052833557
mixture,sigma_log_dpm,"Sigma-space DPM-1, log sigma",10,2,9,0.0,0.0
mixture,sigma_log_dpm,"Sigma-space DPM-1, log sigma",10,2,9,0.1,0.12272000312805176
mixture,sigma_log_dpm,"Sigma-space DPM-1, log sigma",10,2,9,0.2,0.2293199896812439
mixture,sigma_log_dpm,"Sigma-space DPM-1, log sigma",10,2,9,0.30000000000000004,0.34046000242233276
mixture,sigma_log_dpm,"Sigma-space DPM-1, log sigma",10,2,9,0.4,0.47130000591278076
mixture,sigma_log_dpm,"Sigma-space DPM-1, log sigma",10,2,9,0.5,0.5715399980545044
mixture,sigma_log_dpm,"Sigma-space DPM-1, log sigma",10,2,9,0.6000000000000001,0.6720399856567383
mixture,sigma_log_dpm,"Sigma-space DPM-1, log sigma",10,2,9,0.7000000000000001,0.766219973564148
mixture,sigma_log_dpm,"Sigma-space DPM-1, log sigma",10,2,9,0.8,0.8564599752426147
mixture,sigma_log_dpm,"Sigma-space DPM-1, log sigma",10,2,9,0.9,0.9408600330352783
mixture,sigma_log_dpm,"Sigma-space DPM-1, log sigma",10,2,9,1.0,0.9993799924850464
mixture,sigma_log_dpm,"Sigma-space DPM-1, log sigma",50,2,9,0.0,0.0
mixture,sigma_log_dpm,"Sigma-space DPM-1, log sigma",50,2,9,0.1,0.15213999152183533
mixture,sigma_log_dpm,"Sigma-space DPM-1, log sigma",50,2,9,0.2,0.2870599925518036
mixture,sigma_log_dpm,"Sigma-space DPM-1, log sigma",50,2,9,0.30000000000000004,0.40101999044418335
mixture,sigma_log_dpm,"Sigma-space DPM-1, log sigma",50,2,9,0.4,0.506659984588623
mixture,sigma_log_dpm,"Sigma-space DPM-1, log sigma",50,2,9,0.5,0.6155400276184082
mixture,sigma_log_dpm,"Sigma-space DPM-1, log sigma",50,2,9,0.6000000000000001,0.7213799953460693
mixture,sigma_log_dpm,"Sigma-space DPM-1, log sigma",50,2,9,0.7000000000000001,0.8172600269317627
mixture,sigma_log_dpm,"Sigma-space DPM-1, log sigma",50,2,9,0.8,0.9020600318908691
mixture,sigma_log_dpm,"Sigma-space DPM-1, log sigma",50,2,9,0.9,0.9605599641799927
mixture,sigma_log_dpm,"Sigma-space DPM-1, log sigma",50,2,9,1.0,0.9997400045394897
mixture,dpm2_log,"DPM-2 + corrector, log sigma",10,2,9,0.0,0.0
mixture,dpm2_log,"DPM-2 + corrector, log sigma",10,2,9,0.1,0.12253999710083008
mixture,dpm2_log,"DPM-2 + corrector, log sigma",10,2,9,0.2,0.26076000928878784
mixture,dpm2_log,"DPM-2 + corrector, log sigma",10,2,9,0.30000000000000004,0.39792001247406006
mixture,dpm2_log,"DPM-2 + corrector, log sigma",10,2,9,0.4,0.5126000046730042
mixture,dpm2_log,"DPM-2 + corrector, log sigma",10,2,9,0.5,0.6281200051307678
mixture,dpm2_log,"DPM-2 + corrector, log sigma",10,2,9,0.6000000000000001,0.745140016078949
mixture,dpm2_log,"DPM-2 + corrector, log sigma",10,2,9,0.7000000000000001,0.8392400145530701
mixture,dpm2_log,"DPM-2 + corrector, log sigma",10,2,9,0.8,0.914080023765564
mixture,dpm2_log,"DPM-2 + corrector, log sigma",10,2,9,0.9,0.966159999370575
mixture,dpm2_log,"DPM-2 + corrector, log sigma",10,2,9,1.0,0.9998999834060669
mixture,dpm2_log,"DPM-2 + corrector, log sigma",50,2,9,0.0,0.0
mixture,dpm2_log,"DPM-2 + corrector, log sigma",50,2,9,0.1,0.12175999581813812
mixture,dpm2_log,"DPM-2 + corrector, log sigma",50,2,9,0.2,0.263839989900589
mixture,dpm2_log,"DPM-2 + corrector, log sigma",50,2,9,0.30000000000000004,0.3781599998474121
mixture,dpm2_log,"DPM-2 + corrector, log sigma",50,2,9,0.4,0.49629998207092285
mixture,dpm2_log,"DPM-2 + corrector, log sigma",50,2,9,0.5,0.6193200349807739
mixture,dpm2_log,"DPM-2 + corrector, log sigma",50,2,9,0.6000000000000001,0.7252600193023682
mixture,dpm2_log,"DPM-2 + corrector, log sigma",50,2,9,0.7000000000000001,0.8201799988746643
mixture,dpm2_log,"DPM-2 + corrector, log sigma",50,2,9,0.8,0.9029600024223328
mixture,dpm2_log,"DPM-2 + corrector, log sigma",50,2,9,0.9,0.9608200192451477
mixture,dpm2_log,"DPM-2 + corrector, log sigma",50,2,9,1.0,0.9999799728393555
mixture,sigma_log_dpm,"Sigma-space DPM-1, log sigma",10,2,10,0.0,0.0
mixture,sigma_log_dpm,"Sigma-space DPM-1, log sigma",10,2,10,0.1,0.062380000948905945
mixture,sigma_log_dpm,"Sigma-space DPM-1, log sigma",10,2,10,0.2,0.12413999438285828
mixture,sigma_log_dpm,"Sigma-space DPM-1, log sigma",10,2,10,0.30000000000000004,0.19308000802993774
mixture,sigma_log_dpm,"Sigma-space DPM-1, log sigma",10,2,10,0.4,0.2768799960613251
mixture,sigma_log_dpm,"Sigma-space DPM-1, log sigma",10,2,10,0.5,0.37334001064300537
mixture,sigma_log_dpm,"Sigma-space DPM-1, log sigma",10,2,10,0.6000000000000001,0.45555999875068665
mixture,sigma_log_dpm,"Sigma-space DPM-1, log sigma",10,2,10,0.7000000000000001,0.5420800447463989
mixture,sigma_log_dpm,"Sigma-space DPM-1, log sigma",10,2,10,0.8,0.6452400088310242
mixture,sigma_log_dpm,"Sigma-space DPM-1, log sigma",10,2,10,0.9,0.792739987373352
mixture,sigma_log_dpm,"Sigma-space DPM-1, log sigma",10,2,10,1.0,0.9960600137710571
mixture,sigma_log_dpm,"Sigma-space DPM-1, log sigma",50,2,10,0.0,0.0
mixture,sigma_log_dpm,"Sigma-space DPM-1, log sigma",50,2,10,0.1,0.06374000012874603
mixture,sigma_log_dpm,"Sigma-space DPM-1, log sigma",50,2,10,0.2,0.13434000313282013
mixture,sigma_log_dpm,"Sigma-space DPM-1, log sigma",50,2,10,0.30000000000000004,0.20603999495506287
mixture,sigma_log_dpm,"Sigma-space DPM-1, log sigma",50,2,10,0.4,0.283519983291626
mixture,sigma_log_dpm,"Sigma-space DPM-1, log sigma",50,2,10,0.5,0.368120014667511
mixture,sigma_log_dpm,"Sigma-space DPM-1, log sigma",50,2,10,0.6000000000000001,0.4599800109863281
mixture,sigma_log_dpm,"Sigma-space DPM-1, log sigma",50,2,10,0.7000000000000001,0.5634000301361084
mixture,sigma_log_dpm,"Sigma-space DPM-1, log sigma",50,2,10,0.8,0.6669600009918213
mixture,sigma_log_dpm,"Sigma-space DPM-1, log sigma",50,2,10,0.9,0.804919958114624
mixture,sigma_log_dpm,"Sigma-space DPM-1, log sigma",50,2,10,1.0,0.9847599864006042
mixture,dpm2_log,"DPM-2 + corrector, log sigma",10,2,10,0.0,0.0
mixture,dpm2_log,"DPM-2 + corrector, log sigma",10,2,10,0.1,0.1046999990940094
mixture,dpm2_log,"DPM-2 + corrector, log sigma",10,2,10,0.2,0.1968800127506256
mixture,dpm2_log,"DPM-2 + corrector, log sigma",10,2,10,0.30000000000000004,0.2879199981689453
mixture,dpm2_log,"DPM-2 + corrector, log sigma",10,2,10,0.4,0.37742000818252563
mixture,dpm2_log,"DPM-2 + corrector, log sigma",10,2,10,0.5,0.46125999093055725
mixture,dpm2_log,"DPM-2 + corrector, log sigma",10,2,10,0.6000000000000001,0.5607399940490723
mixture,dpm2_log,"DPM-2 + corrector, log sigma",10,2,10,0.7000000000000001,0.6650000214576721
mixture,dpm2_log,"DPM-2 + corrector, log sigma",10,2,10,0.8,0.7797600030899048
mixture,dpm2_log,"DPM-2 + corrector, log sigma",10,2,10,0.9,0.8795000314712524
mixture,dpm2_log,"DPM-2 + corrector, log sigma",10,2,10,1.0,0.9993799924850464
mixture,dpm2_log,"DPM-2 + corrector, log sigma",50,2,10,0.0,0.0
mixture,dpm2_log,"DPM-2 + corrector, log sigma",50,2,10,0.1,0.11154000461101532
mixture,dpm2_log,"DPM-2 + corrector, log sigma",50,2,10,0.2,0.22402000427246094
mixture,dpm2_log,"DPM-2 + corrector, log sigma",50,2,10,0.30000000000000004,0.342960000038147
mixture,dpm2_log,"DPM-2 + corrector, log sigma",50,2,10,0.4,0.4397599995136261
mixture,dpm2_log,"DPM-2 + corrector, log sigma",50,2,10,0.5,0.5415799617767334
mixture,dpm2_log,"DPM-2 + corrector, log sigma",50,2,10,0.6000000000000001,0.6353399753570557
mixture,dpm2_log,"DPM-2 + corrector, log sigma",50,2,10,0.7000000000000001,0.7244200110435486
mixture,dpm2_log,"DPM-2 + corrector, log sigma",50,2,10,0.8,0.8216800093650818
mixture,dpm2_log,"DPM-2 + corrector, log sigma",50,2,10,0.9,0.9278199672698975
mixture,dpm2_log,"DPM-2 + corrector, log sigma",50,2,10,1.0,0.9996999502182007
mixture,sigma_log_dpm,"Sigma-space DPM-1, log sigma",10,2,11,0.0,0.0
mixture,sigma_log_dpm,"Sigma-space DPM-1, log sigma",10,2,11,0.1,0.08988000452518463
mixture,sigma_log_dpm,"Sigma-space DPM-1, log sigma",10,2,11,0.2,0.1898999959230423
mixture,sigma_log_dpm,"Sigma-space DPM-1, log sigma",10,2,11,0.30000000000000004,0.3098199963569641
mixture,sigma_log_dpm,"Sigma-space DPM-1, log sigma",10,2,11,0.4,0.4107600152492523
mixture,sigma_log_dpm,"Sigma-space DPM-1, log sigma",10,2,11,0.5,0.51173996925354
mixture,sigma_log_dpm,"Sigma-space DPM-1, log sigma",10,2,11,0.6000000000000001,0.6103600263595581
mixture,sigma_log_dpm,"Sigma-space DPM-1, log sigma",10,2,11,0.7000000000000001,0.7256200313568115
mixture,sigma_log_dpm,"Sigma-space DPM-1, log sigma",10,2,11,0.8,0.8116599917411804
mixture,sigma_log_dpm,"Sigma-space DPM-1, log sigma",10,2,11,0.9,0.9095200300216675
mixture,sigma_log_dpm,"Sigma-space DPM-1, log sigma",10,2,11,1.0,0.9996200203895569
mixture,sigma_log_dpm,"Sigma-space DPM-1, log sigma",50,2,11,0.0,0.0
mixture,sigma_log_dpm,"Sigma-space DPM-1, log sigma",50,2,11,0.1,0.08522000163793564
mixture,sigma_log_dpm,"Sigma-space DPM-1, log sigma",50,2,11,0.2,0.1892000138759613
mixture,sigma_log_dpm,"Sigma-space DPM-1, log sigma",50,2,11,0.30000000000000004,0.2988399863243103
mixture,sigma_log_dpm,"Sigma-space DPM-1, log sigma",50,2,11,0.4,0.4176200032234192
mixture,sigma_log_dpm,"Sigma-space DPM-1, log sigma",50,2,11,0.5,0.5208799839019775
mixture,sigma_log_dpm,"Sigma-space DPM-1, log sigma",50,2,11,0.6000000000000001,0.6276800036430359
mixture,sigma_log_dpm,"Sigma-space DPM-1, log sigma",50,2,11,0.7000000000000001,0.7315399646759033
mixture,sigma_log_dpm,"Sigma-space DPM-1, log sigma",50,2,11,0.8,0.8185999989509583
mixture,sigma_log_dpm,"Sigma-space DPM-1, log sigma",50,2,11,0.9,0.9127600193023682
mixture,sigma_log_dpm,"Sigma-space DPM-1, log sigma",50,2,11,1.0,0.9970799684524536
mixture,dpm2_log,"DPM-2 + corrector, log sigma",10,2,11,0.0,0.0
mixture,dpm2_log,"DPM-2 + corrector, log sigma",10,2,11,0.1,0.1250399947166443
mixture,dpm2_log,"DPM-2 + corrector, log sigma",10,2,11,0.2,0.26146000623703003
mixture,dpm2_log,"DPM-2 + corrector, log sigma",10,2,11,0.30000000000000004,0.3879600167274475
mixture,dpm2_log,"DPM-2 + corrector, log sigma",10,2,11,0.4,0.5036599636077881
mixture,dpm2_log,"DPM-2 + corrector, log sigma",10,2,11,0.5,0.614840030670166
mixture,dpm2_log,"DPM-2 + corrector, log sigma",10,2,11,0.6000000000000001,0.7063000202178955
mixture,dpm2_log,"DPM-2 + corrector, log sigma",10,2,11,0.7000000000000001,0.800279974937439
mixture,dpm2_log,"DPM-2 + corrector, log sigma",10,2,11,0.8,0.8834599852561951
mixture,dpm2_log,"DPM-2 + corrector, log sigma",10,2,11,0.9,0.9560799598693848
mixture,dpm2_log,"DPM-2 + corrector, log sigma",10,2,11,1.0,0.9998999834060669
mixture,dpm2_log,"DPM-2 + corrector, log sigma",50,2,11,0.0,0.0
mixture,dpm2_log,"DPM-2 + corrector, log sigma",50,2,11,0.1,0.10471999645233154
mixture,dpm2_log,"DPM-2 + corrector, log sigma",50,2,11,0.2,0.21726000308990479
mixture,dpm2_log,"DPM-2 + corrector, log sigma",50,2,11,0.30000000000000004,0.34582000970840454
mixture,dpm2_log,"DPM-2 + corrector, log sigma",50,2,11,0.4,0.46055999398231506
mixture,dpm2_log,"DPM-2 + corrector, log sigma",50,2,11,0.5,0.5754600167274475
mixture,dpm2_log,"DPM-2 + corrector, log sigma",50,2,11,0.6000000000000001,0.6984000205993652
mixture,dpm2_log,"DPM-2 + corrector, log sigma",50,2,11,0.7000000000000001,0.7981799840927124
mixture,dpm2_log,"DPM-2 + corrector, log sigma",50,2,11,0.8,0.884660005569458
mixture,dpm2_log,"DPM-2 + corrector, log sigma",50,2,11,0.9,0.9477399587631226
mixture,dpm2_log,"DPM-2 + corrector, log sigma",50,2,11,1.0,0.9999799728393555
mixture,sigma_log_dpm,"Sigma-space DPM-1, log sigma",10,2,12,0.0,0.0
mixture,sigma_log_dpm,"Sigma-space DPM-1, log sigma",10,2,12,0.1,0.10525999963283539
mixture,sigma_log_dpm,"Sigma-space DPM-1, log sigma",10,2,12,0.2,0.189860001206398
mixture,sigma_log_dpm,"Sigma-space DPM-1, log sigma",10,2,12,0.30000000000000004,0.28426000475883484
mixture,sigma_log_dpm,"Sigma-space DPM-1, log sigma",10,2,12,0.4,0.3840000033378601
mixture,sigma_log_dpm,"Sigma-space DPM-1, log sigma",10,2,12,0.5,0.4631600081920624
mixture,sigma_log_dpm,"Sigma-space DPM-1, log sigma",10,2,12,0.6000000000000001,0.5575799942016602
mixture,sigma_log_dpm,"Sigma-space DPM-1, log sigma",10,2,12,0.7000000000000001,0.6474999785423279
mixture,sigma_log_dpm,"Sigma-space DPM-1, log sigma",10,2,12,0.8,0.7431399822235107
mixture,sigma_log_dpm,"Sigma-space DPM-1, log sigma",10,2,12,0.9,0.8511600494384766
mixture,sigma_log_dpm,"Sigma-space DPM-1, log sigma",10,2,12,1.0,0.9981600046157837
mixture,sigma_log_dpm,"Sigma-space DPM-1, log sigma",50,2,12,0.0,0.0
mixture,sigma_log_dpm,"Sigma-space DPM-1, log sigma",50,2,12,0.1,0.10175999999046326
mixture,sigma_log_dpm,"Sigma-space DPM-1, log sigma",50,2,12,0.2,0.2085999995470047
mixture,sigma_log_dpm,"Sigma-space DPM-1, log sigma",50,2,12,0.30000000000000004,0.2975599765777588
mixture,sigma_log_dpm,"Sigma-space DPM-1, log sigma",50,2,12,0.4,0.3935999870300293
mixture,sigma_log_dpm,"Sigma-space DPM-1, log sigma",50,2,12,0.5,0.49734002351760864
mixture,sigma_log_dpm,"Sigma-space DPM-1, log sigma",50,2,12,0.6000000000000001,0.5774800181388855
mixture,sigma_log_dpm,"Sigma-space DPM-1, log sigma",50,2,12,0.7000000000000001,0.6620399951934814
mixture,sigma_log_dpm,"Sigma-space DPM-1, log sigma",50,2,12,0.8,0.7503799796104431
mixture,sigma_log_dpm,"Sigma-space DPM-1, log sigma",50,2,12,0.9,0.8481199741363525
mixture,sigma_log_dpm,"Sigma-space DPM-1, log sigma",50,2,12,1.0,0.9880399703979492
mixture,dpm2_log,"DPM-2 + corrector, log sigma",10,2,12,0.0,0.0
mixture,dpm2_log,"DPM-2 + corrector, log sigma",10,2,12,0.1,0.1268399953842163
mixture,dpm2_log,"DPM-2 + corrector, log sigma",10,2,12,0.2,0.24819999933242798
mixture,dpm2_log,"DPM-2 + corrector, log sigma",10,2,12,0.30000000000000004,0.35872000455856323
mixture,dpm2_log,"DPM-2 + corrector, log sigma",10,2,12,0.4,0.465179979801178
mixture,dpm2_log,"DPM-2 + corrector, log sigma",10,2,12,0.5,0.5707199573516846
mixture,dpm2_log,"DPM-2 + corrector, log sigma",10,2,12,0.6000000000000001,0.668720006942749
mixture,dpm2_log,"DPM-2 + corrector, log sigma",10,2,12,0.7000000000000001,0.7591400146484375
mixture,dpm2_log,"DPM-2 + corrector, log sigma",10,2,12,0.8,0.8415600061416626
mixture,dpm2_log,"DPM-2 + corrector, log sigma",10,2,12,0.9,0.931939959526062
mixture,dpm2_log,"DPM-2 + corrector, log sigma",10,2,12,1.0,0.9998600482940674
mixture,dpm2_log,"DPM-2 + corrector, log sigma",50,2,12,0.0,0.0
mixture,dpm2_log,"DPM-2 + corrector, log sigma",50,2,12,0.1,0.10454000532627106
mixture,dpm2_log,"DPM-2 + corrector, log sigma",50,2,12,0.2,0.21643999218940735
mixture,dpm2_log,"DPM-2 + corrector, log sigma",50,2,12,0.30000000000000004,0.31633999943733215
mixture,dpm2_log,"DPM-2 + corrector, log sigma",50,2,12,0.4,0.4445800185203552
mixture,dpm2_log,"DPM-2 + corrector, log sigma",50,2,12,0.5,0.562279999256134
mixture,dpm2_log,"DPM-2 + corrector, log sigma",50,2,12,0.6000000000000001,0.6861000061035156
mixture,dpm2_log,"DPM-2 + corrector, log sigma",50,2,12,0.7000000000000001,0.7817599773406982
mixture,dpm2_log,"DPM-2 + corrector, log sigma",50,2,12,0.8,0.8788399696350098
mixture,dpm2_log,"DPM-2 + corrector, log sigma",50,2,12,0.9,0.962660014629364
mixture,dpm2_log,"DPM-2 + corrector, log sigma",50,2,12,1.0,0.9987800121307373
mixture,sigma_log_dpm,"Sigma-space DPM-1, log sigma",10,2,13,0.0,0.0
mixture,sigma_log_dpm,"Sigma-space DPM-1, log sigma",10,2,13,0.1,0.12734000384807587
mixture,sigma_log_dpm,"Sigma-space DPM-1, log sigma",10,2,13,0.2,0.24646000564098358
mixture,sigma_log_dpm,"Sigma-space DPM-1, log sigma",10,2,13,0.30000000000000004,0.3542799949645996
mixture,sigma_log_dpm,"Sigma-space DPM-1, log sigma",10,2,13,0.4,0.4561600089073181
mixture,sigma_log_dpm,"Sigma-space DPM-1, log sigma",10,2,13,0.5,0.5481400489807129
mixture,sigma_log_dpm,"Sigma-space DPM-1, log sigma",10,2,13,0.6000000000000001,0.6510199904441833
mixture,sigma_log_dpm,"Sigma-space DPM-1, log sigma",10,2,13,0.7000000000000001,0.7546399831771851
mixture,sigma_log_dpm,"Sigma-space DPM-1, log sigma",10,2,13,0.8,0.8467999696731567
mixture,sigma_log_dpm,"Sigma-space DPM-1, log sigma",10,2,13,0.9,0.9319000244140625
mixture,sigma_log_dpm,"Sigma-space DPM-1, log sigma",10,2,13,1.0,0.9996199607849121
mixture,sigma_log_dpm,"Sigma-space DPM-1, log sigma",50,2,13,0.0,0.0
mixture,sigma_log_dpm,"Sigma-space DPM-1, log sigma",50,2,13,0.1,0.12073999643325806
mixture,sigma_log_dpm,"Sigma-space DPM-1, log sigma",50,2,13,0.2,0.2366199940443039
mixture,sigma_log_dpm,"Sigma-space DPM-1, log sigma",50,2,13,0.30000000000000004,0.34610000252723694
mixture,sigma_log_dpm,"Sigma-space DPM-1, log sigma",50,2,13,0.4,0.45311999320983887
mixture,sigma_log_dpm,"Sigma-space DPM-1, log sigma",50,2,13,0.5,0.5592399835586548
mixture,sigma_log_dpm,"Sigma-space DPM-1, log sigma",50,2,13,0.6000000000000001,0.684719979763031
mixture,sigma_log_dpm,"Sigma-space DPM-1, log sigma",50,2,13,0.7000000000000001,0.7702800035476685
mixture,sigma_log_dpm,"Sigma-space DPM-1, log sigma",50,2,13,0.8,0.8498200178146362
mixture,sigma_log_dpm,"Sigma-space DPM-1, log sigma",50,2,13,0.9,0.939039945602417
mixture,sigma_log_dpm,"Sigma-space DPM-1, log sigma",50,2,13,1.0,1.0
mixture,dpm2_log,"DPM-2 + corrector, log sigma",10,2,13,0.0,0.0
mixture,dpm2_log,"DPM-2 + corrector, log sigma",10,2,13,0.1,0.13260000944137573
mixture,dpm2_log,"DPM-2 + corrector, log sigma",10,2,13,0.2,0.260699987411499
mixture,dpm2_log,"DPM-2 + corrector, log sigma",10,2,13,0.30000000000000004,0.37581998109817505
mixture,dpm2_log,"DPM-2 + corrector, log sigma",10,2,13,0.4,0.5186200141906738
mixture,dpm2_log,"DPM-2 + corrector, log sigma",10,2,13,0.5,0.6330000162124634
mixture,dpm2_log,"DPM-2 + corrector, log sigma",10,2,13,0.6000000000000001,0.7400200366973877
mixture,dpm2_log,"DPM-2 + corrector, log sigma",10,2,13,0.7000000000000001,0.8345800042152405
mixture,dpm2_log,"DPM-2 + corrector, log sigma",10,2,13,0.8,0.9176000356674194
mixture,dpm2_log,"DPM-2 + corrector, log sigma",10,2,13,0.9,0.9735599756240845
mixture,dpm2_log,"DPM-2 + corrector, log sigma",10,2,13,1.0,1.0
mixture,dpm2_log,"DPM-2 + corrector, log sigma",50,2,13,0.0,0.0
mixture,dpm2_log,"DPM-2 + corrector, log sigma",50,2,13,0.1,0.11550000309944153
mixture,dpm2_log,"DPM-2 + corrector, log sigma",50,2,13,0.2,0.2298000007867813
mixture,dpm2_log,"DPM-2 + corrector, log sigma",50,2,13,0.30000000000000004,0.3588600158691406
mixture,dpm2_log,"DPM-2 + corrector, log sigma",50,2,13,0.4,0.4759799838066101
mixture,dpm2_log,"DPM-2 + corrector, log sigma",50,2,13,0.5,0.6047799587249756
mixture,dpm2_log,"DPM-2 + corrector, log sigma",50,2,13,0.6000000000000001,0.7079399824142456
mixture,dpm2_log,"DPM-2 + corrector, log sigma",50,2,13,0.7000000000000001,0.8076000213623047
mixture,dpm2_log,"DPM-2 + corrector, log sigma",50,2,13,0.8,0.8970999717712402
mixture,dpm2_log,"DPM-2 + corrector, log sigma",50,2,13,0.9,0.9651399850845337
mixture,dpm2_log,"DPM-2 + corrector, log sigma",50,2,13,1.0,0.9999799728393555
mixture,sigma_log_dpm,"Sigma-space DPM-1, log sigma",10,2,14,0.0,0.0
mixture,sigma_log_dpm,"Sigma-space DPM-1, log sigma",10,2,14,0.1,0.07795999944210052
mixture,sigma_log_dpm,"Sigma-space DPM-1, log sigma",10,2,14,0.2,0.1705400049686432
mixture,sigma_log_dpm,"Sigma-space DPM-1, log sigma",10,2,14,0.30000000000000004,0.2534799873828888
mixture,sigma_log_dpm,"Sigma-space DPM-1, log sigma",10,2,14,0.4,0.33094000816345215
mixture,sigma_log_dpm,"Sigma-space DPM-1, log sigma",10,2,14,0.5,0.41689997911453247
mixture,sigma_log_dpm,"Sigma-space DPM-1, log sigma",10,2,14,0.6000000000000001,0.4997599720954895
mixture,sigma_log_dpm,"Sigma-space DPM-1, log sigma",10,2,14,0.7000000000000001,0.6056599617004395
mixture,sigma_log_dpm,"Sigma-space DPM-1, log sigma",10,2,14,0.8,0.7189800143241882
mixture,sigma_log_dpm,"Sigma-space DPM-1, log sigma",10,2,14,0.9,0.8494000434875488
mixture,sigma_log_dpm,"Sigma-space DPM-1, log sigma",10,2,14,1.0,0.9988800287246704
mixture,sigma_log_dpm,"Sigma-space DPM-1, log sigma",50,2,14,0.0,0.0
mixture,sigma_log_dpm,"Sigma-space DPM-1, log sigma",50,2,14,0.1,0.0830800011754036
mixture,sigma_log_dpm,"Sigma-space DPM-1, log sigma",50,2,14,0.2,0.1837799996137619
mixture,sigma_log_dpm,"Sigma-space DPM-1, log sigma",50,2,14,0.30000000000000004,0.2650200128555298
mixture,sigma_log_dpm,"Sigma-space DPM-1, log sigma",50,2,14,0.4,0.36510002613067627
mixture,sigma_log_dpm,"Sigma-space DPM-1, log sigma",50,2,14,0.5,0.45222002267837524
mixture,sigma_log_dpm,"Sigma-space DPM-1, log sigma",50,2,14,0.6000000000000001,0.5496399998664856
mixture,sigma_log_dpm,"Sigma-space DPM-1, log sigma",50,2,14,0.7000000000000001,0.6643000245094299
mixture,sigma_log_dpm,"Sigma-space DPM-1, log sigma",50,2,14,0.8,0.7590000033378601
mixture,sigma_log_dpm,"Sigma-space DPM-1, log sigma",50,2,14,0.9,0.8695200085639954
mixture,sigma_log_dpm,"Sigma-space DPM-1, log sigma",50,2,14,1.0,0.9933799505233765
mixture,dpm2_log,"DPM-2 + corrector, log sigma",10,2,14,0.0,0.0
mixture,dpm2_log,"DPM-2 + corrector, log sigma",10,2,14,0.1,0.10599999874830246
mixture,dpm2_log,"DPM-2 + corrector, log sigma",10,2,14,0.2,0.2157599925994873
mixture,dpm2_log,"DPM-2 + corrector, log sigma",10,2,14,0.30000000000000004,0.3176000118255615
mixture,dpm2_log,"DPM-2 + corrector, log sigma",10,2,14,0.4,0.42221999168395996
mixture,dpm2_log,"DPM-2 + corrector, log sigma",10,2,14,0.5,0.5035799741744995
mixture,dpm2_log,"DPM-2 + corrector, log sigma",10,2,14,0.6000000000000001,0.6080999970436096
mixture,dpm2_log,"DPM-2 + corrector, log sigma",10,2,14,0.7000000000000001,0.708899974822998
mixture,dpm2_log,"DPM-2 + corrector, log sigma",10,2,14,0.8,0.814460039138794
mixture,dpm2_log,"DPM-2 + corrector, log sigma",10,2,14,0.9,0.9140599966049194
mixture,dpm2_log,"DPM-2 + corrector, log sigma",10,2,14,1.0,0.9999799728393555
mixture,dpm2_log,"DPM-2 + corrector, log sigma",50,2,14,0.0,0.0
mixture,dpm2_log,"DPM-2 + corrector, log sigma",50,2,14,0.1,0.10060000419616699
mixture,dpm2_log,"DPM-2 + corrector, log sigma",50,2,14,0.2,0.20938000082969666
mixture,dpm2_log,"DPM-2 + corrector, log sigma",50,2,14,0.30000000000000004,0.31812000274658203
mixture,dpm2_log,"DPM-2 + corrector, log sigma",50,2,14,0.4,0.4302600026130676
mixture,dpm2_log,"DPM-2 + corrector, log sigma",50,2,14,0.5,0.5344200134277344
mixture,dpm2_log,"DPM-2 + corrector, log sigma",50,2,14,0.6000000000000001,0.6355199813842773
mixture,dpm2_log,"DPM-2 + corrector, log sigma",50,2,14,0.7000000000000001,0.7366800308227539
mixture,dpm2_log,"DPM-2 + corrector, log sigma",50,2,14,0.8,0.8345400094985962
mixture,dpm2_log,"DPM-2 + corrector, log sigma",50,2,14,0.9,0.9268399477005005
mixture,dpm2_log,"DPM-2 + corrector, log sigma",50,2,14,1.0,0.9998199939727783
mixture,sigma_log_dpm,"Sigma-space DPM-1, log sigma",10,2,15,0.0,0.0
mixture,sigma_log_dpm,"Sigma-space DPM-1, log sigma",10,2,15,0.1,0.09948000311851501
mixture,sigma_log_dpm,"Sigma-space DPM-1, log sigma",10,2,15,0.2,0.20875999331474304
mixture,sigma_log_dpm,"Sigma-space DPM-1, log sigma",10,2,15,0.30000000000000004,0.31407999992370605
mixture,sigma_log_dpm,"Sigma-space DPM-1, log sigma",10,2,15,0.4,0.4350599944591522
mixture,sigma_log_dpm,"Sigma-space DPM-1, log sigma",10,2,15,0.5,0.5446000099182129
mixture,sigma_log_dpm,"Sigma-space DPM-1, log sigma",10,2,15,0.6000000000000001,0.6553199887275696
mixture,sigma_log_dpm,"Sigma-space DPM-1, log sigma",10,2,15,0.7000000000000001,0.7508000135421753
mixture,sigma_log_dpm,"Sigma-space DPM-1, log sigma",10,2,15,0.8,0.8376799821853638
mixture,sigma_log_dpm,"Sigma-space DPM-1, log sigma",10,2,15,0.9,0.9236199855804443
mixture,sigma_log_dpm,"Sigma-space DPM-1, log sigma",10,2,15,1.0,0.9994399547576904
mixture,sigma_log_dpm,"Sigma-space DPM-1, log sigma",50,2,15,0.0,0.0
mixture,sigma_log_dpm,"Sigma-space DPM-1, log sigma",50,2,15,0.1,0.12003999948501587
mixture,sigma_log_dpm,"Sigma-space DPM-1, log sigma",50,2,15,0.2,0.2337999939918518
mixture,sigma_log_dpm,"Sigma-space DPM-1, log sigma",50,2,15,0.30000000000000004,0.3471599817276001
mixture,sigma_log_dpm,"Sigma-space DPM-1, log sigma",50,2,15,0.4,0.44991999864578247
mixture,sigma_log_dpm,"Sigma-space DPM-1, log sigma",50,2,15,0.5,0.5606200098991394
mixture,sigma_log_dpm,"Sigma-space DPM-1, log sigma",50,2,15,0.6000000000000001,0.6569200158119202
mixture,sigma_log_dpm,"Sigma-space DPM-1, log sigma",50,2,15,0.7000000000000001,0.7620599865913391
mixture,sigma_log_dpm,"Sigma-space DPM-1, log sigma",50,2,15,0.8,0.8569599986076355
mixture,sigma_log_dpm,"Sigma-space DPM-1, log sigma",50,2,15,0.9,0.9487199783325195
mixture,sigma_log_dpm,"Sigma-space DPM-1, log sigma",50,2,15,1.0,0.9995800256729126
mixture,dpm2_log,"DPM-2 + corrector, log sigma",10,2,15,0.0,0.0
mixture,dpm2_log,"DPM-2 + corrector, log sigma",10,2,15,0.1,0.1422399878501892
mixture,dpm2_log,"DPM-2 + corrector, log sigma",10,2,15,0.2,0.2816999852657318
mixture,dpm2_log,"DPM-2 + corrector, log sigma",10,2,15,0.30000000000000004,0.4037799835205078
mixture,dpm2_log,"DPM-2 + corrector, log sigma",10,2,15,0.4,0.520799994468689
mixture,dpm2_log,"DPM-2 + corrector, log sigma",10,2,15,0.5,0.6202000379562378
mixture,dpm2_log,"DPM-2 + corrector, log sigma",10,2,15,0.6000000000000001,0.731660008430481
mixture,dpm2_log,"DPM-2 + corrector, log sigma",10,2,15,0.7000000000000001,0.8247599601745605
mixture,dpm2_log,"DPM-2 + corrector, log sigma",10,2,15,0.8,0.8998600244522095
mixture,dpm2_log,"DPM-2 + corrector, log sigma",10,2,15,0.9,0.9665800333023071
mixture,dpm2_log,"DPM-2 + corrector, log sigma",10,2,15,1.0,1.0
mixture,dpm2_log,"DPM-2 + corrector, log sigma",50,2,15,0.0,0.0
mixture,dpm2_log,"DPM-2 + corrector, log sigma",50,2,15,0.1,0.1230200007557869
mixture,dpm2_log,"DPM-2 + corrector, log sigma",50,2,15,0.2,0.2768000066280365
mixture,dpm2_log,"DPM-2 + corrector, log sigma",50,2,15,0.30000000000000004,0.40257999300956726
mixture,dpm2_log,"DPM-2 + corrector, log sigma",50,2,15,0.4,0.49779999256134033
mixture,dpm2_log,"DPM-2 + corrector, log sigma",50,2,15,0.5,0.6096600294113159
mixture,dpm2_log,"DPM-2 + corrector, log sigma",50,2,15,0.6000000000000001,0.7117999792098999
mixture,dpm2_log,"DPM-2 + corrector, log sigma",50,2,15,0.7000000000000001,0.800279974937439
mixture,dpm2_log,"DPM-2 + corrector, log sigma",50,2,15,0.8,0.884440004825592
mixture,dpm2_log,"DPM-2 + corrector, log sigma",50,2,15,0.9,0.9536000490188599
mixture,dpm2_log,"DPM-2 + corrector, log sigma",50,2,15,1.0,1.0
