training_scheme,model_seed,observation,sigma_m,diffusion_time,relative_score_rmse,scaled_score_rmse
uniform,0,0,0.031633540987968445,0.0009999875910580158,0.961997926235199,0.9239718317985535
uniform,0,0,0.03595263138413429,0.0012914647813886404,0.9289998412132263,0.9316576719284058
uniform,0,0,0.04086142033338547,0.0016677641542628407,0.9262474775314331,0.9327189326286316
uniform,0,0,0.04644044116139412,0.002153530716896057,0.9066828489303589,0.985335648059845
uniform,0,0,0.052781183272600174,0.002780495211482048,0.9064454436302185,0.9427114129066467
uniform,0,0,0.059987667948007584,0.003589533269405365,0.8825550079345703,0.8850383162498474
uniform,0,0,0.06817809492349625,0.004633348435163498,0.8618836402893066,0.8877576589584351
uniform,0,0,0.0774867832660675,0.005979322362691164,0.8539391756057739,0.8395165205001831
uniform,0,0,0.0880664512515068,0.007714332081377506,0.847700297832489,0.8118886947631836
uniform,0,0,0.10009060800075531,0.009949231520295143,0.8205040097236633,0.8164759874343872
uniform,0,0,0.11375648528337479,0.01282587368041277,0.7894650101661682,0.842821478843689
uniform,0,0,0.12928824126720428,0.016524694859981537,0.7862057685852051,0.7920710444450378
uniform,0,0,0.14694061875343323,0.02127472683787346,0.777566134929657,0.7577552795410156
uniform,0,0,0.16700315475463867,0.027364419773221016,0.743771493434906,0.7523334622383118
uniform,0,0,0.18980495631694794,0.03515515476465225,0.7034501433372498,0.6929717063903809
uniform,0,0,0.21571995317935944,0.04509562999010086,0.7512985467910767,0.7741314172744751
uniform,0,0,0.24517332017421722,0.05773649364709854,0.6851682066917419,0.6962474584579468
uniform,0,0,0.2786480486392975,0.073743537068367,0.7245651483535767,0.723865270614624
uniform,0,0,0.3166932761669159,0.09390784054994583,0.7366312742233276,0.7476935386657715
uniform,0,0,0.3599330186843872,0.11914696544408798,0.6930754780769348,0.6735689640045166
uniform,0,0,0.4090765118598938,0.1504938006401062,0.623894214630127,0.5893335938453674
uniform,0,0,0.4649297893047333,0.18906770646572113,0.6121405959129333,0.628545880317688
uniform,0,0,0.5284090042114258,0.23602324724197388,0.6066188216209412,0.5661240220069885
uniform,0,0,0.6005553603172302,0.2924765646457672,0.612196147441864,0.5973845720291138
uniform,0,0,0.6825522184371948,0.3594135344028473,0.550455629825592,0.5663110613822937
uniform,0,0,0.7757444977760315,0.43759262561798096,0.5462153553962708,0.5643064975738525
uniform,0,0,0.8816608190536499,0.5274598002433777,0.546624481678009,0.5586171746253967
uniform,0,0,1.0020384788513184,0.6290942430496216,0.49688905477523804,0.5035899877548218
uniform,0,0,1.1388518810272217,0.7421982884407043,0.46967509388923645,0.46069782972335815
uniform,0,0,1.2943450212478638,0.8661344647407532,0.4654257595539093,0.46387892961502075
uniform,0,0,1.4710685014724731,1.0,0.44390037655830383,0.43814364075660706
uniform,0,1,0.031633540987968445,0.0009999875910580158,1.022969126701355,1.0595951080322266
uniform,0,1,0.03595263138413429,0.0012914647813886404,1.021099328994751,1.080365538597107
uniform,0,1,0.04086142033338547,0.0016677641542628407,1.0198920965194702,0.969734251499176
uniform,0,1,0.04644044116139412,0.002153530716896057,0.998159646987915,0.9890475869178772
uniform,0,1,0.052781183272600174,0.002780495211482048,1.0335578918457031,1.0072461366653442
uniform,0,1,0.059987667948007584,0.003589533269405365,0.9866458773612976,0.9697791934013367
uniform,0,1,0.06817809492349625,0.004633348435163498,0.944235622882843,0.9456548094749451
uniform,0,1,0.0774867832660675,0.005979322362691164,0.9694585800170898,0.9523263573646545
uniform,0,1,0.0880664512515068,0.007714332081377506,0.929774820804596,0.9238658547401428
uniform,0,1,0.10009060800075531,0.009949231520295143,0.9345499873161316,0.940434455871582
uniform,0,1,0.11375648528337479,0.01282587368041277,0.9009181261062622,0.8555493354797363
uniform,0,1,0.12928824126720428,0.016524694859981537,0.890561044216156,0.8806975483894348
uniform,0,1,0.14694061875343323,0.02127472683787346,0.8731658458709717,0.8847122192382812
uniform,0,1,0.16700315475463867,0.027364419773221016,0.8862158060073853,0.8430099487304688
uniform,0,1,0.18980495631694794,0.03515515476465225,0.8284136652946472,0.82744300365448
uniform,0,1,0.21571995317935944,0.04509562999010086,0.7863808274269104,0.8189504742622375
uniform,0,1,0.24517332017421722,0.05773649364709854,0.7640783190727234,0.8091782331466675
uniform,0,1,0.2786480486392975,0.073743537068367,0.7580191493034363,0.7577264904975891
uniform,0,1,0.3166932761669159,0.09390784054994583,0.7194315791130066,0.7351710200309753
uniform,0,1,0.3599330186843872,0.11914696544408798,0.6791163682937622,0.6515164971351624
uniform,0,1,0.4090765118598938,0.1504938006401062,0.6159146428108215,0.6192772388458252
uniform,0,1,0.4649297893047333,0.18906770646572113,0.5567522644996643,0.5607654452323914
uniform,0,1,0.5284090042114258,0.23602324724197388,0.5324956178665161,0.5532916784286499
uniform,0,1,0.6005553603172302,0.2924765646457672,0.5015061497688293,0.5138620734214783
uniform,0,1,0.6825522184371948,0.3594135344028473,0.4508405029773712,0.4449247121810913
uniform,0,1,0.7757444977760315,0.43759262561798096,0.4232288599014282,0.456357479095459
uniform,0,1,0.8816608190536499,0.5274598002433777,0.37834227085113525,0.38383519649505615
uniform,0,1,1.0020384788513184,0.6290942430496216,0.3577966094017029,0.40029215812683105
uniform,0,1,1.1388518810272217,0.7421982884407043,0.30514779686927795,0.2918514311313629
uniform,0,1,1.2943450212478638,0.8661344647407532,0.27164894342422485,0.25464877486228943
uniform,0,1,1.4710685014724731,1.0,0.23700042068958282,0.24254798889160156
uniform,0,2,0.031633540987968445,0.0009999875910580158,1.023442029953003,1.014603853225708
uniform,0,2,0.03595263138413429,0.0012914647813886404,1.0162007808685303,1.0546045303344727
uniform,0,2,0.04086142033338547,0.0016677641542628407,0.9926724433898926,0.9790849685668945
uniform,0,2,0.04644044116139412,0.002153530716896057,0.9925411343574524,1.0128902196884155
uniform,0,2,0.052781183272600174,0.002780495211482048,0.9642334580421448,1.0088317394256592
uniform,0,2,0.059987667948007584,0.003589533269405365,0.9899151921272278,1.023358702659607
uniform,0,2,0.06817809492349625,0.004633348435163498,0.9566971659660339,0.9651896357536316
uniform,0,2,0.0774867832660675,0.005979322362691164,0.9722130298614502,1.0255261659622192
uniform,0,2,0.0880664512515068,0.007714332081377506,0.9497179985046387,0.9482073783874512
uniform,0,2,0.10009060800075531,0.009949231520295143,0.9223178625106812,0.9130232334136963
uniform,0,2,0.11375648528337479,0.01282587368041277,0.8971939086914062,0.8789675831794739
uniform,0,2,0.12928824126720428,0.016524694859981537,0.8766926527023315,0.8727118968963623
uniform,0,2,0.14694061875343323,0.02127472683787346,0.8661189079284668,0.879875659942627
uniform,0,2,0.16700315475463867,0.027364419773221016,0.8400406837463379,0.8601306080818176
uniform,0,2,0.18980495631694794,0.03515515476465225,0.8369103074073792,0.8408806324005127
uniform,0,2,0.21571995317935944,0.04509562999010086,0.7837499976158142,0.748773455619812
uniform,0,2,0.24517332017421722,0.05773649364709854,0.788102924823761,0.7965865731239319
uniform,0,2,0.2786480486392975,0.073743537068367,0.7509920597076416,0.7373219132423401
uniform,0,2,0.3166932761669159,0.09390784054994583,0.7004332542419434,0.6896427273750305
uniform,0,2,0.3599330186843872,0.11914696544408798,0.6941528916358948,0.6986578106880188
uniform,0,2,0.4090765118598938,0.1504938006401062,0.601281464099884,0.6312291622161865
uniform,0,2,0.4649297893047333,0.18906770646572113,0.5972209572792053,0.6018070578575134
uniform,0,2,0.5284090042114258,0.23602324724197388,0.5613480806350708,0.56724613904953
uniform,0,2,0.6005553603172302,0.2924765646457672,0.5455222725868225,0.5538241863250732
uniform,0,2,0.6825522184371948,0.3594135344028473,0.5161600708961487,0.5214583873748779
uniform,0,2,0.7757444977760315,0.43759262561798096,0.4565282464027405,0.4702517092227936
uniform,0,2,0.8816608190536499,0.5274598002433777,0.4311923682689667,0.4234571158885956
uniform,0,2,1.0020384788513184,0.6290942430496216,0.40213748812675476,0.4112636148929596
uniform,0,2,1.1388518810272217,0.7421982884407043,0.34979891777038574,0.35382381081581116
uniform,0,2,1.2943450212478638,0.8661344647407532,0.3098822832107544,0.31570273637771606
uniform,0,2,1.4710685014724731,1.0,0.3065885305404663,0.30837854743003845
uniform,0,3,0.031633540987968445,0.0009999875910580158,0.9485012292861938,0.9756703972816467
uniform,0,3,0.03595263138413429,0.0012914647813886404,0.9402462840080261,0.9249308705329895
uniform,0,3,0.04086142033338547,0.0016677641542628407,0.9533253908157349,0.960687518119812
uniform,0,3,0.04644044116139412,0.002153530716896057,0.9418810606002808,0.9432627558708191
uniform,0,3,0.052781183272600174,0.002780495211482048,0.9246728420257568,0.9165101051330566
uniform,0,3,0.059987667948007584,0.003589533269405365,0.9083897471427917,0.9357382655143738
uniform,0,3,0.06817809492349625,0.004633348435163498,0.856673538684845,0.8641014099121094
uniform,0,3,0.0774867832660675,0.005979322362691164,0.859352171421051,0.8512009978294373
uniform,0,3,0.0880664512515068,0.007714332081377506,0.8628805875778198,0.832227349281311
uniform,0,3,0.10009060800075531,0.009949231520295143,0.8483913540840149,0.8383384346961975
uniform,0,3,0.11375648528337479,0.01282587368041277,0.8323090076446533,0.781615674495697
uniform,0,3,0.12928824126720428,0.016524694859981537,0.7959959506988525,0.7791610956192017
uniform,0,3,0.14694061875343323,0.02127472683787346,0.7794478535652161,0.7625229358673096
uniform,0,3,0.16700315475463867,0.027364419773221016,0.7414673566818237,0.7249940037727356
uniform,0,3,0.18980495631694794,0.03515515476465225,0.734813392162323,0.7653927803039551
uniform,0,3,0.21571995317935944,0.04509562999010086,0.7232049703598022,0.7416067719459534
uniform,0,3,0.24517332017421722,0.05773649364709854,0.6933173537254333,0.6811379194259644
uniform,0,3,0.2786480486392975,0.073743537068367,0.7237435579299927,0.7266390323638916
uniform,0,3,0.3166932761669159,0.09390784054994583,0.6643192172050476,0.6793834567070007
uniform,0,3,0.3599330186843872,0.11914696544408798,0.6730525493621826,0.706483781337738
uniform,0,3,0.4090765118598938,0.1504938006401062,0.6542558073997498,0.661841094493866
uniform,0,3,0.4649297893047333,0.18906770646572113,0.6997156739234924,0.6963885426521301
uniform,0,3,0.5284090042114258,0.23602324724197388,0.6311416625976562,0.6178103089332581
uniform,0,3,0.6005553603172302,0.2924765646457672,0.5910568237304688,0.610002338886261
uniform,0,3,0.6825522184371948,0.3594135344028473,0.5930070281028748,0.5943029522895813
uniform,0,3,0.7757444977760315,0.43759262561798096,0.5465229153633118,0.504706084728241
uniform,0,3,0.8816608190536499,0.5274598002433777,0.5345157384872437,0.5545750856399536
uniform,0,3,1.0020384788513184,0.6290942430496216,0.49923208355903625,0.49300920963287354
uniform,0,3,1.1388518810272217,0.7421982884407043,0.47599321603775024,0.4790497422218323
uniform,0,3,1.2943450212478638,0.8661344647407532,0.4778929352760315,0.48492997884750366
uniform,0,3,1.4710685014724731,1.0,0.45303234457969666,0.45782843232154846
uniform,1,0,0.031633540987968445,0.0009999875910580158,0.9802566766738892,0.9415088295936584
uniform,1,0,0.03595263138413429,0.0012914647813886404,0.9466551542282104,0.9493634700775146
uniform,1,0,0.04086142033338547,0.0016677641542628407,0.9549407958984375,0.9616127014160156
uniform,1,0,0.04644044116139412,0.002153530716896057,0.9419980645179749,1.023714303970337
uniform,1,0,0.052781183272600174,0.002780495211482048,0.9314276576042175,0.968693196773529
uniform,1,0,0.059987667948007584,0.003589533269405365,0.9193616509437561,0.9219485521316528
uniform,1,0,0.06817809492349625,0.004633348435163498,0.9058517217636108,0.9330455660820007
uniform,1,0,0.0774867832660675,0.005979322362691164,0.9022921919822693,0.8870528936386108
uniform,1,0,0.0880664512515068,0.007714332081377506,0.8898111581802368,0.8522205352783203
uniform,1,0,0.10009060800075531,0.009949231520295143,0.8770850300788879,0.872779130935669
uniform,1,0,0.11375648528337479,0.01282587368041277,0.8450236916542053,0.9021350741386414
uniform,1,0,0.12928824126720428,0.016524694859981537,0.8351171612739563,0.841347336769104
uniform,1,0,0.14694061875343323,0.02127472683787346,0.8272097110748291,0.8061339855194092
uniform,1,0,0.16700315475463867,0.027364419773221016,0.7924870252609253,0.8016096949577332
uniform,1,0,0.18980495631694794,0.03515515476465225,0.7530883550643921,0.7418705224990845
uniform,1,0,0.21571995317935944,0.04509562999010086,0.7812016010284424,0.8049432039260864
uniform,1,0,0.24517332017421722,0.05773649364709854,0.713893473148346,0.7254371643066406
uniform,1,0,0.2786480486392975,0.073743537068367,0.7351990938186646,0.7344889044761658
uniform,1,0,0.3166932761669159,0.09390784054994583,0.7440235614776611,0.7551968097686768
uniform,1,0,0.3599330186843872,0.11914696544408798,0.6901797652244568,0.6707547903060913
uniform,1,0,0.4090765118598938,0.1504938006401062,0.6342952847480774,0.5991584658622742
uniform,1,0,0.4649297893047333,0.18906770646572113,0.6188370585441589,0.6354218125343323
uniform,1,0,0.5284090042114258,0.23602324724197388,0.6013991832733154,0.5612528324127197
uniform,1,0,0.6005553603172302,0.2924765646457672,0.6128042340278625,0.5979779958724976
uniform,1,0,0.6825522184371948,0.3594135344028473,0.5529736280441284,0.5689015984535217
uniform,1,0,0.7757444977760315,0.43759262561798096,0.5528090596199036,0.5711185932159424
uniform,1,0,0.8816608190536499,0.5274598002433777,0.5565913915634155,0.5688027739524841
uniform,1,0,1.0020384788513184,0.6290942430496216,0.5131852626800537,0.5201058983802795
uniform,1,0,1.1388518810272217,0.7421982884407043,0.482343465089798,0.47312402725219727
uniform,1,0,1.2943450212478638,0.8661344647407532,0.47062021493911743,0.4690561294555664
uniform,1,0,1.4710685014724731,1.0,0.44695109128952026,0.44115474820137024
uniform,1,1,0.031633540987968445,0.0009999875910580158,1.0415632724761963,1.078855037689209
uniform,1,1,0.03595263138413429,0.0012914647813886404,1.0400524139404297,1.1004186868667603
uniform,1,1,0.04086142033338547,0.0016677641542628407,1.0368614196777344,0.9858689904212952
uniform,1,1,0.04644044116139412,0.002153530716896057,1.0094709396362305,1.0002555847167969
uniform,1,1,0.052781183272600174,0.002780495211482048,1.056099534034729,1.029213786125183
uniform,1,1,0.059987667948007584,0.003589533269405365,0.9962672591209412,0.9792361259460449
uniform,1,1,0.06817809492349625,0.004633348435163498,0.9512930512428284,0.9527227878570557
uniform,1,1,0.0774867832660675,0.005979322362691164,0.9768268465995789,0.9595644474029541
uniform,1,1,0.0880664512515068,0.007714332081377506,0.9284582734107971,0.9225576519966125
uniform,1,1,0.10009060800075531,0.009949231520295143,0.9395402669906616,0.9454562067985535
uniform,1,1,0.11375648528337479,0.01282587368041277,0.9055599570274353,0.8599573969841003
uniform,1,1,0.12928824126720428,0.016524694859981537,0.8946799635887146,0.8847707509994507
uniform,1,1,0.14694061875343323,0.02127472683787346,0.8708434104919434,0.8823591470718384
uniform,1,1,0.16700315475463867,0.027364419773221016,0.891451358795166,0.8479902148246765
uniform,1,1,0.18980495631694794,0.03515515476465225,0.8296757936477661,0.8287037014961243
uniform,1,1,0.21571995317935944,0.04509562999010086,0.7861244082450867,0.818683385848999
uniform,1,1,0.24517332017421722,0.05773649364709854,0.757988691329956,0.8027291893959045
uniform,1,1,0.2786480486392975,0.073743537068367,0.7588990330696106,0.7586060762405396
uniform,1,1,0.3166932761669159,0.09390784054994583,0.7206302285194397,0.7363958358764648
uniform,1,1,0.3599330186843872,0.11914696544408798,0.6808793544769287,0.6532078385353088
uniform,1,1,0.4090765118598938,0.1504938006401062,0.6164186596870422,0.6197839975357056
uniform,1,1,0.4649297893047333,0.18906770646572113,0.5538536310195923,0.5578460097312927
uniform,1,1,0.5284090042114258,0.23602324724197388,0.5337638854980469,0.5546095371246338
uniform,1,1,0.6005553603172302,0.2924765646457672,0.5049002766609192,0.517339825630188
uniform,1,1,0.6825522184371948,0.3594135344028473,0.4568893611431122,0.45089420676231384
uniform,1,1,0.7757444977760315,0.43759262561798096,0.4322841167449951,0.4661216139793396
uniform,1,1,0.8816608190536499,0.5274598002433777,0.39041805267333984,0.39608630537986755
uniform,1,1,1.0020384788513184,0.6290942430496216,0.3730807602405548,0.41739165782928467
uniform,1,1,1.1388518810272217,0.7421982884407043,0.32355472445487976,0.3094562888145447
uniform,1,1,1.2943450212478638,0.8661344647407532,0.2859816551208496,0.2680845260620117
uniform,1,1,1.4710685014724731,1.0,0.24625049531459808,0.2520145773887634
uniform,1,2,0.031633540987968445,0.0009999875910580158,1.0472428798675537,1.0381993055343628
uniform,1,2,0.03595263138413429,0.0012914647813886404,1.03084397315979,1.0698010921478271
uniform,1,2,0.04086142033338547,0.0016677641542628407,1.0022902488708496,0.9885712265968323
uniform,1,2,0.04644044116139412,0.002153530716896057,1.0043519735336304,1.024943232536316
uniform,1,2,0.052781183272600174,0.002780495211482048,0.9703543782234192,1.0152357816696167
uniform,1,2,0.059987667948007584,0.003589533269405365,0.9979032874107361,1.0316166877746582
uniform,1,2,0.06817809492349625,0.004633348435163498,0.9684839844703674,0.9770811200141907
uniform,1,2,0.0774867832660675,0.005979322362691164,0.9816250205039978,1.035454273223877
uniform,1,2,0.0880664512515068,0.007714332081377506,0.9532037973403931,0.9516876339912415
uniform,1,2,0.10009060800075531,0.009949231520295143,0.9228061437606812,0.9135065078735352
uniform,1,2,0.11375648528337479,0.01282587368041277,0.9034361243247986,0.8850829601287842
uniform,1,2,0.12928824126720428,0.016524694859981537,0.8769264221191406,0.872944712638855
uniform,1,2,0.14694061875343323,0.02127472683787346,0.8681342601776123,0.8819229006767273
uniform,1,2,0.16700315475463867,0.027364419773221016,0.8369970321655273,0.8570141792297363
uniform,1,2,0.18980495631694794,0.03515515476465225,0.833545982837677,0.8375003337860107
uniform,1,2,0.21571995317935944,0.04509562999010086,0.7818382978439331,0.7469470500946045
uniform,1,2,0.24517332017421722,0.05773649364709854,0.7867996096611023,0.7952691912651062
uniform,1,2,0.2786480486392975,0.073743537068367,0.7531704306602478,0.7394606471061707
uniform,1,2,0.3166932761669159,0.09390784054994583,0.7040132880210876,0.6931674480438232
uniform,1,2,0.3599330186843872,0.11914696544408798,0.6917244791984558,0.6962137222290039
uniform,1,2,0.4090765118598938,0.1504938006401062,0.5993672609329224,0.6292195916175842
uniform,1,2,0.4649297893047333,0.18906770646572113,0.5932653546333313,0.597821056842804
uniform,1,2,0.5284090042114258,0.23602324724197388,0.556590735912323,0.5624388456344604
uniform,1,2,0.6005553603172302,0.2924765646457672,0.5416695475578308,0.5499128103256226
uniform,1,2,0.6825522184371948,0.3594135344028473,0.5135456919670105,0.5188171863555908
uniform,1,2,0.7757444977760315,0.43759262561798096,0.4571784436702728,0.47092148661613464
uniform,1,2,0.8816608190536499,0.5274598002433777,0.43599075078964233,0.4281693696975708
uniform,1,2,1.0020384788513184,0.6290942430496216,0.4133509397506714,0.42273151874542236
uniform,1,2,1.1388518810272217,0.7421982884407043,0.35891497135162354,0.36304473876953125
uniform,1,2,1.2943450212478638,0.8661344647407532,0.3262895941734314,0.33241820335388184
uniform,1,2,1.4710685014724731,1.0,0.3283880650997162,0.3303053677082062
uniform,1,3,0.031633540987968445,0.0009999875910580158,0.9869752526283264,1.0152465105056763
uniform,1,3,0.03595263138413429,0.0012914647813886404,0.9885353446006775,0.9724333882331848
uniform,1,3,0.04086142033338547,0.0016677641542628407,1.0001827478408813,1.0079067945480347
uniform,1,3,0.04644044116139412,0.002153530716896057,0.9887208342552185,0.9901711940765381
uniform,1,3,0.052781183272600174,0.002780495211482048,0.9751290678977966,0.9665209054946899
uniform,1,3,0.059987667948007584,0.003589533269405365,0.9621050953865051,0.9910708069801331
uniform,1,3,0.06817809492349625,0.004633348435163498,0.941646933555603,0.9498115181922913
uniform,1,3,0.0774867832660675,0.005979322362691164,0.94577556848526,0.9368046522140503
uniform,1,3,0.0880664512515068,0.007714332081377506,0.9399073719978333,0.9065178036689758
uniform,1,3,0.10009060800075531,0.009949231520295143,0.9449097514152527,0.9337131381034851
uniform,1,3,0.11375648528337479,0.01282587368041277,0.9199045896530151,0.8638761043548584
uniform,1,3,0.12928824126720428,0.016524694859981537,0.8880926370620728,0.8693099617958069
uniform,1,3,0.14694061875343323,0.02127472683787346,0.884763240814209,0.8655516505241394
uniform,1,3,0.16700315475463867,0.027364419773221016,0.8423131108283997,0.8235992193222046
uniform,1,3,0.18980495631694794,0.03515515476465225,0.8186418414115906,0.8527097105979919
uniform,1,3,0.21571995317935944,0.04509562999010086,0.8192908763885498,0.8401376008987427
uniform,1,3,0.24517332017421722,0.05773649364709854,0.7713399529457092,0.7577899098396301
uniform,1,3,0.2786480486392975,0.073743537068367,0.7898837327957153,0.793043851852417
uniform,1,3,0.3166932761669159,0.09390784054994583,0.7330047488212585,0.7496265172958374
uniform,1,3,0.3599330186843872,0.11914696544408798,0.7167027592658997,0.7523021101951599
uniform,1,3,0.4090765118598938,0.1504938006401062,0.6980375051498413,0.7061303853988647
uniform,1,3,0.4649297893047333,0.18906770646572113,0.7123743891716003,0.7089870572090149
uniform,1,3,0.5284090042114258,0.23602324724197388,0.6473795771598816,0.6337052583694458
uniform,1,3,0.6005553603172302,0.2924765646457672,0.6042274236679077,0.623595118522644
uniform,1,3,0.6825522184371948,0.3594135344028473,0.620555579662323,0.6219117641448975
uniform,1,3,0.7757444977760315,0.43759262561798096,0.5637629628181458,0.5206270217895508
uniform,1,3,0.8816608190536499,0.5274598002433777,0.560732364654541,0.5817755460739136
uniform,1,3,1.0020384788513184,0.6290942430496216,0.5215593576431274,0.5150582194328308
uniform,1,3,1.1388518810272217,0.7421982884407043,0.5034686923027039,0.5067015886306763
uniform,1,3,1.2943450212478638,0.8661344647407532,0.5021031498908997,0.5094967484474182
uniform,1,3,1.4710685014724731,1.0,0.47336098551750183,0.4783722758293152
uniform,2,0,0.031633540987968445,0.0009999875910580158,0.9640420079231262,0.9259351491928101
uniform,2,0,0.03595263138413429,0.0012914647813886404,0.9261832237243652,0.9288329482078552
uniform,2,0,0.04086142033338547,0.0016677641542628407,0.9283180832862854,0.9348039627075195
uniform,2,0,0.04644044116139412,0.002153530716896057,0.9109102487564087,0.989929735660553
uniform,2,0,0.052781183272600174,0.002780495211482048,0.9073507189750671,0.9436529278755188
uniform,2,0,0.059987667948007584,0.003589533269405365,0.8893657922744751,0.8918682932853699
uniform,2,0,0.06817809492349625,0.004633348435163498,0.8720881938934326,0.8982685208320618
uniform,2,0,0.0774867832660675,0.005979322362691164,0.86338210105896,0.848800003528595
uniform,2,0,0.0880664512515068,0.007714332081377506,0.8493053317070007,0.8134260177612305
uniform,2,0,0.10009060800075531,0.009949231520295143,0.8287032842636108,0.8246350288391113
uniform,2,0,0.11375648528337479,0.01282587368041277,0.7964589595794678,0.8502880930900574
uniform,2,0,0.12928824126720428,0.016524694859981537,0.7911685109138489,0.7970707416534424
uniform,2,0,0.14694061875343323,0.02127472683787346,0.7840978503227234,0.7641205191612244
uniform,2,0,0.16700315475463867,0.027364419773221016,0.7461001873016357,0.7546888589859009
uniform,2,0,0.18980495631694794,0.03515515476465225,0.7072679996490479,0.6967326402664185
uniform,2,0,0.21571995317935944,0.04509562999010086,0.7536414861679077,0.7765454649925232
uniform,2,0,0.24517332017421722,0.05773649364709854,0.6865007281303406,0.6976014971733093
uniform,2,0,0.2786480486392975,0.073743537068367,0.724443793296814,0.7237440347671509
uniform,2,0,0.3166932761669159,0.09390784054994583,0.735190212726593,0.7462308406829834
uniform,2,0,0.3599330186843872,0.11914696544408798,0.6899570822715759,0.6705383658409119
uniform,2,0,0.4090765118598938,0.1504938006401062,0.6240707635879517,0.589500367641449
uniform,2,0,0.4649297893047333,0.18906770646572113,0.6105809807777405,0.6269444823265076
uniform,2,0,0.5284090042114258,0.23602324724197388,0.6055395007133484,0.5651167035102844
uniform,2,0,0.6005553603172302,0.2924765646457672,0.6094363927841187,0.5946915745735168
uniform,2,0,0.6825522184371948,0.3594135344028473,0.5542827844619751,0.5702484846115112
uniform,2,0,0.7757444977760315,0.43759262561798096,0.5498576164245605,0.5680693984031677
uniform,2,0,0.8816608190536499,0.5274598002433777,0.5463053584098816,0.5582911372184753
uniform,2,0,1.0020384788513184,0.6290942430496216,0.5049077868461609,0.5117168426513672
uniform,2,0,1.1388518810272217,0.7421982884407043,0.4745892286300659,0.4655180275440216
uniform,2,0,1.2943450212478638,0.8661344647407532,0.46712440252304077,0.46557196974754333
uniform,2,0,1.4710685014724731,1.0,0.4494965374469757,0.4436672031879425
uniform,2,1,0.031633540987968445,0.0009999875910580158,1.020524024963379,1.0570625066757202
uniform,2,1,0.03595263138413429,0.0012914647813886404,1.0186715126037598,1.0777968168258667
uniform,2,1,0.04086142033338547,0.0016677641542628407,1.0121238231658936,0.9623479843139648
uniform,2,1,0.04644044116139412,0.002153530716896057,0.9991483092308044,0.9900273084640503
uniform,2,1,0.052781183272600174,0.002780495211482048,1.0315008163452148,1.0052413940429688
uniform,2,1,0.059987667948007584,0.003589533269405365,0.9916892647743225,0.9747364521026611
uniform,2,1,0.06817809492349625,0.004633348435163498,0.9411070942878723,0.9425215125083923
uniform,2,1,0.0774867832660675,0.005979322362691164,0.9643340110778809,0.9472923874855042
uniform,2,1,0.0880664512515068,0.007714332081377506,0.9319813251495361,0.9260584115982056
uniform,2,1,0.10009060800075531,0.009949231520295143,0.9362524747848511,0.9421476721763611
uniform,2,1,0.11375648528337479,0.01282587368041277,0.9070871472358704,0.8614076972007751
uniform,2,1,0.12928824126720428,0.016524694859981537,0.8881548643112183,0.8783179521560669
uniform,2,1,0.14694061875343323,0.02127472683787346,0.8768340945243835,0.8884290456771851
uniform,2,1,0.16700315475463867,0.027364419773221016,0.8859744668006897,0.8427802324295044
uniform,2,1,0.18980495631694794,0.03515515476465225,0.8333640098571777,0.8323875665664673
uniform,2,1,0.21571995317935944,0.04509562999010086,0.7905514240264893,0.8232937455177307
uniform,2,1,0.24517332017421722,0.05773649364709854,0.7652304768562317,0.8103984594345093
uniform,2,1,0.2786480486392975,0.073743537068367,0.761562168598175,0.761268138885498
uniform,2,1,0.3166932761669159,0.09390784054994583,0.7242683172225952,0.7401136159896851
uniform,2,1,0.3599330186843872,0.11914696544408798,0.6846471428871155,0.6568224430084229
uniform,2,1,0.4090765118598938,0.1504938006401062,0.6201077699661255,0.6234932541847229
uniform,2,1,0.4649297893047333,0.18906770646572113,0.5608853101730347,0.5649282932281494
uniform,2,1,0.5284090042114258,0.23602324724197388,0.540152907371521,0.5612480640411377
uniform,2,1,0.6005553603172302,0.2924765646457672,0.5083908438682556,0.5209164023399353
uniform,2,1,0.6825522184371948,0.3594135344028473,0.46235671639442444,0.45628976821899414
uniform,2,1,0.7757444977760315,0.43759262561798096,0.43269312381744385,0.4665626287460327
uniform,2,1,0.8816608190536499,0.5274598002433777,0.3884371519088745,0.3940766453742981
uniform,2,1,1.0020384788513184,0.6290942430496216,0.3681941628456116,0.41192466020584106
uniform,2,1,1.1388518810272217,0.7421982884407043,0.3152700662612915,0.3015326261520386
uniform,2,1,1.2943450212478638,0.8661344647407532,0.27929818630218506,0.26181933283805847
uniform,2,1,1.4710685014724731,1.0,0.24964416027069092,0.25548768043518066
uniform,2,2,0.031633540987968445,0.0009999875910580158,1.0222980976104736,1.013469934463501
uniform,2,2,0.03595263138413429,0.0012914647813886404,1.015677571296692,1.0540615320205688
uniform,2,2,0.04086142033338547,0.0016677641542628407,0.9906581044197083,0.977098286151886
uniform,2,2,0.04644044116139412,0.002153530716896057,0.9948891997337341,1.0152864456176758
uniform,2,2,0.052781183272600174,0.002780495211482048,0.9608691334724426,1.0053117275238037
uniform,2,2,0.059987667948007584,0.003589533269405365,0.9873329401016235,1.0206891298294067
uniform,2,2,0.06817809492349625,0.004633348435163498,0.9591119289398193,0.9676257967948914
uniform,2,2,0.0774867832660675,0.005979322362691164,0.9743902683258057,1.027822732925415
uniform,2,2,0.0880664512515068,0.007714332081377506,0.9476030468940735,0.9460957646369934
uniform,2,2,0.10009060800075531,0.009949231520295143,0.9186244010925293,0.9093669652938843
uniform,2,2,0.11375648528337479,0.01282587368041277,0.8990017175674438,0.8807386755943298
uniform,2,2,0.12928824126720428,0.016524694859981537,0.8758575320243835,0.8718805909156799
uniform,2,2,0.14694061875343323,0.02127472683787346,0.8663904070854187,0.8801514506340027
uniform,2,2,0.16700315475463867,0.027364419773221016,0.8425277471542358,0.8626770973205566
uniform,2,2,0.18980495631694794,0.03515515476465225,0.8375957012176514,0.8415693044662476
uniform,2,2,0.21571995317935944,0.04509562999010086,0.7875578999519348,0.752411425113678
uniform,2,2,0.24517332017421722,0.05773649364709854,0.7919042110443115,0.8004287481307983
uniform,2,2,0.2786480486392975,0.073743537068367,0.7524863481521606,0.7387889623641968
uniform,2,2,0.3166932761669159,0.09390784054994583,0.7049132585525513,0.6940537095069885
uniform,2,2,0.3599330186843872,0.11914696544408798,0.696099042892456,0.7006166577339172
uniform,2,2,0.4090765118598938,0.1504938006401062,0.6048874855041504,0.6350148320198059
uniform,2,2,0.4649297893047333,0.18906770646572113,0.6000393629074097,0.604647159576416
uniform,2,2,0.5284090042114258,0.23602324724197388,0.562613308429718,0.5685246586799622
uniform,2,2,0.6005553603172302,0.2924765646457672,0.5463097095489502,0.5546236038208008
uniform,2,2,0.6825522184371948,0.3594135344028473,0.5186503529548645,0.5239742994308472
uniform,2,2,0.7757444977760315,0.43759262561798096,0.46194925904273987,0.4758357107639313
uniform,2,2,0.8816608190536499,0.5274598002433777,0.4377434551715851,0.4298906624317169
uniform,2,2,1.0020384788513184,0.6290942430496216,0.40798282623291016,0.4172416031360626
uniform,2,2,1.1388518810272217,0.7421982884407043,0.3561857044696808,0.36028406023979187
uniform,2,2,1.2943450212478638,0.8661344647407532,0.3147655129432678,0.32067766785621643
uniform,2,2,1.4710685014724731,1.0,0.3158957064151764,0.3177400529384613
uniform,2,3,0.031633540987968445,0.0009999875910580158,0.9711720943450928,0.9989906549453735
uniform,2,3,0.03595263138413429,0.0012914647813886404,0.9647502303123474,0.9490357637405396
uniform,2,3,0.04086142033338547,0.0016677641542628407,0.9619396924972534,0.9693683981895447
uniform,2,3,0.04644044116139412,0.002153530716896057,0.9487444162368774,0.950136125087738
uniform,2,3,0.052781183272600174,0.002780495211482048,0.940527081489563,0.9322243928909302
uniform,2,3,0.059987667948007584,0.003589533269405365,0.921592652797699,0.9493386149406433
uniform,2,3,0.06817809492349625,0.004633348435163498,0.8705194592475891,0.8780674338340759
uniform,2,3,0.0774867832660675,0.005979322362691164,0.8748483657836914,0.8665502071380615
uniform,2,3,0.0880664512515068,0.007714332081377506,0.8740189671516418,0.8429700136184692
uniform,2,3,0.10009060800075531,0.009949231520295143,0.8663266897201538,0.8560612797737122
uniform,2,3,0.11375648528337479,0.01282587368041277,0.8460155725479126,0.794487476348877
uniform,2,3,0.12928824126720428,0.016524694859981537,0.8146626353263855,0.7974330186843872
uniform,2,3,0.14694061875343323,0.02127472683787346,0.7941383123397827,0.7768945097923279
uniform,2,3,0.16700315475463867,0.027364419773221016,0.751275360584259,0.7345840930938721
uniform,2,3,0.18980495631694794,0.03515515476465225,0.7405203580856323,0.7713372111320496
uniform,2,3,0.21571995317935944,0.04509562999010086,0.7340132594108582,0.7526901364326477
uniform,2,3,0.24517332017421722,0.05773649364709854,0.6921595335006714,0.6800004839897156
uniform,2,3,0.2786480486392975,0.073743537068367,0.7223706841468811,0.7252607345581055
uniform,2,3,0.3166932761669159,0.09390784054994583,0.6717149615287781,0.6869470477104187
uniform,2,3,0.3599330186843872,0.11914696544408798,0.670577347278595,0.7038856744766235
uniform,2,3,0.4090765118598938,0.1504938006401062,0.6517720222473145,0.6593285202980042
uniform,2,3,0.4649297893047333,0.18906770646572113,0.6908226013183594,0.6875377297401428
uniform,2,3,0.5284090042114258,0.23602324724197388,0.6206384897232056,0.6075289845466614
uniform,2,3,0.6005553603172302,0.2924765646457672,0.582477331161499,0.6011478304862976
uniform,2,3,0.6825522184371948,0.3594135344028473,0.5938684344291687,0.5951663255691528
uniform,2,3,0.7757444977760315,0.43759262561798096,0.5481106638908386,0.5061723589897156
uniform,2,3,0.8816608190536499,0.5274598002433777,0.5399993658065796,0.5602644681930542
uniform,2,3,1.0020384788513184,0.6290942430496216,0.5044390559196472,0.4981512725353241
uniform,2,3,1.1388518810272217,0.7421982884407043,0.48347392678260803,0.48657849431037903
uniform,2,3,1.2943450212478638,0.8661344647407532,0.48458200693130493,0.4917176067829132
uniform,2,3,1.4710685014724731,1.0,0.4647294282913208,0.4696493446826935
log_sigma,0,0,0.031633540987968445,0.0009999875910580158,0.9593820571899414,0.9214593768119812
log_sigma,0,0,0.03595263138413429,0.0012914647813886404,0.9257511496543884,0.9283996820449829
log_sigma,0,0,0.04086142033338547,0.0016677641542628407,0.9212676286697388,0.9277042150497437
log_sigma,0,0,0.04644044116139412,0.002153530716896057,0.9095243811607361,0.9884236454963684
log_sigma,0,0,0.052781183272600174,0.002780495211482048,0.9159682989120483,0.9526152610778809
log_sigma,0,0,0.059987667948007584,0.003589533269405365,0.8951733708381653,0.8976922035217285
log_sigma,0,0,0.06817809492349625,0.004633348435163498,0.8704638481140137,0.8965953588485718
log_sigma,0,0,0.0774867832660675,0.005979322362691164,0.8653287291526794,0.8507137298583984
log_sigma,0,0,0.0880664512515068,0.007714332081377506,0.8427865505218506,0.8071825504302979
log_sigma,0,0,0.10009060800075531,0.009949231520295143,0.8149641156196594,0.8109632134437561
log_sigma,0,0,0.11375648528337479,0.01282587368041277,0.7976208925247192,0.851528525352478
log_sigma,0,0,0.12928824126720428,0.016524694859981537,0.7827542424201965,0.7885937094688416
log_sigma,0,0,0.14694061875343323,0.02127472683787346,0.7808153629302979,0.7609216570854187
log_sigma,0,0,0.16700315475463867,0.027364419773221016,0.7494214773178101,0.758048415184021
log_sigma,0,0,0.18980495631694794,0.03515515476465225,0.7059248685836792,0.6954095363616943
log_sigma,0,0,0.21571995317935944,0.04509562999010086,0.750961184501648,0.7737837433815002
log_sigma,0,0,0.24517332017421722,0.05773649364709854,0.6885397434234619,0.6996734738349915
log_sigma,0,0,0.2786480486392975,0.073743537068367,0.7264341711997986,0.7257325053215027
log_sigma,0,0,0.3166932761669159,0.09390784054994583,0.7364457845687866,0.7475053071975708
log_sigma,0,0,0.3599330186843872,0.11914696544408798,0.6889855861663818,0.6695941686630249
log_sigma,0,0,0.4090765118598938,0.1504938006401062,0.6206951141357422,0.5863116979598999
log_sigma,0,0,0.4649297893047333,0.18906770646572113,0.6123856902122498,0.6287975907325745
log_sigma,0,0,0.5284090042114258,0.23602324724197388,0.604234516620636,0.5638989210128784
log_sigma,0,0,0.6005553603172302,0.2924765646457672,0.6076990962028503,0.59299635887146
log_sigma,0,0,0.6825522184371948,0.3594135344028473,0.5613791346549988,0.5775492191314697
log_sigma,0,0,0.7757444977760315,0.43759262561798096,0.5507951378822327,0.5690379738807678
log_sigma,0,0,0.8816608190536499,0.5274598002433777,0.5578574538230896,0.5700966715812683
log_sigma,0,0,1.0020384788513184,0.6290942430496216,0.5161739587783813,0.5231349468231201
log_sigma,0,0,1.1388518810272217,0.7421982884407043,0.48903000354766846,0.4796827435493469
log_sigma,0,0,1.2943450212478638,0.8661344647407532,0.5016499757766724,0.4999828040599823
log_sigma,0,0,1.4710685014724731,1.0,0.49287137389183044,0.4864795506000519
log_sigma,0,1,0.031633540987968445,0.0009999875910580158,0.9952049255371094,1.030836820602417
log_sigma,0,1,0.03595263138413429,0.0012914647813886404,0.9981581568717957,1.0560928583145142
log_sigma,0,1,0.04086142033338547,0.0016677641542628407,0.9930146932601929,0.9441786408424377
log_sigma,0,1,0.04644044116139412,0.002153530716896057,0.9880722165107727,0.9790521860122681
log_sigma,0,1,0.052781183272600174,0.002780495211482048,1.0039806365966797,0.9784217476844788
log_sigma,0,1,0.059987667948007584,0.003589533269405365,0.9792631268501282,0.9625226259231567
log_sigma,0,1,0.06817809492349625,0.004633348435163498,0.9488802552223206,0.9503063559532166
log_sigma,0,1,0.0774867832660675,0.005979322362691164,0.9607105851173401,0.9437329769134521
log_sigma,0,1,0.0880664512515068,0.007714332081377506,0.9415299296379089,0.9355462789535522
log_sigma,0,1,0.10009060800075531,0.009949231520295143,0.9381058812141418,0.9440128207206726
log_sigma,0,1,0.11375648528337479,0.01282587368041277,0.911587655544281,0.8656815886497498
log_sigma,0,1,0.12928824126720428,0.016524694859981537,0.8919659852981567,0.8820869326591492
log_sigma,0,1,0.14694061875343323,0.02127472683787346,0.8780903816223145,0.8897019624710083
log_sigma,0,1,0.16700315475463867,0.027364419773221016,0.887541651725769,0.8442710638046265
log_sigma,0,1,0.18980495631694794,0.03515515476465225,0.8293184041976929,0.8283467292785645
log_sigma,0,1,0.21571995317935944,0.04509562999010086,0.7891671061515808,0.8218520879745483
log_sigma,0,1,0.24517332017421722,0.05773649364709854,0.7628110647201538,0.8078361749649048
log_sigma,0,1,0.2786480486392975,0.073743537068367,0.7610377669334412,0.7607439160346985
log_sigma,0,1,0.3166932761669159,0.09390784054994583,0.7272375226020813,0.7431477308273315
log_sigma,0,1,0.3599330186843872,0.11914696544408798,0.6932369470596313,0.6650631427764893
log_sigma,0,1,0.4090765118598938,0.1504938006401062,0.6278218626976013,0.6312494874000549
log_sigma,0,1,0.4649297893047333,0.18906770646572113,0.5751746892929077,0.5793207287788391
log_sigma,0,1,0.5284090042114258,0.23602324724197388,0.5563643574714661,0.578092634677887
log_sigma,0,1,0.6005553603172302,0.2924765646457672,0.5246859192848206,0.5376129150390625
log_sigma,0,1,0.6825522184371948,0.3594135344028473,0.4737216532230377,0.46750563383102417
log_sigma,0,1,0.7757444977760315,0.43759262561798096,0.45050567388534546,0.48576945066452026
log_sigma,0,1,0.8816608190536499,0.5274598002433777,0.4060782492160797,0.41197383403778076
log_sigma,0,1,1.0020384788513184,0.6290942430496216,0.3854629695415497,0.43124449253082275
log_sigma,0,1,1.1388518810272217,0.7421982884407043,0.3420969843864441,0.3271905779838562
log_sigma,0,1,1.2943450212478638,0.8661344647407532,0.3095085024833679,0.2901390492916107
log_sigma,0,1,1.4710685014724731,1.0,0.2775114178657532,0.2840072512626648
log_sigma,0,2,0.031633540987968445,0.0009999875910580158,0.9972462058067322,0.9886343479156494
log_sigma,0,2,0.03595263138413429,0.0012914647813886404,0.9957403540611267,1.0333709716796875
log_sigma,0,2,0.04086142033338547,0.0016677641542628407,0.9805785417556763,0.9671566486358643
log_sigma,0,2,0.04644044116139412,0.002153530716896057,0.9826023578643799,1.002747654914856
log_sigma,0,2,0.052781183272600174,0.002780495211482048,0.963883101940155,1.0084651708602905
log_sigma,0,2,0.059987667948007584,0.003589533269405365,0.9806268811225891,1.013756513595581
log_sigma,0,2,0.06817809492349625,0.004633348435163498,0.9610193371772766,0.9695501327514648
log_sigma,0,2,0.0774867832660675,0.005979322362691164,0.9718006253242493,1.0250911712646484
log_sigma,0,2,0.0880664512515068,0.007714332081377506,0.9497027397155762,0.9481921792030334
log_sigma,0,2,0.10009060800075531,0.009949231520295143,0.9241446852684021,0.9148316383361816
log_sigma,0,2,0.11375648528337479,0.01282587368041277,0.9030460119247437,0.8847007751464844
log_sigma,0,2,0.12928824126720428,0.016524694859981537,0.8803807497024536,0.8763833045959473
log_sigma,0,2,0.14694061875343323,0.02127472683787346,0.8669220209121704,0.8806915283203125
log_sigma,0,2,0.16700315475463867,0.027364419773221016,0.8425888419151306,0.8627397418022156
log_sigma,0,2,0.18980495631694794,0.03515515476465225,0.8366823792457581,0.8406515717506409
log_sigma,0,2,0.21571995317935944,0.04509562999010086,0.7870508432388306,0.7519270181655884
log_sigma,0,2,0.24517332017421722,0.05773649364709854,0.7954192757606506,0.803981602191925
log_sigma,0,2,0.2786480486392975,0.073743537068367,0.7538397908210754,0.7401178479194641
log_sigma,0,2,0.3166932761669159,0.09390784054994583,0.7092514038085938,0.698324978351593
log_sigma,0,2,0.3599330186843872,0.11914696544408798,0.7005881667137146,0.7051348686218262
log_sigma,0,2,0.4090765118598938,0.1504938006401062,0.6117702722549438,0.6422404050827026
log_sigma,0,2,0.4649297893047333,0.18906770646572113,0.6133605241775513,0.6180705428123474
log_sigma,0,2,0.5284090042114258,0.23602324724197388,0.5766764283180237,0.582735538482666
log_sigma,0,2,0.6005553603172302,0.2924765646457672,0.5616337656974792,0.5701808333396912
log_sigma,0,2,0.6825522184371948,0.3594135344028473,0.538322925567627,0.5438487529754639
log_sigma,0,2,0.7757444977760315,0.43759262561798096,0.4831296503543854,0.4976527988910675
log_sigma,0,2,0.8816608190536499,0.5274598002433777,0.4592527449131012,0.45101413130760193
log_sigma,0,2,1.0020384788513184,0.6290942430496216,0.4396548569202423,0.4496323764324188
log_sigma,0,2,1.1388518810272217,0.7421982884407043,0.38813045620918274,0.39259636402130127
log_sigma,0,2,1.2943450212478638,0.8661344647407532,0.356416791677475,0.363111287355423
log_sigma,0,2,1.4710685014724731,1.0,0.36505869030952454,0.36719006299972534
log_sigma,0,3,0.031633540987968445,0.0009999875910580158,0.964329719543457,0.9919522404670715
log_sigma,0,3,0.03595263138413429,0.0012914647813886404,0.9685906171798706,0.9528135061264038
log_sigma,0,3,0.04086142033338547,0.0016677641542628407,0.9688519239425659,0.9763340353965759
log_sigma,0,3,0.04644044116139412,0.002153530716896057,0.9541566967964172,0.9555563926696777
log_sigma,0,3,0.052781183272600174,0.002780495211482048,0.9503852128982544,0.9419954419136047
log_sigma,0,3,0.059987667948007584,0.003589533269405365,0.933288037776947,0.9613862037658691
log_sigma,0,3,0.06817809492349625,0.004633348435163498,0.908151388168335,0.9160255789756775
log_sigma,0,3,0.0774867832660675,0.005979322362691164,0.9132075309753418,0.9045455455780029
log_sigma,0,3,0.0880664512515068,0.007714332081377506,0.9082232117652893,0.8759592175483704
log_sigma,0,3,0.10009060800075531,0.009949231520295143,0.893208920955658,0.8826249241828918
log_sigma,0,3,0.11375648528337479,0.01282587368041277,0.8707016110420227,0.8176699876785278
log_sigma,0,3,0.12928824126720428,0.016524694859981537,0.8488566875457764,0.8309038281440735
log_sigma,0,3,0.14694061875343323,0.02127472683787346,0.8237733840942383,0.8058860898017883
log_sigma,0,3,0.16700315475463867,0.027364419773221016,0.7875980734825134,0.7700998187065125
log_sigma,0,3,0.18980495631694794,0.03515515476465225,0.7678435444831848,0.7997974753379822
log_sigma,0,3,0.21571995317935944,0.04509562999010086,0.7572538256645203,0.7765220403671265
log_sigma,0,3,0.24517332017421722,0.05773649364709854,0.7203006744384766,0.7076471447944641
log_sigma,0,3,0.2786480486392975,0.073743537068367,0.7414301037788391,0.7443963885307312
log_sigma,0,3,0.3166932761669159,0.09390784054994583,0.6852185130119324,0.7007566690444946
log_sigma,0,3,0.3599330186843872,0.11914696544408798,0.6876348257064819,0.7217903733253479
log_sigma,0,3,0.4090765118598938,0.1504938006401062,0.6680229306221008,0.6757678389549255
log_sigma,0,3,0.4649297893047333,0.18906770646572113,0.7016711831092834,0.6983347535133362
log_sigma,0,3,0.5284090042114258,0.23602324724197388,0.6369651556015015,0.6235107779502869
log_sigma,0,3,0.6005553603172302,0.2924765646457672,0.6017577052116394,0.621046245098114
log_sigma,0,3,0.6825522184371948,0.3594135344028473,0.6179174184799194,0.6192677617073059
log_sigma,0,3,0.7757444977760315,0.43759262561798096,0.5729341506958008,0.5290964841842651
log_sigma,0,3,0.8816608190536499,0.5274598002433777,0.5632480382919312,0.5843856334686279
log_sigma,0,3,1.0020384788513184,0.6290942430496216,0.5438288450241089,0.5370500683784485
log_sigma,0,3,1.1388518810272217,0.7421982884407043,0.5211036205291748,0.5244497656822205
log_sigma,0,3,1.2943450212478638,0.8661344647407532,0.5370810627937317,0.5449896454811096
log_sigma,0,3,1.4710685014724731,1.0,0.5340063571929932,0.5396596789360046
log_sigma,1,0,0.031633540987968445,0.0009999875910580158,0.9517340660095215,0.9141137003898621
log_sigma,1,0,0.03595263138413429,0.0012914647813886404,0.9150784015655518,0.9176964163780212
log_sigma,1,0,0.04086142033338547,0.0016677641542628407,0.9181392192840576,0.9245539903640747
log_sigma,1,0,0.04644044116139412,0.002153530716896057,0.8957849740982056,0.9734923839569092
log_sigma,1,0,0.052781183272600174,0.002780495211482048,0.9018616080284119,0.9379441738128662
log_sigma,1,0,0.059987667948007584,0.003589533269405365,0.866479218006134,0.8689173460006714
log_sigma,1,0,0.06817809492349625,0.004633348435163498,0.8448583483695984,0.8702211976051331
log_sigma,1,0,0.0774867832660675,0.005979322362691164,0.8390668630599976,0.8248953819274902
log_sigma,1,0,0.0880664512515068,0.007714332081377506,0.8247296214103699,0.7898885011672974
log_sigma,1,0,0.10009060800075531,0.009949231520295143,0.7861798405647278,0.7823203206062317
log_sigma,1,0,0.11375648528337479,0.01282587368041277,0.765618085861206,0.8173627853393555
log_sigma,1,0,0.12928824126720428,0.016524694859981537,0.7620454430580139,0.7677304148674011
log_sigma,1,0,0.14694061875343323,0.02127472683787346,0.7586916089057922,0.7393615245819092
log_sigma,1,0,0.16700315475463867,0.027364419773221016,0.729586124420166,0.737984836101532
log_sigma,1,0,0.18980495631694794,0.03515515476465225,0.689274787902832,0.6790074706077576
log_sigma,1,0,0.21571995317935944,0.04509562999010086,0.742509126663208,0.7650748491287231
log_sigma,1,0,0.24517332017421722,0.05773649364709854,0.683283269405365,0.6943320035934448
log_sigma,1,0,0.2786480486392975,0.073743537068367,0.7229732275009155,0.722274899482727
log_sigma,1,0,0.3166932761669159,0.09390784054994583,0.7342696189880371,0.7452964186668396
log_sigma,1,0,0.3599330186843872,0.11914696544408798,0.6898409724235535,0.670425534248352
log_sigma,1,0,0.4090765118598938,0.1504938006401062,0.6204591989517212,0.5860888361930847
log_sigma,1,0,0.4649297893047333,0.18906770646572113,0.6111183762550354,0.6274962425231934
log_sigma,1,0,0.5284090042114258,0.23602324724197388,0.6047528386116028,0.5643826127052307
log_sigma,1,0,0.6005553603172302,0.2924765646457672,0.6078183054924011,0.5931127071380615
log_sigma,1,0,0.6825522184371948,0.3594135344028473,0.5511962175369263,0.5670729875564575
log_sigma,1,0,0.7757444977760315,0.43759262561798096,0.5479437112808228,0.5660920739173889
log_sigma,1,0,0.8816608190536499,0.5274598002433777,0.5487588047981262,0.5607984066009521
log_sigma,1,0,1.0020384788513184,0.6290942430496216,0.5009483098983765,0.5077039003372192
log_sigma,1,0,1.1388518810272217,0.7421982884407043,0.46296000480651855,0.4541110396385193
log_sigma,1,0,1.2943450212478638,0.8661344647407532,0.45516422390937805,0.4536515176296234
log_sigma,1,0,1.4710685014724731,1.0,0.4240962862968445,0.41859638690948486
log_sigma,1,1,0.031633540987968445,0.0009999875910580158,0.9958409070968628,1.0314956903457642
log_sigma,1,1,0.03595263138413429,0.0012914647813886404,0.9962015151977539,1.0540226697921753
log_sigma,1,1,0.04086142033338547,0.0016677641542628407,0.9946261644363403,0.9457108378410339
log_sigma,1,1,0.04644044116139412,0.002153530716896057,0.9857457280158997,0.9767469167709351
log_sigma,1,1,0.052781183272600174,0.002780495211482048,1.0022526979446411,0.9767377972602844
log_sigma,1,1,0.059987667948007584,0.003589533269405365,0.9774410724639893,0.9607317447662354
log_sigma,1,1,0.06817809492349625,0.004633348435163498,0.948192298412323,0.9496173858642578
log_sigma,1,1,0.0774867832660675,0.005979322362691164,0.9626352190971375,0.9456236362457275
log_sigma,1,1,0.0880664512515068,0.007714332081377506,0.9375193119049072,0.9315611124038696
log_sigma,1,1,0.10009060800075531,0.009949231520295143,0.9368367791175842,0.9427356719970703
log_sigma,1,1,0.11375648528337479,0.01282587368041277,0.9086172580718994,0.8628607392311096
log_sigma,1,1,0.12928824126720428,0.016524694859981537,0.8876535892486572,0.87782222032547
log_sigma,1,1,0.14694061875343323,0.02127472683787346,0.8752363324165344,0.8868101835250854
log_sigma,1,1,0.16700315475463867,0.027364419773221016,0.8862699270248413,0.8430613875389099
log_sigma,1,1,0.18980495631694794,0.03515515476465225,0.8294551968574524,0.8284834027290344
log_sigma,1,1,0.21571995317935944,0.04509562999010086,0.7891190648078918,0.821802020072937
log_sigma,1,1,0.24517332017421722,0.05773649364709854,0.7649428844451904,0.8100938200950623
log_sigma,1,1,0.2786480486392975,0.073743537068367,0.7604232430458069,0.7601296901702881
log_sigma,1,1,0.3166932761669159,0.09390784054994583,0.7259039878845215,0.7417849898338318
log_sigma,1,1,0.3599330186843872,0.11914696544408798,0.6898435950279236,0.6618077754974365
log_sigma,1,1,0.4090765118598938,0.1504938006401062,0.6260152459144592,0.6294329762458801
log_sigma,1,1,0.4649297893047333,0.18906770646572113,0.5692116618156433,0.5733146667480469
log_sigma,1,1,0.5284090042114258,0.23602324724197388,0.5468397736549377,0.5681960582733154
log_sigma,1,1,0.6005553603172302,0.2924765646457672,0.5159956216812134,0.5287085175514221
log_sigma,1,1,0.6825522184371948,0.3594135344028473,0.46340709924697876,0.45732638239860535
log_sigma,1,1,0.7757444977760315,0.43759262561798096,0.4373646080493927,0.4715997874736786
log_sigma,1,1,0.8816608190536499,0.5274598002433777,0.3937678039073944,0.39948466420173645
log_sigma,1,1,1.0020384788513184,0.6290942430496216,0.3756183087825775,0.42023056745529175
log_sigma,1,1,1.1388518810272217,0.7421982884407043,0.331825315952301,0.31736648082733154
log_sigma,1,1,1.2943450212478638,0.8661344647407532,0.2917296588420868,0.2734728157520294
log_sigma,1,1,1.4710685014724731,1.0,0.25753211975097656,0.26356029510498047
log_sigma,1,2,0.031633540987968445,0.0009999875910580158,0.9969573020935059,0.9883479475975037
log_sigma,1,2,0.03595263138413429,0.0012914647813886404,0.9960585832595825,1.0337011814117432
log_sigma,1,2,0.04086142033338547,0.0016677641542628407,0.9804326295852661,0.9670126438140869
log_sigma,1,2,0.04644044116139412,0.002153530716896057,0.980646550655365,1.0007517337799072
log_sigma,1,2,0.052781183272600174,0.002780495211482048,0.9639934301376343,1.0085805654525757
log_sigma,1,2,0.059987667948007584,0.003589533269405365,0.9803304672241211,1.0134501457214355
log_sigma,1,2,0.06817809492349625,0.004633348435163498,0.9581795334815979,0.9666851758956909
log_sigma,1,2,0.0774867832660675,0.005979322362691164,0.9699243903160095,1.0231120586395264
log_sigma,1,2,0.0880664512515068,0.007714332081377506,0.9474707245826721,0.9459637403488159
log_sigma,1,2,0.10009060800075531,0.009949231520295143,0.9228228330612183,0.9135231375694275
log_sigma,1,2,0.11375648528337479,0.01282587368041277,0.8999291062355042,0.8816472887992859
log_sigma,1,2,0.12928824126720428,0.016524694859981537,0.8763309717178345,0.8723519444465637
log_sigma,1,2,0.14694061875343323,0.02127472683787346,0.8650917410850525,0.8788321614265442
log_sigma,1,2,0.16700315475463867,0.027364419773221016,0.8402774333953857,0.8603730201721191
log_sigma,1,2,0.18980495631694794,0.03515515476465225,0.8345842361450195,0.8385434746742249
log_sigma,1,2,0.21571995317935944,0.04509562999010086,0.7823001742362976,0.7473883032798767
log_sigma,1,2,0.24517332017421722,0.05773649364709854,0.7880579829216003,0.7965410947799683
log_sigma,1,2,0.2786480486392975,0.073743537068367,0.7514580488204956,0.737779438495636
log_sigma,1,2,0.3166932761669159,0.09390784054994583,0.7036172151565552,0.6927775740623474
log_sigma,1,2,0.3599330186843872,0.11914696544408798,0.695900559425354,0.7004168629646301
log_sigma,1,2,0.4090765118598938,0.1504938006401062,0.6057687401771545,0.6359399557113647
log_sigma,1,2,0.4649297893047333,0.18906770646572113,0.6075066328048706,0.6121717095375061
log_sigma,1,2,0.5284090042114258,0.23602324724197388,0.5708684325218201,0.5768665671348572
log_sigma,1,2,0.6005553603172302,0.2924765646457672,0.5531969666481018,0.5616156458854675
log_sigma,1,2,0.6825522184371948,0.3594135344028473,0.528290867805481,0.5337137579917908
log_sigma,1,2,0.7757444977760315,0.43759262561798096,0.4694456160068512,0.48355740308761597
log_sigma,1,2,0.8816608190536499,0.5274598002433777,0.4491194188594818,0.4410625398159027
log_sigma,1,2,1.0020384788513184,0.6290942430496216,0.4262548089027405,0.43592825531959534
log_sigma,1,2,1.1388518810272217,0.7421982884407043,0.37240496277809143,0.37668997049331665
log_sigma,1,2,1.2943450212478638,0.8661344647407532,0.33925530314445496,0.34562748670578003
log_sigma,1,2,1.4710685014724731,1.0,0.34183943271636963,0.3438352644443512
log_sigma,1,3,0.031633540987968445,0.0009999875910580158,0.9275672435760498,0.9541367888450623
log_sigma,1,3,0.03595263138413429,0.0012914647813886404,0.9253204464912415,0.9102482199668884
log_sigma,1,3,0.04086142033338547,0.0016677641542628407,0.9321597218513489,0.9393584728240967
log_sigma,1,3,0.04644044116139412,0.002153530716896057,0.9098268747329712,0.911161482334137
log_sigma,1,3,0.052781183272600174,0.002780495211482048,0.8959602117538452,0.88805091381073
log_sigma,1,3,0.059987667948007584,0.003589533269405365,0.8701329231262207,0.8963296413421631
log_sigma,1,3,0.06817809492349625,0.004633348435163498,0.805773138999939,0.8127596974372864
log_sigma,1,3,0.0774867832660675,0.005979322362691164,0.8123537302017212,0.8046483397483826
log_sigma,1,3,0.0880664512515068,0.007714332081377506,0.8148173689842224,0.7858715653419495
log_sigma,1,3,0.10009060800075531,0.009949231520295143,0.7994688749313354,0.7899956703186035
log_sigma,1,3,0.11375648528337479,0.01282587368041277,0.7924774885177612,0.7442101836204529
log_sigma,1,3,0.12928824126720428,0.016524694859981537,0.7510575652122498,0.7351731657981873
log_sigma,1,3,0.14694061875343323,0.02127472683787346,0.7490924000740051,0.7328267097473145
log_sigma,1,3,0.16700315475463867,0.027364419773221016,0.7136142253875732,0.697759747505188
log_sigma,1,3,0.18980495631694794,0.03515515476465225,0.71812903881073,0.7480140924453735
log_sigma,1,3,0.21571995317935944,0.04509562999010086,0.7092549204826355,0.7273017764091492
log_sigma,1,3,0.24517332017421722,0.05773649364709854,0.6827256679534912,0.6707322597503662
log_sigma,1,3,0.2786480486392975,0.073743537068367,0.7130094170570374,0.715861976146698
log_sigma,1,3,0.3166932761669159,0.09390784054994583,0.6602546572685242,0.6752267479896545
log_sigma,1,3,0.3599330186843872,0.11914696544408798,0.6664119362831116,0.69951331615448
log_sigma,1,3,0.4090765118598938,0.1504938006401062,0.6466234922409058,0.6541202664375305
log_sigma,1,3,0.4649297893047333,0.18906770646572113,0.6925473809242249,0.6892542839050293
log_sigma,1,3,0.5284090042114258,0.23602324724197388,0.6222599148750305,0.6091161966323853
log_sigma,1,3,0.6005553603172302,0.2924765646457672,0.5861733555793762,0.6049623489379883
log_sigma,1,3,0.6825522184371948,0.3594135344028473,0.5979192852973938,0.5992259383201599
log_sigma,1,3,0.7757444977760315,0.43759262561798096,0.5537326335906982,0.511364221572876
log_sigma,1,3,0.8816608190536499,0.5274598002433777,0.5486541390419006,0.5692440867424011
log_sigma,1,3,1.0020384788513184,0.6290942430496216,0.5148953199386597,0.5084772706031799
log_sigma,1,3,1.1388518810272217,0.7421982884407043,0.4929765462875366,0.4961421489715576
log_sigma,1,3,1.2943450212478638,0.8661344647407532,0.479912668466568,0.48697948455810547
log_sigma,1,3,1.4710685014724731,1.0,0.44477134943008423,0.44947999715805054
log_sigma,2,0,0.031633540987968445,0.0009999875910580158,0.9528440833091736,0.9151798486709595
log_sigma,2,0,0.03595263138413429,0.0012914647813886404,0.9153817296028137,0.9180005788803101
log_sigma,2,0,0.04086142033338547,0.0016677641542628407,0.9133021831512451,0.9196831583976746
log_sigma,2,0,0.04644044116139412,0.002153530716896057,0.8935361504554749,0.9710485339164734
log_sigma,2,0,0.052781183272600174,0.002780495211482048,0.9000169038772583,0.9360256791114807
log_sigma,2,0,0.059987667948007584,0.003589533269405365,0.8658744692802429,0.8683108687400818
log_sigma,2,0,0.06817809492349625,0.004633348435163498,0.843375027179718,0.8686933517456055
log_sigma,2,0,0.0774867832660675,0.005979322362691164,0.8362991213798523,0.8221744298934937
log_sigma,2,0,0.0880664512515068,0.007714332081377506,0.8250924944877625,0.7902359962463379
log_sigma,2,0,0.10009060800075531,0.009949231520295143,0.7880001068115234,0.784131646156311
log_sigma,2,0,0.11375648528337479,0.01282587368041277,0.7617085576057434,0.8131889700889587
log_sigma,2,0,0.12928824126720428,0.016524694859981537,0.7614161372184753,0.7670964598655701
log_sigma,2,0,0.14694061875343323,0.02127472683787346,0.7584266662597656,0.7391034364700317
log_sigma,2,0,0.16700315475463867,0.027364419773221016,0.7316420078277588,0.740064263343811
log_sigma,2,0,0.18980495631694794,0.03515515476465225,0.6916278600692749,0.6813254952430725
log_sigma,2,0,0.21571995317935944,0.04509562999010086,0.7424973845481873,0.7650627493858337
log_sigma,2,0,0.24517332017421722,0.05773649364709854,0.6791924238204956,0.69017493724823
log_sigma,2,0,0.2786480486392975,0.073743537068367,0.7217862010002136,0.7210889458656311
log_sigma,2,0,0.3166932761669159,0.09390784054994583,0.7329453229904175,0.7439522743225098
log_sigma,2,0,0.3599330186843872,0.11914696544408798,0.6898481845855713,0.670432448387146
log_sigma,2,0,0.4090765118598938,0.1504938006401062,0.6201438307762146,0.5857909321784973
log_sigma,2,0,0.4649297893047333,0.18906770646572113,0.6106458902359009,0.6270111203193665
log_sigma,2,0,0.5284090042114258,0.23602324724197388,0.6075127720832825,0.5669583082199097
log_sigma,2,0,0.6005553603172302,0.2924765646457672,0.6104431748390198,0.5956740379333496
log_sigma,2,0,0.6825522184371948,0.3594135344028473,0.5581235885620117,0.574199914932251
log_sigma,2,0,0.7757444977760315,0.43759262561798096,0.553826630115509,0.5721698999404907
log_sigma,2,0,0.8816608190536499,0.5274598002433777,0.5585442185401917,0.5707984566688538
log_sigma,2,0,1.0020384788513184,0.6290942430496216,0.5138752460479736,0.5208052396774292
log_sigma,2,0,1.1388518810272217,0.7421982884407043,0.48271527886390686,0.47348877787590027
log_sigma,2,0,1.2943450212478638,0.8661344647407532,0.47395023703575134,0.47237512469291687
log_sigma,2,0,1.4710685014724731,1.0,0.45179370045661926,0.44593459367752075
log_sigma,2,1,0.031633540987968445,0.0009999875910580158,0.9960041642189026,1.0316647291183472
log_sigma,2,1,0.03595263138413429,0.0012914647813886404,0.9961940050125122,1.054014801979065
log_sigma,2,1,0.04086142033338547,0.0016677641542628407,0.9953659772872925,0.9464142322540283
log_sigma,2,1,0.04644044116139412,0.002153530716896057,0.9862430691719055,0.9772397875785828
log_sigma,2,1,0.052781183272600174,0.002780495211482048,1.0032554864883423,0.977715015411377
log_sigma,2,1,0.059987667948007584,0.003589533269405365,0.9786653518676758,0.9619351029396057
log_sigma,2,1,0.06817809492349625,0.004633348435163498,0.9462859630584717,0.9477081894874573
log_sigma,2,1,0.0774867832660675,0.005979322362691164,0.9618801474571228,0.9448819160461426
log_sigma,2,1,0.0880664512515068,0.007714332081377506,0.9365095496177673,0.9305578470230103
log_sigma,2,1,0.10009060800075531,0.009949231520295143,0.9361690878868103,0.9420637488365173
log_sigma,2,1,0.11375648528337479,0.01282587368041277,0.9058252573013306,0.8602094054222107
log_sigma,2,1,0.12928824126720428,0.016524694859981537,0.8880861401557922,0.878250002861023
log_sigma,2,1,0.14694061875343323,0.02127472683787346,0.8738034963607788,0.8853583931922913
log_sigma,2,1,0.16700315475463867,0.027364419773221016,0.8849972486495972,0.841850757598877
log_sigma,2,1,0.18980495631694794,0.03515515476465225,0.8291435241699219,0.828171968460083
log_sigma,2,1,0.21571995317935944,0.04509562999010086,0.7857303619384766,0.8182730078697205
log_sigma,2,1,0.24517332017421722,0.05773649364709854,0.7631950378417969,0.8082428574562073
log_sigma,2,1,0.2786480486392975,0.073743537068367,0.7599388957023621,0.7596454620361328
log_sigma,2,1,0.3166932761669159,0.09390784054994583,0.7239425778388977,0.739780604839325
log_sigma,2,1,0.3599330186843872,0.11914696544408798,0.6859917044639587,0.6581124067306519
log_sigma,2,1,0.4090765118598938,0.1504938006401062,0.6215037703514099,0.6248968839645386
log_sigma,2,1,0.4649297893047333,0.18906770646572113,0.5637763738632202,0.5678402185440063
log_sigma,2,1,0.5284090042114258,0.23602324724197388,0.5436374545097351,0.564868688583374
log_sigma,2,1,0.6005553603172302,0.2924765646457672,0.5110720992088318,0.5236636400222778
log_sigma,2,1,0.6825522184371948,0.3594135344028473,0.4607783257961273,0.45473209023475647
log_sigma,2,1,0.7757444977760315,0.43759262561798096,0.43323439359664917,0.46714624762535095
log_sigma,2,1,0.8816608190536499,0.5274598002433777,0.3917672634124756,0.397455096244812
log_sigma,2,1,1.0020384788513184,0.6290942430496216,0.36916086077690125,0.4130061864852905
log_sigma,2,1,1.1388518810272217,0.7421982884407043,0.32388991117477417,0.3097768723964691
log_sigma,2,1,1.2943450212478638,0.8661344647407532,0.2927185595035553,0.2743998169898987
log_sigma,2,1,1.4710685014724731,1.0,0.2563542127609253,0.2623548209667206
log_sigma,2,2,0.031633540987968445,0.0009999875910580158,0.998755693435669,0.9901307821273804
log_sigma,2,2,0.03595263138413429,0.0012914647813886404,0.9974244236946106,1.035118579864502
log_sigma,2,2,0.04086142033338547,0.0016677641542628407,0.9804814457893372,0.9670608639717102
log_sigma,2,2,0.04644044116139412,0.002153530716896057,0.9803454875946045,1.0004445314407349
log_sigma,2,2,0.052781183272600174,0.002780495211482048,0.9637349247932434,1.0083101987838745
log_sigma,2,2,0.059987667948007584,0.003589533269405365,0.9815882444381714,1.014750361442566
log_sigma,2,2,0.06817809492349625,0.004633348435163498,0.9586759805679321,0.9671860337257385
log_sigma,2,2,0.0774867832660675,0.005979322362691164,0.9705031514167786,1.023722529411316
log_sigma,2,2,0.0880664512515068,0.007714332081377506,0.947398841381073,0.9458919763565063
log_sigma,2,2,0.10009060800075531,0.009949231520295143,0.9235864877700806,0.914279043674469
log_sigma,2,2,0.11375648528337479,0.01282587368041277,0.8999095559120178,0.8816280364990234
log_sigma,2,2,0.12928824126720428,0.016524694859981537,0.875527024269104,0.8715515732765198
log_sigma,2,2,0.14694061875343323,0.02127472683787346,0.8645772337913513,0.878309428691864
log_sigma,2,2,0.16700315475463867,0.027364419773221016,0.8411879539489746,0.861305296421051
log_sigma,2,2,0.18980495631694794,0.03515515476465225,0.8344761729240417,0.8384349942207336
log_sigma,2,2,0.21571995317935944,0.04509562999010086,0.7837714552879333,0.7487939596176147
log_sigma,2,2,0.24517332017421722,0.05773649364709854,0.7906079292297363,0.7991184592247009
log_sigma,2,2,0.2786480486392975,0.073743537068367,0.7499265074729919,0.7362757325172424
log_sigma,2,2,0.3166932761669159,0.09390784054994583,0.7026066184043884,0.691782534122467
log_sigma,2,2,0.3599330186843872,0.11914696544408798,0.6946012377738953,0.6991091370582581
log_sigma,2,2,0.4090765118598938,0.1504938006401062,0.6013131737709045,0.631262481212616
log_sigma,2,2,0.4649297893047333,0.18906770646572113,0.6049951314926147,0.6096409559249878
log_sigma,2,2,0.5284090042114258,0.23602324724197388,0.567905604839325,0.5738725662231445
log_sigma,2,2,0.6005553603172302,0.2924765646457672,0.5536729693412781,0.5620989203453064
log_sigma,2,2,0.6825522184371948,0.3594135344028473,0.529482364654541,0.534917414188385
log_sigma,2,2,0.7757444977760315,0.43759262561798096,0.4673134684562683,0.48136118054389954
log_sigma,2,2,0.8816608190536499,0.5274598002433777,0.44689255952835083,0.43887564539909363
log_sigma,2,2,1.0020384788513184,0.6290942430496216,0.42725318670272827,0.4369492828845978
log_sigma,2,2,1.1388518810272217,0.7421982884407043,0.37918296456336975,0.3835459053516388
log_sigma,2,2,1.2943450212478638,0.8661344647407532,0.3438744843006134,0.35033342242240906
log_sigma,2,2,1.4710685014724731,1.0,0.35341182351112366,0.35547518730163574
log_sigma,2,3,0.031633540987968445,0.0009999875910580158,0.9393720030784607,0.9662796258926392
log_sigma,2,3,0.03595263138413429,0.0012914647813886404,0.9338447451591492,0.9186335802078247
log_sigma,2,3,0.04086142033338547,0.0016677641542628407,0.9385888576507568,0.9458372592926025
log_sigma,2,3,0.04644044116139412,0.002153530716896057,0.9225800037384033,0.9239333271980286
log_sigma,2,3,0.052781183272600174,0.002780495211482048,0.908549427986145,0.9005290269851685
log_sigma,2,3,0.059987667948007584,0.003589533269405365,0.8891918063163757,0.9159623980522156
log_sigma,2,3,0.06817809492349625,0.004633348435163498,0.8198795318603516,0.8269883394241333
log_sigma,2,3,0.0774867832660675,0.005979322362691164,0.8279696702957153,0.8201161623001099
log_sigma,2,3,0.0880664512515068,0.007714332081377506,0.8344611525535583,0.8048174381256104
log_sigma,2,3,0.10009060800075531,0.009949231520295143,0.8136401176452637,0.8039989471435547
log_sigma,2,3,0.11375648528337479,0.01282587368041277,0.8037288188934326,0.7547762393951416
log_sigma,2,3,0.12928824126720428,0.016524694859981537,0.7661596536636353,0.7499557733535767
log_sigma,2,3,0.14694061875343323,0.02127472683787346,0.7558159828186035,0.7394043207168579
log_sigma,2,3,0.16700315475463867,0.027364419773221016,0.7236638069152832,0.7075859308242798
log_sigma,2,3,0.18980495631694794,0.03515515476465225,0.7246981859207153,0.7548566460609436
log_sigma,2,3,0.21571995317935944,0.04509562999010086,0.7108616828918457,0.7289494276046753
log_sigma,2,3,0.24517332017421722,0.05773649364709854,0.6918792128562927,0.6797250509262085
log_sigma,2,3,0.2786480486392975,0.073743537068367,0.7149537801742554,0.7178140878677368
log_sigma,2,3,0.3166932761669159,0.09390784054994583,0.6571841835975647,0.6720867156982422
log_sigma,2,3,0.3599330186843872,0.11914696544408798,0.6694614887237549,0.7027143239974976
log_sigma,2,3,0.4090765118598938,0.1504938006401062,0.6388645172119141,0.6462713479995728
log_sigma,2,3,0.4649297893047333,0.18906770646572113,0.6858133673667908,0.6825523972511292
log_sigma,2,3,0.5284090042114258,0.23602324724197388,0.6158831119537354,0.6028740406036377
log_sigma,2,3,0.6005553603172302,0.2924765646457672,0.5780715346336365,0.5966007709503174
log_sigma,2,3,0.6825522184371948,0.3594135344028473,0.5838447213172913,0.5851206183433533
log_sigma,2,3,0.7757444977760315,0.43759262561798096,0.5397359132766724,0.49843844771385193
log_sigma,2,3,0.8816608190536499,0.5274598002433777,0.5267078280448914,0.5464741587638855
log_sigma,2,3,1.0020384788513184,0.6290942430496216,0.4949215054512024,0.4887523651123047
log_sigma,2,3,1.1388518810272217,0.7421982884407043,0.4801132380962372,0.4831962287425995
log_sigma,2,3,1.2943450212478638,0.8661344647407532,0.48393160104751587,0.4910575747489929
log_sigma,2,3,1.4710685014724731,1.0,0.45572131872177124,0.4605458676815033
mixture,0,0,0.031633540987968445,0.0009999875910580158,0.9554593563079834,0.9176917672157288
mixture,0,0,0.03595263138413429,0.0012914647813886404,0.9187743067741394,0.9214028120040894
mixture,0,0,0.04086142033338547,0.0016677641542628407,0.9141613841056824,0.9205483794212341
mixture,0,0,0.04644044116139412,0.002153530716896057,0.8937570452690125,0.9712885618209839
mixture,0,0,0.052781183272600174,0.002780495211482048,0.9025986194610596,0.9387106895446777
mixture,0,0,0.059987667948007584,0.003589533269405365,0.8673021197319031,0.8697425723075867
mixture,0,0,0.06817809492349625,0.004633348435163498,0.8423098921775818,0.8675962686538696
mixture,0,0,0.0774867832660675,0.005979322362691164,0.8356750011444092,0.821560800075531
mixture,0,0,0.0880664512515068,0.007714332081377506,0.8252920508384705,0.7904271483421326
mixture,0,0,0.10009060800075531,0.009949231520295143,0.7889546155929565,0.7850814461708069
mixture,0,0,0.11375648528337479,0.01282587368041277,0.7622393369674683,0.8137557506561279
mixture,0,0,0.12928824126720428,0.016524694859981537,0.7630988955497742,0.7687917351722717
mixture,0,0,0.14694061875343323,0.02127472683787346,0.759677529335022,0.7403223514556885
mixture,0,0,0.16700315475463867,0.027364419773221016,0.7301027178764343,0.7385072708129883
mixture,0,0,0.18980495631694794,0.03515515476465225,0.6912710666656494,0.680974006652832
mixture,0,0,0.21571995317935944,0.04509562999010086,0.7434435486793518,0.76603764295578
mixture,0,0,0.24517332017421722,0.05773649364709854,0.6781390905380249,0.6891046762466431
mixture,0,0,0.2786480486392975,0.073743537068367,0.7243038415908813,0.7236042022705078
mixture,0,0,0.3166932761669159,0.09390784054994583,0.734927773475647,0.7459644079208374
mixture,0,0,0.3599330186843872,0.11914696544408798,0.6917569637298584,0.6722875833511353
mixture,0,0,0.4090765118598938,0.1504938006401062,0.6222289800643921,0.5877605676651001
mixture,0,0,0.4649297893047333,0.18906770646572113,0.6107122898101807,0.6270793080329895
mixture,0,0,0.5284090042114258,0.23602324724197388,0.605014979839325,0.5646272897720337
mixture,0,0,0.6005553603172302,0.2924765646457672,0.6093981862068176,0.5946543216705322
mixture,0,0,0.6825522184371948,0.3594135344028473,0.5501303672790527,0.5659764409065247
mixture,0,0,0.7757444977760315,0.43759262561798096,0.5452098846435547,0.563267707824707
mixture,0,0,0.8816608190536499,0.5274598002433777,0.5406038761138916,0.5524645447731018
mixture,0,0,1.0020384788513184,0.6290942430496216,0.4979930818080902,0.5047088861465454
mixture,0,0,1.1388518810272217,0.7421982884407043,0.4704817235469818,0.4614889919757843
mixture,0,0,1.2943450212478638,0.8661344647407532,0.46162301301956177,0.4600888192653656
mixture,0,0,1.4710685014724731,1.0,0.43201959133148193,0.42641696333885193
mixture,0,1,0.031633540987968445,0.0009999875910580158,0.9956815242767334,1.0313304662704468
mixture,0,1,0.03595263138413429,0.0012914647813886404,0.9969092607498169,1.0547715425491333
mixture,0,1,0.04086142033338547,0.0016677641542628407,0.9925146102905273,0.9437031149864197
mixture,0,1,0.04644044116139412,0.002153530716896057,0.9854713678359985,0.976475179195404
mixture,0,1,0.052781183272600174,0.002780495211482048,1.003226637840271,0.9776869416236877
mixture,0,1,0.059987667948007584,0.003589533269405365,0.9772194027900696,0.9605138897895813
mixture,0,1,0.06817809492349625,0.004633348435163498,0.9468905329704285,0.9483136534690857
mixture,0,1,0.0774867832660675,0.005979322362691164,0.9618934988975525,0.9448949694633484
mixture,0,1,0.0880664512515068,0.007714332081377506,0.9353863000869751,0.9294416308403015
mixture,0,1,0.10009060800075531,0.009949231520295143,0.9364655017852783,0.9423620700836182
mixture,0,1,0.11375648528337479,0.01282587368041277,0.9066662788391113,0.8610079884529114
mixture,0,1,0.12928824126720428,0.016524694859981537,0.888087809085846,0.8782516717910767
mixture,0,1,0.14694061875343323,0.02127472683787346,0.8738248348236084,0.8853799700737
mixture,0,1,0.16700315475463867,0.027364419773221016,0.8850050568580627,0.8418582081794739
mixture,0,1,0.18980495631694794,0.03515515476465225,0.8288354277610779,0.8278643488883972
mixture,0,1,0.21571995317935944,0.04509562999010086,0.7881985902786255,0.8208434581756592
mixture,0,1,0.24517332017421722,0.05773649364709854,0.7639608383178711,0.8090538382530212
mixture,0,1,0.2786480486392975,0.073743537068367,0.7590767741203308,0.7587836980819702
mixture,0,1,0.3166932761669159,0.09390784054994583,0.7220104932785034,0.7378062605857849
mixture,0,1,0.3599330186843872,0.11914696544408798,0.6837249398231506,0.6559377908706665
mixture,0,1,0.4090765118598938,0.1504938006401062,0.6185263395309448,0.6219031810760498
mixture,0,1,0.4649297893047333,0.18906770646572113,0.5618754625320435,0.5659255981445312
mixture,0,1,0.5284090042114258,0.23602324724197388,0.54006028175354,0.5611517429351807
mixture,0,1,0.6005553603172302,0.2924765646457672,0.5059325098991394,0.5183974504470825
mixture,0,1,0.6825522184371948,0.3594135344028473,0.452161967754364,0.4462288022041321
mixture,0,1,0.7757444977760315,0.43759262561798096,0.42421644926071167,0.4574224352836609
mixture,0,1,0.8816608190536499,0.5274598002433777,0.3798080086708069,0.3853222131729126
mixture,0,1,1.0020384788513184,0.6290942430496216,0.3648669421672821,0.40820226073265076
mixture,0,1,1.1388518810272217,0.7421982884407043,0.3163261413574219,0.30254268646240234
mixture,0,1,1.2943450212478638,0.8661344647407532,0.2793710231781006,0.2618876099586487
mixture,0,1,1.4710685014724731,1.0,0.2391245812177658,0.24472187459468842
mixture,0,2,0.031633540987968445,0.0009999875910580158,0.9982501268386841,0.9896296262741089
mixture,0,2,0.03595263138413429,0.0012914647813886404,0.996303141117096,1.0339549779891968
mixture,0,2,0.04086142033338547,0.0016677641542628407,0.9801312685012817,0.9667155146598816
mixture,0,2,0.04644044116139412,0.002153530716896057,0.9803322553634644,1.0004310607910156
mixture,0,2,0.052781183272600174,0.002780495211482048,0.9640815854072571,1.008672833442688
mixture,0,2,0.059987667948007584,0.003589533269405365,0.9792133569717407,1.0122952461242676
mixture,0,2,0.06817809492349625,0.004633348435163498,0.9576807618141174,0.9661819338798523
mixture,0,2,0.0774867832660675,0.005979322362691164,0.9697024822235107,1.0228779315948486
mixture,0,2,0.0880664512515068,0.007714332081377506,0.946478009223938,0.9449726343154907
mixture,0,2,0.10009060800075531,0.009949231520295143,0.9231849908828735,0.9138816595077515
mixture,0,2,0.11375648528337479,0.01282587368041277,0.8986184597015381,0.8803631663322449
mixture,0,2,0.12928824126720428,0.016524694859981537,0.8751904964447021,0.8712165951728821
mixture,0,2,0.14694061875343323,0.02127472683787346,0.8653249740600586,0.8790690302848816
mixture,0,2,0.16700315475463867,0.027364419773221016,0.8406201004981995,0.8607238531112671
mixture,0,2,0.18980495631694794,0.03515515476465225,0.835696816444397,0.8396614193916321
mixture,0,2,0.21571995317935944,0.04509562999010086,0.7827265858650208,0.7477957010269165
mixture,0,2,0.24517332017421722,0.05773649364709854,0.7896206974983215,0.7981206774711609
mixture,0,2,0.2786480486392975,0.073743537068367,0.7504010200500488,0.7367416620254517
mixture,0,2,0.3166932761669159,0.09390784054994583,0.6996313333511353,0.6888530850410461
mixture,0,2,0.3599330186843872,0.11914696544408798,0.6927827000617981,0.6972787380218506
mixture,0,2,0.4090765118598938,0.1504938006401062,0.6014397144317627,0.6313953399658203
mixture,0,2,0.4649297893047333,0.18906770646572113,0.5991948843002319,0.6037961840629578
mixture,0,2,0.5284090042114258,0.23602324724197388,0.5632184147834778,0.5691361427307129
mixture,0,2,0.6005553603172302,0.2924765646457672,0.5465361475944519,0.5548535585403442
mixture,0,2,0.6825522184371948,0.3594135344028473,0.5158053040504456,0.5211000442504883
mixture,0,2,0.7757444977760315,0.43759262561798096,0.4575219750404358,0.47127532958984375
mixture,0,2,0.8816608190536499,0.5274598002433777,0.4342144727706909,0.4264250099658966
mixture,0,2,1.0020384788513184,0.6290942430496216,0.41180723905563354,0.421152800321579
mixture,0,2,1.1388518810272217,0.7421982884407043,0.3582289516925812,0.36235082149505615
mixture,0,2,1.2943450212478638,0.8661344647407532,0.31548425555229187,0.3214099407196045
mixture,0,2,1.4710685014724731,1.0,0.30737221240997314,0.3091667592525482
mixture,0,3,0.031633540987968445,0.0009999875910580158,0.9501044750213623,0.9773195385932922
mixture,0,3,0.03595263138413429,0.0012914647813886404,0.9423097372055054,0.9269607067108154
mixture,0,3,0.04086142033338547,0.0016677641542628407,0.9367364048957825,0.9439704418182373
mixture,0,3,0.04644044116139412,0.002153530716896057,0.9169957637786865,0.9183409214019775
mixture,0,3,0.052781183272600174,0.002780495211482048,0.9071977734565735,0.8991892337799072
mixture,0,3,0.059987667948007584,0.003589533269405365,0.8800937533378601,0.9065904021263123
mixture,0,3,0.06817809492349625,0.004633348435163498,0.8103618621826172,0.8173881769180298
mixture,0,3,0.0774867832660675,0.005979322362691164,0.8243465423583984,0.8165274262428284
mixture,0,3,0.0880664512515068,0.007714332081377506,0.8241925835609436,0.7949137687683105
mixture,0,3,0.10009060800075531,0.009949231520295143,0.8096804022789001,0.8000862002372742
mixture,0,3,0.11375648528337479,0.01282587368041277,0.7982078194618225,0.7495915293693542
mixture,0,3,0.12928824126720428,0.016524694859981537,0.7658398151397705,0.7496427297592163
mixture,0,3,0.14694061875343323,0.02127472683787346,0.7629232406616211,0.7463572025299072
mixture,0,3,0.16700315475463867,0.027364419773221016,0.7223615646362305,0.7063126564025879
mixture,0,3,0.18980495631694794,0.03515515476465225,0.7213097214698792,0.7513271570205688
mixture,0,3,0.21571995317935944,0.04509562999010086,0.7193719744682312,0.7376762628555298
mixture,0,3,0.24517332017421722,0.05773649364709854,0.6858700513839722,0.6738214492797852
mixture,0,3,0.2786480486392975,0.073743537068367,0.7206950187683105,0.7235783338546753
mixture,0,3,0.3166932761669159,0.09390784054994583,0.6694756150245667,0.6846568584442139
mixture,0,3,0.3599330186843872,0.11914696544408798,0.6712653040885925,0.7046077251434326
mixture,0,3,0.4090765118598938,0.1504938006401062,0.6491699814796448,0.6566963195800781
mixture,0,3,0.4649297893047333,0.18906770646572113,0.6871393918991089,0.6838720440864563
mixture,0,3,0.5284090042114258,0.23602324724197388,0.6203495860099792,0.6072461605072021
mixture,0,3,0.6005553603172302,0.2924765646457672,0.5844786167144775,0.6032132506370544
mixture,0,3,0.6825522184371948,0.3594135344028473,0.5869837403297424,0.5882664918899536
mixture,0,3,0.7757444977760315,0.43759262561798096,0.5402569770812988,0.4989195764064789
mixture,0,3,0.8816608190536499,0.5274598002433777,0.5233169198036194,0.5429559946060181
mixture,0,3,1.0020384788513184,0.6290942430496216,0.4833466708660126,0.4773218333721161
mixture,0,3,1.1388518810272217,0.7421982884407043,0.458994597196579,0.4619419574737549
mixture,0,3,1.2943450212478638,0.8661344647407532,0.4619356393814087,0.46873772144317627
mixture,0,3,1.4710685014724731,1.0,0.4338785707950592,0.43847188353538513
mixture,1,0,0.031633540987968445,0.0009999875910580158,0.9586593508720398,0.9207652807235718
mixture,1,0,0.03595263138413429,0.0012914647813886404,0.9294848442077637,0.9321439862251282
mixture,1,0,0.04086142033338547,0.0016677641542628407,0.9258397817611694,0.9323083758354187
mixture,1,0,0.04644044116139412,0.002153530716896057,0.8992242217063904,0.9772299528121948
mixture,1,0,0.052781183272600174,0.002780495211482048,0.913188636302948,0.9497244358062744
mixture,1,0,0.059987667948007584,0.003589533269405365,0.8712534308433533,0.8737049698829651
mixture,1,0,0.06817809492349625,0.004633348435163498,0.8478977084159851,0.8733518123626709
mixture,1,0,0.0774867832660675,0.005979322362691164,0.8458173871040344,0.8315318822860718
mixture,1,0,0.0880664512515068,0.007714332081377506,0.8370511531829834,0.8016894459724426
mixture,1,0,0.10009060800075531,0.009949231520295143,0.796541154384613,0.7926307320594788
mixture,1,0,0.11375648528337479,0.01282587368041277,0.7702133059501648,0.8222686052322388
mixture,1,0,0.12928824126720428,0.016524694859981537,0.765508234500885,0.7712190747261047
mixture,1,0,0.14694061875343323,0.02127472683787346,0.7633296251296997,0.7438814043998718
mixture,1,0,0.16700315475463867,0.027364419773221016,0.7344288229942322,0.7428832054138184
mixture,1,0,0.18980495631694794,0.03515515476465225,0.6969428062438965,0.6865612864494324
mixture,1,0,0.21571995317935944,0.04509562999010086,0.7427138686180115,0.7652857899665833
mixture,1,0,0.24517332017421722,0.05773649364709854,0.685338020324707,0.6964200139045715
mixture,1,0,0.2786480486392975,0.073743537068367,0.7249537706375122,0.7242535352706909
mixture,1,0,0.3166932761669159,0.09390784054994583,0.7364197373390198,0.7474787831306458
mixture,1,0,0.3599330186843872,0.11914696544408798,0.6908986568450928,0.6714534163475037
mixture,1,0,0.4090765118598938,0.1504938006401062,0.6250103712081909,0.5903879404067993
mixture,1,0,0.4649297893047333,0.18906770646572113,0.6123101711273193,0.6287200450897217
mixture,1,0,0.5284090042114258,0.23602324724197388,0.6055443286895752,0.5651212334632874
mixture,1,0,0.6005553603172302,0.2924765646457672,0.6100731492042542,0.5953129529953003
mixture,1,0,0.6825522184371948,0.3594135344028473,0.5500401258468628,0.5658836364746094
mixture,1,0,0.7757444977760315,0.43759262561798096,0.5434198975563049,0.5614184141159058
mixture,1,0,0.8816608190536499,0.5274598002433777,0.5435166358947754,0.5554412007331848
mixture,1,0,1.0020384788513184,0.6290942430496216,0.4973718225955963,0.5040792226791382
mixture,1,0,1.1388518810272217,0.7421982884407043,0.4643670320510864,0.45549121499061584
mixture,1,0,1.2943450212478638,0.8661344647407532,0.4573853313922882,0.4558652341365814
mixture,1,0,1.4710685014724731,1.0,0.4334246814250946,0.42780378460884094
mixture,1,1,0.031633540987968445,0.0009999875910580158,0.9958989024162292,1.0315557718276978
mixture,1,1,0.03595263138413429,0.0012914647813886404,0.9967057108879089,1.054556131362915
mixture,1,1,0.04086142033338547,0.0016677641542628407,0.9934147000312805,0.9445589780807495
mixture,1,1,0.04644044116139412,0.002153530716896057,0.985742449760437,0.976743757724762
mixture,1,1,0.052781183272600174,0.002780495211482048,1.0034215450286865,0.9778770208358765
mixture,1,1,0.059987667948007584,0.003589533269405365,0.9776836037635803,0.9609702229499817
mixture,1,1,0.06817809492349625,0.004633348435163498,0.9469035863876343,0.9483267068862915
mixture,1,1,0.0774867832660675,0.005979322362691164,0.9619757533073425,0.944975733757019
mixture,1,1,0.0880664512515068,0.007714332081377506,0.9360530972480774,0.9301041960716248
mixture,1,1,0.10009060800075531,0.009949231520295143,0.9364191293716431,0.9423153400421143
mixture,1,1,0.11375648528337479,0.01282587368041277,0.9051474928855896,0.8595657348632812
mixture,1,1,0.12928824126720428,0.016524694859981537,0.8882423043251038,0.878404438495636
mixture,1,1,0.14694061875343323,0.02127472683787346,0.8727754950523376,0.8843167424201965
mixture,1,1,0.16700315475463867,0.027364419773221016,0.8860059976577759,0.8428102731704712
mixture,1,1,0.18980495631694794,0.03515515476465225,0.8251164555549622,0.8241496682167053
mixture,1,1,0.21571995317935944,0.04509562999010086,0.7842199802398682,0.8167000412940979
mixture,1,1,0.24517332017421722,0.05773649364709854,0.7606490850448608,0.8055465817451477
mixture,1,1,0.2786480486392975,0.073743537068367,0.755931556224823,0.7556396722793579
mixture,1,1,0.3166932761669159,0.09390784054994583,0.719450056552887,0.7351898550987244
mixture,1,1,0.3599330186843872,0.11914696544408798,0.6812335848808289,0.6535476446151733
mixture,1,1,0.4090765118598938,0.1504938006401062,0.6181694269180298,0.621544361114502
mixture,1,1,0.4649297893047333,0.18906770646572113,0.5607049465179443,0.5647466778755188
mixture,1,1,0.5284090042114258,0.23602324724197388,0.5378152132034302,0.558819055557251
mixture,1,1,0.6005553603172302,0.2924765646457672,0.5062591433525085,0.5187321305274963
mixture,1,1,0.6825522184371948,0.3594135344028473,0.454102098941803,0.44814348220825195
mixture,1,1,0.7757444977760315,0.43759262561798096,0.4250105619430542,0.45827868580818176
mixture,1,1,0.8816608190536499,0.5274598002433777,0.38178500533103943,0.3873278796672821
mixture,1,1,1.0020384788513184,0.6290942430496216,0.3658108413219452,0.40925827622413635
mixture,1,1,1.1388518810272217,0.7421982884407043,0.3199270963668823,0.3059867322444916
mixture,1,1,1.2943450212478638,0.8661344647407532,0.2848247289657593,0.2670000195503235
mixture,1,1,1.4710685014724731,1.0,0.24504196643829346,0.2507777512073517
mixture,1,2,0.031633540987968445,0.0009999875910580158,0.9989725351333618,0.9903457760810852
mixture,1,2,0.03595263138413429,0.0012914647813886404,0.9961493611335754,1.0337953567504883
mixture,1,2,0.04086142033338547,0.0016677641542628407,0.9796454906463623,0.9662363529205322
mixture,1,2,0.04644044116139412,0.002153530716896057,0.9811670184135437,1.0012829303741455
mixture,1,2,0.052781183272600174,0.002780495211482048,0.9634910821914673,1.0080550909042358
mixture,1,2,0.059987667948007584,0.003589533269405365,0.9784585237503052,1.0115150213241577
mixture,1,2,0.06817809492349625,0.004633348435163498,0.9590489864349365,0.9675623774528503
mixture,1,2,0.0774867832660675,0.005979322362691164,0.9706103205680847,1.02383553981781
mixture,1,2,0.0880664512515068,0.007714332081377506,0.9461156129837036,0.9446107149124146
mixture,1,2,0.10009060800075531,0.009949231520295143,0.9223513603210449,0.9130563735961914
mixture,1,2,0.11375648528337479,0.01282587368041277,0.8990543484687805,0.8807902932167053
mixture,1,2,0.12928824126720428,0.016524694859981537,0.8761838674545288,0.8722054362297058
mixture,1,2,0.14694061875343323,0.02127472683787346,0.8658339977264404,0.8795862197875977
mixture,1,2,0.16700315475463867,0.027364419773221016,0.8384615182876587,0.8585136532783508
mixture,1,2,0.18980495631694794,0.03515515476465225,0.8337147235870361,0.8376699090003967
mixture,1,2,0.21571995317935944,0.04509562999010086,0.7809576392173767,0.7461057305335999
mixture,1,2,0.24517332017421722,0.05773649364709854,0.7870895862579346,0.7955623269081116
mixture,1,2,0.2786480486392975,0.073743537068367,0.7484203577041626,0.7347970604896545
mixture,1,2,0.3166932761669159,0.09390784054994583,0.6987220644950867,0.6879578232765198
mixture,1,2,0.3599330186843872,0.11914696544408798,0.6912887096405029,0.6957750916481018
mixture,1,2,0.4090765118598938,0.1504938006401062,0.6008325219154358,0.6307579278945923
mixture,1,2,0.4649297893047333,0.18906770646572113,0.5979406833648682,0.6025322675704956
mixture,1,2,0.5284090042114258,0.23602324724197388,0.5638130307197571,0.5697370171546936
mixture,1,2,0.6005553603172302,0.2924765646457672,0.5455477833747864,0.5538501143455505
mixture,1,2,0.6825522184371948,0.3594135344028473,0.5188766121864319,0.5242028832435608
mixture,1,2,0.7757444977760315,0.43759262561798096,0.45799800753593445,0.4717656970024109
mixture,1,2,0.8816608190536499,0.5274598002433777,0.4346773624420166,0.4268795847892761
mixture,1,2,1.0020384788513184,0.6290942430496216,0.4129940867424011,0.42236658930778503
mixture,1,2,1.1388518810272217,0.7421982884407043,0.3616904318332672,0.36585211753845215
mixture,1,2,1.2943450212478638,0.8661344647407532,0.3261951804161072,0.33232203125953674
mixture,1,2,1.4710685014724731,1.0,0.32113367319107056,0.32300859689712524
mixture,1,3,0.031633540987968445,0.0009999875910580158,0.9261083602905273,0.9526361227035522
mixture,1,3,0.03595263138413429,0.0012914647813886404,0.9210955500602722,0.90609210729599
mixture,1,3,0.04086142033338547,0.0016677641542628407,0.941518247127533,0.9487892389297485
mixture,1,3,0.04644044116139412,0.002153530716896057,0.9173874258995056,0.9187331795692444
mixture,1,3,0.052781183272600174,0.002780495211482048,0.9023339152336121,0.8943683505058289
mixture,1,3,0.059987667948007584,0.003589533269405365,0.8952794075012207,0.9222332239151001
mixture,1,3,0.06817809492349625,0.004633348435163498,0.8171113729476929,0.8241962194442749
mixture,1,3,0.0774867832660675,0.005979322362691164,0.8275944590568542,0.8197445273399353
mixture,1,3,0.0880664512515068,0.007714332081377506,0.8276589512825012,0.7982569336891174
mixture,1,3,0.10009060800075531,0.009949231520295143,0.8095614910125732,0.7999686598777771
mixture,1,3,0.11375648528337479,0.01282587368041277,0.8062413334846497,0.757135808467865
mixture,1,3,0.12928824126720428,0.016524694859981537,0.7601262331008911,0.7440500259399414
mixture,1,3,0.14694061875343323,0.02127472683787346,0.7592356204986572,0.7427496314048767
mixture,1,3,0.16700315475463867,0.027364419773221016,0.7207843065261841,0.7047703862190247
mixture,1,3,0.18980495631694794,0.03515515476465225,0.7287303805351257,0.7590566277503967
mixture,1,3,0.21571995317935944,0.04509562999010086,0.7124344110488892,0.7305622100830078
mixture,1,3,0.24517332017421722,0.05773649364709854,0.6940956711769104,0.6819025874137878
mixture,1,3,0.2786480486392975,0.073743537068367,0.7144303321838379,0.717288613319397
mixture,1,3,0.3166932761669159,0.09390784054994583,0.664675235748291,0.6797475814819336
mixture,1,3,0.3599330186843872,0.11914696544408798,0.6761640906333923,0.7097498774528503
mixture,1,3,0.4090765118598938,0.1504938006401062,0.6470203995704651,0.6545218229293823
mixture,1,3,0.4649297893047333,0.18906770646572113,0.6955214142799377,0.6922141909599304
mixture,1,3,0.5284090042114258,0.23602324724197388,0.6176110506057739,0.6045655012130737
mixture,1,3,0.6005553603172302,0.2924765646457672,0.5820801854133606,0.600737988948822
mixture,1,3,0.6825522184371948,0.3594135344028473,0.5855656266212463,0.586845338344574
mixture,1,3,0.7757444977760315,0.43759262561798096,0.5366284251213074,0.4955686628818512
mixture,1,3,0.8816608190536499,0.5274598002433777,0.5213141441345215,0.5408780574798584
mixture,1,3,1.0020384788513184,0.6290942430496216,0.47803860902786255,0.47207990288734436
mixture,1,3,1.1388518810272217,0.7421982884407043,0.461677610874176,0.464642196893692
mixture,1,3,1.2943450212478638,0.8661344647407532,0.45729538798332214,0.46402913331985474
mixture,1,3,1.4710685014724731,1.0,0.43870314955711365,0.4433475136756897
mixture,2,0,0.031633540987968445,0.0009999875910580158,0.9502722024917603,0.9127095937728882
mixture,2,0,0.03595263138413429,0.0012914647813886404,0.912346601486206,0.91495680809021
mixture,2,0,0.04086142033338547,0.0016677641542628407,0.9140082001686096,0.9203941226005554
mixture,2,0,0.04644044116139412,0.002153530716896057,0.8962562680244446,0.9740045666694641
mixture,2,0,0.052781183272600174,0.002780495211482048,0.9008411765098572,0.9368829131126404
mixture,2,0,0.059987667948007584,0.003589533269405365,0.8663931488990784,0.8688309788703918
mixture,2,0,0.06817809492349625,0.004633348435163498,0.8465640544891357,0.8719780445098877
mixture,2,0,0.0774867832660675,0.005979322362691164,0.8398407101631165,0.8256562352180481
mixture,2,0,0.0880664512515068,0.007714332081377506,0.8272380828857422,0.792290985584259
mixture,2,0,0.10009060800075531,0.009949231520295143,0.789377748966217,0.7855024337768555
mixture,2,0,0.11375648528337479,0.01282587368041277,0.7667445540428162,0.8185653686523438
mixture,2,0,0.12928824126720428,0.016524694859981537,0.7660934329032898,0.7718086242675781
mixture,2,0,0.14694061875343323,0.02127472683787346,0.7640306353569031,0.7445645928382874
mixture,2,0,0.16700315475463867,0.027364419773221016,0.7308812141418457,0.739294707775116
mixture,2,0,0.18980495631694794,0.03515515476465225,0.6962813138961792,0.685909628868103
mixture,2,0,0.21571995317935944,0.04509562999010086,0.7483856678009033,0.7711299657821655
mixture,2,0,0.24517332017421722,0.05773649364709854,0.6859762072563171,0.697068452835083
mixture,2,0,0.2786480486392975,0.073743537068367,0.7293061017990112,0.7286016941070557
mixture,2,0,0.3166932761669159,0.09390784054994583,0.7386664748191833,0.7497593760490417
mixture,2,0,0.3599330186843872,0.11914696544408798,0.6956735253334045,0.6760938763618469
mixture,2,0,0.4090765118598938,0.1504938006401062,0.6233505606651306,0.5888200998306274
mixture,2,0,0.4649297893047333,0.18906770646572113,0.6120451092720032,0.6284478902816772
mixture,2,0,0.5284090042114258,0.23602324724197388,0.6082474589347839,0.567643940448761
mixture,2,0,0.6005553603172302,0.2924765646457672,0.6095994710922241,0.5948507189750671
mixture,2,0,0.6825522184371948,0.3594135344028473,0.5472632646560669,0.5630267262458801
mixture,2,0,0.7757444977760315,0.43759262561798096,0.5459378957748413,0.5640198588371277
mixture,2,0,0.8816608190536499,0.5274598002433777,0.5429853200912476,0.554898202419281
mixture,2,0,1.0020384788513184,0.6290942430496216,0.49907562136650085,0.5058059692382812
mixture,2,0,1.1388518810272217,0.7421982884407043,0.4668172299861908,0.45789459347724915
mixture,2,0,1.2943450212478638,0.8661344647407532,0.4600446820259094,0.4585157334804535
mixture,2,0,1.4710685014724731,1.0,0.43060436844825745,0.4250200390815735
mixture,2,1,0.031633540987968445,0.0009999875910580158,0.9958588480949402,1.031514286994934
mixture,2,1,0.03595263138413429,0.0012914647813886404,0.9959698915481567,1.0537775754928589
mixture,2,1,0.04086142033338547,0.0016677641542628407,0.9947988986968994,0.9458750486373901
mixture,2,1,0.04644044116139412,0.002153530716896057,0.9859318137168884,0.9769313335418701
mixture,2,1,0.052781183272600174,0.002780495211482048,1.0028259754180908,0.9772965312004089
mixture,2,1,0.059987667948007584,0.003589533269405365,0.9774871468544006,0.9607770442962646
mixture,2,1,0.06817809492349625,0.004633348435163498,0.9469882845878601,0.9484115839004517
mixture,2,1,0.0774867832660675,0.005979322362691164,0.9623175263404846,0.9453115463256836
mixture,2,1,0.0880664512515068,0.007714332081377506,0.935699999332428,0.9297534227371216
mixture,2,1,0.10009060800075531,0.009949231520295143,0.9366611242294312,0.9425588846206665
mixture,2,1,0.11375648528337479,0.01282587368041277,0.9090230464935303,0.8632461428642273
mixture,2,1,0.12928824126720428,0.016524694859981537,0.8844282627105713,0.8746326565742493
mixture,2,1,0.14694061875343323,0.02127472683787346,0.8738889098167419,0.8854448795318604
mixture,2,1,0.16700315475463867,0.027364419773221016,0.8847998976707458,0.8416630029678345
mixture,2,1,0.18980495631694794,0.03515515476465225,0.830186128616333,0.8292133808135986
mixture,2,1,0.21571995317935944,0.04509562999010086,0.7860932350158691,0.8186509013175964
mixture,2,1,0.24517332017421722,0.05773649364709854,0.7603733539581299,0.8052545785903931
mixture,2,1,0.2786480486392975,0.073743537068367,0.7575187683105469,0.757226288318634
mixture,2,1,0.3166932761669159,0.09390784054994583,0.7214367389678955,0.7372199892997742
mixture,2,1,0.3599330186843872,0.11914696544408798,0.6828477382659912,0.6550962328910828
mixture,2,1,0.4090765118598938,0.1504938006401062,0.6193061470985413,0.6226872801780701
mixture,2,1,0.4649297893047333,0.18906770646572113,0.5625150203704834,0.5665698051452637
mixture,2,1,0.5284090042114258,0.23602324724197388,0.5414137244224548,0.5625580549240112
mixture,2,1,0.6005553603172302,0.2924765646457672,0.5067829489707947,0.519268810749054
mixture,2,1,0.6825522184371948,0.3594135344028473,0.4542813003063202,0.44832032918930054
mixture,2,1,0.7757444977760315,0.43759262561798096,0.42385435104370117,0.4570319950580597
mixture,2,1,0.8816608190536499,0.5274598002433777,0.3842029571533203,0.3897809386253357
mixture,2,1,1.0020384788513184,0.6290942430496216,0.36312413215637207,0.4062524735927582
mixture,2,1,1.1388518810272217,0.7421982884407043,0.31836462020874023,0.304492324590683
mixture,2,1,1.2943450212478638,0.8661344647407532,0.2830221652984619,0.26531025767326355
mixture,2,1,1.4710685014724731,1.0,0.2462276816368103,0.2519912123680115
mixture,2,2,0.031633540987968445,0.0009999875910580158,0.9987581372261047,0.9901331663131714
mixture,2,2,0.03595263138413429,0.0012914647813886404,0.9969002604484558,1.0345746278762817
mixture,2,2,0.04086142033338547,0.0016677641542628407,0.9792558550834656,0.9658520221710205
mixture,2,2,0.04644044116139412,0.002153530716896057,0.9801143407821655,1.0002086162567139
mixture,2,2,0.052781183272600174,0.002780495211482048,0.9630898833274841,1.007635235786438
mixture,2,2,0.059987667948007584,0.003589533269405365,0.9800400733947754,1.0131498575210571
mixture,2,2,0.06817809492349625,0.004633348435163498,0.9583216905593872,0.9668285250663757
mixture,2,2,0.0774867832660675,0.005979322362691164,0.9697971940040588,1.0229778289794922
mixture,2,2,0.0880664512515068,0.007714332081377506,0.945970356464386,0.944465696811676
mixture,2,2,0.10009060800075531,0.009949231520295143,0.921730637550354,0.9124419689178467
mixture,2,2,0.11375648528337479,0.01282587368041277,0.8991982936859131,0.8809312582015991
mixture,2,2,0.12928824126720428,0.016524694859981537,0.8738179206848145,0.8698502779006958
mixture,2,2,0.14694061875343323,0.02127472683787346,0.861768364906311,0.875455915927887
mixture,2,2,0.16700315475463867,0.027364419773221016,0.8403530716896057,0.8604505062103271
mixture,2,2,0.18980495631694794,0.03515515476465225,0.8334639072418213,0.8374179005622864
mixture,2,2,0.21571995317935944,0.04509562999010086,0.7814959287643433,0.7466199398040771
mixture,2,2,0.24517332017421722,0.05773649364709854,0.7893720269203186,0.7978693246841431
mixture,2,2,0.2786480486392975,0.073743537068367,0.7475116848945618,0.7339048981666565
mixture,2,2,0.3166932761669159,0.09390784054994583,0.6996985077857971,0.6889192461967468
mixture,2,2,0.3599330186843872,0.11914696544408798,0.6921961903572083,0.6966884136199951
mixture,2,2,0.4090765118598938,0.1504938006401062,0.6001849174499512,0.6300780177116394
mixture,2,2,0.4649297893047333,0.18906770646572113,0.6012627482414246,0.6058799028396606
mixture,2,2,0.5284090042114258,0.23602324724197388,0.564711332321167,0.570644736289978
mixture,2,2,0.6005553603172302,0.2924765646457672,0.5480684638023376,0.5564091205596924
mixture,2,2,0.6825522184371948,0.3594135344028473,0.5217114090919495,0.5270667672157288
mixture,2,2,0.7757444977760315,0.43759262561798096,0.45998790860176086,0.473815381526947
mixture,2,2,0.8816608190536499,0.5274598002433777,0.43932193517684937,0.4314408600330353
mixture,2,2,1.0020384788513184,0.6290942430496216,0.4144970178604126,0.42390361428260803
mixture,2,2,1.1388518810272217,0.7421982884407043,0.36198291182518005,0.3661479651927948
mixture,2,2,1.2943450212478638,0.8661344647407532,0.3183708190917969,0.3243506848812103
mixture,2,2,1.4710685014724731,1.0,0.30873897671699524,0.3105415403842926
mixture,2,3,0.031633540987968445,0.0009999875910580158,0.9285728335380554,0.9551711678504944
mixture,2,3,0.03595263138413429,0.0012914647813886404,0.9248627424240112,0.9097979664802551
mixture,2,3,0.04086142033338547,0.0016677641542628407,0.9309791922569275,0.9381687641143799
mixture,2,3,0.04644044116139412,0.002153530716896057,0.9076559543609619,0.9089874625205994
mixture,2,3,0.052781183272600174,0.002780495211482048,0.8960249423980713,0.8881151080131531
mixture,2,3,0.059987667948007584,0.003589533269405365,0.8669831156730652,0.8930850625038147
mixture,2,3,0.06817809492349625,0.004633348435163498,0.8108083605766296,0.8178385496139526
mixture,2,3,0.0774867832660675,0.005979322362691164,0.8166201114654541,0.808874249458313
mixture,2,3,0.0880664512515068,0.007714332081377506,0.8165539503097534,0.7875464558601379
mixture,2,3,0.10009060800075531,0.009949231520295143,0.8013693690299988,0.7918736338615417
mixture,2,3,0.11375648528337479,0.01282587368041277,0.7945525646209717,0.7461589574813843
mixture,2,3,0.12928824126720428,0.016524694859981537,0.7554271221160889,0.739450216293335
mixture,2,3,0.14694061875343323,0.02127472683787346,0.7554340958595276,0.7390307188034058
mixture,2,3,0.16700315475463867,0.027364419773221016,0.7187793850898743,0.7028100490570068
mixture,2,3,0.18980495631694794,0.03515515476465225,0.7229139804840088,0.7529981136322021
mixture,2,3,0.21571995317935944,0.04509562999010086,0.7137451171875,0.7319061756134033
mixture,2,3,0.24517332017421722,0.05773649364709854,0.6953644752502441,0.6831490397453308
mixture,2,3,0.2786480486392975,0.073743537068367,0.718612551689148,0.7214874625205994
mixture,2,3,0.3166932761669159,0.09390784054994583,0.6665688753128052,0.6816841959953308
mixture,2,3,0.3599330186843872,0.11914696544408798,0.6765857934951782,0.7101925015449524
mixture,2,3,0.4090765118598938,0.1504938006401062,0.6525818705558777,0.6601477265357971
mixture,2,3,0.4649297893047333,0.18906770646572113,0.7002132534980774,0.6968837380409241
mixture,2,3,0.5284090042114258,0.23602324724197388,0.6247981190681458,0.6116007566452026
mixture,2,3,0.6005553603172302,0.2924765646457672,0.58746737241745,0.6062977910041809
mixture,2,3,0.6825522184371948,0.3594135344028473,0.5895758867263794,0.590864360332489
mixture,2,3,0.7757444977760315,0.43759262561798096,0.5398644804954529,0.49855712056159973
mixture,2,3,0.8816608190536499,0.5274598002433777,0.5359485745429993,0.5560616850852966
mixture,2,3,1.0020384788513184,0.6290942430496216,0.4945482313632965,0.4883837401866913
mixture,2,3,1.1388518810272217,0.7421982884407043,0.47554129362106323,0.47859492897987366
mixture,2,3,1.2943450212478638,0.8661344647407532,0.4673806428909302,0.47426292300224304
mixture,2,3,1.4710685014724731,1.0,0.43429869413375854,0.43889644742012024
