c_true,n_observations,configuration,model,metric,mean,std,median,q05,q95,count
0.0,2,all_global,linear,a_error,0.07029300928115845,0.04679336395128658,0.07263273000717163,0.02739958167076111,0.11154863238334656,3
0.0,2,all_global,linear,a_reference_error,0.04794717828432719,0.03808795576347185,0.05008745193481445,0.012959536910057069,0.08143662810325622,3
0.0,2,all_global,linear,c_error,0.0,0.0,0.0,0.0,0.0,3
0.0,2,all_global,linear,c_reference_error,0.06601758301258087,0.05064649061401807,0.07314491271972656,0.018280957639217377,0.10876507759094238,3
0.0,2,all_global,linear,b_rmse,1.2521846294403076,0.029406756898620132,1.2416292428970337,1.2307241320610047,1.2810338973999023,3
0.0,2,all_global,linear,b_reference_rmse,1.1709351936976116,0.06682418956274488,1.1791282892227173,1.1082658290863037,1.2278693914413452,3
0.0,2,all_global,linear,a_sharing_range,0.0,0.0,0.0,0.0,0.0,3
0.0,2,all_global,linear,a_sharing_std,0.0,0.0,0.0,0.0,0.0,3
0.0,2,all_global,linear,c_sharing_range,nan,nan,nan,nan,nan,0
0.0,2,all_global,linear,c_sharing_std,nan,nan,nan,nan,nan,0
0.0,2,all_global,linear,b_inferred_std,0.0,0.0,0.0,0.0,0.0,3
0.0,2,all_global,linear,global_parameter_rmse,0.07029300928115845,0.04679336395128658,0.07263273000717163,0.02739958167076111,0.11154863238334656,3
0.0,2,all_global,linear,total_log_likelihood,-3.914642651875814,0.43141573820320434,-4.092607021331787,-4.215007162094116,-3.48970308303833,3
0.0,2,all_global,linear,effective_k,2.0,0.0,2.0,2.0,2.0,3
0.0,2,all_global,linear,aic,11.829285303751627,0.8628314764064087,12.185214042663574,10.97940616607666,12.430014324188232,3
0.0,2,all_global,linear,bic,9.215579668680826,0.8628314764064087,9.571508407592773,8.36570053100586,9.816308689117431,3
0.0,2,all_global,linear,aic_weight,0.6405863687521857,0.13009028518941537,0.6105273976879823,0.5363938051317136,0.7658202121176001,3
0.0,2,all_global,linear,bic_weight,0.48992572928924005,0.14656493465272225,0.4492016192689718,0.376146646241027,0.6322116893516408,3
0.0,2,all_global,linear,selected_aic,1.0,0.0,1.0,1.0,1.0,3
0.0,2,all_global,linear,selected_bic,0.3333333333333333,0.5773502691896258,0.0,0.0,0.8999999999999999,3
0.0,2,all_global,linear,mispenalized_aic_weight,nan,nan,nan,nan,nan,0
0.0,2,all_global,linear,mispenalized_bic_weight,nan,nan,nan,nan,nan,0
0.0,2,all_global,quadratic,a_error,0.07502951224644978,0.11446864936411227,0.009209632873535156,0.008726432919502258,0.18740650713443754,3
0.0,2,all_global,quadratic,a_reference_error,0.08262965083122253,0.08118228130663435,0.03988063335418701,0.0325674831867218,0.16261613070964812,3
0.0,2,all_global,quadratic,c_error,0.09838642552495003,0.053592139151967116,0.07612164318561554,0.061176156625151634,0.15118204206228256,3
0.0,2,all_global,quadratic,c_reference_error,0.07596370205283165,0.019731197180517194,0.08637717366218567,0.056524311378598216,0.08811366260051727,3
0.0,2,all_global,quadratic,b_rmse,1.2563594579696655,0.035797099959384356,1.2358288764953613,1.2355827569961548,1.2915075659751891,3
0.0,2,all_global,quadratic,b_reference_rmse,1.1714315017064412,0.05970349969925142,1.1912647485733032,1.113028359413147,1.2159513711929322,3
0.0,2,all_global,quadratic,a_sharing_range,0.0,0.0,0.0,0.0,0.0,3
0.0,2,all_global,quadratic,a_sharing_std,0.0,0.0,0.0,0.0,0.0,3
0.0,2,all_global,quadratic,c_sharing_range,0.0,0.0,0.0,0.0,0.0,3
0.0,2,all_global,quadratic,c_sharing_std,0.0,0.0,0.0,0.0,0.0,3
0.0,2,all_global,quadratic,b_inferred_std,0.0,0.0,0.0,0.0,0.0,3
0.0,2,all_global,quadratic,global_parameter_rmse,0.09388891234993935,0.07903726444036206,0.05417435243725777,0.043743687495589254,0.17183432914316654,3
0.0,2,all_global,quadratic,total_log_likelihood,-3.5299601554870605,0.2814725444433941,-3.6781368255615234,-3.7035650253295898,-3.2526316165924074,3
0.0,2,all_global,quadratic,effective_k,3.0,0.0,3.0,3.0,3.0,3
0.0,2,all_global,quadratic,aic,13.059920310974121,0.5629450888867882,13.356273651123047,12.505263233184815,13.40713005065918,3
0.0,2,all_global,quadratic,bic,9.139361699422201,0.5629445389765664,9.435714721679688,8.58470516204834,9.486571121215821,3
0.0,2,all_global,quadratic,aic_weight,0.3594136312478143,0.1300902851894153,0.38947260231201775,0.23417978788239993,0.46360619486828636,3
0.0,2,all_global,quadratic,bic_weight,0.5100742707107598,0.14656493465272225,0.5507983807310282,0.36778831064835904,0.623853353758973,3
0.0,2,all_global,quadratic,selected_aic,0.0,0.0,0.0,0.0,0.0,3
0.0,2,all_global,quadratic,selected_bic,0.6666666666666666,0.5773502691896258,1.0,0.1,1.0,3
0.0,2,all_global,quadratic,mispenalized_aic_weight,nan,nan,nan,nan,nan,0
0.0,2,all_global,quadratic,mispenalized_bic_weight,nan,nan,nan,nan,nan,0
0.0,2,all_local,linear,a_error,0.09500229358673096,0.04016763451747936,0.09757401049137115,0.05800693482160568,0.1301974505186081,3
0.0,2,all_local,linear,a_reference_error,0.08517546330889066,0.050746508953825174,0.10388702154159546,0.0353457149118185,0.12190712094306945,3
0.0,2,all_local,linear,c_error,0.0,0.0,0.0,0.0,0.0,3
0.0,2,all_local,linear,c_reference_error,0.06601758301258087,0.05064649061401807,0.07314491271972656,0.018280957639217377,0.10876507759094238,3
0.0,2,all_local,linear,b_rmse,0.09075034285585086,0.06070666814996893,0.07324279844760895,0.043973490968346594,0.14978247582912443,3
0.0,2,all_local,linear,b_reference_rmse,0.09062657381097476,0.041849755365949357,0.07938779145479202,0.0579281646758318,0.13119213059544563,3
0.0,2,all_local,linear,a_sharing_range,0.15867785116036734,0.10476190484333851,0.1921868622303009,0.05635354816913605,0.23754584640264512,3
0.0,2,all_local,linear,a_sharing_std,0.07933892558018367,0.052380952421669257,0.09609343111515045,0.028176774084568024,0.11877292320132256,3
0.0,2,all_local,linear,c_sharing_range,nan,nan,nan,nan,nan,0
0.0,2,all_local,linear,c_sharing_std,nan,nan,nan,nan,nan,0
0.0,2,all_local,linear,b_inferred_std,1.2195515632629395,0.05850784964302768,1.2168781757354736,1.1678714275360107,1.2731030702590942,3
0.0,2,all_local,linear,global_parameter_rmse,0.09500229358673096,0.04016763451747936,0.09757401049137115,0.05800693482160568,0.1301974505186081,3
0.0,2,all_local,linear,total_log_likelihood,0.6948879559834799,1.2359800476873484,1.3192672729492188,-0.5239248752593995,1.4766352653503418,3
0.0,2,all_local,linear,effective_k,4.0,0.0,4.0,4.0,4.0,3
0.0,2,all_local,linear,aic,6.61022408803304,2.4719600953746967,5.3614654541015625,5.046729469299317,9.047849750518798,3
0.0,2,all_local,linear,bic,1.3828128178914387,2.4719600953746967,0.13405418395996094,-0.18068180084228516,3.820438480377197,3
0.0,2,all_local,linear,aic_weight,0.576131336543137,0.22134729620696392,0.471746414298344,0.4308249256414201,0.7945071930162086,3
0.0,2,all_local,linear,bic_weight,0.31066275521081727,0.22490829390691458,0.1946635152169566,0.17015915667143766,0.5323658217458994,3
0.0,2,all_local,linear,selected_aic,0.3333333333333333,0.5773502691896258,0.0,0.0,0.8999999999999999,3
0.0,2,all_local,linear,selected_bic,0.3333333333333333,0.5773502691896258,0.0,0.0,0.8999999999999999,3
0.0,2,all_local,linear,mispenalized_aic_weight,nan,nan,nan,nan,nan,0
0.0,2,all_local,linear,mispenalized_bic_weight,nan,nan,nan,nan,nan,0
0.0,2,all_local,quadratic,a_error,0.09903822094202042,0.019716462990275633,0.1102980300784111,0.07967465296387673,0.11051992252469063,3
0.0,2,all_local,quadratic,a_reference_error,0.09116065253814061,0.02903633732564457,0.10520107299089432,0.06251552030444145,0.10997749045491219,3
0.0,2,all_local,quadratic,c_error,0.15444728980461755,0.05043182803083078,0.1548052430152893,0.10893421843647957,0.19970979392528534,3
0.0,2,all_local,quadratic,c_reference_error,0.11691944984098275,0.08304294873616852,0.1553763449192047,0.03499483969062567,0.17192423343658447,3
0.0,2,all_local,quadratic,b_rmse,0.13061701009670892,0.04168790739148571,0.11593697220087051,0.1000231646001339,0.17148688212037086,3
0.0,2,all_local,quadratic,b_reference_rmse,0.016040253763397534,0.0037911365389840506,0.017153337597846985,0.01235079038888216,0.018950558453798293,3
0.0,2,all_local,quadratic,a_sharing_range,0.17720030744870505,0.06310743649588291,0.2084507942199707,0.11495392322540283,0.21757135093212127,3
0.0,2,all_local,quadratic,a_sharing_std,0.08860015372435252,0.031553718247941454,0.10422539710998535,0.05747696161270142,0.10878567546606063,3
0.0,2,all_local,quadratic,c_sharing_range,0.22791859755913416,0.16530313287600726,0.3096015453338623,0.06486749425530433,0.3337916374206543,3
0.0,2,all_local,quadratic,c_sharing_std,0.11395929877956708,0.08265156643800363,0.15480077266693115,0.032433747127652165,0.16689581871032716,3
0.0,2,all_local,quadratic,b_inferred_std,1.1605080366134644,0.06583005091595687,1.170705795288086,1.09822735786438,1.2156502842903136,3
0.0,2,all_local,quadratic,global_parameter_rmse,0.1320385461052259,0.023699922864231778,0.1344066858291626,0.10995977893471717,0.15245961546897888,3
0.0,2,all_local,quadratic,total_log_likelihood,2.3022011121114097,0.9932268944235486,1.9058723449707031,1.6020832061767578,3.2797491550445557,3
0.0,2,all_local,quadratic,effective_k,6.0,0.0,6.0,6.0,6.0,3
0.0,2,all_local,quadratic,aic,7.395597775777181,1.9864537888470972,8.188255310058594,5.440501689910889,8.795833587646484,3
0.0,2,all_local,quadratic,bic,-0.4455191294352214,1.9864537888470974,0.3471384048461914,-2.4006152153015137,0.954716682434082,3
0.0,2,all_local,quadratic,aic_weight,0.4238686634568631,0.2213472962069639,0.5282535857016559,0.20549280698379127,0.5691750743585798,3
0.0,2,all_local,quadratic,bic_weight,0.6893372447891827,0.22490829390691464,0.8053364847830433,0.46763417825410053,0.8298408433285623,3
0.0,2,all_local,quadratic,selected_aic,0.6666666666666666,0.5773502691896258,1.0,0.1,1.0,3
0.0,2,all_local,quadratic,selected_bic,0.6666666666666666,0.5773502691896258,1.0,0.1,1.0,3
0.0,2,all_local,quadratic,mispenalized_aic_weight,nan,nan,nan,nan,nan,0
0.0,2,all_local,quadratic,mispenalized_bic_weight,nan,nan,nan,nan,nan,0
0.0,2,correct,linear,a_error,0.05945568780104319,0.01545407940012766,0.05903428792953491,0.04569838494062424,0.07350797057151795,3
0.0,2,correct,linear,a_reference_error,0.046250566840171814,0.03433303242221397,0.044163405895233154,0.016124196350574493,0.07783794999122619,3
0.0,2,correct,linear,c_error,0.0,0.0,0.0,0.0,0.0,3
0.0,2,correct,linear,c_reference_error,0.06601758301258087,0.05064649061401807,0.07314491271972656,0.018280957639217377,0.10876507759094238,3
0.0,2,correct,linear,b_rmse,0.0893765315413475,0.06304436117847188,0.06943477690219879,0.04178662672638893,0.15092566460371015,3
0.0,2,correct,linear,b_reference_rmse,0.09112175554037094,0.039931506876501134,0.07718219608068466,0.061743903905153275,0.130257298797369,3
0.0,2,correct,linear,a_sharing_range,0.0,0.0,0.0,0.0,0.0,3
0.0,2,correct,linear,a_sharing_std,0.0,0.0,0.0,0.0,0.0,3
0.0,2,correct,linear,c_sharing_range,nan,nan,nan,nan,nan,0
0.0,2,correct,linear,c_sharing_std,nan,nan,nan,nan,nan,0
0.0,2,correct,linear,b_inferred_std,1.21759827931722,0.060047949977369786,1.2132582664489746,1.1651800990104675,1.2730544686317444,3
0.0,2,correct,linear,global_parameter_rmse,0.05945568780104319,0.01545407940012766,0.05903428792953491,0.04569838494062424,0.07350797057151795,3
0.0,2,correct,linear,total_log_likelihood,-0.08191426595052083,0.6857606160295876,-0.16869354248046875,-0.6650086402893066,0.5619256019592285,3
0.0,2,correct,linear,effective_k,3.0,0.0,3.0,3.0,3.0,3
0.0,2,correct,linear,aic,6.163828531901042,1.3715212320591754,6.3373870849609375,4.876148796081543,7.3300172805786135,3
0.0,2,correct,linear,bic,2.2432700792948403,1.3715212320591752,2.4168286323547363,0.9555903434753418,3.409458827972412,3
0.0,2,correct,linear,aic_weight,0.7688041395071793,0.05876410565209043,0.7910224485056517,0.7110555997307627,0.8109998629846651,3
0.0,2,correct,linear,bic_weight,0.6359449468206656,0.07523166418296892,0.6632191600404573,0.5621142000840645,0.6906837443034124,3
0.0,2,correct,linear,selected_aic,1.0,0.0,1.0,1.0,1.0,3
0.0,2,correct,linear,selected_bic,1.0,0.0,1.0,1.0,1.0,3
0.0,2,correct,linear,mispenalized_aic_weight,nan,nan,nan,nan,nan,0
0.0,2,correct,linear,mispenalized_bic_weight,nan,nan,nan,nan,nan,0
0.0,2,correct,quadratic,a_error,0.039791569113731384,0.033803847877364644,0.032829537987709045,0.012292654812335968,0.07216390520334243,3
0.0,2,correct,quadratic,a_reference_error,0.01991259555021922,0.02288989761936091,0.012534499168395996,0.002712933719158173,0.04227692484855652,3
0.0,2,correct,quadratic,c_error,0.06464565917849541,0.05069377479926442,0.04130663350224495,0.03097325898706913,0.114655377343297,3
0.0,2,correct,quadratic,c_reference_error,0.05436221261819204,0.015256526220385105,0.049660325050354004,0.042775094509124756,0.06924065202474594,3
0.0,2,correct,quadratic,b_rmse,0.09491869434714317,0.07537015808540172,0.07606523483991623,0.035295071080327034,0.16773973926901817,3
0.0,2,correct,quadratic,b_reference_rmse,0.08120383322238922,0.02500755530634953,0.08891239762306213,0.05681581050157547,0.10019586086273194,3
0.0,2,correct,quadratic,a_sharing_range,0.0,0.0,0.0,0.0,0.0,3
0.0,2,correct,quadratic,a_sharing_std,0.0,0.0,0.0,0.0,0.0,3
0.0,2,correct,quadratic,c_sharing_range,0.0,0.0,0.0,0.0,0.0,3
0.0,2,correct,quadratic,c_sharing_std,0.0,0.0,0.0,0.0,0.0,3
0.0,2,correct,quadratic,b_inferred_std,1.2122154633204143,0.0466579563732683,1.2125768661499023,1.1700977563858033,1.2540801882743835,3
0.0,2,correct,quadratic,global_parameter_rmse,0.054578915859262146,0.041349912370170536,0.03136331960558891,0.030184691585600377,0.09522405751049517,3
0.0,2,correct,quadratic,total_log_likelihood,-0.30185476938883465,0.5325206864068319,-0.5778093338012695,-0.6335658073425293,0.22302446365356438,3
0.0,2,correct,quadratic,effective_k,4.0,0.0,4.0,4.0,4.0,3
0.0,2,correct,quadratic,aic,8.60370953877767,1.0650413728136638,9.155618667602539,7.553951072692871,9.26713161468506,3
0.0,2,correct,quadratic,bic,3.376298268636068,1.0650413728136638,3.9282073974609375,2.3265398025512694,4.039720344543457,3
0.0,2,correct,quadratic,aic_weight,0.2311958604928208,0.05876410565209037,0.20897755149434835,0.1890001370153349,0.2889444002692373,3
0.0,2,correct,quadratic,bic_weight,0.36405505317933445,0.07523166418296888,0.33678083995954267,0.30931625569658766,0.4378857999159354,3
0.0,2,correct,quadratic,selected_aic,0.0,0.0,0.0,0.0,0.0,3
0.0,2,correct,quadratic,selected_bic,0.0,0.0,0.0,0.0,0.0,3
0.0,2,correct,quadratic,mispenalized_aic_weight,nan,nan,nan,nan,nan,0
0.0,2,correct,quadratic,mispenalized_bic_weight,nan,nan,nan,nan,nan,0
0.0,2,curvature_local,linear,a_error,0.06230479975541433,0.03852821355895521,0.07682479918003082,0.024446232616901396,0.0899993672966957,3
0.0,2,curvature_local,linear,a_reference_error,0.049099678794542946,0.010128890679141956,0.045616909861564636,0.04161619395017624,0.05902110189199448,3
0.0,2,curvature_local,linear,c_error,0.0,0.0,0.0,0.0,0.0,3
0.0,2,curvature_local,linear,c_reference_error,0.06601758301258087,0.05064649061401807,0.07314491271972656,0.018280957639217377,0.10876507759094238,3
0.0,2,curvature_local,linear,b_rmse,0.08920788889129956,0.062204889095297373,0.0702279806137085,0.04185632802546024,0.14984538555145263,3
0.0,2,curvature_local,linear,b_reference_rmse,0.0908033736050129,0.040273305979373876,0.07751021534204483,0.06072241328656673,0.1301895447075367,3
0.0,2,curvature_local,linear,a_sharing_range,0.0,0.0,0.0,0.0,0.0,3
0.0,2,curvature_local,linear,a_sharing_std,0.0,0.0,0.0,0.0,0.0,3
0.0,2,curvature_local,linear,c_sharing_range,nan,nan,nan,nan,nan,0
0.0,2,curvature_local,linear,c_sharing_std,nan,nan,nan,nan,nan,0
0.0,2,curvature_local,linear,b_inferred_std,1.2183462381362915,0.05959929282276632,1.2150291204452515,1.1659302115440369,1.273084247112274,3
0.0,2,curvature_local,linear,global_parameter_rmse,0.06230479975541433,0.03852821355895521,0.07682479918003082,0.024446232616901396,0.0899993672966957,3
0.0,2,curvature_local,linear,total_log_likelihood,-0.043375492095947266,0.7493234405488292,-0.0930333137512207,-0.6992747783660889,0.6472842693328856,3
0.0,2,curvature_local,linear,effective_k,3.0,0.0,3.0,3.0,3.0,3
0.0,2,curvature_local,linear,aic,6.0867509841918945,1.4986468810976583,6.186066627502441,4.7054314613342285,7.398549556732178,3
0.0,2,curvature_local,linear,bic,2.1661925315856934,1.4986468810976583,2.2655081748962402,0.7848730087280273,3.4779911041259766,3
0.0,2,curvature_local,linear,aic_weight,0.6784853056055727,0.19964924250512484,0.7347059384215702,0.48454881522035576,0.8330673530195917,3
0.0,2,curvature_local,linear,bic_weight,0.4026801289368797,0.2056278102535477,0.42843936342482686,0.20969166625044874,0.5776371274817478,3
0.0,2,curvature_local,linear,selected_aic,0.6666666666666666,0.5773502691896258,1.0,0.1,1.0,3
0.0,2,curvature_local,linear,selected_bic,0.3333333333333333,0.5773502691896258,0.0,0.0,0.8999999999999999,3
0.0,2,curvature_local,linear,mispenalized_aic_weight,0.46882568251367496,0.21690336603658678,0.504657729834437,0.2630795592483204,0.649489372654496,3
0.0,2,curvature_local,linear,mispenalized_bic_weight,0.33124946633725144,0.18551370370477036,0.3464240938096602,0.15939546293162477,0.4924812305121919,3
0.0,2,curvature_local,quadratic,a_error,0.04403811693191528,0.04334199554516499,0.04048728942871094,0.006371414661407471,0.08419039845466614,3
0.0,2,curvature_local,quadratic,a_reference_error,0.030832995971043903,0.024902454982992532,0.02512603998184204,0.01086406409740448,0.05479679703712463,3
0.0,2,curvature_local,quadratic,c_error,0.15760057916243872,0.04194995755965345,0.17163120210170746,0.11655337437987327,0.188826347887516,3
0.0,2,curvature_local,quadratic,c_reference_error,0.12586814040939012,0.07327739366708969,0.1636146456003189,0.05363320969045162,0.1716805174946785,3
0.0,2,curvature_local,quadratic,b_rmse,0.12819731483856836,0.04154688460446132,0.11608374118804932,0.09625651016831398,0.1686176210641861,3
0.0,2,curvature_local,quadratic,b_reference_rmse,0.015859751651684444,0.006436422998731997,0.012612726539373398,0.011785516515374184,0.022206904366612434,3
0.0,2,curvature_local,quadratic,a_sharing_range,0.0,0.0,0.0,0.0,0.0,3
0.0,2,curvature_local,quadratic,a_sharing_std,0.0,0.0,0.0,0.0,0.0,3
0.0,2,curvature_local,quadratic,c_sharing_range,0.24846526980400085,0.14589270102607918,0.3220031261444092,0.104594287276268,0.3408597528934479,3
0.0,2,curvature_local,quadratic,c_sharing_std,0.12423263490200043,0.07294635051303959,0.1610015630722046,0.052297143638134,0.17042987644672394,3
0.0,2,curvature_local,quadratic,b_inferred_std,1.1595299243927002,0.06015174831377642,1.1756377220153809,1.1012315273284912,1.2065528631210327,3
0.0,2,curvature_local,quadratic,global_parameter_rmse,0.1172158420085907,0.03595562551039281,0.12469259649515152,0.08276796638965607,0.14642998948693275,3
0.0,2,curvature_local,quadratic,total_log_likelihood,1.1121306419372559,0.2663887001098852,1.0412726402282715,0.9036289691925049,1.3702329158782958,3
0.0,2,curvature_local,quadratic,effective_k,5.0,0.0,5.0,5.0,5.0,3
0.0,2,curvature_local,quadratic,aic,7.775738716125488,0.5327774002197704,7.917454719543457,7.259534168243408,8.19274206161499,3
0.0,2,curvature_local,quadratic,bic,1.2414746284484863,0.5327774002197704,1.383190631866455,0.7252700805664063,1.6584779739379882,3
0.0,2,curvature_local,quadratic,aic_weight,0.32151469439442715,0.1996492425051249,0.2652940615784298,0.16693264698040827,0.5154511847796442,3
0.0,2,curvature_local,quadratic,bic_weight,0.5973198710631202,0.20562781025354765,0.5715606365751731,0.42236287251825233,0.7903083337495512,3
0.0,2,curvature_local,quadratic,selected_aic,0.3333333333333333,0.5773502691896258,0.0,0.0,0.8999999999999999,3
0.0,2,curvature_local,quadratic,selected_bic,0.6666666666666666,0.5773502691896258,1.0,0.1,1.0,3
0.0,2,curvature_local,quadratic,mispenalized_aic_weight,0.531174317486325,0.2169033660365868,0.49534227016556304,0.35051062734550387,0.7369204407516796,3
0.0,2,curvature_local,quadratic,mispenalized_bic_weight,0.6687505336627485,0.18551370370477033,0.6535759061903398,0.5075187694878082,0.8406045370683752,3
0.0,5,all_global,linear,a_error,0.04998692870140076,0.018240129256192124,0.047051429748535156,0.03475846350193024,0.06727024316787719,3
0.0,5,all_global,linear,a_reference_error,0.026357263326644897,0.015281047428694173,0.02165183424949646,0.014749249815940857,0.04125907719135284,3
0.0,5,all_global,linear,c_error,0.0,0.0,0.0,0.0,0.0,3
0.0,5,all_global,linear,c_reference_error,0.0788393576319019,0.10729805352877463,0.023973435163497925,0.011459014844149351,0.18462584614753721,3
0.0,5,all_global,linear,b_rmse,1.319289763768514,0.2799123427321013,1.3123204708099365,1.0698664784431458,1.5735915541648864,3
0.0,5,all_global,linear,b_reference_rmse,1.316755970319112,0.3590909253674531,1.2574697732925415,1.0176448822021484,1.6573673963546753,3
0.0,5,all_global,linear,a_sharing_range,0.0,0.0,0.0,0.0,0.0,3
0.0,5,all_global,linear,a_sharing_std,0.0,0.0,0.0,0.0,0.0,3
0.0,5,all_global,linear,c_sharing_range,nan,nan,nan,nan,nan,0
0.0,5,all_global,linear,c_sharing_std,nan,nan,nan,nan,nan,0
0.0,5,all_global,linear,b_inferred_std,0.0,0.0,0.0,0.0,0.0,3
0.0,5,all_global,linear,global_parameter_rmse,0.04998692870140076,0.018240129256192124,0.047051429748535156,0.03475846350193024,0.06727024316787719,3
0.0,5,all_global,linear,total_log_likelihood,-7.6348856290181475,2.848984418775202,-7.666868686676025,-10.187656354904174,-5.059726762771607,3
0.0,5,all_global,linear,effective_k,2.0,0.0,2.0,2.0,2.0,3
0.0,5,all_global,linear,aic,19.269770940144856,5.697968832197396,19.333736419677734,14.119453430175781,24.37531261444092,3
0.0,5,all_global,linear,bic,18.48864682515462,5.697968832197396,18.5526123046875,13.338329315185547,23.594188499450684,3
0.0,5,all_global,linear,aic_weight,0.82228911735612,0.24643452776917255,0.9521970622007123,0.5794914962663906,0.974151177054635,3
0.0,5,all_global,linear,bic_weight,0.8011670452198557,0.27044915201492464,0.9424811871846891,0.5346494123767855,0.9687647786875425,3
0.0,5,all_global,linear,selected_aic,1.0,0.0,1.0,1.0,1.0,3
0.0,5,all_global,linear,selected_bic,0.6666666666666666,0.5773502691896258,1.0,0.1,1.0,3
0.0,5,all_global,linear,mispenalized_aic_weight,nan,nan,nan,nan,nan,0
0.0,5,all_global,linear,mispenalized_bic_weight,nan,nan,nan,nan,nan,0
0.0,5,all_global,quadratic,a_error,0.10439919432004292,0.02357352787389849,0.11318820714950562,0.08124323189258575,0.12140284776687622,3
0.0,5,all_global,quadratic,a_reference_error,0.08076952894528706,0.015152185334014348,0.0801190733909607,0.06736964881420135,0.09462472796440125,3
0.0,5,all_global,quadratic,c_error,0.0728114868203799,0.022827035665237,0.06183343753218651,0.05797613933682442,0.09533146880567074,3
0.0,5,all_global,quadratic,c_reference_error,0.06292055795590083,0.03540403197493991,0.04747902601957321,0.03882190808653831,0.09782828018069267,3
0.0,5,all_global,quadratic,b_rmse,1.3120758136113484,0.2646523284846064,1.310094952583313,1.0745870232582093,1.5509512066841125,3
0.0,5,all_global,quadratic,b_reference_rmse,1.304555853207906,0.3314454877016965,1.2556942701339722,1.0257975220680238,1.6175172924995422,3
0.0,5,all_global,quadratic,a_sharing_range,0.0,0.0,0.0,0.0,0.0,3
0.0,5,all_global,quadratic,a_sharing_std,9.934107462565104e-09,1.72063788530119e-08,0.0,0.0,2.682209014892578e-08,3
0.0,5,all_global,quadratic,c_sharing_range,0.0,0.0,0.0,0.0,0.0,3
0.0,5,all_global,quadratic,c_sharing_std,0.0,0.0,0.0,0.0,0.0,3
0.0,5,all_global,quadratic,b_inferred_std,9.934107462565104e-09,1.72063788530119e-08,0.0,0.0,2.682209014892578e-08,3
0.0,5,all_global,quadratic,global_parameter_rmse,0.09071779251098633,0.018556503207822837,0.09558457881212234,0.07275005504488945,0.10527877956628799,3
0.0,5,all_global,quadratic,total_log_likelihood,-8.926627477010092,3.078412031269715,-7.50097131729126,-11.963583040237427,-6.887631225585937,3
0.0,5,all_global,quadratic,effective_k,3.0,0.0,3.0,3.0,3.0,3
0.0,5,all_global,quadratic,aic,23.853254954020183,6.15682395697882,21.001941680908203,19.775263214111327,29.927165985107422,3
0.0,5,all_global,quadratic,bic,22.681568781534832,6.156824168100185,19.830257415771484,18.60357551574707,28.755480003356933,3
0.0,5,all_global,quadratic,aic_weight,0.1777108826438799,0.24643452776917255,0.04780293779928765,0.025848822945364985,0.4205085037336094,3
0.0,5,all_global,quadratic,bic_weight,0.1988329547801443,0.2704491520149247,0.05751881281531081,0.031235221312457474,0.4653505876232145,3
0.0,5,all_global,quadratic,selected_aic,0.0,0.0,0.0,0.0,0.0,3
0.0,5,all_global,quadratic,selected_bic,0.3333333333333333,0.5773502691896258,0.0,0.0,0.8999999999999999,3
0.0,5,all_global,quadratic,mispenalized_aic_weight,nan,nan,nan,nan,nan,0
0.0,5,all_global,quadratic,mispenalized_bic_weight,nan,nan,nan,nan,nan,0
0.0,5,all_local,linear,a_error,0.09157698104778926,0.025052819450291176,0.081375353038311,0.0740485705435276,0.11624653115868568,3
0.0,5,all_local,linear,a_reference_error,0.08944155772527058,0.028850620339608384,0.08170231431722641,0.06689512580633164,0.11740546002984047,3
0.0,5,all_local,linear,c_error,0.0,0.0,0.0,0.0,0.0,3
0.0,5,all_local,linear,c_reference_error,0.0788393576319019,0.10729805352877463,0.023973435163497925,0.011459014844149351,0.18462584614753721,3
0.0,5,all_local,linear,b_rmse,0.08720384041468303,0.01635520247523307,0.08485155552625656,0.07342208623886108,0.10263219401240349,3
0.0,5,all_local,linear,b_reference_rmse,0.09946316728989284,0.04003833413087784,0.08935730159282684,0.06783714070916176,0.1381632998585701,3
0.0,5,all_local,linear,a_sharing_range,0.23047004143397012,0.0883087696710365,0.19224920868873596,0.17016368508338928,0.3175309807062149,3
0.0,5,all_local,linear,a_sharing_std,0.08325871576865514,0.03279654595840305,0.07315999269485474,0.058345220237970355,0.1152413174510002,3
0.0,5,all_local,linear,c_sharing_range,nan,nan,nan,nan,nan,0
0.0,5,all_local,linear,c_sharing_std,nan,nan,nan,nan,nan,0
0.0,5,all_local,linear,b_inferred_std,1.3026424249013264,0.26770411704529484,1.2947536706924438,1.0645482540130615,1.5462587237358092,3
0.0,5,all_local,linear,global_parameter_rmse,0.09157698104778926,0.025052819450291176,0.081375353038311,0.0740485705435276,0.11624653115868568,3
0.0,5,all_local,linear,total_log_likelihood,2.859340031941732,3.292799112660105,4.644825458526611,-0.3820204734802246,4.850860738754273,3
0.0,5,all_local,linear,effective_k,10.0,0.0,10.0,10.0,10.0,3
0.0,5,all_local,linear,aic,14.281320254007975,6.585598775591559,10.710349082946777,10.298278522491454,20.764041805267333,3
0.0,5,all_local,linear,bic,10.375699679056803,6.585598775591559,6.8047285079956055,6.392657947540283,16.85842123031616,3
0.0,5,all_local,linear,aic_weight,0.933204277827603,0.10240149016409537,0.9865801949258252,0.8322855359741541,0.9967598777122961,3
0.0,5,all_local,linear,bic_weight,0.8612517822878966,0.20582326141243876,0.9651458784743739,0.6582849492308808,0.9914927480143786,3
0.0,5,all_local,linear,selected_aic,1.0,0.0,1.0,1.0,1.0,3
0.0,5,all_local,linear,selected_bic,1.0,0.0,1.0,1.0,1.0,3
0.0,5,all_local,linear,mispenalized_aic_weight,nan,nan,nan,nan,nan,0
0.0,5,all_local,linear,mispenalized_bic_weight,nan,nan,nan,nan,nan,0
0.0,5,all_local,quadratic,a_error,0.09544562300046285,0.023106785988383907,0.08210509270429611,0.08210477083921433,0.11812484636902809,3
0.0,5,all_local,quadratic,a_reference_error,0.08767743657032649,0.028013891669120956,0.07312289625406265,0.0702552929520607,0.11528775840997696,3
0.0,5,all_local,quadratic,c_error,0.1506095975637436,0.0230727667197427,0.1422298103570938,0.1338309422135353,0.17325410395860671,3
0.0,5,all_local,quadratic,c_reference_error,0.1126742313305537,0.03602482915526812,0.12886136770248413,0.07714187353849411,0.13687559366226196,3
0.0,5,all_local,quadratic,b_rmse,0.13215363770723343,0.045873230342206375,0.13760864734649658,0.08917799070477486,0.17131077796220778,3
0.0,5,all_local,quadratic,b_reference_rmse,0.03641942950586478,0.01646499328138387,0.038539621978998184,0.02095129955559969,0.05040342472493648,3
0.0,5,all_local,quadratic,a_sharing_range,0.23681501547495523,0.08633466677324904,0.20852351188659668,0.1722104787826538,0.32122360467910765,3
0.0,5,all_local,quadratic,a_sharing_std,0.08602594832579295,0.02862952616430886,0.07298144698143005,0.06691569834947586,0.11426734924316406,3
0.0,5,all_local,quadratic,c_sharing_range,0.27461321155230206,0.10472191088673127,0.333638072013855,0.17169565260410308,0.33621336817741393,3
0.0,5,all_local,quadratic,c_sharing_std,0.10602854937314987,0.039743946930131654,0.11981353908777237,0.06708606407046318,0.1353215418756008,3
0.0,5,all_local,quadratic,b_inferred_std,1.2695757150650024,0.30863902412480115,1.2091073989868164,1.0169920325279236,1.5644872188568115,3
0.0,5,all_local,quadratic,global_parameter_rmse,0.12693222860495249,0.014501370907155477,0.13256004452705383,0.11267047226428986,0.1372545138001442,3
0.0,5,all_local,quadratic,total_log_likelihood,3.8791085879007974,1.5385394657812255,3.485417366027832,2.6666428089141845,5.367158222198486,3
0.0,5,all_local,quadratic,effective_k,15.0,0.0,15.0,15.0,15.0,3
0.0,5,all_local,quadratic,aic,22.241782506306965,3.0770785275891033,23.029165267944336,19.265683555603026,24.666713523864747,3
0.0,5,all_local,quadratic,bic,16.383352279663086,3.077079335535844,17.170734405517578,13.40725269317627,18.80828437805176,3
0.0,5,all_local,quadratic,aic_weight,0.06679572217239703,0.10240149016409544,0.013419805074174708,0.003240122287703771,0.1677144640258459,3
0.0,5,all_local,quadratic,bic_weight,0.13874821771210327,0.20582326141243878,0.03485412152562599,0.008507251985621432,0.3417150507691192,3
0.0,5,all_local,quadratic,selected_aic,0.0,0.0,0.0,0.0,0.0,3
0.0,5,all_local,quadratic,selected_bic,0.0,0.0,0.0,0.0,0.0,3
0.0,5,all_local,quadratic,mispenalized_aic_weight,nan,nan,nan,nan,nan,0
0.0,5,all_local,quadratic,mispenalized_bic_weight,nan,nan,nan,nan,nan,0
0.0,5,correct,linear,a_error,0.02351139982541402,0.03245294801220024,0.008389919996261597,0.002079835534095764,0.05552799999713897,3
0.0,5,correct,linear,a_reference_error,0.02975498636563619,0.008335761293162684,0.03444784879684448,0.021562382578849792,0.03466258645057678,3
0.0,5,correct,linear,c_error,0.0,0.0,0.0,0.0,0.0,3
0.0,5,correct,linear,c_reference_error,0.0788393576319019,0.10729805352877463,0.023973435163497925,0.011459014844149351,0.18462584614753721,3
0.0,5,correct,linear,b_rmse,0.08515243977308273,0.019356283196590034,0.08148586750030518,0.06925109177827835,0.1036203883588314,3
0.0,5,correct,linear,b_reference_rmse,0.09999996672074,0.04773206258671029,0.08879029750823975,0.061862360686063766,0.1459843412041664,3
0.0,5,correct,linear,a_sharing_range,0.0,0.0,0.0,0.0,0.0,3
0.0,5,correct,linear,a_sharing_std,0.0,0.0,0.0,0.0,0.0,3
0.0,5,correct,linear,c_sharing_range,nan,nan,nan,nan,nan,0
0.0,5,correct,linear,c_sharing_std,nan,nan,nan,nan,nan,0
0.0,5,correct,linear,b_inferred_std,1.2979616324106853,0.2639286322438711,1.2886178493499756,1.0638078570365905,1.5386560559272766,3
0.0,5,correct,linear,global_parameter_rmse,0.02351139982541402,0.03245294801220024,0.008389919996261597,0.002079835534095764,0.05552799999713897,3
0.0,5,correct,linear,total_log_likelihood,2.038529396057129,3.50589109814491,3.2833919525146484,-1.3995879173278807,4.605242919921875,3
0.0,5,correct,linear,effective_k,6.0,0.0,6.0,6.0,6.0,3
0.0,5,correct,linear,aic,7.922941207885742,7.01178219628982,5.433216094970703,2.78951416015625,14.799175834655761,3
0.0,5,correct,linear,bic,5.579568862915039,7.01178219628982,3.08984375,0.4461418151855469,12.455803489685058,3
0.0,5,correct,linear,aic_weight,0.7828556417324122,0.3699813159535648,0.9959018635606882,0.4196648457915363,0.9969140823934949,3
0.0,5,correct,linear,bic_weight,0.7678863595099098,0.3945941584360841,0.9950224888911483,0.3805263075014553,0.9962511209514977,3
0.0,5,correct,linear,selected_aic,0.6666666666666666,0.5773502691896258,1.0,0.1,1.0,3
0.0,5,correct,linear,selected_bic,0.6666666666666666,0.5773502691896258,1.0,0.1,1.0,3
0.0,5,correct,linear,mispenalized_aic_weight,nan,nan,nan,nan,nan,0
0.0,5,correct,linear,mispenalized_bic_weight,nan,nan,nan,nan,nan,0
0.0,5,correct,quadratic,a_error,0.04496978657941023,0.014068757275691261,0.04535484313964844,0.032176692597568037,0.05749334096908569,3
0.0,5,correct,quadratic,a_reference_error,0.02134012182553609,0.010442045658164712,0.01897171139717102,0.012954309582710266,0.03138382136821747,3
0.0,5,correct,quadratic,c_error,0.10701679438352585,0.011271795779983652,0.11023902148008347,0.09606019407510757,0.11571783572435379,3
0.0,5,correct,quadratic,c_reference_error,0.0856104517976443,0.014836930026775979,0.08614952117204666,0.07207515239715576,0.09876840263605118,3
0.0,5,correct,quadratic,b_rmse,0.10869879523913066,0.050525299760239,0.12529155611991882,0.05929642021656036,0.14648623764514923,3
0.0,5,correct,quadratic,b_reference_rmse,0.08199666192134221,0.00921407089908477,0.07755442708730698,0.07601618021726608,0.09108670800924301,3
0.0,5,correct,quadratic,a_sharing_range,0.0,0.0,0.0,0.0,0.0,3
0.0,5,correct,quadratic,a_sharing_std,0.0,0.0,0.0,0.0,0.0,3
0.0,5,correct,quadratic,c_sharing_range,0.0,0.0,0.0,0.0,0.0,3
0.0,5,correct,quadratic,c_sharing_std,2.483526865641276e-09,4.301594713252975e-09,0.0,0.0,6.705522537231445e-09,3
0.0,5,correct,quadratic,b_inferred_std,1.2986913522084553,0.2737614373409855,1.2825201749801636,1.05828857421875,1.5504139542579651,3
0.0,5,correct,quadratic,global_parameter_rmse,0.08229940632979076,0.01043361129060727,0.08828628808259964,0.07205523550510406,0.08835275992751121,3
0.0,5,correct,quadratic,total_log_likelihood,-0.5327459971110026,0.600806987366517,-0.3255739212036133,-1.1213093757629395,-0.0892030715942383,3
0.0,5,correct,quadratic,effective_k,7.0,0.0,7.0,7.0,7.0,3
0.0,5,correct,quadratic,aic,15.065491994222006,1.201613974733034,14.651147842407227,14.178406143188477,16.242618751525878,3
0.0,5,correct,quadratic,bic,12.331557591756185,1.201613974733034,11.917213439941406,11.444471740722657,13.508684349060058,3
0.0,5,correct,quadratic,aic_weight,0.2171443582675878,0.36998131595356487,0.004098136439311688,0.0030859176065050837,0.5803351542084637,3
0.0,5,correct,quadratic,bic_weight,0.23211364049009006,0.39459415843608403,0.004977511108851598,0.0037488790485023533,0.6194736924985446,3
0.0,5,correct,quadratic,selected_aic,0.3333333333333333,0.5773502691896258,0.0,0.0,0.8999999999999999,3
0.0,5,correct,quadratic,selected_bic,0.3333333333333333,0.5773502691896258,0.0,0.0,0.8999999999999999,3
0.0,5,correct,quadratic,mispenalized_aic_weight,nan,nan,nan,nan,nan,0
0.0,5,correct,quadratic,mispenalized_bic_weight,nan,nan,nan,nan,nan,0
0.0,5,curvature_local,linear,a_error,0.02273606260617574,0.022394764720213723,0.016854584217071533,0.005167528986930847,0.044421631097793575,3
0.0,5,curvature_local,linear,a_reference_error,0.02640033761660258,0.021466313274409163,0.021405518054962158,0.00922515094280243,0.04707189798355102,3
0.0,5,curvature_local,linear,c_error,0.0,0.0,0.0,0.0,0.0,3
0.0,5,curvature_local,linear,c_reference_error,0.0788393576319019,0.10729805352877463,0.023973435163497925,0.011459014844149351,0.18462584614753721,3
0.0,5,curvature_local,linear,b_rmse,0.08498500287532806,0.019699888293251165,0.08149169385433197,0.06868807524442673,0.10372724682092667,3
0.0,5,curvature_local,linear,b_reference_rmse,0.10007750988006592,0.048097254982797745,0.08880789577960968,0.06163490563631058,0.14640884399414061,3
0.0,5,curvature_local,linear,a_sharing_range,0.0,0.0,0.0,0.0,0.0,3
0.0,5,curvature_local,linear,a_sharing_std,0.0,0.0,0.0,0.0,0.0,3
0.0,5,curvature_local,linear,c_sharing_range,nan,nan,nan,nan,nan,0
0.0,5,curvature_local,linear,c_sharing_std,nan,nan,nan,nan,nan,0
0.0,5,curvature_local,linear,b_inferred_std,1.2978103160858154,0.263769485588671,1.288482904434204,1.0637937188148499,1.5383561015129088,3
0.0,5,curvature_local,linear,global_parameter_rmse,0.02273606260617574,0.022394764720213723,0.016854584217071533,0.005167528986930847,0.044421631097793575,3
0.0,5,curvature_local,linear,total_log_likelihood,2.1727282206217446,3.6781516064916278,3.4217071533203125,-1.4283769130706787,4.899548101425171,3
0.0,5,curvature_local,linear,effective_k,6.0,0.0,6.0,6.0,6.0,3
0.0,5,curvature_local,linear,aic,7.654543558756511,7.3563032129832555,5.156585693359375,2.200903797149658,14.856753826141357,3
0.0,5,curvature_local,linear,bic,5.311171213785808,7.3563032129832555,2.813213348388672,-0.1424685478210449,12.513381481170654,3
0.0,5,curvature_local,linear,aic_weight,0.9557976265995913,0.07555730178102228,0.9992820930542282,0.8816247538015709,0.999531372879366,3
0.0,5,curvature_local,linear,bic_weight,0.9034322072562349,0.16459902806047536,0.9980962949912537,0.7418427134663095,0.9987568396316473,3
0.0,5,curvature_local,linear,selected_aic,1.0,0.0,1.0,1.0,1.0,3
0.0,5,curvature_local,linear,selected_bic,1.0,0.0,1.0,1.0,1.0,3
0.0,5,curvature_local,linear,mispenalized_aic_weight,0.6822314544577742,0.4973875481878833,0.9622559602851637,0.1933864602850049,0.9750592945513707,3
0.0,5,curvature_local,linear,mispenalized_bic_weight,0.6721935219745291,0.5037995868725075,0.9544868200945178,0.17693408029076738,0.9698476549742986,3
0.0,5,curvature_local,quadratic,a_error,0.03693857789039612,0.022669619280970145,0.03432577848434448,0.017552289366722106,0.05815382599830627,3
0.0,5,curvature_local,quadratic,a_reference_error,0.013308912515640259,0.01859326424523136,0.003947824239730835,0.001525762677192688,0.03164482414722442,3
0.0,5,curvature_local,quadratic,c_error,0.14961965382099152,0.03117669454377076,0.14067350327968597,0.12557198256254196,0.17992963045835494,3
0.0,5,curvature_local,quadratic,c_reference_error,0.10977918654680252,0.03359849483740023,0.12052470445632935,0.07696261927485466,0.1350738912820816,3
0.0,5,curvature_local,quadratic,b_rmse,0.12772686034440994,0.046016633212926365,0.12790943682193756,0.08624823316931725,0.1690776839852333,3
0.0,5,curvature_local,quadratic,b_reference_rmse,0.030199436470866203,0.017467668533761943,0.023355277255177498,0.01780672390013933,0.047383060492575166,3
0.0,5,curvature_local,quadratic,a_sharing_range,0.0,0.0,0.0,0.0,0.0,3
0.0,5,curvature_local,quadratic,a_sharing_std,0.0,0.0,0.0,0.0,0.0,3
0.0,5,curvature_local,quadratic,c_sharing_range,0.28631261984507245,0.09337217424025701,0.32715028524398804,0.19424580931663513,0.3497930645942688,3
0.0,5,curvature_local,quadratic,c_sharing_std,0.10559915254513423,0.036314410776780714,0.11506576091051102,0.07044664397835732,0.13412503525614738,3
0.0,5,curvature_local,quadratic,b_inferred_std,1.2749295234680176,0.30069542152548734,1.2220178842544556,1.025983488559723,1.5609137058258056,3
0.0,5,curvature_local,quadratic,global_parameter_rmse,0.1100766658782959,0.019506810923388462,0.10008788108825684,0.09783730655908585,0.12930817455053328,3
0.0,5,curvature_local,quadratic,total_log_likelihood,1.5551109313964844,1.1226898838049224,1.1445112228393555,0.7404207706451416,2.657220888137817,3
0.0,5,curvature_local,quadratic,effective_k,11.0,0.0,11.0,11.0,11.0,3
0.0,5,curvature_local,quadratic,aic,18.889777501424152,2.2453799420028537,19.71097755432129,16.68555736541748,20.51915760040283,3
0.0,5,curvature_local,quadratic,bic,14.593595822652182,2.2453801327009284,15.414794921875,12.389375591278077,16.222976684570312,3
0.0,5,curvature_local,quadratic,aic_weight,0.04420237340040861,0.07555730178102225,0.0007179069457718655,0.00046862712063391486,0.11837524619842901,3
0.0,5,curvature_local,quadratic,bic_weight,0.09656779274376516,0.16459902806047536,0.001903705008746414,0.0012431603683528423,0.25815728653369063,3
0.0,5,curvature_local,quadratic,selected_aic,0.0,0.0,0.0,0.0,0.0,3
0.0,5,curvature_local,quadratic,selected_bic,0.0,0.0,0.0,0.0,0.0,3
0.0,5,curvature_local,quadratic,mispenalized_aic_weight,0.31776854554222583,0.49738754818788333,0.037744039714836176,0.02494070544862926,0.806613539714995,3
0.0,5,curvature_local,quadratic,mispenalized_bic_weight,0.32780647802547097,0.5037995868725074,0.04551317990548221,0.030152345025701476,0.8230659197092326,3
0.0,10,all_global,linear,a_error,0.02938624347249667,0.026054096584440432,0.018929004669189453,0.011059725284576416,0.05503282882273197,3
0.0,10,all_global,linear,a_reference_error,0.02619345982869466,0.01949513852014138,0.03152185678482056,0.007281500101089478,0.04137554168701172,3
0.0,10,all_global,linear,c_error,0.0,0.0,0.0,0.0,0.0,3
0.0,10,all_global,linear,c_reference_error,0.06552131722370784,0.02115855559339086,0.07085932791233063,0.04507038444280624,0.08223564252257347,3
0.0,10,all_global,linear,b_rmse,1.2797400554021199,0.31672488445692815,1.1351596117019653,1.0685112237930299,1.5921751976013183,3
0.0,10,all_global,linear,b_reference_rmse,1.2938477198282878,0.3859268137465181,1.097725510597229,1.050602424144745,1.6743785619735718,3
0.0,10,all_global,linear,a_sharing_range,0.0,0.0,0.0,0.0,0.0,3
0.0,10,all_global,linear,a_sharing_std,3.9736429850260414e-08,3.44127577060238e-08,5.960464477539063e-08,5.960464477539063e-09,5.960464477539063e-08,3
0.0,10,all_global,linear,c_sharing_range,nan,nan,nan,nan,nan,0
0.0,10,all_global,linear,c_sharing_std,nan,nan,nan,nan,nan,0
0.0,10,all_global,linear,b_inferred_std,9.934107462565104e-09,1.72063788530119e-08,0.0,0.0,2.682209014892578e-08,3
0.0,10,all_global,linear,global_parameter_rmse,0.02938624347249667,0.026054096584440432,0.018929004669189453,0.011059725284576416,0.05503282882273197,3
0.0,10,all_global,linear,total_log_likelihood,-16.45753288269043,3.520567366181206,-15.63481330871582,-19.84842891693115,-13.642540550231933,3
0.0,10,all_global,linear,effective_k,2.0,0.0,2.0,2.0,2.0,3
0.0,10,all_global,linear,aic,36.91506576538086,7.041134732362412,35.26962661743164,31.285081100463866,43.6968578338623,3
0.0,10,all_global,linear,bic,37.52023696899414,7.041134732362412,35.87479782104492,31.890252304077148,44.302029037475585,3
0.0,10,all_global,linear,aic_weight,0.3095806992313816,0.3786889133604238,0.11858560769834349,0.06983932230755392,0.6830186402283358,3
0.0,10,all_global,linear,bic_weight,0.32761354508878476,0.3872216732289212,0.13533360234705255,0.08028210340217506,0.709540946694607,3
0.0,10,all_global,linear,selected_aic,0.3333333333333333,0.5773502691896258,0.0,0.0,0.8999999999999999,3
0.0,10,all_global,linear,selected_bic,0.3333333333333333,0.5773502691896258,0.0,0.0,0.8999999999999999,3
0.0,10,all_global,linear,mispenalized_aic_weight,nan,nan,nan,nan,nan,0
0.0,10,all_global,linear,mispenalized_bic_weight,nan,nan,nan,nan,nan,0
0.0,10,all_global,quadratic,a_error,0.05893493567903837,0.026114834303650514,0.05045607313513756,0.03934741280972957,0.08445766232907771,3
0.0,10,all_global,quadratic,a_reference_error,0.05947364370028178,0.0029992607779094236,0.060713112354278564,0.056519290804862975,0.06156036853790283,3
0.0,10,all_global,quadratic,c_error,0.04848665030052265,0.055322969706401916,0.02366068959236145,0.011298818234354257,0.10305265486240386,3
0.0,10,all_global,quadratic,c_reference_error,0.03595087180534998,0.02218731475965497,0.028374306857585907,0.019527261704206468,0.05767807736992836,3
0.0,10,all_global,quadratic,b_rmse,1.2786502838134766,0.31011162562565664,1.1375843286514282,1.0714925527572632,1.5845541834831238,3
0.0,10,all_global,quadratic,b_reference_rmse,1.2927360534667969,0.3784438242137857,1.0994151830673218,1.054941475391388,1.6658552408218383,3
0.0,10,all_global,quadratic,a_sharing_range,0.0,0.0,0.0,0.0,0.0,3
0.0,10,all_global,quadratic,a_sharing_std,2.9802322387695312e-08,2.9802322387695312e-08,2.9802322387695312e-08,2.9802322387695314e-09,5.662441253662109e-08,3
0.0,10,all_global,quadratic,c_sharing_range,0.0,0.0,0.0,0.0,0.0,3
0.0,10,all_global,quadratic,c_sharing_std,0.0,0.0,0.0,0.0,0.0,3
0.0,10,all_global,quadratic,b_inferred_std,2.9802322387695312e-08,2.9802322387695312e-08,2.9802322387695312e-08,2.9802322387695314e-09,5.662441253662109e-08,3
0.0,10,all_global,quadratic,global_parameter_rmse,0.05974177767833074,0.02976405872862457,0.0645962581038475,0.03152362182736397,0.08456179723143577,3
0.0,10,all_global,quadratic,total_log_likelihood,-14.255666414896647,5.506809800184403,-12.628920555114746,-19.61622610092163,-10.033828830718994,3
0.0,10,all_global,quadratic,effective_k,3.0,0.0,3.0,3.0,3.0,3
0.0,10,all_global,quadratic,aic,34.5113328297933,11.013619600368806,31.257841110229492,26.067657661437988,45.23245220184326,3
0.0,10,all_global,quadratic,bic,35.41908836364746,11.013620663167387,32.16559600830078,26.975412559509277,46.14020881652832,3
0.0,10,all_global,quadratic,aic_weight,0.6904193007686185,0.3786889133604238,0.8814143923016565,0.31698135977166414,0.930160677692446,3
0.0,10,all_global,quadratic,bic_weight,0.6723864549112152,0.3872216732289212,0.8646663976529474,0.2904590533053929,0.919717896597825,3
0.0,10,all_global,quadratic,selected_aic,0.6666666666666666,0.5773502691896258,1.0,0.1,1.0,3
0.0,10,all_global,quadratic,selected_bic,0.6666666666666666,0.5773502691896258,1.0,0.1,1.0,3
0.0,10,all_global,quadratic,mispenalized_aic_weight,nan,nan,nan,nan,nan,0
0.0,10,all_global,quadratic,mispenalized_bic_weight,nan,nan,nan,nan,nan,0
0.0,10,all_local,linear,a_error,0.10525459299484889,0.023639512272810224,0.10197371989488602,0.0852815754711628,0.127524221688509,3
0.0,10,all_local,linear,a_reference_error,0.09589577962954839,0.03166787556688845,0.09094209969043732,0.06939121410250663,0.12586792111396788,3
0.0,10,all_local,linear,c_error,0.0,0.0,0.0,0.0,0.0,3
0.0,10,all_local,linear,c_reference_error,0.06552131722370784,0.02115855559339086,0.07085932791233063,0.04507038444280624,0.08223564252257347,3
0.0,10,all_local,linear,b_rmse,0.08807770535349846,0.025020826061105915,0.09747191518545151,0.0634946335107088,0.10608483031392098,3
0.0,10,all_local,linear,b_reference_rmse,0.10501086463530858,0.013249111536758723,0.09922721236944199,0.09599588140845298,0.11807440444827079,3
0.0,10,all_local,linear,a_sharing_range,0.29253795742988586,0.09199102846467423,0.27527135610580444,0.21689047515392304,0.3802720606327057,3
0.0,10,all_local,linear,a_sharing_std,0.09104507168134053,0.035405549930581225,0.08457481861114502,0.06184626221656799,0.12477305829524993,3
0.0,10,all_local,linear,c_sharing_range,nan,nan,nan,nan,nan,0
0.0,10,all_local,linear,c_sharing_std,nan,nan,nan,nan,nan,0
0.0,10,all_local,linear,b_inferred_std,1.2594083547592163,0.30063565636329054,1.1012852191925049,1.0738780856132508,1.5556248188018797,3
0.0,10,all_local,linear,global_parameter_rmse,0.10525459299484889,0.023639512272810224,0.10197371989488602,0.0852815754711628,0.127524221688509,3
0.0,10,all_local,linear,total_log_likelihood,7.125524679819743,3.764413827940739,9.048380851745605,3.414071226119995,9.490978813171386,3
0.0,10,all_local,linear,effective_k,20.0,0.0,20.0,20.0,20.0,3
0.0,10,all_local,linear,aic,25.748950958251953,7.5288282053097495,21.90323829650879,21.018042373657227,33.171858406066896,3
0.0,10,all_local,linear,bic,31.800655364990234,7.5288282053097495,27.95494270324707,27.06974678039551,39.22356281280518,3
0.0,10,all_local,linear,aic_weight,0.9854958678521989,0.0167312439606855,0.9893092081120809,0.9693993233813916,0.9989230741410892,3
0.0,10,all_local,linear,bic_weight,0.9967353919023854,0.0037869588856561526,0.9976253987484447,0.9930869674957403,0.999760811516789,3
0.0,10,all_local,linear,selected_aic,1.0,0.0,1.0,1.0,1.0,3
0.0,10,all_local,linear,selected_bic,1.0,0.0,1.0,1.0,1.0,3
0.0,10,all_local,linear,mispenalized_aic_weight,nan,nan,nan,nan,nan,0
0.0,10,all_local,linear,mispenalized_bic_weight,nan,nan,nan,nan,nan,0
0.0,10,all_local,quadratic,a_error,0.09516194462776184,0.022544469894111532,0.08480966091156006,0.08016860112547874,0.11740188673138618,3
0.0,10,all_local,quadratic,a_reference_error,0.0899241641163826,0.02918542075429216,0.08351879566907883,0.06637798473238946,0.11795410141348839,3
0.0,10,all_local,quadratic,c_error,0.15900357564290366,0.007041449819840923,0.15708030760288239,0.15351925939321517,0.165834179520607,3
0.0,10,all_local,quadratic,c_reference_error,0.14805099368095398,0.01442695271768157,0.14199520647525787,0.13807455450296402,0.16226648390293122,3
0.0,10,all_local,quadratic,b_rmse,0.13366055488586426,0.00815086365405292,0.13284100592136383,0.12663948386907578,0.14125531017780305,3
0.0,10,all_local,quadratic,b_reference_rmse,0.03178670443594456,0.0077578795545473625,0.028046589344739914,0.026751328818500043,0.03944016061723232,3
0.0,10,all_local,quadratic,a_sharing_range,0.29261120160420734,0.08905756289994823,0.2920696437358856,0.2126500517129898,0.3729514420032501,3
0.0,10,all_local,quadratic,a_sharing_std,0.0874905859430631,0.030847718081155703,0.08321169763803482,0.06142629310488701,0.11655010059475898,3
0.0,10,all_local,quadratic,c_sharing_range,0.473095178604126,0.06884653525573795,0.44045713543891907,0.4280194640159607,0.5410175234079361,3
0.0,10,all_local,quadratic,c_sharing_std,0.14518092075983682,0.010385780245477696,0.14146532118320465,0.1375941291451454,0.15536863207817078,3
0.0,10,all_local,quadratic,b_inferred_std,1.2506723403930664,0.35283734928575755,1.0641405582427979,1.033641481399536,1.5982754468917846,3
0.0,10,all_local,quadratic,global_parameter_rmse,0.13134469091892242,0.012458970558396582,0.12453676015138626,0.12384937703609467,0.1436055563390255,3
0.0,10,all_local,quadratic,total_log_likelihood,10.605109055836996,4.82700387398141,8.260412216186523,7.484537553787232,15.36696834564209,3
0.0,10,all_local,quadratic,effective_k,30.0,0.0,30.0,30.0,30.0,3
0.0,10,all_local,quadratic,aic,38.789782206217446,9.654008064745623,43.47917556762695,29.26606330871582,45.03092575073242,3
0.0,10,all_local,quadratic,bic,47.8673350016276,9.654008064745623,52.55672836303711,38.34361610412598,54.10847854614258,3
0.0,10,all_local,quadratic,aic_weight,0.014504132147801019,0.016731243960685562,0.01069079188791913,0.0010769258589108344,0.030600676618608522,3
0.0,10,all_local,quadratic,bic_weight,0.0032646080976145874,0.003786958885656083,0.0023746012515553534,0.00023918848321102142,0.006913032504259616,3
0.0,10,all_local,quadratic,selected_aic,0.0,0.0,0.0,0.0,0.0,3
0.0,10,all_local,quadratic,selected_bic,0.0,0.0,0.0,0.0,0.0,3
0.0,10,all_local,quadratic,mispenalized_aic_weight,nan,nan,nan,nan,nan,0
0.0,10,all_local,quadratic,mispenalized_bic_weight,nan,nan,nan,nan,nan,0
0.0,10,correct,linear,a_error,0.04523408909638723,0.015333739290948915,0.04720551148056984,0.03082953579723835,0.05825864672660828,3
0.0,10,correct,linear,a_reference_error,0.026347044855356216,0.00851902619700471,0.02341274917125702,0.02005597800016403,0.034692118689417836,3
0.0,10,correct,linear,c_error,0.0,0.0,0.0,0.0,0.0,3
0.0,10,correct,linear,c_reference_error,0.06552131722370784,0.02115855559339086,0.07085932791233063,0.04507038444280624,0.08223564252257347,3
0.0,10,correct,linear,b_rmse,0.08511625602841377,0.023931274400944093,0.09485339373350143,0.06155153252184391,0.10186498314142227,3
0.0,10,correct,linear,b_reference_rmse,0.11019999782244365,0.01202129591578186,0.10470535606145859,0.10218766704201698,0.12205857783555984,3
0.0,10,correct,linear,a_sharing_range,0.0,0.0,0.0,0.0,0.0,3
0.0,10,correct,linear,a_sharing_std,2.483526865641276e-08,3.101924060979683e-08,1.4901161193847656e-08,1.4901161193847657e-09,5.5134296417236324e-08,3
0.0,10,correct,linear,c_sharing_range,nan,nan,nan,nan,nan,0
0.0,10,correct,linear,c_sharing_std,nan,nan,nan,nan,nan,0
0.0,10,correct,linear,b_inferred_std,1.2551296154658,0.2995126129336413,1.0937896966934204,1.0731667280197144,1.5500304460525511,3
0.0,10,correct,linear,global_parameter_rmse,0.04523408909638723,0.015333739290948915,0.04720551148056984,0.03082953579723835,0.05825864672660828,3
0.0,10,correct,linear,total_log_likelihood,4.787836074829102,3.797591674818611,3.719334602355957,1.8469964981079101,8.476626682281493,3
0.0,10,correct,linear,effective_k,11.0,0.0,11.0,11.0,11.0,3
0.0,10,correct,linear,aic,12.424327850341797,7.595183349637222,14.561330795288086,5.046746635437012,18.30600700378418,3
0.0,10,correct,linear,bic,15.752763748168945,7.595183349637222,17.889766693115234,8.37518253326416,21.63444290161133,3
0.0,10,correct,linear,aic_weight,0.971106347699334,0.044220662266601464,0.9934384306516681,0.9274996915256623,0.999080545806372,3
0.0,10,correct,linear,bic_weight,0.9749021298437799,0.03845852992816275,0.9943545003887854,0.9369784886112822,0.9992091116947737,3
0.0,10,correct,linear,selected_aic,1.0,0.0,1.0,1.0,1.0,3
0.0,10,correct,linear,selected_bic,1.0,0.0,1.0,1.0,1.0,3
0.0,10,correct,linear,mispenalized_aic_weight,nan,nan,nan,nan,nan,0
0.0,10,correct,linear,mispenalized_bic_weight,nan,nan,nan,nan,nan,0
0.0,10,correct,quadratic,a_error,0.022272576888402302,0.03173002760932793,0.005639433860778809,0.002649495005607605,0.05353885889053344,3
0.0,10,correct,quadratic,a_reference_error,0.019051659231384594,0.011754244324604342,0.017901955172419548,0.008913257531821728,0.029994853772222996,3
0.0,10,correct,quadratic,c_error,0.07008234101037185,0.046153602911122506,0.07176831364631653,0.02797479908913374,0.11100970208644867,3
0.0,10,correct,quadratic,c_reference_error,0.03269765279643858,0.03221038039211178,0.031870171427726746,0.0040051043557468805,0.06196943819522857,3
0.0,10,correct,quadratic,b_rmse,0.10567644238471985,0.030998877362455244,0.09673196822404861,0.08179309666156769,0.13582092002034188,3
0.0,10,correct,quadratic,b_reference_rmse,0.0845173050959905,0.009941376668172809,0.08377236872911453,0.0758496530354023,0.09370641261339188,3
0.0,10,correct,quadratic,a_sharing_range,0.0,0.0,0.0,0.0,0.0,3
0.0,10,correct,quadratic,a_sharing_std,9.934107462565104e-09,1.72063788530119e-08,0.0,0.0,2.682209014892578e-08,3
0.0,10,correct,quadratic,c_sharing_range,0.0,0.0,0.0,0.0,0.0,3
0.0,10,correct,quadratic,c_sharing_std,4.967053731282552e-09,4.301594713252975e-09,7.450580596923828e-09,7.450580596923829e-10,7.450580596923828e-09,3
0.0,10,correct,quadratic,b_inferred_std,1.2646387020746868,0.31273231198012363,1.1002870798110962,1.071543025970459,1.5727805137634276,3
0.0,10,correct,quadratic,global_parameter_rmse,0.05907110124826431,0.01975054829438152,0.0509042926132679,0.045332801342010495,0.07852616719901562,3
0.0,10,correct,quadratic,total_log_likelihood,0.5874298413594564,1.1368149035447213,0.19425678253173828,-0.25112123489379884,1.7012020587921142,3
0.0,10,correct,quadratic,effective_k,12.0,0.0,12.0,12.0,12.0,3
0.0,10,correct,quadratic,aic,22.82513999938965,2.2736303444933896,23.611486434936523,20.597595024108887,24.502242469787596,3
0.0,10,correct,quadratic,bic,26.456162134806316,2.273629269685502,27.242507934570312,24.228618240356447,28.133263969421385,3
0.0,10,correct,quadratic,aic_weight,0.028893652300666043,0.044220662266601436,0.006561569348331911,0.0009194541936281778,0.07250030847433779,3
0.0,10,correct,quadratic,bic_weight,0.025097870156220132,0.03845852992816265,0.0056454996112147455,0.0007908883052263401,0.0630215113887177,3
0.0,10,correct,quadratic,selected_aic,0.0,0.0,0.0,0.0,0.0,3
0.0,10,correct,quadratic,selected_bic,0.0,0.0,0.0,0.0,0.0,3
0.0,10,correct,quadratic,mispenalized_aic_weight,nan,nan,nan,nan,nan,0
0.0,10,correct,quadratic,mispenalized_bic_weight,nan,nan,nan,nan,nan,0
0.0,10,curvature_local,linear,a_error,0.04172267888983091,0.017193432211025025,0.0470002256333828,0.024958197399973868,0.05479287765920162,3
0.0,10,curvature_local,linear,a_reference_error,0.022835636511445045,0.008139926575859555,0.0194777250289917,0.017168435268104076,0.030853375792503357,3
0.0,10,curvature_local,linear,c_error,0.0,0.0,0.0,0.0,0.0,3
0.0,10,curvature_local,linear,c_reference_error,0.06552131722370784,0.02115855559339086,0.07085932791233063,0.04507038444280624,0.08223564252257347,3
0.0,10,curvature_local,linear,b_rmse,0.0851184253891309,0.0238448314784759,0.09474089741706848,0.06164342388510704,0.10185769647359848,3
0.0,10,curvature_local,linear,b_reference_rmse,0.1105333964029948,0.011743721571001873,0.10578405112028122,0.10229575783014297,0.12209557667374611,3
0.0,10,curvature_local,linear,a_sharing_range,0.0,0.0,0.0,0.0,0.0,3
0.0,10,curvature_local,linear,a_sharing_std,0.0,0.0,0.0,0.0,0.0,3
0.0,10,curvature_local,linear,c_sharing_range,nan,nan,nan,nan,nan,0
0.0,10,curvature_local,linear,c_sharing_std,nan,nan,nan,nan,nan,0
0.0,10,curvature_local,linear,b_inferred_std,1.2551608482996623,0.2995305187644723,1.0938286781311035,1.0731738448143004,1.550080370903015,3
0.0,10,curvature_local,linear,global_parameter_rmse,0.04172267888983091,0.017193432211025025,0.0470002256333828,0.024958197399973868,0.05479287765920162,3
0.0,10,curvature_local,linear,total_log_likelihood,4.765811284383138,3.8194397227938492,3.6761856079101562,1.816249179840088,8.478111362457275,3
0.0,10,curvature_local,linear,effective_k,11.0,0.0,11.0,11.0,11.0,3
0.0,10,curvature_local,linear,aic,12.468377431233725,7.6388794455876985,14.647628784179688,5.043777275085449,18.367501640319823,3
0.0,10,curvature_local,linear,bic,15.796813329060873,7.6388794455876985,17.976064682006836,8.372213172912598,21.69593753814697,3
0.0,10,curvature_local,linear,aic_weight,0.9992795707895356,0.001133133703998116,0.999870474071046,0.9981628564325243,0.9999826528494896,3
0.0,10,curvature_local,linear,bic_weight,0.9998410783280723,0.00024999603080673666,0.9999714671248162,0.9995947057547414,0.9999961787436826,3
0.0,10,curvature_local,linear,selected_aic,1.0,0.0,1.0,1.0,1.0,3
0.0,10,curvature_local,linear,selected_bic,1.0,0.0,1.0,1.0,1.0,3
0.0,10,curvature_local,linear,mispenalized_aic_weight,0.5023666004137161,0.45250254412218016,0.4878775992222776,0.10034206883811334,0.9145334328233258,3
0.0,10,curvature_local,linear,mispenalized_bic_weight,0.519601588015944,0.4505739301581951,0.5256758186451468,0.11198670805528928,0.9229645065361566,3
0.0,10,curvature_local,quadratic,a_error,0.027537602931261063,0.02913319687703907,0.014239609241485596,0.008107596635818481,0.05627620480954647,3
0.0,10,curvature_local,quadratic,a_reference_error,0.018583238124847412,0.012986865590869093,0.0130234956741333,0.00967395305633545,0.031384342908859254,3
0.0,10,curvature_local,quadratic,c_error,0.1633783926566442,0.016203068493421593,0.15937140583992004,0.15053643733263017,0.17902523875236512,3
0.0,10,curvature_local,quadratic,c_reference_error,0.14960205058256784,0.01514264441512102,0.1500350683927536,0.13582629412412645,0.16307469457387924,3
0.0,10,curvature_local,quadratic,b_rmse,0.12972963601350784,0.007998852498231075,0.12594112753868103,0.12449011281132698,0.13762111514806746,3
0.0,10,curvature_local,quadratic,b_reference_rmse,0.02580690694351991,0.010326120632230998,0.020245006307959557,0.01953308265656233,0.03597406167536974,3
0.0,10,curvature_local,quadratic,a_sharing_range,0.0,0.0,0.0,0.0,0.0,3
0.0,10,curvature_local,quadratic,a_sharing_std,1.9868214925130207e-08,3.44127577060238e-08,0.0,0.0,5.364418029785156e-08,3
0.0,10,curvature_local,quadratic,c_sharing_range,0.48011019825935364,0.07583124818022731,0.4798714220523834,0.41194590032100675,0.5484416395425796,3
0.0,10,curvature_local,quadratic,c_sharing_std,0.14740438759326935,0.012650320692387343,0.1486847847700119,0.1356147825717926,0.15829771459102632,3
0.0,10,curvature_local,quadratic,b_inferred_std,1.2557761271794636,0.3464594151995413,1.0710864067077637,1.0438210010528564,1.597014057636261,3
0.0,10,curvature_local,quadratic,global_parameter_rmse,0.1183743526538213,0.011181451511638654,0.12065192312002182,0.10767170786857605,0.12748269811272622,3
0.0,10,curvature_local,quadratic,total_log_likelihood,5.6389749844868975,1.0474789525201125,5.410359859466553,4.793252229690552,6.644728326797485,3
0.0,10,curvature_local,quadratic,effective_k,21.0,0.0,21.0,21.0,21.0,3
0.0,10,curvature_local,quadratic,aic,30.722049077351887,2.094956968556181,31.179279327392578,28.7105432510376,32.4134937286377,3
0.0,10,curvature_local,quadratic,bic,37.07633590698242,2.0949559280011245,37.533565521240234,35.06483116149902,38.76777992248535,3
0.0,10,curvature_local,quadratic,aic_weight,0.0007204292104644299,0.0011331337039980052,0.0001295259289540947,1.734715051047375e-05,0.0018371435674756204,3
0.0,10,curvature_local,quadratic,bic_weight,0.00015892167192763408,0.00024999603080681933,2.853287518376486e-05,3.821256317346036e-06,0.0004052942452586305,3
0.0,10,curvature_local,quadratic,selected_aic,0.0,0.0,0.0,0.0,0.0,3
0.0,10,curvature_local,quadratic,selected_bic,0.0,0.0,0.0,0.0,0.0,3
0.0,10,curvature_local,quadratic,mispenalized_aic_weight,0.4976333995862839,0.4525025441221801,0.5121224007777225,0.08546656717667417,0.8996579311618865,3
0.0,10,curvature_local,quadratic,mispenalized_bic_weight,0.48039841198405603,0.45057393015819497,0.47432418135485316,0.07703549346384339,0.8880132919447106,3
0.6,2,all_global,linear,a_error,0.02373551328976949,0.011855400439107402,0.020743966102600098,0.0143705815076828,0.03519452810287475,3
0.6,2,all_global,linear,a_reference_error,0.020723039905230205,0.03128925657128531,0.004962250590324402,0.000899629294872284,0.051579003036022184,3
0.6,2,all_global,linear,c_error,0.6000000238418579,0.0,0.6000000238418579,0.6000000238418579,0.6000000238418579,3
0.6,2,all_global,linear,c_reference_error,0.6853246688842773,0.15383938449767065,0.7379679679870605,0.5346636056900025,0.799135422706604,3
0.6,2,all_global,linear,b_rmse,1.5831809043884277,0.6492447974654488,1.5421339273452759,1.0141035318374634,2.180991160869598,3
0.6,2,all_global,linear,b_reference_rmse,1.5398478110631306,0.6090470054513949,1.522713541984558,0.9978652119636535,2.0938243985176084,3
0.6,2,all_global,linear,a_sharing_range,0.0,0.0,0.0,0.0,0.0,3
0.6,2,all_global,linear,a_sharing_std,0.0,0.0,0.0,0.0,0.0,3
0.6,2,all_global,linear,c_sharing_range,nan,nan,nan,nan,nan,0
0.6,2,all_global,linear,c_sharing_std,nan,nan,nan,nan,nan,0
0.6,2,all_global,linear,b_inferred_std,0.0,0.0,0.0,0.0,0.0,3
0.6,2,all_global,linear,global_parameter_rmse,0.02373551328976949,0.011855400439107402,0.020743966102600098,0.0143705815076828,0.03519452810287475,3
0.6,2,all_global,linear,total_log_likelihood,-10.710890769958496,1.6035318069268567,-11.305147171020508,-11.869733715057373,-9.136068344116211,3
0.6,2,all_global,linear,effective_k,2.0,0.0,2.0,2.0,2.0,3
0.6,2,all_global,linear,aic,25.421781539916992,3.2070636138537134,26.610294342041016,22.272136688232422,27.739467430114747,3
0.6,2,all_global,linear,bic,22.80807622273763,3.2070628873421967,23.99658966064453,19.658432006835938,25.125761032104492,3
0.6,2,all_global,linear,aic_weight,0.14968211585845145,0.2550577834762746,0.0042283739102324126,0.0009878882445783952,0.40019396283607783,3
0.6,2,all_global,linear,bic_weight,0.0987354284814353,0.1688254267909917,0.002204324159408731,0.0005144944677044004,0.2645281355205848,3
0.6,2,all_global,linear,selected_aic,0.0,0.0,0.0,0.0,0.0,3
0.6,2,all_global,linear,selected_bic,0.0,0.0,0.0,0.0,0.0,3
0.6,2,all_global,linear,mispenalized_aic_weight,nan,nan,nan,nan,nan,0
0.6,2,all_global,linear,mispenalized_bic_weight,nan,nan,nan,nan,nan,0
0.6,2,all_global,quadratic,a_error,0.0931435376405716,0.028973621106097178,0.07656431198120117,0.0762970432639122,0.12159548997879027,3
0.6,2,all_global,quadratic,a_reference_error,0.09894053141276042,0.005658971533231793,0.09652280807495117,0.09505510330200195,0.10451836585998535,3
0.6,2,all_global,quadratic,c_error,0.15555904308954874,0.10508491493491909,0.12859785556793213,0.0727831780910492,0.2572077393531799,3
0.6,2,all_global,quadratic,c_reference_error,0.11076408624649048,0.06312353266730451,0.07733392715454102,0.0719811499118805,0.17294813394546507,3
0.6,2,all_global,quadratic,b_rmse,1.5974528590838115,0.6717846695106332,1.617030143737793,0.9861871898174286,2.195014429092407,3
0.6,2,all_global,quadratic,b_reference_rmse,1.5249356428782146,0.6590417898496126,1.5568482875823975,0.9211503744125367,2.106382060050964,3
0.6,2,all_global,quadratic,a_sharing_range,0.0,0.0,0.0,0.0,0.0,3
0.6,2,all_global,quadratic,a_sharing_std,0.0,0.0,0.0,0.0,0.0,3
0.6,2,all_global,quadratic,c_sharing_range,0.0,0.0,0.0,0.0,0.0,3
0.6,2,all_global,quadratic,c_sharing_std,0.0,0.0,0.0,0.0,0.0,3
0.6,2,all_global,quadratic,b_inferred_std,0.0,0.0,0.0,0.0,0.0,3
0.6,2,all_global,quadratic,global_parameter_rmse,0.12976392855246863,0.07306771310645321,0.105721615254879,0.0751442514359951,0.20121322497725486,3
0.6,2,all_global,quadratic,total_log_likelihood,-5.35806401570638,2.1032732764097477,-4.843446731567383,-7.388142108917236,-3.688218021392822,3
0.6,2,all_global,quadratic,effective_k,3.0,0.0,3.0,3.0,3.0,3
0.6,2,all_global,quadratic,aic,16.71612803141276,4.206546552819495,15.686893463134766,13.376436042785645,20.776284217834473,3
0.6,2,all_global,quadratic,bic,12.7955691019694,4.206546552819495,11.766334533691406,9.455877113342286,16.855725288391113,3
0.6,2,all_global,quadratic,aic_weight,0.8503178841415485,0.2550577834762746,0.9957716260897675,0.5998060371639221,0.9990121117554216,3
0.6,2,all_global,quadratic,bic_weight,0.9012645715185648,0.16882542679099172,0.9977956758405913,0.7354718644794151,0.9994855055322956,3
0.6,2,all_global,quadratic,selected_aic,1.0,0.0,1.0,1.0,1.0,3
0.6,2,all_global,quadratic,selected_bic,1.0,0.0,1.0,1.0,1.0,3
0.6,2,all_global,quadratic,mispenalized_aic_weight,nan,nan,nan,nan,nan,0
0.6,2,all_global,quadratic,mispenalized_bic_weight,nan,nan,nan,nan,nan,0
0.6,2,all_local,linear,a_error,0.08313396945595741,0.03292554553457673,0.09272262454032898,0.0511028777807951,0.10845300257205963,3
0.6,2,all_local,linear,a_reference_error,0.07436590393384297,0.026949133934843134,0.07538311928510666,0.04976861998438835,0.09825113713741303,3
0.6,2,all_local,linear,c_error,0.6000000238418579,0.0,0.6000000238418579,0.6000000238418579,0.6000000238418579,3
0.6,2,all_local,linear,c_reference_error,0.6853246688842773,0.15383938449767065,0.7379679679870605,0.5346636056900025,0.799135422706604,3
0.6,2,all_local,linear,b_rmse,0.3915853599707286,0.023713233464715832,0.3918406367301941,0.3701550304889679,0.41283699572086335,3
0.6,2,all_local,linear,b_reference_rmse,0.4374850591023763,0.09909805885625818,0.4925028383731842,0.3400260955095291,0.49643157720565795,3
0.6,2,all_local,linear,a_sharing_range,0.12282601992289226,0.050761815849249284,0.09587794542312622,0.09168677926063537,0.17282891273498535,3
0.6,2,all_local,linear,a_sharing_std,0.06141300747791926,0.02538090362755764,0.04793897271156311,0.045843389630317685,0.08641444966197014,3
0.6,2,all_local,linear,c_sharing_range,nan,nan,nan,nan,nan,0
0.6,2,all_local,linear,c_sharing_std,nan,nan,nan,nan,nan,0
0.6,2,all_local,linear,b_inferred_std,1.5166545510292053,0.6313978835327503,1.4874703884124756,0.9590663611888885,2.0946716547012327,3
0.6,2,all_local,linear,global_parameter_rmse,0.08313396945595741,0.03292554553457673,0.09272262454032898,0.0511028777807951,0.10845300257205963,3
0.6,2,all_local,linear,total_log_likelihood,-8.733923753102621,2.15111507893362,-9.448650360107422,-10.337894058227539,-6.629644823074341,3
0.6,2,all_local,linear,effective_k,4.0,0.0,4.0,4.0,4.0,3
0.6,2,all_local,linear,aic,25.4678471883138,4.302230693754273,26.897300720214844,21.259288787841797,28.675788116455077,3
0.6,2,all_local,linear,bic,20.24043623606364,4.30223015786724,21.669889450073242,16.03187837600708,23.448376846313476,3
0.6,2,all_local,linear,aic_weight,0.003980365683951371,0.006595839173202599,0.00020837215692825055,0.0001434657997397503,0.010457661037079175,3
0.6,2,all_local,linear,bic_weight,0.0010862959150548508,0.001800752600535027,5.640878241293531e-05,3.883612536010648e-05,0.0028546766975989357,3
0.6,2,all_local,linear,selected_aic,0.0,0.0,0.0,0.0,0.0,3
0.6,2,all_local,linear,selected_bic,0.0,0.0,0.0,0.0,0.0,3
0.6,2,all_local,linear,mispenalized_aic_weight,nan,nan,nan,nan,nan,0
0.6,2,all_local,linear,mispenalized_bic_weight,nan,nan,nan,nan,nan,0
0.6,2,all_local,quadratic,a_error,0.06744905499120553,0.060077499293687886,0.037541713565588,0.02912974115461111,0.12670350782573223,3
0.6,2,all_local,quadratic,a_reference_error,0.06206717404226462,0.06483026156427275,0.027960695326328278,0.0220648193731904,0.12594406381249426,3
0.6,2,all_local,quadratic,c_error,0.18208110332489014,0.05207178660180455,0.20587755739688873,0.13071420192718505,0.2167904868721962,3
0.6,2,all_local,quadratic,c_reference_error,0.10461510593692462,0.054512783010638756,0.11224919557571411,0.05324382595717907,0.1506425231695175,3
0.6,2,all_local,quadratic,b_rmse,0.1303145239750544,0.05030609334839012,0.13664433360099792,0.08309321254491805,0.17310496866703032,3
0.6,2,all_local,quadratic,b_reference_rmse,0.042998284101486206,0.005789358810102406,0.04139146953821182,0.038502998650074005,0.04861833974719047,3
0.6,2,all_local,quadratic,a_sharing_range,0.12031560142834981,0.13231165795432714,0.05248570442199707,0.03735498785972595,0.2507571429014206,3
0.6,2,all_local,quadratic,a_sharing_std,0.060157800714174904,0.06615582897716357,0.026242852210998535,0.018677493929862975,0.1253785714507103,3
0.6,2,all_local,quadratic,c_sharing_range,0.17813503742218018,0.08039635848000123,0.18924617767333984,0.10240955352783203,0.24608272314071655,3
0.6,2,all_local,quadratic,c_sharing_std,0.08906751871109009,0.04019817924000062,0.09462308883666992,0.051204776763916014,0.12304136157035828,3
0.6,2,all_local,quadratic,b_inferred_std,1.4891263643900554,0.630429679464088,1.4774447679519653,0.9259012699127197,2.060528576374054,3
0.6,2,all_local,quadratic,global_parameter_rmse,0.139974112311999,0.04525968538614244,0.15642043948173523,0.0955537274479866,0.17288206815719603,3
0.6,2,all_local,quadratic,total_log_likelihood,0.5401498476664225,0.45397460852836025,0.4641547203063965,0.16248731613159179,0.9710089683532714,3
0.6,2,all_local,quadratic,effective_k,6.0,0.0,6.0,6.0,6.0,3
0.6,2,all_local,quadratic,aic,10.919700304667154,0.9079492170567205,11.071690559387207,10.057982063293457,11.675025367736817,3
0.6,2,all_local,quadratic,bic,3.0785833994547525,0.9079492170567205,3.2305736541748047,2.2168651580810548,3.833908462524414,3
0.6,2,all_local,quadratic,aic_weight,0.9960196343160487,0.006595839173202588,0.9997916278430719,0.9895423389629209,0.9998565342002602,3
0.6,2,all_local,quadratic,bic_weight,0.9989137040849451,0.0018007526005350341,0.999943591217587,0.997145323302401,0.99996116387464,3
0.6,2,all_local,quadratic,selected_aic,1.0,0.0,1.0,1.0,1.0,3
0.6,2,all_local,quadratic,selected_bic,1.0,0.0,1.0,1.0,1.0,3
0.6,2,all_local,quadratic,mispenalized_aic_weight,nan,nan,nan,nan,nan,0
0.6,2,all_local,quadratic,mispenalized_bic_weight,nan,nan,nan,nan,nan,0
0.6,2,correct,linear,a_error,0.07041914264361064,0.019294893244963664,0.07375377416610718,0.052082222700119016,0.08642182052135468,3
0.6,2,correct,linear,a_reference_error,0.06379968424638112,0.009734835962242483,0.06920470297336578,0.05422589331865311,0.06958996206521988,3
0.6,2,correct,linear,c_error,0.6000000238418579,0.0,0.6000000238418579,0.6000000238418579,0.6000000238418579,3
0.6,2,correct,linear,c_reference_error,0.6853246688842773,0.15383938449767065,0.7379679679870605,0.5346636056900025,0.799135422706604,3
0.6,2,correct,linear,b_rmse,0.38240864872932434,0.02813317534199626,0.3901382386684418,0.35511062741279603,0.40429595708847044,3
0.6,2,correct,linear,b_reference_rmse,0.42981146772702533,0.098821798044556,0.47790804505348206,0.3323244720697403,0.4936308592557907,3
0.6,2,correct,linear,a_sharing_range,0.0,0.0,0.0,0.0,0.0,3
0.6,2,correct,linear,a_sharing_std,0.0,0.0,0.0,0.0,0.0,3
0.6,2,correct,linear,c_sharing_range,nan,nan,nan,nan,nan,0
0.6,2,correct,linear,c_sharing_std,nan,nan,nan,nan,nan,0
0.6,2,correct,linear,b_inferred_std,1.5279668966929119,0.6346354275426729,1.5108773708343506,0.9629316806793213,2.104964780807495,3
0.6,2,correct,linear,global_parameter_rmse,0.07041914264361064,0.019294893244963664,0.07375377416610718,0.052082222700119016,0.08642182052135468,3
0.6,2,correct,linear,total_log_likelihood,-8.92801602681478,2.1475296361000007,-9.717975616455078,-10.483611965179444,-6.819448375701905,3
0.6,2,correct,linear,effective_k,3.0,0.0,3.0,3.0,3.0,3
0.6,2,correct,linear,aic,23.85603205362956,4.295059272200001,25.435951232910156,19.63889675140381,26.967223930358887,3
0.6,2,correct,linear,bic,19.9354731241862,4.295059272200001,21.515392303466797,15.71833782196045,23.046665000915528,3
0.6,2,correct,linear,aic_weight,0.00307261414090082,0.004626600801525295,0.0006442834027631559,0.00021360791293917574,0.007631451885558829,3
0.6,2,correct,linear,bic_weight,0.001604500815892063,0.002417221251104198,0.00033529866149864675,0.00011114823553588753,0.003986294904323629,3
0.6,2,correct,linear,selected_aic,0.0,0.0,0.0,0.0,0.0,3
0.6,2,correct,linear,selected_bic,0.0,0.0,0.0,0.0,0.0,3
0.6,2,correct,linear,mispenalized_aic_weight,nan,nan,nan,nan,nan,0
0.6,2,correct,linear,mispenalized_bic_weight,nan,nan,nan,nan,nan,0
0.6,2,correct,quadratic,a_error,0.05944189429283142,0.04843545160626301,0.06899785995483398,0.013146409392356874,0.09904820322990417,3
0.6,2,correct,quadratic,a_reference_error,0.06523888806502025,0.03457673896818893,0.0811949372291565,0.031128327548503875,0.08818021416664124,3
0.6,2,correct,quadratic,c_error,0.15780027707417807,0.11709777454880102,0.1926485300064087,0.04377568364143372,0.24743109345436096,3
0.6,2,correct,quadratic,c_reference_error,0.10583706696828206,0.05881588667378709,0.10472273826599121,0.05329990983009338,0.15915425419807433,3
0.6,2,correct,quadratic,b_rmse,0.10076714213937521,0.0762993288729115,0.14399079978466034,0.025801557023078202,0.14547616690397264,3
0.6,2,correct,quadratic,b_reference_rmse,0.05772305217881998,0.044856682589866345,0.049354247748851776,0.020811559073626994,0.10049270838499069,3
0.6,2,correct,quadratic,a_sharing_range,0.0,0.0,0.0,0.0,0.0,3
0.6,2,correct,quadratic,a_sharing_std,0.0,0.0,0.0,0.0,0.0,3
0.6,2,correct,quadratic,c_sharing_range,0.0,0.0,0.0,0.0,0.0,3
0.6,2,correct,quadratic,c_sharing_std,0.0,0.0,0.0,0.0,0.0,3
0.6,2,correct,quadratic,b_inferred_std,1.5323514143625896,0.6297154586380652,1.5243587493896484,0.9684391736984252,2.1018585205078124,3
0.6,2,correct,quadratic,global_parameter_rmse,0.12868345901370049,0.06719741555941124,0.15426695346832275,0.0626334298402071,0.17682504206895827,3
0.6,2,correct,quadratic,total_log_likelihood,-0.9874451955159506,0.33932908219727276,-0.8638491630554199,-1.3205083370208741,-0.7408992767333985,3
0.6,2,correct,quadratic,effective_k,4.0,0.0,4.0,4.0,4.0,3
0.6,2,correct,quadratic,aic,9.9748903910319,0.6786581643945455,9.72769832611084,9.481798553466797,10.641016674041747,3
0.6,2,correct,quadratic,bic,4.7474791208903,0.6786581643945455,4.500287055969238,4.254387283325196,5.413605403900147,3
0.6,2,correct,quadratic,aic_weight,0.9969273858590992,0.004626600801525239,0.9993557165972368,0.9923685481144412,0.9997863920870609,3
0.6,2,correct,quadratic,bic_weight,0.9983954991841081,0.002417221251104151,0.9996647013385015,0.9960137050956765,0.9998888517644642,3
0.6,2,correct,quadratic,selected_aic,1.0,0.0,1.0,1.0,1.0,3
0.6,2,correct,quadratic,selected_bic,1.0,0.0,1.0,1.0,1.0,3
0.6,2,correct,quadratic,mispenalized_aic_weight,nan,nan,nan,nan,nan,0
0.6,2,correct,quadratic,mispenalized_bic_weight,nan,nan,nan,nan,nan,0
0.6,2,curvature_local,linear,a_error,0.052916839718818665,0.05128657495196542,0.028004810214042664,0.019760839641094208,0.10351126044988632,3
0.6,2,curvature_local,linear,a_reference_error,0.04629738132158915,0.041178919359648056,0.0388033390045166,0.012322452664375306,0.08551813960075377,3
0.6,2,curvature_local,linear,c_error,0.6000000238418579,0.0,0.6000000238418579,0.6000000238418579,0.6000000238418579,3
0.6,2,curvature_local,linear,c_reference_error,0.6853246688842773,0.15383938449767065,0.7379679679870605,0.5346636056900025,0.799135422706604,3
0.6,2,curvature_local,linear,b_rmse,0.38437922795613605,0.023701999804301183,0.3901691734790802,0.36150376200675965,0.4032017320394516,3
0.6,2,curvature_local,linear,b_reference_rmse,0.431583046913147,0.10145706912582984,0.48459067940711975,0.33160061538219454,0.4944601356983185,3
0.6,2,curvature_local,linear,a_sharing_range,0.0,0.0,0.0,0.0,0.0,3
0.6,2,curvature_local,linear,a_sharing_std,0.0,0.0,0.0,0.0,0.0,3
0.6,2,curvature_local,linear,c_sharing_range,nan,nan,nan,nan,nan,0
0.6,2,curvature_local,linear,c_sharing_std,nan,nan,nan,nan,nan,0
0.6,2,curvature_local,linear,b_inferred_std,1.5261787970860798,0.6335475783983731,1.5053755044937134,0.9634977221488953,2.103422176837921,3
0.6,2,curvature_local,linear,global_parameter_rmse,0.052916839718818665,0.05128657495196542,0.028004810214042664,0.019760839641094208,0.10351126044988632,3
0.6,2,curvature_local,linear,total_log_likelihood,-8.917768796284994,2.020806934614877,-9.569891929626465,-10.435783672332764,-6.943267726898194,3
0.6,2,curvature_local,linear,effective_k,3.0,0.0,3.0,3.0,3.0,3
0.6,2,curvature_local,linear,aic,23.835537592569988,4.041613869229754,25.13978385925293,19.886535453796387,26.87156734466553,3
0.6,2,curvature_local,linear,bic,19.91497866312663,4.041613869229754,21.21922492980957,15.965976524353028,22.95100841522217,3
0.6,2,curvature_local,linear,aic_weight,0.005117121061594491,0.007802663185930728,0.0006485775036599395,0.0005832781070021427,0.012778944506741026,3
0.6,2,curvature_local,linear,bic_weight,0.001398372573340223,0.0021348906407576145,0.00017563396204600326,0.0001579435366596373,0.0034947186379267617,3
0.6,2,curvature_local,linear,selected_aic,0.0,0.0,0.0,0.0,0.0,3
0.6,2,curvature_local,linear,selected_bic,0.0,0.0,0.0,0.0,0.0,3
0.6,2,curvature_local,linear,mispenalized_aic_weight,0.0018981506265757775,0.0028974235585883766,0.0002386961900696429,0.00021465527815953779,0.004743264080546311,3
0.6,2,curvature_local,linear,mispenalized_bic_weight,0.0009898341770402522,0.0015113791848916016,0.0001241983544624456,0.00011168811967096394,0.0024739253102140047,3
0.6,2,curvature_local,quadratic,a_error,0.06355100870132446,0.023947794469350032,0.07005453109741211,0.04032632112503052,0.08222323060035705,3
0.6,2,curvature_local,quadratic,a_reference_error,0.05693155030409495,0.03611716344032076,0.06238311529159546,0.0227969691157341,0.08725003600120544,3
0.6,2,curvature_local,quadratic,c_error,0.1819090892871221,0.04325662891325319,0.20684123039245605,0.13944871723651886,0.20691696256399156,3
0.6,2,curvature_local,quadratic,c_reference_error,0.09193847545733054,0.07289716623636057,0.11951449513435364,0.020299998577684164,0.14427373856306075,3
0.6,2,curvature_local,quadratic,b_rmse,0.12552305807669958,0.04970333392106645,0.12679444253444672,0.08035605028271675,0.1698000967502594,3
0.6,2,curvature_local,quadratic,b_reference_rmse,0.031857032173623644,0.023982753871581903,0.04483348876237869,0.00824713814072311,0.04638340659439564,3
0.6,2,curvature_local,quadratic,a_sharing_range,0.0,0.0,0.0,0.0,0.0,3
0.6,2,curvature_local,quadratic,a_sharing_std,0.0,0.0,0.0,0.0,0.0,3
0.6,2,curvature_local,quadratic,c_sharing_range,0.1597005526224772,0.1240716816171337,0.20939165353775024,0.03757604956626892,0.24704128503799438,3
0.6,2,curvature_local,quadratic,c_sharing_std,0.0798502763112386,0.06203584080856685,0.10469582676887512,0.01878802478313446,0.12352064251899719,3
0.6,2,curvature_local,quadratic,b_inferred_std,1.5008734067281086,0.6322737341532837,1.514810562133789,0.9270527362823486,2.0649380683898926,3
0.6,2,curvature_local,quadratic,global_parameter_rmse,0.13734419892231622,0.027828196840082982,0.148641899228096,0.10994366481900215,0.15683634281158448,3
0.6,2,curvature_local,quadratic,total_log_likelihood,-0.5696606636047363,0.44488892110314127,-0.4059638977050781,-1.0064821720123291,-0.24742689132690432,3
0.6,2,curvature_local,quadratic,effective_k,5.0,0.0,5.0,5.0,5.0,3
0.6,2,curvature_local,quadratic,aic,11.139321327209473,0.8897778422062825,10.811927795410156,10.49485378265381,12.012964344024658,3
0.6,2,curvature_local,quadratic,bic,4.605057239532471,0.8897778422062825,4.277663707733154,3.9605896949768065,5.478700256347656,3
0.6,2,curvature_local,quadratic,aic_weight,0.9948828789384055,0.0078026631859307695,0.9993514224963401,0.987221055493259,0.9994167218929979,3
0.6,2,curvature_local,quadratic,bic_weight,0.9986016274266598,0.002134890640757527,0.9998243660379539,0.9965052813620733,0.9998420564633403,3
0.6,2,curvature_local,quadratic,selected_aic,1.0,0.0,1.0,1.0,1.0,3
0.6,2,curvature_local,quadratic,selected_bic,1.0,0.0,1.0,1.0,1.0,3
0.6,2,curvature_local,quadratic,mispenalized_aic_weight,0.9981018493734243,0.0028974235585883202,0.9997613038099303,0.9952567359194537,0.9997853447218404,3
0.6,2,curvature_local,quadratic,mispenalized_bic_weight,0.9990101658229597,0.0015113791848915985,0.9998758016455375,0.9975260746897859,0.999888311880329,3
0.6,5,all_global,linear,a_error,0.05623815953731537,0.033001005868519506,0.03854043781757355,0.03612895756959915,0.08873576670885086,3
0.6,5,all_global,linear,a_reference_error,0.022982696692148846,0.030594935260624928,0.010920882225036621,0.0013235092163085937,0.05308515429496765,3
0.6,5,all_global,linear,c_error,0.6000000238418579,0.0,0.6000000238418579,0.6000000238418579,0.6000000238418579,3
0.6,5,all_global,linear,c_reference_error,0.6260160803794861,0.00988996797657728,0.6257326006889343,0.617217069864273,0.6350135266780853,3
0.6,5,all_global,linear,b_rmse,1.6589583953221638,0.14742993764387125,1.5813884735107422,1.5679958820343018,1.8042198538780212,3
0.6,5,all_global,linear,b_reference_rmse,1.6508735815684001,0.1744936458996073,1.5843960046768188,1.5258902668952943,1.8223912000656128,3
0.6,5,all_global,linear,a_sharing_range,0.0,0.0,0.0,0.0,0.0,3
0.6,5,all_global,linear,a_sharing_std,0.0,0.0,0.0,0.0,0.0,3
0.6,5,all_global,linear,c_sharing_range,nan,nan,nan,nan,nan,0
0.6,5,all_global,linear,c_sharing_std,nan,nan,nan,nan,nan,0
0.6,5,all_global,linear,b_inferred_std,0.0,0.0,0.0,0.0,0.0,3
0.6,5,all_global,linear,global_parameter_rmse,0.05623815953731537,0.033001005868519506,0.03854043781757355,0.03612895756959915,0.08873576670885086,3
0.6,5,all_global,linear,total_log_likelihood,-24.155248641967773,1.1258233368874815,-23.666059494018555,-25.265229415893554,-23.387700271606445,3
0.6,5,all_global,linear,effective_k,2.0,0.0,2.0,2.0,2.0,3
0.6,5,all_global,linear,aic,52.31049728393555,2.251646673774963,51.33211898803711,50.77540054321289,54.53045883178711,3
0.6,5,all_global,linear,bic,51.52937316894531,2.251646673774963,50.550994873046875,49.994276428222655,53.749334716796874,3
0.6,5,all_global,linear,aic_weight,3.187640317400429e-05,5.2471533026337044e-05,2.2493488062950013e-06,1.0524089790866133e-06,8.343933542631846e-05,3
0.6,5,all_global,linear,bic_weight,2.6222079546778036e-05,4.316402595027356e-05,1.8503228274319891e-06,8.657154422312678e-07,6.863867335486702e-05,3
0.6,5,all_global,linear,selected_aic,0.0,0.0,0.0,0.0,0.0,3
0.6,5,all_global,linear,selected_bic,0.0,0.0,0.0,0.0,0.0,3
0.6,5,all_global,linear,mispenalized_aic_weight,nan,nan,nan,nan,nan,0
0.6,5,all_global,linear,mispenalized_bic_weight,nan,nan,nan,nan,nan,0
0.6,5,all_global,quadratic,a_error,0.07406530280907948,0.03189488686072147,0.06420719623565674,0.049857699871063234,0.10517358034849167,3
0.6,5,all_global,quadratic,a_reference_error,0.03352925181388855,0.03534717878199253,0.027664244174957275,0.00409969687461853,0.06706431210041046,3
0.6,5,all_global,quadratic,c_error,0.04611055056254069,0.03250040951379035,0.05092674493789673,0.01541638970375061,0.07343337535858153,3
0.6,5,all_global,quadratic,c_reference_error,0.07212660710016887,0.02268692253366264,0.07665932178497314,0.050429892539978025,0.0906504213809967,3
0.6,5,all_global,quadratic,b_rmse,1.692380666732788,0.1294894601229221,1.6231542825698853,1.6133123993873597,1.8199074029922486,3
0.6,5,all_global,quadratic,b_reference_rmse,1.6792713403701782,0.15922871621196455,1.6255356073379517,1.5610299825668335,1.8351277112960815,3
0.6,5,all_global,quadratic,a_sharing_range,0.0,0.0,0.0,0.0,0.0,3
0.6,5,all_global,quadratic,a_sharing_std,1.9868214925130207e-08,3.44127577060238e-08,0.0,0.0,5.364418029785156e-08,3
0.6,5,all_global,quadratic,c_sharing_range,0.0,0.0,0.0,0.0,0.0,3
0.6,5,all_global,quadratic,c_sharing_std,0.0,0.0,0.0,0.0,0.0,3
0.6,5,all_global,quadratic,b_inferred_std,0.0,0.0,0.0,0.0,0.0,3
0.6,5,all_global,quadratic,global_parameter_rmse,0.06597961857914925,0.014686885543632983,0.07031555473804474,0.05168317072093487,0.07724091112613678,3
0.6,5,all_global,quadratic,total_log_likelihood,-11.09090487162272,3.570101092506956,-9.661191940307617,-14.604969215393066,-8.57763957977295,3
0.6,5,all_global,quadratic,effective_k,3.0,0.0,3.0,3.0,3.0,3
0.6,5,all_global,quadratic,aic,28.18180974324544,7.140202185013912,25.322383880615234,23.1552791595459,35.20993843078613,3
0.6,5,all_global,quadratic,bic,27.01012420654297,7.1402032704549985,24.150697708129883,21.983592987060547,34.03825397491455,3
0.6,5,all_global,quadratic,aic_weight,0.999968123596826,5.2471533026410925e-05,0.9999977506511938,0.9999165606645736,0.9999989475910209,3
0.6,5,all_global,quadratic,bic_weight,0.9999737779204532,4.316402595031722e-05,0.9999981496771726,0.9999313613266451,0.9999991342845578,3
0.6,5,all_global,quadratic,selected_aic,1.0,0.0,1.0,1.0,1.0,3
0.6,5,all_global,quadratic,selected_bic,1.0,0.0,1.0,1.0,1.0,3
0.6,5,all_global,quadratic,mispenalized_aic_weight,nan,nan,nan,nan,nan,0
0.6,5,all_global,quadratic,mispenalized_bic_weight,nan,nan,nan,nan,nan,0
0.6,5,all_local,linear,a_error,0.1090192049741745,0.00803935474486854,0.11111274361610413,0.10123744681477546,0.1153354860842228,3
0.6,5,all_local,linear,a_reference_error,0.11483918627103169,0.011940968525719527,0.1209261417388916,0.10306578800082207,0.1223517157137394,3
0.6,5,all_local,linear,c_error,0.6000000238418579,0.0,0.6000000238418579,0.6000000238418579,0.6000000238418579,3
0.6,5,all_local,linear,c_reference_error,0.6260160803794861,0.00988996797657728,0.6257326006889343,0.617217069864273,0.6350135266780853,3
0.6,5,all_local,linear,b_rmse,0.3809182445208232,0.027207558769257623,0.38513994216918945,0.35517593920230867,0.40370536148548125,3
0.6,5,all_local,linear,b_reference_rmse,0.41896360119183856,0.003765702621732833,0.4203401207923889,0.4152669906616211,0.42169664800167084,3
0.6,5,all_local,linear,a_sharing_range,0.320896844069163,0.022632524421753224,0.3078961968421936,0.30777705311775205,0.3431170880794525,3
0.6,5,all_local,linear,a_sharing_std,0.10851093629995982,0.008792325198932773,0.11099712550640106,0.09996861293911934,0.11531292721629142,3
0.6,5,all_local,linear,c_sharing_range,nan,nan,nan,nan,nan,0
0.6,5,all_local,linear,c_sharing_std,nan,nan,nan,nan,nan,0
0.6,5,all_local,linear,b_inferred_std,1.6401749849319458,0.13405174246765447,1.5803675651550293,1.549830400943756,1.772384762763977,3
0.6,5,all_local,linear,global_parameter_rmse,0.1090192049741745,0.00803935474486854,0.11111274361610413,0.10123744681477546,0.1153354860842228,3
0.6,5,all_local,linear,total_log_likelihood,-19.46666081746419,1.1071591450061156,-19.097469329833984,-20.54986705780029,-18.64188861846924,3
0.6,5,all_local,linear,effective_k,10.0,0.0,10.0,10.0,10.0,3
0.6,5,all_local,linear,aic,58.93332163492838,2.214318290012231,58.19493865966797,57.28377723693848,61.09973411560058,3
0.6,5,all_local,linear,bic,55.02770105997721,2.214318290012231,54.2893180847168,53.378156661987305,57.19411354064941,3
0.6,5,all_local,linear,aic_weight,1.0647160863757715e-07,1.1416695223765668e-07,4.7931598318426545e-08,3.489675595670622e-08,2.190244685418535e-07,3
0.6,5,all_local,linear,bic_weight,4.010391678604457e-08,4.30024916215095e-08,1.8054029340238858e-08,1.3144316270399018e-08,8.249843851375411e-08,3
0.6,5,all_local,linear,selected_aic,0.0,0.0,0.0,0.0,0.0,3
0.6,5,all_local,linear,selected_bic,0.0,0.0,0.0,0.0,0.0,3
0.6,5,all_local,linear,mispenalized_aic_weight,nan,nan,nan,nan,nan,0
0.6,5,all_local,linear,mispenalized_bic_weight,nan,nan,nan,nan,nan,0
0.6,5,all_local,quadratic,a_error,0.10302383949359258,0.019008155810738912,0.09673761576414108,0.08883332684636117,0.12161470875144005,3
0.6,5,all_local,quadratic,a_reference_error,0.09653768688440323,0.014670593325699177,0.09084291011095047,0.08609575554728507,0.1109659619629383,3
0.6,5,all_local,quadratic,c_error,0.17470805843671164,0.04304244656347447,0.1807369440793991,0.13414580672979354,0.21105009019374849,3
0.6,5,all_local,quadratic,c_reference_error,0.17768778403600058,0.04324721084516581,0.18708744645118713,0.1361711397767067,0.21262466460466384,3
0.6,5,all_local,quadratic,b_rmse,0.13662960131963095,0.04313061168347233,0.14509864151477814,0.0954132542014122,0.17191762030124663,3
0.6,5,all_local,quadratic,b_reference_rmse,0.037526498238245644,0.005682161272125984,0.03661962226033211,0.0327790442854166,0.042908765375614166,3
0.6,5,all_local,quadratic,a_sharing_range,0.2710239291191101,0.03793972013552545,0.25630927085876465,0.24401203989982606,0.308336079120636,3
0.6,5,all_local,quadratic,a_sharing_std,0.09545300900936127,0.014902859947628695,0.09078855067491531,0.0841751217842102,0.1099960170686245,3
0.6,5,all_local,quadratic,c_sharing_range,0.4728210171063741,0.15795395357595837,0.4748798906803131,0.3299509108066559,0.614249911904335,3
0.6,5,all_local,quadratic,c_sharing_std,0.17070749898751578,0.0426332699411855,0.16916006803512573,0.13289811760187148,0.20960008203983307,3
0.6,5,all_local,quadratic,b_inferred_std,1.6280714273452759,0.17743823285431687,1.5578184127807617,1.5026466608047486,1.802673304080963,3
0.6,5,all_local,quadratic,global_parameter_rmse,0.14353918780883154,0.032470699952460366,0.14495518803596497,0.11384080573916436,0.1722463697195053,3
0.6,5,all_local,quadratic,total_log_likelihood,1.9725391070048015,1.4284786353720342,1.153378963470459,1.1433599472045899,3.3751303672790525,3
0.6,5,all_local,quadratic,effective_k,15.0,0.0,15.0,15.0,15.0,3
0.6,5,all_local,quadratic,aic,26.054921468098957,2.8569578250601975,27.693241119384766,23.24973831176758,27.713280868530273,3
0.6,5,all_local,quadratic,bic,20.196491241455078,2.856956716428256,21.83481216430664,17.391309356689455,21.85484848022461,3
0.6,5,all_local,quadratic,aic_weight,0.9999998935283912,1.1416695218442781e-07,0.9999999520684016,0.9999997809755314,0.999999965103244,3
0.6,5,all_local,quadratic,bic_weight,0.9999999598960833,4.3002491696250916e-08,0.9999999819459707,0.9999999175015615,0.9999999868556838,3
0.6,5,all_local,quadratic,selected_aic,1.0,0.0,1.0,1.0,1.0,3
0.6,5,all_local,quadratic,selected_bic,1.0,0.0,1.0,1.0,1.0,3
0.6,5,all_local,quadratic,mispenalized_aic_weight,nan,nan,nan,nan,nan,0
0.6,5,all_local,quadratic,mispenalized_bic_weight,nan,nan,nan,nan,nan,0
0.6,5,correct,linear,a_error,0.006534089644749959,0.00349361531612196,0.006686121225357056,0.003338858485221863,0.009622898697853087,3
0.6,5,correct,linear,a_reference_error,0.04063476622104645,0.01397490713788716,0.033576011657714844,0.0317950651049614,0.05441559553146362,3
0.6,5,correct,linear,c_error,0.6000000238418579,0.0,0.6000000238418579,0.6000000238418579,0.6000000238418579,3
0.6,5,correct,linear,c_reference_error,0.6260160803794861,0.00988996797657728,0.6257326006889343,0.617217069864273,0.6350135266780853,3
0.6,5,correct,linear,b_rmse,0.379580279191335,0.02572378011674752,0.38288193941116333,0.3554167628288269,0.4014326333999634,3
0.6,5,correct,linear,b_reference_rmse,0.4178955654303233,0.0046364568947160146,0.41947799921035767,0.41335534751415254,0.42132807970047,3
0.6,5,correct,linear,a_sharing_range,0.0,0.0,0.0,0.0,0.0,3
0.6,5,correct,linear,a_sharing_std,0.0,0.0,0.0,0.0,0.0,3
0.6,5,correct,linear,c_sharing_range,nan,nan,nan,nan,nan,0
0.6,5,correct,linear,c_sharing_std,nan,nan,nan,nan,nan,0
0.6,5,correct,linear,b_inferred_std,1.6429544687271118,0.13766135010687205,1.5803179740905762,1.551006257534027,1.7787482261657714,3
0.6,5,correct,linear,global_parameter_rmse,0.006534089644749959,0.00349361531612196,0.006686121225357056,0.003338858485221863,0.009622898697853087,3
0.6,5,correct,linear,total_log_likelihood,-20.029652277628582,1.1298839661743783,-19.550519943237305,-21.14318904876709,-19.251508140563963,3
0.6,5,correct,linear,effective_k,6.0,0.0,6.0,6.0,6.0,3
0.6,5,correct,linear,aic,52.059304555257164,2.2597679323487565,51.10103988647461,50.50301628112793,54.28637809753418,3
0.6,5,correct,linear,bic,49.71593221028646,2.2597679323487565,48.757667541503906,48.159643936157224,51.94300575256348,3
0.6,5,correct,linear,aic_weight,1.0288611023134805e-07,1.2735075724123906e-07,4.7659387340884874e-08,1.5989830907911195e-08,2.284410955781091e-07,3
0.6,5,correct,linear,bic_weight,8.463440117102143e-08,1.0475906995313079e-07,3.9204758105453175e-08,1.3153288259538159e-08,1.879162642284025e-07,3
0.6,5,correct,linear,selected_aic,0.0,0.0,0.0,0.0,0.0,3
0.6,5,correct,linear,selected_bic,0.0,0.0,0.0,0.0,0.0,3
0.6,5,correct,linear,mispenalized_aic_weight,nan,nan,nan,nan,nan,0
0.6,5,correct,linear,mispenalized_bic_weight,nan,nan,nan,nan,nan,0
0.6,5,correct,quadratic,a_error,0.023410951097806294,0.017668985883751237,0.029189646244049072,0.0061375081539154054,0.03663930743932724,3
0.6,5,correct,quadratic,a_reference_error,0.017125100052605074,0.02282176629183818,0.007353306282311678,0.0014699608553200962,0.03962049488909542,3
0.6,5,correct,quadratic,c_error,0.01946785052617391,0.012744904476030475,0.026683449745178223,0.0069453418254852295,0.02693943977355957,3
0.6,5,correct,quadratic,c_reference_error,0.024526795372366905,0.017214935904101586,0.020980359986424446,0.01052317637950182,0.04101291913539171,3
0.6,5,correct,quadratic,b_rmse,0.06774139776825905,0.02493542187182662,0.06618113815784454,0.04587858282029629,0.09069639444351196,3
0.6,5,correct,quadratic,b_reference_rmse,0.089194156229496,0.024769360094675445,0.08651047199964523,0.0679393731057644,0.11232751831412315,3
0.6,5,correct,quadratic,a_sharing_range,0.0,0.0,0.0,0.0,0.0,3
0.6,5,correct,quadratic,a_sharing_std,0.0,0.0,0.0,0.0,0.0,3
0.6,5,correct,quadratic,c_sharing_range,0.0,0.0,0.0,0.0,0.0,3
0.6,5,correct,quadratic,c_sharing_std,0.0,0.0,0.0,0.0,0.0,3
0.6,5,correct,quadratic,b_inferred_std,1.6605160633722942,0.14023299622321475,1.5890276432037354,1.5722930192947389,1.7987810015678405,3
0.6,5,correct,quadratic,global_parameter_rmse,0.021610500290989876,0.015234650973749733,0.02810073085129261,0.006595025397837162,0.032082813791930676,3
0.6,5,correct,quadratic,total_log_likelihood,-2.2740662892659507,0.6729293323767187,-2.1202917098999023,-2.921545648574829,-1.7342291355133057,3
0.6,5,correct,quadratic,effective_k,7.0,0.0,7.0,7.0,7.0,3
0.6,5,correct,quadratic,aic,18.548133214314777,1.345858773718083,18.240583419799805,17.468459129333496,19.843092155456542,3
0.6,5,correct,quadratic,bic,15.814197858174643,1.3458581428648015,15.506649017333984,14.73452386856079,17.10915603637695,3
0.6,5,correct,quadratic,aic_weight,0.9999998971138897,1.2735075723718564e-07,0.9999999523406127,0.9999997715589045,0.9999999840101691,3
0.6,5,correct,quadratic,bic_weight,0.9999999153655988,1.0475906995849002e-07,0.9999999607952419,0.9999998120837358,0.9999999868467118,3
0.6,5,correct,quadratic,selected_aic,1.0,0.0,1.0,1.0,1.0,3
0.6,5,correct,quadratic,selected_bic,1.0,0.0,1.0,1.0,1.0,3
0.6,5,correct,quadratic,mispenalized_aic_weight,nan,nan,nan,nan,nan,0
0.6,5,correct,quadratic,mispenalized_bic_weight,nan,nan,nan,nan,nan,0
0.6,5,curvature_local,linear,a_error,0.011129076282183329,0.00844308324239137,0.006907463073730469,0.005757224559783935,0.019456057250499724,3
0.6,5,curvature_local,linear,a_reference_error,0.034011950716376305,0.0183257148842282,0.03091353364288807,0.01878101546317339,0.05141177792102098,3
0.6,5,curvature_local,linear,c_error,0.6000000238418579,0.0,0.6000000238418579,0.6000000238418579,0.6000000238418579,3
0.6,5,curvature_local,linear,c_reference_error,0.6260160803794861,0.00988996797657728,0.6257326006889343,0.617217069864273,0.6350135266780853,3
0.6,5,curvature_local,linear,b_rmse,0.37984127799669903,0.025546178774264936,0.3829045593738556,0.3559018760919571,0.4016363829374313,3
0.6,5,curvature_local,linear,b_reference_rmse,0.4182334045569102,0.004820736482143869,0.4194824993610382,0.4135682016611099,0.42202424108982084,3
0.6,5,curvature_local,linear,a_sharing_range,0.0,0.0,0.0,0.0,0.0,3
0.6,5,curvature_local,linear,a_sharing_std,0.0,0.0,0.0,0.0,0.0,3
0.6,5,curvature_local,linear,c_sharing_range,nan,nan,nan,nan,nan,0
0.6,5,curvature_local,linear,c_sharing_std,nan,nan,nan,nan,nan,0
0.6,5,curvature_local,linear,b_inferred_std,1.6431623697280884,0.13750406166666365,1.5805447101593018,1.5513553023338318,1.7788017988204956,3
0.6,5,curvature_local,linear,global_parameter_rmse,0.011129076282183329,0.00844308324239137,0.006907463073730469,0.005757224559783935,0.019456057250499724,3
0.6,5,curvature_local,linear,total_log_likelihood,-19.944403966267902,1.1830427724799444,-19.52741241455078,-21.104271507263185,-19.07643051147461,3
0.6,5,curvature_local,linear,effective_k,6.0,0.0,6.0,6.0,6.0,3
0.6,5,curvature_local,linear,aic,51.888807932535805,2.3660855449598888,51.05482482910156,50.15286102294922,54.20854301452637,3
0.6,5,curvature_local,linear,bic,49.5454355875651,2.3660855449598888,48.71145248413086,47.809488677978514,51.86517066955567,3
0.6,5,curvature_local,linear,aic_weight,2.6646460195977804e-07,1.890167501462913e-07,1.8761628564896012e-07,1.3543529582962968e-07,4.526877295074989e-07,3
0.6,5,curvature_local,linear,bic_weight,1.0036739098743808e-07,7.119566684455092e-08,7.066813543069399e-08,5.1013458480554946e-08,1.7051080238404207e-07,3
0.6,5,curvature_local,linear,selected_aic,0.0,0.0,0.0,0.0,0.0,3
0.6,5,curvature_local,linear,selected_bic,0.0,0.0,0.0,0.0,0.0,3
0.6,5,curvature_local,linear,mispenalized_aic_weight,4.880473458225998e-09,3.4619663335949313e-09,3.4363144090539516e-09,2.4805854892845214e-09,8.291272761587905e-09,3
0.6,5,curvature_local,linear,mispenalized_bic_weight,4.014694310730584e-09,2.8478254568532653e-09,2.826724091105714e-09,2.040538183291653e-09,6.820429591906923e-09,3
0.6,5,curvature_local,quadratic,a_error,0.02360740800698598,0.01944124586255648,0.0235176682472229,0.006141835451126098,0.04113579839468002,3
0.6,5,curvature_local,quadratic,a_reference_error,0.020135353008906048,0.019859038081699542,0.013025283813476562,0.005631586909294129,0.039616167545318604,3
0.6,5,curvature_local,quadratic,c_error,0.17247540752092996,0.042900772428858355,0.17320597171783447,0.1336132138967514,0.21082620620727538,3
0.6,5,curvature_local,quadratic,c_reference_error,0.1761114994684855,0.04168744701312241,0.17958766222000122,0.13747409731149673,0.2123155876994133,3
0.6,5,curvature_local,quadratic,b_rmse,0.13445083300272623,0.03984174437051634,0.1408499926328659,0.09670213311910629,0.16772012114524842,3
0.6,5,curvature_local,quadratic,b_reference_rmse,0.033697204664349556,0.014046807374120394,0.03811771795153618,0.019986462779343128,0.04431358724832535,3
0.6,5,curvature_local,quadratic,a_sharing_range,0.0,0.0,0.0,0.0,0.0,3
0.6,5,curvature_local,quadratic,a_sharing_std,0.0,0.0,0.0,0.0,0.0,3
0.6,5,curvature_local,quadratic,c_sharing_range,0.4552278518676758,0.13889888343718512,0.45003482699394226,0.33210195899009703,0.581988862156868,3
0.6,5,curvature_local,quadratic,c_sharing_std,0.1686143030722936,0.04314533778886628,0.16209006309509277,0.1324013888835907,0.20939418524503708,3
0.6,5,curvature_local,quadratic,b_inferred_std,1.6320693095525105,0.17324421228827322,1.5558863878250122,1.5145627737045289,1.8029038906097412,3
0.6,5,curvature_local,quadratic,global_parameter_rmse,0.12335717678070068,0.03182037131584492,0.12359892576932907,0.09463485032320022,0.15191027894616127,3
0.6,5,curvature_local,quadratic,total_log_likelihood,0.3530694643656413,1.3431993400473632,0.01761770248413086,-0.7097887992858887,1.6507439613342283,3
0.6,5,curvature_local,quadratic,effective_k,11.0,0.0,11.0,11.0,11.0,3
0.6,5,curvature_local,quadratic,aic,21.293860117594402,2.6863986800947264,21.964763641357422,18.698511123657227,23.41957664489746,3
0.6,5,curvature_local,quadratic,bic,16.997679074605305,2.686399205188469,17.668582916259766,14.402329540252685,19.123395919799805,3
0.6,5,curvature_local,quadratic,aic_weight,0.9999997335353981,1.890167500865294e-07,0.9999998123837143,0.9999995473122706,0.9999998645647042,3
0.6,5,curvature_local,quadratic,bic_weight,0.999999899632609,7.119566680655354e-08,0.9999999293318645,0.9999998294891976,0.9999999489865414,3
0.6,5,curvature_local,quadratic,selected_aic,1.0,0.0,1.0,1.0,1.0,3
0.6,5,curvature_local,quadratic,selected_bic,1.0,0.0,1.0,1.0,1.0,3
0.6,5,curvature_local,quadratic,mispenalized_aic_weight,0.9999999951195266,3.4619663131548794e-09,0.9999999965636857,0.9999999917087273,0.9999999975194146,3
0.6,5,curvature_local,quadratic,mispenalized_bic_weight,0.9999999959853056,2.8478253751025864e-09,0.9999999971732758,0.9999999931795704,0.9999999979594617,3
0.6,10,all_global,linear,a_error,0.05247315609206756,0.04286379864194958,0.05404221639037132,0.0133659559302032,0.09048201404511928,3
0.6,10,all_global,linear,a_reference_error,0.03243835767110189,0.022347008183027237,0.042743802070617676,0.010392713546752929,0.04727019071578979,3
0.6,10,all_global,linear,c_error,0.6000000238418579,0.0,0.6000000238418579,0.6000000238418579,0.6000000238418579,3
0.6,10,all_global,linear,c_reference_error,0.6076230804125468,0.02524748665959614,0.6172115802764893,0.5828085482120514,0.6257256627082824,3
0.6,10,all_global,linear,b_rmse,1.4811491171518962,0.2256375209396612,1.405077338218689,1.3135491013526917,1.7019993782043457,3
0.6,10,all_global,linear,b_reference_rmse,1.465410550435384,0.21642359573527686,1.4203780889511108,1.289579200744629,1.6727646231651305,3
0.6,10,all_global,linear,a_sharing_range,0.0,0.0,0.0,0.0,0.0,3
0.6,10,all_global,linear,a_sharing_std,1.9868214925130207e-08,3.44127577060238e-08,0.0,0.0,5.364418029785156e-08,3
0.6,10,all_global,linear,c_sharing_range,nan,nan,nan,nan,nan,0
0.6,10,all_global,linear,c_sharing_std,nan,nan,nan,nan,nan,0
0.6,10,all_global,linear,b_inferred_std,1.9868214925130207e-08,1.72063788530119e-08,2.9802322387695312e-08,2.9802322387695314e-09,2.9802322387695312e-08,3
0.6,10,all_global,linear,global_parameter_rmse,0.05247315609206756,0.04286379864194958,0.05404221639037132,0.0133659559302032,0.09048201404511928,3
0.6,10,all_global,linear,total_log_likelihood,-47.11437098185221,1.8435810828185226,-46.84830093383789,-48.853707504272464,-45.56128349304199,3
0.6,10,all_global,linear,effective_k,2.0,0.0,2.0,2.0,2.0,3
0.6,10,all_global,linear,aic,98.22874196370442,3.6871621656370452,97.69660186767578,95.12256698608398,101.70741500854493,3
0.6,10,all_global,linear,bic,98.8339131673177,3.6871621656370452,98.30177307128906,95.72773818969726,102.31258621215821,3
0.6,10,all_global,linear,aic_weight,9.66074237874886e-11,1.6727903315331614e-10,5.691545072209953e-14,6.362229528503236e-15,2.6079384118118525e-10,3
0.6,10,all_global,linear,bic_weight,1.123870132070075e-10,1.9460192779471288e-10,6.621186303835687e-14,7.401417760295948e-15,3.0339118593703307e-10,3
0.6,10,all_global,linear,selected_aic,0.0,0.0,0.0,0.0,0.0,3
0.6,10,all_global,linear,selected_bic,0.0,0.0,0.0,0.0,0.0,3
0.6,10,all_global,linear,mispenalized_aic_weight,nan,nan,nan,nan,nan,0
0.6,10,all_global,linear,mispenalized_bic_weight,nan,nan,nan,nan,nan,0
0.6,10,all_global,quadratic,a_error,0.061484123269716896,0.013056630998654797,0.05416440963745117,0.05377292782068253,0.07431911826133727,3
0.6,10,all_global,quadratic,a_reference_error,0.04734690487384796,0.051492756611501926,0.029800772666931152,0.009208381175994873,0.0977677211165428,3
0.6,10,all_global,quadratic,c_error,0.023294627976914246,0.013537180533063511,0.0201299786567688,0.012471092585474252,0.03633341789245605,3
0.6,10,all_global,quadratic,c_reference_error,0.030917704105377197,0.011958808191480545,0.037341535091400146,0.019141942262649536,0.03819678425788879,3
0.6,10,all_global,quadratic,b_rmse,1.500666340192159,0.2520113184757275,1.4072046279907227,1.3185843348503112,1.748171544075012,3
0.6,10,all_global,quadratic,b_reference_rmse,1.4826016028722127,0.23257963773816243,1.4166959524154663,1.3027477741241456,1.7085893869400024,3
0.6,10,all_global,quadratic,a_sharing_range,0.0,0.0,0.0,0.0,0.0,3
0.6,10,all_global,quadratic,a_sharing_std,1.9868214925130207e-08,3.44127577060238e-08,0.0,0.0,5.364418029785156e-08,3
0.6,10,all_global,quadratic,c_sharing_range,0.0,0.0,0.0,0.0,0.0,3
0.6,10,all_global,quadratic,c_sharing_std,1.9868214925130207e-08,3.44127577060238e-08,0.0,0.0,5.364418029785156e-08,3
0.6,10,all_global,quadratic,b_inferred_std,2.483526865641276e-08,3.101924060979683e-08,1.4901161193847656e-08,1.4901161193847657e-09,5.5134296417236324e-08,3
0.6,10,all_global,quadratic,global_parameter_rmse,0.04738880321383476,0.007107773385314268,0.04683999344706535,0.04119820818305016,0.05396356508135795,3
0.6,10,all_global,quadratic,total_log_likelihood,-17.01702626546224,5.741139629222603,-17.579320907592773,-21.96862850189209,-11.671817779541016,3
0.6,10,all_global,quadratic,effective_k,3.0,0.0,3.0,3.0,3.0,3
0.6,10,all_global,quadratic,aic,40.03405253092448,11.482279258445207,41.15864181518555,29.34363555908203,49.937257003784175,3
0.6,10,all_global,quadratic,bic,40.94180870056152,11.482280255384843,42.06639862060547,30.251390647888183,50.8450138092041,3
0.6,10,all_global,quadratic,aic_weight,0.9999999999033925,1.6727910333561726e-10,0.9999999999999432,0.9999999997392062,0.9999999999999937,3
0.6,10,all_global,quadratic,bic_weight,0.999999999887613,1.946019036367289e-10,0.9999999999999338,0.9999999996966089,0.9999999999999926,3
0.6,10,all_global,quadratic,selected_aic,1.0,0.0,1.0,1.0,1.0,3
0.6,10,all_global,quadratic,selected_bic,1.0,0.0,1.0,1.0,1.0,3
0.6,10,all_global,quadratic,mispenalized_aic_weight,nan,nan,nan,nan,nan,0
0.6,10,all_global,quadratic,mispenalized_bic_weight,nan,nan,nan,nan,nan,0
0.6,10,all_local,linear,a_error,0.11589780449867249,0.021567361687839508,0.11747598648071289,0.09597382992506027,0.13471705168485643,3
0.6,10,all_local,linear,a_reference_error,0.11234704653422038,0.010092681071844025,0.11608019471168518,0.10243567675352097,0.11964521259069442,3
0.6,10,all_local,linear,c_error,0.6000000238418579,0.0,0.6000000238418579,0.6000000238418579,0.6000000238418579,3
0.6,10,all_local,linear,c_reference_error,0.6076230804125468,0.02524748665959614,0.6172115802764893,0.5828085482120514,0.6257256627082824,3
0.6,10,all_local,linear,b_rmse,0.3967448075612386,0.03422450927159607,0.40131720900535583,0.3645492732524872,0.42573966085910797,3
0.6,10,all_local,linear,b_reference_rmse,0.41655226548512775,0.014503688713426489,0.4218609035015106,0.40231406390666963,0.4270744204521179,3
0.6,10,all_local,linear,a_sharing_range,0.36267997821172077,0.04313994115647976,0.34695494174957275,0.3313430905342102,0.405024391412735,3
0.6,10,all_local,linear,a_sharing_std,0.10886600365241368,0.013770756679872423,0.11436294764280319,0.09531250447034836,0.11857164204120636,3
0.6,10,all_local,linear,c_sharing_range,nan,nan,nan,nan,nan,0
0.6,10,all_local,linear,c_sharing_std,nan,nan,nan,nan,nan,0
0.6,10,all_local,linear,b_inferred_std,1.463424563407898,0.2226220013177806,1.3719255924224854,1.308211326599121,1.6826870799064635,3
0.6,10,all_local,linear,global_parameter_rmse,0.11589780449867249,0.021567361687839508,0.11747598648071289,0.09597382992506027,0.13471705168485643,3
0.6,10,all_local,linear,total_log_likelihood,-37.59818776448568,1.5768768307219758,-37.528968811035156,-39.0405776977539,-36.20425109863281,3
0.6,10,all_local,linear,effective_k,20.0,0.0,20.0,20.0,20.0,3
0.6,10,all_local,linear,aic,115.19637552897136,3.1537536614439516,115.05793762207031,112.40850219726562,118.0811553955078,3
0.6,10,all_local,linear,bic,121.24807993570964,3.1537536614439516,121.1096420288086,118.4602066040039,124.13285980224609,3
0.6,10,all_local,linear,aic_weight,5.59181481527359e-15,4.816735733571497e-15,3.8053451811157415e-15,2.111723705969245e-15,1.0322434668488428e-14,3
0.6,10,all_local,linear,bic_weight,2.538676772850546e-14,2.1867918612713732e-14,1.7276218442696733e-14,9.58719861104667e-15,4.6863721346030366e-14,3
0.6,10,all_local,linear,selected_aic,0.0,0.0,0.0,0.0,0.0,3
0.6,10,all_local,linear,selected_bic,0.0,0.0,0.0,0.0,0.0,3
0.6,10,all_local,linear,mispenalized_aic_weight,nan,nan,nan,nan,nan,0
0.6,10,all_local,linear,mispenalized_bic_weight,nan,nan,nan,nan,nan,0
0.6,10,all_local,quadratic,a_error,0.10799559950828552,0.024977232246982208,0.1034049466252327,0.08740940541028977,0.13179525062441827,3
0.6,10,all_local,quadratic,a_reference_error,0.10213840007781982,0.028079559035470242,0.09085936099290848,0.08239282071590423,0.12977930679917335,3
0.6,10,all_local,quadratic,c_error,0.16561955213546753,0.025175296128000995,0.168824702501297,0.14197812378406524,0.18701737523078918,3
0.6,10,all_local,quadratic,c_reference_error,0.16902273893356323,0.020692190644370473,0.16425806283950806,0.15244144350290298,0.18893930763006211,3
0.6,10,all_local,quadratic,b_rmse,0.12476324041684468,0.012168887603138664,0.12989984452724457,0.11277143210172653,0.13315942585468293,3
0.6,10,all_local,quadratic,b_reference_rmse,0.03398343424002329,0.003305857299805472,0.032466333359479904,0.031784214079380035,0.03724462501704693,3
0.6,10,all_local,quadratic,a_sharing_range,0.307779202858607,0.10109999497759002,0.2567906975746155,0.24377297163009642,0.4074773877859115,3
0.6,10,all_local,quadratic,a_sharing_std,0.10088371982177098,0.02751398496912419,0.09081974625587463,0.08091875389218331,0.1278934672474861,3
0.6,10,all_local,quadratic,c_sharing_range,0.5708802342414856,0.08440751978832557,0.6094158887863159,0.4876158654689789,0.6271696448326111,3
0.6,10,all_local,quadratic,c_sharing_std,0.15959450602531433,0.029725563474946304,0.1622375249862671,0.13199587315320968,0.18534302562475205,3
0.6,10,all_local,quadratic,b_inferred_std,1.4416863520940144,0.21651084137875076,1.3913400173187256,1.2684399127960204,1.6501752257347106,3
0.6,10,all_local,quadratic,global_parameter_rmse,0.14019710570573807,0.021578939647117653,0.13385559618473053,0.12363508567214013,0.1611981824040413,3
0.6,10,all_local,quadratic,total_log_likelihood,5.476357777913411,1.4457597464896963,4.6760735511779785,4.614527797698974,6.898386716842651,3
0.6,10,all_local,quadratic,effective_k,30.0,0.0,30.0,30.0,30.0,3
0.6,10,all_local,quadratic,aic,49.04728571573893,2.8915189425292724,50.64785385131836,46.2032283782959,50.770945358276364,3
0.6,10,all_local,quadratic,bic,58.124838511149086,2.8915189425292724,59.725406646728516,55.28078117370605,59.84849815368652,3
0.6,10,all_local,quadratic,aic_weight,0.9999999999999943,4.825959555517013e-15,0.9999999999999962,0.9999999999999897,0.9999999999999978,3
0.6,10,all_local,quadratic,bic_weight,0.9999999999999746,2.1905322059448168e-14,0.9999999999999827,0.9999999999999531,0.9999999999999905,3
0.6,10,all_local,quadratic,selected_aic,1.0,0.0,1.0,1.0,1.0,3
0.6,10,all_local,quadratic,selected_bic,1.0,0.0,1.0,1.0,1.0,3
0.6,10,all_local,quadratic,mispenalized_aic_weight,nan,nan,nan,nan,nan,0
0.6,10,all_local,quadratic,mispenalized_bic_weight,nan,nan,nan,nan,nan,0
0.6,10,correct,linear,a_error,0.0390357943251729,0.029005961311186167,0.034512221813201904,0.014752869959920645,0.06648521944880485,3
0.6,10,correct,linear,a_reference_error,0.021793271104494732,0.011588635019203248,0.018447592854499817,0.012865741550922394,0.033062775433063504,3
0.6,10,correct,linear,c_error,0.6000000238418579,0.0,0.6000000238418579,0.6000000238418579,0.6000000238418579,3
0.6,10,correct,linear,c_reference_error,0.6076230804125468,0.02524748665959614,0.6172115802764893,0.5828085482120514,0.6257256627082824,3
0.6,10,correct,linear,b_rmse,0.39454302191734314,0.03434705349827474,0.39954641461372375,0.36212646067142484,0.42345720827579497,3
0.6,10,correct,linear,b_reference_rmse,0.4140668908754985,0.01458960521294379,0.41770970821380615,0.3999719113111496,0.4256118983030319,3
0.6,10,correct,linear,a_sharing_range,0.0,0.0,0.0,0.0,0.0,3
0.6,10,correct,linear,a_sharing_std,0.0,0.0,0.0,0.0,0.0,3
0.6,10,correct,linear,c_sharing_range,nan,nan,nan,nan,nan,0
0.6,10,correct,linear,c_sharing_std,nan,nan,nan,nan,nan,0
0.6,10,correct,linear,b_inferred_std,1.4662590424219768,0.22170248730636585,1.3782687187194824,1.309679913520813,1.6844313979148864,3
0.6,10,correct,linear,global_parameter_rmse,0.0390357943251729,0.029005961311186167,0.034512221813201904,0.014752869959920645,0.06648521944880485,3
0.6,10,correct,linear,total_log_likelihood,-38.605536142985024,1.0392455582830513,-38.19539260864258,-39.6280818939209,-37.870090866088866,3
0.6,10,correct,linear,effective_k,11.0,0.0,11.0,11.0,11.0,3
0.6,10,correct,linear,aic,99.21107228597005,2.0784911165661026,98.39078521728516,97.74018173217773,101.2561637878418,3
0.6,10,correct,linear,bic,102.53951009114583,2.0784911165661026,101.71922302246094,101.06861953735351,104.58460159301758,3
0.6,10,correct,linear,aic_weight,5.3216391250604185e-15,9.049903617191092e-15,1.8317097988711666e-16,2.790514302725613e-17,1.421230080871489e-14,3
0.6,10,correct,linear,bic_weight,6.190849205846408e-15,1.0528069703838331e-14,2.1308941794840524e-16,3.246306095599612e-17,1.653366720226542e-14,3
0.6,10,correct,linear,selected_aic,0.0,0.0,0.0,0.0,0.0,3
0.6,10,correct,linear,selected_bic,0.0,0.0,0.0,0.0,0.0,3
0.6,10,correct,linear,mispenalized_aic_weight,nan,nan,nan,nan,nan,0
0.6,10,correct,linear,mispenalized_bic_weight,nan,nan,nan,nan,nan,0
0.6,10,correct,quadratic,a_error,0.04167861491441727,0.0075697712933326475,0.03908887505531311,0.036078118905425074,0.04909192882478237,3
0.6,10,correct,quadratic,a_reference_error,0.009149134159088135,0.004964667249570403,0.01150047779083252,0.004251110553741455,0.012401217222213745,3
0.6,10,correct,quadratic,c_error,0.036518355210622154,0.03053941266517748,0.05030226707458496,0.00639520287513733,0.05699276924133301,3
0.6,10,correct,quadratic,c_reference_error,0.043130338191986084,0.03113807415045129,0.03672212362289429,0.017797636985778808,0.07294878959655761,3
0.6,10,correct,quadratic,b_rmse,0.0734207754333814,0.019328178257865904,0.08047178387641907,0.054448509216308595,0.08745733574032784,3
0.6,10,correct,quadratic,b_reference_rmse,0.08390629788239796,0.015319499131167851,0.07939085364341736,0.07215590998530388,0.09881749674677849,3
0.6,10,correct,quadratic,a_sharing_range,0.0,0.0,0.0,0.0,0.0,3
0.6,10,correct,quadratic,a_sharing_std,3.9736429850260414e-08,6.88255154120476e-08,0.0,0.0,1.0728836059570311e-07,3
0.6,10,correct,quadratic,c_sharing_range,0.0,0.0,0.0,0.0,0.0,3
0.6,10,correct,quadratic,c_sharing_std,0.0,0.0,0.0,0.0,0.0,3
0.6,10,correct,quadratic,b_inferred_std,1.4751345713933308,0.23127027017401136,1.389910340309143,1.3077037453651428,1.7022223591804504,3
0.6,10,correct,quadratic,global_parameter_rmse,0.04197654376427332,0.012448138916932755,0.04801597818732262,0.029696322977542877,0.05002916045486927,3
0.6,10,correct,quadratic,total_log_likelihood,-1.9064146677652996,2.796369579911808,-0.9592809677124023,-4.6439409255981445,0.16811800003051747,3
0.6,10,correct,quadratic,effective_k,12.0,0.0,12.0,12.0,12.0,3
0.6,10,correct,quadratic,aic,27.812829971313477,5.592740233054113,25.918561935424805,23.663763999938965,33.287883567810056,3
0.6,10,correct,quadratic,bic,31.443850835164387,5.592739159823616,29.549583435058594,27.294785499572754,36.91890335083008,3
0.6,10,correct,quadratic,aic_weight,0.9999999999999947,9.038606501942157e-15,0.9999999999999998,0.9999999999999858,1.0,3
0.6,10,correct,quadratic,bic_weight,0.9999999999999938,1.0576877475023275e-14,0.9999999999999998,0.9999999999999833,1.0,3
0.6,10,correct,quadratic,selected_aic,1.0,0.0,1.0,1.0,1.0,3
0.6,10,correct,quadratic,selected_bic,1.0,0.0,1.0,1.0,1.0,3
0.6,10,correct,quadratic,mispenalized_aic_weight,nan,nan,nan,nan,nan,0
0.6,10,correct,quadratic,mispenalized_bic_weight,nan,nan,nan,nan,nan,0
0.6,10,curvature_local,linear,a_error,0.03993012507756551,0.03286600257247852,0.029633164405822754,0.015064263343811035,0.0720038592815399,3
0.6,10,curvature_local,linear,a_reference_error,0.02534823554257552,0.00833930326032457,0.0251215398311615,0.017924286238849164,0.032930871844291686,3
0.6,10,curvature_local,linear,c_error,0.6000000238418579,0.0,0.6000000238418579,0.6000000238418579,0.6000000238418579,3
0.6,10,curvature_local,linear,c_reference_error,0.6076230804125468,0.02524748665959614,0.6172115802764893,0.5828085482120514,0.6257256627082824,3
0.6,10,curvature_local,linear,b_rmse,0.39440906047821045,0.03459623694644334,0.3996119201183319,0.36171665191650393,0.423459467291832,3
0.6,10,curvature_local,linear,b_reference_rmse,0.41394294301668805,0.014570850595842797,0.41726499795913696,0.39992462396621703,0.4256358236074448,3
0.6,10,curvature_local,linear,a_sharing_range,0.0,0.0,0.0,0.0,0.0,3
0.6,10,curvature_local,linear,a_sharing_std,1.9868214925130207e-08,3.44127577060238e-08,0.0,0.0,5.364418029785156e-08,3
0.6,10,curvature_local,linear,c_sharing_range,nan,nan,nan,nan,nan,0
0.6,10,curvature_local,linear,c_sharing_std,nan,nan,nan,nan,nan,0
0.6,10,curvature_local,linear,b_inferred_std,1.4661933183670044,0.22164208432580293,1.3781750202178955,1.3096898555755616,1.6843095898628235,3
0.6,10,curvature_local,linear,global_parameter_rmse,0.03993012507756551,0.03286600257247852,0.029633164405822754,0.015064263343811035,0.0720038592815399,3
0.6,10,curvature_local,linear,total_log_likelihood,-38.66870880126953,1.0625832615502617,-38.169578552246094,-39.71702346801758,-37.96978530883789,3
0.6,10,curvature_local,linear,effective_k,11.0,0.0,11.0,11.0,11.0,3
0.6,10,curvature_local,linear,aic,99.33741760253906,2.1251665231005235,98.33915710449219,97.93957061767578,101.43404693603516,3
0.6,10,curvature_local,linear,bic,102.66585540771484,2.1251665231005235,101.66759490966797,101.26800842285157,104.76248474121094,3
0.6,10,curvature_local,linear,aic_weight,1.1104310091413628e-13,1.3749383031836993e-13,6.246386557712104e-14,1.0236566223436187e-14,2.4585510034074704e-13,3
0.6,10,curvature_local,linear,bic_weight,5.041342576399478e-13,6.242202307661348e-13,2.835851506561506e-13,4.6473879703953514e-14,1.1161790104646002e-12,3
0.6,10,curvature_local,linear,selected_aic,0.0,0.0,0.0,0.0,0.0,3
0.6,10,curvature_local,linear,selected_bic,0.0,0.0,0.0,0.0,0.0,3
0.6,10,curvature_local,linear,mispenalized_aic_weight,1.3703807328994024e-17,1.696808666272205e-17,7.708653413369676e-18,1.2632926321546314e-18,3.034092976677046e-17,3
0.6,10,curvature_local,linear,mispenalized_bic_weight,1.5942131264643978e-17,1.9739589697175923e-17,8.967746438314576e-18,1.4696331001595956e-18,3.5296698807558945e-17,3
0.6,10,curvature_local,quadratic,a_error,0.03845893467466036,0.011360177527113088,0.032022926956415176,0.03180258348584175,0.04962049126625061,3
0.6,10,curvature_local,quadratic,a_reference_error,0.013283750352760157,0.00761291883251475,0.015465975739061832,0.005882817599922418,0.01915712533518672,3
0.6,10,curvature_local,quadratic,c_error,0.16933431228001913,0.031268096593693215,0.1746349334716797,0.13964272737503053,0.19531546235084535,3
0.6,10,curvature_local,quadratic,c_reference_error,0.1722430537144343,0.026321479153835814,0.16794949769973755,0.1502940312027931,0.19719756543636321,3
0.6,10,curvature_local,quadratic,b_rmse,0.12670588990052542,0.008386952928229847,0.1314479410648346,0.11846473515033722,0.13162760883569719,3
0.6,10,curvature_local,quadratic,b_reference_rmse,0.03307342529296875,0.007749780692918814,0.03580396994948387,0.02547556422650814,0.03875990509986878,3
0.6,10,curvature_local,quadratic,a_sharing_range,0.0,0.0,0.0,0.0,0.0,3
0.6,10,curvature_local,quadratic,a_sharing_std,5.960464477539063e-08,5.960464477539063e-08,5.960464477539063e-08,5.960464477539063e-09,1.1324882507324218e-07,3
0.6,10,curvature_local,quadratic,c_sharing_range,0.5496097405751547,0.08799084209175961,0.5898148417472839,0.46281009912490845,0.6082658112049103,3
0.6,10,curvature_local,quadratic,c_sharing_std,0.1609737773736318,0.035725683346181994,0.162086620926857,0.12844286859035492,0.19272569566965103,3
0.6,10,curvature_local,quadratic,b_inferred_std,1.4443432887395222,0.22338477290845501,1.3932368755340576,1.265169870853424,1.6592911958694458,3
0.6,10,curvature_local,quadratic,global_parameter_rmse,0.12325241665045421,0.01953294343929426,0.12551335990428925,0.10496998578310013,0.13995218724012376,3
0.6,10,curvature_local,quadratic,total_log_likelihood,2.134016831715902,1.0804155393910178,2.234610080718994,1.1296013355255128,3.068017053604126,3
0.6,10,curvature_local,quadratic,effective_k,21.0,0.0,21.0,21.0,21.0,3
0.6,10,curvature_local,quadratic,aic,37.73196665445963,2.1608310343856694,37.53078079223633,35.86396598815918,39.740797424316405,3
0.6,10,curvature_local,quadratic,bic,44.08625284830729,2.1608310343856694,43.885066986083984,42.218252182006836,46.09508361816406,3
0.6,10,curvature_local,quadratic,aic_weight,0.999999999999889,1.375029928753959e-13,0.9999999999999376,0.9999999999997542,0.9999999999999898,3
0.6,10,curvature_local,quadratic,bic_weight,0.9999999999994958,6.241392777118242e-13,0.9999999999997164,0.9999999999988839,0.9999999999999535,3
0.6,10,curvature_local,quadratic,selected_aic,1.0,0.0,1.0,1.0,1.0,3
0.6,10,curvature_local,quadratic,selected_bic,1.0,0.0,1.0,1.0,1.0,3
0.6,10,curvature_local,quadratic,mispenalized_aic_weight,1.0,0.0,1.0,1.0,1.0,3
0.6,10,curvature_local,quadratic,mispenalized_bic_weight,1.0,0.0,1.0,1.0,1.0,3
