training_scheme,variant,variant_label,family,timesteps,model_seed,observation,repeat,runtime_s,runtime_per_sample_ms,mean_error,covariance_error,runtime_device,posterior_width_ratio
uniform,legacy_time_dpm,Legacy time-space DPM-1,DPM predictor,5,0,0,0,0.0950279220123775,0.1267038960165033,0.2211767733097076,0.1361419707536697,,
uniform,legacy_time_dpm,Legacy time-space DPM-1,DPM predictor,5,0,0,1,0.0157058010227046,0.0209410680302729,0.2222611308097839,0.1480919867753982,,
uniform,legacy_time_dpm,Legacy time-space DPM-1,DPM predictor,10,0,0,0,0.0290049750474281,0.0386733000632375,0.2330027371644973,0.2346101850271225,,
uniform,legacy_time_dpm,Legacy time-space DPM-1,DPM predictor,10,0,0,1,0.0283312040264718,0.0377749387019624,0.2137190699577331,0.2326458990573883,,
uniform,legacy_time_dpm,Legacy time-space DPM-1,DPM predictor,20,0,0,0,0.0590726219816133,0.0787634959754844,0.2293535470962524,0.245817169547081,,
uniform,legacy_time_dpm,Legacy time-space DPM-1,DPM predictor,20,0,0,1,0.0602487649885006,0.0803316866513341,0.1992163509130478,0.2573280930519104,,
uniform,legacy_time_dpm,Legacy time-space DPM-1,DPM predictor,50,0,0,0,0.1467225829837843,0.1956301106450458,0.2290319949388504,0.3056160509586334,,
uniform,legacy_time_dpm,Legacy time-space DPM-1,DPM predictor,50,0,0,1,0.1486904469784349,0.1982539293045798,0.1880901455879211,0.2386774122714996,,
uniform,sigma_uniform_dpm,"Sigma-space DPM-1, uniform t",DPM predictor,5,0,0,0,0.0138985089724883,0.0185313452966511,0.1815602779388427,0.1276749223470688,,
uniform,sigma_uniform_dpm,"Sigma-space DPM-1, uniform t",DPM predictor,5,0,0,1,0.0155534810037352,0.0207379746716469,0.1845448613166809,0.1408487558364868,,
uniform,sigma_uniform_dpm,"Sigma-space DPM-1, uniform t",DPM predictor,10,0,0,0,0.030347266991157,0.0404630226548761,0.187264546751976,0.1791707277297973,,
uniform,sigma_uniform_dpm,"Sigma-space DPM-1, uniform t",DPM predictor,10,0,0,1,0.0288489939994178,0.0384653253325571,0.1750534474849701,0.1797489672899246,,
uniform,sigma_uniform_dpm,"Sigma-space DPM-1, uniform t",DPM predictor,20,0,0,0,0.0593209229991771,0.0790945639989028,0.2003067582845688,0.1949793100357055,,
uniform,sigma_uniform_dpm,"Sigma-space DPM-1, uniform t",DPM predictor,20,0,0,1,0.0600321959936991,0.0800429279915988,0.1692204922437667,0.2044863849878311,,
uniform,sigma_uniform_dpm,"Sigma-space DPM-1, uniform t",DPM predictor,50,0,0,0,0.1520961380447261,0.2027948507263014,0.2123871147632599,0.2663827836513519,,
uniform,sigma_uniform_dpm,"Sigma-space DPM-1, uniform t",DPM predictor,50,0,0,1,0.1523528699763119,0.2031371599684159,0.1725662648677826,0.2036472856998443,,
uniform,sigma_log_dpm,"Sigma-space DPM-1, log sigma",DPM predictor,5,0,0,0,0.0142094499897211,0.0189459333196282,0.2035506516695022,0.0856267288327217,,
uniform,sigma_log_dpm,"Sigma-space DPM-1, log sigma",DPM predictor,5,0,0,1,0.0153292200411669,0.0204389600548893,0.2045722752809524,0.0964942872524261,,
uniform,sigma_log_dpm,"Sigma-space DPM-1, log sigma",DPM predictor,10,0,0,0,0.0296377969789318,0.0395170626385758,0.2058306336402893,0.1690462231636047,,
uniform,sigma_log_dpm,"Sigma-space DPM-1, log sigma",DPM predictor,10,0,0,1,0.0300571510451845,0.0400762013935794,0.1903838962316513,0.1685098856687545,,
uniform,sigma_log_dpm,"Sigma-space DPM-1, log sigma",DPM predictor,20,0,0,0,0.0607343689771369,0.0809791586361825,0.2088635414838791,0.1922417730093002,,
uniform,sigma_log_dpm,"Sigma-space DPM-1, log sigma",DPM predictor,20,0,0,1,0.0593770620180293,0.0791694160240392,0.1792965531349182,0.2018854916095733,,
uniform,sigma_log_dpm,"Sigma-space DPM-1, log sigma",DPM predictor,50,0,0,0,0.1469577699899673,0.1959436933199564,0.2158956378698349,0.2658077478408813,,1.482290506362915
uniform,sigma_log_dpm,"Sigma-space DPM-1, log sigma",DPM predictor,50,0,0,1,0.1493444200023077,0.1991258933364103,0.176338329911232,0.2035008668899536,,1.393378734588623
uniform,dpm2_log,"DPM-2 + corrector, log sigma",Overall sampler,5,0,0,0,0.106415509013459,0.1418873453512787,0.086985558271408,0.2060330957174301,,
uniform,dpm2_log,"DPM-2 + corrector, log sigma",Overall sampler,5,0,0,1,0.1025382350198924,0.1367176466931899,0.1216509118676185,0.2265733778476715,,
uniform,dpm2_log,"DPM-2 + corrector, log sigma",Overall sampler,10,0,0,0,0.1459308150224387,0.1945744200299183,0.1530538350343704,0.2129814475774765,,
uniform,dpm2_log,"DPM-2 + corrector, log sigma",Overall sampler,10,0,0,1,0.1471307789906859,0.1961743719875812,0.1492409408092498,0.177500918507576,,
uniform,dpm2_log,"DPM-2 + corrector, log sigma",Overall sampler,20,0,0,0,0.2408938660519197,0.3211918214025597,0.126247227191925,0.1587880998849868,,
uniform,dpm2_log,"DPM-2 + corrector, log sigma",Overall sampler,20,0,0,1,0.233418546966277,0.3112247292883694,0.0991447940468788,0.1932459771633148,,
uniform,dpm2_log,"DPM-2 + corrector, log sigma",Overall sampler,50,0,0,0,0.5208430589991622,0.6944574119988829,0.0617774501442909,0.1075446233153343,,1.1919169425964355
uniform,dpm2_log,"DPM-2 + corrector, log sigma",Overall sampler,50,0,0,1,0.5073909370112233,0.6765212493482977,0.0711129605770111,0.0989690124988555,,1.1763241291046145
uniform,legacy_drift_euler,Legacy drift-only Euler,Euler update,5,0,0,0,0.0137729750131256,0.0183639666841675,0.1292423009872436,0.1328566968441009,,
uniform,legacy_drift_euler,Legacy drift-only Euler,Euler update,5,0,0,1,0.0150527590303681,0.0200703453738242,0.13245590031147,0.130241721868515,,
uniform,legacy_drift_euler,Legacy drift-only Euler,Euler update,10,0,0,0,0.0294170179986394,0.0392226906648526,0.1088191494345665,0.1430062055587768,,
uniform,legacy_drift_euler,Legacy drift-only Euler,Euler update,10,0,0,1,0.029725887987297,0.039634517316396,0.1081510111689567,0.1435533016920089,,
uniform,legacy_drift_euler,Legacy drift-only Euler,Euler update,20,0,0,0,0.0646673300070688,0.0862231066760917,0.1065487042069435,0.1515592336654663,,
uniform,legacy_drift_euler,Legacy drift-only Euler,Euler update,20,0,0,1,0.0664573560352437,0.0886098080469916,0.0909147709608078,0.1507979929447174,,
uniform,legacy_drift_euler,Legacy drift-only Euler,Euler update,50,0,0,0,0.1510342529509216,0.2013790039345622,0.1020501479506492,0.1519560813903808,,
uniform,legacy_drift_euler,Legacy drift-only Euler,Euler update,50,0,0,1,0.1510119910235516,0.2013493213647355,0.0879439115524292,0.1578094214200973,,
uniform,em_uniform,"Euler--Maruyama, uniform t",Euler update,5,0,0,0,0.0140902920393273,0.0187870560524364,0.0795078054070472,0.8912283778190613,,
uniform,em_uniform,"Euler--Maruyama, uniform t",Euler update,5,0,0,1,0.015295130026061,0.0203935067014147,0.1489222049713134,1.0229145288467407,,
uniform,em_uniform,"Euler--Maruyama, uniform t",Euler update,10,0,0,0,0.0309971339884214,0.0413295119845618,0.1622157096862793,0.5247122049331665,,
uniform,em_uniform,"Euler--Maruyama, uniform t",Euler update,10,0,0,1,0.0305394530296325,0.0407192707061767,0.1594859212636947,0.3995805382728576,,
uniform,em_uniform,"Euler--Maruyama, uniform t",Euler update,20,0,0,0,0.0598559270147234,0.0798079026862979,0.1293354332447052,0.3255263268947601,,
uniform,em_uniform,"Euler--Maruyama, uniform t",Euler update,20,0,0,1,0.0634448070195503,0.0845930760260671,0.0975395515561103,0.3491566777229309,,
uniform,em_uniform,"Euler--Maruyama, uniform t",Euler update,50,0,0,0,0.1531264140503481,0.2041685520671308,0.0869590267539024,0.2261602580547332,,
uniform,em_uniform,"Euler--Maruyama, uniform t",Euler update,50,0,0,1,0.1518741669715382,0.2024988892953843,0.061175487935543,0.2367840111255645,,
uniform,em_log,"Euler--Maruyama, log sigma",Euler update,5,0,0,0,0.0152752259746193,0.0203669679661591,0.1116968691349029,1.4331616163253784,,
uniform,em_log,"Euler--Maruyama, log sigma",Euler update,5,0,0,1,0.015690664993599,0.020920886658132,0.1659377366304397,1.5504573583602903,,
uniform,em_log,"Euler--Maruyama, log sigma",Euler update,10,0,0,0,0.0310893669957295,0.0414524893276393,0.1380679458379745,0.4804831147193908,,
uniform,em_log,"Euler--Maruyama, log sigma",Euler update,10,0,0,1,0.0318131649983115,0.042417553331082,0.1324537843465805,0.3873980343341827,,
uniform,em_log,"Euler--Maruyama, log sigma",Euler update,20,0,0,0,0.0639267800142988,0.0852357066857318,0.1188948005437851,0.2535492777824402,,
uniform,em_log,"Euler--Maruyama, log sigma",Euler update,20,0,0,1,0.0622916540014557,0.0830555386686076,0.0936712399125099,0.2828044295310974,,
uniform,em_log,"Euler--Maruyama, log sigma",Euler update,50,0,0,0,0.1525402879924513,0.2033870506566018,0.0829865112900734,0.1983370631933212,,
uniform,em_log,"Euler--Maruyama, log sigma",Euler update,50,0,0,1,0.1526657109498046,0.2035542812664061,0.0768722593784332,0.1760168522596359,,
uniform,legacy_time_dpm,Legacy time-space DPM-1,DPM predictor,5,0,1,0,0.0148749949876219,0.0198333266501625,0.422097772359848,0.1664891541004181,,
uniform,legacy_time_dpm,Legacy time-space DPM-1,DPM predictor,5,0,1,1,0.0145445800153538,0.0193927733538051,0.4229693412780761,0.1808328926563263,,
uniform,legacy_time_dpm,Legacy time-space DPM-1,DPM predictor,10,0,1,0,0.0301416809670627,0.0401889079560836,0.3992083370685577,0.2375828474760055,,
uniform,legacy_time_dpm,Legacy time-space DPM-1,DPM predictor,10,0,1,1,0.0279356059618294,0.0372474746157725,0.3841964900493622,0.2071952521800995,,
uniform,legacy_time_dpm,Legacy time-space DPM-1,DPM predictor,20,0,1,0,0.0582235140027478,0.0776313520036637,0.3365870416164398,0.3077341914176941,,
uniform,legacy_time_dpm,Legacy time-space DPM-1,DPM predictor,20,0,1,1,0.0580482940422371,0.0773977253896494,0.3632264733314514,0.269326388835907,,
uniform,legacy_time_dpm,Legacy time-space DPM-1,DPM predictor,50,0,1,0,0.145437023951672,0.1939160319355627,0.3427001237869262,0.2630103230476379,,
uniform,legacy_time_dpm,Legacy time-space DPM-1,DPM predictor,50,0,1,1,0.1493946890113875,0.19919291868185,0.3472047746181488,0.2605237364768982,,
uniform,sigma_uniform_dpm,"Sigma-space DPM-1, uniform t",DPM predictor,5,0,1,0,0.0141391219804063,0.0188521626405417,0.3254228234291076,0.1501493901014328,,
uniform,sigma_uniform_dpm,"Sigma-space DPM-1, uniform t",DPM predictor,5,0,1,1,0.0158042369876056,0.0210723159834742,0.3261114060878753,0.1626950055360794,,
uniform,sigma_uniform_dpm,"Sigma-space DPM-1, uniform t",DPM predictor,10,0,1,0,0.0293400030350312,0.0391200040467083,0.3015981018543243,0.1786938905715942,,
uniform,sigma_uniform_dpm,"Sigma-space DPM-1, uniform t",DPM predictor,10,0,1,1,0.0292568010045215,0.0390090680060287,0.2896727621555328,0.1517299115657806,,
uniform,sigma_uniform_dpm,"Sigma-space DPM-1, uniform t",DPM predictor,20,0,1,0,0.059464996040333,0.0792866613871107,0.2745131850242615,0.2480124235153198,,
uniform,sigma_uniform_dpm,"Sigma-space DPM-1, uniform t",DPM predictor,20,0,1,1,0.0575884509598836,0.0767846012798448,0.2957236468791961,0.2125444114208221,,
uniform,sigma_uniform_dpm,"Sigma-space DPM-1, uniform t",DPM predictor,50,0,1,0,0.1507232490112073,0.2009643320149431,0.3035062849521637,0.2239843755960464,,
uniform,sigma_uniform_dpm,"Sigma-space DPM-1, uniform t",DPM predictor,50,0,1,1,0.1532504759961739,0.2043339679948985,0.3076597452163696,0.2217011898756027,,
uniform,sigma_log_dpm,"Sigma-space DPM-1, log sigma",DPM predictor,5,0,1,0,0.0158970470074564,0.0211960626766085,0.3878465592861175,0.1090780198574066,,
uniform,sigma_log_dpm,"Sigma-space DPM-1, log sigma",DPM predictor,5,0,1,1,0.0151407939847558,0.0201877253130078,0.3894112706184387,0.1218032389879226,,
uniform,sigma_log_dpm,"Sigma-space DPM-1, log sigma",DPM predictor,10,0,1,0,0.0302475970238447,0.0403301293651262,0.3474169373512268,0.1693385988473892,,
uniform,sigma_log_dpm,"Sigma-space DPM-1, log sigma",DPM predictor,10,0,1,1,0.030035700998269,0.0400476013310253,0.334584891796112,0.1432434320449829,,
uniform,sigma_log_dpm,"Sigma-space DPM-1, log sigma",DPM predictor,20,0,1,0,0.0608614130178466,0.0811485506904621,0.29788938164711,0.2452084869146347,,
uniform,sigma_log_dpm,"Sigma-space DPM-1, log sigma",DPM predictor,20,0,1,1,0.0621302659856155,0.0828403546474874,0.3207561075687408,0.2107411175966262,,
uniform,sigma_log_dpm,"Sigma-space DPM-1, log sigma",DPM predictor,50,0,1,0,0.153185429982841,0.2042472399771213,0.3143079578876495,0.2243782579898834,,1.4516019821166992
uniform,sigma_log_dpm,"Sigma-space DPM-1, log sigma",DPM predictor,50,0,1,1,0.1478147430461831,0.1970863240615775,0.3185181319713592,0.2220564484596252,,1.4503357410430908
uniform,dpm2_log,"DPM-2 + corrector, log sigma",Overall sampler,5,0,1,0,0.1036985670216381,0.1382647560288508,0.1613332033157348,0.2537190318107605,,
uniform,dpm2_log,"DPM-2 + corrector, log sigma",Overall sampler,5,0,1,1,0.1025110380141995,0.1366813840189328,0.1526428908109665,0.215105652809143,,
uniform,dpm2_log,"DPM-2 + corrector, log sigma",Overall sampler,10,0,1,0,0.1512045140261761,0.2016060187015682,0.1912291795015335,0.2109310030937194,,
uniform,dpm2_log,"DPM-2 + corrector, log sigma",Overall sampler,10,0,1,1,0.1500935109797865,0.200124681306382,0.1932240277528762,0.2266276031732559,,
uniform,dpm2_log,"DPM-2 + corrector, log sigma",Overall sampler,20,0,1,0,0.2424137290217913,0.3232183053623885,0.1343555897474289,0.1858261078596115,,
uniform,dpm2_log,"DPM-2 + corrector, log sigma",Overall sampler,20,0,1,1,0.238541676022578,0.318055568030104,0.1309277564287185,0.1810620278120041,,
uniform,dpm2_log,"DPM-2 + corrector, log sigma",Overall sampler,50,0,1,0,0.5105862750206143,0.6807817000274857,0.0793691426515579,0.088544487953186,,1.161882758140564
uniform,dpm2_log,"DPM-2 + corrector, log sigma",Overall sampler,50,0,1,1,0.5018623200012371,0.6691497600016495,0.0851495042443275,0.0943837687373161,,1.1803295612335205
uniform,legacy_drift_euler,Legacy drift-only Euler,Euler update,5,0,1,0,0.0149774879682809,0.0199699839577078,0.1812067031860351,0.1279274523258209,,
uniform,legacy_drift_euler,Legacy drift-only Euler,Euler update,5,0,1,1,0.0149873599875718,0.0199831466500957,0.1806971132755279,0.1257591396570205,,
uniform,legacy_drift_euler,Legacy drift-only Euler,Euler update,10,0,1,0,0.0301196879590861,0.0401595839454482,0.1263777911663055,0.1441247314214706,,
uniform,legacy_drift_euler,Legacy drift-only Euler,Euler update,10,0,1,1,0.0297119149472564,0.0396158865963419,0.1244193091988563,0.1475838720798492,,
uniform,legacy_drift_euler,Legacy drift-only Euler,Euler update,20,0,1,0,0.0596058149822056,0.0794744199762741,0.1012122109532356,0.146769642829895,,
uniform,legacy_drift_euler,Legacy drift-only Euler,Euler update,20,0,1,1,0.0605843130033463,0.0807790840044617,0.104371391236782,0.1496864408254623,,
uniform,legacy_drift_euler,Legacy drift-only Euler,Euler update,50,0,1,0,0.1515676109702326,0.2020901479603102,0.0922111272811889,0.1562906354665756,,
uniform,legacy_drift_euler,Legacy drift-only Euler,Euler update,50,0,1,1,0.1513160920003429,0.2017547893337905,0.0928753018379211,0.1567342728376388,,
uniform,em_uniform,"Euler--Maruyama, uniform t",Euler update,5,0,1,0,0.0154800180462189,0.0206400240616252,0.2759149670600891,0.9388784170150756,,
uniform,em_uniform,"Euler--Maruyama, uniform t",Euler update,5,0,1,1,0.0138023859472014,0.0184031812629352,0.2419434189796447,0.8966519236564636,,
uniform,em_uniform,"Euler--Maruyama, uniform t",Euler update,10,0,1,0,0.0298540369840338,0.0398053826453785,0.1743017733097076,0.4820509254932403,,
uniform,em_uniform,"Euler--Maruyama, uniform t",Euler update,10,0,1,1,0.0313974329619668,0.0418632439492891,0.1716998219490051,0.5249505043029785,,
uniform,em_uniform,"Euler--Maruyama, uniform t",Euler update,20,0,1,0,0.0612897420069202,0.081719656009227,0.1117814183235168,0.3462995886802673,,
uniform,em_uniform,"Euler--Maruyama, uniform t",Euler update,20,0,1,1,0.0615698639885522,0.0820931519847363,0.1250496953725814,0.2860995829105377,,
uniform,em_uniform,"Euler--Maruyama, uniform t",Euler update,50,0,1,0,0.1531581330345943,0.2042108440461258,0.1169491857290268,0.2510795295238495,,
uniform,em_uniform,"Euler--Maruyama, uniform t",Euler update,50,0,1,1,0.1550252999877557,0.2067003999836743,0.1135536059737205,0.236421912908554,,
uniform,em_log,"Euler--Maruyama, log sigma",Euler update,5,0,1,0,0.0142410479602403,0.0189880639469871,0.2654324173927307,1.3103811740875244,,
uniform,em_log,"Euler--Maruyama, log sigma",Euler update,5,0,1,1,0.0152142430306412,0.0202856573741883,0.2898935973644256,1.365650653839111,,
uniform,em_log,"Euler--Maruyama, log sigma",Euler update,10,0,1,0,0.029659317980986,0.0395457573079814,0.1387644559144973,0.4584622979164123,,
uniform,em_log,"Euler--Maruyama, log sigma",Euler update,10,0,1,1,0.0300276330090127,0.040036844012017,0.1505683809518814,0.5176769495010376,,
uniform,em_log,"Euler--Maruyama, log sigma",Euler update,20,0,1,0,0.0676488219760358,0.0901984293013811,0.1164440810680389,0.264433741569519,,
uniform,em_log,"Euler--Maruyama, log sigma",Euler update,20,0,1,1,0.0591804899740964,0.0789073199654619,0.0998653247952461,0.2657835185527801,,
uniform,em_log,"Euler--Maruyama, log sigma",Euler update,50,0,1,0,0.1509293770068325,0.2012391693424433,0.1058853566646575,0.1514257192611694,,
uniform,em_log,"Euler--Maruyama, log sigma",Euler update,50,0,1,1,0.1503666450153105,0.200488860020414,0.1052887737751007,0.1700213402509689,,
uniform,legacy_time_dpm,Legacy time-space DPM-1,DPM predictor,5,0,2,0,0.0139494940522126,0.0185993254029502,0.306950032711029,0.1250838041305542,,
uniform,legacy_time_dpm,Legacy time-space DPM-1,DPM predictor,5,0,2,1,0.0136340110329911,0.0181786813773214,0.2998221516609192,0.1229817941784858,,
uniform,legacy_time_dpm,Legacy time-space DPM-1,DPM predictor,10,0,2,0,0.0281725939712487,0.0375634586283316,0.2090341001749038,0.3018561899662018,,
uniform,legacy_time_dpm,Legacy time-space DPM-1,DPM predictor,10,0,2,1,0.0282363690203055,0.0376484920270741,0.2586007714271545,0.2359059154987335,,
uniform,legacy_time_dpm,Legacy time-space DPM-1,DPM predictor,20,0,2,0,0.0561053389683365,0.0748071186244487,0.2620246112346649,0.2599592506885528,,
uniform,legacy_time_dpm,Legacy time-space DPM-1,DPM predictor,20,0,2,1,0.0565872740116901,0.0754496986822535,0.2857640981674194,0.247905433177948,,
uniform,legacy_time_dpm,Legacy time-space DPM-1,DPM predictor,50,0,2,0,0.1467449649935588,0.1956599533247451,0.2445754706859588,0.2179855406284332,,
uniform,legacy_time_dpm,Legacy time-space DPM-1,DPM predictor,50,0,2,1,0.143757622980047,0.1916768306400627,0.2764028906822204,0.2086100876331329,,
uniform,sigma_uniform_dpm,"Sigma-space DPM-1, uniform t",DPM predictor,5,0,2,0,0.0156182930222712,0.0208243906963616,0.2896684408187866,0.1187932640314102,,
uniform,sigma_uniform_dpm,"Sigma-space DPM-1, uniform t",DPM predictor,5,0,2,1,0.0136448370176367,0.0181931160235156,0.283042848110199,0.118629939854145,,
uniform,sigma_uniform_dpm,"Sigma-space DPM-1, uniform t",DPM predictor,10,0,2,0,0.0296204730402678,0.0394939640536904,0.1902997195720672,0.2434045970439911,,
uniform,sigma_uniform_dpm,"Sigma-space DPM-1, uniform t",DPM predictor,10,0,2,1,0.0296924859867431,0.0395899813156574,0.2379728108644485,0.1842685341835022,,
uniform,sigma_uniform_dpm,"Sigma-space DPM-1, uniform t",DPM predictor,20,0,2,0,0.0587650709785521,0.0783534279714028,0.2428076118230819,0.2070468366146087,,
uniform,sigma_uniform_dpm,"Sigma-space DPM-1, uniform t",DPM predictor,20,0,2,1,0.0594382099807262,0.0792509466409683,0.2663095593452453,0.1957975327968597,,
uniform,sigma_uniform_dpm,"Sigma-space DPM-1, uniform t",DPM predictor,50,0,2,0,0.1478997300146147,0.1971996400194863,0.2333795875310897,0.1844311505556106,,
uniform,sigma_uniform_dpm,"Sigma-space DPM-1, uniform t",DPM predictor,50,0,2,1,0.1521887519629672,0.2029183359506229,0.2643395066261291,0.1754404455423355,,
uniform,sigma_log_dpm,"Sigma-space DPM-1, log sigma",DPM predictor,5,0,2,0,0.015651594963856,0.0208687932851413,0.3047704100608825,0.0728005617856979,,
uniform,sigma_log_dpm,"Sigma-space DPM-1, log sigma",DPM predictor,5,0,2,1,0.0144733620109036,0.0192978160145382,0.2987270355224609,0.0732467100024223,,
uniform,sigma_log_dpm,"Sigma-space DPM-1, log sigma",DPM predictor,10,0,2,0,0.0305509860045276,0.0407346480060368,0.2001728862524032,0.2278595566749572,,
uniform,sigma_log_dpm,"Sigma-space DPM-1, log sigma",DPM predictor,10,0,2,1,0.030727380013559,0.0409698400180786,0.2464222311973571,0.1706030070781707,,
uniform,sigma_log_dpm,"Sigma-space DPM-1, log sigma",DPM predictor,20,0,2,0,0.0624331760336644,0.0832442347115526,0.2477533668279647,0.2034672200679779,,
uniform,sigma_log_dpm,"Sigma-space DPM-1, log sigma",DPM predictor,20,0,2,1,0.0601177589851431,0.0801570119801908,0.2705472409725189,0.1925051510334015,,
uniform,sigma_log_dpm,"Sigma-space DPM-1, log sigma",DPM predictor,50,0,2,0,0.1493076889892108,0.1990769186522811,0.2352798879146576,0.1838956624269485,,1.359440565109253
uniform,sigma_log_dpm,"Sigma-space DPM-1, log sigma",DPM predictor,50,0,2,1,0.1520788729540072,0.2027718306053429,0.2660253345966339,0.1750125288963318,,1.3429473638534546
uniform,dpm2_log,"DPM-2 + corrector, log sigma",Overall sampler,5,0,2,0,0.106029808986932,0.1413730786492427,0.1897437870502472,0.2132245898246765,,
uniform,dpm2_log,"DPM-2 + corrector, log sigma",Overall sampler,5,0,2,1,0.1068338019540533,0.1424450692720711,0.2335769087076187,0.1880523711442947,,
uniform,dpm2_log,"DPM-2 + corrector, log sigma",Overall sampler,10,0,2,0,0.1504375579534098,0.2005834106045464,0.1316571086645126,0.2529908418655395,,
uniform,dpm2_log,"DPM-2 + corrector, log sigma",Overall sampler,10,0,2,1,0.1501588780083693,0.2002118373444924,0.2007051706314087,0.192262053489685,,
uniform,dpm2_log,"DPM-2 + corrector, log sigma",Overall sampler,20,0,2,0,0.251104975992348,0.334806634656464,0.1678964495658874,0.1881735473871231,,
uniform,dpm2_log,"DPM-2 + corrector, log sigma",Overall sampler,20,0,2,1,0.2488526829984039,0.3318035773312052,0.1583652794361114,0.1579335927963256,,
uniform,dpm2_log,"DPM-2 + corrector, log sigma",Overall sampler,50,0,2,0,0.5270750900381245,0.7027667867174993,0.0962136462330818,0.0919193997979164,,1.171960949897766
uniform,dpm2_log,"DPM-2 + corrector, log sigma",Overall sampler,50,0,2,1,0.5267103060032241,0.7022804080042988,0.1402355432510376,0.0820105001330375,,1.1536182165145874
uniform,legacy_drift_euler,Legacy drift-only Euler,Euler update,5,0,2,0,0.0150944909546524,0.0201259879395365,0.2209376245737075,0.1365474909543991,,
uniform,legacy_drift_euler,Legacy drift-only Euler,Euler update,5,0,2,1,0.0137002149713225,0.0182669532950967,0.2177140116691589,0.1372580677270889,,
uniform,legacy_drift_euler,Legacy drift-only Euler,Euler update,10,0,2,0,0.0303802679991349,0.0405070239988466,0.1468929350376129,0.1398803740739822,,
uniform,legacy_drift_euler,Legacy drift-only Euler,Euler update,10,0,2,1,0.0295170039753429,0.0393560053004572,0.1648519188165664,0.1472983211278915,,
uniform,legacy_drift_euler,Legacy drift-only Euler,Euler update,20,0,2,0,0.0598094149609096,0.0797458866145461,0.1475159525871276,0.1555334776639938,,
uniform,legacy_drift_euler,Legacy drift-only Euler,Euler update,20,0,2,1,0.0602073479676619,0.0802764639568825,0.1563248038291931,0.1556406170129776,,
uniform,legacy_drift_euler,Legacy drift-only Euler,Euler update,50,0,2,0,0.1546034999773837,0.206137999969845,0.129702091217041,0.1644335240125656,,
uniform,legacy_drift_euler,Legacy drift-only Euler,Euler update,50,0,2,1,0.162726825044956,0.2169691000599414,0.1398974061012268,0.1652227491140365,,
uniform,em_uniform,"Euler--Maruyama, uniform t",Euler update,5,0,2,0,0.014384564012289,0.019179418683052,0.243356317281723,0.9908719062805176,,
uniform,em_uniform,"Euler--Maruyama, uniform t",Euler update,5,0,2,1,0.0151561489910818,0.0202081986547758,0.3531274497509002,0.9114692807197572,,
uniform,em_uniform,"Euler--Maruyama, uniform t",Euler update,10,0,2,0,0.0297301370301283,0.0396401827068378,0.161683514714241,0.5199328660964966,,
uniform,em_uniform,"Euler--Maruyama, uniform t",Euler update,10,0,2,1,0.0298346939962357,0.0397795919949809,0.2061438560485839,0.4430789351463318,,
uniform,em_uniform,"Euler--Maruyama, uniform t",Euler update,20,0,2,0,0.0602688579820096,0.0803584773093462,0.162090316414833,0.366858571767807,,
uniform,em_uniform,"Euler--Maruyama, uniform t",Euler update,20,0,2,1,0.062215908023063,0.0829545440307508,0.1818383485078811,0.3317718505859375,,
uniform,em_uniform,"Euler--Maruyama, uniform t",Euler update,50,0,2,0,0.1723979079979472,0.2298638773305962,0.1199282109737396,0.2168568819761276,,
uniform,em_uniform,"Euler--Maruyama, uniform t",Euler update,50,0,2,1,0.1650845989934168,0.2201127986578891,0.1856271028518676,0.1855156868696212,,
uniform,em_log,"Euler--Maruyama, log sigma",Euler update,5,0,2,0,0.0157988650025799,0.0210651533367733,0.2630928456783294,1.6805464029312134,,
uniform,em_log,"Euler--Maruyama, log sigma",Euler update,5,0,2,1,0.0143110479693859,0.0190813972925146,0.321298211812973,1.463823914527893,,
uniform,em_log,"Euler--Maruyama, log sigma",Euler update,10,0,2,0,0.030674994981382,0.0408999933085093,0.1338411420583725,0.4911575019359588,,
uniform,em_log,"Euler--Maruyama, log sigma",Euler update,10,0,2,1,0.0309415189549326,0.0412553586065769,0.2035489827394485,0.4707754850387573,,
uniform,em_log,"Euler--Maruyama, log sigma",Euler update,20,0,2,0,0.0611171260243281,0.0814895013657708,0.1564458608627319,0.2684068083763122,,
uniform,em_log,"Euler--Maruyama, log sigma",Euler update,20,0,2,1,0.0607635889900848,0.0810181186534464,0.1356755197048187,0.2577035427093506,,
uniform,em_log,"Euler--Maruyama, log sigma",Euler update,50,0,2,0,0.15339704597136,0.20452939462848,0.1213226094841957,0.1695528030395507,,
uniform,em_log,"Euler--Maruyama, log sigma",Euler update,50,0,2,1,0.1530478690401651,0.2040638253868868,0.1704710721969604,0.1528984606266021,,
uniform,legacy_time_dpm,Legacy time-space DPM-1,DPM predictor,5,0,3,0,0.0135388619964942,0.0180518159953256,1.3240714073181152,0.1807407885789871,,
uniform,legacy_time_dpm,Legacy time-space DPM-1,DPM predictor,5,0,3,1,0.0152283849893137,0.020304513319085,1.3049027919769287,0.1950578391551971,,
uniform,legacy_time_dpm,Legacy time-space DPM-1,DPM predictor,10,0,3,0,0.0285525100189261,0.0380700133585681,1.1763023138046265,0.2964673638343811,,
uniform,legacy_time_dpm,Legacy time-space DPM-1,DPM predictor,10,0,3,1,0.0292318450519815,0.038975793402642,1.2077009677886963,0.2662299871444702,,
uniform,legacy_time_dpm,Legacy time-space DPM-1,DPM predictor,20,0,3,0,0.0583313179668039,0.0777750906224052,1.2368580102920532,0.3181980550289154,,
uniform,legacy_time_dpm,Legacy time-space DPM-1,DPM predictor,20,0,3,1,0.0578188350191339,0.0770917800255119,1.200753927230835,0.3276124894618988,,
uniform,legacy_time_dpm,Legacy time-space DPM-1,DPM predictor,50,0,3,0,0.1454395649489015,0.1939194199318687,1.146573543548584,0.2926931977272033,,
uniform,legacy_time_dpm,Legacy time-space DPM-1,DPM predictor,50,0,3,1,0.1469324300414882,0.1959099067219843,1.183521032333374,0.3116601109504699,,
uniform,sigma_uniform_dpm,"Sigma-space DPM-1, uniform t",DPM predictor,5,0,3,0,0.0141904769698157,0.0189206359597543,1.2640622854232788,0.1696196645498275,,
uniform,sigma_uniform_dpm,"Sigma-space DPM-1, uniform t",DPM predictor,5,0,3,1,0.0150647310074418,0.0200863080099225,1.244942307472229,0.1902471035718917,,
uniform,sigma_uniform_dpm,"Sigma-space DPM-1, uniform t",DPM predictor,10,0,3,0,0.028354128007777,0.0378055040103693,1.0941731929779053,0.2398295253515243,,
uniform,sigma_uniform_dpm,"Sigma-space DPM-1, uniform t",DPM predictor,10,0,3,1,0.0291976600419729,0.0389302133892973,1.123114824295044,0.2109958827495575,,
uniform,sigma_uniform_dpm,"Sigma-space DPM-1, uniform t",DPM predictor,20,0,3,0,0.0598741919966414,0.0798322559955219,1.1640865802764893,0.2629646360874176,,
uniform,sigma_uniform_dpm,"Sigma-space DPM-1, uniform t",DPM predictor,20,0,3,1,0.0594571130350232,0.0792761507133642,1.129102110862732,0.2698526084423065,,
uniform,sigma_uniform_dpm,"Sigma-space DPM-1, uniform t",DPM predictor,50,0,3,0,0.150120498961769,0.2001606652823587,1.1017999649047852,0.2541854083538055,,
uniform,sigma_uniform_dpm,"Sigma-space DPM-1, uniform t",DPM predictor,50,0,3,1,0.1595047500450164,0.2126730000600218,1.1372642517089844,0.2731798887252807,,
uniform,sigma_log_dpm,"Sigma-space DPM-1, log sigma",DPM predictor,5,0,3,0,0.0149957239627838,0.019994298617045,1.262891173362732,0.1336839497089386,,
uniform,sigma_log_dpm,"Sigma-space DPM-1, log sigma",DPM predictor,5,0,3,1,0.0172094259760342,0.022945901301379,1.2446445226669312,0.1471791565418243,,
uniform,sigma_log_dpm,"Sigma-space DPM-1, log sigma",DPM predictor,10,0,3,0,0.0300962160108611,0.0401282880144814,1.11198890209198,0.2270044237375259,,
uniform,sigma_log_dpm,"Sigma-space DPM-1, log sigma",DPM predictor,10,0,3,1,0.0316533909644931,0.0422045212859908,1.1407920122146606,0.200313851237297,,
uniform,sigma_log_dpm,"Sigma-space DPM-1, log sigma",DPM predictor,20,0,3,0,0.0623686779872514,0.0831582373163352,1.1763991117477417,0.2592074275016784,,
uniform,sigma_log_dpm,"Sigma-space DPM-1, log sigma",DPM predictor,20,0,3,1,0.0619001590530388,0.0825335454040517,1.1418465375900269,0.2662723958492279,,
uniform,sigma_log_dpm,"Sigma-space DPM-1, log sigma",DPM predictor,50,0,3,0,0.1541963529889471,0.2055951373185962,1.1079347133636477,0.2538889348506927,,1.5194566249847412
uniform,sigma_log_dpm,"Sigma-space DPM-1, log sigma",DPM predictor,50,0,3,1,0.155112408043351,0.2068165440578013,1.143369436264038,0.2723022103309631,,1.5295758247375488
uniform,dpm2_log,"DPM-2 + corrector, log sigma",Overall sampler,5,0,3,0,0.1099251160048879,0.1465668213398506,0.8414129018783569,0.2949325144290924,,
uniform,dpm2_log,"DPM-2 + corrector, log sigma",Overall sampler,5,0,3,1,0.1063779490068554,0.1418372653424739,0.8908416032791138,0.2763870358467102,,
uniform,dpm2_log,"DPM-2 + corrector, log sigma",Overall sampler,10,0,3,0,0.1505884659709409,0.2007846212945878,0.901130199432373,0.2753255069255829,,
uniform,dpm2_log,"DPM-2 + corrector, log sigma",Overall sampler,10,0,3,1,0.1513432459905743,0.2017909946540991,0.917077660560608,0.2402222007513046,,
uniform,dpm2_log,"DPM-2 + corrector, log sigma",Overall sampler,20,0,3,0,0.2409940189681947,0.3213253586242596,0.8275529742240906,0.2605645358562469,,
uniform,dpm2_log,"DPM-2 + corrector, log sigma",Overall sampler,20,0,3,1,0.2376686070347204,0.316891476046294,0.8216942548751831,0.2188553512096405,,
uniform,dpm2_log,"DPM-2 + corrector, log sigma",Overall sampler,50,0,3,0,0.5251623259973712,0.7002164346631616,0.6497831344604492,0.1178654283285141,,1.2423486709594729
uniform,dpm2_log,"DPM-2 + corrector, log sigma",Overall sampler,50,0,3,1,0.5247731999843381,0.6996975999791175,0.63664710521698,0.1308834552764892,,1.249190330505371
uniform,legacy_drift_euler,Legacy drift-only Euler,Euler update,5,0,3,0,0.0146342170191928,0.0195122893589238,1.1096700429916382,0.1321472078561782,,
uniform,legacy_drift_euler,Legacy drift-only Euler,Euler update,5,0,3,1,0.0136678550043143,0.0182238066724191,1.100918173789978,0.1282290369272232,,
uniform,legacy_drift_euler,Legacy drift-only Euler,Euler update,10,0,3,0,0.029515457979869,0.0393539439731588,0.8943595886230469,0.1456865817308426,,
uniform,legacy_drift_euler,Legacy drift-only Euler,Euler update,10,0,3,1,0.0299132440122775,0.0398843253497034,0.9047536849975586,0.1491927206516266,,
uniform,legacy_drift_euler,Legacy drift-only Euler,Euler update,20,0,3,0,0.0598553150193765,0.0798070866925021,0.8303403854370117,0.1539492905139923,,
uniform,legacy_drift_euler,Legacy drift-only Euler,Euler update,20,0,3,1,0.0602405759855173,0.0803207679806898,0.8186817765235901,0.1547811180353164,,
uniform,legacy_drift_euler,Legacy drift-only Euler,Euler update,50,0,3,0,0.1568488649791106,0.2091318199721475,0.7448936700820923,0.1633863896131515,,
uniform,legacy_drift_euler,Legacy drift-only Euler,Euler update,50,0,3,1,0.1518291020183824,0.2024388026911765,0.7554799914360046,0.1613598465919494,,
uniform,em_uniform,"Euler--Maruyama, uniform t",Euler update,5,0,3,0,0.0143531439825892,0.0191375253101189,1.1347887516021729,1.051649570465088,,
uniform,em_uniform,"Euler--Maruyama, uniform t",Euler update,5,0,3,1,0.0144857370178215,0.019314316023762,1.186542510986328,1.0474600791931152,,
uniform,em_uniform,"Euler--Maruyama, uniform t",Euler update,10,0,3,0,0.0290786569821648,0.0387715426428864,0.9329743981361388,0.5424111485481262,,
uniform,em_uniform,"Euler--Maruyama, uniform t",Euler update,10,0,3,1,0.0295785990310832,0.0394381320414443,0.9388517141342164,0.5452356338500977,,
uniform,em_uniform,"Euler--Maruyama, uniform t",Euler update,20,0,3,0,0.059955873992294,0.0799411653230587,0.8439233899116516,0.4458945691585541,,
uniform,em_uniform,"Euler--Maruyama, uniform t",Euler update,20,0,3,1,0.0600098459981381,0.0800131279975175,0.8561261296272278,0.3892291784286499,,
uniform,em_uniform,"Euler--Maruyama, uniform t",Euler update,50,0,3,0,0.1530910760047845,0.204121434673046,0.7975407838821411,0.2807003259658813,,
uniform,em_uniform,"Euler--Maruyama, uniform t",Euler update,50,0,3,1,0.1574095989926718,0.2098794653235624,0.7921640872955322,0.2438538074493408,,
uniform,em_log,"Euler--Maruyama, log sigma",Euler update,5,0,3,0,0.0144823569571599,0.0193098092762132,1.1234651803970337,1.6855605840682983,,
uniform,em_log,"Euler--Maruyama, log sigma",Euler update,5,0,3,1,0.0155697980080731,0.0207597306774308,1.1678729057312012,1.933887600898743,,
uniform,em_log,"Euler--Maruyama, log sigma",Euler update,10,0,3,0,0.0296948950272053,0.0395931933696071,0.9017579555511476,0.5469931364059448,,
uniform,em_log,"Euler--Maruyama, log sigma",Euler update,10,0,3,1,0.0299183339811861,0.0398911119749148,0.8935120701789856,0.5607309341430664,,
uniform,em_log,"Euler--Maruyama, log sigma",Euler update,20,0,3,0,0.059368583955802,0.0791581119410693,0.768480122089386,0.3854764401912689,,
uniform,em_log,"Euler--Maruyama, log sigma",Euler update,20,0,3,1,0.059310381009709,0.0790805080129454,0.7681933045387268,0.3189243972301483,,
uniform,em_log,"Euler--Maruyama, log sigma",Euler update,50,0,3,0,0.1521062140236608,0.2028082853648811,0.7560036182403564,0.2087763994932174,,
uniform,em_log,"Euler--Maruyama, log sigma",Euler update,50,0,3,1,0.1560999540379271,0.2081332720505694,0.7515292763710022,0.2153593152761459,,
uniform,legacy_time_dpm,Legacy time-space DPM-1,DPM predictor,5,1,0,0,0.014979637984652,0.0199728506462027,0.2496770471334457,0.1520721316337585,,
uniform,legacy_time_dpm,Legacy time-space DPM-1,DPM predictor,5,1,0,1,0.0143672470003366,0.0191563293337821,0.2497738599777221,0.1648702770471573,,
uniform,legacy_time_dpm,Legacy time-space DPM-1,DPM predictor,10,1,0,0,0.0282095120055601,0.0376126826740801,0.2596221268177032,0.2545047700405121,,
uniform,legacy_time_dpm,Legacy time-space DPM-1,DPM predictor,10,1,0,1,0.0307424779748544,0.0409899706331392,0.2395389974117279,0.2507748305797577,,
uniform,legacy_time_dpm,Legacy time-space DPM-1,DPM predictor,20,1,0,0,0.0577560980455018,0.0770081307273358,0.2546930313110351,0.2676341831684112,,
uniform,legacy_time_dpm,Legacy time-space DPM-1,DPM predictor,20,1,0,1,0.0567094740108586,0.0756126320144782,0.2231359183788299,0.2802601158618927,,
uniform,legacy_time_dpm,Legacy time-space DPM-1,DPM predictor,50,1,0,0,0.1437183360103517,0.1916244480138023,0.2547059059143066,0.3310858309268951,,
uniform,legacy_time_dpm,Legacy time-space DPM-1,DPM predictor,50,1,0,1,0.1449807540047913,0.1933076720063885,0.211463987827301,0.2609671652317047,,
uniform,sigma_uniform_dpm,"Sigma-space DPM-1, uniform t",DPM predictor,5,1,0,0,0.0145204929867759,0.0193606573157012,0.2081222981214523,0.1441170573234558,,
uniform,sigma_uniform_dpm,"Sigma-space DPM-1, uniform t",DPM predictor,5,1,0,1,0.0149359650094993,0.0199146200126657,0.2100863754749298,0.1585892438888549,,
uniform,sigma_uniform_dpm,"Sigma-space DPM-1, uniform t",DPM predictor,10,1,0,0,0.0316335190436802,0.0421780253915737,0.2132414579391479,0.1997490376234054,,
uniform,sigma_uniform_dpm,"Sigma-space DPM-1, uniform t",DPM predictor,10,1,0,1,0.0302051450125873,0.0402735266834497,0.2001804113388061,0.1987290829420089,,
uniform,sigma_uniform_dpm,"Sigma-space DPM-1, uniform t",DPM predictor,20,1,0,0,0.0616334619699046,0.0821779492932061,0.2253029495477676,0.2173784673213958,,
uniform,sigma_uniform_dpm,"Sigma-space DPM-1, uniform t",DPM predictor,20,1,0,1,0.0612497449619695,0.0816663266159594,0.1928437650203704,0.2281054109334945,,
uniform,sigma_uniform_dpm,"Sigma-space DPM-1, uniform t",DPM predictor,50,1,0,0,0.149722604022827,0.1996301386971026,0.2377048134803772,0.2922875583171844,,
uniform,sigma_uniform_dpm,"Sigma-space DPM-1, uniform t",DPM predictor,50,1,0,1,0.1528938470291905,0.2038584627055873,0.1955370754003524,0.2261306196451187,,
uniform,sigma_log_dpm,"Sigma-space DPM-1, log sigma",DPM predictor,5,1,0,0,0.0171362120308913,0.0228482827078551,0.2436397671699524,0.1076948195695877,,
uniform,sigma_log_dpm,"Sigma-space DPM-1, log sigma",DPM predictor,5,1,0,1,0.0147760619875043,0.0197014159833391,0.244483932852745,0.1195183098316192,,
uniform,sigma_log_dpm,"Sigma-space DPM-1, log sigma",DPM predictor,10,1,0,0,0.0324742469820193,0.0432989959760258,0.2356223613023758,0.1912759095430374,,
uniform,sigma_log_dpm,"Sigma-space DPM-1, log sigma",DPM predictor,10,1,0,1,0.0323293449473567,0.0431057932631423,0.2195034027099609,0.1893073469400406,,
uniform,sigma_log_dpm,"Sigma-space DPM-1, log sigma",DPM predictor,20,1,0,0,0.0650499609764665,0.0867332813019553,0.2351555079221725,0.2148728668689727,,
uniform,sigma_log_dpm,"Sigma-space DPM-1, log sigma",DPM predictor,20,1,0,1,0.0639629740035161,0.0852839653380215,0.2039824277162552,0.2257617563009262,,
uniform,sigma_log_dpm,"Sigma-space DPM-1, log sigma",DPM predictor,50,1,0,0,0.1584935989812947,0.2113247986417263,0.2415805906057357,0.2916867434978485,,1.5545835494995115
uniform,sigma_log_dpm,"Sigma-space DPM-1, log sigma",DPM predictor,50,1,0,1,0.1561770940315909,0.2082361253754546,0.1996525973081588,0.225866824388504,,1.4546774625778198
uniform,dpm2_log,"DPM-2 + corrector, log sigma",Overall sampler,5,1,0,0,0.1081223980290815,0.1441631973721087,0.098394751548767,0.238198310136795,,
uniform,dpm2_log,"DPM-2 + corrector, log sigma",Overall sampler,5,1,0,1,0.1064296379918232,0.1419061839890976,0.1356658786535263,0.2583565711975097,,
uniform,dpm2_log,"DPM-2 + corrector, log sigma",Overall sampler,10,1,0,0,0.1509614689857699,0.2012819586476932,0.1752831041812896,0.2441907823085785,,
uniform,dpm2_log,"DPM-2 + corrector, log sigma",Overall sampler,10,1,0,1,0.1568274050368927,0.209103206715857,0.1700079888105392,0.2039661556482315,,
uniform,dpm2_log,"DPM-2 + corrector, log sigma",Overall sampler,20,1,0,0,0.2488345610327087,0.3317794147102783,0.1462520360946655,0.1854219883680343,,
uniform,dpm2_log,"DPM-2 + corrector, log sigma",Overall sampler,20,1,0,1,0.2517386660329066,0.3356515547105421,0.1183881685137748,0.2270272076129913,,
uniform,dpm2_log,"DPM-2 + corrector, log sigma",Overall sampler,50,1,0,0,0.531202596030198,0.708270128040264,0.0744949504733085,0.1387116312980651,,1.2602704763412476
uniform,dpm2_log,"DPM-2 + corrector, log sigma",Overall sampler,50,1,0,1,0.538806841999758,0.718409122666344,0.0836093127727508,0.1294972002506256,,1.2450639009475708
uniform,legacy_drift_euler,Legacy drift-only Euler,Euler update,5,1,0,0,0.0151657499955035,0.0202209999940047,0.1440331041812896,0.1304503679275512,,
uniform,legacy_drift_euler,Legacy drift-only Euler,Euler update,5,1,0,1,0.0152547929901629,0.0203397239868839,0.1464129835367202,0.1276937574148178,,
uniform,legacy_drift_euler,Legacy drift-only Euler,Euler update,10,1,0,0,0.0296862890245392,0.0395817186993857,0.1208358705043792,0.1418754756450653,,
uniform,legacy_drift_euler,Legacy drift-only Euler,Euler update,10,1,0,1,0.0312968490179628,0.0417291320239504,0.117764338850975,0.1421911269426345,,
uniform,legacy_drift_euler,Legacy drift-only Euler,Euler update,20,1,0,0,0.0628624859964475,0.0838166479952633,0.1142553389072418,0.1503420025110244,,
uniform,legacy_drift_euler,Legacy drift-only Euler,Euler update,20,1,0,1,0.0632287880289368,0.0843050507052491,0.0999106094241142,0.1491389125585556,,
uniform,legacy_drift_euler,Legacy drift-only Euler,Euler update,50,1,0,0,0.1548324950272217,0.2064433267029623,0.1087862327694892,0.1501575112342834,,
uniform,legacy_drift_euler,Legacy drift-only Euler,Euler update,50,1,0,1,0.1548024819931015,0.2064033093241354,0.0935754999518394,0.1569614261388778,,
uniform,em_uniform,"Euler--Maruyama, uniform t",Euler update,5,1,0,0,0.0154908830299973,0.0206545107066631,0.1100004687905311,0.9241349697113036,,
uniform,em_uniform,"Euler--Maruyama, uniform t",Euler update,5,1,0,1,0.0145847550011239,0.0194463400014986,0.1838188916444778,1.050701141357422,,
uniform,em_uniform,"Euler--Maruyama, uniform t",Euler update,10,1,0,0,0.0314183040172793,0.041891072023039,0.1892332881689071,0.562027633190155,,
uniform,em_uniform,"Euler--Maruyama, uniform t",Euler update,10,1,0,1,0.0300688670249655,0.0400918226999541,0.1862009018659591,0.428745299577713,,
uniform,em_uniform,"Euler--Maruyama, uniform t",Euler update,20,1,0,0,0.0620578160160221,0.0827437546880294,0.1506587266921997,0.3568640053272247,,
uniform,em_uniform,"Euler--Maruyama, uniform t",Euler update,20,1,0,1,0.0635013620485551,0.0846684827314068,0.1178832277655601,0.3839937448501587,,
uniform,em_uniform,"Euler--Maruyama, uniform t",Euler update,50,1,0,0,0.1737144069629721,0.2316192092839628,0.1035924181342125,0.2611168622970581,,
uniform,em_uniform,"Euler--Maruyama, uniform t",Euler update,50,1,0,1,0.1566762110451236,0.2089016147268315,0.0768026039004325,0.2697609364986419,,
uniform,em_log,"Euler--Maruyama, log sigma",Euler update,5,1,0,0,0.0158977010287344,0.0211969347049792,0.159267172217369,1.488716959953308,,
uniform,em_log,"Euler--Maruyama, log sigma",Euler update,5,1,0,1,0.0160963399684987,0.021461786624665,0.2106868028640747,1.603682279586792,,
uniform,em_log,"Euler--Maruyama, log sigma",Euler update,10,1,0,0,0.0321490819915197,0.0428654426553597,0.16819728910923,0.5279552936553955,,
uniform,em_log,"Euler--Maruyama, log sigma",Euler update,10,1,0,1,0.0306418070103973,0.0408557426805297,0.1632166355848312,0.4305596053600311,,
uniform,em_log,"Euler--Maruyama, log sigma",Euler update,20,1,0,0,0.0636819280334748,0.0849092373779664,0.1397204101085662,0.2874453365802765,,
uniform,em_log,"Euler--Maruyama, log sigma",Euler update,20,1,0,1,0.0629913819720968,0.0839885092961291,0.1148526296019554,0.3249185383319855,,
uniform,em_log,"Euler--Maruyama, log sigma",Euler update,50,1,0,0,0.1568901319988072,0.2091868426650762,0.1006568893790245,0.2344747185707092,,
uniform,em_log,"Euler--Maruyama, log sigma",Euler update,50,1,0,1,0.1569370650104247,0.2092494200138996,0.0936491936445236,0.210480585694313,,
uniform,legacy_time_dpm,Legacy time-space DPM-1,DPM predictor,5,1,1,0,0.0144307789742015,0.0192410386322687,0.4502657353878021,0.1773990988731384,,
uniform,legacy_time_dpm,Legacy time-space DPM-1,DPM predictor,5,1,1,1,0.0135303760180249,0.0180405013573666,0.4504970908164978,0.1910579353570938,,
uniform,legacy_time_dpm,Legacy time-space DPM-1,DPM predictor,10,1,1,0,0.0297225969843566,0.0396301293124755,0.4245031177997589,0.2469534277915954,,
uniform,legacy_time_dpm,Legacy time-space DPM-1,DPM predictor,10,1,1,1,0.0292422120110131,0.0389896160146842,0.408835768699646,0.2173466682434082,,
uniform,legacy_time_dpm,Legacy time-space DPM-1,DPM predictor,20,1,1,0,0.0593674730043858,0.0791566306725144,0.3575362861156463,0.3173317313194275,,
uniform,legacy_time_dpm,Legacy time-space DPM-1,DPM predictor,20,1,1,1,0.0594256670447066,0.0792342227262755,0.3837300539016723,0.2780368626117706,,
uniform,legacy_time_dpm,Legacy time-space DPM-1,DPM predictor,50,1,1,0,0.1515799169428646,0.2021065559238195,0.3649448156356811,0.2728335559368133,,
uniform,legacy_time_dpm,Legacy time-space DPM-1,DPM predictor,50,1,1,1,0.1527810259722173,0.203708034629623,0.3693439066410064,0.2738243341445923,,
uniform,sigma_uniform_dpm,"Sigma-space DPM-1, uniform t",DPM predictor,5,1,1,0,0.0143591100350022,0.0191454800466696,0.3514289855957031,0.1611035466194152,,
uniform,sigma_uniform_dpm,"Sigma-space DPM-1, uniform t",DPM predictor,5,1,1,1,0.0158164710155688,0.0210886280207584,0.3507620394229889,0.173552930355072,,
uniform,sigma_uniform_dpm,"Sigma-space DPM-1, uniform t",DPM predictor,10,1,1,0,0.0302291790139861,0.0403055720186481,0.327221155166626,0.1893480271100998,,
uniform,sigma_uniform_dpm,"Sigma-space DPM-1, uniform t",DPM predictor,10,1,1,1,0.0311090399627573,0.0414787199503431,0.3147302865982055,0.1628388166427612,,
uniform,sigma_uniform_dpm,"Sigma-space DPM-1, uniform t",DPM predictor,20,1,1,0,0.062156597035937,0.0828754627145826,0.2955629527568817,0.2595916986465454,,
uniform,sigma_uniform_dpm,"Sigma-space DPM-1, uniform t",DPM predictor,20,1,1,1,0.0623558799852617,0.0831411733136822,0.3161064684391022,0.2229654490947723,,
uniform,sigma_uniform_dpm,"Sigma-space DPM-1, uniform t",DPM predictor,50,1,1,0,0.1566174589679576,0.2088232786239435,0.3258416652679443,0.2345130145549774,,
uniform,sigma_uniform_dpm,"Sigma-space DPM-1, uniform t",DPM predictor,50,1,1,1,0.15601355797844,0.2080180773045867,0.3299822211265564,0.2358098775148391,,
uniform,sigma_log_dpm,"Sigma-space DPM-1, log sigma",DPM predictor,5,1,1,0,0.0165646619861945,0.0220862159815927,0.4247985184192657,0.1274700164794922,,
uniform,sigma_log_dpm,"Sigma-space DPM-1, log sigma",DPM predictor,5,1,1,1,0.0161741420160979,0.0215655226881305,0.4245714843273163,0.1407216340303421,,
uniform,sigma_log_dpm,"Sigma-space DPM-1, log sigma",DPM predictor,10,1,1,0,0.0312646050006151,0.0416861400008201,0.3755757510662079,0.1824135929346084,,
uniform,sigma_log_dpm,"Sigma-space DPM-1, log sigma",DPM predictor,10,1,1,1,0.0316320079728029,0.0421760106304039,0.3620714247226715,0.1565838307142257,,
uniform,sigma_log_dpm,"Sigma-space DPM-1, log sigma",DPM predictor,20,1,1,0,0.0631527010118588,0.0842036013491451,0.3197572827339172,0.2570957839488983,,
uniform,sigma_log_dpm,"Sigma-space DPM-1, log sigma",DPM predictor,20,1,1,1,0.0626130679738707,0.0834840906318277,0.3420629203319549,0.2212563604116439,,
uniform,sigma_log_dpm,"Sigma-space DPM-1, log sigma",DPM predictor,50,1,1,0,0.156243022007402,0.2083240293432027,0.3368558287620544,0.2347804754972458,,1.5014301538467407
uniform,sigma_log_dpm,"Sigma-space DPM-1, log sigma",DPM predictor,50,1,1,1,0.1533208669861778,0.2044278226482371,0.3409660160541534,0.2360136806964874,,1.5055723190307615
uniform,dpm2_log,"DPM-2 + corrector, log sigma",Overall sampler,5,1,1,0,0.1136259909835644,0.1515013213114192,0.1789146214723587,0.2742152512073517,,
uniform,dpm2_log,"DPM-2 + corrector, log sigma",Overall sampler,5,1,1,1,0.1218099989928305,0.1624133319904407,0.1698511242866516,0.2365592271089553,,
uniform,dpm2_log,"DPM-2 + corrector, log sigma",Overall sampler,10,1,1,0,0.164536839001812,0.219382452002416,0.2134595662355423,0.2274859100580215,,
uniform,dpm2_log,"DPM-2 + corrector, log sigma",Overall sampler,10,1,1,1,0.1589068849571049,0.2118758466094732,0.2150581032037735,0.2473151087760925,,
uniform,dpm2_log,"DPM-2 + corrector, log sigma",Overall sampler,20,1,1,0,0.2490029860055074,0.3320039813406765,0.1526403725147247,0.2049784660339355,,
uniform,dpm2_log,"DPM-2 + corrector, log sigma",Overall sampler,20,1,1,1,0.2439005000051111,0.3252006666734814,0.1462111622095108,0.2012822926044464,,
uniform,dpm2_log,"DPM-2 + corrector, log sigma",Overall sampler,50,1,1,0,0.522817584045697,0.6970901120609293,0.0937311798334121,0.1087432354688644,,1.2276828289031982
uniform,dpm2_log,"DPM-2 + corrector, log sigma",Overall sampler,50,1,1,1,0.5194440410123207,0.6925920546830943,0.098330058157444,0.112746961414814,,1.2445367574691772
uniform,legacy_drift_euler,Legacy drift-only Euler,Euler update,5,1,1,0,0.0154660010011866,0.0206213346682488,0.2072542756795883,0.1292784810066223,,
uniform,legacy_drift_euler,Legacy drift-only Euler,Euler update,5,1,1,1,0.0155223140027374,0.0206964186703165,0.2071263045072555,0.1271708011627197,,
uniform,legacy_drift_euler,Legacy drift-only Euler,Euler update,10,1,1,0,0.0292415499570779,0.0389887332761039,0.1487569957971573,0.1476078480482101,,
uniform,legacy_drift_euler,Legacy drift-only Euler,Euler update,10,1,1,1,0.0308407429838553,0.0411209906451404,0.1465247720479965,0.1511654555797577,,
uniform,legacy_drift_euler,Legacy drift-only Euler,Euler update,20,1,1,0,0.0613082879572175,0.0817443839429567,0.122289128601551,0.1516357958316803,,
uniform,legacy_drift_euler,Legacy drift-only Euler,Euler update,20,1,1,1,0.0607793779927305,0.0810391706569741,0.1255827695131302,0.1551442891359329,,
uniform,legacy_drift_euler,Legacy drift-only Euler,Euler update,50,1,1,0,0.1548457960016094,0.2064610613354792,0.1141056343913078,0.1616923809051513,,
uniform,legacy_drift_euler,Legacy drift-only Euler,Euler update,50,1,1,1,0.1589169600047171,0.2118892800062894,0.1143299862742424,0.1613255888223648,,
uniform,em_uniform,"Euler--Maruyama, uniform t",Euler update,5,1,1,0,0.0157793120015412,0.0210390826687216,0.2926194071769714,0.9491053223609924,,
uniform,em_uniform,"Euler--Maruyama, uniform t",Euler update,5,1,1,1,0.0144978199969045,0.0193304266625394,0.2609400153160095,0.9095706343650818,,
uniform,em_uniform,"Euler--Maruyama, uniform t",Euler update,10,1,1,0,0.0316117060137912,0.0421489413517216,0.1972736865282058,0.5048901438713074,,
uniform,em_uniform,"Euler--Maruyama, uniform t",Euler update,10,1,1,1,0.0309508690261282,0.0412678253681709,0.1951919347047805,0.5498685836791992,,
uniform,em_uniform,"Euler--Maruyama, uniform t",Euler update,20,1,1,0,0.0644438510062173,0.0859251346749564,0.1308143436908722,0.3712906539440155,,
uniform,em_uniform,"Euler--Maruyama, uniform t",Euler update,20,1,1,1,0.0646160619799047,0.0861547493065397,0.137326955795288,0.306440532207489,,
uniform,em_uniform,"Euler--Maruyama, uniform t",Euler update,50,1,1,0,0.1561858659842983,0.2082478213123977,0.1354041099548339,0.2763866484165191,,
uniform,em_uniform,"Euler--Maruyama, uniform t",Euler update,50,1,1,1,0.1656097680097445,0.2208130240129927,0.1324066966772079,0.2585398554801941,,
uniform,em_log,"Euler--Maruyama, log sigma",Euler update,5,1,1,0,0.0165434050140902,0.0220578733521203,0.2887983322143554,1.359343647956848,,
uniform,em_log,"Euler--Maruyama, log sigma",Euler update,5,1,1,1,0.0165411939960904,0.0220549253281205,0.3209422528743744,1.4017127752304075,,
uniform,em_log,"Euler--Maruyama, log sigma",Euler update,10,1,1,0,0.0318089270149357,0.042411902686581,0.160415917634964,0.4908055067062378,,
uniform,em_log,"Euler--Maruyama, log sigma",Euler update,10,1,1,1,0.0342052530031651,0.0456070040042201,0.1738111227750778,0.5536801815032959,,
uniform,em_log,"Euler--Maruyama, log sigma",Euler update,20,1,1,0,0.0622649239958263,0.0830198986611018,0.1346129924058914,0.2903977632522583,,
uniform,em_log,"Euler--Maruyama, log sigma",Euler update,20,1,1,1,0.0636207580100745,0.084827677346766,0.1163053661584854,0.2952901721000671,,
uniform,em_log,"Euler--Maruyama, log sigma",Euler update,50,1,1,0,0.1591366680222563,0.2121822240296751,0.1225825399160385,0.1722184270620346,,
uniform,em_log,"Euler--Maruyama, log sigma",Euler update,50,1,1,1,0.1639734089840203,0.2186312119786938,0.1226014792919159,0.1902120560407638,,
uniform,legacy_time_dpm,Legacy time-space DPM-1,DPM predictor,5,1,2,0,0.0138081359909847,0.0184108479879796,0.3301090896129608,0.1367127150297165,,
uniform,legacy_time_dpm,Legacy time-space DPM-1,DPM predictor,5,1,2,1,0.0144254940096288,0.0192339920128385,0.3233439922332763,0.1326991021633148,,
uniform,legacy_time_dpm,Legacy time-space DPM-1,DPM predictor,10,1,2,0,0.0294570120167918,0.0392760160223891,0.2254309058189392,0.3213310241699219,,
uniform,legacy_time_dpm,Legacy time-space DPM-1,DPM predictor,10,1,2,1,0.0284474979853257,0.0379299973137676,0.2784412801265716,0.2528401017189026,,
uniform,legacy_time_dpm,Legacy time-space DPM-1,DPM predictor,20,1,2,0,0.0603706039837561,0.0804941386450082,0.2778097987174988,0.2800804674625397,,
uniform,legacy_time_dpm,Legacy time-space DPM-1,DPM predictor,20,1,2,1,0.0595205099671147,0.079360679956153,0.3045843839645386,0.2683600783348083,,
uniform,legacy_time_dpm,Legacy time-space DPM-1,DPM predictor,50,1,2,0,0.1496645250008441,0.1995527000011255,0.2619098424911499,0.2371135801076889,,
uniform,legacy_time_dpm,Legacy time-space DPM-1,DPM predictor,50,1,2,1,0.1520189630100503,0.2026919506800671,0.2981674373149872,0.2303675711154937,,
uniform,sigma_uniform_dpm,"Sigma-space DPM-1, uniform t",DPM predictor,5,1,2,0,0.0158902350231073,0.0211869800308098,0.3112554848194122,0.1336813122034073,,
uniform,sigma_uniform_dpm,"Sigma-space DPM-1, uniform t",DPM predictor,5,1,2,1,0.0156405080342665,0.0208540107123553,0.3047992587089538,0.1313438713550567,,
uniform,sigma_uniform_dpm,"Sigma-space DPM-1, uniform t",DPM predictor,10,1,2,0,0.0300442990264855,0.0400590653686473,0.2057792693376541,0.2663055658340454,,
uniform,sigma_uniform_dpm,"Sigma-space DPM-1, uniform t",DPM predictor,10,1,2,1,0.0307895930018275,0.0410527906691034,0.256872296333313,0.2047237753868103,,
uniform,sigma_uniform_dpm,"Sigma-space DPM-1, uniform t",DPM predictor,20,1,2,0,0.0617759550223127,0.0823679400297502,0.2578954994678497,0.229568675160408,,
uniform,sigma_uniform_dpm,"Sigma-space DPM-1, uniform t",DPM predictor,20,1,2,1,0.0613762389984913,0.0818349853313217,0.2845263183116913,0.2184711396694183,,
uniform,sigma_uniform_dpm,"Sigma-space DPM-1, uniform t",DPM predictor,50,1,2,0,0.1552080879919231,0.2069441173225641,0.2505467236042022,0.2051682025194168,,
uniform,sigma_uniform_dpm,"Sigma-space DPM-1, uniform t",DPM predictor,50,1,2,1,0.155852081021294,0.2078027746950586,0.2860981523990631,0.1988943964242935,,
uniform,sigma_log_dpm,"Sigma-space DPM-1, log sigma",DPM predictor,5,1,2,0,0.0167580849956721,0.0223441133275628,0.3103825151920318,0.0953766480088234,,
uniform,sigma_log_dpm,"Sigma-space DPM-1, log sigma",DPM predictor,5,1,2,1,0.0155431739985942,0.0207242319981257,0.3045723438262939,0.0934475064277648,,
uniform,sigma_log_dpm,"Sigma-space DPM-1, log sigma",DPM predictor,10,1,2,0,0.029745184991043,0.039660246654724,0.2112328857183456,0.2537952959537506,,
uniform,sigma_log_dpm,"Sigma-space DPM-1, log sigma",DPM predictor,10,1,2,1,0.0323218320263549,0.0430957760351399,0.2614622712135315,0.1934186369180679,,
uniform,sigma_log_dpm,"Sigma-space DPM-1, log sigma",DPM predictor,20,1,2,0,0.0611428810516372,0.0815238414021829,0.261798620223999,0.2266487777233123,,
uniform,sigma_log_dpm,"Sigma-space DPM-1, log sigma",DPM predictor,20,1,2,1,0.0611009479616768,0.0814679306155691,0.2877753376960754,0.2158150672912597,,
uniform,sigma_log_dpm,"Sigma-space DPM-1, log sigma",DPM predictor,50,1,2,0,0.1545939670177176,0.2061252893569568,0.2521794438362121,0.2045779377222061,,1.414615273475647
uniform,sigma_log_dpm,"Sigma-space DPM-1, log sigma",DPM predictor,50,1,2,1,0.1579687130288221,0.2106249507050961,0.2875052392482757,0.1983837485313415,,1.406727910041809
uniform,dpm2_log,"DPM-2 + corrector, log sigma",Overall sampler,5,1,2,0,0.1117400730145163,0.1489867640193551,0.2148504108190536,0.2432265430688858,,
uniform,dpm2_log,"DPM-2 + corrector, log sigma",Overall sampler,5,1,2,1,0.1062788030249066,0.1417050706998755,0.2638438045978546,0.2157049924135208,,
uniform,dpm2_log,"DPM-2 + corrector, log sigma",Overall sampler,10,1,2,0,0.1506386059918441,0.2008514746557921,0.153487890958786,0.2854803800582886,,
uniform,dpm2_log,"DPM-2 + corrector, log sigma",Overall sampler,10,1,2,1,0.1521692649694159,0.2028923532925546,0.2264321744441986,0.2193665355443954,,
uniform,dpm2_log,"DPM-2 + corrector, log sigma",Overall sampler,20,1,2,0,0.2474819719791412,0.329975962638855,0.1884217113256454,0.2141898572444915,,
uniform,dpm2_log,"DPM-2 + corrector, log sigma",Overall sampler,20,1,2,1,0.2410422709654085,0.3213896946205447,0.1813411563634872,0.1855666637420654,,
uniform,dpm2_log,"DPM-2 + corrector, log sigma",Overall sampler,50,1,2,0,0.5236618180060759,0.6982157573414346,0.122406356036663,0.1172470971941948,,1.2406364679336548
uniform,dpm2_log,"DPM-2 + corrector, log sigma",Overall sampler,50,1,2,1,0.5301143400138244,0.7068191200184325,0.1699901968240738,0.1099463105201721,,1.228950023651123
uniform,legacy_drift_euler,Legacy drift-only Euler,Euler update,5,1,2,0,0.0154057469917461,0.0205409959889948,0.2618244588375091,0.135407954454422,,
uniform,legacy_drift_euler,Legacy drift-only Euler,Euler update,5,1,2,1,0.0155035670031793,0.0206714226709057,0.2587068974971771,0.136260911822319,,
uniform,legacy_drift_euler,Legacy drift-only Euler,Euler update,10,1,2,0,0.0305132979992777,0.0406843973323702,0.1858161836862564,0.1373828500509262,,
uniform,legacy_drift_euler,Legacy drift-only Euler,Euler update,10,1,2,1,0.030787652998697,0.0410502039982626,0.2064346224069595,0.1453885734081268,,
uniform,legacy_drift_euler,Legacy drift-only Euler,Euler update,20,1,2,0,0.0629885360249318,0.083984714699909,0.1883080899715423,0.1526396572589874,,
uniform,legacy_drift_euler,Legacy drift-only Euler,Euler update,20,1,2,1,0.0630958559922874,0.0841278079897165,0.1984087377786636,0.1529164165258407,,
uniform,legacy_drift_euler,Legacy drift-only Euler,Euler update,50,1,2,0,0.1584158570040017,0.2112211426720023,0.1722555309534073,0.1615195572376251,,
uniform,legacy_drift_euler,Legacy drift-only Euler,Euler update,50,1,2,1,0.156574519991409,0.208766026655212,0.1849923580884933,0.1620713025331497,,
uniform,em_uniform,"Euler--Maruyama, uniform t",Euler update,5,1,2,0,0.0159084560000337,0.0212112746667116,0.2599445879459381,1.019252061843872,,
uniform,em_uniform,"Euler--Maruyama, uniform t",Euler update,5,1,2,1,0.0149257890298031,0.0199010520397375,0.3738605678081512,0.9360391497612,,
uniform,em_uniform,"Euler--Maruyama, uniform t",Euler update,10,1,2,0,0.0336037739762105,0.0448050319682806,0.1858302950859069,0.5515270233154297,,
uniform,em_uniform,"Euler--Maruyama, uniform t",Euler update,10,1,2,1,0.0309814090142026,0.0413085453522702,0.2328349351882934,0.4718017876148224,,
uniform,em_uniform,"Euler--Maruyama, uniform t",Euler update,20,1,2,0,0.0641144880210049,0.0854859840280066,0.1870498210191726,0.3971025645732879,,
uniform,em_uniform,"Euler--Maruyama, uniform t",Euler update,20,1,2,1,0.0648362489882856,0.0864483319843808,0.2096411883831024,0.3625233769416809,,
uniform,em_uniform,"Euler--Maruyama, uniform t",Euler update,50,1,2,0,0.1596561400219798,0.2128748533626397,0.1477218866348266,0.2445023506879806,,
uniform,em_uniform,"Euler--Maruyama, uniform t",Euler update,50,1,2,1,0.1588507890119217,0.2118010520158956,0.216364100575447,0.2085056006908416,,
uniform,em_log,"Euler--Maruyama, log sigma",Euler update,5,1,2,0,0.014625022013206,0.0195000293509413,0.2626626491546631,1.759905219078064,,
uniform,em_log,"Euler--Maruyama, log sigma",Euler update,5,1,2,1,0.0158503269776701,0.0211337693035602,0.3284119367599487,1.5333091020584106,,
uniform,em_log,"Euler--Maruyama, log sigma",Euler update,10,1,2,0,0.0328888069489039,0.0438517425985386,0.1510387808084488,0.540097177028656,,
uniform,em_log,"Euler--Maruyama, log sigma",Euler update,10,1,2,1,0.0311117529636248,0.0414823372848331,0.2228467017412185,0.5150675177574158,,
uniform,em_log,"Euler--Maruyama, log sigma",Euler update,20,1,2,0,0.0651915210182778,0.0869220280243704,0.1777989119291305,0.2994397580623626,,
uniform,em_log,"Euler--Maruyama, log sigma",Euler update,20,1,2,1,0.0644053119467571,0.0858737492623428,0.1587634831666946,0.2908295691013336,,
uniform,em_log,"Euler--Maruyama, log sigma",Euler update,50,1,2,0,0.1610900700325146,0.2147867600433528,0.1454043090343475,0.1971821188926696,,
uniform,em_log,"Euler--Maruyama, log sigma",Euler update,50,1,2,1,0.1600070970016531,0.2133427960022042,0.1999306827783584,0.1833959817886352,,
uniform,legacy_time_dpm,Legacy time-space DPM-1,DPM predictor,5,1,3,0,0.014057683001738,0.0187435773356507,1.3494311571121216,0.1922714710235595,,
uniform,legacy_time_dpm,Legacy time-space DPM-1,DPM predictor,5,1,3,1,0.0153774689533747,0.020503291937833,1.3314701318740845,0.2080932855606079,,
uniform,legacy_time_dpm,Legacy time-space DPM-1,DPM predictor,10,1,3,0,0.029090225987602,0.0387869679834693,1.1955630779266355,0.3103498518466949,,
uniform,legacy_time_dpm,Legacy time-space DPM-1,DPM predictor,10,1,3,1,0.0301653820206411,0.0402205093608548,1.2266916036605835,0.2784353792667389,,
uniform,legacy_time_dpm,Legacy time-space DPM-1,DPM predictor,20,1,3,0,0.0600757659994997,0.0801010213326662,1.255879521369934,0.3388823568820953,,
uniform,legacy_time_dpm,Legacy time-space DPM-1,DPM predictor,20,1,3,1,0.0609959820285439,0.0813279760380586,1.2186521291732788,0.3440528810024261,,
uniform,legacy_time_dpm,Legacy time-space DPM-1,DPM predictor,50,1,3,0,0.1537232900154777,0.2049643866873035,1.1614621877670288,0.3124695718288421,,
uniform,legacy_time_dpm,Legacy time-space DPM-1,DPM predictor,50,1,3,1,0.1527669160277582,0.2036892213703443,1.198060393333435,0.3339861631393432,,
uniform,sigma_uniform_dpm,"Sigma-space DPM-1, uniform t",DPM predictor,5,1,3,0,0.0153869880014099,0.0205159840018798,1.2862392663955688,0.187086209654808,,
uniform,sigma_uniform_dpm,"Sigma-space DPM-1, uniform t",DPM predictor,5,1,3,1,0.01491917995736,0.0198922399431467,1.268452525138855,0.2081181108951568,,
uniform,sigma_uniform_dpm,"Sigma-space DPM-1, uniform t",DPM predictor,10,1,3,0,0.0300347969750873,0.0400463959667831,1.1124078035354614,0.2585815489292145,,
uniform,sigma_uniform_dpm,"Sigma-space DPM-1, uniform t",DPM predictor,10,1,3,1,0.0319040389731526,0.0425387186308701,1.1413180828094482,0.2281618267297744,,
uniform,sigma_uniform_dpm,"Sigma-space DPM-1, uniform t",DPM predictor,20,1,3,0,0.0616558849578723,0.0822078466104964,1.1819175481796265,0.287567675113678,,
uniform,sigma_uniform_dpm,"Sigma-space DPM-1, uniform t",DPM predictor,20,1,3,1,0.0615610030363313,0.0820813373817751,1.1457513570785522,0.2899936139583587,,
uniform,sigma_uniform_dpm,"Sigma-space DPM-1, uniform t",DPM predictor,50,1,3,0,0.15692969301017,0.2092395906802266,1.115082621574402,0.2759201824665069,,
uniform,sigma_uniform_dpm,"Sigma-space DPM-1, uniform t",DPM predictor,50,1,3,1,0.161163981014397,0.214885308019196,1.1503260135650637,0.297433078289032,,
uniform,sigma_log_dpm,"Sigma-space DPM-1, log sigma",DPM predictor,5,1,3,0,0.0145543569815345,0.0194058093087126,1.2980817556381226,0.1610647290945053,,
uniform,sigma_log_dpm,"Sigma-space DPM-1, log sigma",DPM predictor,5,1,3,1,0.015778606000822,0.0210381413344293,1.2808127403259275,0.176309123635292,,
uniform,sigma_log_dpm,"Sigma-space DPM-1, log sigma",DPM predictor,10,1,3,0,0.0316258269594982,0.0421677692793309,1.130376935005188,0.2478616535663604,,
uniform,sigma_log_dpm,"Sigma-space DPM-1, log sigma",DPM predictor,10,1,3,1,0.0308355080196633,0.0411140106928845,1.1589549779891968,0.2189597487449646,,
uniform,sigma_log_dpm,"Sigma-space DPM-1, log sigma",DPM predictor,20,1,3,0,0.0617205949965864,0.0822941266621152,1.1932737827301023,0.2837825715541839,,
uniform,sigma_log_dpm,"Sigma-space DPM-1, log sigma",DPM predictor,20,1,3,1,0.062286511005368,0.0830486813404907,1.1575767993927002,0.2863625288009643,,
uniform,sigma_log_dpm,"Sigma-space DPM-1, log sigma",DPM predictor,50,1,3,0,0.1573027859558351,0.2097370479411135,1.120768904685974,0.2752978503704071,,1.5974268913269043
uniform,sigma_log_dpm,"Sigma-space DPM-1, log sigma",DPM predictor,50,1,3,1,0.1584246219717897,0.2112328292957196,1.1560173034667969,0.2962985634803772,,1.5998042821884155
uniform,dpm2_log,"DPM-2 + corrector, log sigma",Overall sampler,5,1,3,0,0.1091191660379991,0.1454922213839987,0.841221809387207,0.3213036060333252,,
uniform,dpm2_log,"DPM-2 + corrector, log sigma",Overall sampler,5,1,3,1,0.1071397560299374,0.1428530080399165,0.8915613293647766,0.3009413182735443,,
uniform,dpm2_log,"DPM-2 + corrector, log sigma",Overall sampler,10,1,3,0,0.1544257350033149,0.2059009800044199,0.90889710187912,0.2950970232486725,,
uniform,dpm2_log,"DPM-2 + corrector, log sigma",Overall sampler,10,1,3,1,0.1552026849822141,0.2069369133096188,0.9229572415351868,0.2620067894458771,,
uniform,dpm2_log,"DPM-2 + corrector, log sigma",Overall sampler,20,1,3,0,0.2483402990037575,0.3311203986716767,0.8345746994018555,0.285063624382019,,
uniform,dpm2_log,"DPM-2 + corrector, log sigma",Overall sampler,20,1,3,1,0.253078834968619,0.3374384466248254,0.8247078061103821,0.2374127507209777,,
uniform,dpm2_log,"DPM-2 + corrector, log sigma",Overall sampler,50,1,3,0,0.5341895270394161,0.7122527027192215,0.6465001702308655,0.1330002099275589,,1.331487774848938
uniform,dpm2_log,"DPM-2 + corrector, log sigma",Overall sampler,50,1,3,1,0.5311493829940446,0.7081991773253927,0.6317899227142334,0.1462875306606292,,1.3361536264419556
uniform,legacy_drift_euler,Legacy drift-only Euler,Euler update,5,1,3,0,0.0156029149657115,0.0208038866209487,1.136884331703186,0.1260178685188293,,
uniform,legacy_drift_euler,Legacy drift-only Euler,Euler update,5,1,3,1,0.0156981129548512,0.0209308172731349,1.1287972927093506,0.1219118610024452,,
uniform,legacy_drift_euler,Legacy drift-only Euler,Euler update,10,1,3,0,0.0318088549538515,0.0424118066051354,0.9073243737220764,0.1418849378824234,,
uniform,legacy_drift_euler,Legacy drift-only Euler,Euler update,10,1,3,1,0.0314458099892362,0.041927746652315,0.9178284406661988,0.1455716639757156,,
uniform,legacy_drift_euler,Legacy drift-only Euler,Euler update,20,1,3,0,0.0624711039708927,0.0832948052945236,0.8368608355522156,0.1509836018085479,,
uniform,legacy_drift_euler,Legacy drift-only Euler,Euler update,20,1,3,1,0.0625050150556489,0.0833400200741986,0.8251875638961792,0.1519147157669067,,
uniform,legacy_drift_euler,Legacy drift-only Euler,Euler update,50,1,3,0,0.1551589450100436,0.2068785933467249,0.7445530295372009,0.1613529771566391,,
uniform,legacy_drift_euler,Legacy drift-only Euler,Euler update,50,1,3,1,0.1586716190213337,0.2115621586951116,0.7553596496582031,0.1589389741420745,,
uniform,em_uniform,"Euler--Maruyama, uniform t",Euler update,5,1,3,0,0.0157788299839012,0.0210384399785349,1.166058897972107,1.061510682106018,,
uniform,em_uniform,"Euler--Maruyama, uniform t",Euler update,5,1,3,1,0.0156974620185792,0.0209299493581056,1.21724534034729,1.0581810474395752,,
uniform,em_uniform,"Euler--Maruyama, uniform t",Euler update,10,1,3,0,0.0308966810116544,0.0411955746822059,0.9575141072273254,0.5556125640869141,,
uniform,em_uniform,"Euler--Maruyama, uniform t",Euler update,10,1,3,1,0.0328678959631361,0.0438238612841814,0.96156907081604,0.5635572671890259,,
uniform,em_uniform,"Euler--Maruyama, uniform t",Euler update,20,1,3,0,0.0637829810148105,0.085043974686414,0.8605625629425049,0.4712544977664947,,
uniform,em_uniform,"Euler--Maruyama, uniform t",Euler update,20,1,3,1,0.0635515690082684,0.0847354253443578,0.8697590231895447,0.4036500155925751,,
uniform,em_uniform,"Euler--Maruyama, uniform t",Euler update,50,1,3,0,0.1566727029858157,0.2088969373144209,0.8065400719642639,0.299651950597763,,
uniform,em_uniform,"Euler--Maruyama, uniform t",Euler update,50,1,3,1,0.159065444022417,0.2120872586965561,0.7988325357437134,0.2632265090942383,,
uniform,em_log,"Euler--Maruyama, log sigma",Euler update,5,1,3,0,0.0158588510239496,0.0211451346985995,1.1763209104537964,1.7368687391281128,,
uniform,em_log,"Euler--Maruyama, log sigma",Euler update,5,1,3,1,0.0163773790118284,0.0218365053491046,1.2230868339538574,1.97019636631012,,
uniform,em_log,"Euler--Maruyama, log sigma",Euler update,10,1,3,0,0.0324122169986367,0.0432162893315156,0.9258694052696228,0.5789569616317749,,
uniform,em_log,"Euler--Maruyama, log sigma",Euler update,10,1,3,1,0.0330415189964696,0.0440553586619595,0.9154127240180968,0.5908961296081543,,
uniform,em_log,"Euler--Maruyama, log sigma",Euler update,20,1,3,0,0.0640441729919985,0.0853922306559979,0.781550943851471,0.4147942364215851,,
uniform,em_log,"Euler--Maruyama, log sigma",Euler update,20,1,3,1,0.0649322880199179,0.0865763840265572,0.7760860919952393,0.3378064632415771,,
uniform,em_log,"Euler--Maruyama, log sigma",Euler update,50,1,3,0,0.1585484379902482,0.2113979173203309,0.7603275775909424,0.2300007492303848,,
uniform,em_log,"Euler--Maruyama, log sigma",Euler update,50,1,3,1,0.1564435110194608,0.2085913480259478,0.7547275424003601,0.2344116270542144,,
uniform,legacy_time_dpm,Legacy time-space DPM-1,DPM predictor,5,2,0,0,0.0148298040148802,0.0197730720198402,0.2549810111522674,0.147111713886261,,
uniform,legacy_time_dpm,Legacy time-space DPM-1,DPM predictor,5,2,0,1,0.0138900860329158,0.0185201147105544,0.2562085390090942,0.1590907573699951,,
uniform,legacy_time_dpm,Legacy time-space DPM-1,DPM predictor,10,2,0,0,0.0308553979848511,0.0411405306464682,0.2606732845306396,0.2497417479753494,,
uniform,legacy_time_dpm,Legacy time-space DPM-1,DPM predictor,10,2,0,1,0.0296186169725842,0.039491489296779,0.2421089261770248,0.2459923923015594,,
uniform,legacy_time_dpm,Legacy time-space DPM-1,DPM predictor,20,2,0,0,0.0625000590225681,0.0833334120300908,0.2562395632266998,0.2594977617263794,,
uniform,legacy_time_dpm,Legacy time-space DPM-1,DPM predictor,20,2,0,1,0.0622630369616672,0.0830173826155563,0.2248173058032989,0.2712053954601288,,
uniform,legacy_time_dpm,Legacy time-space DPM-1,DPM predictor,50,2,0,0,0.1532218239735812,0.2042957652981082,0.2576084733009338,0.321322500705719,,
uniform,legacy_time_dpm,Legacy time-space DPM-1,DPM predictor,50,2,0,1,0.1487743839970789,0.1983658453294386,0.2138043642044067,0.2518432438373565,,
uniform,sigma_uniform_dpm,"Sigma-space DPM-1, uniform t",DPM predictor,5,2,0,0,0.0150133770075626,0.0200178360100835,0.2127538174390792,0.1385828256607055,,
uniform,sigma_uniform_dpm,"Sigma-space DPM-1, uniform t",DPM predictor,5,2,0,1,0.0141446120105683,0.0188594826807578,0.2154909074306488,0.1519184410572052,,
uniform,sigma_uniform_dpm,"Sigma-space DPM-1, uniform t",DPM predictor,10,2,0,0,0.0304996100021526,0.0406661466695368,0.2120207548141479,0.1957190036773681,,
uniform,sigma_uniform_dpm,"Sigma-space DPM-1, uniform t",DPM predictor,10,2,0,1,0.0299130029743537,0.0398840039658049,0.2009156495332718,0.1946751326322555,,
uniform,sigma_uniform_dpm,"Sigma-space DPM-1, uniform t",DPM predictor,20,2,0,0,0.0618932580109685,0.0825243440146247,0.2260486781597137,0.2096065133810043,,
uniform,sigma_uniform_dpm,"Sigma-space DPM-1, uniform t",DPM predictor,20,2,0,1,0.0629142150282859,0.0838856200377146,0.1934867352247238,0.2191623598337173,,
uniform,sigma_uniform_dpm,"Sigma-space DPM-1, uniform t",DPM predictor,50,2,0,0,0.157382111006882,0.2098428146758427,0.2404637336730957,0.2824856042861938,,
uniform,sigma_uniform_dpm,"Sigma-space DPM-1, uniform t",DPM predictor,50,2,0,1,0.1536604019929655,0.2048805359906206,0.1977460831403732,0.2174177914857864,,
uniform,sigma_log_dpm,"Sigma-space DPM-1, log sigma",DPM predictor,5,2,0,0,0.0145644290023483,0.0194192386697977,0.2414498180150985,0.1116017550230026,,
uniform,sigma_log_dpm,"Sigma-space DPM-1, log sigma",DPM predictor,5,2,0,1,0.0145354869891889,0.0193806493189185,0.2434849292039871,0.1234291195869445,,
uniform,sigma_log_dpm,"Sigma-space DPM-1, log sigma",DPM predictor,10,2,0,0,0.0317766409716568,0.0423688546288758,0.2347182929515838,0.1888683289289474,,
uniform,sigma_log_dpm,"Sigma-space DPM-1, log sigma",DPM predictor,10,2,0,1,0.0305329160182736,0.0407105546910315,0.2203968316316604,0.1867073625326156,,
uniform,sigma_log_dpm,"Sigma-space DPM-1, log sigma",DPM predictor,20,2,0,0,0.0606771010207012,0.0809028013609349,0.2366269081830978,0.2078639417886734,,
uniform,sigma_log_dpm,"Sigma-space DPM-1, log sigma",DPM predictor,20,2,0,1,0.0625918070436455,0.0834557427248607,0.2050123810768127,0.2176434993743896,,
uniform,sigma_log_dpm,"Sigma-space DPM-1, log sigma",DPM predictor,50,2,0,0,0.1571657670428976,0.2095543560571968,0.2446995973587036,0.2822588384151459,,1.509552001953125
uniform,sigma_log_dpm,"Sigma-space DPM-1, log sigma",DPM predictor,50,2,0,1,0.1577334590256214,0.2103112787008285,0.2021763175725937,0.2174009680747985,,1.415311336517334
uniform,dpm2_log,"DPM-2 + corrector, log sigma",Overall sampler,5,2,0,0,0.1060386990429833,0.1413849320573111,0.109222799539566,0.2199121266603469,,
uniform,dpm2_log,"DPM-2 + corrector, log sigma",Overall sampler,5,2,0,1,0.1084763019462116,0.1446350692616154,0.1442097872495651,0.2415438890457153,,
uniform,dpm2_log,"DPM-2 + corrector, log sigma",Overall sampler,10,2,0,0,0.1527276160195469,0.2036368213593959,0.1811910569667816,0.2291459441184997,,
uniform,dpm2_log,"DPM-2 + corrector, log sigma",Overall sampler,10,2,0,1,0.1637936280458234,0.2183915040610979,0.1780391186475753,0.1906622946262359,,
uniform,dpm2_log,"DPM-2 + corrector, log sigma",Overall sampler,20,2,0,0,0.2458857040037401,0.3278476053383201,0.1579397618770599,0.1740677654743194,,
uniform,dpm2_log,"DPM-2 + corrector, log sigma",Overall sampler,20,2,0,1,0.2437152710044756,0.3249536946726342,0.1282638609409332,0.209908902645111,,
uniform,dpm2_log,"DPM-2 + corrector, log sigma",Overall sampler,50,2,0,0,0.5231441109790467,0.6975254813053956,0.0928266048431396,0.1239600628614425,,1.2168220281600952
uniform,dpm2_log,"DPM-2 + corrector, log sigma",Overall sampler,50,2,0,1,0.5370072809746489,0.7160097079661986,0.1036936864256858,0.1139151751995086,,1.202378511428833
uniform,legacy_drift_euler,Legacy drift-only Euler,Euler update,5,2,0,0,0.0143202029867097,0.0190936039822797,0.1607861816883087,0.1323362290859222,,
uniform,legacy_drift_euler,Legacy drift-only Euler,Euler update,5,2,0,1,0.0170425469987094,0.0227233959982792,0.1642879843711853,0.1294922530651092,,
uniform,legacy_drift_euler,Legacy drift-only Euler,Euler update,10,2,0,0,0.031340506975539,0.041787342634052,0.1441605687141418,0.1442739367485046,,
uniform,legacy_drift_euler,Legacy drift-only Euler,Euler update,10,2,0,1,0.0330685389926657,0.0440913853235542,0.1437664031982422,0.1448567360639572,,
uniform,legacy_drift_euler,Legacy drift-only Euler,Euler update,20,2,0,0,0.0648767100065015,0.0865022800086687,0.1465702652931213,0.1531615704298019,,
uniform,legacy_drift_euler,Legacy drift-only Euler,Euler update,20,2,0,1,0.0625686650164425,0.08342488668859,0.1303854286670684,0.1523942798376083,,
uniform,legacy_drift_euler,Legacy drift-only Euler,Euler update,50,2,0,0,0.1580442789709195,0.2107257052945594,0.1450428366661071,0.1536877155303955,,
uniform,legacy_drift_euler,Legacy drift-only Euler,Euler update,50,2,0,1,0.1539188809692859,0.2052251746257146,0.1314988732337951,0.1594361960887909,,
uniform,em_uniform,"Euler--Maruyama, uniform t",Euler update,5,2,0,0,0.0157228659954853,0.0209638213273137,0.1203337907791137,0.903485894203186,,
uniform,em_uniform,"Euler--Maruyama, uniform t",Euler update,5,2,0,1,0.0154238840332254,0.0205651787109673,0.1935106962919235,1.0318397283554075,,
uniform,em_uniform,"Euler--Maruyama, uniform t",Euler update,10,2,0,0,0.0302114210207946,0.0402818946943928,0.194791629910469,0.541735053062439,,
uniform,em_uniform,"Euler--Maruyama, uniform t",Euler update,10,2,0,1,0.031541678996291,0.0420555719950546,0.1916415244340896,0.4129388332366943,,
uniform,em_uniform,"Euler--Maruyama, uniform t",Euler update,20,2,0,0,0.0616400770377367,0.082186769383649,0.1592844575643539,0.3418480157852173,,
uniform,em_uniform,"Euler--Maruyama, uniform t",Euler update,20,2,0,1,0.0615035690134391,0.0820047586845855,0.1282392591238021,0.3635296821594238,,
uniform,em_uniform,"Euler--Maruyama, uniform t",Euler update,50,2,0,0,0.1670075469883158,0.2226767293177545,0.1171497851610183,0.243441641330719,,
uniform,em_uniform,"Euler--Maruyama, uniform t",Euler update,50,2,0,1,0.1577300369972363,0.2103067159963151,0.0902604460716247,0.251052051782608,,
uniform,em_log,"Euler--Maruyama, log sigma",Euler update,5,2,0,0,0.0154361849999986,0.0205815799999982,0.1624216735363006,1.4635815620422363,,
uniform,em_log,"Euler--Maruyama, log sigma",Euler update,5,2,0,1,0.0145952550228685,0.0194603400304913,0.2139711827039718,1.5667051076889038,,
uniform,em_log,"Euler--Maruyama, log sigma",Euler update,10,2,0,0,0.0317569419858045,0.0423425893144061,0.1732117831707,0.5054558515548706,,
uniform,em_log,"Euler--Maruyama, log sigma",Euler update,10,2,0,1,0.0305446390411816,0.0407261853882422,0.1686002761125564,0.4112475216388702,,
uniform,em_log,"Euler--Maruyama, log sigma",Euler update,20,2,0,0,0.0626772330142557,0.0835696440190076,0.1523774862289428,0.2720982432365417,,
uniform,em_log,"Euler--Maruyama, log sigma",Euler update,20,2,0,1,0.0615625440259464,0.0820833920345952,0.1259661316871643,0.3001005351543426,,
uniform,em_log,"Euler--Maruyama, log sigma",Euler update,50,2,0,0,0.155114023014903,0.2068186973532041,0.1135326698422432,0.2174243628978729,,
uniform,em_log,"Euler--Maruyama, log sigma",Euler update,50,2,0,1,0.1579968230216764,0.2106624306955685,0.1083914190530777,0.192952811717987,,
uniform,legacy_time_dpm,Legacy time-space DPM-1,DPM predictor,5,2,1,0,0.0139267320046201,0.0185689760061601,0.4604581594467163,0.1847502440214157,,
uniform,legacy_time_dpm,Legacy time-space DPM-1,DPM predictor,5,2,1,1,0.0145577669609338,0.0194103559479117,0.4610723853111267,0.20192252099514,,
uniform,legacy_time_dpm,Legacy time-space DPM-1,DPM predictor,10,2,1,0,0.0298315720283426,0.0397754293711235,0.4228597581386566,0.2570618391036987,,
uniform,legacy_time_dpm,Legacy time-space DPM-1,DPM predictor,10,2,1,1,0.0291536739678122,0.0388715652904162,0.4073506891727447,0.2252002507448196,,
uniform,legacy_time_dpm,Legacy time-space DPM-1,DPM predictor,20,2,1,0,0.059627567010466,0.0795034226806213,0.353136271238327,0.3284851908683777,,
uniform,legacy_time_dpm,Legacy time-space DPM-1,DPM predictor,20,2,1,1,0.0582966610090807,0.0777288813454409,0.3788242936134338,0.2880456745624542,,
uniform,legacy_time_dpm,Legacy time-space DPM-1,DPM predictor,50,2,1,0,0.1431594640016555,0.1908792853355407,0.3578344285488128,0.2839386761188507,,
uniform,legacy_time_dpm,Legacy time-space DPM-1,DPM predictor,50,2,1,1,0.1389764630002901,0.1853019506670534,0.3603964745998382,0.2801821529865265,,
uniform,sigma_uniform_dpm,"Sigma-space DPM-1, uniform t",DPM predictor,5,2,1,0,0.0147679750225506,0.0196906333634008,0.3571467101573944,0.1672135293483734,,
uniform,sigma_uniform_dpm,"Sigma-space DPM-1, uniform t",DPM predictor,5,2,1,1,0.0139819350442849,0.0186425800590465,0.3577122986316681,0.1824899315834045,,
uniform,sigma_uniform_dpm,"Sigma-space DPM-1, uniform t",DPM predictor,10,2,1,0,0.0290015439968556,0.0386687253291408,0.3170541822910309,0.1983776986598968,,
uniform,sigma_uniform_dpm,"Sigma-space DPM-1, uniform t",DPM predictor,10,2,1,1,0.0305056429933756,0.0406741906578342,0.3050909638404846,0.1698669344186782,,
uniform,sigma_uniform_dpm,"Sigma-space DPM-1, uniform t",DPM predictor,20,2,1,0,0.0599462160025723,0.0799282880034297,0.2851254940032959,0.2691888213157654,,
uniform,sigma_uniform_dpm,"Sigma-space DPM-1, uniform t",DPM predictor,20,2,1,1,0.0598453319980762,0.079793775997435,0.3054114580154419,0.2320462167263031,,
uniform,sigma_uniform_dpm,"Sigma-space DPM-1, uniform t",DPM predictor,50,2,1,0,0.1473520700237713,0.1964694266983618,0.3151718378067016,0.245242029428482,,
uniform,sigma_uniform_dpm,"Sigma-space DPM-1, uniform t",DPM predictor,50,2,1,1,0.149402551993262,0.1992034026576827,0.3174289464950561,0.2416674792766571,,
uniform,sigma_log_dpm,"Sigma-space DPM-1, log sigma",DPM predictor,5,2,1,0,0.0142067080014385,0.0189422773352513,0.4204380512237549,0.1429317891597747,,
uniform,sigma_log_dpm,"Sigma-space DPM-1, log sigma",DPM predictor,5,2,1,1,0.0148590410244651,0.0198120546992868,0.4214695394039154,0.1592273861169815,,
uniform,sigma_log_dpm,"Sigma-space DPM-1, log sigma",DPM predictor,10,2,1,0,0.029999389022123,0.0399991853628307,0.3655619323253631,0.1934667527675628,,
uniform,sigma_log_dpm,"Sigma-space DPM-1, log sigma",DPM predictor,10,2,1,1,0.0303256689803674,0.0404342253071566,0.352224051952362,0.1654946953058242,,
uniform,sigma_log_dpm,"Sigma-space DPM-1, log sigma",DPM predictor,20,2,1,0,0.0610486060031689,0.0813981413375586,0.3099543750286102,0.2682344913482666,,
uniform,sigma_log_dpm,"Sigma-space DPM-1, log sigma",DPM predictor,20,2,1,1,0.0620654780068434,0.0827539706757913,0.3318058550357818,0.2313870340585708,,
uniform,sigma_log_dpm,"Sigma-space DPM-1, log sigma",DPM predictor,50,2,1,0,0.149789246963337,0.199718995951116,0.3266285359859466,0.2459334135055542,,1.4752191305160522
uniform,sigma_log_dpm,"Sigma-space DPM-1, log sigma",DPM predictor,50,2,1,1,0.1484651670325547,0.1979535560434063,0.328935295343399,0.2423833608627319,,1.4763634204864502
uniform,dpm2_log,"DPM-2 + corrector, log sigma",Overall sampler,5,2,1,0,0.1026457899715751,0.1368610532954335,0.1602025032043457,0.2735688388347626,,
uniform,dpm2_log,"DPM-2 + corrector, log sigma",Overall sampler,5,2,1,1,0.103852136991918,0.1384695159892241,0.1526229679584503,0.2341402918100357,,
uniform,dpm2_log,"DPM-2 + corrector, log sigma",Overall sampler,10,2,1,0,0.1476341239758767,0.1968454986345023,0.1981711387634277,0.2307495921850204,,
uniform,dpm2_log,"DPM-2 + corrector, log sigma",Overall sampler,10,2,1,1,0.1485274530132301,0.1980366040176401,0.1998742818832397,0.2471228539943695,,
uniform,dpm2_log,"DPM-2 + corrector, log sigma",Overall sampler,20,2,1,0,0.2371495590195991,0.3161994120261321,0.1361757665872573,0.210606575012207,,
uniform,dpm2_log,"DPM-2 + corrector, log sigma",Overall sampler,20,2,1,1,0.2375446510268375,0.3167262013691167,0.1271255612373352,0.2036142498254776,,
uniform,dpm2_log,"DPM-2 + corrector, log sigma",Overall sampler,50,2,1,0,0.515160660026595,0.68688088003546,0.0759987980127334,0.1065362393856048,,1.1927884817123413
uniform,dpm2_log,"DPM-2 + corrector, log sigma",Overall sampler,50,2,1,1,0.5126613509492017,0.683548467932269,0.0915583819150924,0.1128664165735244,,1.2086200714111328
uniform,legacy_drift_euler,Legacy drift-only Euler,Euler update,5,2,1,0,0.0139276949921622,0.0185702599895497,0.2025642544031143,0.1226563528180122,,
uniform,legacy_drift_euler,Legacy drift-only Euler,Euler update,5,2,1,1,0.0147076460416428,0.0196101947221905,0.2015681564807891,0.1200758069753646,,
uniform,legacy_drift_euler,Legacy drift-only Euler,Euler update,10,2,1,0,0.0296840509981848,0.0395787346642464,0.1174535378813743,0.1414208263158798,,
uniform,legacy_drift_euler,Legacy drift-only Euler,Euler update,10,2,1,1,0.0299405739642679,0.0399207652856906,0.1152714192867279,0.1450294703245163,,
uniform,legacy_drift_euler,Legacy drift-only Euler,Euler update,20,2,1,0,0.0598347269697114,0.0797796359596153,0.0829746276140213,0.144608661532402,,
uniform,legacy_drift_euler,Legacy drift-only Euler,Euler update,20,2,1,1,0.0611549169989302,0.081539889331907,0.0839094147086143,0.1481330543756485,,
uniform,legacy_drift_euler,Legacy drift-only Euler,Euler update,50,2,1,0,0.1518626359757036,0.2024835146342714,0.0722963735461235,0.1548504084348678,,
uniform,legacy_drift_euler,Legacy drift-only Euler,Euler update,50,2,1,1,0.1520444439956918,0.2027259253275891,0.073130264878273,0.1555606126785278,,
uniform,em_uniform,"Euler--Maruyama, uniform t",Euler update,5,2,1,0,0.0140884660067968,0.0187846213423957,0.3091208040714264,0.9535767436027528,,
uniform,em_uniform,"Euler--Maruyama, uniform t",Euler update,5,2,1,1,0.015866380999796,0.0211551746663947,0.2789484858512878,0.9185117483139038,,
uniform,em_uniform,"Euler--Maruyama, uniform t",Euler update,10,2,1,0,0.0300496640265919,0.0400662187021225,0.1929994970560073,0.5025390982627869,,
uniform,em_uniform,"Euler--Maruyama, uniform t",Euler update,10,2,1,1,0.0303898139973171,0.0405197519964228,0.1900318264961242,0.5484798550605774,,
uniform,em_uniform,"Euler--Maruyama, uniform t",Euler update,20,2,1,0,0.0616912259720265,0.0822549679627021,0.1211590990424156,0.3713211715221405,,
uniform,em_uniform,"Euler--Maruyama, uniform t",Euler update,20,2,1,1,0.0601033710408955,0.0801378280545274,0.1243261694908142,0.3061278462409973,,
uniform,em_uniform,"Euler--Maruyama, uniform t",Euler update,50,2,1,0,0.152065908012446,0.2027545440165946,0.1234096512198448,0.272604376077652,,
uniform,em_uniform,"Euler--Maruyama, uniform t",Euler update,50,2,1,1,0.1509632170200348,0.2012842893600464,0.126250073313713,0.2571746706962585,,
uniform,em_log,"Euler--Maruyama, log sigma",Euler update,5,2,1,0,0.0157417849986813,0.0209890466649085,0.2909024357795715,1.3464773893356323,,
uniform,em_log,"Euler--Maruyama, log sigma",Euler update,5,2,1,1,0.0141968759708106,0.0189291679610808,0.3245159685611725,1.4051525592803955,,
uniform,em_log,"Euler--Maruyama, log sigma",Euler update,10,2,1,0,0.0300223029917106,0.0400297373222808,0.1522720009088516,0.489174485206604,,
uniform,em_log,"Euler--Maruyama, log sigma",Euler update,10,2,1,1,0.0302900490351021,0.0403867320468028,0.1642735600471496,0.5465731024742126,,
uniform,em_log,"Euler--Maruyama, log sigma",Euler update,20,2,1,0,0.0609798899968154,0.0813065199957539,0.1220521852374076,0.2916305959224701,,
uniform,em_log,"Euler--Maruyama, log sigma",Euler update,20,2,1,1,0.0617896710173226,0.0823862280230969,0.1016153991222381,0.2906696200370788,,
uniform,em_log,"Euler--Maruyama, log sigma",Euler update,50,2,1,0,0.1553638189798221,0.2071517586397628,0.1065132766962051,0.1712741255760193,,
uniform,em_log,"Euler--Maruyama, log sigma",Euler update,50,2,1,1,0.1589290110277943,0.2119053480370591,0.112098254263401,0.1904139816761016,,
uniform,legacy_time_dpm,Legacy time-space DPM-1,DPM predictor,5,2,2,0,0.0153473380487412,0.0204631173983216,0.310294359922409,0.1359235048294067,,
uniform,legacy_time_dpm,Legacy time-space DPM-1,DPM predictor,5,2,2,1,0.0133942519896663,0.0178590026528884,0.3025125861167907,0.133800208568573,,
uniform,legacy_time_dpm,Legacy time-space DPM-1,DPM predictor,10,2,2,0,0.0295335309929214,0.0393780413238952,0.211796686053276,0.3217901885509491,,
uniform,legacy_time_dpm,Legacy time-space DPM-1,DPM predictor,10,2,2,1,0.028490133001469,0.0379868440019587,0.2612025737762451,0.2514612674713135,,
uniform,legacy_time_dpm,Legacy time-space DPM-1,DPM predictor,20,2,2,0,0.0575711510027758,0.0767615346703678,0.2646993398666382,0.2789218127727508,,
uniform,legacy_time_dpm,Legacy time-space DPM-1,DPM predictor,20,2,2,1,0.0578428030130453,0.0771237373507271,0.2881097495555877,0.2680231630802154,,
uniform,legacy_time_dpm,Legacy time-space DPM-1,DPM predictor,50,2,2,0,0.1436972919618711,0.1915963892824947,0.2461490929126739,0.2370868027210235,,
uniform,legacy_time_dpm,Legacy time-space DPM-1,DPM predictor,50,2,2,1,0.1475199239794165,0.1966932319725553,0.2789037525653839,0.2287448197603225,,
uniform,sigma_uniform_dpm,"Sigma-space DPM-1, uniform t",DPM predictor,5,2,2,0,0.0140883309650234,0.0187844412866979,0.2966858148574829,0.1336629092693328,,
uniform,sigma_uniform_dpm,"Sigma-space DPM-1, uniform t",DPM predictor,5,2,2,1,0.0155471719917841,0.0207295626557121,0.2892837822437286,0.1328980177640915,,
uniform,sigma_uniform_dpm,"Sigma-space DPM-1, uniform t",DPM predictor,10,2,2,0,0.0294465500046499,0.0392620666728665,0.1926518827676773,0.26850026845932,,
uniform,sigma_uniform_dpm,"Sigma-space DPM-1, uniform t",DPM predictor,10,2,2,1,0.0288922819891013,0.038523042652135,0.2407382428646087,0.2051117718219757,,
uniform,sigma_uniform_dpm,"Sigma-space DPM-1, uniform t",DPM predictor,20,2,2,0,0.0593616149853915,0.0791488199805219,0.2448679059743881,0.2293020188808441,,
uniform,sigma_uniform_dpm,"Sigma-space DPM-1, uniform t",DPM predictor,20,2,2,1,0.0601910490076988,0.0802547320102651,0.2681731879711151,0.2192678600549698,,
uniform,sigma_uniform_dpm,"Sigma-space DPM-1, uniform t",DPM predictor,50,2,2,0,0.1502460520132444,0.2003280693509926,0.2344507724046707,0.2056233882904052,,
uniform,sigma_uniform_dpm,"Sigma-space DPM-1, uniform t",DPM predictor,50,2,2,1,0.1508053260040469,0.2010737680053959,0.2665500938892364,0.1975118219852447,,
uniform,sigma_log_dpm,"Sigma-space DPM-1, log sigma",DPM predictor,5,2,2,0,0.0145827529486268,0.0194436705981691,0.2952245473861694,0.1027626395225524,,
uniform,sigma_log_dpm,"Sigma-space DPM-1, log sigma",DPM predictor,5,2,2,1,0.0154102270025759,0.0205469693367679,0.288709431886673,0.102445088326931,,
uniform,sigma_log_dpm,"Sigma-space DPM-1, log sigma",DPM predictor,10,2,2,0,0.0328813869855366,0.0438418493140488,0.1965805441141128,0.2563528418540954,,
uniform,sigma_log_dpm,"Sigma-space DPM-1, log sigma",DPM predictor,10,2,2,1,0.0306930849910713,0.0409241133214285,0.2435281872749328,0.1941370517015457,,
uniform,sigma_log_dpm,"Sigma-space DPM-1, log sigma",DPM predictor,20,2,2,0,0.058942535019014,0.0785900466920187,0.247706189751625,0.226339042186737,,
uniform,sigma_log_dpm,"Sigma-space DPM-1, log sigma",DPM predictor,20,2,2,1,0.06027564604301,0.0803675280573467,0.2704965472221374,0.2162778079509735,,
uniform,sigma_log_dpm,"Sigma-space DPM-1, log sigma",DPM predictor,50,2,2,0,0.1528256169985979,0.2037674893314639,0.235648825764656,0.2049980163574218,,1.3767752647399902
uniform,sigma_log_dpm,"Sigma-space DPM-1, log sigma",DPM predictor,50,2,2,1,0.1480230200104415,0.1973640266805887,0.2675251066684723,0.1970781087875366,,1.3647433519363403
uniform,dpm2_log,"DPM-2 + corrector, log sigma",Overall sampler,5,2,2,0,0.1043422039947472,0.139122938659663,0.1965062320232391,0.2433954328298568,,
uniform,dpm2_log,"DPM-2 + corrector, log sigma",Overall sampler,5,2,2,1,0.1045647739665582,0.1394196986220777,0.2434062063694,0.2158918529748916,,
uniform,dpm2_log,"DPM-2 + corrector, log sigma",Overall sampler,10,2,2,0,0.1525931479991413,0.2034575306655218,0.1305025070905685,0.2829799354076385,,
uniform,dpm2_log,"DPM-2 + corrector, log sigma",Overall sampler,10,2,2,1,0.1515593529911711,0.2020791373215615,0.2020890414714813,0.2178068161010742,,
uniform,dpm2_log,"DPM-2 + corrector, log sigma",Overall sampler,20,2,2,0,0.243988879956305,0.3253185066084067,0.1678101867437362,0.2170694321393966,,
uniform,dpm2_log,"DPM-2 + corrector, log sigma",Overall sampler,20,2,2,1,0.2517071400070563,0.3356095200094084,0.157737597823143,0.1877351850271225,,
uniform,dpm2_log,"DPM-2 + corrector, log sigma",Overall sampler,50,2,2,0,0.525478188006673,0.7006375840088973,0.0944510847330093,0.121054507791996,,1.1892160177230835
uniform,dpm2_log,"DPM-2 + corrector, log sigma",Overall sampler,50,2,2,1,0.527379863022361,0.7031731506964812,0.139579564332962,0.1121916100382804,,1.1773518323898315
uniform,legacy_drift_euler,Legacy drift-only Euler,Euler update,5,2,2,0,0.0165757380309514,0.0221009840412686,0.2263768762350082,0.1361685097217559,,
uniform,legacy_drift_euler,Legacy drift-only Euler,Euler update,5,2,2,1,0.015290131967049,0.0203868426227321,0.223115935921669,0.1361977308988571,,
uniform,legacy_drift_euler,Legacy drift-only Euler,Euler update,10,2,2,0,0.031367844028864,0.0418237920384854,0.1532022953033447,0.1378161013126373,,
uniform,legacy_drift_euler,Legacy drift-only Euler,Euler update,10,2,2,1,0.0304902970092371,0.0406537293456494,0.1713494807481765,0.1458306163549423,,
uniform,legacy_drift_euler,Legacy drift-only Euler,Euler update,20,2,2,0,0.0618910189950838,0.0825213586601118,0.1528355777263641,0.1534184664487838,,
uniform,legacy_drift_euler,Legacy drift-only Euler,Euler update,20,2,2,1,0.0649464799789711,0.0865953066386282,0.161514937877655,0.1538372933864593,,
uniform,legacy_drift_euler,Legacy drift-only Euler,Euler update,50,2,2,0,0.1572251479956321,0.2096335306608428,0.1341432929039001,0.1623338162899017,,
uniform,legacy_drift_euler,Legacy drift-only Euler,Euler update,50,2,2,1,0.1549958899850025,0.2066611866466701,0.1445529758930206,0.1631926745176315,,
uniform,em_uniform,"Euler--Maruyama, uniform t",Euler update,5,2,2,0,0.0152184030157513,0.0202912040210018,0.2480535209178924,1.004078984260559,,
uniform,em_uniform,"Euler--Maruyama, uniform t",Euler update,5,2,2,1,0.0155404499964788,0.0207205999953051,0.3574297428131103,0.9186381101608276,,
uniform,em_uniform,"Euler--Maruyama, uniform t",Euler update,10,2,2,0,0.031177642988041,0.0415701906507213,0.1656707525253296,0.5482262969017029,,
uniform,em_uniform,"Euler--Maruyama, uniform t",Euler update,10,2,2,1,0.0305069250171072,0.0406759000228097,0.2114802300930023,0.464914858341217,,
uniform,em_uniform,"Euler--Maruyama, uniform t",Euler update,20,2,2,0,0.0622816149843856,0.0830421533125142,0.1659543365240097,0.3984383344650268,,
uniform,em_uniform,"Euler--Maruyama, uniform t",Euler update,20,2,2,1,0.0625451559899374,0.0833935413199166,0.1860387176275253,0.3631262481212616,,
uniform,em_uniform,"Euler--Maruyama, uniform t",Euler update,50,2,2,0,0.1545371650136076,0.2060495533514768,0.1214078888297081,0.2450301200151443,,
uniform,em_uniform,"Euler--Maruyama, uniform t",Euler update,50,2,2,1,0.1567469759611413,0.2089959679481884,0.189791202545166,0.2119034677743911,,
uniform,em_log,"Euler--Maruyama, log sigma",Euler update,5,2,2,0,0.0152760330238379,0.0203680440317839,0.2523363530635834,1.7186909914016724,,
uniform,em_log,"Euler--Maruyama, log sigma",Euler update,5,2,2,1,0.0146170749794691,0.0194894333059589,0.3111100494861603,1.4998786449432373,,
uniform,em_log,"Euler--Maruyama, log sigma",Euler update,10,2,2,0,0.0319231789908371,0.0425642386544495,0.1316789835691452,0.5335264801979065,,
uniform,em_log,"Euler--Maruyama, log sigma",Euler update,10,2,2,1,0.0315459039993584,0.0420612053324778,0.204784408211708,0.508543848991394,,
uniform,em_log,"Euler--Maruyama, log sigma",Euler update,20,2,2,0,0.0622464960324578,0.082995328043277,0.1573863476514816,0.2999941706657409,,
uniform,em_log,"Euler--Maruyama, log sigma",Euler update,20,2,2,1,0.0615432519698515,0.0820576692931354,0.1358285993337631,0.2901456356048584,,
uniform,em_log,"Euler--Maruyama, log sigma",Euler update,50,2,2,0,0.1556701710214838,0.2075602280286451,0.1216080412268638,0.1992571055889129,,
uniform,em_log,"Euler--Maruyama, log sigma",Euler update,50,2,2,1,0.1589947920292616,0.2119930560390154,0.1721181422472,0.1827067136764526,,
uniform,legacy_time_dpm,Legacy time-space DPM-1,DPM predictor,5,2,3,0,0.0147993380087427,0.0197324506783237,1.3428401947021484,0.1901106387376785,,
uniform,legacy_time_dpm,Legacy time-space DPM-1,DPM predictor,5,2,3,1,0.0148209200124256,0.0197612266832341,1.3229124546051023,0.2045106589794159,,
uniform,legacy_time_dpm,Legacy time-space DPM-1,DPM predictor,10,2,3,0,0.0298517550108954,0.0398023400145272,1.1909993886947632,0.2993105947971344,,
uniform,legacy_time_dpm,Legacy time-space DPM-1,DPM predictor,10,2,3,1,0.0459572740364819,0.0612763653819759,1.22139310836792,0.2698394358158111,,
uniform,legacy_time_dpm,Legacy time-space DPM-1,DPM predictor,20,2,3,0,0.0875216069980524,0.1166954759974032,1.249592900276184,0.3253425061702728,,
uniform,legacy_time_dpm,Legacy time-space DPM-1,DPM predictor,20,2,3,1,0.0859185589943081,0.1145580786590774,1.21147358417511,0.3293457925319671,,
uniform,legacy_time_dpm,Legacy time-space DPM-1,DPM predictor,50,2,3,0,0.1921687689609825,0.2562250252813101,1.1560173034667969,0.2996620833873749,,
uniform,legacy_time_dpm,Legacy time-space DPM-1,DPM predictor,50,2,3,1,0.167094390024431,0.2227925200325747,1.1905673742294312,0.3172595798969269,,
uniform,sigma_uniform_dpm,"Sigma-space DPM-1, uniform t",DPM predictor,5,2,3,0,0.0158631690428592,0.0211508920571456,1.2819594144821167,0.1751243323087692,,
uniform,sigma_uniform_dpm,"Sigma-space DPM-1, uniform t",DPM predictor,5,2,3,1,0.0151106609846465,0.0201475479795287,1.2623445987701416,0.1955689787864685,,
uniform,sigma_uniform_dpm,"Sigma-space DPM-1, uniform t",DPM predictor,10,2,3,0,0.0312321799574419,0.0416429066099226,1.1077629327774048,0.2430583089590072,,
uniform,sigma_uniform_dpm,"Sigma-space DPM-1, uniform t",DPM predictor,10,2,3,1,0.0309997420408763,0.041332989387835,1.135547757148743,0.2151738703250885,,
uniform,sigma_uniform_dpm,"Sigma-space DPM-1, uniform t",DPM predictor,20,2,3,0,0.0621860869578085,0.0829147826104114,1.1746398210525513,0.2716944515705108,,
uniform,sigma_uniform_dpm,"Sigma-space DPM-1, uniform t",DPM predictor,20,2,3,1,0.0613347649923525,0.0817796866564701,1.1374305486679075,0.272951602935791,,
uniform,sigma_uniform_dpm,"Sigma-space DPM-1, uniform t",DPM predictor,50,2,3,0,0.155782955000177,0.2077106066669027,1.109026312828064,0.2623944580554962,,
uniform,sigma_uniform_dpm,"Sigma-space DPM-1, uniform t",DPM predictor,50,2,3,1,0.1562879360280931,0.2083839147041241,1.1420564651489258,0.2800585031509399,,
uniform,sigma_log_dpm,"Sigma-space DPM-1, log sigma",DPM predictor,5,2,3,0,0.0150401190039701,0.0200534920052935,1.2751303911209106,0.1569931954145431,,
uniform,sigma_log_dpm,"Sigma-space DPM-1, log sigma",DPM predictor,5,2,3,1,0.0154738610144704,0.0206318146859606,1.25583815574646,0.1720016151666641,,
uniform,sigma_log_dpm,"Sigma-space DPM-1, log sigma",DPM predictor,10,2,3,0,0.0307795800035819,0.0410394400047759,1.120110273361206,0.2377717047929763,,
uniform,sigma_log_dpm,"Sigma-space DPM-1, log sigma",DPM predictor,10,2,3,1,0.0320019909995608,0.0426693213327477,1.1479846239089966,0.2110719233751297,,
uniform,sigma_log_dpm,"Sigma-space DPM-1, log sigma",DPM predictor,20,2,3,0,0.0637351499754004,0.0849801999672005,1.184359788894653,0.2705888450145721,,
uniform,sigma_log_dpm,"Sigma-space DPM-1, log sigma",DPM predictor,20,2,3,1,0.0622647879645228,0.0830197172860304,1.1475690603256226,0.2722554802894592,,
uniform,sigma_log_dpm,"Sigma-space DPM-1, log sigma",DPM predictor,50,2,3,0,0.1562016440439038,0.208268858725205,1.1141996383666992,0.262981653213501,,1.5416276454925537
uniform,sigma_log_dpm,"Sigma-space DPM-1, log sigma",DPM predictor,50,2,3,1,0.1452415739768184,0.1936554319690913,1.1472392082214355,0.2800938785076141,,1.5512830018997192
uniform,dpm2_log,"DPM-2 + corrector, log sigma",Overall sampler,5,2,3,0,0.1020929560181684,0.1361239413575579,0.8360750079154968,0.3034855425357818,,
uniform,dpm2_log,"DPM-2 + corrector, log sigma",Overall sampler,5,2,3,1,0.1036466869991272,0.138195582665503,0.885381281375885,0.2866887748241424,,
uniform,dpm2_log,"DPM-2 + corrector, log sigma",Overall sampler,10,2,3,0,0.14852265099762,0.1980302013301601,0.9055678248405457,0.2833826243877411,,
uniform,dpm2_log,"DPM-2 + corrector, log sigma",Overall sampler,10,2,3,1,0.1495393190416507,0.199385758722201,0.9176891446113586,0.2476150840520858,,
uniform,dpm2_log,"DPM-2 + corrector, log sigma",Overall sampler,20,2,3,0,0.2469341060495935,0.3292454747327913,0.8278217911720276,0.2678194046020508,,
uniform,dpm2_log,"DPM-2 + corrector, log sigma",Overall sampler,20,2,3,1,0.2437650740030221,0.3250200986706962,0.817836344242096,0.2272954434156417,,
uniform,dpm2_log,"DPM-2 + corrector, log sigma",Overall sampler,50,2,3,0,0.5091216469882056,0.6788288626509408,0.6431782245635986,0.1273858994245529,,1.2586685419082642
uniform,dpm2_log,"DPM-2 + corrector, log sigma",Overall sampler,50,2,3,1,0.5197119169752114,0.6929492226336151,0.6264690160751343,0.1445380300283432,,1.271739482879639
uniform,legacy_drift_euler,Legacy drift-only Euler,Euler update,5,2,3,0,0.0150664700195193,0.0200886266926924,1.1290993690490725,0.1269534826278686,,
uniform,legacy_drift_euler,Legacy drift-only Euler,Euler update,5,2,3,1,0.013890973990783,0.0185212986543774,1.1192859411239624,0.122628316283226,,
uniform,legacy_drift_euler,Legacy drift-only Euler,Euler update,10,2,3,0,0.029906318988651,0.039875091984868,0.9026622772216796,0.1419826298952102,,
uniform,legacy_drift_euler,Legacy drift-only Euler,Euler update,10,2,3,1,0.0294273869949392,0.0392365159932524,0.913490355014801,0.1453898847103119,,
uniform,legacy_drift_euler,Legacy drift-only Euler,Euler update,20,2,3,0,0.0606736890040338,0.0808982520053784,0.8325151205062866,0.1505014151334762,,
uniform,legacy_drift_euler,Legacy drift-only Euler,Euler update,20,2,3,1,0.0611182149732485,0.0814909532976647,0.8206526041030884,0.1511788070201873,,
uniform,legacy_drift_euler,Legacy drift-only Euler,Euler update,50,2,3,0,0.152060569031164,0.2027474253748854,0.7400637269020081,0.1598258167505264,,
uniform,legacy_drift_euler,Legacy drift-only Euler,Euler update,50,2,3,1,0.1478555659996345,0.1971407546661794,0.750048816204071,0.15778449177742,,
uniform,em_uniform,"Euler--Maruyama, uniform t",Euler update,5,2,3,0,0.0153514789999462,0.020468638666595,1.169273018836975,1.0288375616073608,,
uniform,em_uniform,"Euler--Maruyama, uniform t",Euler update,5,2,3,1,0.0139023950323462,0.0185365267097949,1.2184025049209597,1.0301681756973269,,
uniform,em_uniform,"Euler--Maruyama, uniform t",Euler update,10,2,3,0,0.0298257249523885,0.0397676332698514,0.9608002305030824,0.5316295027732849,,
uniform,em_uniform,"Euler--Maruyama, uniform t",Euler update,10,2,3,1,0.0295557859935797,0.0394077146581063,0.963741660118103,0.536207914352417,,
uniform,em_uniform,"Euler--Maruyama, uniform t",Euler update,20,2,3,0,0.0602093189954757,0.0802790919939677,0.8597269058227539,0.4471033811569214,,
uniform,em_uniform,"Euler--Maruyama, uniform t",Euler update,20,2,3,1,0.0604957120376639,0.0806609493835518,0.8687120676040649,0.3859398961067199,,
uniform,em_uniform,"Euler--Maruyama, uniform t",Euler update,50,2,3,0,0.1513577440055087,0.2018103253406783,0.8039689660072327,0.2851315438747406,,
uniform,em_uniform,"Euler--Maruyama, uniform t",Euler update,50,2,3,1,0.1557351669762283,0.2076468893016378,0.7967569828033447,0.2530756890773773,,
uniform,em_log,"Euler--Maruyama, log sigma",Euler update,5,2,3,0,0.0143817700445652,0.0191756933927536,1.1537883281707764,1.6771433353424072,,
uniform,em_log,"Euler--Maruyama, log sigma",Euler update,5,2,3,1,0.0155780460336245,0.0207707280448327,1.196534276008606,1.9105349779129028,,
uniform,em_log,"Euler--Maruyama, log sigma",Euler update,10,2,3,0,0.0302524860017001,0.0403366480022668,0.921400547027588,0.5535101294517517,,
uniform,em_log,"Euler--Maruyama, log sigma",Euler update,10,2,3,1,0.0303645439562387,0.0404860586083183,0.9093506932258606,0.564069926738739,,
uniform,em_log,"Euler--Maruyama, log sigma",Euler update,20,2,3,0,0.061645028006751,0.0821933706756681,0.777259111404419,0.3901272118091583,,
uniform,em_log,"Euler--Maruyama, log sigma",Euler update,20,2,3,1,0.0607291419873945,0.080972189316526,0.7726185917854309,0.3234612345695495,,
uniform,em_log,"Euler--Maruyama, log sigma",Euler update,50,2,3,0,0.1549459689995274,0.2065946253327032,0.7583057880401611,0.2178751677274704,,
uniform,em_log,"Euler--Maruyama, log sigma",Euler update,50,2,3,1,0.1553849109914153,0.2071798813218871,0.7503190040588379,0.2270067483186721,,
mixture,legacy_time_dpm,Legacy time-space DPM-1,DPM predictor,5,0,0,0,0.0137434109929017,0.0183245479905356,0.2446789294481277,0.1563280671834945,,
mixture,legacy_time_dpm,Legacy time-space DPM-1,DPM predictor,5,0,0,1,0.0151631380431354,0.0202175173908472,0.2457620948553085,0.1708709299564361,,
mixture,legacy_time_dpm,Legacy time-space DPM-1,DPM predictor,20,0,0,0,0.058353831002023,0.0778051080026974,0.2487110048532486,0.2906239628791809,,
mixture,legacy_time_dpm,Legacy time-space DPM-1,DPM predictor,20,0,0,1,0.0580990349990315,0.0774653799987087,0.2156392931938171,0.3019351065158844,,
mixture,sigma_uniform_dpm,"Sigma-space DPM-1, uniform t",DPM predictor,5,0,0,0,0.0146243560011498,0.0194991413348664,0.197845920920372,0.1498765051364898,,
mixture,sigma_uniform_dpm,"Sigma-space DPM-1, uniform t",DPM predictor,5,0,0,1,0.0141893590334802,0.0189191453779737,0.2006107866764068,0.1659177541732788,,
mixture,sigma_uniform_dpm,"Sigma-space DPM-1, uniform t",DPM predictor,20,0,0,0,0.0621254330035299,0.0828339106713732,0.2197527140378952,0.2469361424446106,,
mixture,sigma_uniform_dpm,"Sigma-space DPM-1, uniform t",DPM predictor,20,0,0,1,0.0601456059957854,0.0801941413277139,0.1855617314577102,0.256504088640213,,
mixture,sigma_log_dpm,"Sigma-space DPM-1, log sigma",DPM predictor,5,0,0,0,0.0142506349948234,0.0190008466597646,0.2403181344270706,0.1310840100049972,,
mixture,sigma_log_dpm,"Sigma-space DPM-1, log sigma",DPM predictor,5,0,0,1,0.0152058829553425,0.0202745106071233,0.2415055632591247,0.1454225033521652,,
mixture,sigma_log_dpm,"Sigma-space DPM-1, log sigma",DPM predictor,20,0,0,0,0.0600398950045928,0.0800531933394571,0.2341976165771484,0.2479078471660614,,
mixture,sigma_log_dpm,"Sigma-space DPM-1, log sigma",DPM predictor,20,0,0,1,0.0607237860094755,0.0809650480126341,0.2011290192604065,0.2578530609607696,,
mixture,dpm2_log,"DPM-2 + corrector, log sigma",Overall sampler,5,0,0,0,0.1038912169751711,0.1385216226335615,0.0923758447170257,0.2942926287651062,,
mixture,dpm2_log,"DPM-2 + corrector, log sigma",Overall sampler,5,0,0,1,0.1035115899867378,0.1380154533156504,0.1310096681118011,0.320172518491745,,
mixture,dpm2_log,"DPM-2 + corrector, log sigma",Overall sampler,20,0,0,0,0.2403103790129535,0.3204138386839379,0.1484977006912231,0.2357988953590393,,
mixture,dpm2_log,"DPM-2 + corrector, log sigma",Overall sampler,20,0,0,1,0.2358930380432866,0.3145240507243822,0.1169420927762985,0.2800998091697693,,
mixture,legacy_drift_euler,Legacy drift-only Euler,Euler update,5,0,0,0,0.0145356369903311,0.0193808493204414,0.1490692347288131,0.1254922002553939,,
mixture,legacy_drift_euler,Legacy drift-only Euler,Euler update,5,0,0,1,0.0151150419842451,0.0201533893123269,0.1519286483526229,0.1222448274493217,,
mixture,legacy_drift_euler,Legacy drift-only Euler,Euler update,20,0,0,0,0.0607570629799738,0.0810094173066318,0.1236409395933151,0.1438254117965698,,
mixture,legacy_drift_euler,Legacy drift-only Euler,Euler update,20,0,0,1,0.060354251996614,0.0804723359954853,0.1074703261256218,0.142920508980751,,
mixture,em_uniform,"Euler--Maruyama, uniform t",Euler update,5,0,0,0,0.0156448740162886,0.0208598320217182,0.1086253896355629,0.9228270649909972,,
mixture,em_uniform,"Euler--Maruyama, uniform t",Euler update,5,0,0,1,0.0142731190426275,0.01903082539017,0.1768373996019363,1.0565903186798096,,
mixture,em_uniform,"Euler--Maruyama, uniform t",Euler update,20,0,0,0,0.061589814024046,0.0821197520320614,0.1418555974960327,0.3977145254611969,,
mixture,em_uniform,"Euler--Maruyama, uniform t",Euler update,20,0,0,1,0.0623699480202049,0.0831599306936065,0.1092730611562728,0.4222877025604248,,
mixture,em_log,"Euler--Maruyama, log sigma",Euler update,5,0,0,0,0.0157094149617478,0.0209458866156637,0.1554894894361496,1.5734221935272217,,
mixture,em_log,"Euler--Maruyama, log sigma",Euler update,5,0,0,1,0.0142247410258278,0.0189663213677704,0.2063682824373245,1.6965500116348269,,
mixture,em_log,"Euler--Maruyama, log sigma",Euler update,20,0,0,0,0.0621019450481981,0.0828025933975974,0.13908152282238,0.3465908765792846,,
mixture,em_log,"Euler--Maruyama, log sigma",Euler update,20,0,0,1,0.0623251809738576,0.0831002412984768,0.1101922690868377,0.3841667473316192,,
mixture,legacy_time_dpm,Legacy time-space DPM-1,DPM predictor,5,0,1,0,0.0135201780358329,0.0180269040477772,0.4468422532081604,0.1862037032842636,,
mixture,legacy_time_dpm,Legacy time-space DPM-1,DPM predictor,5,0,1,1,0.015066382009536,0.020088509346048,0.4473331272602081,0.2013613879680633,,
mixture,legacy_time_dpm,Legacy time-space DPM-1,DPM predictor,20,0,1,0,0.0623177579836919,0.0830903439782559,0.3557392060756683,0.3588900566101074,,
mixture,legacy_time_dpm,Legacy time-space DPM-1,DPM predictor,20,0,1,1,0.0616057279985398,0.0821409706647197,0.3831403255462646,0.316970556974411,,
mixture,sigma_uniform_dpm,"Sigma-space DPM-1, uniform t",DPM predictor,5,0,1,0,0.0143581879674457,0.0191442506232609,0.3422600030899048,0.1751775294542312,,
mixture,sigma_uniform_dpm,"Sigma-space DPM-1, uniform t",DPM predictor,5,0,1,1,0.0159942129976116,0.0213256173301488,0.3427739143371582,0.1898272782564163,,
mixture,sigma_uniform_dpm,"Sigma-space DPM-1, uniform t",DPM predictor,20,0,1,0,0.0639416569611057,0.0852555426148076,0.2941918075084686,0.309464156627655,,
mixture,sigma_uniform_dpm,"Sigma-space DPM-1, uniform t",DPM predictor,20,0,1,1,0.0599796469905413,0.0799728626540551,0.3170434534549713,0.2702686488628387,,
mixture,sigma_log_dpm,"Sigma-space DPM-1, log sigma",DPM predictor,5,0,1,0,0.015515268954914,0.0206870252732187,0.4229855835437774,0.1617492437362671,,
mixture,sigma_log_dpm,"Sigma-space DPM-1, log sigma",DPM predictor,5,0,1,1,0.0142112949979491,0.0189483933305988,0.4240125715732574,0.1762884557247162,,
mixture,sigma_log_dpm,"Sigma-space DPM-1, log sigma",DPM predictor,20,0,1,0,0.0610529219848103,0.0814038959797471,0.3227925300598144,0.3109700679779053,,
mixture,sigma_log_dpm,"Sigma-space DPM-1, log sigma",DPM predictor,20,0,1,1,0.0590886150021106,0.0787848200028141,0.3471696376800537,0.2718529999256134,,
mixture,dpm2_log,"DPM-2 + corrector, log sigma",Overall sampler,5,0,1,0,0.1039156230399385,0.1385541640532513,0.1791784912347793,0.3557397723197937,,
mixture,dpm2_log,"DPM-2 + corrector, log sigma",Overall sampler,5,0,1,1,0.1025800229981541,0.1367733639975389,0.1696256250143051,0.308069109916687,,
mixture,dpm2_log,"DPM-2 + corrector, log sigma",Overall sampler,20,0,1,0,0.2400319629814475,0.3200426173085968,0.1515496671199798,0.2755978405475616,,
mixture,dpm2_log,"DPM-2 + corrector, log sigma",Overall sampler,20,0,1,1,0.2396374369855038,0.3195165826473385,0.1467281281948089,0.2700773775577545,,
mixture,legacy_drift_euler,Legacy drift-only Euler,Euler update,5,0,1,0,0.0140793700120411,0.0187724933493882,0.2164359539747238,0.1196671649813652,,
mixture,legacy_drift_euler,Legacy drift-only Euler,Euler update,5,0,1,1,0.0150021139997988,0.0200028186663985,0.2155256122350692,0.1172390878200531,,
mixture,legacy_drift_euler,Legacy drift-only Euler,Euler update,20,0,1,0,0.0595459259930066,0.0793945679906755,0.1178353652358055,0.1369796991348266,,
mixture,legacy_drift_euler,Legacy drift-only Euler,Euler update,20,0,1,1,0.0598810390220023,0.0798413853626698,0.1218042969703674,0.1408899575471878,,
mixture,em_uniform,"Euler--Maruyama, uniform t",Euler update,5,0,1,0,0.0151683129952289,0.0202244173269718,0.2903835475444793,0.9713516235351562,,
mixture,em_uniform,"Euler--Maruyama, uniform t",Euler update,5,0,1,1,0.0141193669987842,0.0188258226650456,0.2577479779720306,0.9316999316215516,,
mixture,em_uniform,"Euler--Maruyama, uniform t",Euler update,20,0,1,0,0.0613531270064413,0.0818041693419218,0.1183089315891265,0.4268410503864288,,
mixture,em_uniform,"Euler--Maruyama, uniform t",Euler update,20,0,1,1,0.0616711780312471,0.0822282373749961,0.1316062808036804,0.3581836223602295,,
mixture,em_log,"Euler--Maruyama, log sigma",Euler update,5,0,1,0,0.0143668669625185,0.0191558226166913,0.2806473672389984,1.4485223293304443,,
mixture,em_log,"Euler--Maruyama, log sigma",Euler update,5,0,1,1,0.0151203899877145,0.0201605199836194,0.3137495517730713,1.513624906539917,,
mixture,em_log,"Euler--Maruyama, log sigma",Euler update,20,0,1,0,0.0598356319824233,0.0797808426432311,0.126471996307373,0.3654937744140625,,
mixture,em_log,"Euler--Maruyama, log sigma",Euler update,20,0,1,1,0.0596903400146402,0.0795871200195203,0.107559360563755,0.3696387410163879,,
mixture,legacy_time_dpm,Legacy time-space DPM-1,DPM predictor,5,0,2,0,0.0136609679902903,0.0182146239870538,0.3069221973419189,0.1371211558580398,,
mixture,legacy_time_dpm,Legacy time-space DPM-1,DPM predictor,5,0,2,1,0.0144740069517865,0.0192986759357154,0.3001583516597748,0.1342109143733978,,
mixture,legacy_time_dpm,Legacy time-space DPM-1,DPM predictor,20,0,2,0,0.057866743998602,0.0771556586648027,0.268782377243042,0.2982942759990692,,
mixture,legacy_time_dpm,Legacy time-space DPM-1,DPM predictor,20,0,2,1,0.0576163189834915,0.0768217586446553,0.2944006323814392,0.2865998446941376,,
mixture,sigma_uniform_dpm,"Sigma-space DPM-1, uniform t",DPM predictor,5,0,2,0,0.0155097679817117,0.0206796906422823,0.2953925132751465,0.1340611726045608,,
mixture,sigma_uniform_dpm,"Sigma-space DPM-1, uniform t",DPM predictor,5,0,2,1,0.0138503140187822,0.0184670853583763,0.2888888716697693,0.1332796961069107,,
mixture,sigma_uniform_dpm,"Sigma-space DPM-1, uniform t",DPM predictor,20,0,2,0,0.0592860159813426,0.0790480213084568,0.2531502544879913,0.2548085153102875,,
mixture,sigma_uniform_dpm,"Sigma-space DPM-1, uniform t",DPM predictor,20,0,2,1,0.0590566570172086,0.0787422093562781,0.2787683606147766,0.2437434643507003,,
mixture,sigma_log_dpm,"Sigma-space DPM-1, log sigma",DPM predictor,5,0,2,0,0.0141614860040135,0.0188819813386847,0.3048227727413177,0.1136884167790412,,
mixture,sigma_log_dpm,"Sigma-space DPM-1, log sigma",DPM predictor,5,0,2,1,0.0157683200086466,0.0210244266781955,0.2995858490467071,0.1118785738945007,,
mixture,sigma_log_dpm,"Sigma-space DPM-1, log sigma",DPM predictor,20,0,2,0,0.0599753580172546,0.0799671440230061,0.2580406367778778,0.2552091181278229,,
mixture,sigma_log_dpm,"Sigma-space DPM-1, log sigma",DPM predictor,20,0,2,1,0.0620444869855418,0.0827259826473891,0.2832183539867401,0.2441463619470596,,
mixture,dpm2_log,"DPM-2 + corrector, log sigma",Overall sampler,5,0,2,0,0.1050731879658997,0.1400975839545329,0.2237622290849685,0.2992035746574402,,
mixture,dpm2_log,"DPM-2 + corrector, log sigma",Overall sampler,5,0,2,1,0.1058748519863002,0.1411664693150669,0.2729265093803406,0.2690212726593017,,
mixture,dpm2_log,"DPM-2 + corrector, log sigma",Overall sampler,20,0,2,0,0.2428980319527909,0.3238640426037212,0.1879512369632721,0.2663590013980865,,
mixture,dpm2_log,"DPM-2 + corrector, log sigma",Overall sampler,20,0,2,1,0.239140939025674,0.3188545853675653,0.1786698997020721,0.2346525341272354,,
mixture,legacy_drift_euler,Legacy drift-only Euler,Euler update,5,0,2,0,0.0157268309849314,0.0209691079799085,0.2280553132295608,0.1328749507665634,,
mixture,legacy_drift_euler,Legacy drift-only Euler,Euler update,5,0,2,1,0.0141228989814408,0.0188305319752544,0.2249810546636581,0.1337917149066925,,
mixture,legacy_drift_euler,Legacy drift-only Euler,Euler update,20,0,2,0,0.0603182720369659,0.0804243627159545,0.1634280830621719,0.1489735692739486,,
mixture,legacy_drift_euler,Legacy drift-only Euler,Euler update,20,0,2,1,0.0605923630064353,0.0807898173419137,0.1730495244264602,0.1491392701864242,,
mixture,em_uniform,"Euler--Maruyama, uniform t",Euler update,5,0,2,0,0.0165486479527317,0.0220648639369756,0.2428559213876724,1.011360764503479,,
mixture,em_uniform,"Euler--Maruyama, uniform t",Euler update,5,0,2,1,0.0154078339692205,0.0205437786256273,0.353604793548584,0.9258382320404052,,
mixture,em_uniform,"Euler--Maruyama, uniform t",Euler update,20,0,2,0,0.0640983839984983,0.0854645119979977,0.1775757372379303,0.4378909766674042,,
mixture,em_uniform,"Euler--Maruyama, uniform t",Euler update,20,0,2,1,0.0635272599756717,0.0847030133008956,0.1998808681964874,0.3995331227779388,,
mixture,em_log,"Euler--Maruyama, log sigma",Euler update,5,0,2,0,0.0159011959913186,0.0212015946550915,0.2621435225009918,1.8353397846221924,,
mixture,em_log,"Euler--Maruyama, log sigma",Euler update,5,0,2,1,0.0154983659740537,0.0206644879654049,0.3257408738136291,1.5990272760391235,,
mixture,em_log,"Euler--Maruyama, log sigma",Euler update,20,0,2,0,0.0640917919808998,0.0854557226411998,0.1770787090063095,0.3604120910167694,,
mixture,em_log,"Euler--Maruyama, log sigma",Euler update,20,0,2,1,0.0635365920024924,0.0847154560033232,0.1540183424949646,0.3487529456615448,,
mixture,legacy_time_dpm,Legacy time-space DPM-1,DPM predictor,5,0,3,0,0.0140177519642747,0.0186903359523663,1.3437446355819702,0.1818378567695617,,
mixture,legacy_time_dpm,Legacy time-space DPM-1,DPM predictor,5,0,3,1,0.0133894640021026,0.0178526186694701,1.3241956233978271,0.1992940157651901,,
mixture,legacy_time_dpm,Legacy time-space DPM-1,DPM predictor,20,0,3,0,0.0580960400402545,0.0774613867203394,1.2706362009048462,0.336119532585144,,
mixture,legacy_time_dpm,Legacy time-space DPM-1,DPM predictor,20,0,3,1,0.0586804870399646,0.0782406493866195,1.231224775314331,0.3444322943687439,,
mixture,sigma_uniform_dpm,"Sigma-space DPM-1, uniform t",DPM predictor,5,0,3,0,0.0162915799883194,0.0217221066510925,1.280803680419922,0.1755992323160171,,
mixture,sigma_uniform_dpm,"Sigma-space DPM-1, uniform t",DPM predictor,5,0,3,1,0.0137284070369787,0.0183045427159716,1.2612333297729492,0.1979793608188629,,
mixture,sigma_uniform_dpm,"Sigma-space DPM-1, uniform t",DPM predictor,20,0,3,0,0.0615824970300309,0.0821099960400412,1.2069541215896606,0.2887051403522491,,
mixture,sigma_uniform_dpm,"Sigma-space DPM-1, uniform t",DPM predictor,20,0,3,1,0.0627888310118578,0.0837184413491437,1.168205976486206,0.2950208485126495,,
mixture,sigma_log_dpm,"Sigma-space DPM-1, log sigma",DPM predictor,5,0,3,0,0.0140585650224238,0.0187447533632318,1.31730854511261,0.1538187116384506,,
mixture,sigma_log_dpm,"Sigma-space DPM-1, log sigma",DPM predictor,5,0,3,1,0.016183657979127,0.021578210638836,1.2987098693847656,0.1704879105091095,,
mixture,sigma_log_dpm,"Sigma-space DPM-1, log sigma",DPM predictor,20,0,3,0,0.0623853969736956,0.0831805292982608,1.230860471725464,0.289380818605423,,
mixture,sigma_log_dpm,"Sigma-space DPM-1, log sigma",DPM predictor,20,0,3,1,0.0623065030085854,0.0830753373447805,1.1924562454223633,0.2964982986450195,,
mixture,dpm2_log,"DPM-2 + corrector, log sigma",Overall sampler,5,0,3,0,0.1027707689790986,0.1370276919721315,0.9143493175506592,0.368839293718338,,
mixture,dpm2_log,"DPM-2 + corrector, log sigma",Overall sampler,5,0,3,1,0.1038741479860618,0.1384988639814158,0.9676105976104736,0.3480042815208435,,
mixture,dpm2_log,"DPM-2 + corrector, log sigma",Overall sampler,20,0,3,0,0.2379073760239407,0.3172098346985876,0.8992587924003601,0.3263658285140991,,
mixture,dpm2_log,"DPM-2 + corrector, log sigma",Overall sampler,20,0,3,1,0.2399136759922839,0.3198849013230453,0.8913655877113342,0.2839402854442596,,
mixture,legacy_drift_euler,Legacy drift-only Euler,Euler update,5,0,3,0,0.0145488940179348,0.0193985253572464,1.1423940658569336,0.1277599781751632,,
mixture,legacy_drift_euler,Legacy drift-only Euler,Euler update,5,0,3,1,0.015166366007179,0.0202218213429053,1.1334112882614136,0.1234566867351532,,
mixture,legacy_drift_euler,Legacy drift-only Euler,Euler update,20,0,3,0,0.0606790130259469,0.0809053507012625,0.8860682845115662,0.1480433195829391,,
mixture,legacy_drift_euler,Legacy drift-only Euler,Euler update,20,0,3,1,0.060517064994201,0.080689419992268,0.8737552762031555,0.1483311653137207,,
mixture,em_uniform,"Euler--Maruyama, uniform t",Euler update,5,0,3,0,0.0143694030120968,0.0191592040161291,1.1522682905197144,1.056192398071289,,
mixture,em_uniform,"Euler--Maruyama, uniform t",Euler update,5,0,3,1,0.0142798849847167,0.019039846646289,1.2024167776107788,1.0567247867584229,,
mixture,em_uniform,"Euler--Maruyama, uniform t",Euler update,20,0,3,0,0.0616643250104971,0.0822191000139961,0.8822942972183228,0.4968011677265167,,
mixture,em_uniform,"Euler--Maruyama, uniform t",Euler update,20,0,3,1,0.0616734339855611,0.0822312453140815,0.8948265314102173,0.431860089302063,,
mixture,em_log,"Euler--Maruyama, log sigma",Euler update,5,0,3,0,0.0149282439961098,0.0199043253281464,1.1763981580734253,1.7906547784805298,,
mixture,em_log,"Euler--Maruyama, log sigma",Euler update,5,0,3,1,0.0157825089991092,0.0210433453321456,1.222028136253357,2.0369906425476074,,
mixture,em_log,"Euler--Maruyama, log sigma",Euler update,20,0,3,0,0.060659482027404,0.080879309369872,0.8294118046760559,0.4648474454879761,,
mixture,em_log,"Euler--Maruyama, log sigma",Euler update,20,0,3,1,0.0608847620314918,0.0811796827086557,0.8267815709114075,0.3952422142028808,,
mixture,legacy_time_dpm,Legacy time-space DPM-1,DPM predictor,5,1,0,0,0.0152114700176753,0.020281960023567,0.2516900300979614,0.1579175293445587,,
mixture,legacy_time_dpm,Legacy time-space DPM-1,DPM predictor,5,1,0,1,0.0140351639711298,0.0187135519615064,0.2538032233715057,0.1719134449958801,,
mixture,legacy_time_dpm,Legacy time-space DPM-1,DPM predictor,20,1,0,0,0.0599664329783991,0.0799552439711988,0.2535549402236938,0.2900107800960541,,
mixture,legacy_time_dpm,Legacy time-space DPM-1,DPM predictor,20,1,0,1,0.0594099269947037,0.0792132359929382,0.2215089648962021,0.305104523897171,,
mixture,sigma_uniform_dpm,"Sigma-space DPM-1, uniform t",DPM predictor,5,1,0,0,0.0153776679653674,0.0205035572871565,0.2066891938447952,0.1524088680744171,,
mixture,sigma_uniform_dpm,"Sigma-space DPM-1, uniform t",DPM predictor,5,1,0,1,0.0147712280158884,0.0196949706878513,0.2107086777687072,0.1675583571195602,,
mixture,sigma_uniform_dpm,"Sigma-space DPM-1, uniform t",DPM predictor,20,1,0,0,0.0603140660095959,0.0804187546794613,0.2229147851467132,0.2465261965990066,,
mixture,sigma_uniform_dpm,"Sigma-space DPM-1, uniform t",DPM predictor,20,1,0,1,0.0628195900353603,0.0837594533804804,0.1898800581693649,0.2603051662445068,,
mixture,sigma_log_dpm,"Sigma-space DPM-1, log sigma",DPM predictor,5,1,0,0,0.0155543180298991,0.0207390907065322,0.2455377280712127,0.1309048235416412,,
mixture,sigma_log_dpm,"Sigma-space DPM-1, log sigma",DPM predictor,5,1,0,1,0.0144224910181947,0.0192299880242596,0.2475286126136779,0.1434518545866012,,
mixture,sigma_log_dpm,"Sigma-space DPM-1, log sigma",DPM predictor,20,1,0,0,0.0614556520013138,0.0819408693350851,0.2327980101108551,0.2463354617357254,,
mixture,sigma_log_dpm,"Sigma-space DPM-1, log sigma",DPM predictor,20,1,0,1,0.0611239819554612,0.0814986426072816,0.2011998742818832,0.2602890729904175,,
mixture,dpm2_log,"DPM-2 + corrector, log sigma",Overall sampler,5,1,0,0,0.1087549150106497,0.1450065533475329,0.0839325189590454,0.2855171263217926,,
mixture,dpm2_log,"DPM-2 + corrector, log sigma",Overall sampler,5,1,0,1,0.1069626649841666,0.1426168866455555,0.1230683997273445,0.310665875673294,,
mixture,dpm2_log,"DPM-2 + corrector, log sigma",Overall sampler,20,1,0,0,0.2441269099945202,0.3255025466593603,0.1361838430166244,0.2373353391885757,,
mixture,dpm2_log,"DPM-2 + corrector, log sigma",Overall sampler,20,1,0,1,0.2430890850373543,0.3241187800498058,0.1075175702571868,0.2799689173698425,,
mixture,legacy_drift_euler,Legacy drift-only Euler,Euler update,5,1,0,0,0.0149004409904591,0.0198672546539455,0.1510323286056518,0.1228659078478813,,
mixture,legacy_drift_euler,Legacy drift-only Euler,Euler update,5,1,0,1,0.015505863004364,0.0206744840058187,0.1550077646970749,0.1197638064622879,,
mixture,legacy_drift_euler,Legacy drift-only Euler,Euler update,20,1,0,0,0.0621719060000032,0.0828958746666709,0.1074260920286178,0.1416910290718078,,
mixture,legacy_drift_euler,Legacy drift-only Euler,Euler update,20,1,0,1,0.0625828260090202,0.0834437680120269,0.0925131738185882,0.1405365914106369,,
mixture,em_uniform,"Euler--Maruyama, uniform t",Euler update,5,1,0,0,0.0154784439946524,0.0206379253262033,0.1047764867544174,0.9303074479103088,,
mixture,em_uniform,"Euler--Maruyama, uniform t",Euler update,5,1,0,1,0.0149585169856436,0.0199446893141915,0.1760204285383224,1.069000244140625,,
mixture,em_uniform,"Euler--Maruyama, uniform t",Euler update,20,1,0,0,0.0620955170015804,0.0827940226687739,0.1443305909633636,0.401325523853302,,
mixture,em_uniform,"Euler--Maruyama, uniform t",Euler update,20,1,0,1,0.0627354619791731,0.0836472826388975,0.1095865294337272,0.4275704622268677,,
mixture,em_log,"Euler--Maruyama, log sigma",Euler update,5,1,0,0,0.0155661409953609,0.0207548546604812,0.1511690616607666,1.5923765897750854,,
mixture,em_log,"Euler--Maruyama, log sigma",Euler update,5,1,0,1,0.015452619001735,0.0206034920023133,0.2056565135717392,1.7063350677490234,,
mixture,em_log,"Euler--Maruyama, log sigma",Euler update,20,1,0,0,0.0620860829949379,0.0827814439932505,0.1312374025583267,0.3526982367038727,,
mixture,em_log,"Euler--Maruyama, log sigma",Euler update,20,1,0,1,0.0627610619994811,0.0836814159993082,0.1034723669290542,0.3872605562210083,,
mixture,legacy_time_dpm,Legacy time-space DPM-1,DPM predictor,5,1,1,0,0.014302625961136,0.0190701679481814,0.4516828656196594,0.2008062750101089,,
mixture,legacy_time_dpm,Legacy time-space DPM-1,DPM predictor,5,1,1,1,0.0139467080007307,0.0185956106676409,0.4509311616420746,0.2166554480791092,,
mixture,legacy_time_dpm,Legacy time-space DPM-1,DPM predictor,20,1,1,0,0.0592267640167847,0.0789690186890463,0.3583355247974396,0.3680209815502167,,
mixture,legacy_time_dpm,Legacy time-space DPM-1,DPM predictor,20,1,1,1,0.0592532589798793,0.0790043453065057,0.3850271105766296,0.3193192183971405,,
mixture,sigma_uniform_dpm,"Sigma-space DPM-1, uniform t",DPM predictor,5,1,1,0,0.0150201629730872,0.0200268839641163,0.3480170667171478,0.187963992357254,,
mixture,sigma_uniform_dpm,"Sigma-space DPM-1, uniform t",DPM predictor,5,1,1,1,0.0141293199849314,0.018839093313242,0.3470214903354645,0.2030139565467834,,
mixture,sigma_uniform_dpm,"Sigma-space DPM-1, uniform t",DPM predictor,20,1,1,0,0.0608197110123001,0.0810929480164001,0.295735239982605,0.3168075978755951,,
mixture,sigma_uniform_dpm,"Sigma-space DPM-1, uniform t",DPM predictor,20,1,1,1,0.0610235520289279,0.0813647360385706,0.3175571262836456,0.2706295549869537,,
mixture,sigma_log_dpm,"Sigma-space DPM-1, log sigma",DPM predictor,5,1,1,0,0.0155467139557003,0.0207289519409338,0.4327805042266845,0.173347070813179,,
mixture,sigma_log_dpm,"Sigma-space DPM-1, log sigma",DPM predictor,5,1,1,1,0.0153161230264231,0.0204214973685642,0.4323968291282654,0.1901998817920684,,
mixture,sigma_log_dpm,"Sigma-space DPM-1, log sigma",DPM predictor,20,1,1,0,0.0613634889596141,0.0818179852794855,0.3214585483074188,0.3167844116687774,,
mixture,sigma_log_dpm,"Sigma-space DPM-1, log sigma",DPM predictor,20,1,1,1,0.0623014690354466,0.0830686253805955,0.3449700772762298,0.2710333168506622,,
mixture,dpm2_log,"DPM-2 + corrector, log sigma",Overall sampler,5,1,1,0,0.105425034998916,0.1405667133318881,0.1687042266130447,0.3453813195228576,,
mixture,dpm2_log,"DPM-2 + corrector, log sigma",Overall sampler,5,1,1,1,0.1056452509947121,0.1408603346596161,0.1591296941041946,0.3031125962734222,,
mixture,dpm2_log,"DPM-2 + corrector, log sigma",Overall sampler,20,1,1,0,0.2365956929861568,0.3154609239815424,0.1492998003959655,0.2776417732238769,,
mixture,dpm2_log,"DPM-2 + corrector, log sigma",Overall sampler,20,1,1,1,0.2319723229738883,0.3092964306318511,0.1465865820646286,0.2712025046348572,,
mixture,legacy_drift_euler,Legacy drift-only Euler,Euler update,5,1,1,0,0.0141277749789878,0.0188370333053171,0.2227678447961807,0.1085310578346252,,
mixture,legacy_drift_euler,Legacy drift-only Euler,Euler update,5,1,1,1,0.0151666339952498,0.0202221786603331,0.2210562378168106,0.1061488166451454,,
mixture,legacy_drift_euler,Legacy drift-only Euler,Euler update,20,1,1,0,0.0589267800096422,0.0785690400128563,0.1231916174292564,0.1290203332901001,,
mixture,legacy_drift_euler,Legacy drift-only Euler,Euler update,20,1,1,1,0.0602647310006432,0.0803529746675243,0.1275989264249801,0.1331387162208557,,
mixture,em_uniform,"Euler--Maruyama, uniform t",Euler update,5,1,1,0,0.0156334789935499,0.0208446386580665,0.2956590950489044,0.9832015633583068,,
mixture,em_uniform,"Euler--Maruyama, uniform t",Euler update,5,1,1,1,0.0140046869637444,0.0186729159516592,0.2633991241455078,0.9430372714996338,,
mixture,em_uniform,"Euler--Maruyama, uniform t",Euler update,20,1,1,0,0.0617124520358629,0.0822832693811506,0.123808167874813,0.4307640492916107,,
mixture,em_uniform,"Euler--Maruyama, uniform t",Euler update,20,1,1,1,0.0599262930336408,0.0799017240448544,0.1361946314573288,0.3627863824367523,,
mixture,em_log,"Euler--Maruyama, log sigma",Euler update,5,1,1,0,0.0154139990336261,0.0205519987115015,0.2926593124866485,1.4698268175125122,,
mixture,em_log,"Euler--Maruyama, log sigma",Euler update,5,1,1,1,0.0141383499721996,0.0188511332962661,0.3261970579624176,1.5374925136566162,,
mixture,em_log,"Euler--Maruyama, log sigma",Euler update,20,1,1,0,0.060024484002497,0.0800326453366627,0.1263525933027267,0.368533581495285,,
mixture,em_log,"Euler--Maruyama, log sigma",Euler update,20,1,1,1,0.0601536289905197,0.0802048386540263,0.1090826243162155,0.3734451234340668,,
mixture,legacy_time_dpm,Legacy time-space DPM-1,DPM predictor,5,1,2,0,0.0137552570085972,0.0183403426781296,0.3236144185066223,0.1416449099779129,,
mixture,legacy_time_dpm,Legacy time-space DPM-1,DPM predictor,5,1,2,1,0.0141098769963718,0.0188131693284958,0.3187762498855591,0.1403494030237198,,
mixture,legacy_time_dpm,Legacy time-space DPM-1,DPM predictor,20,1,2,0,0.0608998360112309,0.0811997813483079,0.2769283950328827,0.3068629801273346,,
mixture,legacy_time_dpm,Legacy time-space DPM-1,DPM predictor,20,1,2,1,0.0582104690256528,0.0776139587008704,0.3032126128673553,0.2900595366954803,,
mixture,sigma_uniform_dpm,"Sigma-space DPM-1, uniform t",DPM predictor,5,1,2,0,0.0161529239849187,0.0215372319798916,0.3051564395427704,0.1378946602344513,,
mixture,sigma_uniform_dpm,"Sigma-space DPM-1, uniform t",DPM predictor,5,1,2,1,0.0141879389993846,0.0189172519991795,0.3007245659828186,0.1388924568891525,,
mixture,sigma_uniform_dpm,"Sigma-space DPM-1, uniform t",DPM predictor,20,1,2,0,0.0605779649922624,0.0807706199896832,0.2577599287033081,0.261038601398468,,
mixture,sigma_uniform_dpm,"Sigma-space DPM-1, uniform t",DPM predictor,20,1,2,1,0.0608206249889917,0.081094166651989,0.2841261327266693,0.2448718398809433,,
mixture,sigma_log_dpm,"Sigma-space DPM-1, log sigma",DPM predictor,5,1,2,0,0.0146547780022956,0.0195397040030608,0.3107862770557403,0.1060907766222953,,
mixture,sigma_log_dpm,"Sigma-space DPM-1, log sigma",DPM predictor,5,1,2,1,0.0157384459744207,0.020984594632561,0.3067588210105896,0.1096891239285469,,
mixture,sigma_log_dpm,"Sigma-space DPM-1, log sigma",DPM predictor,20,1,2,0,0.0618542190059088,0.0824722920078784,0.2631816267967224,0.2604933083057403,,
mixture,sigma_log_dpm,"Sigma-space DPM-1, log sigma",DPM predictor,20,1,2,1,0.0618767709820531,0.0825023613094041,0.2888553738594055,0.2440986186265945,,
mixture,dpm2_log,"DPM-2 + corrector, log sigma",Overall sampler,5,1,2,0,0.1042906080256216,0.1390541440341621,0.2129410356283188,0.2924593091011047,,
mixture,dpm2_log,"DPM-2 + corrector, log sigma",Overall sampler,5,1,2,1,0.1054124779766425,0.1405499706355234,0.2637999355792999,0.2623099386692047,,
mixture,dpm2_log,"DPM-2 + corrector, log sigma",Overall sampler,20,1,2,0,0.2403620000113733,0.320482666681831,0.1853280067443847,0.2722972333431244,,
mixture,dpm2_log,"DPM-2 + corrector, log sigma",Overall sampler,20,1,2,1,0.2398641069885343,0.3198188093180458,0.1768668293952942,0.2357537299394607,,
mixture,legacy_drift_euler,Legacy drift-only Euler,Euler update,5,1,2,0,0.014844050980173,0.019792067973564,0.2526239156723022,0.1297106146812439,,
mixture,legacy_drift_euler,Legacy drift-only Euler,Euler update,5,1,2,1,0.0134633950074203,0.0179511933432271,0.2514720261096954,0.130332738161087,,
mixture,legacy_drift_euler,Legacy drift-only Euler,Euler update,20,1,2,0,0.0599654950201511,0.0799539933602015,0.1799181699752807,0.1450298428535461,,
mixture,legacy_drift_euler,Legacy drift-only Euler,Euler update,20,1,2,1,0.0596657250425778,0.0795543000567704,0.1906929314136505,0.1455606967210769,,
mixture,em_uniform,"Euler--Maruyama, uniform t",Euler update,5,1,2,0,0.0139405200025066,0.0185873600033422,0.2583976089954376,1.0368651151657104,,
mixture,em_uniform,"Euler--Maruyama, uniform t",Euler update,5,1,2,1,0.0150210669962689,0.0200280893283585,0.3722409904003143,0.9557371735572816,,
mixture,em_uniform,"Euler--Maruyama, uniform t",Euler update,20,1,2,0,0.0602105460129678,0.0802807280172904,0.1774239242076873,0.4470742344856262,,
mixture,em_uniform,"Euler--Maruyama, uniform t",Euler update,20,1,2,1,0.0601166919805109,0.0801555893073479,0.2014240175485611,0.4077256023883819,,
mixture,em_log,"Euler--Maruyama, log sigma",Euler update,5,1,2,0,0.0154131969902664,0.0205509293203552,0.2645587623119354,1.867858409881592,,
mixture,em_log,"Euler--Maruyama, log sigma",Euler update,5,1,2,1,0.0140501550049521,0.0187335400066028,0.3290973305702209,1.6383837461471558,,
mixture,em_log,"Euler--Maruyama, log sigma",Euler update,20,1,2,0,0.0605361959896981,0.0807149279862642,0.1719028651714325,0.3674473166465759,,
mixture,em_log,"Euler--Maruyama, log sigma",Euler update,20,1,2,1,0.060006096959114,0.0800081292788187,0.1505118459463119,0.3541235029697418,,
mixture,legacy_time_dpm,Legacy time-space DPM-1,DPM predictor,5,1,3,0,0.0147413489758037,0.0196551319677382,1.3545206785202026,0.1744898557662964,,
mixture,legacy_time_dpm,Legacy time-space DPM-1,DPM predictor,5,1,3,1,0.0134401629911735,0.0179202173215647,1.3354308605194092,0.1911539286375045,,
mixture,legacy_time_dpm,Legacy time-space DPM-1,DPM predictor,20,1,3,0,0.0573509270325303,0.0764679027100404,1.275105595588684,0.3369154632091522,,
mixture,legacy_time_dpm,Legacy time-space DPM-1,DPM predictor,20,1,3,1,0.0583933260058984,0.0778577680078645,1.2344584465026855,0.3450692296028137,,
mixture,sigma_uniform_dpm,"Sigma-space DPM-1, uniform t",DPM predictor,5,1,3,0,0.013914365961682,0.0185524879489094,1.2886284589767456,0.1703003644943237,,
mixture,sigma_uniform_dpm,"Sigma-space DPM-1, uniform t",DPM predictor,5,1,3,1,0.0150693299947306,0.0200924399929742,1.269843578338623,0.1918737441301345,,
mixture,sigma_uniform_dpm,"Sigma-space DPM-1, uniform t",DPM predictor,20,1,3,0,0.059849225974176,0.0797989679655681,1.2082303762435913,0.2932212650775909,,
mixture,sigma_uniform_dpm,"Sigma-space DPM-1, uniform t",DPM predictor,20,1,3,1,0.06132927298313,0.0817723639775067,1.1684536933898926,0.2986052930355072,,
mixture,sigma_log_dpm,"Sigma-space DPM-1, log sigma",DPM predictor,5,1,3,0,0.0162666990072466,0.0216889320096621,1.3305180072784424,0.1583340317010879,,
mixture,sigma_log_dpm,"Sigma-space DPM-1, log sigma",DPM predictor,5,1,3,1,0.0149239060119725,0.0198985413492967,1.311598777770996,0.1748999059200287,,
mixture,sigma_log_dpm,"Sigma-space DPM-1, log sigma",DPM predictor,20,1,3,0,0.0614434059825725,0.0819245413100967,1.2249380350112915,0.2929413020610809,,
mixture,sigma_log_dpm,"Sigma-space DPM-1, log sigma",DPM predictor,20,1,3,1,0.0604139789938926,0.0805519719918568,1.185398817062378,0.2986526489257812,,
mixture,dpm2_log,"DPM-2 + corrector, log sigma",Overall sampler,5,1,3,0,0.1042014209670014,0.1389352279560019,0.8742153644561768,0.3529535233974457,,
mixture,dpm2_log,"DPM-2 + corrector, log sigma",Overall sampler,5,1,3,1,0.1044251630082726,0.1392335506776968,0.9267038702964784,0.3309585750102997,,
mixture,dpm2_log,"DPM-2 + corrector, log sigma",Overall sampler,20,1,3,0,0.2517361689824611,0.3356482253099481,0.8739052414894104,0.3231124579906463,,
mixture,dpm2_log,"DPM-2 + corrector, log sigma",Overall sampler,20,1,3,1,0.2435238669859245,0.3246984893145661,0.8640376925468445,0.2799923717975616,,
mixture,legacy_drift_euler,Legacy drift-only Euler,Euler update,5,1,3,0,0.0144526700023561,0.0192702266698082,1.1453721523284912,0.1323504894971847,,
mixture,legacy_drift_euler,Legacy drift-only Euler,Euler update,5,1,3,1,0.0159623590297997,0.0212831453730662,1.1364396810531616,0.1282564848661422,,
mixture,legacy_drift_euler,Legacy drift-only Euler,Euler update,20,1,3,0,0.0614598540123552,0.0819464720164736,0.8727195262908936,0.1496125161647796,,
mixture,legacy_drift_euler,Legacy drift-only Euler,Euler update,20,1,3,1,0.0604765269672498,0.0806353692896664,0.8600568175315857,0.150048479437828,,
mixture,em_uniform,"Euler--Maruyama, uniform t",Euler update,5,1,3,0,0.0159349020104855,0.0212465360139807,1.1641489267349243,1.042077660560608,,
mixture,em_uniform,"Euler--Maruyama, uniform t",Euler update,5,1,3,1,0.0146398509969003,0.0195198013292004,1.212304949760437,1.0426440238952637,,
mixture,em_uniform,"Euler--Maruyama, uniform t",Euler update,20,1,3,0,0.0638517839834094,0.0851357119778792,0.8838274478912354,0.4968712925910949,,
mixture,em_uniform,"Euler--Maruyama, uniform t",Euler update,20,1,3,1,0.0699898379971273,0.0933197839961697,0.8933558464050293,0.4321270883083343,,
mixture,em_log,"Euler--Maruyama, log sigma",Euler update,5,1,3,0,0.0147199049824848,0.0196265399766465,1.2013812065124512,1.806128740310669,,
mixture,em_log,"Euler--Maruyama, log sigma",Euler update,5,1,3,1,0.0158980070264078,0.0211973427018771,1.2460672855377195,2.0589263439178467,,
mixture,em_log,"Euler--Maruyama, log sigma",Euler update,20,1,3,0,0.0634777609957382,0.0846370146609842,0.8143596053123474,0.4622808992862701,,
mixture,em_log,"Euler--Maruyama, log sigma",Euler update,20,1,3,1,0.0625088060041889,0.0833450746722519,0.8085776567459106,0.3896806240081787,,
mixture,legacy_time_dpm,Legacy time-space DPM-1,DPM predictor,5,2,0,0,0.0144747049780562,0.0192996066374083,0.2309020459651947,0.1313215941190719,,
mixture,legacy_time_dpm,Legacy time-space DPM-1,DPM predictor,5,2,0,1,0.0140910929767414,0.0187881239689886,0.2325138598680496,0.1451506316661834,,
mixture,legacy_time_dpm,Legacy time-space DPM-1,DPM predictor,20,2,0,0,0.0586341270245611,0.0781788360327482,0.2365863025188446,0.2664933800697326,,
mixture,legacy_time_dpm,Legacy time-space DPM-1,DPM predictor,20,2,0,1,0.0584458029479719,0.0779277372639626,0.2050603479146957,0.2778511047363281,,
mixture,sigma_uniform_dpm,"Sigma-space DPM-1, uniform t",DPM predictor,5,2,0,0,0.0141433899989351,0.0188578533319135,0.1904017031192779,0.1199397295713424,,
mixture,sigma_uniform_dpm,"Sigma-space DPM-1, uniform t",DPM predictor,5,2,0,1,0.0151707360055297,0.020227648007373,0.1939074099063873,0.1344152837991714,,
mixture,sigma_uniform_dpm,"Sigma-space DPM-1, uniform t",DPM predictor,20,2,0,0,0.0592671149643138,0.0790228199524184,0.2084083557128906,0.2261756211519241,,
mixture,sigma_uniform_dpm,"Sigma-space DPM-1, uniform t",DPM predictor,20,2,0,1,0.0604886739747598,0.0806515652996798,0.1755930930376052,0.2361987382173538,,
mixture,sigma_log_dpm,"Sigma-space DPM-1, log sigma",DPM predictor,5,2,0,0,0.0153190770070068,0.0204254360093424,0.2266001105308532,0.1101103574037551,,
mixture,sigma_log_dpm,"Sigma-space DPM-1, log sigma",DPM predictor,5,2,0,1,0.0141479140147566,0.0188638853530089,0.2290036678314209,0.1246927678585052,,
mixture,sigma_log_dpm,"Sigma-space DPM-1, log sigma",DPM predictor,20,2,0,0,0.0607122280052863,0.0809496373403817,0.2228550463914871,0.2327171564102172,,
mixture,sigma_log_dpm,"Sigma-space DPM-1, log sigma",DPM predictor,20,2,0,1,0.0610349670168943,0.0813799560225258,0.1909302473068237,0.2428916692733764,,
mixture,dpm2_log,"DPM-2 + corrector, log sigma",Overall sampler,5,2,0,0,0.1045710149919614,0.1394280199892819,0.0985527485609054,0.2932822704315185,,
mixture,dpm2_log,"DPM-2 + corrector, log sigma",Overall sampler,5,2,0,1,0.1027310109930113,0.136974681324015,0.1395337283611297,0.3165839612483978,,
mixture,dpm2_log,"DPM-2 + corrector, log sigma",Overall sampler,20,2,0,0,0.2421790799708105,0.3229054399610807,0.1368331760168075,0.2313054352998733,,
mixture,dpm2_log,"DPM-2 + corrector, log sigma",Overall sampler,20,2,0,1,0.2363589160377159,0.3151452213836213,0.1079230085015297,0.2715393900871277,,
mixture,legacy_drift_euler,Legacy drift-only Euler,Euler update,5,2,0,0,0.01532457198482,0.0204327626464267,0.1239964291453361,0.1378843039274215,,
mixture,legacy_drift_euler,Legacy drift-only Euler,Euler update,5,2,0,1,0.0149661810137331,0.0199549080183108,0.1268163323402404,0.1351396888494491,,
mixture,legacy_drift_euler,Legacy drift-only Euler,Euler update,20,2,0,0,0.0619075980503112,0.0825434640670816,0.0933498218655586,0.1517859399318695,,
mixture,legacy_drift_euler,Legacy drift-only Euler,Euler update,20,2,0,1,0.0622189420391805,0.082958589385574,0.0795781537890434,0.1509416103363037,,
mixture,em_uniform,"Euler--Maruyama, uniform t",Euler update,5,2,0,0,0.0141552799614146,0.0188737066152195,0.0968683734536171,0.8638317584991455,,
mixture,em_uniform,"Euler--Maruyama, uniform t",Euler update,5,2,0,1,0.0156408320181071,0.0208544426908095,0.1648234128952026,0.9825409054756165,,
mixture,em_uniform,"Euler--Maruyama, uniform t",Euler update,20,2,0,0,0.0606423359713517,0.0808564479618022,0.131581038236618,0.3674307763576507,,
mixture,em_uniform,"Euler--Maruyama, uniform t",Euler update,20,2,0,1,0.0603346590069122,0.0804462120092163,0.0989314615726471,0.3909350037574768,,
mixture,em_log,"Euler--Maruyama, log sigma",Euler update,5,2,0,0,0.0156669769785366,0.0208893026380489,0.1327011436223983,1.4727102518081665,,
mixture,em_log,"Euler--Maruyama, log sigma",Euler update,5,2,0,1,0.0145168689778074,0.0193558253037432,0.1744279861450195,1.581899881362915,,
mixture,em_log,"Euler--Maruyama, log sigma",Euler update,20,2,0,0,0.0613278160453774,0.0817704213938365,0.1291382014751434,0.3352468311786651,,
mixture,em_log,"Euler--Maruyama, log sigma",Euler update,20,2,0,1,0.0615341329830698,0.0820455106440931,0.1016286835074424,0.3684307336807251,,
mixture,legacy_time_dpm,Legacy time-space DPM-1,DPM predictor,5,2,1,0,0.0134410379687324,0.0179213839583098,0.4266990721225738,0.1549273431301117,,
mixture,legacy_time_dpm,Legacy time-space DPM-1,DPM predictor,5,2,1,1,0.0145901279756799,0.0194535039675732,0.4256327748298645,0.1659365743398666,,
mixture,legacy_time_dpm,Legacy time-space DPM-1,DPM predictor,20,2,1,0,0.0572338239871896,0.0763117653162529,0.3312689960002899,0.3127932250499725,,
mixture,legacy_time_dpm,Legacy time-space DPM-1,DPM predictor,20,2,1,1,0.0576009600190445,0.0768012800253927,0.3576923608779907,0.2767345607280731,,
mixture,sigma_uniform_dpm,"Sigma-space DPM-1, uniform t",DPM predictor,5,2,1,0,0.0142920120269991,0.0190560160359988,0.319867879152298,0.134178027510643,,
mixture,sigma_uniform_dpm,"Sigma-space DPM-1, uniform t",DPM predictor,5,2,1,1,0.015563937020488,0.0207519160273174,0.3179278969764709,0.1437567621469497,,
mixture,sigma_uniform_dpm,"Sigma-space DPM-1, uniform t",DPM predictor,20,2,1,0,0.059088610985782,0.0787848146477093,0.2683448493480682,0.2662245333194732,,
mixture,sigma_uniform_dpm,"Sigma-space DPM-1, uniform t",DPM predictor,20,2,1,1,0.0601257680100388,0.0801676906800518,0.2894037663936615,0.2325340360403061,,
mixture,sigma_log_dpm,"Sigma-space DPM-1, log sigma",DPM predictor,5,2,1,0,0.0144802720169536,0.0193070293559382,0.3964946568012237,0.1306847631931305,,
mixture,sigma_log_dpm,"Sigma-space DPM-1, log sigma",DPM predictor,5,2,1,1,0.0154085649992339,0.0205447533323119,0.3942994177341461,0.1399997621774673,,
mixture,sigma_log_dpm,"Sigma-space DPM-1, log sigma",DPM predictor,20,2,1,0,0.0607470149989239,0.0809960199985653,0.3001790642738342,0.2736406624317169,,
mixture,sigma_log_dpm,"Sigma-space DPM-1, log sigma",DPM predictor,20,2,1,1,0.0614948479924351,0.0819931306565801,0.3235527873039245,0.2401194274425506,,
mixture,dpm2_log,"DPM-2 + corrector, log sigma",Overall sampler,5,2,1,0,0.1044164169579744,0.1392218892772992,0.1799002885818481,0.3354232311248779,,
mixture,dpm2_log,"DPM-2 + corrector, log sigma",Overall sampler,5,2,1,1,0.1032001160201616,0.1376001546935489,0.1707387715578079,0.2917597591876983,,
mixture,dpm2_log,"DPM-2 + corrector, log sigma",Overall sampler,20,2,1,0,0.2404588640201836,0.3206118186935782,0.1389985531568527,0.2512459754943847,,
mixture,dpm2_log,"DPM-2 + corrector, log sigma",Overall sampler,20,2,1,1,0.23817012301879,0.3175601640250534,0.1343719512224197,0.2451778948307037,,
mixture,legacy_drift_euler,Legacy drift-only Euler,Euler update,5,2,1,0,0.0140577669953927,0.0187436893271903,0.1967930346727371,0.1331681758165359,,
mixture,legacy_drift_euler,Legacy drift-only Euler,Euler update,5,2,1,1,0.0149067199672572,0.0198756266230096,0.1962188929319381,0.1314790099859237,,
mixture,legacy_drift_euler,Legacy drift-only Euler,Euler update,20,2,1,0,0.0603289159480482,0.0804385545973976,0.1089217662811279,0.1481894701719284,,
mixture,legacy_drift_euler,Legacy drift-only Euler,Euler update,20,2,1,1,0.0592490060371346,0.0789986747161795,0.1131915301084518,0.1514918953180313,,
mixture,em_uniform,"Euler--Maruyama, uniform t",Euler update,5,2,1,0,0.0143557229894213,0.0191409639858951,0.2691935300827026,0.8783957362174988,,
mixture,em_uniform,"Euler--Maruyama, uniform t",Euler update,5,2,1,1,0.0157489639823324,0.0209986186431099,0.2321048080921173,0.8401828408241272,,
mixture,em_uniform,"Euler--Maruyama, uniform t",Euler update,20,2,1,0,0.0605571359628811,0.0807428479505081,0.1046803444623947,0.3780189752578735,,
mixture,em_uniform,"Euler--Maruyama, uniform t",Euler update,20,2,1,1,0.0613588390406221,0.0818117853874961,0.1177978292107582,0.3125719130039215,,
mixture,em_log,"Euler--Maruyama, log sigma",Euler update,5,2,1,0,0.0157782259630039,0.0210376346173385,0.220406949520111,1.3209125995635986,,
mixture,em_log,"Euler--Maruyama, log sigma",Euler update,5,2,1,1,0.0141978890169411,0.0189305186892549,0.2479053437709808,1.380547046661377,,
mixture,em_log,"Euler--Maruyama, log sigma",Euler update,20,2,1,0,0.0615766960545443,0.082102261406059,0.1140812337398529,0.3350667357444763,,
mixture,em_log,"Euler--Maruyama, log sigma",Euler update,20,2,1,1,0.0616481030010618,0.0821974706680824,0.0953599587082862,0.3368811905384063,,
mixture,legacy_time_dpm,Legacy time-space DPM-1,DPM predictor,5,2,2,0,0.013785580988042,0.0183807746507227,0.2924349904060364,0.1206043809652328,,
mixture,legacy_time_dpm,Legacy time-space DPM-1,DPM predictor,5,2,2,1,0.0138539570034481,0.0184719426712642,0.285999059677124,0.1169819682836532,,
mixture,legacy_time_dpm,Legacy time-space DPM-1,DPM predictor,20,2,2,0,0.0575710620032623,0.0767614160043497,0.2577758133411407,0.2786129713058471,,
mixture,legacy_time_dpm,Legacy time-space DPM-1,DPM predictor,20,2,2,1,0.0562144050491042,0.0749525400654723,0.282327800989151,0.2692263424396515,,
mixture,sigma_uniform_dpm,"Sigma-space DPM-1, uniform t",DPM predictor,5,2,2,0,0.014009402017109,0.0186792026894787,0.2747036516666412,0.1142615601420402,,
mixture,sigma_uniform_dpm,"Sigma-space DPM-1, uniform t",DPM predictor,5,2,2,1,0.0154251409694552,0.0205668546259403,0.2684029936790466,0.1117616891860961,,
mixture,sigma_uniform_dpm,"Sigma-space DPM-1, uniform t",DPM predictor,20,2,2,0,0.0598716519889421,0.0798288693185895,0.2421914935111999,0.2366366237401962,,
mixture,sigma_uniform_dpm,"Sigma-space DPM-1, uniform t",DPM predictor,20,2,2,1,0.0594153240090236,0.0792204320120314,0.2669813334941864,0.227860614657402,,
mixture,sigma_log_dpm,"Sigma-space DPM-1, log sigma",DPM predictor,5,2,2,0,0.0142841699998825,0.0190455599998434,0.2930696904659271,0.098489761352539,,
mixture,sigma_log_dpm,"Sigma-space DPM-1, log sigma",DPM predictor,5,2,2,1,0.0152010300080291,0.0202680400107055,0.2880946695804596,0.095559686422348,,
mixture,sigma_log_dpm,"Sigma-space DPM-1, log sigma",DPM predictor,20,2,2,0,0.0588563159690238,0.0784750879586984,0.2507735192775726,0.2429769784212112,,
mixture,sigma_log_dpm,"Sigma-space DPM-1, log sigma",DPM predictor,20,2,2,1,0.0611265589832328,0.0815020786443104,0.2751826643943786,0.234213501214981,,
mixture,dpm2_log,"DPM-2 + corrector, log sigma",Overall sampler,5,2,2,0,0.1130347329890355,0.150712977318714,0.2039203941822052,0.3022498190402984,,
mixture,dpm2_log,"DPM-2 + corrector, log sigma",Overall sampler,5,2,2,1,0.102513505029492,0.1366846733726561,0.2558391094207763,0.2682377099990845,,
mixture,dpm2_log,"DPM-2 + corrector, log sigma",Overall sampler,20,2,2,0,0.2400244620512239,0.3200326160682986,0.1797865778207779,0.2565118074417114,,
mixture,dpm2_log,"DPM-2 + corrector, log sigma",Overall sampler,20,2,2,1,0.2440508379950188,0.3254011173266917,0.1697727292776107,0.2286651283502578,,
mixture,legacy_drift_euler,Legacy drift-only Euler,Euler update,5,2,2,0,0.0138053780538029,0.0184071707384039,0.2107351422309875,0.1437985897064209,,
mixture,legacy_drift_euler,Legacy drift-only Euler,Euler update,5,2,2,1,0.0149483830318786,0.0199311773758381,0.2083144038915634,0.1440783888101577,,
mixture,legacy_drift_euler,Legacy drift-only Euler,Euler update,20,2,2,0,0.0599494740017689,0.0799326320023586,0.164147213101387,0.1544056832790374,,
mixture,legacy_drift_euler,Legacy drift-only Euler,Euler update,20,2,2,1,0.0606248349649831,0.0808331132866442,0.1727700680494308,0.1549980193376541,,
mixture,em_uniform,"Euler--Maruyama, uniform t",Euler update,5,2,2,0,0.0139790559769608,0.0186387413026144,0.2254295349121093,0.9537766575813292,,
mixture,em_uniform,"Euler--Maruyama, uniform t",Euler update,5,2,2,1,0.0152841840172186,0.0203789120229582,0.3340198397636413,0.874406635761261,,
mixture,em_uniform,"Euler--Maruyama, uniform t",Euler update,20,2,2,0,0.0604961729841306,0.0806615639788409,0.1606567800045013,0.406856894493103,,
mixture,em_uniform,"Euler--Maruyama, uniform t",Euler update,20,2,2,1,0.0607150219730101,0.0809533626306802,0.1815863847732544,0.3712113499641418,,
mixture,em_log,"Euler--Maruyama, log sigma",Euler update,5,2,2,0,0.0161647070199251,0.0215529426932334,0.2460456937551498,1.718203067779541,,
mixture,em_log,"Euler--Maruyama, log sigma",Euler update,5,2,2,1,0.0142596699879504,0.0190128933172673,0.3114823400974273,1.5011229515075684,,
mixture,em_log,"Euler--Maruyama, log sigma",Euler update,20,2,2,0,0.0609545340412296,0.0812727120549728,0.1631168127059936,0.3407096564769745,,
mixture,em_log,"Euler--Maruyama, log sigma",Euler update,20,2,2,1,0.0606625410146079,0.0808833880194773,0.1412814557552337,0.3342130184173584,,
mixture,legacy_time_dpm,Legacy time-space DPM-1,DPM predictor,5,2,3,0,0.0145726940245367,0.0194302586993823,1.3147422075271606,0.1670347303152084,,
mixture,legacy_time_dpm,Legacy time-space DPM-1,DPM predictor,5,2,3,1,0.015482336981222,0.0206431159749627,1.295421481132507,0.1837044507265091,,
mixture,legacy_time_dpm,Legacy time-space DPM-1,DPM predictor,20,2,3,0,0.0571131460019387,0.0761508613359183,1.256447672843933,0.3366308808326721,,
mixture,legacy_time_dpm,Legacy time-space DPM-1,DPM predictor,20,2,3,1,0.0565247450140304,0.0753663266853739,1.2181715965270996,0.3429718315601349,,
mixture,sigma_uniform_dpm,"Sigma-space DPM-1, uniform t",DPM predictor,5,2,3,0,0.0154564650147221,0.0206086200196295,1.2495824098587036,0.1530544012784958,,
mixture,sigma_uniform_dpm,"Sigma-space DPM-1, uniform t",DPM predictor,5,2,3,1,0.0138500630273483,0.0184667507031311,1.2304041385650637,0.1746057271957397,,
mixture,sigma_uniform_dpm,"Sigma-space DPM-1, uniform t",DPM predictor,20,2,3,0,0.0616027280339039,0.0821369707118719,1.1970527172088623,0.294836550951004,,
mixture,sigma_uniform_dpm,"Sigma-space DPM-1, uniform t",DPM predictor,20,2,3,1,0.0591745299752801,0.0788993733003735,1.159447193145752,0.2996241748332977,,
mixture,sigma_log_dpm,"Sigma-space DPM-1, log sigma",DPM predictor,5,2,3,0,0.0142577050137333,0.0190102733516444,1.3092187643051147,0.1477766036987304,,
mixture,sigma_log_dpm,"Sigma-space DPM-1, log sigma",DPM predictor,5,2,3,1,0.0162577340379357,0.0216769787172476,1.2899317741394043,0.1648688614368438,,
mixture,sigma_log_dpm,"Sigma-space DPM-1, log sigma",DPM predictor,20,2,3,0,0.0594965029740706,0.0793286706320941,1.2217615842819214,0.3007268905639648,,
mixture,sigma_log_dpm,"Sigma-space DPM-1, log sigma",DPM predictor,20,2,3,1,0.0606401090044528,0.0808534786726037,1.18451988697052,0.3056633472442627,,
mixture,dpm2_log,"DPM-2 + corrector, log sigma",Overall sampler,5,2,3,0,0.1055165879661217,0.1406887839548289,0.8992398977279663,0.4010091722011566,,
mixture,dpm2_log,"DPM-2 + corrector, log sigma",Overall sampler,5,2,3,1,0.1080390179995447,0.144052023999393,0.954051673412323,0.3810229301452636,,
mixture,dpm2_log,"DPM-2 + corrector, log sigma",Overall sampler,20,2,3,0,0.2431226160260848,0.3241634880347798,0.8858321309089661,0.3496767282485962,,
mixture,dpm2_log,"DPM-2 + corrector, log sigma",Overall sampler,20,2,3,1,0.2438820280367508,0.3251760373823344,0.8773421049118042,0.3046563267707824,,
mixture,legacy_drift_euler,Legacy drift-only Euler,Euler update,5,2,3,0,0.014644649985712,0.0195261999809493,1.1035375595092771,0.1351863592863083,,
mixture,legacy_drift_euler,Legacy drift-only Euler,Euler update,5,2,3,1,0.0151199960382655,0.0201599947176873,1.0947935581207275,0.1310046166181564,,
mixture,legacy_drift_euler,Legacy drift-only Euler,Euler update,20,2,3,0,0.0622784419683739,0.0830379226244986,0.8648896813392639,0.1468827873468399,,
mixture,legacy_drift_euler,Legacy drift-only Euler,Euler update,20,2,3,1,0.0620253990055061,0.0827005320073415,0.85172039270401,0.1475271880626678,,
mixture,em_uniform,"Euler--Maruyama, uniform t",Euler update,5,2,3,0,0.0161363899824209,0.0215151866432279,1.1219159364700315,0.999971568584442,,
mixture,em_uniform,"Euler--Maruyama, uniform t",Euler update,5,2,3,1,0.0148906050017103,0.0198541400022804,1.1688687801361084,1.000659704208374,,
mixture,em_uniform,"Euler--Maruyama, uniform t",Euler update,20,2,3,0,0.0622482890030369,0.0829977186707158,0.8671255111694336,0.4948171973228454,,
mixture,em_uniform,"Euler--Maruyama, uniform t",Euler update,20,2,3,1,0.0641169550362974,0.0854892733817299,0.8806948661804199,0.4331636130809784,,
mixture,em_log,"Euler--Maruyama, log sigma",Euler update,5,2,3,0,0.014540952979587,0.019387937306116,1.1646040678024292,1.6986311674118042,,
mixture,em_log,"Euler--Maruyama, log sigma",Euler update,5,2,3,1,0.0157003449858166,0.0209337933144221,1.2098876237869265,1.9440491199493408,,
mixture,em_log,"Euler--Maruyama, log sigma",Euler update,20,2,3,0,0.0616820020368322,0.082242669382443,0.8163848519325256,0.4804035425186157,,
mixture,em_log,"Euler--Maruyama, log sigma",Euler update,20,2,3,1,0.0613435549894347,0.0817914066525797,0.8134421706199646,0.4112006723880768,,
mixture,dpm2_uniform,"DPM-2 + corrector, uniform t",Overall sampler,5,0,0,0,5.687971352017485,7.58396180268998,0.1080727502703666,0.2885901629924774,,
mixture,dpm2_uniform,"DPM-2 + corrector, uniform t",Overall sampler,5,0,0,1,3.7115178129752167,4.948690417300289,0.1449513137340545,0.3298012316226959,,
mixture,dpm2_uniform,"DPM-2 + corrector, uniform t",Overall sampler,20,0,0,0,9.085967291961424,12.114623055948565,0.1236809268593788,0.2377698570489883,,
mixture,dpm2_uniform,"DPM-2 + corrector, uniform t",Overall sampler,20,0,0,1,9.58974040299654,12.78632053732872,0.0781754106283187,0.2424263060092926,,
mixture,dpm2_uniform,"DPM-2 + corrector, uniform t",Overall sampler,5,0,1,0,3.534191818034742,4.712255757379656,0.1731152385473251,0.3097806870937347,,
mixture,dpm2_uniform,"DPM-2 + corrector, uniform t",Overall sampler,5,0,1,1,3.4037517289980315,4.538335638664042,0.1920517683029174,0.3623749017715454,,
mixture,dpm2_uniform,"DPM-2 + corrector, uniform t",Overall sampler,20,0,1,0,6.084954951948021,8.113273269264027,0.1058666706085205,0.2438926249742508,,
mixture,dpm2_uniform,"DPM-2 + corrector, uniform t",Overall sampler,20,0,1,1,8.359620162984356,11.146160217312476,0.0942884758114814,0.2296259850263595,,
mixture,dpm2_uniform,"DPM-2 + corrector, uniform t",Overall sampler,5,0,2,0,2.305309141986072,3.073745522648096,0.1691936403512954,0.2660682201385498,,
mixture,dpm2_uniform,"DPM-2 + corrector, uniform t",Overall sampler,5,0,2,1,1.988165303948336,2.650887071931114,0.1501940786838531,0.2647276818752289,,
mixture,dpm2_uniform,"DPM-2 + corrector, uniform t",Overall sampler,20,0,2,0,6.524887455976568,8.69984994130209,0.1980533748865127,0.2689674794673919,,
mixture,dpm2_uniform,"DPM-2 + corrector, uniform t",Overall sampler,20,0,2,1,8.506370942981448,11.341827923975265,0.1574599742889404,0.2090827971696853,,
mixture,dpm2_uniform,"DPM-2 + corrector, uniform t",Overall sampler,5,0,3,0,6.906649436976295,9.208865915968394,0.9854291677474976,0.3698471486568451,,
mixture,dpm2_uniform,"DPM-2 + corrector, uniform t",Overall sampler,5,0,3,1,3.896854728984181,5.195806305312241,0.9423797726631165,0.3461471199989319,,
mixture,dpm2_uniform,"DPM-2 + corrector, uniform t",Overall sampler,20,0,3,0,12.1306559680379,16.174207957383867,0.8617464900016785,0.24063640832901,,
mixture,dpm2_uniform,"DPM-2 + corrector, uniform t",Overall sampler,20,0,3,1,14.555876412952784,19.40783521727037,0.831535816192627,0.2380872517824173,,
mixture,dpm2_uniform,"DPM-2 + corrector, uniform t",Overall sampler,5,1,0,0,2.209238159004599,2.945650878672798,0.0872636064887046,0.3528154194355011,,
mixture,dpm2_uniform,"DPM-2 + corrector, uniform t",Overall sampler,5,1,0,1,2.4935151420068,3.324686856009066,0.1258895993232727,0.4019971191883087,,
mixture,dpm2_uniform,"DPM-2 + corrector, uniform t",Overall sampler,20,1,0,0,7.995511721994262,10.66068229599235,0.1004986613988876,0.2969352900981903,,
mixture,dpm2_uniform,"DPM-2 + corrector, uniform t",Overall sampler,20,1,0,1,4.222141476988327,5.629521969317769,0.0552100390195846,0.3042284846305847,,
mixture,dpm2_uniform,"DPM-2 + corrector, uniform t",Overall sampler,5,1,1,0,2.9923879269626923,3.9898505692835897,0.1749051660299301,0.3852334916591644,,
mixture,dpm2_uniform,"DPM-2 + corrector, uniform t",Overall sampler,5,1,1,1,2.782576458004769,3.710101944006359,0.1932046711444854,0.4571497738361358,,
mixture,dpm2_uniform,"DPM-2 + corrector, uniform t",Overall sampler,20,1,1,0,4.380944937001914,5.841259916002552,0.0999214872717857,0.3127371668815613,,
mixture,dpm2_uniform,"DPM-2 + corrector, uniform t",Overall sampler,20,1,1,1,5.807664733962156,7.743552978616208,0.0906721428036689,0.3080366253852844,,
mixture,dpm2_uniform,"DPM-2 + corrector, uniform t",Overall sampler,5,1,2,0,2.587079280987382,3.449439041316509,0.152501180768013,0.2956744432449341,,
mixture,dpm2_uniform,"DPM-2 + corrector, uniform t",Overall sampler,5,1,2,1,2.720786638034042,3.6277155173787214,0.1301053315401077,0.2950541079044342,,
mixture,dpm2_uniform,"DPM-2 + corrector, uniform t",Overall sampler,20,1,2,0,5.240899449971039,6.987865933294718,0.1779415756464004,0.3249826431274414,,
mixture,dpm2_uniform,"DPM-2 + corrector, uniform t",Overall sampler,20,1,2,1,6.763862063991837,9.018482751989117,0.1364035159349441,0.2421824038028717,,
mixture,dpm2_uniform,"DPM-2 + corrector, uniform t",Overall sampler,5,1,3,0,2.8122249220032245,3.7496332293376327,0.9981390237808228,0.457884281873703,,
mixture,dpm2_uniform,"DPM-2 + corrector, uniform t",Overall sampler,5,1,3,1,3.2021805639960803,4.269574085328107,0.947640597820282,0.4191256165504455,,
mixture,dpm2_uniform,"DPM-2 + corrector, uniform t",Overall sampler,20,1,3,0,7.285359048983082,9.713812065310776,0.880965530872345,0.3095637857913971,,
mixture,dpm2_uniform,"DPM-2 + corrector, uniform t",Overall sampler,20,1,3,1,5.711287919955794,7.615050559941058,0.8462502956390381,0.2987059652805328,,
mixture,dpm2_uniform,"DPM-2 + corrector, uniform t",Overall sampler,5,2,0,0,2.2833766450057738,3.044502193341032,0.0839943066239357,0.2935371696949005,,
mixture,dpm2_uniform,"DPM-2 + corrector, uniform t",Overall sampler,5,2,0,1,2.3622884349897504,3.149717913319668,0.1196415275335311,0.3343019187450409,,
mixture,dpm2_uniform,"DPM-2 + corrector, uniform t",Overall sampler,20,2,0,0,6.499650860961992,8.666201147949323,0.0926340818405151,0.2504796683788299,,
mixture,dpm2_uniform,"DPM-2 + corrector, uniform t",Overall sampler,20,2,0,1,5.954262445040513,7.93901659338735,0.0455142632126808,0.2514245808124542,,
mixture,dpm2_uniform,"DPM-2 + corrector, uniform t",Overall sampler,5,2,1,0,1.7715689329779707,2.3620919106372944,0.1779325753450393,0.3107189238071441,,
mixture,dpm2_uniform,"DPM-2 + corrector, uniform t",Overall sampler,5,2,1,1,3.071949159959331,4.0959322132791085,0.1953822076320648,0.3629334568977356,,
mixture,dpm2_uniform,"DPM-2 + corrector, uniform t",Overall sampler,20,2,1,0,4.958422223979142,6.611229631972189,0.0957461819052696,0.2497446984052658,,
mixture,dpm2_uniform,"DPM-2 + corrector, uniform t",Overall sampler,20,2,1,1,6.5600694789900444,8.74675930532006,0.0880227014422416,0.2359769493341446,,
mixture,dpm2_uniform,"DPM-2 + corrector, uniform t",Overall sampler,5,2,2,0,3.827320642012637,5.103094189350183,0.180654764175415,0.2701281011104584,,
mixture,dpm2_uniform,"DPM-2 + corrector, uniform t",Overall sampler,5,2,2,1,2.892372714006342,3.856496952008456,0.1608855128288269,0.2692692875862121,,
mixture,dpm2_uniform,"DPM-2 + corrector, uniform t",Overall sampler,20,2,2,0,8.062230762036052,10.749641016048068,0.2095408588647842,0.2716522812843323,,
mixture,dpm2_uniform,"DPM-2 + corrector, uniform t",Overall sampler,20,2,2,1,7.6043839160120115,10.13917855468268,0.1685856878757476,0.21580371260643,,
mixture,dpm2_uniform,"DPM-2 + corrector, uniform t",Overall sampler,5,2,3,0,1.3488136399537325,1.7984181866049769,0.9837838411331176,0.4170450866222381,,
mixture,dpm2_uniform,"DPM-2 + corrector, uniform t",Overall sampler,5,2,3,1,1.5696318129776046,2.0928424173034728,0.9374430775642396,0.3889058232307434,,
mixture,dpm2_uniform,"DPM-2 + corrector, uniform t",Overall sampler,20,2,3,0,3.672829694987741,4.897106259983654,0.8654249906539917,0.2979938089847564,,
mixture,dpm2_uniform,"DPM-2 + corrector, uniform t",Overall sampler,20,2,3,1,2.5191093320027,3.3588124426702657,0.8331153988838196,0.2940583229064941,,
mixture,legacy_time_dpm,Legacy time-space DPM-1,DPM predictor,10,0,0,0,0.3698207490378991,0.4930943320505321,0.2562097311019897,0.2474900931119918,cuda,
mixture,legacy_time_dpm,Legacy time-space DPM-1,DPM predictor,10,0,0,1,0.0274310579989105,0.0365747439985474,0.2397080063819885,0.2451492995023727,cuda,
mixture,legacy_time_dpm,Legacy time-space DPM-1,DPM predictor,50,0,0,0,0.1362005369737744,0.1816007159650325,0.2576666176319122,0.3396157622337341,cuda,
mixture,legacy_time_dpm,Legacy time-space DPM-1,DPM predictor,50,0,0,1,0.1362701090984046,0.1816934787978728,0.214549109339714,0.2709372937679291,cuda,
mixture,legacy_time_dpm,Legacy time-space DPM-1,DPM predictor,100,0,0,0,0.2724427330540493,0.3632569774053991,0.2162050753831863,0.2750831544399261,cuda,
mixture,legacy_time_dpm,Legacy time-space DPM-1,DPM predictor,100,0,0,1,0.2811648290371522,0.374886438716203,0.2281897068023681,0.2834150493144989,cuda,
mixture,legacy_time_dpm,Legacy time-space DPM-1,DPM predictor,10,0,1,0,0.0275805719429627,0.0367740959239502,0.40581214427948,0.2418654263019561,cuda,
mixture,legacy_time_dpm,Legacy time-space DPM-1,DPM predictor,10,0,1,1,0.0271622170694172,0.0362162894258896,0.3917776942253113,0.2118711918592453,cuda,
mixture,legacy_time_dpm,Legacy time-space DPM-1,DPM predictor,50,0,1,0,0.1374969520838931,0.1833292694451908,0.3532183766365051,0.2894693613052368,cuda,
mixture,legacy_time_dpm,Legacy time-space DPM-1,DPM predictor,50,0,1,1,0.1379810479702428,0.1839747306269904,0.3575119078159332,0.2850924134254455,cuda,
mixture,legacy_time_dpm,Legacy time-space DPM-1,DPM predictor,100,0,1,0,0.276069164974615,0.3680922199661533,0.3501214385032654,0.226789504289627,cuda,
mixture,legacy_time_dpm,Legacy time-space DPM-1,DPM predictor,100,0,1,1,0.2763364609563723,0.3684486146084964,0.3470408618450165,0.2750410735607147,cuda,
mixture,legacy_time_dpm,Legacy time-space DPM-1,DPM predictor,10,0,2,0,0.0269733780296519,0.0359645040395359,0.2132434397935867,0.3193998336791992,cuda,
mixture,legacy_time_dpm,Legacy time-space DPM-1,DPM predictor,10,0,2,1,0.0270406589843332,0.036054211979111,0.2646041214466095,0.2518334686756134,cuda,
mixture,legacy_time_dpm,Legacy time-space DPM-1,DPM predictor,50,0,2,0,0.138111058040522,0.1841480773873627,0.25408536195755,0.2528131008148193,cuda,
mixture,legacy_time_dpm,Legacy time-space DPM-1,DPM predictor,50,0,2,1,0.1362018939107656,0.1816025252143542,0.2888604998588562,0.2439891844987869,cuda,
mixture,legacy_time_dpm,Legacy time-space DPM-1,DPM predictor,100,0,2,0,0.2726593390107155,0.3635457853476206,0.2356109172105789,0.2649547755718231,cuda,
mixture,legacy_time_dpm,Legacy time-space DPM-1,DPM predictor,100,0,2,1,0.2848961720010265,0.3798615626680354,0.2431165426969528,0.3081236183643341,cuda,
mixture,legacy_time_dpm,Legacy time-space DPM-1,DPM predictor,10,0,3,0,0.0272937669651582,0.0363916892868777,1.2256231307983398,0.2992345988750458,cuda,
mixture,legacy_time_dpm,Legacy time-space DPM-1,DPM predictor,10,0,3,1,0.0270697439555078,0.0360929919406771,1.2572985887527466,0.2670175433158874,cuda,
mixture,legacy_time_dpm,Legacy time-space DPM-1,DPM predictor,50,0,3,0,0.1498950829263776,0.1998601105685035,1.2105573415756226,0.3044449090957641,cuda,
mixture,legacy_time_dpm,Legacy time-space DPM-1,DPM predictor,50,0,3,1,0.1461826560553163,0.1949102080737551,1.2461566925048828,0.3220487236976623,cuda,
mixture,legacy_time_dpm,Legacy time-space DPM-1,DPM predictor,100,0,3,0,0.3383640849497169,0.4511521132662892,1.2171112298965454,0.2930751740932464,cuda,
mixture,legacy_time_dpm,Legacy time-space DPM-1,DPM predictor,100,0,3,1,0.3571632680250332,0.4762176907000442,1.159462332725525,0.2772909700870514,cuda,
mixture,sigma_uniform_dpm,"Sigma-space DPM-1, uniform t",DPM predictor,10,0,0,0,0.0280441400827839,0.0373921867770453,0.2114920616149902,0.2034344673156738,cuda,
mixture,sigma_uniform_dpm,"Sigma-space DPM-1, uniform t",DPM predictor,10,0,0,1,0.0272380369715392,0.036317382628719,0.2018571197986602,0.2033392041921615,cuda,
mixture,sigma_uniform_dpm,"Sigma-space DPM-1, uniform t",DPM predictor,50,0,0,0,0.1399954579537734,0.1866606106050312,0.242224246263504,0.306672066450119,cuda,
mixture,sigma_uniform_dpm,"Sigma-space DPM-1, uniform t",DPM predictor,50,0,0,1,0.1396981920115649,0.1862642560154199,0.2001330852508545,0.241535410284996,cuda,
mixture,sigma_uniform_dpm,"Sigma-space DPM-1, uniform t",DPM predictor,100,0,0,0,0.281859150971286,0.375812201295048,0.2066594213247299,0.2550616860389709,cuda,
mixture,sigma_uniform_dpm,"Sigma-space DPM-1, uniform t",DPM predictor,100,0,0,1,0.2797408710466698,0.3729878280622263,0.2175410091876983,0.2633505463600158,cuda,
mixture,sigma_uniform_dpm,"Sigma-space DPM-1, uniform t",DPM predictor,10,0,1,0,0.0281845190329477,0.0375793587105969,0.3073304295539856,0.1977957636117935,cuda,
mixture,sigma_uniform_dpm,"Sigma-space DPM-1, uniform t",DPM predictor,10,0,1,1,0.0274926940910518,0.0366569254547357,0.2964631021022796,0.1707381010055542,cuda,
mixture,sigma_uniform_dpm,"Sigma-space DPM-1, uniform t",DPM predictor,50,0,1,0,0.1393424109555781,0.1857898812741041,0.3168744444847107,0.2578800916671753,cuda,
mixture,sigma_uniform_dpm,"Sigma-space DPM-1, uniform t",DPM predictor,50,0,1,1,0.138084023958072,0.1841120319440961,0.3207738995552063,0.2538749575614929,cuda,
mixture,sigma_uniform_dpm,"Sigma-space DPM-1, uniform t",DPM predictor,100,0,1,0,0.2793236520374194,0.3724315360498925,0.327099084854126,0.2075245976448059,cuda,
mixture,sigma_uniform_dpm,"Sigma-space DPM-1, uniform t",DPM predictor,100,0,1,1,0.2811985809821635,0.3749314413095514,0.3246144652366638,0.2544794976711273,cuda,
mixture,sigma_uniform_dpm,"Sigma-space DPM-1, uniform t",DPM predictor,10,0,2,0,0.0275952279334887,0.0367936372446517,0.1957216113805771,0.2762332856655121,cuda,
mixture,sigma_uniform_dpm,"Sigma-space DPM-1, uniform t",DPM predictor,10,0,2,1,0.0276390529470518,0.0368520705960691,0.2459999620914459,0.2141497731208801,cuda,
mixture,sigma_uniform_dpm,"Sigma-space DPM-1, uniform t",DPM predictor,50,0,2,0,0.1451390070142224,0.1935186760189632,0.2442962676286697,0.2259823381900787,cuda,
mixture,sigma_uniform_dpm,"Sigma-space DPM-1, uniform t",DPM predictor,50,0,2,1,0.1404127579880878,0.1872170106507837,0.278548002243042,0.217447891831398,cuda,
mixture,sigma_uniform_dpm,"Sigma-space DPM-1, uniform t",DPM predictor,100,0,2,0,0.2792355640558526,0.3723140854078035,0.2293453961610794,0.2455931007862091,cuda,
mixture,sigma_uniform_dpm,"Sigma-space DPM-1, uniform t",DPM predictor,100,0,2,1,0.2767334789969027,0.3689779719958703,0.2366860210895538,0.2870236933231354,cuda,
mixture,sigma_uniform_dpm,"Sigma-space DPM-1, uniform t",DPM predictor,10,0,3,0,0.0276678380323573,0.0368904507098098,1.1544426679611206,0.2492098212242126,cuda,
mixture,sigma_uniform_dpm,"Sigma-space DPM-1, uniform t",DPM predictor,10,0,3,1,0.0271302240435034,0.0361736320580045,1.1838369369506836,0.2186725735664367,cuda,
mixture,sigma_uniform_dpm,"Sigma-space DPM-1, uniform t",DPM predictor,50,0,3,0,0.1380638380069285,0.1840851173425714,1.172381043434143,0.271129846572876,cuda,
mixture,sigma_uniform_dpm,"Sigma-space DPM-1, uniform t",DPM predictor,50,0,3,1,0.1387080709682777,0.1849440946243703,1.2066998481750488,0.288674920797348,cuda,
mixture,sigma_uniform_dpm,"Sigma-space DPM-1, uniform t",DPM predictor,100,0,3,0,0.2790294400183484,0.3720392533577978,1.191597580909729,0.2706402540206909,cuda,
mixture,sigma_uniform_dpm,"Sigma-space DPM-1, uniform t",DPM predictor,100,0,3,1,0.2779713890049606,0.3706285186732809,1.1350306272506714,0.2554169595241546,cuda,
mixture,sigma_log_dpm,"Sigma-space DPM-1, log sigma",DPM predictor,10,0,0,0,0.0344365439377725,0.04591539191703,0.2381492108106613,0.1950935125350952,cuda,
mixture,sigma_log_dpm,"Sigma-space DPM-1, log sigma",DPM predictor,10,0,0,1,0.0270736360689625,0.0360981814252833,0.2245398312807083,0.194034144282341,cuda,
mixture,sigma_log_dpm,"Sigma-space DPM-1, log sigma",DPM predictor,50,0,0,0,0.1373667970765382,0.1831557294353842,0.2462732195854187,0.3056709170341491,cuda,1.5416710376739502
mixture,sigma_log_dpm,"Sigma-space DPM-1, log sigma",DPM predictor,50,0,0,1,0.1398631640477106,0.1864842187302808,0.2044116109609604,0.2408773750066757,cuda,1.4510167837142944
mixture,sigma_log_dpm,"Sigma-space DPM-1, log sigma",DPM predictor,100,0,0,0,0.2827904820442199,0.3770539760589599,0.2089136391878128,0.2547712624073028,cuda,
mixture,sigma_log_dpm,"Sigma-space DPM-1, log sigma",DPM predictor,100,0,0,1,0.2832817649468779,0.3777090199291706,0.2200631499290466,0.2630598247051239,cuda,
mixture,sigma_log_dpm,"Sigma-space DPM-1, log sigma",DPM predictor,10,0,1,0,0.027638652944006,0.0368515372586747,0.3683389127254486,0.1908749192953109,cuda,
mixture,sigma_log_dpm,"Sigma-space DPM-1, log sigma",DPM predictor,10,0,1,1,0.0280508990399539,0.0374011987199386,0.3558112680912018,0.1640808582305908,cuda,
mixture,sigma_log_dpm,"Sigma-space DPM-1, log sigma",DPM predictor,50,0,1,0,0.1427242530044168,0.1902990040058891,0.3287201523780823,0.2576529383659363,cuda,1.490312099456787
mixture,sigma_log_dpm,"Sigma-space DPM-1, log sigma",DPM predictor,50,0,1,1,0.1416146390838548,0.1888195187784731,0.3327313661575317,0.253604382276535,cuda,1.4872287511825562
mixture,sigma_log_dpm,"Sigma-space DPM-1, log sigma",DPM predictor,100,0,1,0,0.2918655599933117,0.3891540799910823,0.3331693708896637,0.2076273560523986,cuda,
mixture,sigma_log_dpm,"Sigma-space DPM-1, log sigma",DPM predictor,100,0,1,1,0.2845454190392047,0.379393892052273,0.3304581046104431,0.2542769014835357,cuda,
mixture,sigma_log_dpm,"Sigma-space DPM-1, log sigma",DPM predictor,10,0,2,0,0.0296792639419436,0.0395723519225915,0.2022431492805481,0.2642695903778076,cuda,
mixture,sigma_log_dpm,"Sigma-space DPM-1, log sigma",DPM predictor,10,0,2,1,0.0300653859740123,0.040087181298683,0.2510688304901123,0.2039098292589187,cuda,
mixture,sigma_log_dpm,"Sigma-space DPM-1, log sigma",DPM predictor,50,0,2,0,0.1441672960063442,0.1922230613417923,0.245772123336792,0.2249723523855209,cuda,1.4159601926803589
mixture,sigma_log_dpm,"Sigma-space DPM-1, log sigma",DPM predictor,50,0,2,1,0.1500274640275165,0.2000366187033554,0.2797928750514984,0.216600701212883,cuda,1.4033206701278689
mixture,sigma_log_dpm,"Sigma-space DPM-1, log sigma",DPM predictor,100,0,2,0,0.2892676059855148,0.3856901413140197,0.2301459163427353,0.2451846599578857,cuda,
mixture,sigma_log_dpm,"Sigma-space DPM-1, log sigma",DPM predictor,100,0,2,1,0.2823557460214942,0.376474328028659,0.237521082162857,0.2865441143512726,cuda,
mixture,sigma_log_dpm,"Sigma-space DPM-1, log sigma",DPM predictor,10,0,3,0,0.0270528299733996,0.0360704399645328,1.1786679029464722,0.2434012293815612,cuda,
mixture,sigma_log_dpm,"Sigma-space DPM-1, log sigma",DPM predictor,10,0,3,1,0.0270775629905983,0.0361034173207978,1.208647847175598,0.2144346386194229,cuda,
mixture,sigma_log_dpm,"Sigma-space DPM-1, log sigma",DPM predictor,50,0,3,0,0.1383986360160634,0.1845315146880845,1.1787220239639282,0.2712607681751251,cuda,1.537343978881836
mixture,sigma_log_dpm,"Sigma-space DPM-1, log sigma",DPM predictor,50,0,3,1,0.1411699450109154,0.1882265933478872,1.2130104303359983,0.2883090078830719,cuda,1.5462545156478882
mixture,sigma_log_dpm,"Sigma-space DPM-1, log sigma",DPM predictor,100,0,3,0,0.2832332220859825,0.3776442961146434,1.194892168045044,0.270846426486969,cuda,
mixture,sigma_log_dpm,"Sigma-space DPM-1, log sigma",DPM predictor,100,0,3,1,0.2861368149751797,0.3815157533002396,1.1383826732635498,0.2556875348091125,cuda,
mixture,dpm2_uniform,"DPM-2 + corrector, uniform t",Overall sampler,10,0,0,0,0.139278071001172,0.1857040946682294,0.1458892673254013,0.2379739135503769,cuda,
mixture,dpm2_uniform,"DPM-2 + corrector, uniform t",Overall sampler,10,0,0,1,0.1374641850125044,0.1832855800166726,0.1590653210878372,0.2246215790510177,cuda,
mixture,dpm2_uniform,"DPM-2 + corrector, uniform t",Overall sampler,50,0,0,0,0.4680742400232702,0.6240989866976937,0.0794074386358261,0.195294439792633,cuda,
mixture,dpm2_uniform,"DPM-2 + corrector, uniform t",Overall sampler,50,0,0,1,0.4769741729833185,0.635965563977758,0.0944277271628379,0.2085327208042144,cuda,
mixture,dpm2_uniform,"DPM-2 + corrector, uniform t",Overall sampler,100,0,0,0,0.8885826140176505,1.1847768186902006,0.1006102785468101,0.1756509840488433,cuda,
mixture,dpm2_uniform,"DPM-2 + corrector, uniform t",Overall sampler,100,0,0,1,0.8965232550399378,1.1953643400532503,0.0569377765059471,0.1964132785797119,cuda,
mixture,dpm2_uniform,"DPM-2 + corrector, uniform t",Overall sampler,10,0,1,0,0.137888549012132,0.1838513986828426,0.141494020819664,0.2574540376663208,cuda,
mixture,dpm2_uniform,"DPM-2 + corrector, uniform t",Overall sampler,10,0,1,1,0.1363824789877981,0.1818433053170641,0.1574971228837967,0.3008340895175934,cuda,
mixture,dpm2_uniform,"DPM-2 + corrector, uniform t",Overall sampler,50,0,1,0,0.4803652589907869,0.640487011987716,0.0981704071164131,0.2377489954233169,cuda,
mixture,dpm2_uniform,"DPM-2 + corrector, uniform t",Overall sampler,50,0,1,1,0.4760245040524751,0.6346993387366334,0.1113666743040084,0.214152991771698,cuda,
mixture,dpm2_uniform,"DPM-2 + corrector, uniform t",Overall sampler,100,0,1,0,0.8942090049386024,1.19227867325147,0.0506373010575771,0.1386738121509552,cuda,
mixture,dpm2_uniform,"DPM-2 + corrector, uniform t",Overall sampler,100,0,1,1,0.8865658630384132,1.182087817384551,0.0299522280693054,0.1821589320898056,cuda,
mixture,dpm2_uniform,"DPM-2 + corrector, uniform t",Overall sampler,10,0,2,0,0.1394681059755385,0.1859574746340513,0.1464799791574478,0.2843376696109772,cuda,
mixture,dpm2_uniform,"DPM-2 + corrector, uniform t",Overall sampler,10,0,2,1,0.1375994581030681,0.1834659441374242,0.1867974698543548,0.2648465037345886,cuda,
mixture,dpm2_uniform,"DPM-2 + corrector, uniform t",Overall sampler,50,0,2,0,0.4738734270213172,0.631831236028423,0.1009895727038383,0.218417227268219,cuda,
mixture,dpm2_uniform,"DPM-2 + corrector, uniform t",Overall sampler,50,0,2,1,0.47129950101953,0.6283993346927067,0.1444991528987884,0.1900088340044021,cuda,
mixture,dpm2_uniform,"DPM-2 + corrector, uniform t",Overall sampler,100,0,2,0,0.9107545419828966,1.2143393893105288,0.1275088042020797,0.1934778094291687,cuda,
mixture,dpm2_uniform,"DPM-2 + corrector, uniform t",Overall sampler,100,0,2,1,0.9059834129875526,1.2079778839834034,0.0825151726603508,0.1633248776197433,cuda,
mixture,dpm2_uniform,"DPM-2 + corrector, uniform t",Overall sampler,10,0,3,0,0.1403879440622404,0.1871839254163205,0.8725851774215698,0.2798157036304474,cuda,
mixture,dpm2_uniform,"DPM-2 + corrector, uniform t",Overall sampler,10,0,3,1,0.1371595340315252,0.1828793787087003,0.8878076672554016,0.2754567861557007,cuda,
mixture,dpm2_uniform,"DPM-2 + corrector, uniform t",Overall sampler,50,0,3,0,0.4742752809543162,0.6323670412724217,0.7286535501480103,0.239120528101921,cuda,
mixture,dpm2_uniform,"DPM-2 + corrector, uniform t",Overall sampler,50,0,3,1,0.4775916039943695,0.636788805325826,0.7002657651901245,0.2168482095003128,cuda,
mixture,dpm2_uniform,"DPM-2 + corrector, uniform t",Overall sampler,100,0,3,0,0.8994635570561513,1.1992847427415352,0.5839096307754517,0.1717674881219864,cuda,
mixture,dpm2_uniform,"DPM-2 + corrector, uniform t",Overall sampler,100,0,3,1,0.9040927169844508,1.2054569559792678,0.6013230085372925,0.1524925827980041,cuda,
mixture,dpm2_log,"DPM-2 + corrector, log sigma",Overall sampler,10,0,0,0,0.1407873220741748,0.1877164294322331,0.1827420145273208,0.2709019780158996,cuda,
mixture,dpm2_log,"DPM-2 + corrector, log sigma",Overall sampler,10,0,0,1,0.139731244998984,0.186308326665312,0.1806872338056564,0.232087567448616,cuda,
mixture,dpm2_log,"DPM-2 + corrector, log sigma",Overall sampler,50,0,0,0,0.4776085340417921,0.6368113787223896,0.0882910415530204,0.1826601028442382,cuda,1.3278924226760864
mixture,dpm2_log,"DPM-2 + corrector, log sigma",Overall sampler,50,0,0,1,0.4797107399208471,0.6396143198944628,0.1003235429525375,0.1729021519422531,cuda,1.311728835105896
mixture,dpm2_log,"DPM-2 + corrector, log sigma",Overall sampler,100,0,0,0,0.9001025189645588,1.2001366919527452,0.08206407725811,0.1005854532122612,cuda,
mixture,dpm2_log,"DPM-2 + corrector, log sigma",Overall sampler,100,0,0,1,0.9022895789239556,1.2030527718986077,0.0378932245075702,0.1303999722003936,cuda,
mixture,dpm2_log,"DPM-2 + corrector, log sigma",Overall sampler,10,0,1,0,0.1362298250896856,0.1816397667862475,0.2120398730039596,0.2657228708267212,cuda,
mixture,dpm2_log,"DPM-2 + corrector, log sigma",Overall sampler,10,0,1,1,0.1359084390569478,0.1812112520759304,0.2142321020364761,0.2840549051761627,cuda,
mixture,dpm2_log,"DPM-2 + corrector, log sigma",Overall sampler,50,0,1,0,0.4732495730277151,0.6309994307036201,0.0928998067975044,0.1571813970804214,cuda,1.2914260625839231
mixture,dpm2_log,"DPM-2 + corrector, log sigma",Overall sampler,50,0,1,1,0.5028513639699668,0.6704684852932891,0.1047281995415687,0.1633848845958709,cuda,1.3088431358337402
mixture,dpm2_log,"DPM-2 + corrector, log sigma",Overall sampler,100,0,1,0,0.8994031200418249,1.1992041600557666,0.0469623208045959,0.1227494180202484,cuda,
mixture,dpm2_log,"DPM-2 + corrector, log sigma",Overall sampler,100,0,1,1,0.9036046999972314,1.204806266662975,0.042679950594902,0.0917577594518661,cuda,
mixture,dpm2_log,"DPM-2 + corrector, log sigma",Overall sampler,10,0,2,0,0.1403344180434942,0.1871125573913256,0.1436994075775146,0.3263386189937591,cuda,
mixture,dpm2_log,"DPM-2 + corrector, log sigma",Overall sampler,10,0,2,1,0.1419322000583633,0.1892429334111511,0.218236967921257,0.2559307813644409,cuda,
mixture,dpm2_log,"DPM-2 + corrector, log sigma",Overall sampler,50,0,2,0,0.4828152729896828,0.6437536973195771,0.1119649857282638,0.1692081689834594,cuda,1.3042477369308472
mixture,dpm2_log,"DPM-2 + corrector, log sigma",Overall sampler,50,0,2,1,0.4755429259967059,0.6340572346622745,0.1618683487176895,0.1600292176008224,cuda,1.288443922996521
mixture,dpm2_log,"DPM-2 + corrector, log sigma",Overall sampler,100,0,2,0,0.9007952149258928,1.2010602865678568,0.1356091648340225,0.0804188251495361,cuda,
mixture,dpm2_log,"DPM-2 + corrector, log sigma",Overall sampler,100,0,2,1,0.8995935110142455,1.1994580146856606,0.0957763567566871,0.09219691157341,cuda,
mixture,dpm2_log,"DPM-2 + corrector, log sigma",Overall sampler,10,0,3,0,0.1428837099811062,0.1905116133081416,0.9847853779792786,0.3172143101692199,cuda,
mixture,dpm2_log,"DPM-2 + corrector, log sigma",Overall sampler,10,0,3,1,0.1403705109842121,0.1871606813122829,0.9993730783462524,0.2798626720905304,cuda,
mixture,dpm2_log,"DPM-2 + corrector, log sigma",Overall sampler,50,0,3,0,0.4845587039599195,0.6460782719465593,0.7559931874275208,0.1695641726255417,cuda,1.3334403038024902
mixture,dpm2_log,"DPM-2 + corrector, log sigma",Overall sampler,50,0,3,1,0.4789872469846159,0.6386496626461545,0.7385550737380981,0.1950853317975998,cuda,1.3585981130599976
mixture,dpm2_log,"DPM-2 + corrector, log sigma",Overall sampler,100,0,3,0,0.9140721900621428,1.2187629200828571,0.5210572481155396,0.1074422448873519,cuda,
mixture,dpm2_log,"DPM-2 + corrector, log sigma",Overall sampler,100,0,3,1,0.9132913129869848,1.2177217506493132,0.5428329110145569,0.0840224772691726,cuda,
mixture,legacy_drift_euler,Legacy drift-only Euler,Euler update,10,0,0,0,0.0283183909486979,0.0377578545982639,0.1424478888511657,0.1399192661046981,cuda,
mixture,legacy_drift_euler,Legacy drift-only Euler,Euler update,10,0,0,1,0.0277747910004109,0.0370330546672145,0.1424889862537384,0.1402484774589538,cuda,
mixture,legacy_drift_euler,Legacy drift-only Euler,Euler update,50,0,0,0,0.1452543219784274,0.1936724293045699,0.1375885605812072,0.1461573094129562,cuda,
mixture,legacy_drift_euler,Legacy drift-only Euler,Euler update,50,0,0,1,0.1425501849735155,0.1900669132980207,0.122706800699234,0.1529740989208221,cuda,
mixture,legacy_drift_euler,Legacy drift-only Euler,Euler update,100,0,0,0,0.2837210800498724,0.3782947733998298,0.1194963976740837,0.1549368500709533,cuda,
mixture,legacy_drift_euler,Legacy drift-only Euler,Euler update,100,0,0,1,0.2852485741022974,0.3803314321363966,0.1218976452946662,0.1544480323791504,cuda,
mixture,legacy_drift_euler,Legacy drift-only Euler,Euler update,10,0,1,0,0.0281257689930498,0.0375010253240664,0.1497462838888168,0.1412175595760345,cuda,
mixture,legacy_drift_euler,Legacy drift-only Euler,Euler update,10,0,1,1,0.0273361500585451,0.0364482000780602,0.1483338773250579,0.1447106897830963,cuda,
mixture,legacy_drift_euler,Legacy drift-only Euler,Euler update,50,0,1,0,0.1403189200209453,0.1870918933612605,0.1158280447125434,0.151016965508461,cuda,
mixture,legacy_drift_euler,Legacy drift-only Euler,Euler update,50,0,1,1,0.1412386229494586,0.1883181639326115,0.1163402274250984,0.151837944984436,cuda,
mixture,legacy_drift_euler,Legacy drift-only Euler,Euler update,100,0,1,0,0.2862723070429638,0.3816964093906184,0.112053632736206,0.15963876247406,cuda,
mixture,legacy_drift_euler,Legacy drift-only Euler,Euler update,100,0,1,1,0.2839982280274853,0.3786643040366471,0.1122780740261077,0.1547656506299972,cuda,
mixture,legacy_drift_euler,Legacy drift-only Euler,Euler update,10,0,2,0,0.0274012290174141,0.0365349720232188,0.1684749722480774,0.1362277120351791,cuda,
mixture,legacy_drift_euler,Legacy drift-only Euler,Euler update,10,0,2,1,0.0273047810187563,0.0364063746916751,0.1875631958246231,0.1439584344625473,cuda,
mixture,legacy_drift_euler,Legacy drift-only Euler,Euler update,50,0,2,0,0.1419095770688727,0.1892127694251636,0.1551698595285415,0.1588038653135299,cuda,
mixture,legacy_drift_euler,Legacy drift-only Euler,Euler update,50,0,2,1,0.1415878370171412,0.1887837826895217,0.1667152047157287,0.1596123129129409,cuda,
mixture,legacy_drift_euler,Legacy drift-only Euler,Euler update,100,0,2,0,0.285289010964334,0.3803853479524453,0.1444319486618042,0.1593660712242126,cuda,
mixture,legacy_drift_euler,Legacy drift-only Euler,Euler update,100,0,2,1,0.284630263922736,0.379507018563648,0.1475046873092651,0.1565771847963333,cuda,
mixture,legacy_drift_euler,Legacy drift-only Euler,Euler update,10,0,3,0,0.0284207409713417,0.0378943212951223,0.980560839176178,0.1436828523874282,cuda,
mixture,legacy_drift_euler,Legacy drift-only Euler,Euler update,10,0,3,1,0.0273516880115494,0.0364689173487325,0.991921842098236,0.1470314860343933,cuda,
mixture,legacy_drift_euler,Legacy drift-only Euler,Euler update,50,0,3,0,0.1419843910261988,0.1893125213682651,0.8586658835411072,0.1601896435022354,cuda,
mixture,legacy_drift_euler,Legacy drift-only Euler,Euler update,50,0,3,1,0.1403665279503911,0.1871553706005215,0.869189977645874,0.1581082791090011,cuda,
mixture,legacy_drift_euler,Legacy drift-only Euler,Euler update,100,0,3,0,0.2836654300335794,0.3782205733781059,0.8406307101249695,0.1628497987985611,cuda,
mixture,legacy_drift_euler,Legacy drift-only Euler,Euler update,100,0,3,1,0.290933792013675,0.3879117226849,0.8237062692642212,0.1640475839376449,cuda,
mixture,em_uniform,"Euler--Maruyama, uniform t",Euler update,10,0,0,0,0.0289008780382573,0.0385345040510098,0.1904404908418655,0.57526034116745,cuda,
mixture,em_uniform,"Euler--Maruyama, uniform t",Euler update,10,0,0,1,0.0282119188923388,0.0376158918564518,0.1926344484090805,0.4408867955207824,cuda,
mixture,em_uniform,"Euler--Maruyama, uniform t",Euler update,50,0,0,0,0.1448801460210234,0.1931735280280312,0.117174431681633,0.2953107059001922,cuda,
mixture,em_uniform,"Euler--Maruyama, uniform t",Euler update,50,0,0,1,0.1451647540088743,0.1935530053451657,0.0893310606479644,0.3051460087299347,cuda,
mixture,em_uniform,"Euler--Maruyama, uniform t",Euler update,100,0,0,0,0.286441575968638,0.3819221012915174,0.1474583595991134,0.2516352832317352,cuda,
mixture,em_uniform,"Euler--Maruyama, uniform t",Euler update,100,0,0,1,0.2899860540637746,0.3866480720850329,0.0836553499102592,0.2814345955848694,cuda,
mixture,em_uniform,"Euler--Maruyama, uniform t",Euler update,10,0,1,0,0.0284477520035579,0.0379303360047439,0.1813944876194,0.5248488783836365,cuda,
mixture,em_uniform,"Euler--Maruyama, uniform t",Euler update,10,0,1,1,0.028730668942444,0.0383075585899253,0.1789506077766418,0.5710612535476685,cuda,
mixture,em_uniform,"Euler--Maruyama, uniform t",Euler update,50,0,1,0,0.1441374199930578,0.1921832266574104,0.132518008351326,0.3192090392112732,cuda,
mixture,em_uniform,"Euler--Maruyama, uniform t",Euler update,50,0,1,1,0.1473319169599563,0.1964425559466084,0.1352114677429199,0.3006892800331116,cuda,
mixture,em_uniform,"Euler--Maruyama, uniform t",Euler update,100,0,1,0,0.290285836905241,0.3870477825403213,0.1151365116238594,0.2490738630294799,cuda,
mixture,em_uniform,"Euler--Maruyama, uniform t",Euler update,100,0,1,1,0.290437120012939,0.3872494933505853,0.0994930043816566,0.2495552748441696,cuda,
mixture,em_uniform,"Euler--Maruyama, uniform t",Euler update,10,0,2,0,0.0280643729493021,0.0374191639324029,0.1704417765140533,0.5776557326316833,cuda,
mixture,em_uniform,"Euler--Maruyama, uniform t",Euler update,10,0,2,1,0.0283859969349578,0.037847995913277,0.2180474698543548,0.4934147298336029,cuda,
mixture,em_uniform,"Euler--Maruyama, uniform t",Euler update,50,0,2,0,0.1456406250363215,0.1941875000484287,0.1350124031305313,0.2888592183589935,cuda,
mixture,em_uniform,"Euler--Maruyama, uniform t",Euler update,50,0,2,1,0.1466125559527427,0.1954834079369902,0.2063353955745697,0.2505724430084228,cuda,
mixture,em_uniform,"Euler--Maruyama, uniform t",Euler update,100,0,2,0,0.2955324760405347,0.3940433013873796,0.2020219415426254,0.2293995469808578,cuda,
mixture,em_uniform,"Euler--Maruyama, uniform t",Euler update,100,0,2,1,0.2940271010156721,0.3920361346875627,0.1553592383861541,0.2375982701778412,cuda,
mixture,em_uniform,"Euler--Maruyama, uniform t",Euler update,10,0,3,0,0.0288877061102539,0.0385169414803385,1.0027986764907837,0.5595851540565491,cuda,
mixture,em_uniform,"Euler--Maruyama, uniform t",Euler update,10,0,3,1,0.0289011930581182,0.0385349240774909,1.0080300569534302,0.5635964870452881,cuda,
mixture,em_uniform,"Euler--Maruyama, uniform t",Euler update,50,0,3,0,0.1450941700022667,0.1934588933363557,0.8894731998443604,0.3204460442066192,cuda,
mixture,em_uniform,"Euler--Maruyama, uniform t",Euler update,50,0,3,1,0.1441919570788741,0.1922559427718321,0.8812565207481384,0.2867070138454437,cuda,
mixture,em_uniform,"Euler--Maruyama, uniform t",Euler update,100,0,3,0,0.2863035660702735,0.381738088093698,0.8355094194412231,0.2404093742370605,cuda,
mixture,em_uniform,"Euler--Maruyama, uniform t",Euler update,100,0,3,1,0.2893048760015517,0.3857398346687357,0.8316680788993835,0.2349525690078735,cuda,
mixture,em_log,"Euler--Maruyama, log sigma",Euler update,10,0,0,0,0.0287574660032987,0.0383432880043983,0.1718955785036087,0.5748832821846008,cuda,
mixture,em_log,"Euler--Maruyama, log sigma",Euler update,10,0,0,1,0.0284870569594204,0.0379827426125605,0.1710076779127121,0.4781725704669952,cuda,
mixture,em_log,"Euler--Maruyama, log sigma",Euler update,50,0,0,0,0.1460898850345984,0.1947865133794645,0.1110734790563583,0.2762053608894348,cuda,
mixture,em_log,"Euler--Maruyama, log sigma",Euler update,50,0,0,1,0.1430508930934593,0.1907345241246124,0.107328824698925,0.2519323825836181,cuda,
mixture,em_log,"Euler--Maruyama, log sigma",Euler update,100,0,0,0,0.2905064319493249,0.3873419092657665,0.1317335218191146,0.2361749857664108,cuda,
mixture,em_log,"Euler--Maruyama, log sigma",Euler update,100,0,0,1,0.2886268460424617,0.3848357947232823,0.07875607162714,0.2804389894008636,cuda,
mixture,em_log,"Euler--Maruyama, log sigma",Euler update,10,0,1,0,0.0285072909900918,0.0380097213201224,0.1489214897155761,0.5487242341041565,cuda,
mixture,em_log,"Euler--Maruyama, log sigma",Euler update,10,0,1,1,0.0285856439732015,0.0381141919642686,0.1616227477788925,0.6091787815093994,cuda,
mixture,em_log,"Euler--Maruyama, log sigma",Euler update,50,0,1,0,0.1459061299683526,0.1945415066244701,0.1195290386676788,0.2181220054626464,cuda,
mixture,em_log,"Euler--Maruyama, log sigma",Euler update,50,0,1,1,0.1439021410187706,0.1918695213583608,0.1236154809594154,0.2385925948619842,cuda,
mixture,em_log,"Euler--Maruyama, log sigma",Euler update,100,0,1,0,0.2926892869872972,0.3902523826497296,0.1061804294586181,0.2331692576408386,cuda,
mixture,em_log,"Euler--Maruyama, log sigma",Euler update,100,0,1,1,0.2878472410375252,0.383796321383367,0.1146656721830368,0.2213791757822036,cuda,
mixture,em_log,"Euler--Maruyama, log sigma",Euler update,10,0,2,0,0.0279825450852513,0.0373100601136684,0.1405433416366577,0.6015592813491821,cuda,
mixture,em_log,"Euler--Maruyama, log sigma",Euler update,10,0,2,1,0.0285130159463733,0.0380173545951644,0.2160200923681259,0.5799840092658997,cuda,
mixture,em_log,"Euler--Maruyama, log sigma",Euler update,50,0,2,0,0.1449454129906371,0.1932605506541828,0.136272519826889,0.2479441165924072,cuda,
mixture,em_log,"Euler--Maruyama, log sigma",Euler update,50,0,2,1,0.1448784240055829,0.1931712320074439,0.1911090761423111,0.2315621674060821,cuda,
mixture,em_log,"Euler--Maruyama, log sigma",Euler update,100,0,2,0,0.2904955219710246,0.3873273626280327,0.204841211438179,0.1738000512123108,cuda,
mixture,em_log,"Euler--Maruyama, log sigma",Euler update,100,0,2,1,0.2911969249835238,0.3882625666446984,0.1693560630083084,0.2297588437795639,cuda,
mixture,em_log,"Euler--Maruyama, log sigma",Euler update,10,0,3,0,0.0288296289509162,0.0384395052678883,0.983444333076477,0.6137481331825256,cuda,
mixture,em_log,"Euler--Maruyama, log sigma",Euler update,10,0,3,1,0.0291990940459072,0.038932125394543,0.9743008613586426,0.6304275989532471,cuda,
mixture,em_log,"Euler--Maruyama, log sigma",Euler update,50,0,3,0,0.1454230380477383,0.1938973840636511,0.8532106876373291,0.2563821375370025,cuda,
mixture,em_log,"Euler--Maruyama, log sigma",Euler update,50,0,3,1,0.1460201989393681,0.1946935985858241,0.8460780382156372,0.2712876200675964,cuda,
mixture,em_log,"Euler--Maruyama, log sigma",Euler update,100,0,3,0,0.2870153139811009,0.3826870853081345,0.808147668838501,0.218674823641777,cuda,
mixture,em_log,"Euler--Maruyama, log sigma",Euler update,100,0,3,1,0.2944704300025478,0.392627240003397,0.8152912259101868,0.2049790769815445,cuda,
mixture,legacy_time_dpm,Legacy time-space DPM-1,DPM predictor,10,1,0,0,0.0317856739275157,0.0423808985700209,0.2586186230182647,0.3088830113410949,cuda,
mixture,legacy_time_dpm,Legacy time-space DPM-1,DPM predictor,10,1,0,1,0.0264274259097874,0.0352365678797165,0.2392215281724929,0.3097702860832214,cuda,
mixture,legacy_time_dpm,Legacy time-space DPM-1,DPM predictor,50,1,0,0,0.1369242760119959,0.1825657013493279,0.2532896995544433,0.4191498458385467,cuda,
mixture,legacy_time_dpm,Legacy time-space DPM-1,DPM predictor,50,1,0,1,0.1378366310382262,0.1837821747176349,0.2076227664947509,0.3339440822601318,cuda,
mixture,legacy_time_dpm,Legacy time-space DPM-1,DPM predictor,100,1,0,0,0.2771601380081847,0.3695468506775796,0.2111163139343261,0.3381139636039734,cuda,
mixture,legacy_time_dpm,Legacy time-space DPM-1,DPM predictor,100,1,0,1,0.2723844319116324,0.3631792425488432,0.2210130989551544,0.3489563167095184,cuda,
mixture,legacy_time_dpm,Legacy time-space DPM-1,DPM predictor,10,1,1,0,0.0263095330446958,0.0350793773929278,0.4292037189006805,0.3211601674556732,cuda,
mixture,legacy_time_dpm,Legacy time-space DPM-1,DPM predictor,10,1,1,1,0.0268249049549922,0.0357665399399896,0.412097305059433,0.2787425220012665,cuda,
mixture,legacy_time_dpm,Legacy time-space DPM-1,DPM predictor,50,1,1,0,0.1348312450572848,0.1797749934097131,0.3734418451786041,0.3691654503345489,cuda,
mixture,legacy_time_dpm,Legacy time-space DPM-1,DPM predictor,50,1,1,1,0.1356460800161585,0.1808614400215447,0.377281904220581,0.3656868934631347,cuda,
mixture,legacy_time_dpm,Legacy time-space DPM-1,DPM predictor,100,1,1,0,0.2745931330136955,0.3661241773515939,0.3665181696414947,0.2927613258361816,cuda,
mixture,legacy_time_dpm,Legacy time-space DPM-1,DPM predictor,100,1,1,1,0.2772849099710583,0.3697132132947445,0.3632670640945434,0.3504529297351837,cuda,
mixture,legacy_time_dpm,Legacy time-space DPM-1,DPM predictor,10,1,2,0,0.0266302579548209,0.0355070106064279,0.1936330944299698,0.3842197060585022,cuda,
mixture,legacy_time_dpm,Legacy time-space DPM-1,DPM predictor,10,1,2,1,0.0263234779704362,0.0350979706272482,0.2446708232164383,0.3004137277603149,cuda,
mixture,legacy_time_dpm,Legacy time-space DPM-1,DPM predictor,50,1,2,0,0.1360907800262794,0.1814543733683725,0.2378867864608764,0.2950076162815094,cuda,
mixture,legacy_time_dpm,Legacy time-space DPM-1,DPM predictor,50,1,2,1,0.1386160380207002,0.1848213840276003,0.2739093005657196,0.2860588729381561,cuda,
mixture,legacy_time_dpm,Legacy time-space DPM-1,DPM predictor,100,1,2,0,0.2766912989318371,0.3689217319091161,0.2186095118522644,0.3027336597442627,cuda,
mixture,legacy_time_dpm,Legacy time-space DPM-1,DPM predictor,100,1,2,1,0.2894223630428314,0.3858964840571086,0.228677898645401,0.3592908680438995,cuda,
mixture,legacy_time_dpm,Legacy time-space DPM-1,DPM predictor,10,1,3,0,0.0278778509236872,0.0371704678982496,1.2263386249542236,0.3945300579071045,cuda,
mixture,legacy_time_dpm,Legacy time-space DPM-1,DPM predictor,10,1,3,1,0.0275240190094336,0.0366986920125782,1.2571887969970703,0.3498761057853699,cuda,
mixture,legacy_time_dpm,Legacy time-space DPM-1,DPM predictor,50,1,3,0,0.1343723681056872,0.1791631574742496,1.2211511135101318,0.3971250653266907,cuda,
mixture,legacy_time_dpm,Legacy time-space DPM-1,DPM predictor,50,1,3,1,0.1345476289279759,0.1793968385706345,1.2619560956954956,0.4222011268138885,cuda,
mixture,legacy_time_dpm,Legacy time-space DPM-1,DPM predictor,100,1,3,0,0.2701818969799205,0.3602425293065607,1.233573317527771,0.3835500180721283,cuda,
mixture,legacy_time_dpm,Legacy time-space DPM-1,DPM predictor,100,1,3,1,0.272891195025295,0.3638549267003934,1.169666767120361,0.3624166846275329,cuda,
mixture,sigma_uniform_dpm,"Sigma-space DPM-1, uniform t",DPM predictor,10,1,0,0,0.0274706380441784,0.0366275173922379,0.2136542201042175,0.262199193239212,cuda,
mixture,sigma_uniform_dpm,"Sigma-space DPM-1, uniform t",DPM predictor,10,1,0,1,0.026772669982165,0.0356968933095534,0.1995841860771179,0.266448825597763,cuda,
mixture,sigma_uniform_dpm,"Sigma-space DPM-1, uniform t",DPM predictor,50,1,0,0,0.1393514589872211,0.1858019453162948,0.2366539537906646,0.3820336461067199,cuda,
mixture,sigma_uniform_dpm,"Sigma-space DPM-1, uniform t",DPM predictor,50,1,0,1,0.1368166259489953,0.1824221679319938,0.1918981522321701,0.3006041049957275,cuda,
mixture,sigma_uniform_dpm,"Sigma-space DPM-1, uniform t",DPM predictor,100,1,0,0,0.2796475919894874,0.3728634559859832,0.200472891330719,0.3149899244308471,cuda,
mixture,sigma_uniform_dpm,"Sigma-space DPM-1, uniform t",DPM predictor,100,1,0,1,0.2798382230103016,0.3731176306804021,0.2094278484582901,0.3257929980754852,cuda,
mixture,sigma_uniform_dpm,"Sigma-space DPM-1, uniform t",DPM predictor,10,1,1,0,0.0274669319624081,0.0366225759498775,0.3371544480323791,0.2743572294712066,cuda,
mixture,sigma_uniform_dpm,"Sigma-space DPM-1, uniform t",DPM predictor,10,1,1,1,0.0274556499207392,0.0366075332276523,0.322182685136795,0.2340950816869735,cuda,
mixture,sigma_uniform_dpm,"Sigma-space DPM-1, uniform t",DPM predictor,50,1,1,0,0.1379676159704104,0.1839568212938805,0.33647021651268,0.3314101696014404,cuda,
mixture,sigma_uniform_dpm,"Sigma-space DPM-1, uniform t",DPM predictor,50,1,1,1,0.1370219609234482,0.1826959478979309,0.3399539887905121,0.3287225067615509,cuda,
mixture,sigma_uniform_dpm,"Sigma-space DPM-1, uniform t",DPM predictor,100,1,1,0,0.2754968609660864,0.3673291479547818,0.3428348898887634,0.2698524594306946,cuda,
mixture,sigma_uniform_dpm,"Sigma-space DPM-1, uniform t",DPM predictor,100,1,1,1,0.2780292519601062,0.3707056692801416,0.3402334749698639,0.3260632455348968,cuda,
mixture,sigma_uniform_dpm,"Sigma-space DPM-1, uniform t",DPM predictor,10,1,2,0,0.0274203789886087,0.0365605053181449,0.1816322207450866,0.3403302133083343,cuda,
mixture,sigma_uniform_dpm,"Sigma-space DPM-1, uniform t",DPM predictor,10,1,2,1,0.0273661840474233,0.0364882453965644,0.2315172404050827,0.2607074081897735,cuda,
mixture,sigma_uniform_dpm,"Sigma-space DPM-1, uniform t",DPM predictor,50,1,2,0,0.1386267410125583,0.1848356546834111,0.2284990400075912,0.2644534707069397,cuda,
mixture,sigma_uniform_dpm,"Sigma-space DPM-1, uniform t",DPM predictor,50,1,2,1,0.1382608719868585,0.1843478293158114,0.2638857364654541,0.2558521926403045,cuda,
mixture,sigma_uniform_dpm,"Sigma-space DPM-1, uniform t",DPM predictor,100,1,2,0,0.2793764419620856,0.3725019226161142,0.2124892622232437,0.2805729210376739,cuda,
mixture,sigma_uniform_dpm,"Sigma-space DPM-1, uniform t",DPM predictor,100,1,2,1,0.2774598500691354,0.3699464667588472,0.22226382791996,0.3352147936820984,cuda,
mixture,sigma_uniform_dpm,"Sigma-space DPM-1, uniform t",DPM predictor,10,1,3,0,0.0270884609781205,0.0361179479708274,1.1606712341308594,0.348455011844635,cuda,
mixture,sigma_uniform_dpm,"Sigma-space DPM-1, uniform t",DPM predictor,10,1,3,1,0.0274622900178655,0.0366163866904874,1.189560055732727,0.3052770793437958,cuda,
mixture,sigma_uniform_dpm,"Sigma-space DPM-1, uniform t",DPM predictor,50,1,3,0,0.1405783420195803,0.1874377893594404,1.1864336729049685,0.3611589968204498,cuda,
mixture,sigma_uniform_dpm,"Sigma-space DPM-1, uniform t",DPM predictor,50,1,3,1,0.1384432900231331,0.1845910533641775,1.2259212732315063,0.3860481381416321,cuda,
mixture,sigma_uniform_dpm,"Sigma-space DPM-1, uniform t",DPM predictor,100,1,3,0,0.3093113889917731,0.4124151853223641,1.2102766036987305,0.3584657311439514,cuda,
mixture,sigma_uniform_dpm,"Sigma-space DPM-1, uniform t",DPM predictor,100,1,3,1,0.2860713339177891,0.3814284452237189,1.1475379467010498,0.3380968272686004,cuda,
mixture,sigma_log_dpm,"Sigma-space DPM-1, log sigma",DPM predictor,10,1,0,0,0.0301060250494629,0.0401413667326172,0.237485870718956,0.2384892851114273,cuda,
mixture,sigma_log_dpm,"Sigma-space DPM-1, log sigma",DPM predictor,10,1,0,1,0.0285628910642117,0.0380838547522823,0.22073994576931,0.2416483163833618,cuda,
mixture,sigma_log_dpm,"Sigma-space DPM-1, log sigma",DPM predictor,50,1,0,0,0.1416739430278539,0.1888985907038053,0.2404482215642929,0.3782010078430176,cuda,1.6542261838912964
mixture,sigma_log_dpm,"Sigma-space DPM-1, log sigma",DPM predictor,50,1,0,1,0.1404292379738763,0.1872389839651684,0.1960489749908447,0.2976936995983124,cuda,1.5455808639526367
mixture,sigma_log_dpm,"Sigma-space DPM-1, log sigma",DPM predictor,100,1,0,0,0.2790730730630457,0.3720974307507276,0.2027064561843872,0.3135566115379333,cuda,
mixture,sigma_log_dpm,"Sigma-space DPM-1, log sigma",DPM predictor,100,1,0,1,0.283012795029208,0.3773503933722774,0.2118734866380691,0.3243126273155212,cuda,
mixture,sigma_log_dpm,"Sigma-space DPM-1, log sigma",DPM predictor,10,1,1,0,0.0276653029723092,0.0368870706297457,0.3928413093090057,0.2461552321910858,cuda,
mixture,sigma_log_dpm,"Sigma-space DPM-1, log sigma",DPM predictor,10,1,1,1,0.0272114159306511,0.0362818879075348,0.3769844174385071,0.2070885449647903,cuda,
mixture,sigma_log_dpm,"Sigma-space DPM-1, log sigma",DPM predictor,50,1,1,0,0.1408643440809101,0.1878191254412134,0.3476518988609314,0.3279709815979004,cuda,1.6070928573608398
mixture,sigma_log_dpm,"Sigma-space DPM-1, log sigma",DPM predictor,50,1,1,1,0.1406014579115435,0.1874686105487247,0.3512234389781952,0.3250627219676971,cuda,1.609088897705078
mixture,sigma_log_dpm,"Sigma-space DPM-1, log sigma",DPM predictor,100,1,1,0,0.282950427965261,0.3772672372870147,0.3485981523990631,0.2685722708702087,cuda,
mixture,sigma_log_dpm,"Sigma-space DPM-1, log sigma",DPM predictor,100,1,1,1,0.2803892049705609,0.3738522732940812,0.3457874953746795,0.324332058429718,cuda,
mixture,sigma_log_dpm,"Sigma-space DPM-1, log sigma",DPM predictor,10,1,2,0,0.0275577650172635,0.0367436866896847,0.1813298463821411,0.314935952425003,cuda,
mixture,sigma_log_dpm,"Sigma-space DPM-1, log sigma",DPM predictor,10,1,2,1,0.02722370903939,0.0362982787191867,0.2290333658456802,0.2394152879714965,cuda,
mixture,sigma_log_dpm,"Sigma-space DPM-1, log sigma",DPM predictor,50,1,2,0,0.1392123729456216,0.1856164972608288,0.2283855527639389,0.2619403004646301,cuda,1.485743522644043
mixture,sigma_log_dpm,"Sigma-space DPM-1, log sigma",DPM predictor,50,1,2,1,0.1535074639832601,0.2046766186443468,0.2635496258735657,0.2536190450191498,cuda,1.4720429182052612
mixture,sigma_log_dpm,"Sigma-space DPM-1, log sigma",DPM predictor,100,1,2,0,0.2820783419301733,0.3761044559068978,0.2125654220581054,0.2795080542564392,cuda,
mixture,sigma_log_dpm,"Sigma-space DPM-1, log sigma",DPM predictor,100,1,2,1,0.2818743520183489,0.3758324693577985,0.2224463373422622,0.3338679671287536,cuda,
mixture,sigma_log_dpm,"Sigma-space DPM-1, log sigma",DPM predictor,10,1,3,0,0.0276965419761836,0.0369287226349115,1.196007490158081,0.3308266699314117,cuda,
mixture,sigma_log_dpm,"Sigma-space DPM-1, log sigma",DPM predictor,10,1,3,1,0.0276668709702789,0.0368891612937053,1.223465919494629,0.2906013131141662,cuda,
mixture,sigma_log_dpm,"Sigma-space DPM-1, log sigma",DPM predictor,50,1,3,0,0.1399834739277139,0.1866446319036185,1.193944811820984,0.3591245710849762,cuda,1.6838818788528442
mixture,sigma_log_dpm,"Sigma-space DPM-1, log sigma",DPM predictor,50,1,3,1,0.1399874869966879,0.1866499826622506,1.233376145362854,0.3834542036056518,cuda,1.7001005411148071
mixture,sigma_log_dpm,"Sigma-space DPM-1, log sigma",DPM predictor,100,1,3,0,0.281791971065104,0.3757226280868053,1.2141587734222412,0.3576970398426056,cuda,
mixture,sigma_log_dpm,"Sigma-space DPM-1, log sigma",DPM predictor,100,1,3,1,0.2822969509288668,0.3763959345718224,1.151503324508667,0.3374212086200714,cuda,
mixture,dpm2_uniform,"DPM-2 + corrector, uniform t",Overall sampler,10,1,0,0,0.1382499160245061,0.1843332213660081,0.1284736394882202,0.2957999408245086,cuda,
mixture,dpm2_uniform,"DPM-2 + corrector, uniform t",Overall sampler,10,1,0,1,0.1371871980372816,0.1829162640497088,0.138297364115715,0.2733535766601562,cuda,
mixture,dpm2_uniform,"DPM-2 + corrector, uniform t",Overall sampler,50,1,0,0,0.4805419959593564,0.6407226612791419,0.0496591106057167,0.2488985210657119,cuda,
mixture,dpm2_uniform,"DPM-2 + corrector, uniform t",Overall sampler,50,1,0,1,0.4799179220572114,0.6398905627429485,0.0666906237602233,0.2551446259021759,cuda,
mixture,dpm2_uniform,"DPM-2 + corrector, uniform t",Overall sampler,100,1,0,0,0.8899808849673718,1.1866411799564958,0.0680535808205604,0.2108518928289413,cuda,
mixture,dpm2_uniform,"DPM-2 + corrector, uniform t",Overall sampler,100,1,0,1,0.895829168963246,1.1944388919509947,0.0241344403475523,0.2431271523237228,cuda,
mixture,dpm2_uniform,"DPM-2 + corrector, uniform t",Overall sampler,10,1,1,0,0.1386827629758045,0.184910350634406,0.1391433477401733,0.3270397484302521,cuda,
mixture,dpm2_uniform,"DPM-2 + corrector, uniform t",Overall sampler,10,1,1,1,0.1543911210028454,0.2058548280037939,0.1548537462949752,0.3782355189323425,cuda,
mixture,dpm2_uniform,"DPM-2 + corrector, uniform t",Overall sampler,50,1,1,0,0.4941017139935866,0.6588022853247821,0.0863781869411468,0.3088135123252868,cuda,
mixture,dpm2_uniform,"DPM-2 + corrector, uniform t",Overall sampler,50,1,1,1,0.522358534974046,0.6964780466320614,0.1008783131837844,0.2806763648986816,cuda,
mixture,dpm2_uniform,"DPM-2 + corrector, uniform t",Overall sampler,100,1,1,0,0.8963828569976613,1.1951771426635485,0.046822402626276,0.1878923326730728,cuda,
mixture,dpm2_uniform,"DPM-2 + corrector, uniform t",Overall sampler,100,1,1,1,0.8969884050311521,1.195984540041536,0.0254728570580482,0.2242306172847747,cuda,
mixture,dpm2_uniform,"DPM-2 + corrector, uniform t",Overall sampler,10,1,2,0,0.1379819909343496,0.1839759879124661,0.1276427507400512,0.3354514837265014,cuda,
mixture,dpm2_uniform,"DPM-2 + corrector, uniform t",Overall sampler,10,1,2,1,0.1393074069637805,0.1857432092850407,0.1685482710599899,0.3053017854690552,cuda,
mixture,dpm2_uniform,"DPM-2 + corrector, uniform t",Overall sampler,50,1,2,0,0.4707824720535427,0.627709962738057,0.0798533037304878,0.2511905133724212,cuda,
mixture,dpm2_uniform,"DPM-2 + corrector, uniform t",Overall sampler,50,1,2,1,0.4702450269833207,0.6269933693110943,0.1293403655290603,0.2151778638362884,cuda,
mixture,dpm2_uniform,"DPM-2 + corrector, uniform t",Overall sampler,100,1,2,0,0.9110207619378344,1.2146943492504458,0.1139430478215217,0.2076868116855621,cuda,
mixture,dpm2_uniform,"DPM-2 + corrector, uniform t",Overall sampler,100,1,2,1,0.9104292569682002,1.2139056759576003,0.073294810950756,0.1864174306392669,cuda,
mixture,dpm2_uniform,"DPM-2 + corrector, uniform t",Overall sampler,10,1,3,0,0.1362908009905368,0.1817210679873824,0.8918848037719727,0.3618722856044769,cuda,
mixture,dpm2_uniform,"DPM-2 + corrector, uniform t",Overall sampler,10,1,3,1,0.145055562024936,0.1934074160332481,0.9024184346199036,0.3485635817050934,cuda,
mixture,dpm2_uniform,"DPM-2 + corrector, uniform t",Overall sampler,50,1,3,0,0.4765134619083255,0.6353512825444341,0.7330899238586426,0.283985435962677,cuda,
mixture,dpm2_uniform,"DPM-2 + corrector, uniform t",Overall sampler,50,1,3,1,0.4754171289969235,0.6338895053292314,0.703889787197113,0.2642074227333069,cuda,
mixture,dpm2_uniform,"DPM-2 + corrector, uniform t",Overall sampler,100,1,3,0,0.9255085439654068,1.2340113919538755,0.5834671854972839,0.1999173015356063,cuda,
mixture,dpm2_uniform,"DPM-2 + corrector, uniform t",Overall sampler,100,1,3,1,0.9012596210232005,1.2016794946976006,0.6012130379676819,0.1869606375694275,cuda,
mixture,dpm2_log,"DPM-2 + corrector, log sigma",Overall sampler,10,1,0,0,0.1400531090330332,0.186737478710711,0.1732707768678665,0.3458703756332397,cuda,
mixture,dpm2_log,"DPM-2 + corrector, log sigma",Overall sampler,10,1,0,1,0.1410010539693758,0.188001405292501,0.1688167750835418,0.2942932844161987,cuda,
mixture,dpm2_log,"DPM-2 + corrector, log sigma",Overall sampler,50,1,0,0,0.4756003889488056,0.6341338519317409,0.0644214376807212,0.2323745638132095,cuda,1.4095187187194824
mixture,dpm2_log,"DPM-2 + corrector, log sigma",Overall sampler,50,1,0,1,0.4676119809737429,0.6234826412983239,0.074163056910038,0.2211891561746597,cuda,1.392848014831543
mixture,dpm2_log,"DPM-2 + corrector, log sigma",Overall sampler,100,1,0,0,0.8937369510531425,1.1916492680708568,0.0489164516329765,0.1256930381059646,cuda,
mixture,dpm2_log,"DPM-2 + corrector, log sigma",Overall sampler,100,1,0,1,0.8937262969557196,1.1916350626076262,0.0054617887362837,0.1669516712427139,cuda,
mixture,dpm2_log,"DPM-2 + corrector, log sigma",Overall sampler,10,1,1,0,0.1373205740237608,0.1830940986983478,0.2144472748041153,0.3500634133815765,cuda,
mixture,dpm2_log,"DPM-2 + corrector, log sigma",Overall sampler,10,1,1,1,0.138446312979795,0.18459508397306,0.2146159410476684,0.3673807084560394,cuda,
mixture,dpm2_log,"DPM-2 + corrector, log sigma",Overall sampler,50,1,1,0,0.4706300520338118,0.6275067360450824,0.0893508642911911,0.2043566405773162,cuda,1.3727986812591553
mixture,dpm2_log,"DPM-2 + corrector, log sigma",Overall sampler,50,1,1,1,0.474321176065132,0.6324282347535094,0.099208302795887,0.2147269695997238,cuda,1.395870327949524
mixture,dpm2_log,"DPM-2 + corrector, log sigma",Overall sampler,100,1,1,0,0.88922407804057,1.1856321040540934,0.041692778468132,0.1586603075265884,cuda,
mixture,dpm2_log,"DPM-2 + corrector, log sigma",Overall sampler,100,1,1,1,0.8956457719905302,1.1941943626540403,0.0450638160109519,0.13253815472126,cuda,
mixture,dpm2_log,"DPM-2 + corrector, log sigma",Overall sampler,10,1,2,0,0.1383606479503214,0.1844808639337619,0.1165882423520088,0.3980251252651214,cuda,
mixture,dpm2_log,"DPM-2 + corrector, log sigma",Overall sampler,10,1,2,1,0.1384292989969253,0.1845723986625671,0.1921982169151306,0.3046429753303528,cuda,
mixture,dpm2_log,"DPM-2 + corrector, log sigma",Overall sampler,50,1,2,0,0.4774580840021372,0.6366107786695162,0.0925505757331848,0.1929982751607895,cuda,1.3475433588027954
mixture,dpm2_log,"DPM-2 + corrector, log sigma",Overall sampler,50,1,2,1,0.4711224400671199,0.6281632534228265,0.1426924020051956,0.186148315668106,cuda,1.3363163471221924
mixture,dpm2_log,"DPM-2 + corrector, log sigma",Overall sampler,100,1,2,0,0.915101489983499,1.2201353199779987,0.1229990273714065,0.0819674059748649,cuda,
mixture,dpm2_log,"DPM-2 + corrector, log sigma",Overall sampler,100,1,2,1,0.8951265899231657,1.1935021198975544,0.0823590978980064,0.0996284112334251,cuda,
mixture,dpm2_log,"DPM-2 + corrector, log sigma",Overall sampler,10,1,3,0,0.1367028630338609,0.1822704840451479,1.0075678825378418,0.4137073755264282,cuda,
mixture,dpm2_log,"DPM-2 + corrector, log sigma",Overall sampler,10,1,3,1,0.1391104849753901,0.1854806466338535,1.017991065979004,0.3655906617641449,cuda,
mixture,dpm2_log,"DPM-2 + corrector, log sigma",Overall sampler,50,1,3,0,0.4737622860120609,0.6316830480160812,0.7817854881286621,0.2246021032333374,cuda,1.458316683769226
mixture,dpm2_log,"DPM-2 + corrector, log sigma",Overall sampler,50,1,3,1,0.4714322820072993,0.6285763760097325,0.7634702920913696,0.2440537065267563,cuda,1.4666523933410645
mixture,dpm2_log,"DPM-2 + corrector, log sigma",Overall sampler,100,1,3,0,0.9096345349680632,1.2128460466240842,0.5543226599693298,0.1186883375048637,cuda,
mixture,dpm2_log,"DPM-2 + corrector, log sigma",Overall sampler,100,1,3,1,0.910925742937252,1.2145676572496693,0.5765933394432068,0.1003478318452835,cuda,
mixture,legacy_drift_euler,Legacy drift-only Euler,Euler update,10,1,0,0,0.0281189869856461,0.0374919826475282,0.1431626081466674,0.129769966006279,cuda,
mixture,legacy_drift_euler,Legacy drift-only Euler,Euler update,10,1,0,1,0.0283134779892861,0.0377513039857149,0.1419876813888549,0.1298224180936813,cuda,
mixture,legacy_drift_euler,Legacy drift-only Euler,Euler update,50,1,0,0,0.1439744619419798,0.1919659492559731,0.1256638616323471,0.1398615390062332,cuda,
mixture,legacy_drift_euler,Legacy drift-only Euler,Euler update,50,1,0,1,0.1448644889751449,0.1931526519668599,0.110645905137062,0.1477782577276229,cuda,
mixture,legacy_drift_euler,Legacy drift-only Euler,Euler update,100,1,0,0,0.3063537999987602,0.4084717333316803,0.1061774268746376,0.1501603126525879,cuda,
mixture,legacy_drift_euler,Legacy drift-only Euler,Euler update,100,1,0,1,0.2806181110208854,0.3741574813611805,0.1080254390835762,0.1493622362613678,cuda,
mixture,legacy_drift_euler,Legacy drift-only Euler,Euler update,10,1,1,0,0.0271606019232422,0.0362141358976562,0.1660330444574356,0.1234827414155006,cuda,
mixture,legacy_drift_euler,Legacy drift-only Euler,Euler update,10,1,1,1,0.0279680299572646,0.0372907066096862,0.1646630018949508,0.1280023157596588,cuda,
mixture,legacy_drift_euler,Legacy drift-only Euler,Euler update,50,1,1,0,0.1411970279878005,0.188262703983734,0.1268485933542251,0.137480616569519,cuda,
mixture,legacy_drift_euler,Legacy drift-only Euler,Euler update,50,1,1,1,0.1417886100243777,0.1890514800325036,0.1276758164167404,0.1382708698511123,cuda,
mixture,legacy_drift_euler,Legacy drift-only Euler,Euler update,100,1,1,0,0.2839988010236993,0.3786650680315991,0.1232367008924484,0.1484619677066803,cuda,
mixture,legacy_drift_euler,Legacy drift-only Euler,Euler update,100,1,1,1,0.2839041460538283,0.3785388614051044,0.123516097664833,0.1424314826726913,cuda,
mixture,legacy_drift_euler,Legacy drift-only Euler,Euler update,10,1,2,0,0.0273310990305617,0.0364414653740823,0.1399112939834594,0.1383967995643615,cuda,
mixture,legacy_drift_euler,Legacy drift-only Euler,Euler update,10,1,2,1,0.0270668950397521,0.0360891933863361,0.1557264477014541,0.1471319198608398,cuda,
mixture,legacy_drift_euler,Legacy drift-only Euler,Euler update,50,1,2,0,0.1397140299668535,0.186285373289138,0.1318250894546508,0.1658106446266174,cuda,
mixture,legacy_drift_euler,Legacy drift-only Euler,Euler update,50,1,2,1,0.140852806973271,0.1878037426310281,0.1410701423883438,0.1666006445884704,cuda,
mixture,legacy_drift_euler,Legacy drift-only Euler,Euler update,100,1,2,0,0.2825887929648161,0.3767850572864215,0.1230045557022094,0.1672452837228775,cuda,
mixture,legacy_drift_euler,Legacy drift-only Euler,Euler update,100,1,2,1,0.2814802880166098,0.3753070506888131,0.1269015222787857,0.1638995856046676,cuda,
mixture,legacy_drift_euler,Legacy drift-only Euler,Euler update,10,1,3,0,0.0289604329736903,0.0386139106315871,0.9634926319122314,0.1304208189249038,cuda,
mixture,legacy_drift_euler,Legacy drift-only Euler,Euler update,10,1,3,1,0.0280089630978181,0.0373452841304242,0.9735966324806212,0.1356031894683838,cuda,
mixture,legacy_drift_euler,Legacy drift-only Euler,Euler update,50,1,3,0,0.1415395400254055,0.1887193867005407,0.854263424873352,0.1508799195289611,cuda,
mixture,legacy_drift_euler,Legacy drift-only Euler,Euler update,50,1,3,1,0.1413154050242155,0.1884205400322874,0.8664400577545166,0.1481122523546219,cuda,
mixture,legacy_drift_euler,Legacy drift-only Euler,Euler update,100,1,3,0,0.2844706799369305,0.3792942399159074,0.841225266456604,0.1538967937231063,cuda,
mixture,legacy_drift_euler,Legacy drift-only Euler,Euler update,100,1,3,1,0.2843172530410811,0.3790896707214415,0.8210707902908325,0.155761182308197,cuda,
mixture,em_uniform,"Euler--Maruyama, uniform t",Euler update,10,1,0,0,0.0279385979520156,0.0372514639360209,0.1799531877040863,0.693533718585968,cuda,
mixture,em_uniform,"Euler--Maruyama, uniform t",Euler update,10,1,0,1,0.030056801973842,0.0400757359651227,0.1776986420154571,0.5326946973800659,cuda,
mixture,em_uniform,"Euler--Maruyama, uniform t",Euler update,50,1,0,0,0.1439545610919594,0.1919394147892793,0.0960781797766685,0.370408147573471,cuda,
mixture,em_uniform,"Euler--Maruyama, uniform t",Euler update,50,1,0,1,0.1423380819614976,0.1897841092819968,0.0665032714605331,0.3715385496616363,cuda,
mixture,em_uniform,"Euler--Maruyama, uniform t",Euler update,100,1,0,0,0.2892305919667706,0.3856407892890274,0.1288762986660003,0.3125603199005127,cuda,
mixture,em_uniform,"Euler--Maruyama, uniform t",Euler update,100,1,0,1,0.2900369940325618,0.3867159920434157,0.0597827620804309,0.3536861836910248,cuda,
mixture,em_uniform,"Euler--Maruyama, uniform t",Euler update,10,1,1,0,0.0278911979403346,0.0371882639204462,0.1795036792755127,0.6548028588294983,cuda,
mixture,em_uniform,"Euler--Maruyama, uniform t",Euler update,10,1,1,1,0.0279737509554252,0.0372983346072336,0.1787464022636413,0.7182023525238037,cuda,
mixture,em_uniform,"Euler--Maruyama, uniform t",Euler update,50,1,1,0,0.1418489019852131,0.1891318693136175,0.1289811879396438,0.394783467054367,cuda,
mixture,em_uniform,"Euler--Maruyama, uniform t",Euler update,50,1,1,1,0.1460620450088754,0.1947493933451672,0.1290914118289947,0.3781746029853821,cuda,
mixture,em_uniform,"Euler--Maruyama, uniform t",Euler update,100,1,1,0,0.2897447680588811,0.3863263574118415,0.1174135953187942,0.3237157166004181,cuda,
mixture,em_uniform,"Euler--Maruyama, uniform t",Euler update,100,1,1,1,0.2912888090359047,0.3883850787145396,0.0964480638504028,0.3190834820270538,cuda,
mixture,em_uniform,"Euler--Maruyama, uniform t",Euler update,10,1,2,0,0.0284953149966895,0.0379937533289194,0.1541466116905212,0.6866631507873535,cuda,
mixture,em_uniform,"Euler--Maruyama, uniform t",Euler update,10,1,2,1,0.0282485620118677,0.037664749349157,0.2056977897882461,0.5780304074287415,cuda,
mixture,em_uniform,"Euler--Maruyama, uniform t",Euler update,50,1,2,0,0.1450572239700704,0.1934096319600939,0.1166596114635467,0.334559291601181,cuda,
mixture,em_uniform,"Euler--Maruyama, uniform t",Euler update,50,1,2,1,0.1446932899998501,0.1929243866664668,0.1933294832706451,0.2859708070755005,cuda,
mixture,em_uniform,"Euler--Maruyama, uniform t",Euler update,100,1,2,0,0.2902194240596145,0.386959232079486,0.1861758083105087,0.2602982223033905,cuda,
mixture,em_uniform,"Euler--Maruyama, uniform t",Euler update,100,1,2,1,0.2912956209620461,0.3883941612827281,0.1390930861234665,0.2757079899311065,cuda,
mixture,em_uniform,"Euler--Maruyama, uniform t",Euler update,10,1,3,0,0.0279970970004796,0.0373294626673062,1.0035626888275146,0.693583607673645,cuda,
mixture,em_uniform,"Euler--Maruyama, uniform t",Euler update,10,1,3,1,0.0277541909599676,0.0370055879466235,1.004952073097229,0.6982723474502563,cuda,
mixture,em_uniform,"Euler--Maruyama, uniform t",Euler update,50,1,3,0,0.1432409120025113,0.1909878826700151,0.902198076248169,0.4044207632541656,cuda,
mixture,em_uniform,"Euler--Maruyama, uniform t",Euler update,50,1,3,1,0.1436630759853869,0.1915507679805159,0.8938708901405334,0.3648740947246551,cuda,
mixture,em_uniform,"Euler--Maruyama, uniform t",Euler update,100,1,3,0,0.2890538779320195,0.385405170576026,0.8497303128242493,0.3060509860515594,cuda,
mixture,em_uniform,"Euler--Maruyama, uniform t",Euler update,100,1,3,1,0.2875877219485119,0.3834502959313492,0.8452466726303101,0.3052947223186493,cuda,
mixture,em_log,"Euler--Maruyama, log sigma",Euler update,10,1,0,0,0.0286057649645954,0.0381410199527939,0.1549573242664337,0.7092263102531433,cuda,
mixture,em_log,"Euler--Maruyama, log sigma",Euler update,10,1,0,1,0.0281442069681361,0.0375256092908481,0.1529393643140792,0.6026962995529175,cuda,
mixture,em_log,"Euler--Maruyama, log sigma",Euler update,50,1,0,0,0.1427001709816977,0.1902668946422636,0.0932529121637344,0.347164511680603,cuda,
mixture,em_log,"Euler--Maruyama, log sigma",Euler update,50,1,0,1,0.1418862519785761,0.1891816693047682,0.0844337120652198,0.3192173540592193,cuda,
mixture,em_log,"Euler--Maruyama, log sigma",Euler update,100,1,0,0,0.2848674650304019,0.3798232867072026,0.1114292666316032,0.2936127185821533,cuda,
mixture,em_log,"Euler--Maruyama, log sigma",Euler update,100,1,0,1,0.2875863609369844,0.3834484812493126,0.0566444434225559,0.3567296266555786,cuda,
mixture,em_log,"Euler--Maruyama, log sigma",Euler update,10,1,1,0,0.0279246210120618,0.0372328280160824,0.1505767405033111,0.6907737255096436,cuda,
mixture,em_log,"Euler--Maruyama, log sigma",Euler update,10,1,1,1,0.0287658850429579,0.0383545133906106,0.1609351933002472,0.7705726623535156,cuda,
mixture,em_log,"Euler--Maruyama, log sigma",Euler update,50,1,1,0,0.14493962994311,0.1932528399241467,0.1173086166381836,0.281160444021225,cuda,
mixture,em_log,"Euler--Maruyama, log sigma",Euler update,50,1,1,1,0.1449908119393512,0.1933210825858017,0.1187317818403244,0.307018905878067,cuda,
mixture,em_log,"Euler--Maruyama, log sigma",Euler update,100,1,1,0,0.2883250568993389,0.3844334091991186,0.1064488664269447,0.296598881483078,cuda,
mixture,em_log,"Euler--Maruyama, log sigma",Euler update,100,1,1,1,0.2863071399042383,0.381742853205651,0.1099829450249672,0.2987504303455353,cuda,
mixture,em_log,"Euler--Maruyama, log sigma",Euler update,10,1,2,0,0.0286623321007937,0.0382164428010582,0.1148935556411743,0.7405099272727966,cuda,
mixture,em_log,"Euler--Maruyama, log sigma",Euler update,10,1,2,1,0.0281316029140725,0.0375088038854301,0.1908814907073974,0.7189267873764038,cuda,
mixture,em_log,"Euler--Maruyama, log sigma",Euler update,50,1,2,0,0.1438310219673439,0.1917746959564586,0.1180863827466964,0.285769373178482,cuda,
mixture,em_log,"Euler--Maruyama, log sigma",Euler update,50,1,2,1,0.1434832769446075,0.1913110359261433,0.1747748106718063,0.2726939618587494,cuda,
mixture,em_log,"Euler--Maruyama, log sigma",Euler update,100,1,2,0,0.2977517250692472,0.3970023000923295,0.1898211389780044,0.2032307982444763,cuda,
mixture,em_log,"Euler--Maruyama, log sigma",Euler update,100,1,2,1,0.2851368240080774,0.3801824320107698,0.1532027572393417,0.2690382897853851,cuda,
mixture,em_log,"Euler--Maruyama, log sigma",Euler update,10,1,3,0,0.0285126869566738,0.0380169159422318,1.0207130908966064,0.7682157754898071,cuda,
mixture,em_log,"Euler--Maruyama, log sigma",Euler update,10,1,3,1,0.0282000269507989,0.0376000359343985,0.998346507549286,0.7930291295051575,cuda,
mixture,em_log,"Euler--Maruyama, log sigma",Euler update,50,1,3,0,0.1420966170262545,0.189462156035006,0.8759071826934814,0.3386083245277405,cuda,
mixture,em_log,"Euler--Maruyama, log sigma",Euler update,50,1,3,1,0.144377271994017,0.1925030293253561,0.8672271370887756,0.3456945121288299,cuda,
mixture,em_log,"Euler--Maruyama, log sigma",Euler update,100,1,3,0,0.2876689949771389,0.3835586599695186,0.8285447955131531,0.2764793336391449,cuda,
mixture,em_log,"Euler--Maruyama, log sigma",Euler update,100,1,3,1,0.2869464339455589,0.3825952452607453,0.8355493545532227,0.2708421945571899,cuda,
mixture,legacy_time_dpm,Legacy time-space DPM-1,DPM predictor,10,2,0,0,0.0294676009798422,0.0392901346397896,0.2413846105337143,0.2578997015953064,cuda,
mixture,legacy_time_dpm,Legacy time-space DPM-1,DPM predictor,10,2,0,1,0.0268908540019765,0.0358544720026354,0.2215169370174408,0.2559038996696472,cuda,
mixture,legacy_time_dpm,Legacy time-space DPM-1,DPM predictor,50,2,0,0,0.1385188950225711,0.1846918600300947,0.240233689546585,0.3564132750034332,cuda,
mixture,legacy_time_dpm,Legacy time-space DPM-1,DPM predictor,50,2,0,1,0.1366594170685857,0.1822125560914476,0.1982123404741287,0.284275472164154,cuda,
mixture,legacy_time_dpm,Legacy time-space DPM-1,DPM predictor,100,2,0,0,0.2938888130011037,0.3918517506681382,0.2010517418384552,0.2920215427875519,cuda,
mixture,legacy_time_dpm,Legacy time-space DPM-1,DPM predictor,100,2,0,1,0.2745325609575957,0.3660434146101276,0.2148720771074295,0.2966750562191009,cuda,
mixture,legacy_time_dpm,Legacy time-space DPM-1,DPM predictor,10,2,1,0,0.0269676430616527,0.035956857415537,0.4055998921394348,0.2491205632686615,cuda,
mixture,legacy_time_dpm,Legacy time-space DPM-1,DPM predictor,10,2,1,1,0.0264657919760793,0.0352877226347724,0.3919500112533569,0.2182132452726364,cuda,
mixture,legacy_time_dpm,Legacy time-space DPM-1,DPM predictor,50,2,1,0,0.1383770380634814,0.1845027174179752,0.3563904166221618,0.2981983423233032,cuda,
mixture,legacy_time_dpm,Legacy time-space DPM-1,DPM predictor,50,2,1,1,0.1361913230502978,0.1815884307337304,0.3604262769222259,0.295759379863739,cuda,
mixture,legacy_time_dpm,Legacy time-space DPM-1,DPM predictor,100,2,1,0,0.2749739499995485,0.3666319333327313,0.3505857288837433,0.2358674705028534,cuda,
mixture,legacy_time_dpm,Legacy time-space DPM-1,DPM predictor,100,2,1,1,0.2729802899993956,0.3639737199991941,0.3450209498405456,0.28611621260643,cuda,
mixture,legacy_time_dpm,Legacy time-space DPM-1,DPM predictor,10,2,2,0,0.0267001909669488,0.0356002546225984,0.2175566703081131,0.3292723596096039,cuda,
mixture,legacy_time_dpm,Legacy time-space DPM-1,DPM predictor,10,2,2,1,0.0268856280017644,0.0358475040023525,0.2691383063793182,0.2621252834796905,cuda,
mixture,legacy_time_dpm,Legacy time-space DPM-1,DPM predictor,50,2,2,0,0.1364311630604788,0.1819082174139718,0.2606489062309265,0.2636524438858032,cuda,
mixture,legacy_time_dpm,Legacy time-space DPM-1,DPM predictor,50,2,2,1,0.1392712229862809,0.1856949639817079,0.2960383594036102,0.2559193074703216,cuda,
mixture,legacy_time_dpm,Legacy time-space DPM-1,DPM predictor,100,2,2,0,0.2758155150804668,0.3677540201072891,0.242581695318222,0.2785021662712097,cuda,
mixture,legacy_time_dpm,Legacy time-space DPM-1,DPM predictor,100,2,2,1,0.2967615779489279,0.3956821039319038,0.2495870739221573,0.3217509686946869,cuda,
mixture,legacy_time_dpm,Legacy time-space DPM-1,DPM predictor,10,2,3,0,0.0275183729827404,0.0366911639769872,1.2192728519439695,0.3287332653999328,cuda,
mixture,legacy_time_dpm,Legacy time-space DPM-1,DPM predictor,10,2,3,1,0.0261978460475802,0.0349304613967736,1.2508959770202637,0.2962627708911896,cuda,
mixture,legacy_time_dpm,Legacy time-space DPM-1,DPM predictor,50,2,3,0,0.1337149218888953,0.1782865625185271,1.213951587677002,0.3455778062343597,cuda,
mixture,legacy_time_dpm,Legacy time-space DPM-1,DPM predictor,50,2,3,1,0.1358035929733887,0.1810714572978516,1.2507132291793823,0.3666960000991821,cuda,
mixture,legacy_time_dpm,Legacy time-space DPM-1,DPM predictor,100,2,3,0,0.2722823140211403,0.3630430853615204,1.2257635593414309,0.3401212096214294,cuda,
mixture,legacy_time_dpm,Legacy time-space DPM-1,DPM predictor,100,2,3,1,0.2734671039506793,0.3646228052675724,1.163352370262146,0.323198914527893,cuda,
mixture,sigma_uniform_dpm,"Sigma-space DPM-1, uniform t",DPM predictor,10,2,0,0,0.0270519889891147,0.036069318652153,0.1915814131498336,0.2118980586528778,cuda,
mixture,sigma_uniform_dpm,"Sigma-space DPM-1, uniform t",DPM predictor,10,2,0,1,0.026706084026955,0.03560811203594,0.1786992996931076,0.2118881046772003,cuda,
mixture,sigma_uniform_dpm,"Sigma-space DPM-1, uniform t",DPM predictor,50,2,0,0,0.1396376299671828,0.1861835066229105,0.2243521958589553,0.3244279623031616,cuda,
mixture,sigma_uniform_dpm,"Sigma-space DPM-1, uniform t",DPM predictor,50,2,0,1,0.137216599076055,0.1829554654347399,0.1830346286296844,0.2554869651794433,cuda,
mixture,sigma_uniform_dpm,"Sigma-space DPM-1, uniform t",DPM predictor,100,2,0,0,0.2779597240732983,0.3706129654310643,0.1911600828170776,0.2725173234939575,cuda,
mixture,sigma_uniform_dpm,"Sigma-space DPM-1, uniform t",DPM predictor,100,2,0,1,0.2788409190252423,0.3717878920336564,0.2038951516151428,0.2770662009716034,cuda,
mixture,sigma_uniform_dpm,"Sigma-space DPM-1, uniform t",DPM predictor,10,2,1,0,0.0270923289936035,0.0361231053248047,0.3000441491603851,0.2019483596086502,cuda,
mixture,sigma_uniform_dpm,"Sigma-space DPM-1, uniform t",DPM predictor,10,2,1,1,0.0269830418983474,0.0359773891977965,0.2897446751594543,0.1738848090171814,cuda,
mixture,sigma_uniform_dpm,"Sigma-space DPM-1, uniform t",DPM predictor,50,2,1,0,0.1382656600326299,0.1843542133768399,0.3185497224330902,0.2670787572860718,cuda,
mixture,sigma_uniform_dpm,"Sigma-space DPM-1, uniform t",DPM predictor,50,2,1,1,0.138887763954699,0.185183685272932,0.322317361831665,0.2650793492794037,cuda,
mixture,sigma_uniform_dpm,"Sigma-space DPM-1, uniform t",DPM predictor,100,2,1,0,0.2813984209205955,0.375197894560794,0.3267958462238312,0.2170222252607345,cuda,
mixture,sigma_uniform_dpm,"Sigma-space DPM-1, uniform t",DPM predictor,100,2,1,1,0.2821110320510342,0.3761480427347123,0.3218140304088592,0.2661671340465545,cuda,
mixture,sigma_uniform_dpm,"Sigma-space DPM-1, uniform t",DPM predictor,10,2,2,0,0.0274969659512862,0.0366626212683816,0.2014331966638565,0.281380295753479,cuda,
mixture,sigma_uniform_dpm,"Sigma-space DPM-1, uniform t",DPM predictor,10,2,2,1,0.0274829840054735,0.0366439786739647,0.2516942322254181,0.2197858542203903,cuda,
mixture,sigma_uniform_dpm,"Sigma-space DPM-1, uniform t",DPM predictor,50,2,2,0,0.1401225799927488,0.1868301066569984,0.2515873610973358,0.2361925989389419,cuda,
mixture,sigma_uniform_dpm,"Sigma-space DPM-1, uniform t",DPM predictor,50,2,2,1,0.1406583859352395,0.1875445145803193,0.286421000957489,0.2287521958351135,cuda,
mixture,sigma_uniform_dpm,"Sigma-space DPM-1, uniform t",DPM predictor,100,2,2,0,0.2800644420785829,0.3734192561047773,0.2367856055498123,0.2589807510375976,cuda,
mixture,sigma_uniform_dpm,"Sigma-space DPM-1, uniform t",DPM predictor,100,2,2,1,0.2797285340493545,0.3729713787324726,0.2436138987541198,0.3005796670913696,cuda,
mixture,sigma_uniform_dpm,"Sigma-space DPM-1, uniform t",DPM predictor,10,2,3,0,0.0279775920789688,0.0373034561052918,1.1498677730560305,0.282295674085617,cuda,
mixture,sigma_uniform_dpm,"Sigma-space DPM-1, uniform t",DPM predictor,10,2,3,1,0.0280730440281331,0.0374307253708442,1.1794215440750122,0.2515216469764709,cuda,
mixture,sigma_uniform_dpm,"Sigma-space DPM-1, uniform t",DPM predictor,50,2,3,0,0.140468972036615,0.1872919627154866,1.179110407829285,0.3147477805614471,cuda,
mixture,sigma_uniform_dpm,"Sigma-space DPM-1, uniform t",DPM predictor,50,2,3,1,0.1385965279769152,0.184795370635887,1.2147005796432495,0.3361551463603973,cuda,
mixture,sigma_uniform_dpm,"Sigma-space DPM-1, uniform t",DPM predictor,100,2,3,0,0.2770620670635253,0.3694160894180338,1.2026292085647583,0.3192088305950165,cuda,
mixture,sigma_uniform_dpm,"Sigma-space DPM-1, uniform t",DPM predictor,100,2,3,1,0.2762534619541839,0.3683379492722451,1.1411185264587402,0.3029867112636566,cuda,
mixture,sigma_log_dpm,"Sigma-space DPM-1, log sigma",DPM predictor,10,2,0,0,0.0273077419260516,0.0364103225680689,0.2215180099010467,0.2108043581247329,cuda,
mixture,sigma_log_dpm,"Sigma-space DPM-1, log sigma",DPM predictor,10,2,0,1,0.027317346073687,0.0364231280982494,0.2052877843379974,0.2097441107034683,cuda,
mixture,sigma_log_dpm,"Sigma-space DPM-1, log sigma",DPM predictor,50,2,0,0,0.1386610269546508,0.1848813692728678,0.2292004376649856,0.3247098624706268,cuda,1.5714261531829834
mixture,sigma_log_dpm,"Sigma-space DPM-1, log sigma",DPM predictor,50,2,0,1,0.1389069180004298,0.1852092240005731,0.1880080103874206,0.255908191204071,cuda,1.4794102907180786
mixture,sigma_log_dpm,"Sigma-space DPM-1, log sigma",DPM predictor,100,2,0,0,0.279521941090934,0.3726959214545786,0.1937245726585388,0.2727687656879425,cuda,
mixture,sigma_log_dpm,"Sigma-space DPM-1, log sigma",DPM predictor,100,2,0,1,0.2773442280013114,0.3697923040017485,0.2067180424928665,0.2772083878517151,cuda,
mixture,sigma_log_dpm,"Sigma-space DPM-1, log sigma",DPM predictor,10,2,1,0,0.0303750790189951,0.0405001053586602,0.3616695702075958,0.20230433344841,cuda,
mixture,sigma_log_dpm,"Sigma-space DPM-1, log sigma",DPM predictor,10,2,1,1,0.0278768469579517,0.037169129277269,0.349699318408966,0.1742600798606872,cuda,
mixture,sigma_log_dpm,"Sigma-space DPM-1, log sigma",DPM predictor,50,2,1,0,0.1416358159622177,0.1888477546162903,0.3306249380111694,0.2680038213729858,cuda,1.507331132888794
mixture,sigma_log_dpm,"Sigma-space DPM-1, log sigma",DPM predictor,50,2,1,1,0.1464613690041005,0.1952818253388007,0.3344494104385376,0.265973836183548,cuda,1.505710482597351
mixture,sigma_log_dpm,"Sigma-space DPM-1, log sigma",DPM predictor,100,2,1,0,0.2995440199738368,0.3993920266317824,0.3329730331897735,0.2176353931427002,cuda,
mixture,sigma_log_dpm,"Sigma-space DPM-1, log sigma",DPM predictor,100,2,1,1,0.282277236925438,0.3763696492339174,0.3278128802776336,0.2666220366954803,cuda,
mixture,sigma_log_dpm,"Sigma-space DPM-1, log sigma",DPM predictor,10,2,2,0,0.0279030590318143,0.0372040787090857,0.2080693691968917,0.2765640020370483,cuda,
mixture,sigma_log_dpm,"Sigma-space DPM-1, log sigma",DPM predictor,10,2,2,1,0.0280440050410106,0.0373920067213475,0.2581292688846588,0.2154129445552826,cuda,
mixture,sigma_log_dpm,"Sigma-space DPM-1, log sigma",DPM predictor,50,2,2,0,0.1413193439366296,0.1884257919155061,0.2533356249332428,0.2363220751285553,cuda,1.438174843788147
mixture,sigma_log_dpm,"Sigma-space DPM-1, log sigma",DPM predictor,50,2,2,1,0.1411053179763257,0.1881404239684343,0.2880425751209259,0.2289984226226806,cuda,1.4261469841003418
mixture,sigma_log_dpm,"Sigma-space DPM-1, log sigma",DPM predictor,100,2,2,0,0.2850481199566275,0.3800641599421699,0.2377261072397232,0.2592058479785919,cuda,
mixture,sigma_log_dpm,"Sigma-space DPM-1, log sigma",DPM predictor,100,2,2,1,0.2828714969800785,0.377161995973438,0.2445514351129531,0.3008267879486084,cuda,
mixture,sigma_log_dpm,"Sigma-space DPM-1, log sigma",DPM predictor,10,2,3,0,0.0276884520426392,0.0369179360568523,1.1837574243545532,0.2795336246490478,cuda,
mixture,sigma_log_dpm,"Sigma-space DPM-1, log sigma",DPM predictor,10,2,3,1,0.0276300540426746,0.0368400720568994,1.213396430015564,0.2496216744184494,cuda,
mixture,sigma_log_dpm,"Sigma-space DPM-1, log sigma",DPM predictor,50,2,3,0,0.140706651029177,0.1876088680389026,1.1864304542541504,0.3150785267353058,cuda,1.6128755807876587
mixture,sigma_log_dpm,"Sigma-space DPM-1, log sigma",DPM predictor,50,2,3,1,0.1429462110390886,0.1905949480521182,1.22206711769104,0.3361749053001404,cuda,1.6248403787612915
mixture,sigma_log_dpm,"Sigma-space DPM-1, log sigma",DPM predictor,100,2,3,0,0.3019897210178897,0.4026529613571862,1.2063325643539429,0.3194296360015869,cuda,
mixture,sigma_log_dpm,"Sigma-space DPM-1, log sigma",DPM predictor,100,2,3,1,0.2839369550347328,0.3785826067129771,1.1448625326156616,0.3032143115997314,cuda,
mixture,dpm2_uniform,"DPM-2 + corrector, uniform t",Overall sampler,10,2,0,0,0.1416457860032096,0.1888610480042795,0.1174689456820488,0.2480853348970413,cuda,
mixture,dpm2_uniform,"DPM-2 + corrector, uniform t",Overall sampler,10,2,0,1,0.139996176934801,0.1866615692464014,0.1272616535425186,0.2332811951637268,cuda,
mixture,dpm2_uniform,"DPM-2 + corrector, uniform t",Overall sampler,50,2,0,0,0.480338416993618,0.6404512226581573,0.0418462082743644,0.2010365426540374,cuda,
mixture,dpm2_uniform,"DPM-2 + corrector, uniform t",Overall sampler,50,2,0,1,0.4764884531032294,0.6353179374709725,0.0577966086566448,0.2178026884794235,cuda,
mixture,dpm2_uniform,"DPM-2 + corrector, uniform t",Overall sampler,100,2,0,0,0.8989048869116232,1.1985398492154975,0.0610536448657512,0.1802725195884704,cuda,
mixture,dpm2_uniform,"DPM-2 + corrector, uniform t",Overall sampler,100,2,0,1,0.8958708109566942,1.1944944146089256,0.0161037221550941,0.1990191787481308,cuda,
mixture,dpm2_uniform,"DPM-2 + corrector, uniform t",Overall sampler,10,2,1,0,0.1362334770383313,0.1816446360511084,0.126064270734787,0.2573038935661316,cuda,
mixture,dpm2_uniform,"DPM-2 + corrector, uniform t",Overall sampler,10,2,1,1,0.1379988570697605,0.1839984760930141,0.1433091908693313,0.3013392686843872,cuda,
mixture,dpm2_uniform,"DPM-2 + corrector, uniform t",Overall sampler,50,2,1,0,0.4792394449468702,0.638985926595827,0.0813755542039871,0.2379544973373413,cuda,
mixture,dpm2_uniform,"DPM-2 + corrector, uniform t",Overall sampler,50,2,1,1,0.4830383210210129,0.6440510946946839,0.0825379863381385,0.2146228849887848,cuda,
mixture,dpm2_uniform,"DPM-2 + corrector, uniform t",Overall sampler,100,2,1,0,0.8948433609912172,1.1931244813216229,0.0634898021817207,0.1367131620645523,cuda,
mixture,dpm2_uniform,"DPM-2 + corrector, uniform t",Overall sampler,100,2,1,1,0.8897750850301236,1.1863667800401647,0.0516091808676719,0.1781678944826126,cuda,
mixture,dpm2_uniform,"DPM-2 + corrector, uniform t",Overall sampler,10,2,2,0,0.1377238689456135,0.183631825260818,0.1571820825338363,0.2881343364715576,cuda,
mixture,dpm2_uniform,"DPM-2 + corrector, uniform t",Overall sampler,10,2,2,1,0.1393273250432685,0.185769766724358,0.1976853758096695,0.2681581377983093,cuda,
mixture,dpm2_uniform,"DPM-2 + corrector, uniform t",Overall sampler,50,2,2,0,0.4744132889900356,0.6325510519867142,0.111759103834629,0.2192796319723129,cuda,
mixture,dpm2_uniform,"DPM-2 + corrector, uniform t",Overall sampler,50,2,2,1,0.4726841939846053,0.6302455919794738,0.155315563082695,0.1924842298030853,cuda,
mixture,dpm2_uniform,"DPM-2 + corrector, uniform t",Overall sampler,100,2,2,0,0.8952175619779155,1.193623415970554,0.1385673880577087,0.190294861793518,cuda,
mixture,dpm2_uniform,"DPM-2 + corrector, uniform t",Overall sampler,100,2,2,1,0.8921073219971731,1.189476429329564,0.0936879962682724,0.1614778637886047,cuda,
mixture,dpm2_uniform,"DPM-2 + corrector, uniform t",Overall sampler,10,2,3,0,0.1365885690320283,0.1821180920427044,0.8714346289634705,0.3321438729763031,cuda,
mixture,dpm2_uniform,"DPM-2 + corrector, uniform t",Overall sampler,10,2,3,1,0.1382213269826024,0.1842951026434699,0.8847585916519165,0.3282862901687622,cuda,
mixture,dpm2_uniform,"DPM-2 + corrector, uniform t",Overall sampler,50,2,3,0,0.4720748349791392,0.629433113305519,0.7206957340240479,0.2919594943523407,cuda,
mixture,dpm2_uniform,"DPM-2 + corrector, uniform t",Overall sampler,50,2,3,1,0.4752235899213701,0.6336314532284936,0.690455436706543,0.2668219804763794,cuda,
mixture,dpm2_uniform,"DPM-2 + corrector, uniform t",Overall sampler,100,2,3,0,0.8864781979937106,1.1819709306582808,0.5609355568885803,0.2174654752016067,cuda,
mixture,dpm2_uniform,"DPM-2 + corrector, uniform t",Overall sampler,100,2,3,1,0.9252971420064569,1.2337295226752758,0.5799082517623901,0.1998785585165023,cuda,
mixture,dpm2_log,"DPM-2 + corrector, log sigma",Overall sampler,10,2,0,0,0.1385723049752414,0.1847630733003219,0.1658911705017089,0.2939090728759765,cuda,
mixture,dpm2_log,"DPM-2 + corrector, log sigma",Overall sampler,10,2,0,1,0.1391031669918447,0.1854708893224597,0.1610482484102249,0.2528426647186279,cuda,
mixture,dpm2_log,"DPM-2 + corrector, log sigma",Overall sampler,50,2,0,0,0.4827257459983229,0.643634327997764,0.0567106418311595,0.1947029083967209,cuda,1.353235363960266
mixture,dpm2_log,"DPM-2 + corrector, log sigma",Overall sampler,50,2,0,1,0.4775601419387385,0.636746855918318,0.0671345591545105,0.1845580339431762,cuda,1.3360583782196045
mixture,dpm2_log,"DPM-2 + corrector, log sigma",Overall sampler,100,2,0,0,0.913245692034252,1.217660922712336,0.0469351038336753,0.1131747439503669,cuda,
mixture,dpm2_log,"DPM-2 + corrector, log sigma",Overall sampler,100,2,0,1,0.9169252780266106,1.2225670373688142,0.0009714855696074,0.1411577463150024,cuda,
mixture,dpm2_log,"DPM-2 + corrector, log sigma",Overall sampler,10,2,1,0,0.1401450840057805,0.1868601120077073,0.2077174186706543,0.2817687690258026,cuda,
mixture,dpm2_log,"DPM-2 + corrector, log sigma",Overall sampler,10,2,1,1,0.1429915250046178,0.1906553666728238,0.2106043994426727,0.2991994619369507,cuda,
mixture,dpm2_log,"DPM-2 + corrector, log sigma",Overall sampler,50,2,1,0,0.4895820759702474,0.6527761012936631,0.0828493162989616,0.1621291041374206,cuda,1.2994471788406372
mixture,dpm2_log,"DPM-2 + corrector, log sigma",Overall sampler,50,2,1,1,0.4870169459609315,0.6493559279479086,0.0811560377478599,0.1693042963743209,cuda,1.3186546564102173
mixture,dpm2_log,"DPM-2 + corrector, log sigma",Overall sampler,100,2,1,0,0.9073443519882858,1.2097924693177144,0.0587389916181564,0.1296529769897461,cuda,
mixture,dpm2_log,"DPM-2 + corrector, log sigma",Overall sampler,100,2,1,1,0.9383448179578407,1.2511264239437878,0.022586639970541,0.0989661216735839,cuda,
mixture,dpm2_log,"DPM-2 + corrector, log sigma",Overall sampler,10,2,2,0,0.1408632189268246,0.1878176252357661,0.1516875475645065,0.3405524790287018,cuda,
mixture,dpm2_log,"DPM-2 + corrector, log sigma",Overall sampler,10,2,2,1,0.1404718570411205,0.1872958093881607,0.2285041213035583,0.2697076499462127,cuda,
mixture,dpm2_log,"DPM-2 + corrector, log sigma",Overall sampler,50,2,2,0,0.4756581300171092,0.6342108400228123,0.1248430237174034,0.1745353490114212,cuda,1.3218432664871216
mixture,dpm2_log,"DPM-2 + corrector, log sigma",Overall sampler,50,2,2,1,0.4739918239647522,0.6319890986196697,0.175088956952095,0.1649398952722549,cuda,1.3054988384246826
mixture,dpm2_log,"DPM-2 + corrector, log sigma",Overall sampler,100,2,2,0,0.8965055590961128,1.1953407454614835,0.151913970708847,0.0840164497494697,cuda,
mixture,dpm2_log,"DPM-2 + corrector, log sigma",Overall sampler,100,2,2,1,0.896186389029026,1.1949151853720348,0.1103380098938942,0.0944160372018814,cuda,
mixture,dpm2_log,"DPM-2 + corrector, log sigma",Overall sampler,10,2,3,0,0.1384130869992077,0.1845507826656103,0.9980895519256592,0.3768972158432007,cuda,
mixture,dpm2_log,"DPM-2 + corrector, log sigma",Overall sampler,10,2,3,1,0.138731459970586,0.1849752799607813,1.0125426054000854,0.3368322551250458,cuda,
mixture,dpm2_log,"DPM-2 + corrector, log sigma",Overall sampler,50,2,3,0,0.4735503370175138,0.631400449356685,0.7574378848075867,0.2238073199987411,cuda,1.433899164199829
mixture,dpm2_log,"DPM-2 + corrector, log sigma",Overall sampler,50,2,3,1,0.475442562950775,0.6339234172677001,0.7407944202423096,0.2504737079143524,cuda,1.455894112586975
mixture,dpm2_log,"DPM-2 + corrector, log sigma",Overall sampler,100,2,3,0,0.8963664739858359,1.1951552986477811,0.5108155608177185,0.1536467969417572,cuda,
mixture,dpm2_log,"DPM-2 + corrector, log sigma",Overall sampler,100,2,3,1,0.8966071910690516,1.1954762547587354,0.534127950668335,0.1285076886415481,cuda,
mixture,legacy_drift_euler,Legacy drift-only Euler,Euler update,10,2,0,0,0.0275326990522444,0.0367102654029925,0.1069847717881202,0.1409152746200561,cuda,
mixture,legacy_drift_euler,Legacy drift-only Euler,Euler update,10,2,0,1,0.0269385379506275,0.0359180506008366,0.1059436276555061,0.1413475424051284,cuda,
mixture,legacy_drift_euler,Legacy drift-only Euler,Euler update,50,2,0,0,0.139864710974507,0.1864862812993427,0.1016158983111381,0.1466747820377349,cuda,
mixture,legacy_drift_euler,Legacy drift-only Euler,Euler update,50,2,0,1,0.1401554089970886,0.1868738786627849,0.0868611112236976,0.1537333279848098,cuda,
mixture,legacy_drift_euler,Legacy drift-only Euler,Euler update,100,2,0,0,0.2993341230321675,0.39911216404289,0.0846916735172271,0.1550021767616272,cuda,
mixture,legacy_drift_euler,Legacy drift-only Euler,Euler update,100,2,0,1,0.2807890999829396,0.3743854666439195,0.086973175406456,0.15505912899971,cuda,
mixture,legacy_drift_euler,Legacy drift-only Euler,Euler update,10,2,1,0,0.027446762076579,0.036595682768772,0.138955608010292,0.1421336084604263,cuda,
mixture,legacy_drift_euler,Legacy drift-only Euler,Euler update,10,2,1,1,0.0269661549245938,0.0359548732327918,0.1367008090019226,0.1460170149803161,cuda,
mixture,legacy_drift_euler,Legacy drift-only Euler,Euler update,50,2,1,0,0.1396424230188131,0.1861898973584175,0.1089564710855484,0.1522529870271682,cuda,
mixture,legacy_drift_euler,Legacy drift-only Euler,Euler update,50,2,1,1,0.1388828690396621,0.1851771587195495,0.1089710742235183,0.1528301239013672,cuda,
mixture,legacy_drift_euler,Legacy drift-only Euler,Euler update,100,2,1,0,0.2824306560214609,0.3765742080286145,0.1029456257820129,0.1607492864131927,cuda,
mixture,legacy_drift_euler,Legacy drift-only Euler,Euler update,100,2,1,1,0.2814300020691007,0.375240002758801,0.1017399728298187,0.1557536125183105,cuda,
mixture,legacy_drift_euler,Legacy drift-only Euler,Euler update,10,2,2,0,0.0277351380791515,0.0369801841055353,0.1702308058738708,0.1374148428440094,cuda,
mixture,legacy_drift_euler,Legacy drift-only Euler,Euler update,10,2,2,1,0.0275728140259161,0.0367637520345548,0.1886219382286071,0.1453373283147812,cuda,
mixture,legacy_drift_euler,Legacy drift-only Euler,Euler update,50,2,2,0,0.1391249150037765,0.185499886671702,0.1620537191629409,0.1603450924158096,cuda,
mixture,legacy_drift_euler,Legacy drift-only Euler,Euler update,50,2,2,1,0.1404023449867963,0.1872031266490618,0.1728432029485702,0.1614001095294952,cuda,
mixture,legacy_drift_euler,Legacy drift-only Euler,Euler update,100,2,2,0,0.2801924890372902,0.3735899853830536,0.1527403146028518,0.1608332395553589,cuda,
mixture,legacy_drift_euler,Legacy drift-only Euler,Euler update,100,2,2,1,0.2783469590358436,0.3711292787144581,0.1549780070781707,0.1578270345926284,cuda,
mixture,legacy_drift_euler,Legacy drift-only Euler,Euler update,10,2,3,0,0.0274519859813153,0.0366026479750871,0.9723939299583436,0.1345887333154678,cuda,
mixture,legacy_drift_euler,Legacy drift-only Euler,Euler update,10,2,3,1,0.02666065399535,0.0355475386604666,0.9836419820785522,0.1386569738388061,cuda,
mixture,legacy_drift_euler,Legacy drift-only Euler,Euler update,50,2,3,0,0.1394506060751155,0.1859341414334873,0.8553822636604309,0.1498439013957977,cuda,
mixture,legacy_drift_euler,Legacy drift-only Euler,Euler update,50,2,3,1,0.1401322979945689,0.1868430639927586,0.8669281601905823,0.1471318304538726,cuda,
mixture,legacy_drift_euler,Legacy drift-only Euler,Euler update,100,2,3,0,0.2849346610018983,0.3799128813358645,0.8389378190040588,0.1522003561258316,cuda,
mixture,legacy_drift_euler,Legacy drift-only Euler,Euler update,100,2,3,1,0.2844937680056318,0.3793250240075091,0.8190286755561829,0.1537199169397354,cuda,
mixture,em_uniform,"Euler--Maruyama, uniform t",Euler update,10,2,0,0,0.0283227389445528,0.0377636519260704,0.1607216298580169,0.5756985545158386,cuda,
mixture,em_uniform,"Euler--Maruyama, uniform t",Euler update,10,2,0,1,0.0280190099729225,0.0373586799638966,0.1606495976448059,0.4421152472496032,cuda,
mixture,em_uniform,"Euler--Maruyama, uniform t",Euler update,50,2,0,0,0.143182156025432,0.1909095413672427,0.0845341384410858,0.3040404021739959,cuda,
mixture,em_uniform,"Euler--Maruyama, uniform t",Euler update,50,2,0,1,0.1454891499597579,0.1939855332796772,0.0566922612488269,0.3148160576820373,cuda,
mixture,em_uniform,"Euler--Maruyama, uniform t",Euler update,100,2,0,0,0.2886519270250574,0.3848692360334098,0.1179839149117469,0.2623620927333832,cuda,
mixture,em_uniform,"Euler--Maruyama, uniform t",Euler update,100,2,0,1,0.3025900470092892,0.4034533960123856,0.053174614906311,0.2894651889801025,cuda,
mixture,em_uniform,"Euler--Maruyama, uniform t",Euler update,10,2,1,0,0.0282160780625417,0.0376214374167223,0.17066590487957,0.5158205032348633,cuda,
mixture,em_uniform,"Euler--Maruyama, uniform t",Euler update,10,2,1,1,0.0279556609457358,0.0372742145943144,0.1672442853450775,0.5607637763023376,cuda,
mixture,em_uniform,"Euler--Maruyama, uniform t",Euler update,50,2,1,0,0.141363610047847,0.1884848133971293,0.1183920577168464,0.3205148875713348,cuda,
mixture,em_uniform,"Euler--Maruyama, uniform t",Euler update,50,2,1,1,0.1401855699950829,0.1869140933267772,0.112344317138195,0.3023287355899811,cuda,
mixture,em_uniform,"Euler--Maruyama, uniform t",Euler update,100,2,1,0,0.2851056529907509,0.3801408706543346,0.1144975498318672,0.2520857155323028,cuda,
mixture,em_uniform,"Euler--Maruyama, uniform t",Euler update,100,2,1,1,0.2827825830318033,0.3770434440424045,0.0904092416167259,0.2510055005550384,cuda,
mixture,em_uniform,"Euler--Maruyama, uniform t",Euler update,10,2,2,0,0.0273730009794235,0.0364973346392313,0.1787038147449493,0.5713699460029602,cuda,
mixture,em_uniform,"Euler--Maruyama, uniform t",Euler update,10,2,2,1,0.0277748509543016,0.0370331346057355,0.2277291119098663,0.4901605248451233,cuda,
mixture,em_uniform,"Euler--Maruyama, uniform t",Euler update,50,2,2,0,0.1433596559800207,0.191146207973361,0.1449011266231537,0.2908116281032562,cuda,
mixture,em_uniform,"Euler--Maruyama, uniform t",Euler update,50,2,2,1,0.1423706810455769,0.1898275747274359,0.2174559086561203,0.2540900409221649,cuda,
mixture,em_uniform,"Euler--Maruyama, uniform t",Euler update,100,2,2,0,0.2856843279441818,0.3809124372589091,0.2122774273157119,0.231405109167099,cuda,
mixture,em_uniform,"Euler--Maruyama, uniform t",Euler update,100,2,2,1,0.2875874430174008,0.383449924023201,0.1653479784727096,0.2399885207414627,cuda,
mixture,em_uniform,"Euler--Maruyama, uniform t",Euler update,10,2,3,0,0.0277769810054451,0.0370359746739268,0.9905304312705994,0.6000747680664062,cuda,
mixture,em_uniform,"Euler--Maruyama, uniform t",Euler update,10,2,3,1,0.0275963980238884,0.0367951973651846,0.9930445551872252,0.5996243953704834,cuda,
mixture,em_uniform,"Euler--Maruyama, uniform t",Euler update,50,2,3,0,0.1404278239933774,0.1872370986578365,0.8878121972084045,0.3757895231246948,cuda,
mixture,em_uniform,"Euler--Maruyama, uniform t",Euler update,50,2,3,1,0.1398029719712212,0.186403962628295,0.8792714476585388,0.3400937616825104,cuda,
mixture,em_uniform,"Euler--Maruyama, uniform t",Euler update,100,2,3,0,0.284264740999788,0.379019654666384,0.833310067653656,0.2938211262226105,cuda,
mixture,em_uniform,"Euler--Maruyama, uniform t",Euler update,100,2,3,1,0.2878330240491777,0.3837773653989036,0.8299300670623779,0.2855957746505737,cuda,
mixture,em_log,"Euler--Maruyama, log sigma",Euler update,10,2,0,0,0.0283799739554524,0.0378399652739365,0.1460142731666565,0.5862088203430176,cuda,
mixture,em_log,"Euler--Maruyama, log sigma",Euler update,10,2,0,1,0.0279969819821417,0.0373293093095223,0.1406287848949432,0.4858590066432953,cuda,
mixture,em_log,"Euler--Maruyama, log sigma",Euler update,50,2,0,0,0.1427410200703889,0.1903213600938519,0.0819433107972145,0.2885526120662689,cuda,
mixture,em_log,"Euler--Maruyama, log sigma",Euler update,50,2,0,1,0.1403135589789599,0.1870847453052798,0.0758378505706787,0.2631418108940124,cuda,
mixture,em_log,"Euler--Maruyama, log sigma",Euler update,100,2,0,0,0.2829570319736376,0.3772760426315169,0.1032636314630508,0.2478368878364563,cuda,
mixture,em_log,"Euler--Maruyama, log sigma",Euler update,100,2,0,1,0.2843244089744985,0.379099211965998,0.0501052103936672,0.2899499535560608,cuda,
mixture,em_log,"Euler--Maruyama, log sigma",Euler update,10,2,1,0,0.028281693928875,0.0377089252385,0.1347187906503677,0.5519487261772156,cuda,
mixture,em_log,"Euler--Maruyama, log sigma",Euler update,10,2,1,1,0.0278458370594307,0.0371277827459077,0.147426575422287,0.6117891669273376,cuda,
mixture,em_log,"Euler--Maruyama, log sigma",Euler update,50,2,1,0,0.1416283529251814,0.1888378039002418,0.1111333817243576,0.2221334129571914,cuda,
mixture,em_log,"Euler--Maruyama, log sigma",Euler update,50,2,1,1,0.1429133909987285,0.1905511879983047,0.1062911823391914,0.2437430322170257,cuda,
mixture,em_log,"Euler--Maruyama, log sigma",Euler update,100,2,1,0,0.2857754040742293,0.3810338720989724,0.1080204248428344,0.2381670624017715,cuda,
mixture,em_log,"Euler--Maruyama, log sigma",Euler update,100,2,1,1,0.2893514290917665,0.3858019054556886,0.0945615172386169,0.2265580147504806,cuda,
mixture,em_log,"Euler--Maruyama, log sigma",Euler update,10,2,2,0,0.0282788359327241,0.0377051145769655,0.1509549766778946,0.5975753664970398,cuda,
mixture,em_log,"Euler--Maruyama, log sigma",Euler update,10,2,2,1,0.0281314969761297,0.0375086626348396,0.2274832278490066,0.574242889881134,cuda,
mixture,em_log,"Euler--Maruyama, log sigma",Euler update,50,2,2,0,0.1438783319899812,0.1918377759866416,0.1476725786924362,0.2531447112560272,cuda,
mixture,em_log,"Euler--Maruyama, log sigma",Euler update,50,2,2,1,0.1435610299231484,0.1914147065641979,0.2034366577863693,0.2362888008356094,cuda,
mixture,em_log,"Euler--Maruyama, log sigma",Euler update,100,2,2,0,0.2892243440728634,0.3856324587638179,0.2171528488397598,0.1769063174724578,cuda,
mixture,em_log,"Euler--Maruyama, log sigma",Euler update,100,2,2,1,0.2891607030760497,0.3855476041013996,0.1804141700267791,0.234440803527832,cuda,
mixture,em_log,"Euler--Maruyama, log sigma",Euler update,10,2,3,0,0.0284237989690154,0.0378983986253539,0.9877852201461792,0.6688250303268433,cuda,
mixture,em_log,"Euler--Maruyama, log sigma",Euler update,10,2,3,1,0.0283604989526793,0.0378139986035724,0.9747265577316284,0.6763671636581421,cuda,
mixture,em_log,"Euler--Maruyama, log sigma",Euler update,50,2,3,0,0.1433267929824069,0.1911023906432092,0.8550374507904053,0.3120473623275757,cuda,
mixture,em_log,"Euler--Maruyama, log sigma",Euler update,50,2,3,1,0.1406468150671571,0.1875290867562095,0.8491633534431458,0.3282442092895508,cuda,
mixture,em_log,"Euler--Maruyama, log sigma",Euler update,100,2,3,0,0.2827731529250741,0.3770308705667655,0.8097332715988159,0.2745932042598724,cuda,
mixture,em_log,"Euler--Maruyama, log sigma",Euler update,100,2,3,1,0.287094027036801,0.382792036049068,0.816602349281311,0.2580892443656921,cuda,
