training_scheme,variant,variant_label,timesteps,model_seed,observation,nominal_coverage,analytical_coverage
mixture,sigma_log_dpm,"Sigma-space DPM-1, log sigma",10,0,0,0.5,0.5632957220077515
mixture,sigma_log_dpm,"Sigma-space DPM-1, log sigma",10,0,0,0.8,0.8638807535171509
mixture,sigma_log_dpm,"Sigma-space DPM-1, log sigma",10,0,0,0.9,0.9457428455352784
mixture,sigma_log_dpm,"Sigma-space DPM-1, log sigma",10,0,0,0.95,0.9789031744003296
mixture,sigma_log_dpm,"Sigma-space DPM-1, log sigma",50,0,0,0.5,0.6175236701965332
mixture,sigma_log_dpm,"Sigma-space DPM-1, log sigma",50,0,0,0.8,0.9072783589363098
mixture,sigma_log_dpm,"Sigma-space DPM-1, log sigma",50,0,0,0.9,0.9705214500427246
mixture,sigma_log_dpm,"Sigma-space DPM-1, log sigma",50,0,0,0.95,0.9910447597503662
mixture,dpm2_log,"DPM-2 + corrector, log sigma",10,0,0,0.5,0.6226297616958618
mixture,dpm2_log,"DPM-2 + corrector, log sigma",10,0,0,0.8,0.9079101085662842
mixture,dpm2_log,"DPM-2 + corrector, log sigma",10,0,0,0.9,0.9699218273162842
mixture,dpm2_log,"DPM-2 + corrector, log sigma",10,0,0,0.95,0.9904688596725464
mixture,dpm2_log,"DPM-2 + corrector, log sigma",50,0,0,0.5,0.6153793334960938
mixture,dpm2_log,"DPM-2 + corrector, log sigma",50,0,0,0.8,0.9017956256866456
mixture,dpm2_log,"DPM-2 + corrector, log sigma",50,0,0,0.9,0.9663457870483398
mixture,dpm2_log,"DPM-2 + corrector, log sigma",50,0,0,0.95,0.9886980056762696
mixture,sigma_log_dpm,"Sigma-space DPM-1, log sigma",10,0,1,0.5,0.515012264251709
mixture,sigma_log_dpm,"Sigma-space DPM-1, log sigma",10,0,1,0.8,0.8254751563072205
mixture,sigma_log_dpm,"Sigma-space DPM-1, log sigma",10,0,1,0.9,0.9237737655639648
mixture,sigma_log_dpm,"Sigma-space DPM-1, log sigma",10,0,1,0.95,0.9681168794631958
mixture,sigma_log_dpm,"Sigma-space DPM-1, log sigma",50,0,1,0.5,0.5899165868759155
mixture,sigma_log_dpm,"Sigma-space DPM-1, log sigma",50,0,1,0.8,0.886416494846344
mixture,sigma_log_dpm,"Sigma-space DPM-1, log sigma",50,0,1,0.9,0.9596309661865234
mixture,sigma_log_dpm,"Sigma-space DPM-1, log sigma",50,0,1,0.95,0.9863097667694092
mixture,dpm2_log,"DPM-2 + corrector, log sigma",10,0,1,0.5,0.622624933719635
mixture,dpm2_log,"DPM-2 + corrector, log sigma",10,0,1,0.8,0.9095685482025146
mixture,dpm2_log,"DPM-2 + corrector, log sigma",10,0,1,0.9,0.9713513851165771
mixture,dpm2_log,"DPM-2 + corrector, log sigma",10,0,1,0.95,0.9913101196289062
mixture,dpm2_log,"DPM-2 + corrector, log sigma",50,0,1,0.5,0.5823010206222534
mixture,dpm2_log,"DPM-2 + corrector, log sigma",50,0,1,0.8,0.8773018717765808
mixture,dpm2_log,"DPM-2 + corrector, log sigma",50,0,1,0.9,0.9528515338897704
mixture,dpm2_log,"DPM-2 + corrector, log sigma",50,0,1,0.95,0.9821958541870116
mixture,sigma_log_dpm,"Sigma-space DPM-1, log sigma",10,0,2,0.5,0.5351336002349854
mixture,sigma_log_dpm,"Sigma-space DPM-1, log sigma",10,0,2,0.8,0.8477407693862915
mixture,sigma_log_dpm,"Sigma-space DPM-1, log sigma",10,0,2,0.9,0.9389822483062744
mixture,sigma_log_dpm,"Sigma-space DPM-1, log sigma",10,0,2,0.95,0.976654887199402
mixture,sigma_log_dpm,"Sigma-space DPM-1, log sigma",50,0,2,0.5,0.5884907245635986
mixture,sigma_log_dpm,"Sigma-space DPM-1, log sigma",50,0,2,0.8,0.8903244733810425
mixture,sigma_log_dpm,"Sigma-space DPM-1, log sigma",50,0,2,0.9,0.963144302368164
mixture,sigma_log_dpm,"Sigma-space DPM-1, log sigma",50,0,2,0.95,0.9883351922035216
mixture,dpm2_log,"DPM-2 + corrector, log sigma",10,0,2,0.5,0.6349776983261108
mixture,dpm2_log,"DPM-2 + corrector, log sigma",10,0,2,0.8,0.9173929691314696
mixture,dpm2_log,"DPM-2 + corrector, log sigma",10,0,2,0.9,0.9750131964683532
mixture,dpm2_log,"DPM-2 + corrector, log sigma",10,0,2,0.95,0.992765724658966
mixture,dpm2_log,"DPM-2 + corrector, log sigma",50,0,2,0.5,0.6113240122795105
mixture,dpm2_log,"DPM-2 + corrector, log sigma",50,0,2,0.8,0.8988200426101685
mixture,dpm2_log,"DPM-2 + corrector, log sigma",50,0,2,0.9,0.9647271633148192
mixture,dpm2_log,"DPM-2 + corrector, log sigma",50,0,2,0.95,0.9879316687583924
mixture,sigma_log_dpm,"Sigma-space DPM-1, log sigma",10,0,3,0.5,0.3066714406013489
mixture,sigma_log_dpm,"Sigma-space DPM-1, log sigma",10,0,3,0.8,0.6284962892532349
mixture,sigma_log_dpm,"Sigma-space DPM-1, log sigma",10,0,3,0.9,0.7903871536254883
mixture,sigma_log_dpm,"Sigma-space DPM-1, log sigma",10,0,3,0.95,0.8889219760894775
mixture,sigma_log_dpm,"Sigma-space DPM-1, log sigma",50,0,3,0.5,0.3669763803482055
mixture,sigma_log_dpm,"Sigma-space DPM-1, log sigma",50,0,3,0.8,0.7184563875198364
mixture,sigma_log_dpm,"Sigma-space DPM-1, log sigma",50,0,3,0.9,0.8674577474594116
mixture,sigma_log_dpm,"Sigma-space DPM-1, log sigma",50,0,3,0.95,0.9428584575653076
mixture,dpm2_log,"DPM-2 + corrector, log sigma",10,0,3,0.5,0.4434788823127746
mixture,dpm2_log,"DPM-2 + corrector, log sigma",10,0,3,0.8,0.7924755811691284
mixture,dpm2_log,"DPM-2 + corrector, log sigma",10,0,3,0.9,0.9145454168319702
mixture,dpm2_log,"DPM-2 + corrector, log sigma",10,0,3,0.95,0.9677302241325378
mixture,dpm2_log,"DPM-2 + corrector, log sigma",50,0,3,0.5,0.495660126209259
mixture,dpm2_log,"DPM-2 + corrector, log sigma",50,0,3,0.8,0.8137860298156738
mixture,dpm2_log,"DPM-2 + corrector, log sigma",50,0,3,0.9,0.9182323217391968
mixture,dpm2_log,"DPM-2 + corrector, log sigma",50,0,3,0.95,0.965735137462616
mixture,sigma_log_dpm,"Sigma-space DPM-1, log sigma",10,0,4,0.5,0.3400617241859436
mixture,sigma_log_dpm,"Sigma-space DPM-1, log sigma",10,0,4,0.8,0.6470905542373657
mixture,sigma_log_dpm,"Sigma-space DPM-1, log sigma",10,0,4,0.9,0.7958864569664001
mixture,sigma_log_dpm,"Sigma-space DPM-1, log sigma",10,0,4,0.95,0.8882307410240173
mixture,sigma_log_dpm,"Sigma-space DPM-1, log sigma",50,0,4,0.5,0.3693723678588867
mixture,sigma_log_dpm,"Sigma-space DPM-1, log sigma",50,0,4,0.8,0.7129778265953064
mixture,sigma_log_dpm,"Sigma-space DPM-1, log sigma",50,0,4,0.9,0.8610016107559204
mixture,sigma_log_dpm,"Sigma-space DPM-1, log sigma",50,0,4,0.95,0.9381855726242064
mixture,dpm2_log,"DPM-2 + corrector, log sigma",10,0,4,0.5,0.4522141516208648
mixture,dpm2_log,"DPM-2 + corrector, log sigma",10,0,4,0.8,0.7750704884529114
mixture,dpm2_log,"DPM-2 + corrector, log sigma",10,0,4,0.9,0.8934471011161804
mixture,dpm2_log,"DPM-2 + corrector, log sigma",10,0,4,0.95,0.9519253373146056
mixture,dpm2_log,"DPM-2 + corrector, log sigma",50,0,4,0.5,0.4930651783943176
mixture,dpm2_log,"DPM-2 + corrector, log sigma",50,0,4,0.8,0.8054208755493164
mixture,dpm2_log,"DPM-2 + corrector, log sigma",50,0,4,0.9,0.9101853966712952
mixture,dpm2_log,"DPM-2 + corrector, log sigma",50,0,4,0.95,0.9599529504776
mixture,sigma_log_dpm,"Sigma-space DPM-1, log sigma",10,0,5,0.5,0.5299242734909058
mixture,sigma_log_dpm,"Sigma-space DPM-1, log sigma",10,0,5,0.8,0.8377484679222107
mixture,sigma_log_dpm,"Sigma-space DPM-1, log sigma",10,0,5,0.9,0.9310058951377868
mixture,sigma_log_dpm,"Sigma-space DPM-1, log sigma",10,0,5,0.95,0.9717805981636048
mixture,sigma_log_dpm,"Sigma-space DPM-1, log sigma",50,0,5,0.5,0.5521816611289978
mixture,sigma_log_dpm,"Sigma-space DPM-1, log sigma",50,0,5,0.8,0.8528404235839844
mixture,sigma_log_dpm,"Sigma-space DPM-1, log sigma",50,0,5,0.9,0.9389721155166626
mixture,sigma_log_dpm,"Sigma-space DPM-1, log sigma",50,0,5,0.95,0.975556492805481
mixture,dpm2_log,"DPM-2 + corrector, log sigma",10,0,5,0.5,0.6020803451538086
mixture,dpm2_log,"DPM-2 + corrector, log sigma",10,0,5,0.8,0.8959447145462036
mixture,dpm2_log,"DPM-2 + corrector, log sigma",10,0,5,0.9,0.9646583795547484
mixture,dpm2_log,"DPM-2 + corrector, log sigma",10,0,5,0.95,0.9884953498840332
mixture,dpm2_log,"DPM-2 + corrector, log sigma",50,0,5,0.5,0.5864135026931763
mixture,dpm2_log,"DPM-2 + corrector, log sigma",50,0,5,0.8,0.880971372127533
mixture,dpm2_log,"DPM-2 + corrector, log sigma",50,0,5,0.9,0.9551623463630676
mixture,dpm2_log,"DPM-2 + corrector, log sigma",50,0,5,0.95,0.9834499955177308
mixture,sigma_log_dpm,"Sigma-space DPM-1, log sigma",10,0,6,0.5,0.4828287959098816
mixture,sigma_log_dpm,"Sigma-space DPM-1, log sigma",10,0,6,0.8,0.7961829900741577
mixture,sigma_log_dpm,"Sigma-space DPM-1, log sigma",10,0,6,0.9,0.9051727056503296
mixture,sigma_log_dpm,"Sigma-space DPM-1, log sigma",10,0,6,0.95,0.9580161571502686
mixture,sigma_log_dpm,"Sigma-space DPM-1, log sigma",50,0,6,0.5,0.5612300038337708
mixture,sigma_log_dpm,"Sigma-space DPM-1, log sigma",50,0,6,0.8,0.8648420572280884
mixture,sigma_log_dpm,"Sigma-space DPM-1, log sigma",50,0,6,0.9,0.9483624696731568
mixture,sigma_log_dpm,"Sigma-space DPM-1, log sigma",50,0,6,0.95,0.9814059734344482
mixture,dpm2_log,"DPM-2 + corrector, log sigma",10,0,6,0.5,0.5860487222671509
mixture,dpm2_log,"DPM-2 + corrector, log sigma",10,0,6,0.8,0.8877188563346863
mixture,dpm2_log,"DPM-2 + corrector, log sigma",10,0,6,0.9,0.9615484476089478
mixture,dpm2_log,"DPM-2 + corrector, log sigma",10,0,6,0.95,0.9875593185424804
mixture,dpm2_log,"DPM-2 + corrector, log sigma",50,0,6,0.5,0.5981999635696411
mixture,dpm2_log,"DPM-2 + corrector, log sigma",50,0,6,0.8,0.8896933794021606
mixture,dpm2_log,"DPM-2 + corrector, log sigma",50,0,6,0.9,0.9599660634994508
mixture,dpm2_log,"DPM-2 + corrector, log sigma",50,0,6,0.95,0.9857643842697144
mixture,sigma_log_dpm,"Sigma-space DPM-1, log sigma",10,0,7,0.5,0.3839237093925476
mixture,sigma_log_dpm,"Sigma-space DPM-1, log sigma",10,0,7,0.8,0.7056592702865601
mixture,sigma_log_dpm,"Sigma-space DPM-1, log sigma",10,0,7,0.9,0.848900556564331
mixture,sigma_log_dpm,"Sigma-space DPM-1, log sigma",10,0,7,0.95,0.9288814663887024
mixture,sigma_log_dpm,"Sigma-space DPM-1, log sigma",50,0,7,0.5,0.4334862828254699
mixture,sigma_log_dpm,"Sigma-space DPM-1, log sigma",50,0,7,0.8,0.7558530569076538
mixture,sigma_log_dpm,"Sigma-space DPM-1, log sigma",50,0,7,0.9,0.8835891485214233
mixture,sigma_log_dpm,"Sigma-space DPM-1, log sigma",50,0,7,0.95,0.9490677118301392
mixture,dpm2_log,"DPM-2 + corrector, log sigma",10,0,7,0.5,0.5007448792457581
mixture,dpm2_log,"DPM-2 + corrector, log sigma",10,0,7,0.8,0.8313507437705994
mixture,dpm2_log,"DPM-2 + corrector, log sigma",10,0,7,0.9,0.9343702793121338
mixture,dpm2_log,"DPM-2 + corrector, log sigma",10,0,7,0.95,0.9765062928199768
mixture,dpm2_log,"DPM-2 + corrector, log sigma",50,0,7,0.5,0.5570746064186096
mixture,dpm2_log,"DPM-2 + corrector, log sigma",50,0,7,0.8,0.8642541170120239
mixture,dpm2_log,"DPM-2 + corrector, log sigma",50,0,7,0.9,0.9479984045028688
mixture,dpm2_log,"DPM-2 + corrector, log sigma",50,0,7,0.95,0.9808902740478516
mixture,sigma_log_dpm,"Sigma-space DPM-1, log sigma",10,0,8,0.5,0.5722861289978027
mixture,sigma_log_dpm,"Sigma-space DPM-1, log sigma",10,0,8,0.8,0.8683258891105652
mixture,sigma_log_dpm,"Sigma-space DPM-1, log sigma",10,0,8,0.9,0.9474322199821472
mixture,sigma_log_dpm,"Sigma-space DPM-1, log sigma",10,0,8,0.95,0.9794604182243348
mixture,sigma_log_dpm,"Sigma-space DPM-1, log sigma",50,0,8,0.5,0.6319893598556519
mixture,sigma_log_dpm,"Sigma-space DPM-1, log sigma",50,0,8,0.8,0.914581298828125
mixture,sigma_log_dpm,"Sigma-space DPM-1, log sigma",50,0,8,0.9,0.9735495448112488
mixture,sigma_log_dpm,"Sigma-space DPM-1, log sigma",50,0,8,0.95,0.9921767711639404
mixture,dpm2_log,"DPM-2 + corrector, log sigma",10,0,8,0.5,0.6570553779602051
mixture,dpm2_log,"DPM-2 + corrector, log sigma",10,0,8,0.8,0.9297841787338256
mixture,dpm2_log,"DPM-2 + corrector, log sigma",10,0,8,0.9,0.9803231954574584
mixture,dpm2_log,"DPM-2 + corrector, log sigma",10,0,8,0.95,0.9947152137756348
mixture,dpm2_log,"DPM-2 + corrector, log sigma",50,0,8,0.5,0.6430814862251282
mixture,dpm2_log,"DPM-2 + corrector, log sigma",50,0,8,0.8,0.9196375608444214
mixture,dpm2_log,"DPM-2 + corrector, log sigma",50,0,8,0.9,0.9750608801841736
mixture,dpm2_log,"DPM-2 + corrector, log sigma",50,0,8,0.95,0.9924065470695496
mixture,sigma_log_dpm,"Sigma-space DPM-1, log sigma",10,0,9,0.5,0.6738216876983643
mixture,sigma_log_dpm,"Sigma-space DPM-1, log sigma",10,0,9,0.8,0.9383232593536376
mixture,sigma_log_dpm,"Sigma-space DPM-1, log sigma",10,0,9,0.9,0.9836719036102296
mixture,sigma_log_dpm,"Sigma-space DPM-1, log sigma",10,0,9,0.95,0.9958323240280152
mixture,sigma_log_dpm,"Sigma-space DPM-1, log sigma",50,0,9,0.5,0.6868274211883545
mixture,sigma_log_dpm,"Sigma-space DPM-1, log sigma",50,0,9,0.8,0.9447035789489746
mixture,sigma_log_dpm,"Sigma-space DPM-1, log sigma",50,0,9,0.9,0.9861105680465698
mixture,sigma_log_dpm,"Sigma-space DPM-1, log sigma",50,0,9,0.95,0.9966295957565308
mixture,dpm2_log,"DPM-2 + corrector, log sigma",10,0,9,0.5,0.6866174340248108
mixture,dpm2_log,"DPM-2 + corrector, log sigma",10,0,9,0.8,0.9446740746498108
mixture,dpm2_log,"DPM-2 + corrector, log sigma",10,0,9,0.9,0.9861207604408264
mixture,dpm2_log,"DPM-2 + corrector, log sigma",10,0,9,0.95,0.9966392517089844
mixture,dpm2_log,"DPM-2 + corrector, log sigma",50,0,9,0.5,0.6252729892730713
mixture,dpm2_log,"DPM-2 + corrector, log sigma",50,0,9,0.8,0.9082696437835692
mixture,dpm2_log,"DPM-2 + corrector, log sigma",50,0,9,0.9,0.969545841217041
mixture,dpm2_log,"DPM-2 + corrector, log sigma",50,0,9,0.95,0.9900739192962646
mixture,sigma_log_dpm,"Sigma-space DPM-1, log sigma",10,0,10,0.5,0.6333552002906799
mixture,sigma_log_dpm,"Sigma-space DPM-1, log sigma",10,0,10,0.8,0.9146550297737122
mixture,sigma_log_dpm,"Sigma-space DPM-1, log sigma",10,0,10,0.9,0.9731014370918274
mixture,sigma_log_dpm,"Sigma-space DPM-1, log sigma",10,0,10,0.95,0.9917550683021544
mixture,sigma_log_dpm,"Sigma-space DPM-1, log sigma",50,0,10,0.5,0.6301802396774292
mixture,sigma_log_dpm,"Sigma-space DPM-1, log sigma",50,0,10,0.8,0.9126628637313844
mixture,sigma_log_dpm,"Sigma-space DPM-1, log sigma",50,0,10,0.9,0.972180724143982
mixture,sigma_log_dpm,"Sigma-space DPM-1, log sigma",50,0,10,0.95,0.991396427154541
mixture,dpm2_log,"DPM-2 + corrector, log sigma",10,0,10,0.5,0.6634601354598999
mixture,dpm2_log,"DPM-2 + corrector, log sigma",10,0,10,0.8,0.9323441982269288
mixture,dpm2_log,"DPM-2 + corrector, log sigma",10,0,10,0.9,0.9810590147972108
mixture,dpm2_log,"DPM-2 + corrector, log sigma",10,0,10,0.95,0.9948561191558838
mixture,dpm2_log,"DPM-2 + corrector, log sigma",50,0,10,0.5,0.6269567608833313
mixture,dpm2_log,"DPM-2 + corrector, log sigma",50,0,10,0.8,0.9094335436820984
mixture,dpm2_log,"DPM-2 + corrector, log sigma",50,0,10,0.9,0.9701497554779052
mixture,dpm2_log,"DPM-2 + corrector, log sigma",50,0,10,0.95,0.990347385406494
mixture,sigma_log_dpm,"Sigma-space DPM-1, log sigma",10,0,11,0.5,0.5546882748603821
mixture,sigma_log_dpm,"Sigma-space DPM-1, log sigma",10,0,11,0.8,0.8623862862586975
mixture,sigma_log_dpm,"Sigma-space DPM-1, log sigma",10,0,11,0.9,0.9476871490478516
mixture,sigma_log_dpm,"Sigma-space DPM-1, log sigma",10,0,11,0.95,0.9812752604484558
mixture,sigma_log_dpm,"Sigma-space DPM-1, log sigma",50,0,11,0.5,0.5990234613418579
mixture,sigma_log_dpm,"Sigma-space DPM-1, log sigma",50,0,11,0.8,0.8989213705062866
mixture,sigma_log_dpm,"Sigma-space DPM-1, log sigma",50,0,11,0.9,0.9679605960845948
mixture,sigma_log_dpm,"Sigma-space DPM-1, log sigma",50,0,11,0.95,0.9905558824539183
mixture,dpm2_log,"DPM-2 + corrector, log sigma",10,0,11,0.5,0.6495077610015869
mixture,dpm2_log,"DPM-2 + corrector, log sigma",10,0,11,0.8,0.9236334562301636
mixture,dpm2_log,"DPM-2 + corrector, log sigma",10,0,11,0.9,0.9771944284439088
mixture,dpm2_log,"DPM-2 + corrector, log sigma",10,0,11,0.95,0.9934399127960204
mixture,dpm2_log,"DPM-2 + corrector, log sigma",50,0,11,0.5,0.6362016201019287
mixture,dpm2_log,"DPM-2 + corrector, log sigma",50,0,11,0.8,0.9158039093017578
mixture,dpm2_log,"DPM-2 + corrector, log sigma",50,0,11,0.9,0.9734341502189636
mixture,dpm2_log,"DPM-2 + corrector, log sigma",50,0,11,0.95,0.9918190240859984
mixture,sigma_log_dpm,"Sigma-space DPM-1, log sigma",10,0,12,0.5,0.5262832641601562
mixture,sigma_log_dpm,"Sigma-space DPM-1, log sigma",10,0,12,0.8,0.8359426259994507
mixture,sigma_log_dpm,"Sigma-space DPM-1, log sigma",10,0,12,0.9,0.9319621324539183
mixture,sigma_log_dpm,"Sigma-space DPM-1, log sigma",10,0,12,0.95,0.973642647266388
mixture,sigma_log_dpm,"Sigma-space DPM-1, log sigma",50,0,12,0.5,0.5449514389038086
mixture,sigma_log_dpm,"Sigma-space DPM-1, log sigma",50,0,12,0.8,0.8558055758476257
mixture,sigma_log_dpm,"Sigma-space DPM-1, log sigma",50,0,12,0.9,0.9449019432067872
mixture,sigma_log_dpm,"Sigma-space DPM-1, log sigma",50,0,12,0.95,0.9804366827011108
mixture,dpm2_log,"DPM-2 + corrector, log sigma",10,0,12,0.5,0.6262674331665039
mixture,dpm2_log,"DPM-2 + corrector, log sigma",10,0,12,0.8,0.91130393743515
mixture,dpm2_log,"DPM-2 + corrector, log sigma",10,0,12,0.9,0.9721697568893432
mixture,dpm2_log,"DPM-2 + corrector, log sigma",10,0,12,0.95,0.9916929006576538
mixture,dpm2_log,"DPM-2 + corrector, log sigma",50,0,12,0.5,0.6299552917480469
mixture,dpm2_log,"DPM-2 + corrector, log sigma",50,0,12,0.8,0.9126350283622742
mixture,dpm2_log,"DPM-2 + corrector, log sigma",50,0,12,0.9,0.9722214341163636
mixture,dpm2_log,"DPM-2 + corrector, log sigma",50,0,12,0.95,0.9914392232894896
mixture,sigma_log_dpm,"Sigma-space DPM-1, log sigma",10,0,13,0.5,0.6100856065750122
mixture,sigma_log_dpm,"Sigma-space DPM-1, log sigma",10,0,13,0.8,0.8993005752563477
mixture,sigma_log_dpm,"Sigma-space DPM-1, log sigma",10,0,13,0.9,0.9655301570892334
mixture,sigma_log_dpm,"Sigma-space DPM-1, log sigma",10,0,13,0.95,0.9885343313217164
mixture,sigma_log_dpm,"Sigma-space DPM-1, log sigma",50,0,13,0.5,0.6542060971260071
mixture,sigma_log_dpm,"Sigma-space DPM-1, log sigma",50,0,13,0.8,0.9271581172943116
mixture,sigma_log_dpm,"Sigma-space DPM-1, log sigma",50,0,13,0.9,0.9788141250610352
mixture,sigma_log_dpm,"Sigma-space DPM-1, log sigma",50,0,13,0.95,0.994013786315918
mixture,dpm2_log,"DPM-2 + corrector, log sigma",10,0,13,0.5,0.6458091735839844
mixture,dpm2_log,"DPM-2 + corrector, log sigma",10,0,13,0.8,0.9232627153396606
mixture,dpm2_log,"DPM-2 + corrector, log sigma",10,0,13,0.9,0.9774442911148072
mixture,dpm2_log,"DPM-2 + corrector, log sigma",10,0,13,0.95,0.9936246275901794
mixture,dpm2_log,"DPM-2 + corrector, log sigma",50,0,13,0.5,0.6123266220092773
mixture,dpm2_log,"DPM-2 + corrector, log sigma",50,0,13,0.8,0.8993184566497803
mixture,dpm2_log,"DPM-2 + corrector, log sigma",50,0,13,0.9,0.9648969769477844
mixture,dpm2_log,"DPM-2 + corrector, log sigma",50,0,13,0.95,0.9879661798477172
mixture,sigma_log_dpm,"Sigma-space DPM-1, log sigma",10,0,14,0.5,0.5559307932853699
mixture,sigma_log_dpm,"Sigma-space DPM-1, log sigma",10,0,14,0.8,0.8561191558837891
mixture,sigma_log_dpm,"Sigma-space DPM-1, log sigma",10,0,14,0.9,0.9404532313346864
mixture,sigma_log_dpm,"Sigma-space DPM-1, log sigma",10,0,14,0.95,0.97588849067688
mixture,sigma_log_dpm,"Sigma-space DPM-1, log sigma",50,0,14,0.5,0.6036587953567505
mixture,sigma_log_dpm,"Sigma-space DPM-1, log sigma",50,0,14,0.8,0.8958286643028259
mixture,sigma_log_dpm,"Sigma-space DPM-1, log sigma",50,0,14,0.9,0.9642077684402466
mixture,sigma_log_dpm,"Sigma-space DPM-1, log sigma",50,0,14,0.95,0.988164484500885
mixture,dpm2_log,"DPM-2 + corrector, log sigma",10,0,14,0.5,0.6420254707336426
mixture,dpm2_log,"DPM-2 + corrector, log sigma",10,0,14,0.8,0.9222368001937866
mixture,dpm2_log,"DPM-2 + corrector, log sigma",10,0,14,0.9,0.9773775935173036
mixture,dpm2_log,"DPM-2 + corrector, log sigma",10,0,14,0.95,0.9937306642532348
mixture,dpm2_log,"DPM-2 + corrector, log sigma",50,0,14,0.5,0.596941351890564
mixture,dpm2_log,"DPM-2 + corrector, log sigma",50,0,14,0.8,0.8882476091384888
mixture,dpm2_log,"DPM-2 + corrector, log sigma",50,0,14,0.9,0.9589383602142334
mixture,dpm2_log,"DPM-2 + corrector, log sigma",50,0,14,0.95,0.9851597547531128
mixture,sigma_log_dpm,"Sigma-space DPM-1, log sigma",10,0,15,0.5,0.6418668031692505
mixture,sigma_log_dpm,"Sigma-space DPM-1, log sigma",10,0,15,0.8,0.9198141694068908
mixture,sigma_log_dpm,"Sigma-space DPM-1, log sigma",10,0,15,0.9,0.9755074977874756
mixture,sigma_log_dpm,"Sigma-space DPM-1, log sigma",10,0,15,0.95,0.9927361607551576
mixture,sigma_log_dpm,"Sigma-space DPM-1, log sigma",50,0,15,0.5,0.632207989692688
mixture,sigma_log_dpm,"Sigma-space DPM-1, log sigma",50,0,15,0.8,0.9138064384460448
mixture,sigma_log_dpm,"Sigma-space DPM-1, log sigma",50,0,15,0.9,0.9726818799972534
mixture,sigma_log_dpm,"Sigma-space DPM-1, log sigma",50,0,15,0.95,0.9915885925292968
mixture,dpm2_log,"DPM-2 + corrector, log sigma",10,0,15,0.5,0.6685472726821899
mixture,dpm2_log,"DPM-2 + corrector, log sigma",10,0,15,0.8,0.9352394342422484
mixture,dpm2_log,"DPM-2 + corrector, log sigma",10,0,15,0.9,0.982316255569458
mixture,dpm2_log,"DPM-2 + corrector, log sigma",10,0,15,0.95,0.995324969291687
mixture,dpm2_log,"DPM-2 + corrector, log sigma",50,0,15,0.5,0.5977649688720703
mixture,dpm2_log,"DPM-2 + corrector, log sigma",50,0,15,0.8,0.8885736465454102
mixture,dpm2_log,"DPM-2 + corrector, log sigma",50,0,15,0.9,0.9589853882789612
mixture,dpm2_log,"DPM-2 + corrector, log sigma",50,0,15,0.95,0.985117256641388
mixture,sigma_log_dpm,"Sigma-space DPM-1, log sigma",10,1,0,0.5,0.6172125339508057
mixture,sigma_log_dpm,"Sigma-space DPM-1, log sigma",10,1,0,0.8,0.9090863466262816
mixture,sigma_log_dpm,"Sigma-space DPM-1, log sigma",10,1,0,0.9,0.9720340967178344
mixture,sigma_log_dpm,"Sigma-space DPM-1, log sigma",10,1,0,0.95,0.9918794631958008
mixture,sigma_log_dpm,"Sigma-space DPM-1, log sigma",50,1,0,0.5,0.5984704494476318
mixture,sigma_log_dpm,"Sigma-space DPM-1, log sigma",50,1,0,0.8,0.894768238067627
mixture,sigma_log_dpm,"Sigma-space DPM-1, log sigma",50,1,0,0.9,0.964447855949402
mixture,sigma_log_dpm,"Sigma-space DPM-1, log sigma",50,1,0,0.95,0.9885242581367492
mixture,dpm2_log,"DPM-2 + corrector, log sigma",10,1,0,0.5,0.6538662910461426
mixture,dpm2_log,"DPM-2 + corrector, log sigma",10,1,0,0.8,0.9292615652084352
mixture,dpm2_log,"DPM-2 + corrector, log sigma",10,1,0,0.9,0.9804615378379822
mixture,dpm2_log,"DPM-2 + corrector, log sigma",10,1,0,0.95,0.9948718547821044
mixture,dpm2_log,"DPM-2 + corrector, log sigma",50,1,0,0.5,0.6317558288574219
mixture,dpm2_log,"DPM-2 + corrector, log sigma",50,1,0,0.8,0.9126796126365662
mixture,dpm2_log,"DPM-2 + corrector, log sigma",50,1,0,0.9,0.9717965722084044
mixture,dpm2_log,"DPM-2 + corrector, log sigma",50,1,0,0.95,0.9910732507705688
mixture,sigma_log_dpm,"Sigma-space DPM-1, log sigma",10,1,1,0.5,0.526537299156189
mixture,sigma_log_dpm,"Sigma-space DPM-1, log sigma",10,1,1,0.8,0.8401906490325928
mixture,sigma_log_dpm,"Sigma-space DPM-1, log sigma",10,1,1,0.9,0.9351810216903688
mixture,sigma_log_dpm,"Sigma-space DPM-1, log sigma",10,1,1,0.95,0.975288987159729
mixture,sigma_log_dpm,"Sigma-space DPM-1, log sigma",50,1,1,0.5,0.5890194773674011
mixture,sigma_log_dpm,"Sigma-space DPM-1, log sigma",50,1,1,0.8,0.890299916267395
mixture,sigma_log_dpm,"Sigma-space DPM-1, log sigma",50,1,1,0.9,0.963337779045105
mixture,sigma_log_dpm,"Sigma-space DPM-1, log sigma",50,1,1,0.95,0.9885742664337158
mixture,dpm2_log,"DPM-2 + corrector, log sigma",10,1,1,0.5,0.6284536123275757
mixture,dpm2_log,"DPM-2 + corrector, log sigma",10,1,1,0.8,0.9172919988632202
mixture,dpm2_log,"DPM-2 + corrector, log sigma",10,1,1,0.9,0.9761276245117188
mixture,dpm2_log,"DPM-2 + corrector, log sigma",10,1,1,0.95,0.993557333946228
mixture,dpm2_log,"DPM-2 + corrector, log sigma",50,1,1,0.5,0.62567138671875
mixture,dpm2_log,"DPM-2 + corrector, log sigma",50,1,1,0.8,0.9097222089767456
mixture,dpm2_log,"DPM-2 + corrector, log sigma",50,1,1,0.9,0.9707450270652772
mixture,dpm2_log,"DPM-2 + corrector, log sigma",50,1,1,0.95,0.9907917976379396
mixture,sigma_log_dpm,"Sigma-space DPM-1, log sigma",10,1,2,0.5,0.5656137466430664
mixture,sigma_log_dpm,"Sigma-space DPM-1, log sigma",10,1,2,0.8,0.8725167512893677
mixture,sigma_log_dpm,"Sigma-space DPM-1, log sigma",10,1,2,0.9,0.9533164501190186
mixture,sigma_log_dpm,"Sigma-space DPM-1, log sigma",10,1,2,0.95,0.9837753772735596
mixture,sigma_log_dpm,"Sigma-space DPM-1, log sigma",50,1,2,0.5,0.618729829788208
mixture,sigma_log_dpm,"Sigma-space DPM-1, log sigma",50,1,2,0.8,0.9087069034576416
mixture,sigma_log_dpm,"Sigma-space DPM-1, log sigma",50,1,2,0.9,0.971510648727417
mixture,sigma_log_dpm,"Sigma-space DPM-1, log sigma",50,1,2,0.95,0.9915930032730104
mixture,dpm2_log,"DPM-2 + corrector, log sigma",10,1,2,0.5,0.6784840822219849
mixture,dpm2_log,"DPM-2 + corrector, log sigma",10,1,2,0.8,0.9393063187599182
mixture,dpm2_log,"DPM-2 + corrector, log sigma",10,1,2,0.9,0.9837417006492616
mixture,dpm2_log,"DPM-2 + corrector, log sigma",10,1,2,0.95,0.995786428451538
mixture,dpm2_log,"DPM-2 + corrector, log sigma",50,1,2,0.5,0.6790235638618469
mixture,dpm2_log,"DPM-2 + corrector, log sigma",50,1,2,0.8,0.940385103225708
mixture,dpm2_log,"DPM-2 + corrector, log sigma",50,1,2,0.9,0.9842820167541504
mixture,dpm2_log,"DPM-2 + corrector, log sigma",50,1,2,0.95,0.9959660768508912
mixture,sigma_log_dpm,"Sigma-space DPM-1, log sigma",10,1,3,0.5,0.3469200730323791
mixture,sigma_log_dpm,"Sigma-space DPM-1, log sigma",10,1,3,0.8,0.7036231160163879
mixture,sigma_log_dpm,"Sigma-space DPM-1, log sigma",10,1,3,0.9,0.859746515750885
mixture,sigma_log_dpm,"Sigma-space DPM-1, log sigma",10,1,3,0.95,0.9395557045936584
mixture,sigma_log_dpm,"Sigma-space DPM-1, log sigma",50,1,3,0.5,0.4270668625831604
mixture,sigma_log_dpm,"Sigma-space DPM-1, log sigma",50,1,3,0.8,0.7922215461730957
mixture,sigma_log_dpm,"Sigma-space DPM-1, log sigma",50,1,3,0.9,0.9195058941841124
mixture,sigma_log_dpm,"Sigma-space DPM-1, log sigma",50,1,3,0.95,0.9720785617828368
mixture,dpm2_log,"DPM-2 + corrector, log sigma",10,1,3,0.5,0.5255270004272461
mixture,dpm2_log,"DPM-2 + corrector, log sigma",10,1,3,0.8,0.8758389949798584
mixture,dpm2_log,"DPM-2 + corrector, log sigma",10,1,3,0.9,0.9634629487991332
mixture,dpm2_log,"DPM-2 + corrector, log sigma",10,1,3,0.95,0.9904756546020508
mixture,dpm2_log,"DPM-2 + corrector, log sigma",50,1,3,0.5,0.5109943151473999
mixture,dpm2_log,"DPM-2 + corrector, log sigma",50,1,3,0.8,0.8318518400192261
mixture,dpm2_log,"DPM-2 + corrector, log sigma",50,1,3,0.9,0.9311065077781676
mixture,dpm2_log,"DPM-2 + corrector, log sigma",50,1,3,0.95,0.9732586145401
mixture,sigma_log_dpm,"Sigma-space DPM-1, log sigma",10,1,4,0.5,0.3551400303840637
mixture,sigma_log_dpm,"Sigma-space DPM-1, log sigma",10,1,4,0.8,0.694828987121582
mixture,sigma_log_dpm,"Sigma-space DPM-1, log sigma",10,1,4,0.9,0.8487738966941833
mixture,sigma_log_dpm,"Sigma-space DPM-1, log sigma",10,1,4,0.95,0.931807816028595
mixture,sigma_log_dpm,"Sigma-space DPM-1, log sigma",50,1,4,0.5,0.4088847041130066
mixture,sigma_log_dpm,"Sigma-space DPM-1, log sigma",50,1,4,0.8,0.7503563761711121
mixture,sigma_log_dpm,"Sigma-space DPM-1, log sigma",50,1,4,0.9,0.8860174417495728
mixture,sigma_log_dpm,"Sigma-space DPM-1, log sigma",50,1,4,0.95,0.9525531530380248
mixture,dpm2_log,"DPM-2 + corrector, log sigma",10,1,4,0.5,0.4589027166366577
mixture,dpm2_log,"DPM-2 + corrector, log sigma",10,1,4,0.8,0.8018726110458374
mixture,dpm2_log,"DPM-2 + corrector, log sigma",10,1,4,0.9,0.9190663695335388
mixture,dpm2_log,"DPM-2 + corrector, log sigma",10,1,4,0.95,0.9696699976921082
mixture,dpm2_log,"DPM-2 + corrector, log sigma",50,1,4,0.5,0.4850433468818664
mixture,dpm2_log,"DPM-2 + corrector, log sigma",50,1,4,0.8,0.8059268593788147
mixture,dpm2_log,"DPM-2 + corrector, log sigma",50,1,4,0.9,0.9138429760932922
mixture,dpm2_log,"DPM-2 + corrector, log sigma",50,1,4,0.95,0.963542938232422
mixture,sigma_log_dpm,"Sigma-space DPM-1, log sigma",10,1,5,0.5,0.5302292704582214
mixture,sigma_log_dpm,"Sigma-space DPM-1, log sigma",10,1,5,0.8,0.8385945558547974
mixture,sigma_log_dpm,"Sigma-space DPM-1, log sigma",10,1,5,0.9,0.9321978092193604
mixture,sigma_log_dpm,"Sigma-space DPM-1, log sigma",10,1,5,0.95,0.9728636741638184
mixture,sigma_log_dpm,"Sigma-space DPM-1, log sigma",50,1,5,0.5,0.5883874893188477
mixture,sigma_log_dpm,"Sigma-space DPM-1, log sigma",50,1,5,0.8,0.8859493732452393
mixture,sigma_log_dpm,"Sigma-space DPM-1, log sigma",50,1,5,0.9,0.959560751914978
mixture,sigma_log_dpm,"Sigma-space DPM-1, log sigma",50,1,5,0.95,0.9863283634185792
mixture,dpm2_log,"DPM-2 + corrector, log sigma",10,1,5,0.5,0.6379889249801636
mixture,dpm2_log,"DPM-2 + corrector, log sigma",10,1,5,0.8,0.9217692613601683
mixture,dpm2_log,"DPM-2 + corrector, log sigma",10,1,5,0.9,0.9777652025222778
mixture,dpm2_log,"DPM-2 + corrector, log sigma",10,1,5,0.95,0.9940655827522278
mixture,dpm2_log,"DPM-2 + corrector, log sigma",50,1,5,0.5,0.6286784410476685
mixture,dpm2_log,"DPM-2 + corrector, log sigma",50,1,5,0.8,0.9111416935920716
mixture,dpm2_log,"DPM-2 + corrector, log sigma",50,1,5,0.9,0.9712372422218324
mixture,dpm2_log,"DPM-2 + corrector, log sigma",50,1,5,0.95,0.9909205436706544
mixture,sigma_log_dpm,"Sigma-space DPM-1, log sigma",10,1,6,0.5,0.5443772077560425
mixture,sigma_log_dpm,"Sigma-space DPM-1, log sigma",10,1,6,0.8,0.8543456792831421
mixture,sigma_log_dpm,"Sigma-space DPM-1, log sigma",10,1,6,0.9,0.9428560733795166
mixture,sigma_log_dpm,"Sigma-space DPM-1, log sigma",10,1,6,0.95,0.9787378311157228
mixture,sigma_log_dpm,"Sigma-space DPM-1, log sigma",50,1,6,0.5,0.5950026512145996
mixture,sigma_log_dpm,"Sigma-space DPM-1, log sigma",50,1,6,0.8,0.8936102986335754
mixture,sigma_log_dpm,"Sigma-space DPM-1, log sigma",50,1,6,0.9,0.9645858407020568
mixture,sigma_log_dpm,"Sigma-space DPM-1, log sigma",50,1,6,0.95,0.988926887512207
mixture,dpm2_log,"DPM-2 + corrector, log sigma",10,1,6,0.5,0.6692017316818237
mixture,dpm2_log,"DPM-2 + corrector, log sigma",10,1,6,0.8,0.9377691149711608
mixture,dpm2_log,"DPM-2 + corrector, log sigma",10,1,6,0.9,0.9840141534805298
mixture,dpm2_log,"DPM-2 + corrector, log sigma",10,1,6,0.95,0.9961239695549012
mixture,dpm2_log,"DPM-2 + corrector, log sigma",50,1,6,0.5,0.6606680154800415
mixture,dpm2_log,"DPM-2 + corrector, log sigma",50,1,6,0.8,0.9306901097297668
mixture,dpm2_log,"DPM-2 + corrector, log sigma",50,1,6,0.9,0.9803171157836914
mixture,dpm2_log,"DPM-2 + corrector, log sigma",50,1,6,0.95,0.9945706129074096
mixture,sigma_log_dpm,"Sigma-space DPM-1, log sigma",10,1,7,0.5,0.452579140663147
mixture,sigma_log_dpm,"Sigma-space DPM-1, log sigma",10,1,7,0.8,0.7715286016464233
mixture,sigma_log_dpm,"Sigma-space DPM-1, log sigma",10,1,7,0.9,0.893620491027832
mixture,sigma_log_dpm,"Sigma-space DPM-1, log sigma",10,1,7,0.95,0.9547221660614014
mixture,sigma_log_dpm,"Sigma-space DPM-1, log sigma",50,1,7,0.5,0.4722567200660705
mixture,sigma_log_dpm,"Sigma-space DPM-1, log sigma",50,1,7,0.8,0.7916417121887207
mixture,sigma_log_dpm,"Sigma-space DPM-1, log sigma",50,1,7,0.9,0.90727698802948
mixture,sigma_log_dpm,"Sigma-space DPM-1, log sigma",50,1,7,0.95,0.9624122381210328
mixture,dpm2_log,"DPM-2 + corrector, log sigma",10,1,7,0.5,0.5328561067581177
mixture,dpm2_log,"DPM-2 + corrector, log sigma",10,1,7,0.8,0.8546314835548401
mixture,dpm2_log,"DPM-2 + corrector, log sigma",10,1,7,0.9,0.946291983127594
mixture,dpm2_log,"DPM-2 + corrector, log sigma",10,1,7,0.95,0.9816263318061828
mixture,dpm2_log,"DPM-2 + corrector, log sigma",50,1,7,0.5,0.5415343046188354
mixture,dpm2_log,"DPM-2 + corrector, log sigma",50,1,7,0.8,0.8539215326309204
mixture,dpm2_log,"DPM-2 + corrector, log sigma",50,1,7,0.9,0.9429843425750732
mixture,dpm2_log,"DPM-2 + corrector, log sigma",50,1,7,0.95,0.9788343906402588
mixture,sigma_log_dpm,"Sigma-space DPM-1, log sigma",10,1,8,0.5,0.617803156375885
mixture,sigma_log_dpm,"Sigma-space DPM-1, log sigma",10,1,8,0.8,0.8990902900695801
mixture,sigma_log_dpm,"Sigma-space DPM-1, log sigma",10,1,8,0.9,0.9641051292419434
mixture,sigma_log_dpm,"Sigma-space DPM-1, log sigma",10,1,8,0.95,0.9876179695129396
mixture,sigma_log_dpm,"Sigma-space DPM-1, log sigma",50,1,8,0.5,0.6716387867927551
mixture,sigma_log_dpm,"Sigma-space DPM-1, log sigma",50,1,8,0.8,0.9381519556045532
mixture,sigma_log_dpm,"Sigma-space DPM-1, log sigma",50,1,8,0.9,0.984050154685974
mixture,sigma_log_dpm,"Sigma-space DPM-1, log sigma",50,1,8,0.95,0.9961312413215636
mixture,dpm2_log,"DPM-2 + corrector, log sigma",10,1,8,0.5,0.697502613067627
mixture,dpm2_log,"DPM-2 + corrector, log sigma",10,1,8,0.8,0.950141191482544
mixture,dpm2_log,"DPM-2 + corrector, log sigma",10,1,8,0.9,0.9882951974868774
mixture,dpm2_log,"DPM-2 + corrector, log sigma",10,1,8,0.95,0.9973841309547424
mixture,dpm2_log,"DPM-2 + corrector, log sigma",50,1,8,0.5,0.6951403021812439
mixture,dpm2_log,"DPM-2 + corrector, log sigma",50,1,8,0.8,0.9488133788108826
mixture,dpm2_log,"DPM-2 + corrector, log sigma",50,1,8,0.9,0.9876880645751952
mixture,dpm2_log,"DPM-2 + corrector, log sigma",50,1,8,0.95,0.9971463680267334
mixture,sigma_log_dpm,"Sigma-space DPM-1, log sigma",10,1,9,0.5,0.6818576455116272
mixture,sigma_log_dpm,"Sigma-space DPM-1, log sigma",10,1,9,0.8,0.9425453543663024
mixture,sigma_log_dpm,"Sigma-space DPM-1, log sigma",10,1,9,0.9,0.985379159450531
mixture,sigma_log_dpm,"Sigma-space DPM-1, log sigma",10,1,9,0.95,0.9964221715927124
mixture,sigma_log_dpm,"Sigma-space DPM-1, log sigma",50,1,9,0.5,0.7269263863563538
mixture,sigma_log_dpm,"Sigma-space DPM-1, log sigma",50,1,9,0.8,0.9625453948974608
mixture,sigma_log_dpm,"Sigma-space DPM-1, log sigma",50,1,9,0.9,0.9923913478851318
mixture,sigma_log_dpm,"Sigma-space DPM-1, log sigma",50,1,9,0.95,0.9985191226005554
mixture,dpm2_log,"DPM-2 + corrector, log sigma",10,1,9,0.5,0.7364325523376465
mixture,dpm2_log,"DPM-2 + corrector, log sigma",10,1,9,0.8,0.966456413269043
mixture,dpm2_log,"DPM-2 + corrector, log sigma",10,1,9,0.9,0.993655800819397
mixture,dpm2_log,"DPM-2 + corrector, log sigma",10,1,9,0.95,0.9988617897033693
mixture,dpm2_log,"DPM-2 + corrector, log sigma",50,1,9,0.5,0.6788796186447144
mixture,dpm2_log,"DPM-2 + corrector, log sigma",50,1,9,0.8,0.940481662750244
mixture,dpm2_log,"DPM-2 + corrector, log sigma",50,1,9,0.9,0.9843780398368835
mixture,dpm2_log,"DPM-2 + corrector, log sigma",50,1,9,0.95,0.9960187077522278
mixture,sigma_log_dpm,"Sigma-space DPM-1, log sigma",10,1,10,0.5,0.661086916923523
mixture,sigma_log_dpm,"Sigma-space DPM-1, log sigma",10,1,10,0.8,0.9323432445526124
mixture,sigma_log_dpm,"Sigma-space DPM-1, log sigma",10,1,10,0.9,0.9814704656600952
mixture,sigma_log_dpm,"Sigma-space DPM-1, log sigma",10,1,10,0.95,0.9951393008232116
mixture,sigma_log_dpm,"Sigma-space DPM-1, log sigma",50,1,10,0.5,0.6827532052993774
mixture,sigma_log_dpm,"Sigma-space DPM-1, log sigma",50,1,10,0.8,0.9427155256271362
mixture,sigma_log_dpm,"Sigma-space DPM-1, log sigma",50,1,10,0.9,0.9853502511978148
mixture,sigma_log_dpm,"Sigma-space DPM-1, log sigma",50,1,10,0.95,0.9963806867599488
mixture,dpm2_log,"DPM-2 + corrector, log sigma",10,1,10,0.5,0.730067253112793
mixture,dpm2_log,"DPM-2 + corrector, log sigma",10,1,10,0.8,0.9639664888381958
mixture,dpm2_log,"DPM-2 + corrector, log sigma",10,1,10,0.9,0.992883324623108
mixture,dpm2_log,"DPM-2 + corrector, log sigma",10,1,10,0.95,0.998660922050476
mixture,dpm2_log,"DPM-2 + corrector, log sigma",50,1,10,0.5,0.667451024055481
mixture,dpm2_log,"DPM-2 + corrector, log sigma",50,1,10,0.8,0.934370756149292
mixture,dpm2_log,"DPM-2 + corrector, log sigma",50,1,10,0.9,0.9818547964096068
mixture,dpm2_log,"DPM-2 + corrector, log sigma",50,1,10,0.95,0.9951226711273192
mixture,sigma_log_dpm,"Sigma-space DPM-1, log sigma",10,1,11,0.5,0.5807523727416992
mixture,sigma_log_dpm,"Sigma-space DPM-1, log sigma",10,1,11,0.8,0.8789265155792236
mixture,sigma_log_dpm,"Sigma-space DPM-1, log sigma",10,1,11,0.9,0.9554877281188964
mixture,sigma_log_dpm,"Sigma-space DPM-1, log sigma",10,1,11,0.95,0.9844090938568116
mixture,sigma_log_dpm,"Sigma-space DPM-1, log sigma",50,1,11,0.5,0.6437622904777527
mixture,sigma_log_dpm,"Sigma-space DPM-1, log sigma",50,1,11,0.8,0.9247708916664124
mixture,sigma_log_dpm,"Sigma-space DPM-1, log sigma",50,1,11,0.9,0.9792946577072144
mixture,sigma_log_dpm,"Sigma-space DPM-1, log sigma",50,1,11,0.95,0.9947487711906432
mixture,dpm2_log,"DPM-2 + corrector, log sigma",10,1,11,0.5,0.695136308670044
mixture,dpm2_log,"DPM-2 + corrector, log sigma",10,1,11,0.8,0.9485660195350648
mixture,dpm2_log,"DPM-2 + corrector, log sigma",10,1,11,0.9,0.9876666069030762
mixture,dpm2_log,"DPM-2 + corrector, log sigma",10,1,11,0.95,0.997190535068512
mixture,dpm2_log,"DPM-2 + corrector, log sigma",50,1,11,0.5,0.6601561307907104
mixture,dpm2_log,"DPM-2 + corrector, log sigma",50,1,11,0.8,0.930633544921875
mixture,dpm2_log,"DPM-2 + corrector, log sigma",50,1,11,0.9,0.9803773164749146
mixture,dpm2_log,"DPM-2 + corrector, log sigma",50,1,11,0.95,0.9946247339248656
mixture,sigma_log_dpm,"Sigma-space DPM-1, log sigma",10,1,12,0.5,0.5483615398406982
mixture,sigma_log_dpm,"Sigma-space DPM-1, log sigma",10,1,12,0.8,0.861244261264801
mixture,sigma_log_dpm,"Sigma-space DPM-1, log sigma",10,1,12,0.9,0.9490392804145812
mixture,sigma_log_dpm,"Sigma-space DPM-1, log sigma",10,1,12,0.95,0.982791781425476
mixture,sigma_log_dpm,"Sigma-space DPM-1, log sigma",50,1,12,0.5,0.5979481339454651
mixture,sigma_log_dpm,"Sigma-space DPM-1, log sigma",50,1,12,0.8,0.8937127590179443
mixture,sigma_log_dpm,"Sigma-space DPM-1, log sigma",50,1,12,0.9,0.9650001525878906
mixture,sigma_log_dpm,"Sigma-space DPM-1, log sigma",50,1,12,0.95,0.9894259572029114
mixture,dpm2_log,"DPM-2 + corrector, log sigma",10,1,12,0.5,0.669700562953949
mixture,dpm2_log,"DPM-2 + corrector, log sigma",10,1,12,0.8,0.9349568486213684
mixture,dpm2_log,"DPM-2 + corrector, log sigma",10,1,12,0.9,0.9824745655059814
mixture,dpm2_log,"DPM-2 + corrector, log sigma",10,1,12,0.95,0.9955770969390868
mixture,dpm2_log,"DPM-2 + corrector, log sigma",50,1,12,0.5,0.6520586013793945
mixture,dpm2_log,"DPM-2 + corrector, log sigma",50,1,12,0.8,0.9241620898246764
mixture,dpm2_log,"DPM-2 + corrector, log sigma",50,1,12,0.9,0.9768452644348145
mixture,dpm2_log,"DPM-2 + corrector, log sigma",50,1,12,0.95,0.993017077445984
mixture,sigma_log_dpm,"Sigma-space DPM-1, log sigma",10,1,13,0.5,0.6435856819152832
mixture,sigma_log_dpm,"Sigma-space DPM-1, log sigma",10,1,13,0.8,0.9214069247245787
mixture,sigma_log_dpm,"Sigma-space DPM-1, log sigma",10,1,13,0.9,0.9764326810836792
mixture,sigma_log_dpm,"Sigma-space DPM-1, log sigma",10,1,13,0.95,0.993173122406006
mixture,sigma_log_dpm,"Sigma-space DPM-1, log sigma",50,1,13,0.5,0.697651743888855
mixture,sigma_log_dpm,"Sigma-space DPM-1, log sigma",50,1,13,0.8,0.9500970840454102
mixture,sigma_log_dpm,"Sigma-space DPM-1, log sigma",50,1,13,0.9,0.9881914854049684
mixture,sigma_log_dpm,"Sigma-space DPM-1, log sigma",50,1,13,0.95,0.9973139762878418
mixture,dpm2_log,"DPM-2 + corrector, log sigma",10,1,13,0.5,0.6878634691238403
mixture,dpm2_log,"DPM-2 + corrector, log sigma",10,1,13,0.8,0.9456428289413452
mixture,dpm2_log,"DPM-2 + corrector, log sigma",10,1,13,0.9,0.986560583114624
mixture,dpm2_log,"DPM-2 + corrector, log sigma",10,1,13,0.95,0.9967938661575316
mixture,dpm2_log,"DPM-2 + corrector, log sigma",50,1,13,0.5,0.6347866058349609
mixture,dpm2_log,"DPM-2 + corrector, log sigma",50,1,13,0.8,0.9145535230636596
mixture,dpm2_log,"DPM-2 + corrector, log sigma",50,1,13,0.9,0.9726796746253968
mixture,dpm2_log,"DPM-2 + corrector, log sigma",50,1,13,0.95,0.9914351105690002
mixture,sigma_log_dpm,"Sigma-space DPM-1, log sigma",10,1,14,0.5,0.585780143737793
mixture,sigma_log_dpm,"Sigma-space DPM-1, log sigma",10,1,14,0.8,0.8868708610534668
mixture,sigma_log_dpm,"Sigma-space DPM-1, log sigma",10,1,14,0.9,0.9608364701271056
mixture,sigma_log_dpm,"Sigma-space DPM-1, log sigma",10,1,14,0.95,0.9871319532394408
mixture,sigma_log_dpm,"Sigma-space DPM-1, log sigma",50,1,14,0.5,0.6541845798492432
mixture,sigma_log_dpm,"Sigma-space DPM-1, log sigma",50,1,14,0.8,0.9303772449493408
mixture,sigma_log_dpm,"Sigma-space DPM-1, log sigma",50,1,14,0.9,0.981208324432373
mixture,sigma_log_dpm,"Sigma-space DPM-1, log sigma",50,1,14,0.95,0.9952223300933838
mixture,dpm2_log,"DPM-2 + corrector, log sigma",10,1,14,0.5,0.6472282409667969
mixture,dpm2_log,"DPM-2 + corrector, log sigma",10,1,14,0.8,0.924641251564026
mixture,dpm2_log,"DPM-2 + corrector, log sigma",10,1,14,0.9,0.9782360196113586
mixture,dpm2_log,"DPM-2 + corrector, log sigma",10,1,14,0.95,0.993986964225769
mixture,dpm2_log,"DPM-2 + corrector, log sigma",50,1,14,0.5,0.6293857097625732
mixture,dpm2_log,"DPM-2 + corrector, log sigma",50,1,14,0.8,0.911197543144226
mixture,dpm2_log,"DPM-2 + corrector, log sigma",50,1,14,0.9,0.971095860004425
mixture,dpm2_log,"DPM-2 + corrector, log sigma",50,1,14,0.95,0.990786910057068
mixture,sigma_log_dpm,"Sigma-space DPM-1, log sigma",10,1,15,0.5,0.6363525986671448
mixture,sigma_log_dpm,"Sigma-space DPM-1, log sigma",10,1,15,0.8,0.9163606762886048
mixture,sigma_log_dpm,"Sigma-space DPM-1, log sigma",10,1,15,0.9,0.9738721251487732
mixture,sigma_log_dpm,"Sigma-space DPM-1, log sigma",10,1,15,0.95,0.9920666217803956
mixture,sigma_log_dpm,"Sigma-space DPM-1, log sigma",50,1,15,0.5,0.7124308347702026
mixture,sigma_log_dpm,"Sigma-space DPM-1, log sigma",50,1,15,0.8,0.9572339057922364
mixture,sigma_log_dpm,"Sigma-space DPM-1, log sigma",50,1,15,0.9,0.9908300638198853
mixture,sigma_log_dpm,"Sigma-space DPM-1, log sigma",50,1,15,0.95,0.9981340169906616
mixture,dpm2_log,"DPM-2 + corrector, log sigma",10,1,15,0.5,0.6820924878120422
mixture,dpm2_log,"DPM-2 + corrector, log sigma",10,1,15,0.8,0.9425870776176452
mixture,dpm2_log,"DPM-2 + corrector, log sigma",10,1,15,0.9,0.9853693246841432
mixture,dpm2_log,"DPM-2 + corrector, log sigma",10,1,15,0.95,0.9964098930358888
mixture,dpm2_log,"DPM-2 + corrector, log sigma",50,1,15,0.5,0.6405452489852905
mixture,dpm2_log,"DPM-2 + corrector, log sigma",50,1,15,0.8,0.9183427691459656
mixture,dpm2_log,"DPM-2 + corrector, log sigma",50,1,15,0.9,0.9745619893074036
mixture,dpm2_log,"DPM-2 + corrector, log sigma",50,1,15,0.95,0.9922487139701844
mixture,sigma_log_dpm,"Sigma-space DPM-1, log sigma",10,2,0,0.5,0.5657280683517456
mixture,sigma_log_dpm,"Sigma-space DPM-1, log sigma",10,2,0,0.8,0.8693757057189941
mixture,sigma_log_dpm,"Sigma-space DPM-1, log sigma",10,2,0,0.9,0.9504031538963318
mixture,sigma_log_dpm,"Sigma-space DPM-1, log sigma",10,2,0,0.95,0.9819025993347168
mixture,sigma_log_dpm,"Sigma-space DPM-1, log sigma",50,2,0,0.5,0.6130774021148682
mixture,sigma_log_dpm,"Sigma-space DPM-1, log sigma",50,2,0,0.8,0.9073982238769532
mixture,sigma_log_dpm,"Sigma-space DPM-1, log sigma",50,2,0,0.9,0.9715116024017334
mixture,sigma_log_dpm,"Sigma-space DPM-1, log sigma",50,2,0,0.95,0.9917531609535216
mixture,dpm2_log,"DPM-2 + corrector, log sigma",10,2,0,0.5,0.6178924441337585
mixture,dpm2_log,"DPM-2 + corrector, log sigma",10,2,0,0.8,0.9096148610115052
mixture,dpm2_log,"DPM-2 + corrector, log sigma",10,2,0,0.9,0.9722751379013062
mixture,dpm2_log,"DPM-2 + corrector, log sigma",10,2,0,0.95,0.9919610619544984
mixture,dpm2_log,"DPM-2 + corrector, log sigma",50,2,0,0.5,0.6263432502746582
mixture,dpm2_log,"DPM-2 + corrector, log sigma",50,2,0,0.8,0.9095685482025146
mixture,dpm2_log,"DPM-2 + corrector, log sigma",50,2,0,0.9,0.9704439043998718
mixture,dpm2_log,"DPM-2 + corrector, log sigma",50,2,0,0.95,0.9905740022659302
mixture,sigma_log_dpm,"Sigma-space DPM-1, log sigma",10,2,1,0.5,0.5434043407440186
mixture,sigma_log_dpm,"Sigma-space DPM-1, log sigma",10,2,1,0.8,0.8501471877098083
mixture,sigma_log_dpm,"Sigma-space DPM-1, log sigma",10,2,1,0.9,0.9391152858734132
mixture,sigma_log_dpm,"Sigma-space DPM-1, log sigma",10,2,1,0.95,0.9763456583023072
mixture,sigma_log_dpm,"Sigma-space DPM-1, log sigma",50,2,1,0.5,0.5697336196899414
mixture,sigma_log_dpm,"Sigma-space DPM-1, log sigma",50,2,1,0.8,0.8755674362182617
mixture,sigma_log_dpm,"Sigma-space DPM-1, log sigma",50,2,1,0.9,0.9553258419036864
mixture,sigma_log_dpm,"Sigma-space DPM-1, log sigma",50,2,1,0.95,0.9849223494529724
mixture,dpm2_log,"DPM-2 + corrector, log sigma",10,2,1,0.5,0.6136401891708374
mixture,dpm2_log,"DPM-2 + corrector, log sigma",10,2,1,0.8,0.9027206301689148
mixture,dpm2_log,"DPM-2 + corrector, log sigma",10,2,1,0.9,0.9676832556724548
mixture,dpm2_log,"DPM-2 + corrector, log sigma",10,2,1,0.95,0.9896580576896667
mixture,dpm2_log,"DPM-2 + corrector, log sigma",50,2,1,0.5,0.616949737071991
mixture,dpm2_log,"DPM-2 + corrector, log sigma",50,2,1,0.8,0.90361750125885
mixture,dpm2_log,"DPM-2 + corrector, log sigma",50,2,1,0.9,0.9675604104995728
mixture,dpm2_log,"DPM-2 + corrector, log sigma",50,2,1,0.95,0.9893492460250854
mixture,sigma_log_dpm,"Sigma-space DPM-1, log sigma",10,2,2,0.5,0.5348069667816162
mixture,sigma_log_dpm,"Sigma-space DPM-1, log sigma",10,2,2,0.8,0.8481312990188599
mixture,sigma_log_dpm,"Sigma-space DPM-1, log sigma",10,2,2,0.9,0.9396089911460876
mixture,sigma_log_dpm,"Sigma-space DPM-1, log sigma",10,2,2,0.95,0.9771898984909058
mixture,sigma_log_dpm,"Sigma-space DPM-1, log sigma",50,2,2,0.5,0.5845441818237305
mixture,sigma_log_dpm,"Sigma-space DPM-1, log sigma",50,2,2,0.8,0.8869752883911133
mixture,sigma_log_dpm,"Sigma-space DPM-1, log sigma",50,2,2,0.9,0.96116840839386
mixture,sigma_log_dpm,"Sigma-space DPM-1, log sigma",50,2,2,0.95,0.9873614311218262
mixture,dpm2_log,"DPM-2 + corrector, log sigma",10,2,2,0.5,0.6547459363937378
mixture,dpm2_log,"DPM-2 + corrector, log sigma",10,2,2,0.8,0.9296693205833436
mixture,dpm2_log,"DPM-2 + corrector, log sigma",10,2,2,0.9,0.9806106090545654
mixture,dpm2_log,"DPM-2 + corrector, log sigma",10,2,2,0.95,0.9949184656143188
mixture,dpm2_log,"DPM-2 + corrector, log sigma",50,2,2,0.5,0.6263145208358765
mixture,dpm2_log,"DPM-2 + corrector, log sigma",50,2,2,0.8,0.9090521931648254
mixture,dpm2_log,"DPM-2 + corrector, log sigma",50,2,2,0.9,0.9699708223342896
mixture,dpm2_log,"DPM-2 + corrector, log sigma",50,2,2,0.95,0.9902714490890504
mixture,sigma_log_dpm,"Sigma-space DPM-1, log sigma",10,2,3,0.5,0.335578054189682
mixture,sigma_log_dpm,"Sigma-space DPM-1, log sigma",10,2,3,0.8,0.6793544292449951
mixture,sigma_log_dpm,"Sigma-space DPM-1, log sigma",10,2,3,0.9,0.8380285501480103
mixture,sigma_log_dpm,"Sigma-space DPM-1, log sigma",10,2,3,0.95,0.9247504472732544
mixture,sigma_log_dpm,"Sigma-space DPM-1, log sigma",50,2,3,0.5,0.3697766959667206
mixture,sigma_log_dpm,"Sigma-space DPM-1, log sigma",50,2,3,0.8,0.7212417125701904
mixture,sigma_log_dpm,"Sigma-space DPM-1, log sigma",50,2,3,0.9,0.8694625496864319
mixture,sigma_log_dpm,"Sigma-space DPM-1, log sigma",50,2,3,0.95,0.944092869758606
mixture,dpm2_log,"DPM-2 + corrector, log sigma",10,2,3,0.5,0.4759076833724975
mixture,dpm2_log,"DPM-2 + corrector, log sigma",10,2,3,0.8,0.8210846781730652
mixture,dpm2_log,"DPM-2 + corrector, log sigma",10,2,3,0.9,0.9312391877174376
mixture,dpm2_log,"DPM-2 + corrector, log sigma",10,2,3,0.95,0.9757689237594604
mixture,dpm2_log,"DPM-2 + corrector, log sigma",50,2,3,0.5,0.5080245137214661
mixture,dpm2_log,"DPM-2 + corrector, log sigma",50,2,3,0.8,0.826096773147583
mixture,dpm2_log,"DPM-2 + corrector, log sigma",50,2,3,0.9,0.9264860153198242
mixture,dpm2_log,"DPM-2 + corrector, log sigma",50,2,3,0.95,0.9704252481460572
mixture,sigma_log_dpm,"Sigma-space DPM-1, log sigma",10,2,4,0.5,0.3063817620277405
mixture,sigma_log_dpm,"Sigma-space DPM-1, log sigma",10,2,4,0.8,0.6185735464096069
mixture,sigma_log_dpm,"Sigma-space DPM-1, log sigma",10,2,4,0.9,0.7787072062492371
mixture,sigma_log_dpm,"Sigma-space DPM-1, log sigma",10,2,4,0.95,0.8794626593589783
mixture,sigma_log_dpm,"Sigma-space DPM-1, log sigma",50,2,4,0.5,0.4002296924591064
mixture,sigma_log_dpm,"Sigma-space DPM-1, log sigma",50,2,4,0.8,0.7334270477294922
mixture,sigma_log_dpm,"Sigma-space DPM-1, log sigma",50,2,4,0.9,0.8693171143531799
mixture,sigma_log_dpm,"Sigma-space DPM-1, log sigma",50,2,4,0.95,0.94010591506958
mixture,dpm2_log,"DPM-2 + corrector, log sigma",10,2,4,0.5,0.4223960638046264
mixture,dpm2_log,"DPM-2 + corrector, log sigma",10,2,4,0.8,0.7635743618011475
mixture,dpm2_log,"DPM-2 + corrector, log sigma",10,2,4,0.9,0.8934551477432251
mixture,dpm2_log,"DPM-2 + corrector, log sigma",10,2,4,0.95,0.9555999636650084
mixture,dpm2_log,"DPM-2 + corrector, log sigma",50,2,4,0.5,0.5075491666793823
mixture,dpm2_log,"DPM-2 + corrector, log sigma",50,2,4,0.8,0.8208649158477783
mixture,dpm2_log,"DPM-2 + corrector, log sigma",50,2,4,0.9,0.921212911605835
mixture,dpm2_log,"DPM-2 + corrector, log sigma",50,2,4,0.95,0.9666666984558104
mixture,sigma_log_dpm,"Sigma-space DPM-1, log sigma",10,2,5,0.5,0.542254626750946
mixture,sigma_log_dpm,"Sigma-space DPM-1, log sigma",10,2,5,0.8,0.8422723412513733
mixture,sigma_log_dpm,"Sigma-space DPM-1, log sigma",10,2,5,0.9,0.9313559532165528
mixture,sigma_log_dpm,"Sigma-space DPM-1, log sigma",10,2,5,0.95,0.9709062576293944
mixture,sigma_log_dpm,"Sigma-space DPM-1, log sigma",50,2,5,0.5,0.5549059510231018
mixture,sigma_log_dpm,"Sigma-space DPM-1, log sigma",50,2,5,0.8,0.8586267232894897
mixture,sigma_log_dpm,"Sigma-space DPM-1, log sigma",50,2,5,0.9,0.9438272714614868
mixture,sigma_log_dpm,"Sigma-space DPM-1, log sigma",50,2,5,0.95,0.9786429405212402
mixture,dpm2_log,"DPM-2 + corrector, log sigma",10,2,5,0.5,0.6058405637741089
mixture,dpm2_log,"DPM-2 + corrector, log sigma",10,2,5,0.8,0.8973059058189392
mixture,dpm2_log,"DPM-2 + corrector, log sigma",10,2,5,0.9,0.9649085998535156
mixture,dpm2_log,"DPM-2 + corrector, log sigma",10,2,5,0.95,0.9884366989135742
mixture,dpm2_log,"DPM-2 + corrector, log sigma",50,2,5,0.5,0.6009706258773804
mixture,dpm2_log,"DPM-2 + corrector, log sigma",50,2,5,0.8,0.8919034004211426
mixture,dpm2_log,"DPM-2 + corrector, log sigma",50,2,5,0.9,0.961225688457489
mixture,dpm2_log,"DPM-2 + corrector, log sigma",50,2,5,0.95,0.9863794445991516
mixture,sigma_log_dpm,"Sigma-space DPM-1, log sigma",10,2,6,0.5,0.5385529398918152
mixture,sigma_log_dpm,"Sigma-space DPM-1, log sigma",10,2,6,0.8,0.8500804305076599
mixture,sigma_log_dpm,"Sigma-space DPM-1, log sigma",10,2,6,0.9,0.9407110214233398
mixture,sigma_log_dpm,"Sigma-space DPM-1, log sigma",10,2,6,0.95,0.977857232093811
mixture,sigma_log_dpm,"Sigma-space DPM-1, log sigma",50,2,6,0.5,0.5531207323074341
mixture,sigma_log_dpm,"Sigma-space DPM-1, log sigma",50,2,6,0.8,0.861930787563324
mixture,sigma_log_dpm,"Sigma-space DPM-1, log sigma",50,2,6,0.9,0.9475432634353638
mixture,sigma_log_dpm,"Sigma-space DPM-1, log sigma",50,2,6,0.95,0.9811987280845642
mixture,dpm2_log,"DPM-2 + corrector, log sigma",10,2,6,0.5,0.628693163394928
mixture,dpm2_log,"DPM-2 + corrector, log sigma",10,2,6,0.8,0.9125419855117798
mixture,dpm2_log,"DPM-2 + corrector, log sigma",10,2,6,0.9,0.9724989533424376
mixture,dpm2_log,"DPM-2 + corrector, log sigma",10,2,6,0.95,0.9916942119598388
mixture,dpm2_log,"DPM-2 + corrector, log sigma",50,2,6,0.5,0.6270176768302917
mixture,dpm2_log,"DPM-2 + corrector, log sigma",50,2,6,0.8,0.9098485112190248
mixture,dpm2_log,"DPM-2 + corrector, log sigma",50,2,6,0.9,0.970516800880432
mixture,dpm2_log,"DPM-2 + corrector, log sigma",50,2,6,0.95,0.990577757358551
mixture,sigma_log_dpm,"Sigma-space DPM-1, log sigma",10,2,7,0.5,0.3795226514339447
mixture,sigma_log_dpm,"Sigma-space DPM-1, log sigma",10,2,7,0.8,0.6964825391769409
mixture,sigma_log_dpm,"Sigma-space DPM-1, log sigma",10,2,7,0.9,0.8401544094085693
mixture,sigma_log_dpm,"Sigma-space DPM-1, log sigma",10,2,7,0.95,0.9224741458892822
mixture,sigma_log_dpm,"Sigma-space DPM-1, log sigma",50,2,7,0.5,0.4079517126083374
mixture,sigma_log_dpm,"Sigma-space DPM-1, log sigma",50,2,7,0.8,0.7382627129554749
mixture,sigma_log_dpm,"Sigma-space DPM-1, log sigma",50,2,7,0.9,0.8752244710922241
mixture,sigma_log_dpm,"Sigma-space DPM-1, log sigma",50,2,7,0.95,0.9459697008132936
mixture,dpm2_log,"DPM-2 + corrector, log sigma",10,2,7,0.5,0.4762520790100097
mixture,dpm2_log,"DPM-2 + corrector, log sigma",10,2,7,0.8,0.8172261714935303
mixture,dpm2_log,"DPM-2 + corrector, log sigma",10,2,7,0.9,0.9287747144699096
mixture,dpm2_log,"DPM-2 + corrector, log sigma",10,2,7,0.95,0.974831223487854
mixture,dpm2_log,"DPM-2 + corrector, log sigma",50,2,7,0.5,0.5242041945457458
mixture,dpm2_log,"DPM-2 + corrector, log sigma",50,2,7,0.8,0.8388153910636902
mixture,dpm2_log,"DPM-2 + corrector, log sigma",50,2,7,0.9,0.9337078332901
mixture,dpm2_log,"DPM-2 + corrector, log sigma",50,2,7,0.95,0.9739569425582886
mixture,sigma_log_dpm,"Sigma-space DPM-1, log sigma",10,2,8,0.5,0.5958471298217773
mixture,sigma_log_dpm,"Sigma-space DPM-1, log sigma",10,2,8,0.8,0.8929464817047119
mixture,sigma_log_dpm,"Sigma-space DPM-1, log sigma",10,2,8,0.9,0.9637377858161926
mixture,sigma_log_dpm,"Sigma-space DPM-1, log sigma",10,2,8,0.95,0.9883606433868408
mixture,sigma_log_dpm,"Sigma-space DPM-1, log sigma",50,2,8,0.5,0.6313948631286621
mixture,sigma_log_dpm,"Sigma-space DPM-1, log sigma",50,2,8,0.8,0.9157683849334716
mixture,sigma_log_dpm,"Sigma-space DPM-1, log sigma",50,2,8,0.9,0.9745512008666992
mixture,sigma_log_dpm,"Sigma-space DPM-1, log sigma",50,2,8,0.95,0.9927077293395996
mixture,dpm2_log,"DPM-2 + corrector, log sigma",10,2,8,0.5,0.6692720055580139
mixture,dpm2_log,"DPM-2 + corrector, log sigma",10,2,8,0.8,0.9365183115005492
mixture,dpm2_log,"DPM-2 + corrector, log sigma",10,2,8,0.9,0.9831675887107848
mixture,dpm2_log,"DPM-2 + corrector, log sigma",10,2,8,0.95,0.995741844177246
mixture,dpm2_log,"DPM-2 + corrector, log sigma",50,2,8,0.5,0.6080063581466675
mixture,dpm2_log,"DPM-2 + corrector, log sigma",50,2,8,0.8,0.8962616324424744
mixture,dpm2_log,"DPM-2 + corrector, log sigma",50,2,8,0.9,0.9632771015167236
mixture,dpm2_log,"DPM-2 + corrector, log sigma",50,2,8,0.95,0.9872162342071532
mixture,sigma_log_dpm,"Sigma-space DPM-1, log sigma",10,2,9,0.5,0.6276422739028931
mixture,sigma_log_dpm,"Sigma-space DPM-1, log sigma",10,2,9,0.8,0.9100589752197266
mixture,sigma_log_dpm,"Sigma-space DPM-1, log sigma",10,2,9,0.9,0.970539927482605
mixture,sigma_log_dpm,"Sigma-space DPM-1, log sigma",10,2,9,0.95,0.990553379058838
mixture,sigma_log_dpm,"Sigma-space DPM-1, log sigma",50,2,9,0.5,0.6816917657852173
mixture,sigma_log_dpm,"Sigma-space DPM-1, log sigma",50,2,9,0.8,0.9424158334732056
mixture,sigma_log_dpm,"Sigma-space DPM-1, log sigma",50,2,9,0.9,0.9853121042251588
mixture,sigma_log_dpm,"Sigma-space DPM-1, log sigma",50,2,9,0.95,0.9963939785957336
mixture,dpm2_log,"DPM-2 + corrector, log sigma",10,2,9,0.5,0.6780470609664917
mixture,dpm2_log,"DPM-2 + corrector, log sigma",10,2,9,0.8,0.9402772188186646
mixture,dpm2_log,"DPM-2 + corrector, log sigma",10,2,9,0.9,0.9843769669532776
mixture,dpm2_log,"DPM-2 + corrector, log sigma",10,2,9,0.95,0.9960479736328124
mixture,dpm2_log,"DPM-2 + corrector, log sigma",50,2,9,0.5,0.6455972194671631
mixture,dpm2_log,"DPM-2 + corrector, log sigma",50,2,9,0.8,0.92148756980896
mixture,dpm2_log,"DPM-2 + corrector, log sigma",50,2,9,0.9,0.9760489463806152
mixture,dpm2_log,"DPM-2 + corrector, log sigma",50,2,9,0.95,0.9928586483001708
mixture,sigma_log_dpm,"Sigma-space DPM-1, log sigma",10,2,10,0.5,0.6292301416397095
mixture,sigma_log_dpm,"Sigma-space DPM-1, log sigma",10,2,10,0.8,0.912206768989563
mixture,sigma_log_dpm,"Sigma-space DPM-1, log sigma",10,2,10,0.9,0.9719905853271484
mixture,sigma_log_dpm,"Sigma-space DPM-1, log sigma",10,2,10,0.95,0.9913183450698853
mixture,sigma_log_dpm,"Sigma-space DPM-1, log sigma",50,2,10,0.5,0.6522018313407898
mixture,sigma_log_dpm,"Sigma-space DPM-1, log sigma",50,2,10,0.8,0.92705237865448
mixture,sigma_log_dpm,"Sigma-space DPM-1, log sigma",50,2,10,0.9,0.9791359901428224
mixture,sigma_log_dpm,"Sigma-space DPM-1, log sigma",50,2,10,0.95,0.9942697286605836
mixture,dpm2_log,"DPM-2 + corrector, log sigma",10,2,10,0.5,0.6995395421981812
mixture,dpm2_log,"DPM-2 + corrector, log sigma",10,2,10,0.8,0.9509356021881104
mixture,dpm2_log,"DPM-2 + corrector, log sigma",10,2,10,0.9,0.9884839057922364
mixture,dpm2_log,"DPM-2 + corrector, log sigma",10,2,10,0.95,0.9974003434181212
mixture,dpm2_log,"DPM-2 + corrector, log sigma",50,2,10,0.5,0.6323762536048889
mixture,dpm2_log,"DPM-2 + corrector, log sigma",50,2,10,0.8,0.9129037261009216
mixture,dpm2_log,"DPM-2 + corrector, log sigma",50,2,10,0.9,0.9718317985534668
mixture,dpm2_log,"DPM-2 + corrector, log sigma",50,2,10,0.95,0.9910554885864258
mixture,sigma_log_dpm,"Sigma-space DPM-1, log sigma",10,2,11,0.5,0.5796954035758972
mixture,sigma_log_dpm,"Sigma-space DPM-1, log sigma",10,2,11,0.8,0.8820576667785645
mixture,sigma_log_dpm,"Sigma-space DPM-1, log sigma",10,2,11,0.9,0.95851069688797
mixture,sigma_log_dpm,"Sigma-space DPM-1, log sigma",10,2,11,0.95,0.9862678050994872
mixture,sigma_log_dpm,"Sigma-space DPM-1, log sigma",50,2,11,0.5,0.5754804015159607
mixture,sigma_log_dpm,"Sigma-space DPM-1, log sigma",50,2,11,0.8,0.8755028247833252
mixture,sigma_log_dpm,"Sigma-space DPM-1, log sigma",50,2,11,0.9,0.954264521598816
mixture,sigma_log_dpm,"Sigma-space DPM-1, log sigma",50,2,11,0.95,0.9842005968093872
mixture,dpm2_log,"DPM-2 + corrector, log sigma",10,2,11,0.5,0.6621224880218506
mixture,dpm2_log,"DPM-2 + corrector, log sigma",10,2,11,0.8,0.9330209493637084
mixture,dpm2_log,"DPM-2 + corrector, log sigma",10,2,11,0.9,0.9818425178527832
mixture,dpm2_log,"DPM-2 + corrector, log sigma",10,2,11,0.95,0.9953153133392334
mixture,dpm2_log,"DPM-2 + corrector, log sigma",50,2,11,0.5,0.6147112250328064
mixture,dpm2_log,"DPM-2 + corrector, log sigma",50,2,11,0.8,0.9011000990867616
mixture,dpm2_log,"DPM-2 + corrector, log sigma",50,2,11,0.9,0.9658905267715454
mixture,dpm2_log,"DPM-2 + corrector, log sigma",50,2,11,0.95,0.9884524941444396
mixture,sigma_log_dpm,"Sigma-space DPM-1, log sigma",10,2,12,0.5,0.5198235511779785
mixture,sigma_log_dpm,"Sigma-space DPM-1, log sigma",10,2,12,0.8,0.8343288898468018
mixture,sigma_log_dpm,"Sigma-space DPM-1, log sigma",10,2,12,0.9,0.9323949217796326
mixture,sigma_log_dpm,"Sigma-space DPM-1, log sigma",10,2,12,0.95,0.9743911027908324
mixture,sigma_log_dpm,"Sigma-space DPM-1, log sigma",50,2,12,0.5,0.541153073310852
mixture,sigma_log_dpm,"Sigma-space DPM-1, log sigma",50,2,12,0.8,0.8496296405792236
mixture,sigma_log_dpm,"Sigma-space DPM-1, log sigma",50,2,12,0.9,0.940136730670929
mixture,sigma_log_dpm,"Sigma-space DPM-1, log sigma",50,2,12,0.95,0.977647602558136
mixture,dpm2_log,"DPM-2 + corrector, log sigma",10,2,12,0.5,0.6312709450721741
mixture,dpm2_log,"DPM-2 + corrector, log sigma",10,2,12,0.8,0.9165599942207336
mixture,dpm2_log,"DPM-2 + corrector, log sigma",10,2,12,0.9,0.9752216339111328
mixture,dpm2_log,"DPM-2 + corrector, log sigma",10,2,12,0.95,0.9930744171142578
mixture,dpm2_log,"DPM-2 + corrector, log sigma",50,2,12,0.5,0.621475875377655
mixture,dpm2_log,"DPM-2 + corrector, log sigma",50,2,12,0.8,0.9058781862258912
mixture,dpm2_log,"DPM-2 + corrector, log sigma",50,2,12,0.9,0.9684133529663086
mixture,dpm2_log,"DPM-2 + corrector, log sigma",50,2,12,0.95,0.9896135330200196
mixture,sigma_log_dpm,"Sigma-space DPM-1, log sigma",10,2,13,0.5,0.6255991458892822
mixture,sigma_log_dpm,"Sigma-space DPM-1, log sigma",10,2,13,0.8,0.9098948240280152
mixture,sigma_log_dpm,"Sigma-space DPM-1, log sigma",10,2,13,0.9,0.9709115028381348
mixture,sigma_log_dpm,"Sigma-space DPM-1, log sigma",10,2,13,0.95,0.9908945560455322
mixture,sigma_log_dpm,"Sigma-space DPM-1, log sigma",50,2,13,0.5,0.639561653137207
mixture,sigma_log_dpm,"Sigma-space DPM-1, log sigma",50,2,13,0.8,0.919303297996521
mixture,sigma_log_dpm,"Sigma-space DPM-1, log sigma",50,2,13,0.9,0.9755858778953552
mixture,sigma_log_dpm,"Sigma-space DPM-1, log sigma",50,2,13,0.95,0.9928820729255676
mixture,dpm2_log,"DPM-2 + corrector, log sigma",10,2,13,0.5,0.659228503704071
mixture,dpm2_log,"DPM-2 + corrector, log sigma",10,2,13,0.8,0.9300734400749208
mixture,dpm2_log,"DPM-2 + corrector, log sigma",10,2,13,0.9,0.9801186323165894
mixture,dpm2_log,"DPM-2 + corrector, log sigma",10,2,13,0.95,0.9945212006568908
mixture,dpm2_log,"DPM-2 + corrector, log sigma",50,2,13,0.5,0.6226502060890198
mixture,dpm2_log,"DPM-2 + corrector, log sigma",50,2,13,0.8,0.9066545963287354
mixture,dpm2_log,"DPM-2 + corrector, log sigma",50,2,13,0.9,0.9687938690185548
mixture,dpm2_log,"DPM-2 + corrector, log sigma",50,2,13,0.95,0.9897726774215698
mixture,sigma_log_dpm,"Sigma-space DPM-1, log sigma",10,2,14,0.5,0.5895464420318604
mixture,sigma_log_dpm,"Sigma-space DPM-1, log sigma",10,2,14,0.8,0.8849056363105774
mixture,sigma_log_dpm,"Sigma-space DPM-1, log sigma",10,2,14,0.9,0.9580771923065186
mixture,sigma_log_dpm,"Sigma-space DPM-1, log sigma",10,2,14,0.95,0.9852094054222108
mixture,sigma_log_dpm,"Sigma-space DPM-1, log sigma",50,2,14,0.5,0.6013774275779724
mixture,sigma_log_dpm,"Sigma-space DPM-1, log sigma",50,2,14,0.8,0.8953326344490051
mixture,sigma_log_dpm,"Sigma-space DPM-1, log sigma",50,2,14,0.9,0.9643163681030272
mixture,sigma_log_dpm,"Sigma-space DPM-1, log sigma",50,2,14,0.95,0.9883399605751038
mixture,dpm2_log,"DPM-2 + corrector, log sigma",10,2,14,0.5,0.6498810052871704
mixture,dpm2_log,"DPM-2 + corrector, log sigma",10,2,14,0.8,0.9237946271896362
mixture,dpm2_log,"DPM-2 + corrector, log sigma",10,2,14,0.9,0.9770275354385376
mixture,dpm2_log,"DPM-2 + corrector, log sigma",10,2,14,0.95,0.9932249784469604
mixture,dpm2_log,"DPM-2 + corrector, log sigma",50,2,14,0.5,0.5837447643280029
mixture,dpm2_log,"DPM-2 + corrector, log sigma",50,2,14,0.8,0.878074049949646
mixture,dpm2_log,"DPM-2 + corrector, log sigma",50,2,14,0.9,0.9531288146972656
mixture,dpm2_log,"DPM-2 + corrector, log sigma",50,2,14,0.95,0.9822521805763244
mixture,sigma_log_dpm,"Sigma-space DPM-1, log sigma",10,2,15,0.5,0.6123395562171936
mixture,sigma_log_dpm,"Sigma-space DPM-1, log sigma",10,2,15,0.8,0.9005225896835327
mixture,sigma_log_dpm,"Sigma-space DPM-1, log sigma",10,2,15,0.9,0.9660204648971558
mixture,sigma_log_dpm,"Sigma-space DPM-1, log sigma",10,2,15,0.95,0.9886925220489502
mixture,sigma_log_dpm,"Sigma-space DPM-1, log sigma",50,2,15,0.5,0.6588682532310486
mixture,sigma_log_dpm,"Sigma-space DPM-1, log sigma",50,2,15,0.8,0.9301905632019044
mixture,sigma_log_dpm,"Sigma-space DPM-1, log sigma",50,2,15,0.9,0.9802745580673218
mixture,sigma_log_dpm,"Sigma-space DPM-1, log sigma",50,2,15,0.95,0.9946151375770568
mixture,dpm2_log,"DPM-2 + corrector, log sigma",10,2,15,0.5,0.6702147722244263
mixture,dpm2_log,"DPM-2 + corrector, log sigma",10,2,15,0.8,0.9363625049591064
mixture,dpm2_log,"DPM-2 + corrector, log sigma",10,2,15,0.9,0.9828338623046876
mixture,dpm2_log,"DPM-2 + corrector, log sigma",10,2,15,0.95,0.9955198168754578
mixture,dpm2_log,"DPM-2 + corrector, log sigma",50,2,15,0.5,0.6325371861457825
mixture,dpm2_log,"DPM-2 + corrector, log sigma",50,2,15,0.8,0.9132316708564758
mixture,dpm2_log,"DPM-2 + corrector, log sigma",50,2,15,0.9,0.9720920920372008
mixture,dpm2_log,"DPM-2 + corrector, log sigma",50,2,15,0.95,0.9912123680114746
uniform,sigma_log_dpm,"Sigma-space DPM-1, log sigma",10,0,0,0.5,0.5590773820877075
uniform,sigma_log_dpm,"Sigma-space DPM-1, log sigma",10,0,0,0.8,0.8580954074859619
uniform,sigma_log_dpm,"Sigma-space DPM-1, log sigma",10,0,0,0.9,0.9411838054656982
uniform,sigma_log_dpm,"Sigma-space DPM-1, log sigma",10,0,0,0.95,0.9759641885757446
uniform,sigma_log_dpm,"Sigma-space DPM-1, log sigma",50,0,0,0.5,0.6126521825790405
uniform,sigma_log_dpm,"Sigma-space DPM-1, log sigma",50,0,0,0.8,0.9006707668304443
uniform,sigma_log_dpm,"Sigma-space DPM-1, log sigma",50,0,0,0.9,0.9660663604736328
uniform,sigma_log_dpm,"Sigma-space DPM-1, log sigma",50,0,0,0.95,0.9887030124664308
uniform,dpm2_log,"DPM-2 + corrector, log sigma",10,0,0,0.5,0.6025933027267456
uniform,dpm2_log,"DPM-2 + corrector, log sigma",10,0,0,0.8,0.892349123954773
uniform,dpm2_log,"DPM-2 + corrector, log sigma",10,0,0,0.9,0.961159348487854
uniform,dpm2_log,"DPM-2 + corrector, log sigma",10,0,0,0.95,0.9862114787101746
uniform,dpm2_log,"DPM-2 + corrector, log sigma",50,0,0,0.5,0.5709307193756104
uniform,dpm2_log,"DPM-2 + corrector, log sigma",50,0,0,0.8,0.8668296337127686
uniform,dpm2_log,"DPM-2 + corrector, log sigma",50,0,0,0.9,0.9459617137908936
uniform,dpm2_log,"DPM-2 + corrector, log sigma",50,0,0,0.95,0.9782367944717408
uniform,sigma_log_dpm,"Sigma-space DPM-1, log sigma",10,0,1,0.5,0.5176292657852173
uniform,sigma_log_dpm,"Sigma-space DPM-1, log sigma",10,0,1,0.8,0.8260537981987
uniform,sigma_log_dpm,"Sigma-space DPM-1, log sigma",10,0,1,0.9,0.9231700897216796
uniform,sigma_log_dpm,"Sigma-space DPM-1, log sigma",10,0,1,0.95,0.967249631881714
uniform,sigma_log_dpm,"Sigma-space DPM-1, log sigma",50,0,1,0.5,0.5861664414405823
uniform,sigma_log_dpm,"Sigma-space DPM-1, log sigma",50,0,1,0.8,0.8820992112159729
uniform,sigma_log_dpm,"Sigma-space DPM-1, log sigma",50,0,1,0.9,0.9566012620925904
uniform,sigma_log_dpm,"Sigma-space DPM-1, log sigma",50,0,1,0.95,0.9845963716506958
uniform,dpm2_log,"DPM-2 + corrector, log sigma",10,0,1,0.5,0.6052936315536499
uniform,dpm2_log,"DPM-2 + corrector, log sigma",10,0,1,0.8,0.8960630893707275
uniform,dpm2_log,"DPM-2 + corrector, log sigma",10,0,1,0.9,0.9639132022857666
uniform,dpm2_log,"DPM-2 + corrector, log sigma",10,0,1,0.95,0.9878422617912292
uniform,dpm2_log,"DPM-2 + corrector, log sigma",50,0,1,0.5,0.541334331035614
uniform,dpm2_log,"DPM-2 + corrector, log sigma",50,0,1,0.8,0.8412688970565796
uniform,dpm2_log,"DPM-2 + corrector, log sigma",50,0,1,0.9,0.9297523498535156
uniform,dpm2_log,"DPM-2 + corrector, log sigma",50,0,1,0.95,0.9691349267959596
uniform,sigma_log_dpm,"Sigma-space DPM-1, log sigma",10,0,2,0.5,0.5340769290924072
uniform,sigma_log_dpm,"Sigma-space DPM-1, log sigma",10,0,2,0.8,0.8447406888008118
uniform,sigma_log_dpm,"Sigma-space DPM-1, log sigma",10,0,2,0.9,0.9363231658935548
uniform,sigma_log_dpm,"Sigma-space DPM-1, log sigma",10,0,2,0.95,0.9748992323875428
uniform,sigma_log_dpm,"Sigma-space DPM-1, log sigma",50,0,2,0.5,0.5827955007553101
uniform,sigma_log_dpm,"Sigma-space DPM-1, log sigma",50,0,2,0.8,0.8844695091247559
uniform,sigma_log_dpm,"Sigma-space DPM-1, log sigma",50,0,2,0.9,0.9595116376876832
uniform,sigma_log_dpm,"Sigma-space DPM-1, log sigma",50,0,2,0.95,0.9865237474441528
uniform,dpm2_log,"DPM-2 + corrector, log sigma",10,0,2,0.5,0.6162487268447876
uniform,dpm2_log,"DPM-2 + corrector, log sigma",10,0,2,0.8,0.9037714004516602
uniform,dpm2_log,"DPM-2 + corrector, log sigma",10,0,2,0.9,0.9679158329963684
uniform,dpm2_log,"DPM-2 + corrector, log sigma",10,0,2,0.95,0.9896326065063475
uniform,dpm2_log,"DPM-2 + corrector, log sigma",50,0,2,0.5,0.5634280443191528
uniform,dpm2_log,"DPM-2 + corrector, log sigma",50,0,2,0.8,0.8608217239379883
uniform,dpm2_log,"DPM-2 + corrector, log sigma",50,0,2,0.9,0.9424091577529908
uniform,dpm2_log,"DPM-2 + corrector, log sigma",50,0,2,0.95,0.9763901233673096
uniform,sigma_log_dpm,"Sigma-space DPM-1, log sigma",10,0,3,0.5,0.3286581635475158
uniform,sigma_log_dpm,"Sigma-space DPM-1, log sigma",10,0,3,0.8,0.6462872624397278
uniform,sigma_log_dpm,"Sigma-space DPM-1, log sigma",10,0,3,0.9,0.8006851673126221
uniform,sigma_log_dpm,"Sigma-space DPM-1, log sigma",10,0,3,0.95,0.8939926028251648
uniform,sigma_log_dpm,"Sigma-space DPM-1, log sigma",50,0,3,0.5,0.3872102797031402
uniform,sigma_log_dpm,"Sigma-space DPM-1, log sigma",50,0,3,0.8,0.7288702726364136
uniform,sigma_log_dpm,"Sigma-space DPM-1, log sigma",50,0,3,0.9,0.870390772819519
uniform,sigma_log_dpm,"Sigma-space DPM-1, log sigma",50,0,3,0.95,0.9426723718643188
uniform,dpm2_log,"DPM-2 + corrector, log sigma",10,0,3,0.5,0.459804892539978
uniform,dpm2_log,"DPM-2 + corrector, log sigma",10,0,3,0.8,0.7934754490852356
uniform,dpm2_log,"DPM-2 + corrector, log sigma",10,0,3,0.9,0.9102362394332886
uniform,dpm2_log,"DPM-2 + corrector, log sigma",10,0,3,0.95,0.9635351896286012
uniform,dpm2_log,"DPM-2 + corrector, log sigma",50,0,3,0.5,0.4896216094493866
uniform,dpm2_log,"DPM-2 + corrector, log sigma",50,0,3,0.8,0.7972097396850586
uniform,dpm2_log,"DPM-2 + corrector, log sigma",50,0,3,0.9,0.9022180438041688
uniform,dpm2_log,"DPM-2 + corrector, log sigma",50,0,3,0.95,0.9539521932601928
uniform,sigma_log_dpm,"Sigma-space DPM-1, log sigma",10,0,4,0.5,0.3383851051330566
uniform,sigma_log_dpm,"Sigma-space DPM-1, log sigma",10,0,4,0.8,0.6390386819839478
uniform,sigma_log_dpm,"Sigma-space DPM-1, log sigma",10,0,4,0.9,0.786579966545105
uniform,sigma_log_dpm,"Sigma-space DPM-1, log sigma",10,0,4,0.95,0.8802647590637207
uniform,sigma_log_dpm,"Sigma-space DPM-1, log sigma",50,0,4,0.5,0.3723568022251129
uniform,sigma_log_dpm,"Sigma-space DPM-1, log sigma",50,0,4,0.8,0.7070295810699463
uniform,sigma_log_dpm,"Sigma-space DPM-1, log sigma",50,0,4,0.9,0.8535023927688599
uniform,sigma_log_dpm,"Sigma-space DPM-1, log sigma",50,0,4,0.95,0.9324031472206116
uniform,dpm2_log,"DPM-2 + corrector, log sigma",10,0,4,0.5,0.4468825757503509
uniform,dpm2_log,"DPM-2 + corrector, log sigma",10,0,4,0.8,0.7619553804397583
uniform,dpm2_log,"DPM-2 + corrector, log sigma",10,0,4,0.9,0.881023645401001
uniform,dpm2_log,"DPM-2 + corrector, log sigma",10,0,4,0.95,0.9428783655166626
uniform,dpm2_log,"DPM-2 + corrector, log sigma",50,0,4,0.5,0.4739508628845215
uniform,dpm2_log,"DPM-2 + corrector, log sigma",50,0,4,0.8,0.7796847820281982
uniform,dpm2_log,"DPM-2 + corrector, log sigma",50,0,4,0.9,0.8887622356414795
uniform,dpm2_log,"DPM-2 + corrector, log sigma",50,0,4,0.95,0.9449515342712402
uniform,sigma_log_dpm,"Sigma-space DPM-1, log sigma",10,0,5,0.5,0.5194714069366455
uniform,sigma_log_dpm,"Sigma-space DPM-1, log sigma",10,0,5,0.8,0.8276809453964233
uniform,sigma_log_dpm,"Sigma-space DPM-1, log sigma",10,0,5,0.9,0.924196183681488
uniform,sigma_log_dpm,"Sigma-space DPM-1, log sigma",10,0,5,0.95,0.9678100943565368
uniform,sigma_log_dpm,"Sigma-space DPM-1, log sigma",50,0,5,0.5,0.5432456135749817
uniform,sigma_log_dpm,"Sigma-space DPM-1, log sigma",50,0,5,0.8,0.8449914455413818
uniform,sigma_log_dpm,"Sigma-space DPM-1, log sigma",50,0,5,0.9,0.933822214603424
uniform,sigma_log_dpm,"Sigma-space DPM-1, log sigma",50,0,5,0.95,0.9725856184959412
uniform,dpm2_log,"DPM-2 + corrector, log sigma",10,0,5,0.5,0.5833072662353516
uniform,dpm2_log,"DPM-2 + corrector, log sigma",10,0,5,0.8,0.8808966875076294
uniform,dpm2_log,"DPM-2 + corrector, log sigma",10,0,5,0.9,0.9561025500297546
uniform,dpm2_log,"DPM-2 + corrector, log sigma",10,0,5,0.95,0.9843535423278807
uniform,dpm2_log,"DPM-2 + corrector, log sigma",50,0,5,0.5,0.5463564395904541
uniform,dpm2_log,"DPM-2 + corrector, log sigma",50,0,5,0.8,0.8461657762527466
uniform,dpm2_log,"DPM-2 + corrector, log sigma",50,0,5,0.9,0.9331621527671814
uniform,dpm2_log,"DPM-2 + corrector, log sigma",50,0,5,0.95,0.9712243676185608
uniform,sigma_log_dpm,"Sigma-space DPM-1, log sigma",10,0,6,0.5,0.4850438833236694
uniform,sigma_log_dpm,"Sigma-space DPM-1, log sigma",10,0,6,0.8,0.7968928813934326
uniform,sigma_log_dpm,"Sigma-space DPM-1, log sigma",10,0,6,0.9,0.9047094583511353
uniform,sigma_log_dpm,"Sigma-space DPM-1, log sigma",10,0,6,0.95,0.9571751356124878
uniform,sigma_log_dpm,"Sigma-space DPM-1, log sigma",50,0,6,0.5,0.5588998794555664
uniform,sigma_log_dpm,"Sigma-space DPM-1, log sigma",50,0,6,0.8,0.8611685037612915
uniform,sigma_log_dpm,"Sigma-space DPM-1, log sigma",50,0,6,0.9,0.945320963859558
uniform,sigma_log_dpm,"Sigma-space DPM-1, log sigma",50,0,6,0.95,0.9794825911521912
uniform,dpm2_log,"DPM-2 + corrector, log sigma",10,0,6,0.5,0.5727418065071106
uniform,dpm2_log,"DPM-2 + corrector, log sigma",10,0,6,0.8,0.8751868009567261
uniform,dpm2_log,"DPM-2 + corrector, log sigma",10,0,6,0.9,0.9538668394088744
uniform,dpm2_log,"DPM-2 + corrector, log sigma",10,0,6,0.95,0.9836781620979308
uniform,dpm2_log,"DPM-2 + corrector, log sigma",50,0,6,0.5,0.5552098751068115
uniform,dpm2_log,"DPM-2 + corrector, log sigma",50,0,6,0.8,0.8538475632667542
uniform,dpm2_log,"DPM-2 + corrector, log sigma",50,0,6,0.9,0.9380552172660828
uniform,dpm2_log,"DPM-2 + corrector, log sigma",50,0,6,0.95,0.973986029624939
uniform,sigma_log_dpm,"Sigma-space DPM-1, log sigma",10,0,7,0.5,0.3933989703655243
uniform,sigma_log_dpm,"Sigma-space DPM-1, log sigma",10,0,7,0.8,0.6964534521102905
uniform,sigma_log_dpm,"Sigma-space DPM-1, log sigma",10,0,7,0.9,0.8316362500190735
uniform,sigma_log_dpm,"Sigma-space DPM-1, log sigma",10,0,7,0.95,0.9122600555419922
uniform,sigma_log_dpm,"Sigma-space DPM-1, log sigma",50,0,7,0.5,0.440656453371048
uniform,sigma_log_dpm,"Sigma-space DPM-1, log sigma",50,0,7,0.8,0.7470659017562866
uniform,sigma_log_dpm,"Sigma-space DPM-1, log sigma",50,0,7,0.9,0.8699865937232971
uniform,sigma_log_dpm,"Sigma-space DPM-1, log sigma",50,0,7,0.95,0.9373894929885864
uniform,dpm2_log,"DPM-2 + corrector, log sigma",10,0,7,0.5,0.4995289444923401
uniform,dpm2_log,"DPM-2 + corrector, log sigma",10,0,7,0.8,0.8137562274932861
uniform,dpm2_log,"DPM-2 + corrector, log sigma",10,0,7,0.9,0.9174584150314332
uniform,dpm2_log,"DPM-2 + corrector, log sigma",10,0,7,0.95,0.965272068977356
uniform,dpm2_log,"DPM-2 + corrector, log sigma",50,0,7,0.5,0.53055340051651
uniform,dpm2_log,"DPM-2 + corrector, log sigma",50,0,7,0.8,0.8333494067192078
uniform,dpm2_log,"DPM-2 + corrector, log sigma",50,0,7,0.9,0.9255250692367554
uniform,dpm2_log,"DPM-2 + corrector, log sigma",50,0,7,0.95,0.9672445058822632
uniform,sigma_log_dpm,"Sigma-space DPM-1, log sigma",10,0,8,0.5,0.5598416328430176
uniform,sigma_log_dpm,"Sigma-space DPM-1, log sigma",10,0,8,0.8,0.8570433855056763
uniform,sigma_log_dpm,"Sigma-space DPM-1, log sigma",10,0,8,0.9,0.9399225115776062
uniform,sigma_log_dpm,"Sigma-space DPM-1, log sigma",10,0,8,0.95,0.9750620126724244
uniform,sigma_log_dpm,"Sigma-space DPM-1, log sigma",50,0,8,0.5,0.6169216632843018
uniform,sigma_log_dpm,"Sigma-space DPM-1, log sigma",50,0,8,0.8,0.903555154800415
uniform,sigma_log_dpm,"Sigma-space DPM-1, log sigma",50,0,8,0.9,0.96765798330307
uniform,sigma_log_dpm,"Sigma-space DPM-1, log sigma",50,0,8,0.95,0.9894975423812866
uniform,dpm2_log,"DPM-2 + corrector, log sigma",10,0,8,0.5,0.6298849582672119
uniform,dpm2_log,"DPM-2 + corrector, log sigma",10,0,8,0.8,0.9115920066833496
uniform,dpm2_log,"DPM-2 + corrector, log sigma",10,0,8,0.9,0.9713429808616638
uniform,dpm2_log,"DPM-2 + corrector, log sigma",10,0,8,0.95,0.9909249544143676
uniform,dpm2_log,"DPM-2 + corrector, log sigma",50,0,8,0.5,0.58536696434021
uniform,dpm2_log,"DPM-2 + corrector, log sigma",50,0,8,0.8,0.878420889377594
uniform,dpm2_log,"DPM-2 + corrector, log sigma",50,0,8,0.9,0.9528608322143556
uniform,dpm2_log,"DPM-2 + corrector, log sigma",50,0,8,0.95,0.981864333152771
uniform,sigma_log_dpm,"Sigma-space DPM-1, log sigma",10,0,9,0.5,0.6471152305603027
uniform,sigma_log_dpm,"Sigma-space DPM-1, log sigma",10,0,9,0.8,0.9229691624641418
uniform,sigma_log_dpm,"Sigma-space DPM-1, log sigma",10,0,9,0.9,0.976942777633667
uniform,sigma_log_dpm,"Sigma-space DPM-1, log sigma",10,0,9,0.95,0.9932971596717834
uniform,sigma_log_dpm,"Sigma-space DPM-1, log sigma",50,0,9,0.5,0.6621114611625671
uniform,sigma_log_dpm,"Sigma-space DPM-1, log sigma",50,0,9,0.8,0.9315268993377686
uniform,sigma_log_dpm,"Sigma-space DPM-1, log sigma",50,0,9,0.9,0.9806874990463256
uniform,sigma_log_dpm,"Sigma-space DPM-1, log sigma",50,0,9,0.95,0.9947118163108826
uniform,dpm2_log,"DPM-2 + corrector, log sigma",10,0,9,0.5,0.6490317583084106
uniform,dpm2_log,"DPM-2 + corrector, log sigma",10,0,9,0.8,0.9237074851989746
uniform,dpm2_log,"DPM-2 + corrector, log sigma",10,0,9,0.9,0.977124810218811
uniform,dpm2_log,"DPM-2 + corrector, log sigma",10,0,9,0.95,0.9933081865310668
uniform,dpm2_log,"DPM-2 + corrector, log sigma",50,0,9,0.5,0.5694188475608826
uniform,dpm2_log,"DPM-2 + corrector, log sigma",50,0,9,0.8,0.8657717704772949
uniform,dpm2_log,"DPM-2 + corrector, log sigma",50,0,9,0.9,0.9454234838485718
uniform,dpm2_log,"DPM-2 + corrector, log sigma",50,0,9,0.95,0.9780095219612122
uniform,sigma_log_dpm,"Sigma-space DPM-1, log sigma",10,0,10,0.5,0.6213258504867554
uniform,sigma_log_dpm,"Sigma-space DPM-1, log sigma",10,0,10,0.8,0.9061744213104248
uniform,sigma_log_dpm,"Sigma-space DPM-1, log sigma",10,0,10,0.9,0.9687068462371826
uniform,sigma_log_dpm,"Sigma-space DPM-1, log sigma",10,0,10,0.95,0.9897959232330322
uniform,sigma_log_dpm,"Sigma-space DPM-1, log sigma",50,0,10,0.5,0.6178954839706421
uniform,sigma_log_dpm,"Sigma-space DPM-1, log sigma",50,0,10,0.8,0.903936505317688
uniform,sigma_log_dpm,"Sigma-space DPM-1, log sigma",50,0,10,0.9,0.9676113724708556
uniform,sigma_log_dpm,"Sigma-space DPM-1, log sigma",50,0,10,0.95,0.9893327951431274
uniform,dpm2_log,"DPM-2 + corrector, log sigma",10,0,10,0.5,0.636214017868042
uniform,dpm2_log,"DPM-2 + corrector, log sigma",10,0,10,0.8,0.9156717658042908
uniform,dpm2_log,"DPM-2 + corrector, log sigma",10,0,10,0.9,0.9733107089996338
uniform,dpm2_log,"DPM-2 + corrector, log sigma",10,0,10,0.95,0.9917410016059875
uniform,dpm2_log,"DPM-2 + corrector, log sigma",50,0,10,0.5,0.5781346559524536
uniform,dpm2_log,"DPM-2 + corrector, log sigma",50,0,10,0.8,0.8728993535041809
uniform,dpm2_log,"DPM-2 + corrector, log sigma",50,0,10,0.9,0.9497250914573668
uniform,dpm2_log,"DPM-2 + corrector, log sigma",50,0,10,0.95,0.9802989363670348
uniform,sigma_log_dpm,"Sigma-space DPM-1, log sigma",10,0,11,0.5,0.5381371974945068
uniform,sigma_log_dpm,"Sigma-space DPM-1, log sigma",10,0,11,0.8,0.8448233604431152
uniform,sigma_log_dpm,"Sigma-space DPM-1, log sigma",10,0,11,0.9,0.9355294108390808
uniform,sigma_log_dpm,"Sigma-space DPM-1, log sigma",10,0,11,0.95,0.974319577217102
uniform,sigma_log_dpm,"Sigma-space DPM-1, log sigma",50,0,11,0.5,0.5814958214759827
uniform,sigma_log_dpm,"Sigma-space DPM-1, log sigma",50,0,11,0.8,0.8836919069290161
uniform,sigma_log_dpm,"Sigma-space DPM-1, log sigma",50,0,11,0.9,0.9592597484588624
uniform,sigma_log_dpm,"Sigma-space DPM-1, log sigma",50,0,11,0.95,0.9864985346794128
uniform,dpm2_log,"DPM-2 + corrector, log sigma",10,0,11,0.5,0.6230049729347229
uniform,dpm2_log,"DPM-2 + corrector, log sigma",10,0,11,0.8,0.9051605463027954
uniform,dpm2_log,"DPM-2 + corrector, log sigma",10,0,11,0.9,0.967516541481018
uniform,dpm2_log,"DPM-2 + corrector, log sigma",10,0,11,0.95,0.989057183265686
uniform,dpm2_log,"DPM-2 + corrector, log sigma",50,0,11,0.5,0.5792651772499084
uniform,dpm2_log,"DPM-2 + corrector, log sigma",50,0,11,0.8,0.8736251592636108
uniform,dpm2_log,"DPM-2 + corrector, log sigma",50,0,11,0.9,0.950068175792694
uniform,dpm2_log,"DPM-2 + corrector, log sigma",50,0,11,0.95,0.9804341793060304
uniform,sigma_log_dpm,"Sigma-space DPM-1, log sigma",10,0,12,0.5,0.510226845741272
uniform,sigma_log_dpm,"Sigma-space DPM-1, log sigma",10,0,12,0.8,0.816045880317688
uniform,sigma_log_dpm,"Sigma-space DPM-1, log sigma",10,0,12,0.9,0.9164220690727234
uniform,sigma_log_dpm,"Sigma-space DPM-1, log sigma",10,0,12,0.95,0.9637826681137084
uniform,sigma_log_dpm,"Sigma-space DPM-1, log sigma",50,0,12,0.5,0.5292171835899353
uniform,sigma_log_dpm,"Sigma-space DPM-1, log sigma",50,0,12,0.8,0.8385496139526367
uniform,sigma_log_dpm,"Sigma-space DPM-1, log sigma",50,0,12,0.9,0.9327486753463744
uniform,sigma_log_dpm,"Sigma-space DPM-1, log sigma",50,0,12,0.95,0.9734774231910706
uniform,dpm2_log,"DPM-2 + corrector, log sigma",10,0,12,0.5,0.5997649431228638
uniform,dpm2_log,"DPM-2 + corrector, log sigma",10,0,12,0.8,0.8900915384292603
uniform,dpm2_log,"DPM-2 + corrector, log sigma",10,0,12,0.9,0.9601356387138368
uniform,dpm2_log,"DPM-2 + corrector, log sigma",10,0,12,0.95,0.985920786857605
uniform,dpm2_log,"DPM-2 + corrector, log sigma",50,0,12,0.5,0.5802625417709351
uniform,dpm2_log,"DPM-2 + corrector, log sigma",50,0,12,0.8,0.8745298385620117
uniform,dpm2_log,"DPM-2 + corrector, log sigma",50,0,12,0.9,0.9506931900978088
uniform,dpm2_log,"DPM-2 + corrector, log sigma",50,0,12,0.95,0.9808250665664672
uniform,sigma_log_dpm,"Sigma-space DPM-1, log sigma",10,0,13,0.5,0.5939556956291199
uniform,sigma_log_dpm,"Sigma-space DPM-1, log sigma",10,0,13,0.8,0.8866531848907471
uniform,sigma_log_dpm,"Sigma-space DPM-1, log sigma",10,0,13,0.9,0.958323299884796
uniform,sigma_log_dpm,"Sigma-space DPM-1, log sigma",10,0,13,0.95,0.9849817752838136
uniform,sigma_log_dpm,"Sigma-space DPM-1, log sigma",50,0,13,0.5,0.638883113861084
uniform,sigma_log_dpm,"Sigma-space DPM-1, log sigma",50,0,13,0.8,0.9172161221504213
uniform,sigma_log_dpm,"Sigma-space DPM-1, log sigma",50,0,13,0.9,0.9739706516265868
uniform,sigma_log_dpm,"Sigma-space DPM-1, log sigma",50,0,13,0.95,0.9919734001159668
uniform,dpm2_log,"DPM-2 + corrector, log sigma",10,0,13,0.5,0.6213986873626709
uniform,dpm2_log,"DPM-2 + corrector, log sigma",10,0,13,0.8,0.90656179189682
uniform,dpm2_log,"DPM-2 + corrector, log sigma",10,0,13,0.9,0.9690520763397216
uniform,dpm2_log,"DPM-2 + corrector, log sigma",10,0,13,0.95,0.9900161027908324
uniform,dpm2_log,"DPM-2 + corrector, log sigma",50,0,13,0.5,0.5633403062820435
uniform,dpm2_log,"DPM-2 + corrector, log sigma",50,0,13,0.8,0.8604589700698853
uniform,dpm2_log,"DPM-2 + corrector, log sigma",50,0,13,0.9,0.9420217275619508
uniform,dpm2_log,"DPM-2 + corrector, log sigma",50,0,13,0.95,0.9760814905166626
uniform,sigma_log_dpm,"Sigma-space DPM-1, log sigma",10,0,14,0.5,0.543220579624176
uniform,sigma_log_dpm,"Sigma-space DPM-1, log sigma",10,0,14,0.8,0.8453707098960876
uniform,sigma_log_dpm,"Sigma-space DPM-1, log sigma",10,0,14,0.9,0.9337522387504578
uniform,sigma_log_dpm,"Sigma-space DPM-1, log sigma",10,0,14,0.95,0.9722007513046264
uniform,sigma_log_dpm,"Sigma-space DPM-1, log sigma",50,0,14,0.5,0.5908090472221375
uniform,sigma_log_dpm,"Sigma-space DPM-1, log sigma",50,0,14,0.8,0.8862823247909546
uniform,sigma_log_dpm,"Sigma-space DPM-1, log sigma",50,0,14,0.9,0.959003210067749
uniform,sigma_log_dpm,"Sigma-space DPM-1, log sigma",50,0,14,0.95,0.9857192635536194
uniform,dpm2_log,"DPM-2 + corrector, log sigma",10,0,14,0.5,0.6195821166038513
uniform,dpm2_log,"DPM-2 + corrector, log sigma",10,0,14,0.8,0.906987965106964
uniform,dpm2_log,"DPM-2 + corrector, log sigma",10,0,14,0.9,0.9698662757873536
uniform,dpm2_log,"DPM-2 + corrector, log sigma",10,0,14,0.95,0.9905987977981568
uniform,dpm2_log,"DPM-2 + corrector, log sigma",50,0,14,0.5,0.5522434115409851
uniform,dpm2_log,"DPM-2 + corrector, log sigma",50,0,14,0.8,0.8509399890899658
uniform,dpm2_log,"DPM-2 + corrector, log sigma",50,0,14,0.9,0.9360202550888062
uniform,dpm2_log,"DPM-2 + corrector, log sigma",50,0,14,0.95,0.9727314710617064
uniform,sigma_log_dpm,"Sigma-space DPM-1, log sigma",10,0,15,0.5,0.6244426369667053
uniform,sigma_log_dpm,"Sigma-space DPM-1, log sigma",10,0,15,0.8,0.9083085060119628
uniform,sigma_log_dpm,"Sigma-space DPM-1, log sigma",10,0,15,0.9,0.9698152542114258
uniform,sigma_log_dpm,"Sigma-space DPM-1, log sigma",10,0,15,0.95,0.990301549434662
uniform,sigma_log_dpm,"Sigma-space DPM-1, log sigma",50,0,15,0.5,0.6177774667739868
uniform,sigma_log_dpm,"Sigma-space DPM-1, log sigma",50,0,15,0.8,0.9038506746292114
uniform,sigma_log_dpm,"Sigma-space DPM-1, log sigma",50,0,15,0.9,0.9675753116607666
uniform,sigma_log_dpm,"Sigma-space DPM-1, log sigma",50,0,15,0.95,0.9893243312835692
uniform,dpm2_log,"DPM-2 + corrector, log sigma",10,0,15,0.5,0.6402921676635742
uniform,dpm2_log,"DPM-2 + corrector, log sigma",10,0,15,0.8,0.91818106174469
uniform,dpm2_log,"DPM-2 + corrector, log sigma",10,0,15,0.9,0.9744805097579956
uniform,dpm2_log,"DPM-2 + corrector, log sigma",10,0,15,0.95,0.9922118186950684
uniform,dpm2_log,"DPM-2 + corrector, log sigma",50,0,15,0.5,0.5510556697845459
uniform,dpm2_log,"DPM-2 + corrector, log sigma",50,0,15,0.8,0.8497675657272339
uniform,dpm2_log,"DPM-2 + corrector, log sigma",50,0,15,0.9,0.9351983070373536
uniform,dpm2_log,"DPM-2 + corrector, log sigma",50,0,15,0.95,0.9722256660461426
uniform,sigma_log_dpm,"Sigma-space DPM-1, log sigma",10,1,0,0.5,0.5716612339019775
uniform,sigma_log_dpm,"Sigma-space DPM-1, log sigma",10,1,0,0.8,0.8789159059524536
uniform,sigma_log_dpm,"Sigma-space DPM-1, log sigma",10,1,0,0.9,0.957373321056366
uniform,sigma_log_dpm,"Sigma-space DPM-1, log sigma",10,1,0,0.95,0.9858189821243286
uniform,sigma_log_dpm,"Sigma-space DPM-1, log sigma",50,1,0,0.5,0.5581750869750977
uniform,sigma_log_dpm,"Sigma-space DPM-1, log sigma",50,1,0,0.8,0.8659045100212097
uniform,sigma_log_dpm,"Sigma-space DPM-1, log sigma",50,1,0,0.9,0.9493902921676636
uniform,sigma_log_dpm,"Sigma-space DPM-1, log sigma",50,1,0,0.95,0.9818055629730223
uniform,dpm2_log,"DPM-2 + corrector, log sigma",10,1,0,0.5,0.6077427864074707
uniform,dpm2_log,"DPM-2 + corrector, log sigma",10,1,0,0.8,0.9006689190864563
uniform,dpm2_log,"DPM-2 + corrector, log sigma",10,1,0,0.9,0.9672767519950868
uniform,dpm2_log,"DPM-2 + corrector, log sigma",10,1,0,0.95,0.9896916151046752
uniform,dpm2_log,"DPM-2 + corrector, log sigma",50,1,0,0.5,0.5845582485198975
uniform,dpm2_log,"DPM-2 + corrector, log sigma",50,1,0,0.8,0.8785663843154907
uniform,dpm2_log,"DPM-2 + corrector, log sigma",50,1,0,0.9,0.9533474445343018
uniform,dpm2_log,"DPM-2 + corrector, log sigma",50,1,0,0.95,0.9823307991027832
uniform,sigma_log_dpm,"Sigma-space DPM-1, log sigma",10,1,1,0.5,0.4718007445335388
uniform,sigma_log_dpm,"Sigma-space DPM-1, log sigma",10,1,1,0.8,0.7980566024780273
uniform,sigma_log_dpm,"Sigma-space DPM-1, log sigma",10,1,1,0.9,0.9121344685554504
uniform,sigma_log_dpm,"Sigma-space DPM-1, log sigma",10,1,1,0.95,0.964630961418152
uniform,sigma_log_dpm,"Sigma-space DPM-1, log sigma",50,1,1,0.5,0.5291735529899597
uniform,sigma_log_dpm,"Sigma-space DPM-1, log sigma",50,1,1,0.8,0.8486388921737671
uniform,sigma_log_dpm,"Sigma-space DPM-1, log sigma",50,1,1,0.9,0.9424452185630798
uniform,sigma_log_dpm,"Sigma-space DPM-1, log sigma",50,1,1,0.95,0.9797635674476624
uniform,dpm2_log,"DPM-2 + corrector, log sigma",10,1,1,0.5,0.561237096786499
uniform,dpm2_log,"DPM-2 + corrector, log sigma",10,1,1,0.8,0.8729656934738159
uniform,dpm2_log,"DPM-2 + corrector, log sigma",10,1,1,0.9,0.9549716711044312
uniform,dpm2_log,"DPM-2 + corrector, log sigma",10,1,1,0.95,0.9850641489028932
uniform,dpm2_log,"DPM-2 + corrector, log sigma",50,1,1,0.5,0.5521645545959473
uniform,dpm2_log,"DPM-2 + corrector, log sigma",50,1,1,0.8,0.8540410995483398
uniform,dpm2_log,"DPM-2 + corrector, log sigma",50,1,1,0.9,0.9395203590393066
uniform,dpm2_log,"DPM-2 + corrector, log sigma",50,1,1,0.95,0.975479781627655
uniform,sigma_log_dpm,"Sigma-space DPM-1, log sigma",10,1,2,0.5,0.5061580538749695
uniform,sigma_log_dpm,"Sigma-space DPM-1, log sigma",10,1,2,0.8,0.8292178511619568
uniform,sigma_log_dpm,"Sigma-space DPM-1, log sigma",10,1,2,0.9,0.9308472871780396
uniform,sigma_log_dpm,"Sigma-space DPM-1, log sigma",10,1,2,0.95,0.97392737865448
uniform,sigma_log_dpm,"Sigma-space DPM-1, log sigma",50,1,2,0.5,0.554669976234436
uniform,sigma_log_dpm,"Sigma-space DPM-1, log sigma",50,1,2,0.8,0.8683974146842957
uniform,sigma_log_dpm,"Sigma-space DPM-1, log sigma",50,1,2,0.9,0.9528327584266664
uniform,sigma_log_dpm,"Sigma-space DPM-1, log sigma",50,1,2,0.95,0.9842629432678224
uniform,dpm2_log,"DPM-2 + corrector, log sigma",10,1,2,0.5,0.6043657064437866
uniform,dpm2_log,"DPM-2 + corrector, log sigma",10,1,2,0.8,0.8977979421615601
uniform,dpm2_log,"DPM-2 + corrector, log sigma",10,1,2,0.9,0.9657445549964904
uniform,dpm2_log,"DPM-2 + corrector, log sigma",10,1,2,0.95,0.9890364408493042
uniform,dpm2_log,"DPM-2 + corrector, log sigma",50,1,2,0.5,0.6059421896934509
uniform,dpm2_log,"DPM-2 + corrector, log sigma",50,1,2,0.8,0.895568311214447
uniform,dpm2_log,"DPM-2 + corrector, log sigma",50,1,2,0.9,0.963249683380127
uniform,dpm2_log,"DPM-2 + corrector, log sigma",50,1,2,0.95,0.9873608350753784
uniform,sigma_log_dpm,"Sigma-space DPM-1, log sigma",10,1,3,0.5,0.3217290043830871
uniform,sigma_log_dpm,"Sigma-space DPM-1, log sigma",10,1,3,0.8,0.6644027829170227
uniform,sigma_log_dpm,"Sigma-space DPM-1, log sigma",10,1,3,0.9,0.8283876180648804
uniform,sigma_log_dpm,"Sigma-space DPM-1, log sigma",10,1,3,0.95,0.9198840260505676
uniform,sigma_log_dpm,"Sigma-space DPM-1, log sigma",50,1,3,0.5,0.3913492858409881
uniform,sigma_log_dpm,"Sigma-space DPM-1, log sigma",50,1,3,0.8,0.748779296875
uniform,sigma_log_dpm,"Sigma-space DPM-1, log sigma",50,1,3,0.9,0.8902450203895569
uniform,sigma_log_dpm,"Sigma-space DPM-1, log sigma",50,1,3,0.95,0.9565751552581788
uniform,dpm2_log,"DPM-2 + corrector, log sigma",10,1,3,0.5,0.4740579128265381
uniform,dpm2_log,"DPM-2 + corrector, log sigma",10,1,3,0.8,0.8260111212730408
uniform,dpm2_log,"DPM-2 + corrector, log sigma",10,1,3,0.9,0.936237096786499
uniform,dpm2_log,"DPM-2 + corrector, log sigma",10,1,3,0.95,0.978910505771637
uniform,dpm2_log,"DPM-2 + corrector, log sigma",50,1,3,0.5,0.4468753933906555
uniform,dpm2_log,"DPM-2 + corrector, log sigma",50,1,3,0.8,0.7625564336776733
uniform,dpm2_log,"DPM-2 + corrector, log sigma",50,1,3,0.9,0.8815251588821411
uniform,dpm2_log,"DPM-2 + corrector, log sigma",50,1,3,0.95,0.9430765509605408
uniform,sigma_log_dpm,"Sigma-space DPM-1, log sigma",10,1,4,0.5,0.3455429077148437
uniform,sigma_log_dpm,"Sigma-space DPM-1, log sigma",10,1,4,0.8,0.6651919484138489
uniform,sigma_log_dpm,"Sigma-space DPM-1, log sigma",10,1,4,0.9,0.8164774179458618
uniform,sigma_log_dpm,"Sigma-space DPM-1, log sigma",10,1,4,0.95,0.9059451818466188
uniform,sigma_log_dpm,"Sigma-space DPM-1, log sigma",50,1,4,0.5,0.3996001183986664
uniform,sigma_log_dpm,"Sigma-space DPM-1, log sigma",50,1,4,0.8,0.7227166295051575
uniform,sigma_log_dpm,"Sigma-space DPM-1, log sigma",50,1,4,0.9,0.8577647805213928
uniform,sigma_log_dpm,"Sigma-space DPM-1, log sigma",50,1,4,0.95,0.9314942359924316
uniform,dpm2_log,"DPM-2 + corrector, log sigma",10,1,4,0.5,0.4389821588993072
uniform,dpm2_log,"DPM-2 + corrector, log sigma",10,1,4,0.8,0.7716711163520813
uniform,dpm2_log,"DPM-2 + corrector, log sigma",10,1,4,0.9,0.8954212665557861
uniform,dpm2_log,"DPM-2 + corrector, log sigma",10,1,4,0.95,0.955148220062256
uniform,dpm2_log,"DPM-2 + corrector, log sigma",50,1,4,0.5,0.4656423926353454
uniform,dpm2_log,"DPM-2 + corrector, log sigma",50,1,4,0.8,0.7788363695144653
uniform,dpm2_log,"DPM-2 + corrector, log sigma",50,1,4,0.9,0.8919634819030762
uniform,dpm2_log,"DPM-2 + corrector, log sigma",50,1,4,0.95,0.9490576982498168
uniform,sigma_log_dpm,"Sigma-space DPM-1, log sigma",10,1,5,0.5,0.520941972732544
uniform,sigma_log_dpm,"Sigma-space DPM-1, log sigma",10,1,5,0.8,0.8179053068161011
uniform,sigma_log_dpm,"Sigma-space DPM-1, log sigma",10,1,5,0.9,0.913406491279602
uniform,sigma_log_dpm,"Sigma-space DPM-1, log sigma",10,1,5,0.95,0.9597822427749634
uniform,sigma_log_dpm,"Sigma-space DPM-1, log sigma",50,1,5,0.5,0.5714660882949829
uniform,sigma_log_dpm,"Sigma-space DPM-1, log sigma",50,1,5,0.8,0.864378809928894
uniform,sigma_log_dpm,"Sigma-space DPM-1, log sigma",50,1,5,0.9,0.9441274404525756
uniform,sigma_log_dpm,"Sigma-space DPM-1, log sigma",50,1,5,0.95,0.9774760007858276
uniform,dpm2_log,"DPM-2 + corrector, log sigma",10,1,5,0.5,0.6066650152206421
uniform,dpm2_log,"DPM-2 + corrector, log sigma",10,1,5,0.8,0.896001398563385
uniform,dpm2_log,"DPM-2 + corrector, log sigma",10,1,5,0.9,0.9636386632919312
uniform,dpm2_log,"DPM-2 + corrector, log sigma",10,1,5,0.95,0.9876745343208312
uniform,dpm2_log,"DPM-2 + corrector, log sigma",50,1,5,0.5,0.5908100605010986
uniform,dpm2_log,"DPM-2 + corrector, log sigma",50,1,5,0.8,0.8831014633178711
uniform,dpm2_log,"DPM-2 + corrector, log sigma",50,1,5,0.9,0.955803155899048
uniform,dpm2_log,"DPM-2 + corrector, log sigma",50,1,5,0.95,0.9834935069084167
uniform,sigma_log_dpm,"Sigma-space DPM-1, log sigma",10,1,6,0.5,0.4869584143161773
uniform,sigma_log_dpm,"Sigma-space DPM-1, log sigma",10,1,6,0.8,0.810150146484375
uniform,sigma_log_dpm,"Sigma-space DPM-1, log sigma",10,1,6,0.9,0.9185187220573424
uniform,sigma_log_dpm,"Sigma-space DPM-1, log sigma",10,1,6,0.95,0.9673346281051636
uniform,sigma_log_dpm,"Sigma-space DPM-1, log sigma",50,1,6,0.5,0.5312577486038208
uniform,sigma_log_dpm,"Sigma-space DPM-1, log sigma",50,1,6,0.8,0.8499540686607361
uniform,sigma_log_dpm,"Sigma-space DPM-1, log sigma",50,1,6,0.9,0.942861557006836
uniform,sigma_log_dpm,"Sigma-space DPM-1, log sigma",50,1,6,0.95,0.9797858595848083
uniform,dpm2_log,"DPM-2 + corrector, log sigma",10,1,6,0.5,0.5947210788726807
uniform,dpm2_log,"DPM-2 + corrector, log sigma",10,1,6,0.8,0.8952208757400513
uniform,dpm2_log,"DPM-2 + corrector, log sigma",10,1,6,0.9,0.96575528383255
uniform,dpm2_log,"DPM-2 + corrector, log sigma",10,1,6,0.95,0.9894830584526062
uniform,dpm2_log,"DPM-2 + corrector, log sigma",50,1,6,0.5,0.5839155912399292
uniform,dpm2_log,"DPM-2 + corrector, log sigma",50,1,6,0.8,0.8794915080070496
uniform,dpm2_log,"DPM-2 + corrector, log sigma",50,1,6,0.9,0.9545193314552308
uniform,dpm2_log,"DPM-2 + corrector, log sigma",50,1,6,0.95,0.9832242131233216
uniform,sigma_log_dpm,"Sigma-space DPM-1, log sigma",10,1,7,0.5,0.3974998593330383
uniform,sigma_log_dpm,"Sigma-space DPM-1, log sigma",10,1,7,0.8,0.7105803489685059
uniform,sigma_log_dpm,"Sigma-space DPM-1, log sigma",10,1,7,0.9,0.8494777679443359
uniform,sigma_log_dpm,"Sigma-space DPM-1, log sigma",10,1,7,0.95,0.9282995462417604
uniform,sigma_log_dpm,"Sigma-space DPM-1, log sigma",50,1,7,0.5,0.4235747456550598
uniform,sigma_log_dpm,"Sigma-space DPM-1, log sigma",50,1,7,0.8,0.7364230751991272
uniform,sigma_log_dpm,"Sigma-space DPM-1, log sigma",50,1,7,0.9,0.8673653602600098
uniform,sigma_log_dpm,"Sigma-space DPM-1, log sigma",50,1,7,0.95,0.938840389251709
uniform,dpm2_log,"DPM-2 + corrector, log sigma",10,1,7,0.5,0.4681423902511596
uniform,dpm2_log,"DPM-2 + corrector, log sigma",10,1,7,0.8,0.7933282256126404
uniform,dpm2_log,"DPM-2 + corrector, log sigma",10,1,7,0.9,0.908295750617981
uniform,dpm2_log,"DPM-2 + corrector, log sigma",10,1,7,0.95,0.962155818939209
uniform,dpm2_log,"DPM-2 + corrector, log sigma",50,1,7,0.5,0.4823812842369079
uniform,dpm2_log,"DPM-2 + corrector, log sigma",50,1,7,0.8,0.7943592071533203
uniform,dpm2_log,"DPM-2 + corrector, log sigma",50,1,7,0.9,0.9024040699005128
uniform,dpm2_log,"DPM-2 + corrector, log sigma",50,1,7,0.95,0.9552627801895142
uniform,sigma_log_dpm,"Sigma-space DPM-1, log sigma",10,1,8,0.5,0.5643320083618164
uniform,sigma_log_dpm,"Sigma-space DPM-1, log sigma",10,1,8,0.8,0.8621094226837158
uniform,sigma_log_dpm,"Sigma-space DPM-1, log sigma",10,1,8,0.9,0.9442864656448364
uniform,sigma_log_dpm,"Sigma-space DPM-1, log sigma",10,1,8,0.95,0.9782329201698304
uniform,sigma_log_dpm,"Sigma-space DPM-1, log sigma",50,1,8,0.5,0.6138272881507874
uniform,sigma_log_dpm,"Sigma-space DPM-1, log sigma",50,1,8,0.8,0.906464457511902
uniform,sigma_log_dpm,"Sigma-space DPM-1, log sigma",50,1,8,0.9,0.970811128616333
uniform,sigma_log_dpm,"Sigma-space DPM-1, log sigma",50,1,8,0.95,0.9914377927780152
uniform,dpm2_log,"DPM-2 + corrector, log sigma",10,1,8,0.5,0.6280058026313782
uniform,dpm2_log,"DPM-2 + corrector, log sigma",10,1,8,0.8,0.9135271310806274
uniform,dpm2_log,"DPM-2 + corrector, log sigma",10,1,8,0.9,0.973407506942749
uniform,dpm2_log,"DPM-2 + corrector, log sigma",10,1,8,0.95,0.9922052621841432
uniform,dpm2_log,"DPM-2 + corrector, log sigma",50,1,8,0.5,0.6198306083679199
uniform,dpm2_log,"DPM-2 + corrector, log sigma",50,1,8,0.8,0.9049609303474426
uniform,dpm2_log,"DPM-2 + corrector, log sigma",50,1,8,0.9,0.968025267124176
uniform,dpm2_log,"DPM-2 + corrector, log sigma",50,1,8,0.95,0.9894742965698242
uniform,sigma_log_dpm,"Sigma-space DPM-1, log sigma",10,1,9,0.5,0.6516452431678772
uniform,sigma_log_dpm,"Sigma-space DPM-1, log sigma",10,1,9,0.8,0.9247177243232728
uniform,sigma_log_dpm,"Sigma-space DPM-1, log sigma",10,1,9,0.9,0.9773864150047302
uniform,sigma_log_dpm,"Sigma-space DPM-1, log sigma",10,1,9,0.95,0.993337631225586
uniform,sigma_log_dpm,"Sigma-space DPM-1, log sigma",50,1,9,0.5,0.6894105672836304
uniform,sigma_log_dpm,"Sigma-space DPM-1, log sigma",50,1,9,0.8,0.9451929330825806
uniform,sigma_log_dpm,"Sigma-space DPM-1, log sigma",50,1,9,0.9,0.9860399961471558
uniform,sigma_log_dpm,"Sigma-space DPM-1, log sigma",50,1,9,0.95,0.9965192675590516
uniform,dpm2_log,"DPM-2 + corrector, log sigma",10,1,9,0.5,0.6824954748153687
uniform,dpm2_log,"DPM-2 + corrector, log sigma",10,1,9,0.8,0.9423905611038208
uniform,dpm2_log,"DPM-2 + corrector, log sigma",10,1,9,0.9,0.9851597547531128
uniform,dpm2_log,"DPM-2 + corrector, log sigma",10,1,9,0.95,0.9962947368621826
uniform,dpm2_log,"DPM-2 + corrector, log sigma",50,1,9,0.5,0.6106339693069458
uniform,dpm2_log,"DPM-2 + corrector, log sigma",50,1,9,0.8,0.8980429172515869
uniform,dpm2_log,"DPM-2 + corrector, log sigma",50,1,9,0.9,0.9641838073730468
uniform,dpm2_log,"DPM-2 + corrector, log sigma",50,1,9,0.95,0.9876174926757812
uniform,sigma_log_dpm,"Sigma-space DPM-1, log sigma",10,1,10,0.5,0.6261698007583618
uniform,sigma_log_dpm,"Sigma-space DPM-1, log sigma",10,1,10,0.8,0.9105640649795532
uniform,sigma_log_dpm,"Sigma-space DPM-1, log sigma",10,1,10,0.9,0.9713247418403624
uniform,sigma_log_dpm,"Sigma-space DPM-1, log sigma",10,1,10,0.95,0.9910937547683716
uniform,sigma_log_dpm,"Sigma-space DPM-1, log sigma",50,1,10,0.5,0.6415292620658875
uniform,sigma_log_dpm,"Sigma-space DPM-1, log sigma",50,1,10,0.8,0.9216040968894958
uniform,sigma_log_dpm,"Sigma-space DPM-1, log sigma",50,1,10,0.9,0.9769899845123292
uniform,sigma_log_dpm,"Sigma-space DPM-1, log sigma",50,1,10,0.95,0.993549108505249
uniform,dpm2_log,"DPM-2 + corrector, log sigma",10,1,10,0.5,0.6815923452377319
uniform,dpm2_log,"DPM-2 + corrector, log sigma",10,1,10,0.8,0.9418269395828248
uniform,dpm2_log,"DPM-2 + corrector, log sigma",10,1,10,0.9,0.9848949313163756
uniform,dpm2_log,"DPM-2 + corrector, log sigma",10,1,10,0.95,0.9961880445480348
uniform,dpm2_log,"DPM-2 + corrector, log sigma",50,1,10,0.5,0.6117528676986694
uniform,dpm2_log,"DPM-2 + corrector, log sigma",50,1,10,0.8,0.8989553451538086
uniform,dpm2_log,"DPM-2 + corrector, log sigma",50,1,10,0.9,0.964722216129303
uniform,dpm2_log,"DPM-2 + corrector, log sigma",50,1,10,0.95,0.9878928661346436
uniform,sigma_log_dpm,"Sigma-space DPM-1, log sigma",10,1,11,0.5,0.5228112936019897
uniform,sigma_log_dpm,"Sigma-space DPM-1, log sigma",10,1,11,0.8,0.8329892158508301
uniform,sigma_log_dpm,"Sigma-space DPM-1, log sigma",10,1,11,0.9,0.9290368556976318
uniform,sigma_log_dpm,"Sigma-space DPM-1, log sigma",10,1,11,0.95,0.9713059067726136
uniform,sigma_log_dpm,"Sigma-space DPM-1, log sigma",50,1,11,0.5,0.5781710743904114
uniform,sigma_log_dpm,"Sigma-space DPM-1, log sigma",50,1,11,0.8,0.8846063613891602
uniform,sigma_log_dpm,"Sigma-space DPM-1, log sigma",50,1,11,0.9,0.9611625075340272
uniform,sigma_log_dpm,"Sigma-space DPM-1, log sigma",50,1,11,0.95,0.987905502319336
uniform,dpm2_log,"DPM-2 + corrector, log sigma",10,1,11,0.5,0.6165119409561157
uniform,dpm2_log,"DPM-2 + corrector, log sigma",10,1,11,0.8,0.906482458114624
uniform,dpm2_log,"DPM-2 + corrector, log sigma",10,1,11,0.9,0.9702314138412476
uniform,dpm2_log,"DPM-2 + corrector, log sigma",10,1,11,0.95,0.9909985065460204
uniform,dpm2_log,"DPM-2 + corrector, log sigma",50,1,11,0.5,0.5828531384468079
uniform,dpm2_log,"DPM-2 + corrector, log sigma",50,1,11,0.8,0.8780388832092285
uniform,dpm2_log,"DPM-2 + corrector, log sigma",50,1,11,0.9,0.9534250497817992
uniform,dpm2_log,"DPM-2 + corrector, log sigma",50,1,11,0.95,0.98256117105484
uniform,sigma_log_dpm,"Sigma-space DPM-1, log sigma",10,1,12,0.5,0.486405611038208
uniform,sigma_log_dpm,"Sigma-space DPM-1, log sigma",10,1,12,0.8,0.807597279548645
uniform,sigma_log_dpm,"Sigma-space DPM-1, log sigma",10,1,12,0.9,0.9171659350395204
uniform,sigma_log_dpm,"Sigma-space DPM-1, log sigma",10,1,12,0.95,0.9670501947402954
uniform,sigma_log_dpm,"Sigma-space DPM-1, log sigma",50,1,12,0.5,0.5302003622055054
uniform,sigma_log_dpm,"Sigma-space DPM-1, log sigma",50,1,12,0.8,0.8430485725402832
uniform,sigma_log_dpm,"Sigma-space DPM-1, log sigma",50,1,12,0.9,0.9376766681671144
uniform,sigma_log_dpm,"Sigma-space DPM-1, log sigma",50,1,12,0.95,0.9770937561988832
uniform,dpm2_log,"DPM-2 + corrector, log sigma",10,1,12,0.5,0.5871373414993286
uniform,dpm2_log,"DPM-2 + corrector, log sigma",10,1,12,0.8,0.8851787447929382
uniform,dpm2_log,"DPM-2 + corrector, log sigma",10,1,12,0.9,0.9595123529434204
uniform,dpm2_log,"DPM-2 + corrector, log sigma",10,1,12,0.95,0.9865242838859558
uniform,dpm2_log,"DPM-2 + corrector, log sigma",50,1,12,0.5,0.5696969628334045
uniform,dpm2_log,"DPM-2 + corrector, log sigma",50,1,12,0.8,0.8654741048812866
uniform,dpm2_log,"DPM-2 + corrector, log sigma",50,1,12,0.9,0.9450240135192872
uniform,dpm2_log,"DPM-2 + corrector, log sigma",50,1,12,0.95,0.9777036905288696
uniform,sigma_log_dpm,"Sigma-space DPM-1, log sigma",10,1,13,0.5,0.6135786771774292
uniform,sigma_log_dpm,"Sigma-space DPM-1, log sigma",10,1,13,0.8,0.9011375904083252
uniform,sigma_log_dpm,"Sigma-space DPM-1, log sigma",10,1,13,0.9,0.9661697149276732
uniform,sigma_log_dpm,"Sigma-space DPM-1, log sigma",10,1,13,0.95,0.9886599779129028
uniform,sigma_log_dpm,"Sigma-space DPM-1, log sigma",50,1,13,0.5,0.6699314117431641
uniform,sigma_log_dpm,"Sigma-space DPM-1, log sigma",50,1,13,0.8,0.935316562652588
uniform,sigma_log_dpm,"Sigma-space DPM-1, log sigma",50,1,13,0.9,0.9820942878723145
uniform,sigma_log_dpm,"Sigma-space DPM-1, log sigma",50,1,13,0.95,0.9951468110084534
uniform,dpm2_log,"DPM-2 + corrector, log sigma",10,1,13,0.5,0.6466284394264221
uniform,dpm2_log,"DPM-2 + corrector, log sigma",10,1,13,0.8,0.922459065914154
uniform,dpm2_log,"DPM-2 + corrector, log sigma",10,1,13,0.9,0.9765081405639648
uniform,dpm2_log,"DPM-2 + corrector, log sigma",10,1,13,0.95,0.9930073022842408
uniform,dpm2_log,"DPM-2 + corrector, log sigma",50,1,13,0.5,0.5872372388839722
uniform,dpm2_log,"DPM-2 + corrector, log sigma",50,1,13,0.8,0.880358099937439
uniform,dpm2_log,"DPM-2 + corrector, log sigma",50,1,13,0.9,0.9542337656021118
uniform,dpm2_log,"DPM-2 + corrector, log sigma",50,1,13,0.95,0.982702374458313
uniform,sigma_log_dpm,"Sigma-space DPM-1, log sigma",10,1,14,0.5,0.5663617253303528
uniform,sigma_log_dpm,"Sigma-space DPM-1, log sigma",10,1,14,0.8,0.8658736944198608
uniform,sigma_log_dpm,"Sigma-space DPM-1, log sigma",10,1,14,0.9,0.9468815922737122
uniform,sigma_log_dpm,"Sigma-space DPM-1, log sigma",10,1,14,0.95,0.9795438051223756
uniform,sigma_log_dpm,"Sigma-space DPM-1, log sigma",50,1,14,0.5,0.62705397605896
uniform,sigma_log_dpm,"Sigma-space DPM-1, log sigma",50,1,14,0.8,0.9102310538291932
uniform,sigma_log_dpm,"Sigma-space DPM-1, log sigma",50,1,14,0.9,0.9709540605545044
uniform,sigma_log_dpm,"Sigma-space DPM-1, log sigma",50,1,14,0.95,0.9909011125564576
uniform,dpm2_log,"DPM-2 + corrector, log sigma",10,1,14,0.5,0.6119189262390137
uniform,dpm2_log,"DPM-2 + corrector, log sigma",10,1,14,0.8,0.8997014164924622
uniform,dpm2_log,"DPM-2 + corrector, log sigma",10,1,14,0.9,0.9654028415679932
uniform,dpm2_log,"DPM-2 + corrector, log sigma",10,1,14,0.95,0.9883424043655396
uniform,dpm2_log,"DPM-2 + corrector, log sigma",50,1,14,0.5,0.5899338126182556
uniform,dpm2_log,"DPM-2 + corrector, log sigma",50,1,14,0.8,0.8824734687805176
uniform,dpm2_log,"DPM-2 + corrector, log sigma",50,1,14,0.9,0.9554638266563416
uniform,dpm2_log,"DPM-2 + corrector, log sigma",50,1,14,0.95,0.983331561088562
uniform,sigma_log_dpm,"Sigma-space DPM-1, log sigma",10,1,15,0.5,0.6110855340957642
uniform,sigma_log_dpm,"Sigma-space DPM-1, log sigma",10,1,15,0.8,0.8983558416366577
uniform,sigma_log_dpm,"Sigma-space DPM-1, log sigma",10,1,15,0.9,0.9643363356590272
uniform,sigma_log_dpm,"Sigma-space DPM-1, log sigma",10,1,15,0.95,0.987678050994873
uniform,sigma_log_dpm,"Sigma-space DPM-1, log sigma",50,1,15,0.5,0.6797186136245728
uniform,sigma_log_dpm,"Sigma-space DPM-1, log sigma",50,1,15,0.8,0.9414477944374084
uniform,sigma_log_dpm,"Sigma-space DPM-1, log sigma",50,1,15,0.9,0.98492693901062
uniform,sigma_log_dpm,"Sigma-space DPM-1, log sigma",50,1,15,0.95,0.9962584376335144
uniform,dpm2_log,"DPM-2 + corrector, log sigma",10,1,15,0.5,0.6463408470153809
uniform,dpm2_log,"DPM-2 + corrector, log sigma",10,1,15,0.8,0.9219070076942444
uniform,dpm2_log,"DPM-2 + corrector, log sigma",10,1,15,0.9,0.9762221574783324
uniform,dpm2_log,"DPM-2 + corrector, log sigma",10,1,15,0.95,0.992916703224182
uniform,dpm2_log,"DPM-2 + corrector, log sigma",50,1,15,0.5,0.5968977212905884
uniform,dpm2_log,"DPM-2 + corrector, log sigma",50,1,15,0.8,0.8877894282341003
uniform,dpm2_log,"DPM-2 + corrector, log sigma",50,1,15,0.9,0.9584797024726868
uniform,dpm2_log,"DPM-2 + corrector, log sigma",50,1,15,0.95,0.984833836555481
uniform,sigma_log_dpm,"Sigma-space DPM-1, log sigma",10,2,0,0.5,0.5717477202415466
uniform,sigma_log_dpm,"Sigma-space DPM-1, log sigma",10,2,0,0.8,0.8712968826293945
uniform,sigma_log_dpm,"Sigma-space DPM-1, log sigma",10,2,0,0.9,0.9503774046897888
uniform,sigma_log_dpm,"Sigma-space DPM-1, log sigma",10,2,0,0.95,0.9814075827598572
uniform,sigma_log_dpm,"Sigma-space DPM-1, log sigma",50,2,0,0.5,0.6158634424209595
uniform,sigma_log_dpm,"Sigma-space DPM-1, log sigma",50,2,0,0.8,0.9057679176330566
uniform,sigma_log_dpm,"Sigma-space DPM-1, log sigma",50,2,0,0.9,0.969677209854126
uniform,sigma_log_dpm,"Sigma-space DPM-1, log sigma",50,2,0,0.95,0.9906628131866456
uniform,dpm2_log,"DPM-2 + corrector, log sigma",10,2,0,0.5,0.617011547088623
uniform,dpm2_log,"DPM-2 + corrector, log sigma",10,2,0,0.8,0.9052344560623168
uniform,dpm2_log,"DPM-2 + corrector, log sigma",10,2,0,0.9,0.9689807295799256
uniform,dpm2_log,"DPM-2 + corrector, log sigma",10,2,0,0.95,0.990214467048645
uniform,dpm2_log,"DPM-2 + corrector, log sigma",50,2,0,0.5,0.5940226316452026
uniform,dpm2_log,"DPM-2 + corrector, log sigma",50,2,0,0.8,0.885661780834198
uniform,dpm2_log,"DPM-2 + corrector, log sigma",50,2,0,0.9,0.9573068618774414
uniform,dpm2_log,"DPM-2 + corrector, log sigma",50,2,0,0.95,0.9842678308486938
uniform,sigma_log_dpm,"Sigma-space DPM-1, log sigma",10,2,1,0.5,0.5274294018745422
uniform,sigma_log_dpm,"Sigma-space DPM-1, log sigma",10,2,1,0.8,0.8337613344192505
uniform,sigma_log_dpm,"Sigma-space DPM-1, log sigma",10,2,1,0.9,0.9279794692993164
uniform,sigma_log_dpm,"Sigma-space DPM-1, log sigma",10,2,1,0.95,0.9699926376342772
uniform,sigma_log_dpm,"Sigma-space DPM-1, log sigma",50,2,1,0.5,0.5444607734680176
uniform,sigma_log_dpm,"Sigma-space DPM-1, log sigma",50,2,1,0.8,0.8535722494125366
uniform,sigma_log_dpm,"Sigma-space DPM-1, log sigma",50,2,1,0.9,0.9422361850738524
uniform,sigma_log_dpm,"Sigma-space DPM-1, log sigma",50,2,1,0.95,0.9784102439880372
uniform,dpm2_log,"DPM-2 + corrector, log sigma",10,2,1,0.5,0.5731755495071411
uniform,dpm2_log,"DPM-2 + corrector, log sigma",10,2,1,0.8,0.8707118034362793
uniform,dpm2_log,"DPM-2 + corrector, log sigma",10,2,1,0.9,0.9493824243545532
uniform,dpm2_log,"DPM-2 + corrector, log sigma",10,2,1,0.95,0.9806406497955322
uniform,dpm2_log,"DPM-2 + corrector, log sigma",50,2,1,0.5,0.557256817817688
uniform,dpm2_log,"DPM-2 + corrector, log sigma",50,2,1,0.8,0.8570083379745483
uniform,dpm2_log,"DPM-2 + corrector, log sigma",50,2,1,0.9,0.9407466650009156
uniform,dpm2_log,"DPM-2 + corrector, log sigma",50,2,1,0.95,0.9758537411689758
uniform,sigma_log_dpm,"Sigma-space DPM-1, log sigma",10,2,2,0.5,0.5248905420303345
uniform,sigma_log_dpm,"Sigma-space DPM-1, log sigma",10,2,2,0.8,0.8378465175628662
uniform,sigma_log_dpm,"Sigma-space DPM-1, log sigma",10,2,2,0.9,0.9327723383903505
uniform,sigma_log_dpm,"Sigma-space DPM-1, log sigma",10,2,2,0.95,0.9734238386154176
uniform,sigma_log_dpm,"Sigma-space DPM-1, log sigma",50,2,2,0.5,0.5696536898612976
uniform,sigma_log_dpm,"Sigma-space DPM-1, log sigma",50,2,2,0.8,0.8729026913642883
uniform,sigma_log_dpm,"Sigma-space DPM-1, log sigma",50,2,2,0.9,0.9526010155677797
uniform,sigma_log_dpm,"Sigma-space DPM-1, log sigma",50,2,2,0.95,0.983066976070404
uniform,dpm2_log,"DPM-2 + corrector, log sigma",10,2,2,0.5,0.6221379041671753
uniform,dpm2_log,"DPM-2 + corrector, log sigma",10,2,2,0.8,0.9081496000289916
uniform,dpm2_log,"DPM-2 + corrector, log sigma",10,2,2,0.9,0.9702694416046144
uniform,dpm2_log,"DPM-2 + corrector, log sigma",10,2,2,0.95,0.9907131791114808
uniform,dpm2_log,"DPM-2 + corrector, log sigma",50,2,2,0.5,0.5755690932273865
uniform,dpm2_log,"DPM-2 + corrector, log sigma",50,2,2,0.8,0.8710650205612183
uniform,dpm2_log,"DPM-2 + corrector, log sigma",50,2,2,0.9,0.9487588405609132
uniform,dpm2_log,"DPM-2 + corrector, log sigma",50,2,2,0.95,0.9798638224601746
uniform,sigma_log_dpm,"Sigma-space DPM-1, log sigma",10,2,3,0.5,0.3344976305961609
uniform,sigma_log_dpm,"Sigma-space DPM-1, log sigma",10,2,3,0.8,0.6683109998703003
uniform,sigma_log_dpm,"Sigma-space DPM-1, log sigma",10,2,3,0.9,0.8255724906921387
uniform,sigma_log_dpm,"Sigma-space DPM-1, log sigma",10,2,3,0.95,0.9148916006088256
uniform,sigma_log_dpm,"Sigma-space DPM-1, log sigma",50,2,3,0.5,0.3666622638702392
uniform,sigma_log_dpm,"Sigma-space DPM-1, log sigma",50,2,3,0.8,0.7062102556228638
uniform,sigma_log_dpm,"Sigma-space DPM-1, log sigma",50,2,3,0.9,0.85426926612854
uniform,sigma_log_dpm,"Sigma-space DPM-1, log sigma",50,2,3,0.95,0.9330963492393494
uniform,dpm2_log,"DPM-2 + corrector, log sigma",10,2,3,0.5,0.4631936550140381
uniform,dpm2_log,"DPM-2 + corrector, log sigma",10,2,3,0.8,0.7952439785003662
uniform,dpm2_log,"DPM-2 + corrector, log sigma",10,2,3,0.9,0.9107961654663086
uniform,dpm2_log,"DPM-2 + corrector, log sigma",10,2,3,0.95,0.96358323097229
uniform,dpm2_log,"DPM-2 + corrector, log sigma",50,2,3,0.5,0.4801782369613647
uniform,dpm2_log,"DPM-2 + corrector, log sigma",50,2,3,0.8,0.7885676622390747
uniform,dpm2_log,"DPM-2 + corrector, log sigma",50,2,3,0.9,0.8964855670928955
uniform,dpm2_log,"DPM-2 + corrector, log sigma",50,2,3,0.95,0.9505959749221802
uniform,sigma_log_dpm,"Sigma-space DPM-1, log sigma",10,2,4,0.5,0.3279586136341095
uniform,sigma_log_dpm,"Sigma-space DPM-1, log sigma",10,2,4,0.8,0.6344983577728271
uniform,sigma_log_dpm,"Sigma-space DPM-1, log sigma",10,2,4,0.9,0.787488579750061
uniform,sigma_log_dpm,"Sigma-space DPM-1, log sigma",10,2,4,0.95,0.8837697505950928
uniform,sigma_log_dpm,"Sigma-space DPM-1, log sigma",50,2,4,0.5,0.4168037176132202
uniform,sigma_log_dpm,"Sigma-space DPM-1, log sigma",50,2,4,0.8,0.7373086214065552
uniform,sigma_log_dpm,"Sigma-space DPM-1, log sigma",50,2,4,0.9,0.867504894733429
uniform,sigma_log_dpm,"Sigma-space DPM-1, log sigma",50,2,4,0.95,0.9372401237487792
uniform,dpm2_log,"DPM-2 + corrector, log sigma",10,2,4,0.5,0.4378649890422821
uniform,dpm2_log,"DPM-2 + corrector, log sigma",10,2,4,0.8,0.7652369141578674
uniform,dpm2_log,"DPM-2 + corrector, log sigma",10,2,4,0.9,0.8894258737564087
uniform,dpm2_log,"DPM-2 + corrector, log sigma",10,2,4,0.95,0.9511550664901732
uniform,dpm2_log,"DPM-2 + corrector, log sigma",50,2,4,0.5,0.5011997222900391
uniform,dpm2_log,"DPM-2 + corrector, log sigma",50,2,4,0.8,0.8071433305740356
uniform,dpm2_log,"DPM-2 + corrector, log sigma",50,2,4,0.9,0.9084922671318054
uniform,dpm2_log,"DPM-2 + corrector, log sigma",50,2,4,0.95,0.9574665427207948
uniform,sigma_log_dpm,"Sigma-space DPM-1, log sigma",10,2,5,0.5,0.5385007262229919
uniform,sigma_log_dpm,"Sigma-space DPM-1, log sigma",10,2,5,0.8,0.8396531343460083
uniform,sigma_log_dpm,"Sigma-space DPM-1, log sigma",10,2,5,0.9,0.929850459098816
uniform,sigma_log_dpm,"Sigma-space DPM-1, log sigma",10,2,5,0.95,0.9700914025306702
uniform,sigma_log_dpm,"Sigma-space DPM-1, log sigma",50,2,5,0.5,0.5503242015838623
uniform,sigma_log_dpm,"Sigma-space DPM-1, log sigma",50,2,5,0.8,0.8551570177078247
uniform,sigma_log_dpm,"Sigma-space DPM-1, log sigma",50,2,5,0.9,0.9417543411254884
uniform,sigma_log_dpm,"Sigma-space DPM-1, log sigma",50,2,5,0.95,0.9775328040122986
uniform,dpm2_log,"DPM-2 + corrector, log sigma",10,2,5,0.5,0.5913392305374146
uniform,dpm2_log,"DPM-2 + corrector, log sigma",10,2,5,0.8,0.8863646984100342
uniform,dpm2_log,"DPM-2 + corrector, log sigma",10,2,5,0.9,0.958886444568634
uniform,dpm2_log,"DPM-2 + corrector, log sigma",10,2,5,0.95,0.9855824112892152
uniform,dpm2_log,"DPM-2 + corrector, log sigma",50,2,5,0.5,0.5753979682922363
uniform,dpm2_log,"DPM-2 + corrector, log sigma",50,2,5,0.8,0.8711770176887512
uniform,dpm2_log,"DPM-2 + corrector, log sigma",50,2,5,0.9,0.9489530324935912
uniform,dpm2_log,"DPM-2 + corrector, log sigma",50,2,5,0.95,0.9800339937210084
uniform,sigma_log_dpm,"Sigma-space DPM-1, log sigma",10,2,6,0.5,0.5273817777633667
uniform,sigma_log_dpm,"Sigma-space DPM-1, log sigma",10,2,6,0.8,0.8381094932556152
uniform,sigma_log_dpm,"Sigma-space DPM-1, log sigma",10,2,6,0.9,0.9327749609947203
uniform,sigma_log_dpm,"Sigma-space DPM-1, log sigma",10,2,6,0.95,0.9735636711120604
uniform,sigma_log_dpm,"Sigma-space DPM-1, log sigma",50,2,6,0.5,0.5322179198265076
uniform,sigma_log_dpm,"Sigma-space DPM-1, log sigma",50,2,6,0.8,0.8417437672615051
uniform,sigma_log_dpm,"Sigma-space DPM-1, log sigma",50,2,6,0.9,0.9346652030944824
uniform,sigma_log_dpm,"Sigma-space DPM-1, log sigma",50,2,6,0.95,0.9743731021881104
uniform,dpm2_log,"DPM-2 + corrector, log sigma",10,2,6,0.5,0.5890305042266846
uniform,dpm2_log,"DPM-2 + corrector, log sigma",10,2,6,0.8,0.8830958604812622
uniform,dpm2_log,"DPM-2 + corrector, log sigma",10,2,6,0.9,0.956575870513916
uniform,dpm2_log,"DPM-2 + corrector, log sigma",10,2,6,0.95,0.9843047261238098
uniform,dpm2_log,"DPM-2 + corrector, log sigma",50,2,6,0.5,0.5700485706329346
uniform,dpm2_log,"DPM-2 + corrector, log sigma",50,2,6,0.8,0.8663711547851562
uniform,dpm2_log,"DPM-2 + corrector, log sigma",50,2,6,0.9,0.9458357095718384
uniform,dpm2_log,"DPM-2 + corrector, log sigma",50,2,6,0.95,0.9782602787017822
uniform,sigma_log_dpm,"Sigma-space DPM-1, log sigma",10,2,7,0.5,0.3998953700065613
uniform,sigma_log_dpm,"Sigma-space DPM-1, log sigma",10,2,7,0.8,0.7217980623245239
uniform,sigma_log_dpm,"Sigma-space DPM-1, log sigma",10,2,7,0.9,0.8592524528503418
uniform,sigma_log_dpm,"Sigma-space DPM-1, log sigma",10,2,7,0.95,0.9341571927070618
uniform,sigma_log_dpm,"Sigma-space DPM-1, log sigma",50,2,7,0.5,0.4288163483142853
uniform,sigma_log_dpm,"Sigma-space DPM-1, log sigma",50,2,7,0.8,0.7592288851737976
uniform,sigma_log_dpm,"Sigma-space DPM-1, log sigma",50,2,7,0.9,0.8884527087211609
uniform,sigma_log_dpm,"Sigma-space DPM-1, log sigma",50,2,7,0.95,0.9526407718658448
uniform,dpm2_log,"DPM-2 + corrector, log sigma",10,2,7,0.5,0.4966902136802673
uniform,dpm2_log,"DPM-2 + corrector, log sigma",10,2,7,0.8,0.8266797065734863
uniform,dpm2_log,"DPM-2 + corrector, log sigma",10,2,7,0.9,0.931166410446167
uniform,dpm2_log,"DPM-2 + corrector, log sigma",10,2,7,0.95,0.9747315049171448
uniform,dpm2_log,"DPM-2 + corrector, log sigma",50,2,7,0.5,0.5223708152770996
uniform,dpm2_log,"DPM-2 + corrector, log sigma",50,2,7,0.8,0.828596830368042
uniform,dpm2_log,"DPM-2 + corrector, log sigma",50,2,7,0.9,0.9237060546875
uniform,dpm2_log,"DPM-2 + corrector, log sigma",50,2,7,0.95,0.9668663144111632
uniform,sigma_log_dpm,"Sigma-space DPM-1, log sigma",10,2,8,0.5,0.601669430732727
uniform,sigma_log_dpm,"Sigma-space DPM-1, log sigma",10,2,8,0.8,0.8960479497909546
uniform,sigma_log_dpm,"Sigma-space DPM-1, log sigma",10,2,8,0.9,0.9648914337158204
uniform,sigma_log_dpm,"Sigma-space DPM-1, log sigma",10,2,8,0.95,0.9886780977249146
uniform,sigma_log_dpm,"Sigma-space DPM-1, log sigma",50,2,8,0.5,0.6308961510658264
uniform,sigma_log_dpm,"Sigma-space DPM-1, log sigma",50,2,8,0.8,0.9140390157699584
uniform,sigma_log_dpm,"Sigma-space DPM-1, log sigma",50,2,8,0.9,0.9732290506362916
uniform,sigma_log_dpm,"Sigma-space DPM-1, log sigma",50,2,8,0.95,0.9919934272766112
uniform,dpm2_log,"DPM-2 + corrector, log sigma",10,2,8,0.5,0.6573889255523682
uniform,dpm2_log,"DPM-2 + corrector, log sigma",10,2,8,0.8,0.9287714958190918
uniform,dpm2_log,"DPM-2 + corrector, log sigma",10,2,8,0.9,0.9794890880584716
uniform,dpm2_log,"DPM-2 + corrector, log sigma",10,2,8,0.95,0.9942715167999268
uniform,dpm2_log,"DPM-2 + corrector, log sigma",50,2,8,0.5,0.5691937804222107
uniform,dpm2_log,"DPM-2 + corrector, log sigma",50,2,8,0.8,0.8655813336372375
uniform,dpm2_log,"DPM-2 + corrector, log sigma",50,2,8,0.9,0.9453050494194032
uniform,dpm2_log,"DPM-2 + corrector, log sigma",50,2,8,0.95,0.977944314479828
uniform,sigma_log_dpm,"Sigma-space DPM-1, log sigma",10,2,9,0.5,0.6099770665168762
uniform,sigma_log_dpm,"Sigma-space DPM-1, log sigma",10,2,9,0.8,0.8979374170303345
uniform,sigma_log_dpm,"Sigma-space DPM-1, log sigma",10,2,9,0.9,0.964293658733368
uniform,sigma_log_dpm,"Sigma-space DPM-1, log sigma",10,2,9,0.95,0.9877482056617736
uniform,sigma_log_dpm,"Sigma-space DPM-1, log sigma",50,2,9,0.5,0.6579803228378296
uniform,sigma_log_dpm,"Sigma-space DPM-1, log sigma",50,2,9,0.8,0.929467797279358
uniform,sigma_log_dpm,"Sigma-space DPM-1, log sigma",50,2,9,0.9,0.9798902869224548
uniform,sigma_log_dpm,"Sigma-space DPM-1, log sigma",50,2,9,0.95,0.9944478273391724
uniform,dpm2_log,"DPM-2 + corrector, log sigma",10,2,9,0.5,0.6435548067092896
uniform,dpm2_log,"DPM-2 + corrector, log sigma",10,2,9,0.8,0.9203884601593018
uniform,dpm2_log,"DPM-2 + corrector, log sigma",10,2,9,0.9,0.9755951166152954
uniform,dpm2_log,"DPM-2 + corrector, log sigma",10,2,9,0.95,0.9926985502243042
uniform,dpm2_log,"DPM-2 + corrector, log sigma",50,2,9,0.5,0.5989476442337036
uniform,dpm2_log,"DPM-2 + corrector, log sigma",50,2,9,0.8,0.8894535899162292
uniform,dpm2_log,"DPM-2 + corrector, log sigma",50,2,9,0.9,0.9594728946685792
uniform,dpm2_log,"DPM-2 + corrector, log sigma",50,2,9,0.95,0.985353946685791
uniform,sigma_log_dpm,"Sigma-space DPM-1, log sigma",10,2,10,0.5,0.6178616285324097
uniform,sigma_log_dpm,"Sigma-space DPM-1, log sigma",10,2,10,0.8,0.9047563672065736
uniform,sigma_log_dpm,"Sigma-space DPM-1, log sigma",10,2,10,0.9,0.9683529138565063
uniform,sigma_log_dpm,"Sigma-space DPM-1, log sigma",10,2,10,0.95,0.9897912740707396
uniform,sigma_log_dpm,"Sigma-space DPM-1, log sigma",50,2,10,0.5,0.6373237371444702
uniform,sigma_log_dpm,"Sigma-space DPM-1, log sigma",50,2,10,0.8,0.9174011945724488
uniform,sigma_log_dpm,"Sigma-space DPM-1, log sigma",50,2,10,0.9,0.974494993686676
uniform,sigma_log_dpm,"Sigma-space DPM-1, log sigma",50,2,10,0.95,0.9923607110977172
uniform,dpm2_log,"DPM-2 + corrector, log sigma",10,2,10,0.5,0.6624042987823486
uniform,dpm2_log,"DPM-2 + corrector, log sigma",10,2,10,0.8,0.9310375452041626
uniform,dpm2_log,"DPM-2 + corrector, log sigma",10,2,10,0.9,0.9802329540252686
uniform,dpm2_log,"DPM-2 + corrector, log sigma",10,2,10,0.95,0.994449496269226
uniform,dpm2_log,"DPM-2 + corrector, log sigma",50,2,10,0.5,0.5862622261047363
uniform,dpm2_log,"DPM-2 + corrector, log sigma",50,2,10,0.8,0.8795201778411865
uniform,dpm2_log,"DPM-2 + corrector, log sigma",50,2,10,0.9,0.953708291053772
uniform,dpm2_log,"DPM-2 + corrector, log sigma",50,2,10,0.95,0.9824125170707704
uniform,sigma_log_dpm,"Sigma-space DPM-1, log sigma",10,2,11,0.5,0.5869478583335876
uniform,sigma_log_dpm,"Sigma-space DPM-1, log sigma",10,2,11,0.8,0.8863661289215088
uniform,sigma_log_dpm,"Sigma-space DPM-1, log sigma",10,2,11,0.9,0.9602446556091307
uniform,sigma_log_dpm,"Sigma-space DPM-1, log sigma",10,2,11,0.95,0.986792266368866
uniform,sigma_log_dpm,"Sigma-space DPM-1, log sigma",50,2,11,0.5,0.579351544380188
uniform,sigma_log_dpm,"Sigma-space DPM-1, log sigma",50,2,11,0.8,0.8784828186035156
uniform,sigma_log_dpm,"Sigma-space DPM-1, log sigma",50,2,11,0.9,0.9554260969161988
uniform,sigma_log_dpm,"Sigma-space DPM-1, log sigma",50,2,11,0.95,0.9844347238540648
uniform,dpm2_log,"DPM-2 + corrector, log sigma",10,2,11,0.5,0.6502336263656616
uniform,dpm2_log,"DPM-2 + corrector, log sigma",10,2,11,0.8,0.9251563549041748
uniform,dpm2_log,"DPM-2 + corrector, log sigma",10,2,11,0.9,0.9780709147453308
uniform,dpm2_log,"DPM-2 + corrector, log sigma",10,2,11,0.95,0.9937950372695924
uniform,dpm2_log,"DPM-2 + corrector, log sigma",50,2,11,0.5,0.5818767547607422
uniform,dpm2_log,"DPM-2 + corrector, log sigma",50,2,11,0.8,0.8759503364562988
uniform,dpm2_log,"DPM-2 + corrector, log sigma",50,2,11,0.9,0.9515672326087952
uniform,dpm2_log,"DPM-2 + corrector, log sigma",50,2,11,0.95,0.9812828302383424
uniform,sigma_log_dpm,"Sigma-space DPM-1, log sigma",10,2,12,0.5,0.5344821214675903
uniform,sigma_log_dpm,"Sigma-space DPM-1, log sigma",10,2,12,0.8,0.8506544828414917
uniform,sigma_log_dpm,"Sigma-space DPM-1, log sigma",10,2,12,0.9,0.9427661299705504
uniform,sigma_log_dpm,"Sigma-space DPM-1, log sigma",10,2,12,0.95,0.9796091318130492
uniform,sigma_log_dpm,"Sigma-space DPM-1, log sigma",50,2,12,0.5,0.5489771366119385
uniform,sigma_log_dpm,"Sigma-space DPM-1, log sigma",50,2,12,0.8,0.8567506670951843
uniform,sigma_log_dpm,"Sigma-space DPM-1, log sigma",50,2,12,0.9,0.9439709782600404
uniform,sigma_log_dpm,"Sigma-space DPM-1, log sigma",50,2,12,0.95,0.9792486429214478
uniform,dpm2_log,"DPM-2 + corrector, log sigma",10,2,12,0.5,0.6281566619873047
uniform,dpm2_log,"DPM-2 + corrector, log sigma",10,2,12,0.8,0.9140735864639282
uniform,dpm2_log,"DPM-2 + corrector, log sigma",10,2,12,0.9,0.9738039970397948
uniform,dpm2_log,"DPM-2 + corrector, log sigma",10,2,12,0.95,0.9924089908599854
uniform,dpm2_log,"DPM-2 + corrector, log sigma",50,2,12,0.5,0.5869379043579102
uniform,dpm2_log,"DPM-2 + corrector, log sigma",50,2,12,0.8,0.8801295757293701
uniform,dpm2_log,"DPM-2 + corrector, log sigma",50,2,12,0.9,0.9541060328483582
uniform,dpm2_log,"DPM-2 + corrector, log sigma",50,2,12,0.95,0.9826406836509703
uniform,sigma_log_dpm,"Sigma-space DPM-1, log sigma",10,2,13,0.5,0.6223829388618469
uniform,sigma_log_dpm,"Sigma-space DPM-1, log sigma",10,2,13,0.8,0.9071060419082642
uniform,sigma_log_dpm,"Sigma-space DPM-1, log sigma",10,2,13,0.9,0.96928209066391
uniform,sigma_log_dpm,"Sigma-space DPM-1, log sigma",10,2,13,0.95,0.99009907245636
uniform,sigma_log_dpm,"Sigma-space DPM-1, log sigma",50,2,13,0.5,0.6319154500961304
uniform,sigma_log_dpm,"Sigma-space DPM-1, log sigma",50,2,13,0.8,0.9134748578071594
uniform,sigma_log_dpm,"Sigma-space DPM-1, log sigma",50,2,13,0.9,0.9724621772766112
uniform,sigma_log_dpm,"Sigma-space DPM-1, log sigma",50,2,13,0.95,0.9914711713790894
uniform,dpm2_log,"DPM-2 + corrector, log sigma",10,2,13,0.5,0.6341791152954102
uniform,dpm2_log,"DPM-2 + corrector, log sigma",10,2,13,0.8,0.9141668081283568
uniform,dpm2_log,"DPM-2 + corrector, log sigma",10,2,13,0.9,0.9724891185760498
uniform,dpm2_log,"DPM-2 + corrector, log sigma",10,2,13,0.95,0.991351842880249
uniform,dpm2_log,"DPM-2 + corrector, log sigma",50,2,13,0.5,0.5834870934486389
uniform,dpm2_log,"DPM-2 + corrector, log sigma",50,2,13,0.8,0.877313494682312
uniform,dpm2_log,"DPM-2 + corrector, log sigma",50,2,13,0.9,0.9524095058441162
uniform,dpm2_log,"DPM-2 + corrector, log sigma",50,2,13,0.95,0.9817394018173218
uniform,sigma_log_dpm,"Sigma-space DPM-1, log sigma",10,2,14,0.5,0.5851974487304688
uniform,sigma_log_dpm,"Sigma-space DPM-1, log sigma",10,2,14,0.8,0.8819483518600464
uniform,sigma_log_dpm,"Sigma-space DPM-1, log sigma",10,2,14,0.9,0.9565503001213074
uniform,sigma_log_dpm,"Sigma-space DPM-1, log sigma",10,2,14,0.95,0.984517216682434
uniform,sigma_log_dpm,"Sigma-space DPM-1, log sigma",50,2,14,0.5,0.5959210395812988
uniform,sigma_log_dpm,"Sigma-space DPM-1, log sigma",50,2,14,0.8,0.8909679651260376
uniform,sigma_log_dpm,"Sigma-space DPM-1, log sigma",50,2,14,0.9,0.9618539810180664
uniform,sigma_log_dpm,"Sigma-space DPM-1, log sigma",50,2,14,0.95,0.9871633052825928
uniform,dpm2_log,"DPM-2 + corrector, log sigma",10,2,14,0.5,0.6264472603797913
uniform,dpm2_log,"DPM-2 + corrector, log sigma",10,2,14,0.8,0.9091011881828308
uniform,dpm2_log,"DPM-2 + corrector, log sigma",10,2,14,0.9,0.96999329328537
uniform,dpm2_log,"DPM-2 + corrector, log sigma",10,2,14,0.95,0.9902867078781128
uniform,dpm2_log,"DPM-2 + corrector, log sigma",50,2,14,0.5,0.5510118007659912
uniform,dpm2_log,"DPM-2 + corrector, log sigma",50,2,14,0.8,0.8499087691307068
uniform,dpm2_log,"DPM-2 + corrector, log sigma",50,2,14,0.9,0.935391366481781
uniform,dpm2_log,"DPM-2 + corrector, log sigma",50,2,14,0.95,0.9723970890045166
uniform,sigma_log_dpm,"Sigma-space DPM-1, log sigma",10,2,15,0.5,0.6070170402526855
uniform,sigma_log_dpm,"Sigma-space DPM-1, log sigma",10,2,15,0.8,0.8962098360061646
uniform,sigma_log_dpm,"Sigma-space DPM-1, log sigma",10,2,15,0.9,0.9635376334190368
uniform,sigma_log_dpm,"Sigma-space DPM-1, log sigma",10,2,15,0.95,0.9874703884124756
uniform,sigma_log_dpm,"Sigma-space DPM-1, log sigma",50,2,15,0.5,0.6490576267242432
uniform,sigma_log_dpm,"Sigma-space DPM-1, log sigma",50,2,15,0.8,0.9240946769714355
uniform,sigma_log_dpm,"Sigma-space DPM-1, log sigma",50,2,15,0.9,0.9774470329284668
uniform,sigma_log_dpm,"Sigma-space DPM-1, log sigma",50,2,15,0.95,0.9934945106506348
uniform,dpm2_log,"DPM-2 + corrector, log sigma",10,2,15,0.5,0.6491982936859131
uniform,dpm2_log,"DPM-2 + corrector, log sigma",10,2,15,0.8,0.9238776564598083
uniform,dpm2_log,"DPM-2 + corrector, log sigma",10,2,15,0.9,0.9772341251373292
uniform,dpm2_log,"DPM-2 + corrector, log sigma",10,2,15,0.95,0.9933658838272096
uniform,dpm2_log,"DPM-2 + corrector, log sigma",50,2,15,0.5,0.588786244392395
uniform,dpm2_log,"DPM-2 + corrector, log sigma",50,2,15,0.8,0.8814321160316467
uniform,dpm2_log,"DPM-2 + corrector, log sigma",50,2,15,0.9,0.9547845125198364
uniform,dpm2_log,"DPM-2 + corrector, log sigma",50,2,15,0.95,0.9829436540603638
