n_observations,repeat,method,parameter,parameter_index,truth,analytic_map,analytic_std,estimate
2,0,analytic,global,0,-0.11947858333587646,-0.029101144522428513,0.3985288441181183,-0.029101144522428513
2,0,analytic,local,1,-0.1339401751756668,-0.4683169722557068,0.4105673134326935,-0.4683169722557068
2,0,analytic,local,2,0.22376449406147003,0.4519473612308502,0.4105673134326935,0.4519473612308502
2,1,analytic,global,0,-1.001737117767334,-1.1289575099945068,0.3985288441181183,-1.1289575099945068
2,1,analytic,local,1,0.15220510959625244,0.24182920157909393,0.4105673134326935,0.24182920157909393
2,1,analytic,local,2,-1.0331861972808838,-0.8768671154975891,0.4105673134326935,-0.8768671154975891
2,2,analytic,global,0,0.4211232662200928,0.04894335940480232,0.3985288441181183,0.04894335940480232
2,2,analytic,local,1,-0.36044979095458984,-0.1266530454158783,0.4105673134326935,-0.1266530454158783
2,2,analytic,local,2,-0.27730417251586914,0.15418361127376556,0.4105673134326935,0.15418361127376556
2,3,analytic,global,0,0.2611561715602875,-0.29613253474235535,0.3985288441181183,-0.29613253474235535
2,3,analytic,local,1,-0.4102761149406433,-0.044214460998773575,0.4105673134326935,-0.044214460998773575
2,3,analytic,local,2,-0.4099379777908325,-0.12236011028289795,0.4105673134326935,-0.12236011028289795
2,4,analytic,global,0,0.4854675233364105,0.5548462271690369,0.3985288441181183,0.5548462271690369
2,4,analytic,local,1,-0.22590585052967072,-0.28181904554367065,0.4105673134326935,-0.28181904554367065
2,4,analytic,local,2,0.44101908802986145,0.5939195156097412,0.4105673134326935,0.5939195156097412
2,5,analytic,global,0,-0.31491920351982117,-0.4120771288871765,0.3985288441181183,-0.4120771288871765
2,5,analytic,local,1,-0.6174618005752563,-0.4840993583202362,0.4105673134326935,-0.4840993583202362
2,5,analytic,local,2,0.8938155174255371,0.2523057162761688,0.4105673134326935,0.2523057162761688
2,6,analytic,global,0,0.010931744240224361,0.028679057955741882,0.3985288441181183,0.028679057955741882
2,6,analytic,local,1,-0.026557259261608124,-0.2268747091293335,0.4105673134326935,-0.2268747091293335
2,6,analytic,local,2,0.271847665309906,0.24300652742385864,0.4105673134326935,0.24300652742385864
2,7,analytic,global,0,2.012974500656128,1.2316491603851318,0.3985288441181183,1.2316491603851318
2,7,analytic,local,1,0.6366039514541626,1.1177992820739746,0.4105673134326935,1.1177992820739746
2,7,analytic,local,2,-1.2038662433624268,-0.4249962866306305,0.4105673134326935,-0.4249962866306305
2,8,analytic,global,0,-0.5700610280036926,-0.9190118908882141,0.3985288441181183,-0.9190118908882141
2,8,analytic,local,1,-0.19795523583889008,-0.10831711441278458,0.4105673134326935,-0.10831711441278458
2,8,analytic,local,2,-0.8182656168937683,-0.40862756967544556,0.4105673134326935,-0.40862756967544556
2,9,analytic,global,0,-0.2414272576570511,-0.3218071758747101,0.3985288441181183,-0.3218071758747101
2,9,analytic,local,1,-0.22999267280101776,-0.2132207155227661,0.4105673134326935,-0.2132207155227661
2,9,analytic,local,2,0.05264123156666756,0.032203953713178635,0.4105673134326935,0.032203953713178635
2,10,analytic,global,0,0.34667032957077026,0.48494958877563477,0.3985288441181183,0.48494958877563477
2,10,analytic,local,1,0.5015133619308472,0.29554349184036255,0.4105673134326935,0.29554349184036255
2,10,analytic,local,2,0.42784661054611206,-0.022759150713682175,0.4105673134326935,-0.022759150713682175
2,11,analytic,global,0,-0.4908963143825531,0.1908569037914276,0.3985288441181183,0.1908569037914276
2,11,analytic,local,1,0.2448374480009079,-0.4441149830818176,0.4105673134326935,-0.4441149830818176
2,11,analytic,local,2,0.8382197618484497,0.5514718294143677,0.4105673134326935,0.5514718294143677
2,12,analytic,global,0,-0.9873399138450623,-0.711153507232666,0.3985288441181183,-0.711153507232666
2,12,analytic,local,1,0.11558261513710022,-0.1813211441040039,0.4105673134326935,-0.1813211441040039
2,12,analytic,local,2,0.17935049533843994,-0.2187025398015976,0.4105673134326935,-0.2187025398015976
2,13,analytic,global,0,-0.2251424640417099,-0.012095067650079727,0.3985288441181183,-0.012095067650079727
2,13,analytic,local,1,0.22511668503284454,0.23012271523475647,0.4105673134326935,0.23012271523475647
2,13,analytic,local,2,0.2758639454841614,-0.23692601919174194,0.4105673134326935,-0.23692601919174194
2,14,analytic,global,0,0.07671566307544708,0.159234881401062,0.3985288441181183,0.159234881401062
2,14,analytic,local,1,0.13299566507339478,0.3743381202220917,0.4105673134326935,0.3743381202220917
2,14,analytic,local,2,-0.23763228952884674,-0.2847682237625122,0.4105673134326935,-0.2847682237625122
2,15,analytic,global,0,0.03333522751927376,-0.25557324290275574,0.3985288441181183,-0.25557324290275574
2,15,analytic,local,1,-0.6488416790962219,-0.06561750918626785,0.4105673134326935,-0.06561750918626785
2,15,analytic,local,2,0.05523166432976723,-0.07814254611730576,0.4105673134326935,-0.07814254611730576
2,16,analytic,global,0,-0.030110284686088562,-0.09245193749666214,0.3985288441181183,-0.09245193749666214
2,16,analytic,local,1,-0.29875728487968445,-0.2564695477485657,0.4105673134326935,-0.2564695477485657
2,16,analytic,local,2,0.2342097908258438,0.20446524024009705,0.4105673134326935,0.20446524024009705
2,17,analytic,global,0,0.33720359206199646,0.8711866736412048,0.3985288441181183,0.8711866736412048
2,17,analytic,local,1,0.5645630955696106,0.5570404529571533,0.4105673134326935,0.5570404529571533
2,17,analytic,local,2,0.9117834568023682,-0.06699828803539276,0.4105673134326935,-0.06699828803539276
2,18,analytic,global,0,-0.32266613841056824,-0.30449527502059937,0.3985288441181183,-0.30449527502059937
2,18,analytic,local,1,-0.23159180581569672,-0.31693848967552185,0.4105673134326935,-0.31693848967552185
2,18,analytic,local,2,0.2986130118370056,0.14565995335578918,0.4105673134326935,0.14565995335578918
2,19,analytic,global,0,0.2606712877750397,0.07729384303092957,0.3985288441181183,0.07729384303092957
2,19,analytic,local,1,-0.1576041877269745,0.1064700335264206,0.4105673134326935,0.1064700335264206
2,19,analytic,local,2,-0.4295404255390167,-0.06299219280481339,0.4105673134326935,-0.06299219280481339
5,0,analytic,global,0,0.06815804541110992,0.4128090441226959,0.27321159839630127,0.4128090441226959
5,0,analytic,local,1,-0.20269550383090973,-0.43280041217803955,0.3277930021286011,-0.43280041217803955
5,0,analytic,local,2,0.17038607597351074,-0.1409706026315689,0.3277930021286011,-0.1409706026315689
5,0,analytic,local,3,0.18143399059772491,0.2787041962146759,0.32779303193092346,0.2787041962146759
5,0,analytic,local,4,0.6675403118133545,0.22494320571422577,0.3277930021286011,0.22494320571422577
5,0,analytic,local,5,0.34766513109207153,0.30232909321784973,0.3277930021286011,0.30232909321784973
5,1,analytic,global,0,-0.011937925592064857,-0.010760405100882053,0.27321159839630127,-0.010760405100882053
5,1,analytic,local,1,0.1541675478219986,-0.03826294094324112,0.3277930021286011,-0.03826294094324112
5,1,analytic,local,2,-1.2005586624145508,-0.6645494103431702,0.3277930021286011,-0.6645494103431702
5,1,analytic,local,3,0.37095877528190613,0.1519164890050888,0.32779303193092346,0.1519164890050888
5,1,analytic,local,4,0.8207607269287109,0.7827282547950745,0.3277930021286011,0.7827282547950745
5,1,analytic,local,5,-0.04238589107990265,-0.2378847301006317,0.3277930021286011,-0.2378847301006317
5,2,analytic,global,0,-0.15440891683101654,-0.10075272619724274,0.27321159839630127,-0.10075272619724274
5,2,analytic,local,1,0.1495147943496704,0.13221095502376556,0.3277930021286011,0.13221095502376556
5,2,analytic,local,2,-0.09377116709947586,-0.15456520020961761,0.3277930021286011,-0.15456520020961761
5,2,analytic,local,3,0.1930929720401764,0.30658191442489624,0.32779303193092346,0.30658191442489624
5,2,analytic,local,4,0.07709641754627228,0.0645701214671135,0.3277930021286011,0.0645701214671135
5,2,analytic,local,5,-0.8342992067337036,-0.4054713249206543,0.3277930021286011,-0.4054713249206543
5,3,analytic,global,0,0.32351893186569214,0.13746029138565063,0.27321159839630127,0.13746029138565063
5,3,analytic,local,1,0.14742626249790192,0.1501348912715912,0.3277930021286011,0.1501348912715912
5,3,analytic,local,2,-0.664179265499115,-0.2661718726158142,0.3277930021286011,-0.2661718726158142
5,3,analytic,local,3,0.9332287907600403,0.9123902320861816,0.32779303193092346,0.9123902320861816
5,3,analytic,local,4,-0.3912428617477417,-0.5480576157569885,0.3277930021286011,-0.5480576157569885
5,3,analytic,local,5,-0.5406906008720398,-0.17097434401512146,0.3277930021286011,-0.17097434401512146
5,4,analytic,global,0,0.2747957706451416,0.48299404978752136,0.27321159839630127,0.48299404978752136
5,4,analytic,local,1,1.203932762145996,0.9526631236076355,0.3277930021286011,0.9526631236076355
5,4,analytic,local,2,0.03335801512002945,0.0967298224568367,0.3277930021286011,0.0967298224568367
5,4,analytic,local,3,0.8169571757316589,0.22784222662448883,0.32779303193092346,0.22784222662448883
5,4,analytic,local,4,-1.5253205299377441,-1.1369038820266724,0.3277930021286011,-1.1369038820266724
5,4,analytic,local,5,0.19874747097492218,0.13135327398777008,0.3277930021286011,0.13135327398777008
5,5,analytic,global,0,2.1692700386047363,1.9672950506210327,0.27321159839630127,1.9672950506210327
5,5,analytic,local,1,-0.22840090095996857,0.3648154139518738,0.3277930021286011,0.3648154139518738
5,5,analytic,local,2,-0.00835380982607603,0.2769610285758972,0.3277930021286011,0.2769610285758972
5,5,analytic,local,3,-0.3979406952857971,0.09581132978200912,0.32779303193092346,0.09581132978200912
5,5,analytic,local,4,-0.20208367705345154,0.16779549419879913,0.3277930021286011,0.16779549419879913
5,5,analytic,local,5,-0.19165658950805664,0.20122303068637848,0.3277930021286011,0.20122303068637848
5,6,analytic,global,0,0.06697186082601547,-0.30692288279533386,0.27321159839630127,-0.30692288279533386
5,6,analytic,local,1,-0.3289716839790344,-0.054282356053590775,0.3277930021286011,-0.054282356053590775
5,6,analytic,local,2,-0.20799577236175537,0.09500153362751007,0.3277930021286011,0.09500153362751007
5,6,analytic,local,3,1.1873127222061157,1.4935195446014404,0.32779303193092346,1.4935195446014404
5,6,analytic,local,4,-1.4777324199676514,-0.7824398279190063,0.3277930021286011,-0.7824398279190063
5,6,analytic,local,5,-1.2782058715820312,-0.9244431257247925,0.3277930021286011,-0.9244431257247925
5,7,analytic,global,0,0.8283292651176453,0.31300050020217896,0.27321159839630127,0.31300050020217896
5,7,analytic,local,1,-1.015785813331604,-0.49375632405281067,0.3277930021286011,-0.49375632405281067
5,7,analytic,local,2,0.715410590171814,0.5944138169288635,0.3277930021286011,0.5944138169288635
5,7,analytic,local,3,-0.21176287531852722,0.08963140845298767,0.32779303193092346,0.08963140845298767
5,7,analytic,local,4,-0.9407802224159241,-0.028496794402599335,0.3277930021286011,-0.028496794402599335
5,7,analytic,local,5,-0.20418085157871246,0.014270824380218983,0.3277930021286011,0.014270824380218983
5,8,analytic,global,0,0.3668089509010315,-0.16066798567771912,0.27321159839630127,-0.16066798567771912
5,8,analytic,local,1,-0.10351765900850296,0.49250876903533936,0.3277930021286011,0.49250876903533936
5,8,analytic,local,2,0.260679692029953,0.7887877225875854,0.3277930021286011,0.7887877225875854
5,8,analytic,local,3,-1.2487239837646484,-0.859779417514801,0.32779303193092346,-0.859779417514801
5,8,analytic,local,4,-0.7853634357452393,-0.5117348432540894,0.3277930021286011,-0.5117348432540894
5,8,analytic,local,5,-0.3986167907714844,-0.00015841859567444772,0.3277930021286011,-0.00015841859567444772
5,9,analytic,global,0,-1.020025610923767,-0.33344700932502747,0.27321159839630127,-0.33344700932502747
5,9,analytic,local,1,1.8317017555236816,0.9644737839698792,0.3277930021286011,0.9644737839698792
5,9,analytic,local,2,0.45462265610694885,-0.09617612510919571,0.3277930021286011,-0.09617612510919571
5,9,analytic,local,3,0.23420394957065582,-0.36337536573410034,0.32779303193092346,-0.36337536573410034
5,9,analytic,local,4,0.36001813411712646,-0.6117212176322937,0.3277930021286011,-0.6117212176322937
5,9,analytic,local,5,0.6421953439712524,-0.0807650163769722,0.3277930021286011,-0.0807650163769722
5,10,analytic,global,0,-0.5400792956352234,-0.369832843542099,0.27321159839630127,-0.369832843542099
5,10,analytic,local,1,-0.5170289874076843,-0.46129369735717773,0.3277930021286011,-0.46129369735717773
5,10,analytic,local,2,0.30458974838256836,-0.201567143201828,0.3277930021286011,-0.201567143201828
5,10,analytic,local,3,-0.294880211353302,0.03779130429029465,0.32779303193092346,0.03779130429029465
5,10,analytic,local,4,0.651076078414917,0.152536079287529,0.3277930021286011,0.152536079287529
5,10,analytic,local,5,0.3265525996685028,0.26450255513191223,0.3277930021286011,0.26450255513191223
5,11,analytic,global,0,-0.8214489817619324,-0.3782590925693512,0.27321159839630127,-0.3782590925693512
5,11,analytic,local,1,-0.6261393427848816,-0.6583638787269592,0.3277930021286011,-0.6583638787269592
5,11,analytic,local,2,1.2934246063232422,1.1446739435195923,0.3277930021286011,1.1446739435195923
5,11,analytic,local,3,0.7681416273117065,0.3593892753124237,0.32779303193092346,0.3593892753124237
5,11,analytic,local,4,-0.3921982944011688,-0.8337722420692444,0.3277930021286011,-0.8337722420692444
5,11,analytic,local,5,0.377040296792984,-0.22469811141490936,0.3277930021286011,-0.22469811141490936
5,12,analytic,global,0,1.3247181177139282,1.0336252450942993,0.27321159839630127,1.0336252450942993
5,12,analytic,local,1,-0.7401658892631531,-0.3769797682762146,0.3277930021286011,-0.3769797682762146
5,12,analytic,local,2,-0.6457998752593994,-0.7499694228172302,0.3277930021286011,-0.7499694228172302
5,12,analytic,local,3,0.23395419120788574,0.38375383615493774,0.32779303193092346,0.38375383615493774
5,12,analytic,local,4,0.24163129925727844,0.3307374119758606,0.3277930021286011,0.3307374119758606
5,12,analytic,local,5,0.9677578806877136,0.9938748478889465,0.3277930021286011,0.9938748478889465
5,13,analytic,global,0,0.5972241759300232,0.8402950167655945,0.27321159839630127,0.8402950167655945
5,13,analytic,local,1,1.2370657920837402,0.6412957906723022,0.3277930021286011,0.6412957906723022
5,13,analytic,local,2,-0.4700704514980316,-0.7888668179512024,0.3277930021286011,-0.7888668179512024
5,13,analytic,local,3,0.30722376704216003,0.1778365522623062,0.32779303193092346,0.1778365522623062
5,13,analytic,local,4,1.2235207557678223,0.7411935925483704,0.3277930021286011,0.7411935925483704
5,13,analytic,local,5,-0.2231476604938507,-0.2987937033176422,0.3277930021286011,-0.2987937033176422
5,14,analytic,global,0,-0.9867763519287109,-1.0511457920074463,0.27321159839630127,-1.0511457920074463
5,14,analytic,local,1,-0.3273314833641052,-0.4077252745628357,0.3277930021286011,-0.4077252745628357
5,14,analytic,local,2,-0.4988853633403778,-0.0925753191113472,0.3277930021286011,-0.0925753191113472
5,14,analytic,local,3,0.13627992570400238,0.31429508328437805,0.32779303193092346,0.31429508328437805
5,14,analytic,local,4,-0.4147586226463318,-0.10950756818056107,0.3277930021286011,-0.10950756818056107
5,14,analytic,local,5,0.022278930991888046,-0.29575595259666443,0.3277930021286011,-0.29575595259666443
5,15,analytic,global,0,0.7951275706291199,0.8263766169548035,0.27321159839630127,0.8263766169548035
5,15,analytic,local,1,0.4319509267807007,0.3333246111869812,0.3277930021286011,0.3333246111869812
5,15,analytic,local,2,-0.04441502317786217,-0.1512306183576584,0.3277930021286011,-0.1512306183576584
5,15,analytic,local,3,0.3230288028717041,0.1399112194776535,0.32779303193092346,0.1399112194776535
5,15,analytic,local,4,0.5354657769203186,0.2858346104621887,0.3277930021286011,0.2858346104621887
5,15,analytic,local,5,0.0718194916844368,-0.14300468564033508,0.3277930021286011,-0.14300468564033508
5,16,analytic,global,0,-0.5939048528671265,-0.4642127752304077,0.27321159839630127,-0.4642127752304077
5,16,analytic,local,1,1.2451156377792358,1.1628321409225464,0.3277930021286011,1.1628321409225464
5,16,analytic,local,2,0.017392778769135475,-0.3941926062107086,0.3277930021286011,-0.3941926062107086
5,16,analytic,local,3,0.008709565736353397,-0.08627165108919144,0.32779303193092346,-0.08627165108919144
5,16,analytic,local,4,-0.9147202372550964,-0.7351235747337341,0.3277930021286011,-0.7351235747337341
5,16,analytic,local,5,-0.23777811229228973,-0.2083657681941986,0.3277930021286011,-0.2083657681941986
5,17,analytic,global,0,0.7876632213592529,0.40107154846191406,0.27321159839630127,0.40107154846191406
5,17,analytic,local,1,-0.44050273299217224,-0.3589666485786438,0.3277930021286011,-0.3589666485786438
5,17,analytic,local,2,-0.5714197754859924,-0.2551146149635315,0.3277930021286011,-0.2551146149635315
5,17,analytic,local,3,-0.32469722628593445,0.24848000705242157,0.32779303193092346,0.24848000705242157
5,17,analytic,local,4,0.3470023572444916,0.6339357495307922,0.3277930021286011,0.6339357495307922
5,17,analytic,local,5,-0.28796860575675964,-0.04273158684372902,0.3277930021286011,-0.04273158684372902
5,18,analytic,global,0,-1.0325627326965332,-0.8453739285469055,0.27321159839630127,-0.8453739285469055
5,18,analytic,local,1,0.19416964054107666,0.048506129533052444,0.3277930021286011,0.048506129533052444
5,18,analytic,local,2,-0.6703172922134399,-0.6533584594726562,0.3277930021286011,-0.6533584594726562
5,18,analytic,local,3,0.5266778469085693,0.5479463338851929,0.32779303193092346,0.5479463338851929
5,18,analytic,local,4,0.4842974841594696,0.02182053215801716,0.3277930021286011,0.02182053215801716
5,18,analytic,local,5,-0.65092933177948,-0.4404366612434387,0.3277930021286011,-0.4404366612434387
5,19,analytic,global,0,-1.406301736831665,-1.6174297332763672,0.27321159839630127,-1.6174297332763672
5,19,analytic,local,1,0.2399130016565323,0.7926906943321228,0.3277930021286011,0.7926906943321228
5,19,analytic,local,2,-1.3271576166152954,-0.8427123427391052,0.3277930021286011,-0.8427123427391052
5,19,analytic,local,3,-1.3096915483474731,-0.9668933153152466,0.32779303193092346,-0.9668933153152466
5,19,analytic,local,4,-0.5132309794425964,-0.4372073709964752,0.3277930021286011,-0.4372073709964752
5,19,analytic,local,5,0.481021523475647,0.544315755367279,0.3277930021286011,0.544315755367279
10,0,analytic,global,0,-0.6654754877090454,-0.7599442601203918,0.19908177852630615,-0.7599442601203918
10,0,analytic,local,1,0.8070006966590881,1.0150049924850464,0.2864077389240265,1.0150049924850464
10,0,analytic,local,2,0.06027573347091675,0.6567931771278381,0.2864077687263489,0.6567931771278381
10,0,analytic,local,3,-0.09055013954639435,0.14624202251434326,0.2864077389240265,0.14624202251434326
10,0,analytic,local,4,-0.2389196753501892,0.13227638602256775,0.2864077389240265,0.13227638602256775
10,0,analytic,local,5,-0.3828814923763275,-0.015347092412412167,0.2864077389240265,-0.015347092412412167
10,0,analytic,local,6,-1.3298019170761108,-1.0934977531433105,0.2864077389240265,-1.0934977531433105
10,0,analytic,local,7,-0.19552741944789886,0.15896648168563843,0.2864077389240265,0.15896648168563843
10,0,analytic,local,8,-0.7178827524185181,-0.4164203107357025,0.2864077091217041,-0.4164203107357025
10,0,analytic,local,9,-0.8805683851242065,-0.7822533249855042,0.2864077091217041,-0.7822533249855042
10,0,analytic,local,10,-0.42558756470680237,-0.22923721373081207,0.2864077389240265,-0.22923721373081207
10,1,analytic,global,0,-1.2394750118255615,-0.7306312918663025,0.19908177852630615,-0.7306312918663025
10,1,analytic,local,1,0.6102828979492188,0.264394074678421,0.2864077389240265,0.264394074678421
10,1,analytic,local,2,0.3600652813911438,-0.08004956692457199,0.2864077687263489,-0.08004956692457199
10,1,analytic,local,3,-0.5634200572967529,-0.8051848411560059,0.2864077389240265,-0.8051848411560059
10,1,analytic,local,4,0.5702318549156189,-0.005744908936321735,0.2864077389240265,-0.005744908936321735
10,1,analytic,local,5,0.8823570609092712,0.6520938873291016,0.2864077389240265,0.6520938873291016
10,1,analytic,local,6,-0.18844915926456451,-0.15908782184123993,0.2864077389240265,-0.15908782184123993
10,1,analytic,local,7,0.5889348983764648,0.29843637347221375,0.2864077389240265,0.29843637347221375
10,1,analytic,local,8,-0.012792238034307957,-0.39629071950912476,0.2864077091217041,-0.39629071950912476
10,1,analytic,local,9,-0.5221303701400757,-0.7300934791564941,0.2864077091217041,-0.7300934791564941
10,1,analytic,local,10,1.3314399719238281,0.5505443811416626,0.2864077389240265,0.5505443811416626
10,2,analytic,global,0,1.6568622589111328,1.4859198331832886,0.19908177852630615,1.4859198331832886
10,2,analytic,local,1,1.08888840675354,1.0060086250305176,0.2864077389240265,1.0060086250305176
10,2,analytic,local,2,-0.6582986116409302,-0.38774728775024414,0.2864077687263489,-0.38774728775024414
10,2,analytic,local,3,0.488394170999527,0.6636155843734741,0.2864077389240265,0.6636155843734741
10,2,analytic,local,4,0.020018598064780235,-0.013417628593742847,0.2864077389240265,-0.013417628593742847
10,2,analytic,local,5,-0.41828417778015137,-0.24027295410633087,0.2864077389240265,-0.24027295410633087
10,2,analytic,local,6,0.38915157318115234,0.457364946603775,0.2864077389240265,0.457364946603775
10,2,analytic,local,7,-0.27387338876724243,0.11139664798974991,0.2864077389240265,0.11139664798974991
10,2,analytic,local,8,-0.6450670957565308,-0.18481644988059998,0.2864077091217041,-0.18481644988059998
10,2,analytic,local,9,-0.6892028450965881,-0.2532007694244385,0.2864077091217041,-0.2532007694244385
10,2,analytic,local,10,-0.4488855004310608,-0.32310307025909424,0.2864077389240265,-0.32310307025909424
10,3,analytic,global,0,0.6984899044036865,0.5589951276779175,0.19908177852630615,0.5589951276779175
10,3,analytic,local,1,1.3994392156600952,1.459660530090332,0.2864077389240265,1.459660530090332
10,3,analytic,local,2,-1.6138255596160889,-1.7210402488708496,0.2864077687263489,-1.7210402488708496
10,3,analytic,local,3,-0.042654819786548615,-0.019266558811068535,0.2864077389240265,-0.019266558811068535
10,3,analytic,local,4,-0.4677501618862152,-0.05550514534115791,0.2864077389240265,-0.05550514534115791
10,3,analytic,local,5,0.1174902692437172,-0.1335640847682953,0.2864077389240265,-0.1335640847682953
10,3,analytic,local,6,0.37225234508514404,0.5735012292861938,0.2864077389240265,0.5735012292861938
10,3,analytic,local,7,-0.16936634480953217,-0.024406922981142998,0.2864077389240265,-0.024406922981142998
10,3,analytic,local,8,-0.3500509560108185,0.014254700392484665,0.2864077091217041,0.014254700392484665
10,3,analytic,local,9,-0.6640621423721313,-0.3095810115337372,0.2864077091217041,-0.3095810115337372
10,3,analytic,local,10,0.6168503761291504,0.5303803086280823,0.2864077389240265,0.5303803086280823
10,4,analytic,global,0,0.5919769406318665,0.711907684803009,0.19908177852630615,0.711907684803009
10,4,analytic,local,1,0.20073862373828888,0.2070106714963913,0.2864077389240265,0.2070106714963913
10,4,analytic,local,2,-0.24463708698749542,-0.2892628312110901,0.2864077687263489,-0.2892628312110901
10,4,analytic,local,3,-0.19228138029575348,0.1613922417163849,0.2864077389240265,0.1613922417163849
10,4,analytic,local,4,-0.5454734563827515,-0.74420166015625,0.2864077389240265,-0.74420166015625
10,4,analytic,local,5,0.43275973200798035,0.22641752660274506,0.2864077389240265,0.22641752660274506
10,4,analytic,local,6,0.016288144513964653,-0.4127587080001831,0.2864077389240265,-0.4127587080001831
10,4,analytic,local,7,-0.2526799142360687,-0.4974530041217804,0.2864077389240265,-0.4974530041217804
10,4,analytic,local,8,1.1444289684295654,0.8141739368438721,0.2864077091217041,0.8141739368438721
10,4,analytic,local,9,0.9679737687110901,0.8380820751190186,0.2864077091217041,0.8380820751190186
10,4,analytic,local,10,-0.022000601515173912,0.09705331921577454,0.2864077389240265,0.09705331921577454
10,5,analytic,global,0,0.935477077960968,0.7809650897979736,0.19908177852630615,0.7809650897979736
10,5,analytic,local,1,-0.33404743671417236,-0.24073000252246857,0.2864077389240265,-0.24073000252246857
10,5,analytic,local,2,-0.889316976070404,-0.9227211475372314,0.2864077687263489,-0.9227211475372314
10,5,analytic,local,3,0.48643332719802856,0.505905270576477,0.2864077389240265,0.505905270576477
10,5,analytic,local,4,0.4509110748767853,0.6846202611923218,0.2864077389240265,0.6846202611923218
10,5,analytic,local,5,-0.19364267587661743,-0.09066184610128403,0.2864077389240265,-0.09066184610128403
10,5,analytic,local,6,-0.7011198997497559,-0.5616597533226013,0.2864077389240265,-0.5616597533226013
10,5,analytic,local,7,0.11954034119844437,0.2549441456794739,0.2864077389240265,0.2549441456794739
10,5,analytic,local,8,0.04067362844944,0.1436970829963684,0.2864077091217041,0.1436970829963684
10,5,analytic,local,9,0.237075075507164,0.7743773460388184,0.2864077091217041,0.7743773460388184
10,5,analytic,local,10,-0.06499135494232178,-0.10847673565149307,0.2864077389240265,-0.10847673565149307
10,6,analytic,global,0,-0.2093636840581894,-0.010082606226205826,0.19908177852630615,-0.010082606226205826
10,6,analytic,local,1,0.06011676788330078,-0.3236323595046997,0.2864077389240265,-0.3236323595046997
10,6,analytic,local,2,0.7895933985710144,0.9109506607055664,0.2864077687263489,0.9109506607055664
10,6,analytic,local,3,0.845020592212677,0.5446372628211975,0.2864077389240265,0.5446372628211975
10,6,analytic,local,4,1.0501735210418701,0.6013747453689575,0.2864077389240265,0.6013747453689575
10,6,analytic,local,5,-0.8446757197380066,-0.8394843935966492,0.2864077389240265,-0.8394843935966492
10,6,analytic,local,6,0.5326802134513855,0.20223136246204376,0.2864077389240265,0.20223136246204376
10,6,analytic,local,7,0.11576671153306961,-0.11161324381828308,0.2864077389240265,-0.11161324381828308
10,6,analytic,local,8,0.501047670841217,0.4296993613243103,0.2864077091217041,0.4296993613243103
10,6,analytic,local,9,-1.1317068338394165,-1.0897613763809204,0.2864077091217041,-1.0897613763809204
10,6,analytic,local,10,-0.23599745333194733,-0.33007222414016724,0.2864077389240265,-0.33007222414016724
10,7,analytic,global,0,0.7115066647529602,0.7336074113845825,0.19908177852630615,0.7336074113845825
10,7,analytic,local,1,0.9285280108451843,0.6667788624763489,0.2864077389240265,0.6667788624763489
10,7,analytic,local,2,-0.08992233872413635,-0.14605823159217834,0.2864077687263489,-0.14605823159217834
10,7,analytic,local,3,-0.09131473302841187,0.04478040337562561,0.2864077389240265,0.04478040337562561
10,7,analytic,local,4,-0.7649125456809998,-0.5841370820999146,0.2864077389240265,-0.5841370820999146
10,7,analytic,local,5,1.1152980327606201,0.7694337368011475,0.2864077389240265,0.7694337368011475
10,7,analytic,local,6,0.466214120388031,0.2573856711387634,0.2864077389240265,0.2573856711387634
10,7,analytic,local,7,-0.38239097595214844,-0.45696476101875305,0.2864077389240265,-0.45696476101875305
10,7,analytic,local,8,0.26265090703964233,0.2511076033115387,0.2864077091217041,0.2511076033115387
10,7,analytic,local,9,0.0686655342578888,-0.12434065341949463,0.2864077091217041,-0.12434065341949463
10,7,analytic,local,10,-0.4229784309864044,-0.26532769203186035,0.2864077389240265,-0.26532769203186035
10,8,analytic,global,0,-0.1813129186630249,-0.42390739917755127,0.19908177852630615,-0.42390739917755127
10,8,analytic,local,1,0.4091981053352356,0.5993549823760986,0.2864077389240265,0.5993549823760986
10,8,analytic,local,2,-0.5881692171096802,-0.45227187871932983,0.2864077687263489,-0.45227187871932983
10,8,analytic,local,3,-0.13971678912639618,0.13288761675357819,0.2864077389240265,0.13288761675357819
10,8,analytic,local,4,-0.03601329028606415,0.2719217836856842,0.2864077389240265,0.2719217836856842
10,8,analytic,local,5,-1.207560420036316,-0.7990767359733582,0.2864077389240265,-0.7990767359733582
10,8,analytic,local,6,-0.013707933016121387,0.5772164463996887,0.2864077389240265,0.5772164463996887
10,8,analytic,local,7,-1.1661314964294434,-0.8458226919174194,0.2864077389240265,-0.8458226919174194
10,8,analytic,local,8,-0.5050488710403442,0.001277428469620645,0.2864077091217041,0.001277428469620645
10,8,analytic,local,9,0.17213234305381775,0.4689803123474121,0.2864077091217041,0.4689803123474121
10,8,analytic,local,10,-0.4358980357646942,-0.1929159164428711,0.2864077389240265,-0.1929159164428711
10,9,analytic,global,0,0.18166199326515198,0.49621525406837463,0.19908177852630615,0.49621525406837463
10,9,analytic,local,1,-0.29060959815979004,-0.4725823700428009,0.2864077389240265,-0.4725823700428009
10,9,analytic,local,2,0.4391898512840271,-0.08423368632793427,0.2864077687263489,-0.08423368632793427
10,9,analytic,local,3,-0.28782936930656433,-0.47081390023231506,0.2864077389240265,-0.47081390023231506
10,9,analytic,local,4,1.2241649627685547,0.7981919050216675,0.2864077389240265,0.7981919050216675
10,9,analytic,local,5,0.6940047144889832,0.45664092898368835,0.2864077389240265,0.45664092898368835
10,9,analytic,local,6,0.3348308801651001,0.3165440559387207,0.2864077389240265,0.3165440559387207
10,9,analytic,local,7,-0.26263463497161865,-0.5537933707237244,0.2864077389240265,-0.5537933707237244
10,9,analytic,local,8,0.24023018777370453,-0.05794971436262131,0.2864077091217041,-0.05794971436262131
10,9,analytic,local,9,1.2687273025512695,0.6550584435462952,0.2864077091217041,0.6550584435462952
10,9,analytic,local,10,0.20806920528411865,-0.3079456090927124,0.2864077389240265,-0.3079456090927124
10,10,analytic,global,0,0.8432750105857849,0.8708655834197998,0.19908177852630615,0.8708655834197998
10,10,analytic,local,1,-0.45341697335243225,-0.4266773760318756,0.2864077389240265,-0.4266773760318756
10,10,analytic,local,2,0.11948265135288239,0.02727077342569828,0.2864077687263489,0.02727077342569828
10,10,analytic,local,3,0.19935740530490875,0.15973889827728271,0.2864077389240265,0.15973889827728271
10,10,analytic,local,4,0.3208490312099457,0.4089166820049286,0.2864077389240265,0.4089166820049286
10,10,analytic,local,5,-0.7620614767074585,-0.3986840844154358,0.2864077389240265,-0.3986840844154358
10,10,analytic,local,6,0.34794920682907104,0.25009503960609436,0.2864077389240265,0.25009503960609436
10,10,analytic,local,7,0.6233532428741455,0.3335539400577545,0.2864077389240265,0.3335539400577545
10,10,analytic,local,8,0.23195818066596985,0.3755325973033905,0.2864077091217041,0.3755325973033905
10,10,analytic,local,9,-0.2322111278772354,-0.18993207812309265,0.2864077091217041,-0.18993207812309265
10,10,analytic,local,10,-0.2779393792152405,-0.04995851218700409,0.2864077389240265,-0.04995851218700409
10,11,analytic,global,0,-0.21601121127605438,-0.0227900929749012,0.19908177852630615,-0.0227900929749012
10,11,analytic,local,1,0.40683719515800476,0.44119569659233093,0.2864077389240265,0.44119569659233093
10,11,analytic,local,2,-0.05974872037768364,-0.12168343365192413,0.2864077687263489,-0.12168343365192413
10,11,analytic,local,3,0.35965603590011597,0.42365139722824097,0.2864077389240265,0.42365139722824097
10,11,analytic,local,4,0.19408629834651947,0.3173549175262451,0.2864077389240265,0.3173549175262451
10,11,analytic,local,5,-0.1701241433620453,-0.3129783570766449,0.2864077389240265,-0.3129783570766449
10,11,analytic,local,6,0.8902584910392761,0.3258214294910431,0.2864077389240265,0.3258214294910431
10,11,analytic,local,7,0.6971610188484192,0.3195591866970062,0.2864077389240265,0.3195591866970062
10,11,analytic,local,8,-0.3126579523086548,-0.36415979266166687,0.2864077091217041,-0.36415979266166687
10,11,analytic,local,9,-0.8409239649772644,-0.8390636444091797,0.2864077091217041,-0.8390636444091797
10,11,analytic,local,10,-0.019368309527635574,-0.2025163620710373,0.2864077389240265,-0.2025163620710373
10,12,analytic,global,0,-0.7436498999595642,-0.5652536153793335,0.19908177852630615,-0.5652536153793335
10,12,analytic,local,1,0.49698102474212646,-0.21849818527698517,0.2864077389240265,-0.21849818527698517
10,12,analytic,local,2,0.5215104818344116,0.7400382161140442,0.2864077687263489,0.7400382161140442
10,12,analytic,local,3,0.34316781163215637,-0.0016025054501369596,0.2864077389240265,-0.0016025054501369596
10,12,analytic,local,4,-0.077475406229496,-0.16002845764160156,0.2864077389240265,-0.16002845764160156
10,12,analytic,local,5,0.45258840918540955,0.3472697138786316,0.2864077389240265,0.3472697138786316
10,12,analytic,local,6,0.14768686890602112,0.07111028581857681,0.2864077389240265,0.07111028581857681
10,12,analytic,local,7,-0.06525541096925735,-0.3564591109752655,0.2864077389240265,-0.3564591109752655
10,12,analytic,local,8,-0.04116715490818024,-0.6054578423500061,0.2864077091217041,-0.6054578423500061
10,12,analytic,local,9,-0.37480491399765015,-0.34897303581237793,0.2864077091217041,-0.34897303581237793
10,12,analytic,local,10,0.22170649468898773,0.2146434783935547,0.2864077389240265,0.2146434783935547
10,13,analytic,global,0,-0.6772329211235046,-0.5660368204116821,0.19908177852630615,-0.5660368204116821
10,13,analytic,local,1,0.07003897428512573,-0.012613504193723202,0.2864077389240265,-0.012613504193723202
10,13,analytic,local,2,-0.4748658537864685,-0.5407729148864746,0.2864077687263489,-0.5407729148864746
10,13,analytic,local,3,0.47666069865226746,0.6382980346679688,0.2864077389240265,0.6382980346679688
10,13,analytic,local,4,-0.9901947975158691,-0.9573817849159241,0.2864077389240265,-0.9573817849159241
10,13,analytic,local,5,1.013355016708374,0.9343709349632263,0.2864077389240265,0.9343709349632263
10,13,analytic,local,6,0.260858416557312,0.1271926313638687,0.2864077389240265,0.1271926313638687
10,13,analytic,local,7,-0.7779630422592163,-1.1018365621566772,0.2864077389240265,-1.1018365621566772
10,13,analytic,local,8,1.0196186304092407,0.6330304145812988,0.2864077091217041,0.6330304145812988
10,13,analytic,local,9,0.21519552171230316,-0.16947998106479645,0.2864077091217041,-0.16947998106479645
10,13,analytic,local,10,0.10023407638072968,0.13079425692558289,0.2864077389240265,0.13079425692558289
10,14,analytic,global,0,-0.6209328770637512,-0.7650273442268372,0.19908177852630615,-0.7650273442268372
10,14,analytic,local,1,0.5220581889152527,0.3816322684288025,0.2864077389240265,0.3816322684288025
10,14,analytic,local,2,-0.9632167816162109,-0.5069932341575623,0.2864077687263489,-0.5069932341575623
10,14,analytic,local,3,0.250758558511734,0.6916658282279968,0.2864077389240265,0.6916658282279968
10,14,analytic,local,4,-0.38546255230903625,-0.6161953210830688,0.2864077389240265,-0.6161953210830688
10,14,analytic,local,5,-0.2406303435564041,0.16950170695781708,0.2864077389240265,0.16950170695781708
10,14,analytic,local,6,-0.22165629267692566,0.1629999428987503,0.2864077389240265,0.1629999428987503
10,14,analytic,local,7,-1.1882349252700806,-0.7762277722358704,0.2864077389240265,-0.7762277722358704
10,14,analytic,local,8,-0.08499255776405334,0.053174570202827454,0.2864077091217041,0.053174570202827454
10,14,analytic,local,9,0.8637716770172119,0.7100839018821716,0.2864077091217041,0.7100839018821716
10,14,analytic,local,10,-0.553820013999939,-0.6999729871749878,0.2864077389240265,-0.6999729871749878
10,15,analytic,global,0,0.39584651589393616,0.22572503983974457,0.19908177852630615,0.22572503983974457
10,15,analytic,local,1,-0.2546561062335968,-0.27527308464050293,0.2864077389240265,-0.27527308464050293
10,15,analytic,local,2,-1.1191468238830566,-1.0628681182861328,0.2864077687263489,-1.0628681182861328
10,15,analytic,local,3,-0.711995542049408,-0.3529154658317566,0.2864077389240265,-0.3529154658317566
10,15,analytic,local,4,-0.29088276624679565,0.2771061360836029,0.2864077389240265,0.2771061360836029
10,15,analytic,local,5,0.265323281288147,0.6228895783424377,0.2864077389240265,0.6228895783424377
10,15,analytic,local,6,-1.3891388177871704,-1.0653021335601807,0.2864077389240265,-1.0653021335601807
10,15,analytic,local,7,0.5898434519767761,0.3166133761405945,0.2864077389240265,0.3166133761405945
10,15,analytic,local,8,0.42902645468711853,0.5928698778152466,0.2864077091217041,0.5928698778152466
10,15,analytic,local,9,0.8736634850502014,0.5563818216323853,0.2864077091217041,0.5563818216323853
10,15,analytic,local,10,0.9389315247535706,0.5174673795700073,0.2864077389240265,0.5174673795700073
10,16,analytic,global,0,0.25434839725494385,0.37806937098503113,0.19908177852630615,0.37806937098503113
10,16,analytic,local,1,0.5593185424804688,0.3731480538845062,0.2864077389240265,0.3731480538845062
10,16,analytic,local,2,0.06248971447348595,-0.15077222883701324,0.2864077687263489,-0.15077222883701324
10,16,analytic,local,3,1.1177126169204712,0.750434160232544,0.2864077389240265,0.750434160232544
10,16,analytic,local,4,0.4390418827533722,-0.07772011309862137,0.2864077389240265,-0.07772011309862137
10,16,analytic,local,5,0.2997180223464966,-0.02884570136666298,0.2864077389240265,-0.02884570136666298
10,16,analytic,local,6,0.23484037816524506,-0.11547694355249405,0.2864077389240265,-0.11547694355249405
10,16,analytic,local,7,0.33273470401763916,0.05659414082765579,0.2864077389240265,0.05659414082765579
10,16,analytic,local,8,-0.0802956148982048,-0.15884216129779816,0.2864077091217041,-0.15884216129779816
10,16,analytic,local,9,-0.38488253951072693,-0.618645191192627,0.2864077091217041,-0.618645191192627
10,16,analytic,local,10,0.4642220139503479,0.18279357254505157,0.2864077389240265,0.18279357254505157
10,17,analytic,global,0,-0.09761839359998703,-0.27003100514411926,0.19908177852630615,-0.27003100514411926
10,17,analytic,local,1,-1.3177158832550049,-1.1233726739883423,0.2864077389240265,-1.1233726739883423
10,17,analytic,local,2,0.19916848838329315,0.4451558589935303,0.2864077687263489,0.4451558589935303
10,17,analytic,local,3,-0.2772728502750397,-0.35679736733436584,0.2864077389240265,-0.35679736733436584
10,17,analytic,local,4,0.14594422280788422,0.3843461573123932,0.2864077389240265,0.3843461573123932
10,17,analytic,local,5,0.2150697559118271,0.23113124072551727,0.2864077389240265,0.23113124072551727
10,17,analytic,local,6,-0.7957090735435486,-0.5457446575164795,0.2864077389240265,-0.5457446575164795
10,17,analytic,local,7,0.5676325559616089,0.602532148361206,0.2864077389240265,0.602532148361206
10,17,analytic,local,8,-0.5432697534561157,-0.37488698959350586,0.2864077091217041,-0.37488698959350586
10,17,analytic,local,9,0.14903873205184937,0.5150036215782166,0.2864077091217041,0.5150036215782166
10,17,analytic,local,10,-0.11219900101423264,0.07073871046304703,0.2864077389240265,0.07073871046304703
10,18,analytic,global,0,-0.3370223939418793,-0.22991584241390228,0.19908177852630615,-0.22991584241390228
10,18,analytic,local,1,-0.2089749425649643,-0.2535485029220581,0.2864077389240265,-0.2535485029220581
10,18,analytic,local,2,-0.04306875169277191,0.10505048930644989,0.2864077687263489,0.10505048930644989
10,18,analytic,local,3,0.9127284288406372,0.6842105388641357,0.2864077389240265,0.6842105388641357
10,18,analytic,local,4,-0.14120453596115112,-0.13455069065093994,0.2864077389240265,-0.13455069065093994
10,18,analytic,local,5,-0.2954673767089844,0.08374332636594772,0.2864077389240265,0.08374332636594772
10,18,analytic,local,6,-1.1669853925704956,-1.2231208086013794,0.2864077389240265,-1.2231208086013794
10,18,analytic,local,7,0.27846935391426086,0.07403258234262466,0.2864077389240265,0.07403258234262466
10,18,analytic,local,8,0.04948451370000839,-0.13897760212421417,0.2864077091217041,-0.13897760212421417
10,18,analytic,local,9,0.3696988523006439,0.5750209093093872,0.2864077091217041,0.5750209093093872
10,18,analytic,local,10,-0.06496097147464752,0.09881090372800827,0.2864077389240265,0.09881090372800827
10,19,analytic,global,0,1.4666951894760132,1.3725615739822388,0.19908177852630615,1.3725615739822388
10,19,analytic,local,1,1.7435332536697388,1.257480263710022,0.2864077389240265,1.257480263710022
10,19,analytic,local,2,0.8293148875236511,0.6213322281837463,0.2864077687263489,0.6213322281837463
10,19,analytic,local,3,-1.476986289024353,-0.997324526309967,0.2864077389240265,-0.997324526309967
10,19,analytic,local,4,-0.1646033674478531,0.053013842552900314,0.2864077389240265,0.053013842552900314
10,19,analytic,local,5,0.2913028299808502,0.14032569527626038,0.2864077389240265,0.14032569527626038
10,19,analytic,local,6,-0.3666030168533325,-0.22724522650241852,0.2864077389240265,-0.22724522650241852
10,19,analytic,local,7,0.0615042969584465,0.04492328315973282,0.2864077389240265,0.04492328315973282
10,19,analytic,local,8,-0.006546015851199627,-0.3639279901981354,0.2864077091217041,-0.3639279901981354
10,19,analytic,local,9,-0.0038980382960289717,-0.15595562756061554,0.2864077091217041,-0.15595562756061554
10,19,analytic,local,10,0.2057228535413742,0.39944273233413696,0.2864077389240265,0.39944273233413696
25,0,analytic,global,0,-0.7753772139549255,-0.9085365533828735,0.12831684947013855,-0.9085365533828735
25,0,analytic,local,1,-0.21279990673065186,-0.09849213063716888,0.25535979866981506,-0.09849213063716888
25,0,analytic,local,2,0.2881261110305786,0.1520656794309616,0.2553596794605255,0.1520656794309616
25,0,analytic,local,3,-0.7295911908149719,-0.4516844153404236,0.2553597688674927,-0.4516844153404236
25,0,analytic,local,4,-0.536129891872406,-0.358440101146698,0.2553597092628479,-0.358440101146698
25,0,analytic,local,5,-0.9995191693305969,-1.0424920320510864,0.2553596794605255,-1.0424920320510864
25,0,analytic,local,6,-1.2463637590408325,-1.1445348262786865,0.2553596794605255,-1.1445348262786865
25,0,analytic,local,7,-0.225833460688591,-0.10754536092281342,0.2553597092628479,-0.10754536092281342
25,0,analytic,local,8,-0.20938213169574738,0.3665207624435425,0.25535979866981506,0.3665207624435425
25,0,analytic,local,9,0.7874411940574646,0.6002259850502014,0.2553597390651703,0.6002259850502014
25,0,analytic,local,10,0.8428467512130737,0.7166957259178162,0.2553597390651703,0.7166957259178162
25,0,analytic,local,11,-0.02526114135980606,0.22501690685749054,0.2553597390651703,0.22501690685749054
25,0,analytic,local,12,0.4293842613697052,0.8100435137748718,0.2553597092628479,0.8100435137748718
25,0,analytic,local,13,0.3504854142665863,0.3893069922924042,0.2553597390651703,0.3893069922924042
25,0,analytic,local,14,-0.3700026869773865,-0.17610201239585876,0.2553597390651703,-0.17610201239585876
25,0,analytic,local,15,-0.9472807049751282,-0.538330078125,0.2553597390651703,-0.538330078125
25,0,analytic,local,16,-0.3791019320487976,-0.4333641529083252,0.2553597092628479,-0.4333641529083252
25,0,analytic,local,17,-0.782182514667511,-0.2112101912498474,0.2553597390651703,-0.2112101912498474
25,0,analytic,local,18,-0.184072807431221,-0.14823268353939056,0.2553597688674927,-0.14823268353939056
25,0,analytic,local,19,0.007550472393631935,-0.28646063804626465,0.2553597390651703,-0.28646063804626465
25,0,analytic,local,20,0.1684652864933014,0.5749343037605286,0.2553597092628479,0.5749343037605286
25,0,analytic,local,21,-0.24165651202201843,-0.17106595635414124,0.2553597092628479,-0.17106595635414124
25,0,analytic,local,22,0.0028366814367473125,-0.050134170800447464,0.2553597390651703,-0.050134170800447464
25,0,analytic,local,23,-1.040362000465393,-0.5401299595832825,0.2553597092628479,-0.5401299595832825
25,0,analytic,local,24,1.2473833560943604,1.0951391458511353,0.2553597390651703,1.0951391458511353
25,0,analytic,local,25,0.34113043546676636,0.3172401785850525,0.2553597092628479,0.3172401785850525
25,1,analytic,global,0,0.8213249444961548,0.7222817540168762,0.12831684947013855,0.7222817540168762
25,1,analytic,local,1,0.9200380444526672,0.7963218092918396,0.25535979866981506,0.7963218092918396
25,1,analytic,local,2,-0.27361929416656494,-0.07739348709583282,0.2553596794605255,-0.07739348709583282
25,1,analytic,local,3,-1.7589048147201538,-1.4847086668014526,0.2553597688674927,-1.4847086668014526
25,1,analytic,local,4,-0.25129178166389465,-0.28339341282844543,0.2553597092628479,-0.28339341282844543
25,1,analytic,local,5,0.3698689341545105,0.02722524106502533,0.2553596794605255,0.02722524106502533
25,1,analytic,local,6,-0.42076191306114197,-0.09746811538934708,0.2553596794605255,-0.09746811538934708
25,1,analytic,local,7,0.3542916178703308,0.422719269990921,0.2553597092628479,0.422719269990921
25,1,analytic,local,8,-0.34223389625549316,-0.3723311126232147,0.25535979866981506,-0.3723311126232147
25,1,analytic,local,9,0.16846606135368347,0.2684618830680847,0.2553597390651703,0.2684618830680847
25,1,analytic,local,10,0.1276892125606537,-0.11908920109272003,0.2553597390651703,-0.11908920109272003
25,1,analytic,local,11,0.014523560181260109,0.2235279381275177,0.2553597390651703,0.2235279381275177
25,1,analytic,local,12,-0.07370900362730026,-0.08320444077253342,0.2553597092628479,-0.08320444077253342
25,1,analytic,local,13,1.1185879707336426,0.9991579055786133,0.2553597390651703,0.9991579055786133
25,1,analytic,local,14,-0.13435015082359314,0.14635184407234192,0.2553597390651703,0.14635184407234192
25,1,analytic,local,15,-0.5467957258224487,-0.6054648756980896,0.2553597390651703,-0.6054648756980896
25,1,analytic,local,16,-0.3953922390937805,-0.38012388348579407,0.2553597092628479,-0.38012388348579407
25,1,analytic,local,17,-0.16808488965034485,0.4216747581958771,0.2553597390651703,0.4216747581958771
25,1,analytic,local,18,-1.231579303741455,-0.5919317603111267,0.2553597688674927,-0.5919317603111267
25,1,analytic,local,19,-0.13541114330291748,-0.4199860394001007,0.2553597390651703,-0.4199860394001007
25,1,analytic,local,20,-0.48000532388687134,-0.4174707233905792,0.2553597092628479,-0.4174707233905792
25,1,analytic,local,21,-0.23757152259349823,0.12751096487045288,0.2553597092628479,0.12751096487045288
25,1,analytic,local,22,0.09731370210647583,0.34749966859817505,0.2553597390651703,0.34749966859817505
25,1,analytic,local,23,0.43016740679740906,0.5370869636535645,0.2553597092628479,0.5370869636535645
25,1,analytic,local,24,0.3270076811313629,0.3746108114719391,0.2553597390651703,0.3746108114719391
25,1,analytic,local,25,0.7069923281669617,0.6466946005821228,0.2553597092628479,0.6466946005821228
25,2,analytic,global,0,0.969791054725647,0.9686117172241211,0.12831684947013855,0.9686117172241211
25,2,analytic,local,1,-0.5780646800994873,-0.13737468421459198,0.25535979866981506,-0.13737468421459198
25,2,analytic,local,2,-0.25916528701782227,0.010872012004256248,0.2553596794605255,0.010872012004256248
25,2,analytic,local,3,-0.3973570466041565,-0.18130891025066376,0.2553597688674927,-0.18130891025066376
25,2,analytic,local,4,-0.11188210546970367,-0.26568710803985596,0.2553597092628479,-0.26568710803985596
25,2,analytic,local,5,1.0639489889144897,0.2868707776069641,0.2553596794605255,0.2868707776069641
25,2,analytic,local,6,-0.6296566724777222,-0.8040140867233276,0.2553596794605255,-0.8040140867233276
25,2,analytic,local,7,0.4713209271430969,0.35879001021385193,0.2553597092628479,0.35879001021385193
25,2,analytic,local,8,0.15135960280895233,-0.12208455055952072,0.25535979866981506,-0.12208455055952072
25,2,analytic,local,9,0.6659170389175415,0.8006174564361572,0.2553597390651703,0.8006174564361572
25,2,analytic,local,10,1.3911142349243164,0.997163712978363,0.2553597390651703,0.997163712978363
25,2,analytic,local,11,-0.2016831338405609,-0.223407581448555,0.2553597390651703,-0.223407581448555
25,2,analytic,local,12,-0.7359666228294373,-0.3360055983066559,0.2553597092628479,-0.3360055983066559
25,2,analytic,local,13,0.16533143818378448,0.2868060767650604,0.2553597390651703,0.2868060767650604
25,2,analytic,local,14,0.2049531489610672,0.2520342171192169,0.2553597390651703,0.2520342171192169
25,2,analytic,local,15,0.3885754346847534,0.41074150800704956,0.2553597390651703,0.41074150800704956
25,2,analytic,local,16,-0.8995180726051331,-0.4098288118839264,0.2553597092628479,-0.4098288118839264
25,2,analytic,local,17,0.7285913228988647,0.3206549882888794,0.2553597390651703,0.3206549882888794
25,2,analytic,local,18,-0.2927224338054657,-0.29108405113220215,0.2553597688674927,-0.29108405113220215
25,2,analytic,local,19,0.8311285376548767,0.6763309836387634,0.2553597390651703,0.6763309836387634
25,2,analytic,local,20,-0.6662200689315796,-0.6111891269683838,0.2553597092628479,-0.6111891269683838
25,2,analytic,local,21,-1.0940462350845337,-1.1376008987426758,0.2553597092628479,-1.1376008987426758
25,2,analytic,local,22,0.3912442624568939,0.10747843235731125,0.2553597390651703,0.10747843235731125
25,2,analytic,local,23,0.9423767924308777,0.8703290820121765,0.2553597092628479,0.8703290820121765
25,2,analytic,local,24,0.6580263376235962,0.40618470311164856,0.2553597390651703,0.40618470311164856
25,2,analytic,local,25,-0.7032807469367981,-0.720453143119812,0.2553597092628479,-0.720453143119812
25,3,analytic,global,0,-0.039275508373975754,0.03512142226099968,0.12831684947013855,0.03512142226099968
25,3,analytic,local,1,-0.8844468593597412,-0.5610952377319336,0.25535979866981506,-0.5610952377319336
25,3,analytic,local,2,0.10181985050439835,-0.2987997233867645,0.2553596794605255,-0.2987997233867645
25,3,analytic,local,3,0.6612234711647034,0.4655308127403259,0.2553597688674927,0.4655308127403259
25,3,analytic,local,4,1.0157536268234253,0.7278128266334534,0.2553597092628479,0.7278128266334534
25,3,analytic,local,5,0.5320268273353577,0.28718629479408264,0.2553596794605255,0.28718629479408264
25,3,analytic,local,6,0.15560288727283478,-0.05237516388297081,0.2553596794605255,-0.05237516388297081
25,3,analytic,local,7,0.44659778475761414,0.09273812174797058,0.2553597092628479,0.09273812174797058
25,3,analytic,local,8,0.8055626153945923,0.6521916389465332,0.25535979866981506,0.6521916389465332
25,3,analytic,local,9,-0.4048175513744354,-0.3075423538684845,0.2553597390651703,-0.3075423538684845
25,3,analytic,local,10,-0.7684817314147949,-1.0259952545166016,0.2553597390651703,-1.0259952545166016
25,3,analytic,local,11,0.4789051115512848,0.01634887419641018,0.2553597390651703,0.01634887419641018
25,3,analytic,local,12,0.9434658885002136,0.6062793731689453,0.2553597092628479,0.6062793731689453
25,3,analytic,local,13,-0.8642674088478088,-0.6141005754470825,0.2553597390651703,-0.6141005754470825
25,3,analytic,local,14,0.7464146614074707,0.7180399894714355,0.2553597390651703,0.7180399894714355
25,3,analytic,local,15,0.1404111236333847,0.10629663616418839,0.2553597390651703,0.10629663616418839
25,3,analytic,local,16,-0.4164605736732483,-0.7447591423988342,0.2553597092628479,-0.7447591423988342
25,3,analytic,local,17,-0.5766689777374268,-0.2749784588813782,0.2553597390651703,-0.2749784588813782
25,3,analytic,local,18,-0.14821948111057281,-0.20157863199710846,0.2553597688674927,-0.20157863199710846
25,3,analytic,local,19,-0.5138245820999146,-0.45753684639930725,0.2553597390651703,-0.45753684639930725
25,3,analytic,local,20,-0.10220733284950256,-0.33254146575927734,0.2553597092628479,-0.33254146575927734
25,3,analytic,local,21,1.5352258682250977,1.5211971998214722,0.2553597092628479,1.5211971998214722
25,3,analytic,local,22,-0.23795390129089355,-0.4960438311100006,0.2553597390651703,-0.4960438311100006
25,3,analytic,local,23,0.3660793900489807,0.15080881118774414,0.2553597092628479,0.15080881118774414
25,3,analytic,local,24,-0.06900682300329208,-0.11893285065889359,0.2553597390651703,-0.11893285065889359
25,3,analytic,local,25,0.39294883608818054,0.161605104804039,0.2553597092628479,0.161605104804039
25,4,analytic,global,0,-0.2719649076461792,-0.11683902889490128,0.12831684947013855,-0.11683902889490128
25,4,analytic,local,1,0.2634749412536621,0.30350640416145325,0.25535979866981506,0.30350640416145325
25,4,analytic,local,2,0.45931771397590637,0.2146977186203003,0.2553596794605255,0.2146977186203003
25,4,analytic,local,3,0.8745281100273132,0.5846378803253174,0.2553597688674927,0.5846378803253174
25,4,analytic,local,4,0.9318769574165344,0.8074066638946533,0.2553597092628479,0.8074066638946533
25,4,analytic,local,5,0.1106516644358635,-0.2762131690979004,0.2553596794605255,-0.2762131690979004
25,4,analytic,local,6,0.6588000655174255,0.2858264148235321,0.2553596794605255,0.2858264148235321
25,4,analytic,local,7,0.5531814098358154,0.3205934166908264,0.2553597092628479,0.3205934166908264
25,4,analytic,local,8,-0.5277859568595886,-0.849064826965332,0.25535979866981506,-0.849064826965332
25,4,analytic,local,9,-0.2883036732673645,-0.2253543883562088,0.2553597390651703,-0.2253543883562088
25,4,analytic,local,10,0.46290692687034607,0.47177961468696594,0.2553597390651703,0.47177961468696594
25,4,analytic,local,11,1.2431451082229614,0.9951211810112,0.2553597390651703,0.9951211810112
25,4,analytic,local,12,0.45599544048309326,0.34405019879341125,0.2553597092628479,0.34405019879341125
25,4,analytic,local,13,-0.3397122919559479,-0.46038857102394104,0.2553597390651703,-0.46038857102394104
25,4,analytic,local,14,-0.26226329803466797,-0.03040899522602558,0.2553597390651703,-0.03040899522602558
25,4,analytic,local,15,0.26451006531715393,0.3979838192462921,0.2553597390651703,0.3979838192462921
25,4,analytic,local,16,-0.1036839485168457,-0.45961371064186096,0.2553597092628479,-0.45961371064186096
25,4,analytic,local,17,-0.34619230031967163,-0.48890987038612366,0.2553597390651703,-0.48890987038612366
25,4,analytic,local,18,-0.18933267891407013,-0.5772992968559265,0.2553597688674927,-0.5772992968559265
25,4,analytic,local,19,0.6142252683639526,0.5157332420349121,0.2553597390651703,0.5157332420349121
25,4,analytic,local,20,-0.4604543149471283,-0.2859721779823303,0.2553597092628479,-0.2859721779823303
25,4,analytic,local,21,-0.6490021347999573,-0.7897160053253174,0.2553597092628479,-0.7897160053253174
25,4,analytic,local,22,-0.06099126860499382,-0.1482413113117218,0.2553597390651703,-0.1482413113117218
25,4,analytic,local,23,-0.31510910391807556,-0.4422685205936432,0.2553597092628479,-0.4422685205936432
25,4,analytic,local,24,-0.15123528242111206,-0.42348751425743103,0.2553597390651703,-0.42348751425743103
25,4,analytic,local,25,0.3315710723400116,0.14987894892692566,0.2553597092628479,0.14987894892692566
25,5,analytic,global,0,-0.08086919039487839,-0.03765428066253662,0.12831684947013855,-0.03765428066253662
25,5,analytic,local,1,0.05769812688231468,0.13179072737693787,0.25535979866981506,0.13179072737693787
25,5,analytic,local,2,0.19896556437015533,0.17589128017425537,0.2553596794605255,0.17589128017425537
25,5,analytic,local,3,-0.01904595084488392,0.09146575629711151,0.2553597688674927,0.09146575629711151
25,5,analytic,local,4,-0.4036090075969696,-0.21908634901046753,0.2553597092628479,-0.21908634901046753
25,5,analytic,local,5,0.7970712780952454,0.7377917170524597,0.2553596794605255,0.7377917170524597
25,5,analytic,local,6,0.2721909284591675,0.26344624161720276,0.2553596794605255,0.26344624161720276
25,5,analytic,local,7,-0.46414417028427124,-0.8094936609268188,0.2553597092628479,-0.8094936609268188
25,5,analytic,local,8,-0.12728121876716614,-0.1561206877231598,0.25535979866981506,-0.1561206877231598
25,5,analytic,local,9,-0.29350489377975464,-0.24041292071342468,0.2553597390651703,-0.24041292071342468
25,5,analytic,local,10,-0.49483707547187805,-0.049288176000118256,0.2553597390651703,-0.049288176000118256
25,5,analytic,local,11,0.9845768809318542,0.9091259241104126,0.2553597390651703,0.9091259241104126
25,5,analytic,local,12,-0.4165346920490265,-0.4579799175262451,0.2553597092628479,-0.4579799175262451
25,5,analytic,local,13,1.0640754699707031,1.043808102607727,0.2553597390651703,1.043808102607727
25,5,analytic,local,14,0.8127060532569885,0.6617984175682068,0.2553597390651703,0.6617984175682068
25,5,analytic,local,15,-0.9663550853729248,-0.813042402267456,0.2553597390651703,-0.813042402267456
25,5,analytic,local,16,-0.41702255606651306,-0.39297914505004883,0.2553597092628479,-0.39297914505004883
25,5,analytic,local,17,-0.15914592146873474,-0.06965368986129761,0.2553597390651703,-0.06965368986129761
25,5,analytic,local,18,-0.44942981004714966,-0.5531997680664062,0.2553597688674927,-0.5531997680664062
25,5,analytic,local,19,0.1464555859565735,0.2947819232940674,0.2553597390651703,0.2947819232940674
25,5,analytic,local,20,-0.22060267627239227,0.14760391414165497,0.2553597092628479,0.14760391414165497
25,5,analytic,local,21,-0.3027985990047455,-0.27390992641448975,0.2553597092628479,-0.27390992641448975
25,5,analytic,local,22,-0.6037809252738953,-0.3559172749519348,0.2553597390651703,-0.3559172749519348
25,5,analytic,local,23,-0.7302266955375671,-0.7840604186058044,0.2553597092628479,-0.7840604186058044
25,5,analytic,local,24,1.3109536170959473,0.7327958941459656,0.2553597390651703,0.7327958941459656
25,5,analytic,local,25,0.13537102937698364,-0.03633762151002884,0.2553597092628479,-0.03633762151002884
25,6,analytic,global,0,-0.22670602798461914,-0.20029233396053314,0.12831684947013855,-0.20029233396053314
25,6,analytic,local,1,0.1826784908771515,0.11733333021402359,0.25535979866981506,0.11733333021402359
25,6,analytic,local,2,-0.4179339110851288,-0.1341647058725357,0.2553596794605255,-0.1341647058725357
25,6,analytic,local,3,0.26463669538497925,0.04971728473901749,0.2553597688674927,0.04971728473901749
25,6,analytic,local,4,-0.9940901398658752,-0.9715304374694824,0.2553597092628479,-0.9715304374694824
25,6,analytic,local,5,-0.026324694976210594,0.14604511857032776,0.2553596794605255,0.14604511857032776
25,6,analytic,local,6,0.11559827625751495,0.15506517887115479,0.2553596794605255,0.15506517887115479
25,6,analytic,local,7,0.0343976765871048,-0.15513752400875092,0.2553597092628479,-0.15513752400875092
25,6,analytic,local,8,0.24065077304840088,0.24163365364074707,0.25535979866981506,0.24163365364074707
25,6,analytic,local,9,-0.6170065999031067,-0.7375748157501221,0.2553597390651703,-0.7375748157501221
25,6,analytic,local,10,0.8626174926757812,0.2290416657924652,0.2553597390651703,0.2290416657924652
25,6,analytic,local,11,0.21266241371631622,0.2795059084892273,0.2553597390651703,0.2795059084892273
25,6,analytic,local,12,0.0014836385380476713,0.09830727428197861,0.2553597092628479,0.09830727428197861
25,6,analytic,local,13,0.5862002968788147,0.6972440481185913,0.2553597390651703,0.6972440481185913
25,6,analytic,local,14,0.20041154325008392,0.36000606417655945,0.2553597390651703,0.36000606417655945
25,6,analytic,local,15,-0.3432700037956238,-0.38055092096328735,0.2553597390651703,-0.38055092096328735
25,6,analytic,local,16,0.2647833526134491,0.14145533740520477,0.2553597092628479,0.14145533740520477
25,6,analytic,local,17,0.44232556223869324,0.301985502243042,0.2553597390651703,0.301985502243042
25,6,analytic,local,18,-0.09614522755146027,0.16872645914554596,0.2553597688674927,0.16872645914554596
25,6,analytic,local,19,-0.11385231465101242,-0.18403001129627228,0.2553597390651703,-0.18403001129627228
25,6,analytic,local,20,0.1701889932155609,-0.33138829469680786,0.2553597092628479,-0.33138829469680786
25,6,analytic,local,21,-0.6272433996200562,-0.5381813049316406,0.2553597092628479,-0.5381813049316406
25,6,analytic,local,22,0.08052343130111694,0.2565918564796448,0.2553597390651703,0.2565918564796448
25,6,analytic,local,23,-0.035148490220308304,-0.06484879553318024,0.2553597092628479,-0.06484879553318024
25,6,analytic,local,24,-0.36003950238227844,-0.018355123698711395,0.2553597390651703,-0.018355123698711395
25,6,analytic,local,25,0.10163065791130066,0.1604403257369995,0.2553597092628479,0.1604403257369995
25,7,analytic,global,0,1.7960375547409058,1.8270503282546997,0.12831684947013855,1.8270503282546997
25,7,analytic,local,1,0.4686936140060425,0.39783602952957153,0.25535979866981506,0.39783602952957153
25,7,analytic,local,2,-0.00624325405806303,0.10954975336790085,0.2553596794605255,0.10954975336790085
25,7,analytic,local,3,-1.1174286603927612,-0.6852416396141052,0.2553597688674927,-0.6852416396141052
25,7,analytic,local,4,0.5595212578773499,0.8050398230552673,0.2553597092628479,0.8050398230552673
25,7,analytic,local,5,-0.7434903383255005,-0.5424283146858215,0.2553596794605255,-0.5424283146858215
25,7,analytic,local,6,-0.17850445210933685,-0.44655391573905945,0.2553596794605255,-0.44655391573905945
25,7,analytic,local,7,-0.42827507853507996,0.38046830892562866,0.2553597092628479,0.38046830892562866
25,7,analytic,local,8,0.5598796606063843,0.4016731381416321,0.25535979866981506,0.4016731381416321
25,7,analytic,local,9,-0.22107398509979248,-0.4493100047111511,0.2553597390651703,-0.4493100047111511
25,7,analytic,local,10,1.13606595993042,0.9165633916854858,0.2553597390651703,0.9165633916854858
25,7,analytic,local,11,-0.18889901041984558,-0.13304205238819122,0.2553597390651703,-0.13304205238819122
25,7,analytic,local,12,-0.38004133105278015,-0.8824774622917175,0.2553597092628479,-0.8824774622917175
25,7,analytic,local,13,0.7070022225379944,0.676067590713501,0.2553597390651703,0.676067590713501
25,7,analytic,local,14,0.35852882266044617,0.47246691584587097,0.2553597390651703,0.47246691584587097
25,7,analytic,local,15,0.9081969261169434,0.6587799191474915,0.2553597390651703,0.6587799191474915
25,7,analytic,local,16,0.2495930790901184,0.24939589202404022,0.2553597092628479,0.24939589202404022
25,7,analytic,local,17,-0.12583835422992706,0.0786622017621994,0.2553597390651703,0.0786622017621994
25,7,analytic,local,18,0.22411565482616425,0.1305006593465805,0.2553597688674927,0.1305006593465805
25,7,analytic,local,19,-1.5369714498519897,-1.092904806137085,0.2553597390651703,-1.092904806137085
25,7,analytic,local,20,0.24267853796482086,0.3791462481021881,0.2553597092628479,0.3791462481021881
25,7,analytic,local,21,0.16758906841278076,0.2379901260137558,0.2553597092628479,0.2379901260137558
25,7,analytic,local,22,-0.9648675322532654,-0.9189764857292175,0.2553597390651703,-0.9189764857292175
25,7,analytic,local,23,0.3615497350692749,-0.08227622509002686,0.2553597092628479,-0.08227622509002686
25,7,analytic,local,24,0.6482840180397034,0.7413139343261719,0.2553597390651703,0.7413139343261719
25,7,analytic,local,25,-0.2854820489883423,-0.37454622983932495,0.2553597092628479,-0.37454622983932495
25,8,analytic,global,0,-0.5432652235031128,-0.6255117058753967,0.12831684947013855,-0.6255117058753967
25,8,analytic,local,1,-0.23764349520206451,-0.0726044625043869,0.25535979866981506,-0.0726044625043869
25,8,analytic,local,2,-0.08162887394428253,0.1494670957326889,0.2553596794605255,0.1494670957326889
25,8,analytic,local,3,-1.1451172828674316,-0.6230645775794983,0.2553597688674927,-0.6230645775794983
25,8,analytic,local,4,-0.23474837839603424,-0.05027470365166664,0.2553597092628479,-0.05027470365166664
25,8,analytic,local,5,-0.7465466260910034,-0.80706387758255,0.2553596794605255,-0.80706387758255
25,8,analytic,local,6,-0.7014386653900146,-0.3435044586658478,0.2553596794605255,-0.3435044586658478
25,8,analytic,local,7,-0.05746312066912651,0.2930942475795746,0.2553597092628479,0.2930942475795746
25,8,analytic,local,8,0.8060243725776672,1.2981324195861816,0.25535979866981506,1.2981324195861816
25,8,analytic,local,9,-0.29584425687789917,-0.20837746560573578,0.2553597390651703,-0.20837746560573578
25,8,analytic,local,10,0.6135751605033875,0.5881116986274719,0.2553597390651703,0.5881116986274719
25,8,analytic,local,11,-0.37978652119636536,0.0488736592233181,0.2553597390651703,0.0488736592233181
25,8,analytic,local,12,-0.037849463522434235,0.4898747503757477,0.2553597092628479,0.4898747503757477
25,8,analytic,local,13,-0.7351018786430359,-0.9033896923065186,0.2553597390651703,-0.9033896923065186
25,8,analytic,local,14,-0.8780516982078552,-0.9623156189918518,0.2553597390651703,-0.9623156189918518
25,8,analytic,local,15,-0.16324937343597412,0.18964436650276184,0.2553597390651703,0.18964436650276184
25,8,analytic,local,16,0.19561541080474854,0.45683398842811584,0.2553597092628479,0.45683398842811584
25,8,analytic,local,17,-0.14209681749343872,0.13481135666370392,0.2553597390651703,0.13481135666370392
25,8,analytic,local,18,0.5121141076087952,0.6733353137969971,0.2553597688674927,0.6733353137969971
25,8,analytic,local,19,-0.479990154504776,-0.012685270980000496,0.2553597390651703,-0.012685270980000496
25,8,analytic,local,20,-0.3330495357513428,-0.4428267180919647,0.2553597092628479,-0.4428267180919647
25,8,analytic,local,21,0.7073878049850464,0.3101252019405365,0.2553597092628479,0.3101252019405365
25,8,analytic,local,22,0.02974691241979599,0.3511371910572052,0.2553597390651703,0.3511371910572052
25,8,analytic,local,23,-0.35137036442756653,-0.1697738766670227,0.2553597092628479,-0.1697738766670227
25,8,analytic,local,24,-0.8340519070625305,-0.3765921890735626,0.2553597390651703,-0.3765921890735626
25,8,analytic,local,25,-0.630624532699585,-0.36281105875968933,0.2553597092628479,-0.36281105875968933
25,9,analytic,global,0,1.2351597547531128,1.4625202417373657,0.12831684947013855,1.4625202417373657
25,9,analytic,local,1,-0.6354498863220215,-0.562600314617157,0.25535979866981506,-0.562600314617157
25,9,analytic,local,2,0.6422247886657715,0.1832720786333084,0.2553596794605255,0.1832720786333084
25,9,analytic,local,3,0.6516661047935486,0.578053891658783,0.2553597688674927,0.578053891658783
25,9,analytic,local,4,-0.4283609688282013,-0.5904266238212585,0.2553597092628479,-0.5904266238212585
25,9,analytic,local,5,0.15285666286945343,-0.2864688038825989,0.2553596794605255,-0.2864688038825989
25,9,analytic,local,6,-0.3138885498046875,-0.4998876452445984,0.2553596794605255,-0.4998876452445984
25,9,analytic,local,7,0.49227985739707947,0.14205391705036163,0.2553597092628479,0.14205391705036163
25,9,analytic,local,8,0.3760005235671997,-0.0771726742386818,0.25535979866981506,-0.0771726742386818
25,9,analytic,local,9,0.4772768020629883,0.3040309548377991,0.2553597390651703,0.3040309548377991
25,9,analytic,local,10,0.8824874758720398,0.947127640247345,0.2553597390651703,0.947127640247345
25,9,analytic,local,11,0.6121589541435242,0.4048613905906677,0.2553597390651703,0.4048613905906677
25,9,analytic,local,12,0.3742453157901764,-0.1993570178747177,0.2553597092628479,-0.1993570178747177
25,9,analytic,local,13,1.0192164182662964,0.49949440360069275,0.2553597390651703,0.49949440360069275
25,9,analytic,local,14,0.9210819602012634,0.8269994258880615,0.2553597390651703,0.8269994258880615
25,9,analytic,local,15,-0.3924843668937683,-0.48310768604278564,0.2553597390651703,-0.48310768604278564
25,9,analytic,local,16,-0.6407598853111267,-0.48709577322006226,0.2553597092628479,-0.48709577322006226
25,9,analytic,local,17,-0.5860808491706848,-0.8712812662124634,0.2553597390651703,-0.8712812662124634
25,9,analytic,local,18,0.8119733929634094,0.42138049006462097,0.2553597688674927,0.42138049006462097
25,9,analytic,local,19,0.6471800804138184,0.5147901177406311,0.2553597390651703,0.5147901177406311
25,9,analytic,local,20,0.2651422321796417,0.22690096497535706,0.2553597092628479,0.22690096497535706
25,9,analytic,local,21,0.6243926882743835,0.6708464026451111,0.2553597092628479,0.6708464026451111
25,9,analytic,local,22,0.26016560196876526,-0.023001398891210556,0.2553597390651703,-0.023001398891210556
25,9,analytic,local,23,0.48171910643577576,0.22379592061042786,0.2553597092628479,0.22379592061042786
25,9,analytic,local,24,-0.28112083673477173,-0.2917536795139313,0.2553597390651703,-0.2917536795139313
25,9,analytic,local,25,-0.7011880874633789,-0.748809278011322,0.2553597092628479,-0.748809278011322
25,10,analytic,global,0,-0.25619229674339294,-0.10024914145469666,0.12831684947013855,-0.10024914145469666
25,10,analytic,local,1,-0.1890532225370407,-0.3066127598285675,0.25535979866981506,-0.3066127598285675
25,10,analytic,local,2,0.2971818745136261,0.3218928873538971,0.2553596794605255,0.3218928873538971
25,10,analytic,local,3,1.9994492530822754,1.722315788269043,0.2553597688674927,1.722315788269043
25,10,analytic,local,4,-0.3467012345790863,-0.5875163674354553,0.2553597092628479,-0.5875163674354553
25,10,analytic,local,5,0.0050252145156264305,-0.04389077425003052,0.2553596794605255,-0.04389077425003052
25,10,analytic,local,6,0.018331993371248245,-0.24633750319480896,0.2553596794605255,-0.24633750319480896
25,10,analytic,local,7,-0.14931491017341614,-0.09443700313568115,0.2553597092628479,-0.09443700313568115
25,10,analytic,local,8,0.3662048578262329,0.34913304448127747,0.25535979866981506,0.34913304448127747
25,10,analytic,local,9,-0.2533324658870697,-0.1466025710105896,0.2553597390651703,-0.1466025710105896
25,10,analytic,local,10,-0.14124485850334167,-0.2076113522052765,0.2553597390651703,-0.2076113522052765
25,10,analytic,local,11,0.23463529348373413,0.20560961961746216,0.2553597390651703,0.20560961961746216
25,10,analytic,local,12,0.3772227466106415,0.20695236325263977,0.2553597092628479,0.20695236325263977
25,10,analytic,local,13,0.6229982376098633,0.4902474284172058,0.2553597390651703,0.4902474284172058
25,10,analytic,local,14,0.333554208278656,0.37444189190864563,0.2553597390651703,0.37444189190864563
25,10,analytic,local,15,-0.0497254878282547,-0.20132799446582794,0.2553597390651703,-0.20132799446582794
25,10,analytic,local,16,-0.7422960996627808,-0.8434382081031799,0.2553597092628479,-0.8434382081031799
25,10,analytic,local,17,0.17362259328365326,0.3454516530036926,0.2553597390651703,0.3454516530036926
25,10,analytic,local,18,-0.04948518052697182,-0.6811003684997559,0.2553597688674927,-0.6811003684997559
25,10,analytic,local,19,0.03864550590515137,-0.049013249576091766,0.2553597390651703,-0.049013249576091766
25,10,analytic,local,20,-0.6604017019271851,-0.6658514142036438,0.2553597092628479,-0.6658514142036438
25,10,analytic,local,21,-0.33938050270080566,0.10268332064151764,0.2553597092628479,0.10268332064151764
25,10,analytic,local,22,0.3864627778530121,-0.06446021050214767,0.2553597390651703,-0.06446021050214767
25,10,analytic,local,23,-0.16480697691440582,-0.2233980894088745,0.2553597092628479,-0.2233980894088745
25,10,analytic,local,24,-0.20750169456005096,-0.43616199493408203,0.2553597390651703,-0.43616199493408203
25,10,analytic,local,25,0.8199818730354309,0.6226423382759094,0.2553597092628479,0.6226423382759094
25,11,analytic,global,0,-0.736833930015564,-0.563133716583252,0.12831684947013855,-0.563133716583252
25,11,analytic,local,1,0.15138883888721466,-0.38639843463897705,0.25535979866981506,-0.38639843463897705
25,11,analytic,local,2,0.43182680010795593,0.644940972328186,0.2553596794605255,0.644940972328186
25,11,analytic,local,3,-0.10599385201931,-0.040418196469545364,0.2553597688674927,-0.040418196469545364
25,11,analytic,local,4,0.5474409461021423,0.36228373646736145,0.2553597092628479,0.36228373646736145
25,11,analytic,local,5,0.5442491769790649,0.25415951013565063,0.2553596794605255,0.25415951013565063
25,11,analytic,local,6,-0.21241679787635803,-0.6406360864639282,0.2553596794605255,-0.6406360864639282
25,11,analytic,local,7,0.9653197526931763,0.6639577150344849,0.2553597092628479,0.6639577150344849
25,11,analytic,local,8,-0.5226352214813232,-0.6456531286239624,0.25535979866981506,-0.6456531286239624
25,11,analytic,local,9,0.33238235116004944,0.2543988823890686,0.2553597390651703,0.2543988823890686
25,11,analytic,local,10,-0.6427761316299438,-0.6079309582710266,0.2553597390651703,-0.6079309582710266
25,11,analytic,local,11,-0.035098277032375336,-0.39102208614349365,0.2553597390651703,-0.39102208614349365
25,11,analytic,local,12,-0.35717275738716125,-0.5076611042022705,0.2553597092628479,-0.5076611042022705
25,11,analytic,local,13,0.9035111665725708,0.47745540738105774,0.2553597390651703,0.47745540738105774
25,11,analytic,local,14,0.9913170337677002,0.8155059218406677,0.2553597390651703,0.8155059218406677
25,11,analytic,local,15,0.33187398314476013,0.2648916244506836,0.2553597390651703,0.2648916244506836
25,11,analytic,local,16,0.04172356054186821,-0.060056570917367935,0.2553597092628479,-0.060056570917367935
25,11,analytic,local,17,0.646554172039032,0.3818538784980774,0.2553597390651703,0.3818538784980774
25,11,analytic,local,18,1.3500741720199585,0.8905785083770752,0.2553597688674927,0.8905785083770752
25,11,analytic,local,19,-0.520444929599762,-0.3251769244670868,0.2553597390651703,-0.3251769244670868
25,11,analytic,local,20,0.8044372200965881,0.3703678548336029,0.2553597092628479,0.3703678548336029
25,11,analytic,local,21,0.18528784811496735,-0.12161803990602493,0.2553597092628479,-0.12161803990602493
25,11,analytic,local,22,-0.1594410240650177,-0.09604672342538834,0.2553597390651703,-0.09604672342538834
25,11,analytic,local,23,-1.2247637510299683,-1.0435792207717896,0.2553597092628479,-1.0435792207717896
25,11,analytic,local,24,-0.25447672605514526,-0.4002078175544739,0.2553597390651703,-0.4002078175544739
25,11,analytic,local,25,-0.04478142037987709,-0.4307335317134857,0.2553597092628479,-0.4307335317134857
25,12,analytic,global,0,0.41499242186546326,0.36208441853523254,0.12831684947013855,0.36208441853523254
25,12,analytic,local,1,1.7220159769058228,1.3082234859466553,0.25535979866981506,1.3082234859466553
25,12,analytic,local,2,-0.3203830122947693,-0.024996759369969368,0.2553596794605255,-0.024996759369969368
25,12,analytic,local,3,1.061149001121521,0.8346678614616394,0.2553597688674927,0.8346678614616394
25,12,analytic,local,4,-0.2939069867134094,-0.3270173966884613,0.2553597092628479,-0.3270173966884613
25,12,analytic,local,5,-1.0330390930175781,-1.2944529056549072,0.2553596794605255,-1.2944529056549072
25,12,analytic,local,6,-0.8845923542976379,-0.42100828886032104,0.2553596794605255,-0.42100828886032104
25,12,analytic,local,7,0.37749791145324707,0.6106368899345398,0.2553597092628479,0.6106368899345398
25,12,analytic,local,8,0.5010420083999634,0.4713347852230072,0.25535979866981506,0.4713347852230072
25,12,analytic,local,9,0.8452467918395996,0.9516090154647827,0.2553597390651703,0.9516090154647827
25,12,analytic,local,10,-0.9746138453483582,-0.7356523275375366,0.2553597390651703,-0.7356523275375366
25,12,analytic,local,11,-0.22170905768871307,0.4434379041194916,0.2553597390651703,0.4434379041194916
25,12,analytic,local,12,0.08459770679473877,0.04856415465474129,0.2553597092628479,0.04856415465474129
25,12,analytic,local,13,-1.2835534811019897,-1.325366735458374,0.2553597390651703,-1.325366735458374
25,12,analytic,local,14,-0.5519213676452637,-0.48915475606918335,0.2553597390651703,-0.48915475606918335
25,12,analytic,local,15,0.7740885019302368,0.5412120819091797,0.2553597390651703,0.5412120819091797
25,12,analytic,local,16,0.7117586731910706,0.8553518652915955,0.2553597092628479,0.8553518652915955
25,12,analytic,local,17,0.6592957377433777,0.4218779504299164,0.2553597390651703,0.4218779504299164
25,12,analytic,local,18,-0.4152674376964569,-0.3435530662536621,0.2553597688674927,-0.3435530662536621
25,12,analytic,local,19,-1.1419119834899902,-0.7414683103561401,0.2553597390651703,-0.7414683103561401
25,12,analytic,local,20,-0.3627094626426697,-0.5000709891319275,0.2553597092628479,-0.5000709891319275
25,12,analytic,local,21,-0.19110974669456482,0.1577514111995697,0.2553597092628479,0.1577514111995697
25,12,analytic,local,22,-1.0600591897964478,-1.0097147226333618,0.2553597390651703,-1.0097147226333618
25,12,analytic,local,23,0.136236310005188,0.35815396904945374,0.2553597092628479,0.35815396904945374
25,12,analytic,local,24,-0.04041946679353714,0.2436475306749344,0.2553597390651703,0.2436475306749344
25,12,analytic,local,25,0.5207652449607849,0.16965553164482117,0.2553597092628479,0.16965553164482117
25,13,analytic,global,0,-1.4521902799606323,-1.3132479190826416,0.12831684947013855,-1.3132479190826416
25,13,analytic,local,1,0.42037639021873474,0.7988154888153076,0.25535979866981506,0.7988154888153076
25,13,analytic,local,2,-0.14700108766555786,-0.35654333233833313,0.2553596794605255,-0.35654333233833313
25,13,analytic,local,3,0.3386223316192627,0.2645282745361328,0.2553597688674927,0.2645282745361328
25,13,analytic,local,4,0.5723562240600586,0.1324303299188614,0.2553597092628479,0.1324303299188614
25,13,analytic,local,5,0.05387622117996216,-0.19443681836128235,0.2553596794605255,-0.19443681836128235
25,13,analytic,local,6,-0.4275311231613159,-0.3059963285923004,0.2553596794605255,-0.3059963285923004
25,13,analytic,local,7,0.38426411151885986,0.5276753306388855,0.2553597092628479,0.5276753306388855
25,13,analytic,local,8,-0.9591402411460876,-1.0173075199127197,0.25535979866981506,-1.0173075199127197
25,13,analytic,local,9,0.15696430206298828,0.0789802148938179,0.2553597390651703,0.0789802148938179
25,13,analytic,local,10,0.35530945658683777,0.10538677871227264,0.2553597390651703,0.10538677871227264
25,13,analytic,local,11,0.17071789503097534,0.05058775469660759,0.2553597390651703,0.05058775469660759
25,13,analytic,local,12,0.6047438979148865,0.6709107160568237,0.2553597092628479,0.6709107160568237
25,13,analytic,local,13,-0.46754321455955505,-0.4688757359981537,0.2553597390651703,-0.4688757359981537
25,13,analytic,local,14,0.05220877006649971,-0.16499096155166626,0.2553597390651703,-0.16499096155166626
25,13,analytic,local,15,0.28190407156944275,0.08569251000881195,0.2553597390651703,0.08569251000881195
25,13,analytic,local,16,-0.293517142534256,-0.4451318681240082,0.2553597092628479,-0.4451318681240082
25,13,analytic,local,17,0.17525818943977356,0.14407704770565033,0.2553597390651703,0.14407704770565033
25,13,analytic,local,18,0.4895794689655304,0.36354002356529236,0.2553597688674927,0.36354002356529236
25,13,analytic,local,19,-0.23835404217243195,-0.6353886127471924,0.2553597390651703,-0.6353886127471924
25,13,analytic,local,20,0.09864567965269089,-0.15581193566322327,0.2553597092628479,-0.15581193566322327
25,13,analytic,local,21,0.6459737420082092,0.5995082855224609,0.2553597092628479,0.5995082855224609
25,13,analytic,local,22,-0.22531720995903015,-0.318939745426178,0.2553597390651703,-0.318939745426178
25,13,analytic,local,23,-0.28056368231773376,-0.15906739234924316,0.2553597092628479,-0.15906739234924316
25,13,analytic,local,24,0.17166779935359955,0.3403664231300354,0.2553597390651703,0.3403664231300354
25,13,analytic,local,25,-0.776494026184082,-0.6786835789680481,0.2553597092628479,-0.6786835789680481
25,14,analytic,global,0,-1.1229487657546997,-1.017764925956726,0.12831684947013855,-1.017764925956726
25,14,analytic,local,1,1.0180456638336182,0.8611130714416504,0.25535979866981506,0.8611130714416504
25,14,analytic,local,2,0.40071865916252136,0.46712547540664673,0.2553596794605255,0.46712547540664673
25,14,analytic,local,3,0.543129563331604,0.4714162349700928,0.2553597688674927,0.4714162349700928
25,14,analytic,local,4,-0.4978742003440857,-0.6899954676628113,0.2553597092628479,-0.6899954676628113
25,14,analytic,local,5,-0.6999022364616394,-1.0065851211547852,0.2553596794605255,-1.0065851211547852
25,14,analytic,local,6,0.05165012925863266,0.06501230597496033,0.2553596794605255,0.06501230597496033
25,14,analytic,local,7,-0.8197706341743469,-0.4383011758327484,0.2553597092628479,-0.4383011758327484
25,14,analytic,local,8,-0.6736769676208496,-0.6919958591461182,0.25535979866981506,-0.6919958591461182
25,14,analytic,local,9,0.6978108882904053,0.47642406821250916,0.2553597390651703,0.47642406821250916
25,14,analytic,local,10,0.8320485949516296,0.3860321044921875,0.2553597390651703,0.3860321044921875
25,14,analytic,local,11,-0.590910017490387,-0.37031763792037964,0.2553597390651703,-0.37031763792037964
25,14,analytic,local,12,-0.3823227286338806,-0.16845650970935822,0.2553597092628479,-0.16845650970935822
25,14,analytic,local,13,-0.4125845730304718,-0.5547088980674744,0.2553597390651703,-0.5547088980674744
25,14,analytic,local,14,0.1634495109319687,-0.10099053382873535,0.2553597390651703,-0.10099053382873535
25,14,analytic,local,15,-0.19016677141189575,0.04599016532301903,0.2553597390651703,0.04599016532301903
25,14,analytic,local,16,0.7436323165893555,0.7078694105148315,0.2553597092628479,0.7078694105148315
25,14,analytic,local,17,-0.35878002643585205,-0.6036306619644165,0.2553597390651703,-0.6036306619644165
25,14,analytic,local,18,0.09588567167520523,0.06166832149028778,0.2553597688674927,0.06166832149028778
25,14,analytic,local,19,-0.6830424070358276,-0.7321267127990723,0.2553597390651703,-0.7321267127990723
25,14,analytic,local,20,0.23665310442447662,-0.10659785568714142,0.2553597092628479,-0.10659785568714142
25,14,analytic,local,21,1.078801155090332,0.7479385137557983,0.2553597092628479,0.7479385137557983
25,14,analytic,local,22,0.29019927978515625,0.3137153387069702,0.2553597390651703,0.3137153387069702
25,14,analytic,local,23,0.6997871994972229,0.6073920726776123,0.2553597092628479,0.6073920726776123
25,14,analytic,local,24,-0.19462300837039948,-0.15477648377418518,0.2553597390651703,-0.15477648377418518
25,14,analytic,local,25,-0.7526766061782837,-0.16568715870380402,0.2553597092628479,-0.16568715870380402
25,15,analytic,global,0,-1.0672273635864258,-1.204426646232605,0.12831684947013855,-1.204426646232605
25,15,analytic,local,1,1.3597382307052612,1.0178859233856201,0.25535979866981506,1.0178859233856201
25,15,analytic,local,2,-0.906409502029419,-0.624862015247345,0.2553596794605255,-0.624862015247345
25,15,analytic,local,3,0.7727873921394348,0.766938328742981,0.2553597688674927,0.766938328742981
25,15,analytic,local,4,0.13878697156906128,-0.07784969359636307,0.2553597092628479,-0.07784969359636307
25,15,analytic,local,5,-0.3227900564670563,-0.3230843245983124,0.2553596794605255,-0.3230843245983124
25,15,analytic,local,6,-1.630091667175293,-1.2847384214401245,0.2553596794605255,-1.2847384214401245
25,15,analytic,local,7,-0.377750962972641,-0.22659890353679657,0.2553597092628479,-0.22659890353679657
25,15,analytic,local,8,0.8892954587936401,0.33996090292930603,0.25535979866981506,0.33996090292930603
25,15,analytic,local,9,-0.7974273562431335,-0.4330156445503235,0.2553597390651703,-0.4330156445503235
25,15,analytic,local,10,0.12390953302383423,0.4555855095386505,0.2553597390651703,0.4555855095386505
25,15,analytic,local,11,0.026787951588630676,0.7071002721786499,0.2553597390651703,0.7071002721786499
25,15,analytic,local,12,-0.7728786468505859,-0.533812403678894,0.2553597092628479,-0.533812403678894
25,15,analytic,local,13,0.010460246354341507,0.2242998331785202,0.2553597390651703,0.2242998331785202
25,15,analytic,local,14,0.07222028821706772,0.29520395398139954,0.2553597390651703,0.29520395398139954
25,15,analytic,local,15,0.8246580958366394,0.610648512840271,0.2553597390651703,0.610648512840271
25,15,analytic,local,16,-0.817802906036377,-0.638490617275238,0.2553597092628479,-0.638490617275238
25,15,analytic,local,17,-1.1131336688995361,-0.8510302901268005,0.2553597390651703,-0.8510302901268005
25,15,analytic,local,18,-0.14447355270385742,0.12426476180553436,0.2553597688674927,0.12426476180553436
25,15,analytic,local,19,-0.35206139087677,-0.050936322659254074,0.2553597390651703,-0.050936322659254074
25,15,analytic,local,20,-0.7320576906204224,-0.37082639336586,0.2553597092628479,-0.37082639336586
25,15,analytic,local,21,0.3806185722351074,0.4042685031890869,0.2553597092628479,0.4042685031890869
25,15,analytic,local,22,-0.34623920917510986,-0.1287958174943924,0.2553597390651703,-0.1287958174943924
25,15,analytic,local,23,-0.47514835000038147,-0.16281984746456146,0.2553597092628479,-0.16281984746456146
25,15,analytic,local,24,-0.2822796404361725,0.09375622868537903,0.2553597390651703,0.09375622868537903
25,15,analytic,local,25,0.04940259829163551,-0.010524590499699116,0.2553597092628479,-0.010524590499699116
25,16,analytic,global,0,-0.8603854179382324,-0.6989837884902954,0.12831684947013855,-0.6989837884902954
25,16,analytic,local,1,0.1662234365940094,0.11916584521532059,0.25535979866981506,0.11916584521532059
25,16,analytic,local,2,0.4933916926383972,0.14436663687229156,0.2553596794605255,0.14436663687229156
25,16,analytic,local,3,0.12624961137771606,-0.021181700751185417,0.2553597688674927,-0.021181700751185417
25,16,analytic,local,4,-0.07108109444379807,-0.13300000131130219,0.2553597092628479,-0.13300000131130219
25,16,analytic,local,5,0.664095401763916,0.6234562993049622,0.2553596794605255,0.6234562993049622
25,16,analytic,local,6,0.8869929909706116,0.5316034555435181,0.2553596794605255,0.5316034555435181
25,16,analytic,local,7,0.8467474579811096,0.6778905987739563,0.2553597092628479,0.6778905987739563
25,16,analytic,local,8,-0.3779390752315521,-0.22052517533302307,0.25535979866981506,-0.22052517533302307
25,16,analytic,local,9,-0.26822465658187866,-0.6090757846832275,0.2553597390651703,-0.6090757846832275
25,16,analytic,local,10,0.3268529176712036,-0.013728376477956772,0.2553597390651703,-0.013728376477956772
25,16,analytic,local,11,-0.4877462089061737,-0.6932925581932068,0.2553597390651703,-0.6932925581932068
25,16,analytic,local,12,1.1786495447158813,0.703873872756958,0.2553597092628479,0.703873872756958
25,16,analytic,local,13,-0.385142982006073,-0.5614469647407532,0.2553597390651703,-0.5614469647407532
25,16,analytic,local,14,0.4549151360988617,0.2995731234550476,0.2553597390651703,0.2995731234550476
25,16,analytic,local,15,-0.6617684960365295,-0.6575787663459778,0.2553597390651703,-0.6575787663459778
25,16,analytic,local,16,0.941715657711029,0.8525654077529907,0.2553597092628479,0.8525654077529907
25,16,analytic,local,17,1.3583427667617798,0.937527060508728,0.2553597390651703,0.937527060508728
25,16,analytic,local,18,-0.521033763885498,-0.7528867721557617,0.2553597688674927,-0.7528867721557617
25,16,analytic,local,19,0.21269339323043823,0.1665213704109192,0.2553597390651703,0.1665213704109192
25,16,analytic,local,20,-0.9186787009239197,-0.9901187419891357,0.2553597092628479,-0.9901187419891357
25,16,analytic,local,21,-1.1663150787353516,-1.2090076208114624,0.2553597092628479,-1.2090076208114624
25,16,analytic,local,22,0.049225181341171265,-0.501359760761261,0.2553597390651703,-0.501359760761261
25,16,analytic,local,23,-0.026159202679991722,-0.08339592814445496,0.2553597092628479,-0.08339592814445496
25,16,analytic,local,24,1.0974379777908325,0.7594271898269653,0.2553597390651703,0.7594271898269653
25,16,analytic,local,25,-0.13490822911262512,0.23747806251049042,0.2553597092628479,0.23747806251049042
25,17,analytic,global,0,-0.6778585910797119,-0.6783890128135681,0.12831684947013855,-0.6783890128135681
25,17,analytic,local,1,0.20911839604377747,0.8841793537139893,0.25535979866981506,0.8841793537139893
25,17,analytic,local,2,-0.06785483658313751,0.12409127503633499,0.2553596794605255,0.12409127503633499
25,17,analytic,local,3,0.6438238620758057,0.7198596000671387,0.2553597688674927,0.7198596000671387
25,17,analytic,local,4,0.0806710496544838,0.21007360517978668,0.2553597092628479,0.21007360517978668
25,17,analytic,local,5,-0.23742146790027618,-0.25011998414993286,0.2553596794605255,-0.25011998414993286
25,17,analytic,local,6,0.4813893735408783,0.5202388167381287,0.2553596794605255,0.5202388167381287
25,17,analytic,local,7,0.45359450578689575,0.6093870401382446,0.2553597092628479,0.6093870401382446
25,17,analytic,local,8,-0.4568897485733032,-0.27430522441864014,0.25535979866981506,-0.27430522441864014
25,17,analytic,local,9,-0.4051927924156189,-0.1324891299009323,0.2553597390651703,-0.1324891299009323
25,17,analytic,local,10,0.07213583588600159,-0.0940457135438919,0.2553597390651703,-0.0940457135438919
25,17,analytic,local,11,-1.6941837072372437,-1.3606836795806885,0.2553597390651703,-1.3606836795806885
25,17,analytic,local,12,0.33506521582603455,0.28939691185951233,0.2553597092628479,0.28939691185951233
25,17,analytic,local,13,-0.2890951931476593,-0.25678542256355286,0.2553597390651703,-0.25678542256355286
25,17,analytic,local,14,-0.13375478982925415,0.05750857666134834,0.2553597390651703,0.05750857666134834
25,17,analytic,local,15,-0.1268395334482193,-0.12900467216968536,0.2553597390651703,-0.12900467216968536
25,17,analytic,local,16,-0.006884056143462658,-0.3310045003890991,0.2553597092628479,-0.3310045003890991
25,17,analytic,local,17,0.14833688735961914,0.337565153837204,0.2553597390651703,0.337565153837204
25,17,analytic,local,18,0.5219765901565552,0.36309725046157837,0.2553597688674927,0.36309725046157837
25,17,analytic,local,19,-1.1476370096206665,-0.8445366621017456,0.2553597390651703,-0.8445366621017456
25,17,analytic,local,20,-0.06636493653059006,0.10104512423276901,0.2553597092628479,0.10104512423276901
25,17,analytic,local,21,-0.8540751934051514,-0.681976854801178,0.2553597092628479,-0.681976854801178
25,17,analytic,local,22,-0.34580934047698975,-0.4883129596710205,0.2553597390651703,-0.4883129596710205
25,17,analytic,local,23,-0.37920528650283813,-0.2715403139591217,0.2553597092628479,-0.2715403139591217
25,17,analytic,local,24,0.1052202358841896,-0.06757646799087524,0.2553597390651703,-0.06757646799087524
25,17,analytic,local,25,0.5442000031471252,0.5843456983566284,0.2553597092628479,0.5843456983566284
25,18,analytic,global,0,0.2698563039302826,0.10560821741819382,0.12831684947013855,0.10560821741819382
25,18,analytic,local,1,-0.2815832495689392,-0.17676779627799988,0.25535979866981506,-0.17676779627799988
25,18,analytic,local,2,-0.2615213394165039,-0.18997310101985931,0.2553596794605255,-0.18997310101985931
25,18,analytic,local,3,-0.5892548561096191,-0.33504125475883484,0.2553597688674927,-0.33504125475883484
25,18,analytic,local,4,-0.5243009924888611,0.1425226628780365,0.2553597092628479,0.1425226628780365
25,18,analytic,local,5,-0.36801451444625854,-0.31324002146720886,0.2553596794605255,-0.31324002146720886
25,18,analytic,local,6,-0.23545482754707336,-0.15755370259284973,0.2553596794605255,-0.15755370259284973
25,18,analytic,local,7,-1.1915452480316162,-1.116033911705017,0.2553597092628479,-1.116033911705017
25,18,analytic,local,8,0.2998046875,0.7881571650505066,0.25535979866981506,0.7881571650505066
25,18,analytic,local,9,0.94407057762146,1.0078593492507935,0.2553597390651703,1.0078593492507935
25,18,analytic,local,10,-0.03189549967646599,0.23472273349761963,0.2553597390651703,0.23472273349761963
25,18,analytic,local,11,-0.02245841920375824,0.13922064006328583,0.2553597390651703,0.13922064006328583
25,18,analytic,local,12,-0.4150567352771759,-0.3519790768623352,0.2553597092628479,-0.3519790768623352
25,18,analytic,local,13,0.05514189228415489,-0.03627718240022659,0.2553597390651703,-0.03627718240022659
25,18,analytic,local,14,-0.3991428017616272,-0.08430305123329163,0.2553597390651703,-0.08430305123329163
25,18,analytic,local,15,-1.395833969116211,-1.0233176946640015,0.2553597390651703,-1.0233176946640015
25,18,analytic,local,16,0.2836180031299591,0.5599372982978821,0.2553597092628479,0.5599372982978821
25,18,analytic,local,17,-0.6030741930007935,-0.4514831304550171,0.2553597390651703,-0.4514831304550171
25,18,analytic,local,18,0.1959368735551834,0.5093300938606262,0.2553597688674927,0.5093300938606262
25,18,analytic,local,19,-0.1820911169052124,-0.016383476555347443,0.2553597390651703,-0.016383476555347443
25,18,analytic,local,20,-0.5666369795799255,-0.17501385509967804,0.2553597092628479,-0.17501385509967804
25,18,analytic,local,21,-0.06621819734573364,-0.20931975543498993,0.2553597092628479,-0.20931975543498993
25,18,analytic,local,22,0.45573320984840393,0.9529593586921692,0.2553597390651703,0.9529593586921692
25,18,analytic,local,23,-0.39914554357528687,-0.35790470242500305,0.2553597092628479,-0.35790470242500305
25,18,analytic,local,24,1.055209994316101,0.978717029094696,0.2553597390651703,0.978717029094696
25,18,analytic,local,25,-0.8075734972953796,-0.2594257891178131,0.2553597092628479,-0.2594257891178131
25,19,analytic,global,0,1.464375376701355,1.3258236646652222,0.12831684947013855,1.3258236646652222
25,19,analytic,local,1,-0.12411820888519287,-0.2685711979866028,0.25535979866981506,-0.2685711979866028
25,19,analytic,local,2,-0.057855166494846344,-0.0029795083682984114,0.2553596794605255,-0.0029795083682984114
25,19,analytic,local,3,-0.8005819916725159,-0.7427933812141418,0.2553597688674927,-0.7427933812141418
25,19,analytic,local,4,-0.15029926598072052,-0.20623543858528137,0.2553597092628479,-0.20623543858528137
25,19,analytic,local,5,-0.058412011712789536,0.21246053278446198,0.2553596794605255,0.21246053278446198
25,19,analytic,local,6,-0.7577560544013977,-0.6328096389770508,0.2553596794605255,-0.6328096389770508
25,19,analytic,local,7,0.34231799840927124,0.20478834211826324,0.2553597092628479,0.20478834211826324
25,19,analytic,local,8,-0.27958664298057556,-0.6398596167564392,0.25535979866981506,-0.6398596167564392
25,19,analytic,local,9,-0.6552527546882629,-0.24033787846565247,0.2553597390651703,-0.24033787846565247
25,19,analytic,local,10,-0.46366873383522034,-0.08792640268802643,0.2553597390651703,-0.08792640268802643
25,19,analytic,local,11,1.3980772495269775,1.3446664810180664,0.2553597390651703,1.3446664810180664
25,19,analytic,local,12,-0.7407123446464539,-0.9205866456031799,0.2553597092628479,-0.9205866456031799
25,19,analytic,local,13,-0.9654839634895325,-0.7097107768058777,0.2553597390651703,-0.7097107768058777
25,19,analytic,local,14,0.712303102016449,0.47223740816116333,0.2553597390651703,0.47223740816116333
25,19,analytic,local,15,0.3294256627559662,0.07274208962917328,0.2553597390651703,0.07274208962917328
25,19,analytic,local,16,-0.06585633754730225,0.07625985145568848,0.2553597092628479,0.07625985145568848
25,19,analytic,local,17,-0.12189870327711105,0.12295562773942947,0.2553597390651703,0.12295562773942947
25,19,analytic,local,18,0.7327553629875183,1.0215438604354858,0.2553597688674927,1.0215438604354858
25,19,analytic,local,19,0.40164875984191895,0.4795343577861786,0.2553597390651703,0.4795343577861786
25,19,analytic,local,20,0.11868500709533691,0.029609082266688347,0.2553597092628479,0.029609082266688347
25,19,analytic,local,21,0.36912551522254944,0.41590118408203125,0.2553597092628479,0.41590118408203125
25,19,analytic,local,22,-0.6132761240005493,-0.6898518204689026,0.2553597390651703,-0.6898518204689026
25,19,analytic,local,23,0.4204549193382263,0.9833716750144958,0.2553597092628479,0.9833716750144958
25,19,analytic,local,24,0.24613599479198456,0.5921705365180969,0.2553597390651703,0.5921705365180969
25,19,analytic,local,25,-0.1430940181016922,-0.14082707464694977,0.2553597092628479,-0.14082707464694977
50,0,analytic,global,0,0.6480909585952759,0.7711969614028931,0.09132298082113266,0.7711969614028931
50,0,analytic,local,1,-0.5247451066970825,-0.49202290177345276,0.24353522062301636,-0.49202290177345276
50,0,analytic,local,2,0.5434615015983582,0.4528743624687195,0.24353539943695068,0.4528743624687195
50,0,analytic,local,3,0.6566146612167358,0.6060065627098083,0.24353507161140442,0.6060065627098083
50,0,analytic,local,4,0.12675869464874268,-0.19290077686309814,0.2435350865125656,-0.19290077686309814
50,0,analytic,local,5,0.2576241195201874,0.27545493841171265,0.243535116314888,0.27545493841171265
50,0,analytic,local,6,0.3317095637321472,0.3076944053173065,0.2435353398323059,0.3076944053173065
50,0,analytic,local,7,0.44547295570373535,0.13157302141189575,0.24353544414043427,0.13157302141189575
50,0,analytic,local,8,-0.019250843673944473,-0.1832774430513382,0.24353501200675964,-0.1832774430513382
50,0,analytic,local,9,0.1676669418811798,-0.036353494971990585,0.24353526532649994,-0.036353494971990585
50,0,analytic,local,10,-0.4191754162311554,-0.2981005012989044,0.24353522062301636,-0.2981005012989044
50,0,analytic,local,11,-1.362747311592102,-1.8709678649902344,0.24353495240211487,-1.8709678649902344
50,0,analytic,local,12,0.6712114810943604,0.13367754220962524,0.24353498220443726,0.13367754220962524
50,0,analytic,local,13,-1.2817389965057373,-0.803433895111084,0.24353525042533875,-0.803433895111084
50,0,analytic,local,14,0.44233250617980957,0.5709054470062256,0.24353522062301636,0.5709054470062256
50,0,analytic,local,15,1.1493333578109741,0.7814399600028992,0.24353523552417755,0.7814399600028992
50,0,analytic,local,16,-0.3524496853351593,-0.48879286646842957,0.24353519082069397,-0.48879286646842957
50,0,analytic,local,17,0.428697794675827,0.4279175102710724,0.24353523552417755,0.4279175102710724
50,0,analytic,local,18,0.42342114448547363,0.27312126755714417,0.2435351461172104,0.27312126755714417
50,0,analytic,local,19,0.1527913212776184,0.1980380117893219,0.2435353696346283,0.1980380117893219
50,0,analytic,local,20,-0.17483776807785034,-0.3821955621242523,0.24353517591953278,-0.3821955621242523
50,0,analytic,local,21,-0.06121199578046799,-0.2698180377483368,0.24353526532649994,-0.2698180377483368
50,0,analytic,local,22,-0.32282036542892456,-0.8046918511390686,0.2435350865125656,-0.8046918511390686
50,0,analytic,local,23,0.3612585961818695,-0.1118166372179985,0.2435351461172104,-0.1118166372179985
50,0,analytic,local,24,0.08015073835849762,-0.06551311910152435,0.2435351014137268,-0.06551311910152435
50,0,analytic,local,25,0.06800564378499985,-0.3719532787799835,0.24353516101837158,-0.3719532787799835
50,0,analytic,local,26,0.06930507719516754,0.1752154380083084,0.2435351461172104,0.1752154380083084
50,0,analytic,local,27,-0.5213518142700195,-0.7517864108085632,0.24353526532649994,-0.7517864108085632
50,0,analytic,local,28,-0.021245203912258148,-0.0820934996008873,0.2435350865125656,-0.0820934996008873
50,0,analytic,local,29,0.3887215852737427,0.11823360621929169,0.24353532493114471,0.11823360621929169
50,0,analytic,local,30,1.0880705118179321,0.45412346720695496,0.24353520572185516,0.45412346720695496
50,0,analytic,local,31,-0.2295432835817337,-0.20951096713542938,0.24353528022766113,-0.20951096713542938
50,0,analytic,local,32,1.505165457725525,1.4688072204589844,0.2435351312160492,1.4688072204589844
50,0,analytic,local,33,1.506104826927185,1.1899359226226807,0.24353520572185516,1.1899359226226807
50,0,analytic,local,34,0.7880385518074036,0.5436216592788696,0.24353523552417755,0.5436216592788696
50,0,analytic,local,35,0.22613473236560822,-0.015734899789094925,0.24353519082069397,-0.015734899789094925
50,0,analytic,local,36,-0.37512636184692383,0.33423447608947754,0.24353526532649994,0.33423447608947754
50,0,analytic,local,37,-0.04916426166892052,0.014822553843259811,0.24353520572185516,0.014822553843259811
50,0,analytic,local,38,0.32650330662727356,-0.03891051188111305,0.24353523552417755,-0.03891051188111305
50,0,analytic,local,39,-0.41672804951667786,-0.2896028161048889,0.24353520572185516,-0.2896028161048889
50,0,analytic,local,40,1.006518840789795,0.8762326240539551,0.24353519082069397,0.8762326240539551
50,0,analytic,local,41,-0.2341431826353073,-0.2896725833415985,0.24353523552417755,-0.2896725833415985
50,0,analytic,local,42,0.03960365429520607,-0.2936601936817169,0.24353519082069397,-0.2936601936817169
50,0,analytic,local,43,0.8832309246063232,0.5921387076377869,0.24353523552417755,0.5921387076377869
50,0,analytic,local,44,-0.5683207511901855,-0.6394332647323608,0.24353520572185516,-0.6394332647323608
50,0,analytic,local,45,0.2202354520559311,0.4089479148387909,0.24353520572185516,0.4089479148387909
50,0,analytic,local,46,-0.6533512473106384,-0.6752645969390869,0.24353522062301636,-0.6752645969390869
50,0,analytic,local,47,0.07865878939628601,-0.24290114641189575,0.24353520572185516,-0.24290114641189575
50,0,analytic,local,48,-0.33878687024116516,-0.33027389645576477,0.24353520572185516,-0.33027389645576477
50,0,analytic,local,49,-0.4646556079387665,-0.5051306486129761,0.24353522062301636,-0.5051306486129761
50,0,analytic,local,50,0.9863283038139343,0.8346090912818909,0.24353522062301636,0.8346090912818909
50,1,analytic,global,0,-0.5445113778114319,-0.46873700618743896,0.09132298082113266,-0.46873700618743896
50,1,analytic,local,1,0.013088908977806568,-0.2507365942001343,0.24353522062301636,-0.2507365942001343
50,1,analytic,local,2,-0.07391013950109482,-0.10457205772399902,0.24353539943695068,-0.10457205772399902
50,1,analytic,local,3,-0.8191118240356445,-0.6910828948020935,0.24353507161140442,-0.6910828948020935
50,1,analytic,local,4,1.2563092708587646,0.6298191547393799,0.2435350865125656,0.6298191547393799
50,1,analytic,local,5,0.7116554975509644,0.5394164323806763,0.243535116314888,0.5394164323806763
50,1,analytic,local,6,-0.20747607946395874,-0.5598344206809998,0.2435353398323059,-0.5598344206809998
50,1,analytic,local,7,1.0800122022628784,1.1136384010314941,0.24353544414043427,1.1136384010314941
50,1,analytic,local,8,-1.2796003818511963,-0.9371849894523621,0.24353501200675964,-0.9371849894523621
50,1,analytic,local,9,0.019716210663318634,-0.14219924807548523,0.24353526532649994,-0.14219924807548523
50,1,analytic,local,10,-0.9469040632247925,-1.2039175033569336,0.24353522062301636,-1.2039175033569336
50,1,analytic,local,11,-0.30294665694236755,-0.48733556270599365,0.24353495240211487,-0.48733556270599365
50,1,analytic,local,12,-0.16191886365413666,0.03615143522620201,0.24353498220443726,0.03615143522620201
50,1,analytic,local,13,-0.5094948410987854,-0.6753393411636353,0.24353525042533875,-0.6753393411636353
50,1,analytic,local,14,0.7389278411865234,0.7158963680267334,0.24353522062301636,0.7158963680267334
50,1,analytic,local,15,0.02178337424993515,-0.021045859903097153,0.24353523552417755,-0.021045859903097153
50,1,analytic,local,16,-0.5085543394088745,-0.3635062873363495,0.24353519082069397,-0.3635062873363495
50,1,analytic,local,17,-0.602584958076477,-0.43255525827407837,0.24353523552417755,-0.43255525827407837
50,1,analytic,local,18,0.4978941082954407,0.2808997333049774,0.2435351461172104,0.2808997333049774
50,1,analytic,local,19,-0.4690609872341156,-0.2944667339324951,0.2435353696346283,-0.2944667339324951
50,1,analytic,local,20,-0.20998738706111908,-0.46057745814323425,0.24353517591953278,-0.46057745814323425
50,1,analytic,local,21,-0.08349403738975525,-0.2044307291507721,0.24353526532649994,-0.2044307291507721
50,1,analytic,local,22,1.4470243453979492,1.3485593795776367,0.2435350865125656,1.3485593795776367
50,1,analytic,local,23,1.4955329895019531,1.043402075767517,0.2435351461172104,1.043402075767517
50,1,analytic,local,24,0.414004921913147,0.5584782361984253,0.2435351014137268,0.5584782361984253
50,1,analytic,local,25,0.7610758543014526,0.7087908387184143,0.24353516101837158,0.7087908387184143
50,1,analytic,local,26,0.4320540130138397,0.17971527576446533,0.2435351461172104,0.17971527576446533
50,1,analytic,local,27,-0.31618359684944153,-0.3403390347957611,0.24353526532649994,-0.3403390347957611
50,1,analytic,local,28,0.3577970862388611,0.19339865446090698,0.2435350865125656,0.19339865446090698
50,1,analytic,local,29,0.08018654584884644,-0.18930299580097198,0.24353532493114471,-0.18930299580097198
50,1,analytic,local,30,0.4017474949359894,0.5177958607673645,0.24353520572185516,0.5177958607673645
50,1,analytic,local,31,0.19716395437717438,0.34623396396636963,0.24353528022766113,0.34623396396636963
50,1,analytic,local,32,-0.2499966025352478,-0.5724678635597229,0.2435351312160492,-0.5724678635597229
50,1,analytic,local,33,0.3420441448688507,0.1060643345117569,0.24353520572185516,0.1060643345117569
50,1,analytic,local,34,0.9323300719261169,0.7247051000595093,0.24353523552417755,0.7247051000595093
50,1,analytic,local,35,0.33752959966659546,0.40955838561058044,0.24353519082069397,0.40955838561058044
50,1,analytic,local,36,-0.4920197129249573,-0.6411833167076111,0.24353526532649994,-0.6411833167076111
50,1,analytic,local,37,-0.009944254532456398,0.02680419385433197,0.24353520572185516,0.02680419385433197
50,1,analytic,local,38,0.12564589083194733,0.19954103231430054,0.24353523552417755,0.19954103231430054
50,1,analytic,local,39,-0.9866943955421448,-1.374533772468567,0.24353520572185516,-1.374533772468567
50,1,analytic,local,40,-0.8546944260597229,-0.8446539044380188,0.24353519082069397,-0.8446539044380188
50,1,analytic,local,41,-0.06316104531288147,-0.3951137363910675,0.24353523552417755,-0.3951137363910675
50,1,analytic,local,42,0.5437512397766113,0.22334089875221252,0.24353519082069397,0.22334089875221252
50,1,analytic,local,43,1.0447674989700317,0.7279866933822632,0.24353523552417755,0.7279866933822632
50,1,analytic,local,44,0.035057660192251205,0.35700443387031555,0.24353520572185516,0.35700443387031555
50,1,analytic,local,45,-0.48912185430526733,-0.1159670352935791,0.24353520572185516,-0.1159670352935791
50,1,analytic,local,46,-0.4327654242515564,-0.2328021377325058,0.24353522062301636,-0.2328021377325058
50,1,analytic,local,47,0.8032195568084717,0.7024859189987183,0.24353520572185516,0.7024859189987183
50,1,analytic,local,48,0.32088589668273926,0.3035968542098999,0.24353520572185516,0.3035968542098999
50,1,analytic,local,49,-0.03464779630303383,-0.04005344212055206,0.24353522062301636,-0.04005344212055206
50,1,analytic,local,50,-0.7611116766929626,-0.6817514300346375,0.24353522062301636,-0.6817514300346375
50,2,analytic,global,0,-0.7034302353858948,-0.5460328459739685,0.09132298082113266,-0.5460328459739685
50,2,analytic,local,1,0.7715915441513062,0.6060981154441833,0.24353522062301636,0.6060981154441833
50,2,analytic,local,2,1.0339301824569702,0.7095173597335815,0.24353539943695068,0.7095173597335815
50,2,analytic,local,3,0.8787920475006104,0.6428532600402832,0.24353507161140442,0.6428532600402832
50,2,analytic,local,4,-1.0366926193237305,-0.9915507435798645,0.2435350865125656,-0.9915507435798645
50,2,analytic,local,5,0.2696824371814728,0.6049599051475525,0.243535116314888,0.6049599051475525
50,2,analytic,local,6,0.5931034684181213,0.31096503138542175,0.2435353398323059,0.31096503138542175
50,2,analytic,local,7,0.2021079957485199,-0.3475068509578705,0.24353544414043427,-0.3475068509578705
50,2,analytic,local,8,0.549662709236145,0.21803966164588928,0.24353501200675964,0.21803966164588928
50,2,analytic,local,9,-0.3406645655632019,-0.265832781791687,0.24353526532649994,-0.265832781791687
50,2,analytic,local,10,0.19572363793849945,0.1273302137851715,0.24353522062301636,0.1273302137851715
50,2,analytic,local,11,-0.37348848581314087,-0.4194469749927521,0.24353495240211487,-0.4194469749927521
50,2,analytic,local,12,-0.35978248715400696,-0.431880921125412,0.24353498220443726,-0.431880921125412
50,2,analytic,local,13,-0.2943940758705139,-1.0313135385513306,0.24353525042533875,-1.0313135385513306
50,2,analytic,local,14,-0.45113062858581543,-0.7896379828453064,0.24353522062301636,-0.7896379828453064
50,2,analytic,local,15,0.16966240108013153,0.15839236974716187,0.24353523552417755,0.15839236974716187
50,2,analytic,local,16,-0.25819844007492065,-0.09797756373882294,0.24353519082069397,-0.09797756373882294
50,2,analytic,local,17,0.2636871635913849,-0.24093525111675262,0.24353523552417755,-0.24093525111675262
50,2,analytic,local,18,0.5426902174949646,0.1431197077035904,0.2435351461172104,0.1431197077035904
50,2,analytic,local,19,0.24306489527225494,-0.05889089033007622,0.2435353696346283,-0.05889089033007622
50,2,analytic,local,20,-0.21597544848918915,-0.5630013942718506,0.24353517591953278,-0.5630013942718506
50,2,analytic,local,21,0.8145143389701843,0.6800408959388733,0.24353526532649994,0.6800408959388733
50,2,analytic,local,22,0.31412220001220703,0.006419001612812281,0.2435350865125656,0.006419001612812281
50,2,analytic,local,23,-0.03390056639909744,-0.4431666135787964,0.2435351461172104,-0.4431666135787964
50,2,analytic,local,24,-0.08683816343545914,-0.230199933052063,0.2435351014137268,-0.230199933052063
50,2,analytic,local,25,-0.417661190032959,-0.41783449053764343,0.24353516101837158,-0.41783449053764343
50,2,analytic,local,26,0.2601514458656311,0.00487527996301651,0.2435351461172104,0.00487527996301651
50,2,analytic,local,27,0.16583432257175446,-0.5147058963775635,0.24353526532649994,-0.5147058963775635
50,2,analytic,local,28,-0.0655391588807106,-0.17328663170337677,0.2435350865125656,-0.17328663170337677
50,2,analytic,local,29,0.047528333961963654,0.05853359401226044,0.24353532493114471,0.05853359401226044
50,2,analytic,local,30,0.824976921081543,0.4556048810482025,0.24353520572185516,0.4556048810482025
50,2,analytic,local,31,1.4049099683761597,1.2037947177886963,0.24353528022766113,1.2037947177886963
50,2,analytic,local,32,-1.1339541673660278,-0.717473566532135,0.2435351312160492,-0.717473566532135
50,2,analytic,local,33,-0.2824687361717224,-0.1924719214439392,0.24353520572185516,-0.1924719214439392
50,2,analytic,local,34,1.3255375623703003,0.9512099027633667,0.24353523552417755,0.9512099027633667
50,2,analytic,local,35,-0.6150397658348083,-0.7002539038658142,0.24353519082069397,-0.7002539038658142
50,2,analytic,local,36,0.0703771635890007,0.016691146418452263,0.24353526532649994,0.016691146418452263
50,2,analytic,local,37,1.1644445657730103,0.8358289003372192,0.24353520572185516,0.8358289003372192
50,2,analytic,local,38,-0.12171699851751328,0.08972644060850143,0.24353523552417755,0.08972644060850143
50,2,analytic,local,39,0.6219453811645508,0.40892985463142395,0.24353520572185516,0.40892985463142395
50,2,analytic,local,40,-0.83648282289505,-1.0504968166351318,0.24353519082069397,-1.0504968166351318
50,2,analytic,local,41,0.09824474900960922,0.3479363024234772,0.24353523552417755,0.3479363024234772
50,2,analytic,local,42,0.6472026109695435,0.5015966892242432,0.24353519082069397,0.5015966892242432
50,2,analytic,local,43,0.4786220192909241,0.40256616473197937,0.24353523552417755,0.40256616473197937
50,2,analytic,local,44,-1.2987525463104248,-1.064031720161438,0.24353520572185516,-1.064031720161438
50,2,analytic,local,45,-0.4738074541091919,-0.6749662160873413,0.24353520572185516,-0.6749662160873413
50,2,analytic,local,46,-0.3615230917930603,-0.20912021398544312,0.24353522062301636,-0.20912021398544312
50,2,analytic,local,47,0.4862421751022339,0.325729638338089,0.24353520572185516,0.325729638338089
50,2,analytic,local,48,0.07003525644540787,0.4189978539943695,0.24353520572185516,0.4189978539943695
50,2,analytic,local,49,1.6449010372161865,1.011539101600647,0.24353522062301636,1.011539101600647
50,2,analytic,local,50,0.38752901554107666,0.07756772637367249,0.24353522062301636,0.07756772637367249
50,3,analytic,global,0,0.6996573805809021,0.5820448994636536,0.09132298082113266,0.5820448994636536
50,3,analytic,local,1,0.2613428235054016,0.7524813413619995,0.24353522062301636,0.7524813413619995
50,3,analytic,local,2,-1.1082972288131714,-1.0768080949783325,0.24353539943695068,-1.0768080949783325
50,3,analytic,local,3,-0.12740536034107208,-0.2232501208782196,0.24353507161140442,-0.2232501208782196
50,3,analytic,local,4,0.3283878266811371,0.11027565598487854,0.2435350865125656,0.11027565598487854
50,3,analytic,local,5,0.25220155715942383,0.23512408137321472,0.243535116314888,0.23512408137321472
50,3,analytic,local,6,-0.31588995456695557,-0.4874391257762909,0.2435353398323059,-0.4874391257762909
50,3,analytic,local,7,-1.102107286453247,-0.9306508898735046,0.24353544414043427,-0.9306508898735046
50,3,analytic,local,8,0.02672181837260723,0.06124740093946457,0.24353501200675964,0.06124740093946457
50,3,analytic,local,9,0.041019756346940994,0.20207805931568146,0.24353526532649994,0.20207805931568146
50,3,analytic,local,10,0.0030341630335897207,-0.07202272117137909,0.24353522062301636,-0.07202272117137909
50,3,analytic,local,11,-0.31531575322151184,-0.10964786261320114,0.24353495240211487,-0.10964786261320114
50,3,analytic,local,12,0.09191020578145981,0.17506955564022064,0.24353498220443726,0.17506955564022064
50,3,analytic,local,13,1.499098539352417,1.0216960906982422,0.24353525042533875,1.0216960906982422
50,3,analytic,local,14,-0.13588084280490875,-0.07722896337509155,0.24353522062301636,-0.07722896337509155
50,3,analytic,local,15,0.11984527856111526,0.15556436777114868,0.24353523552417755,0.15556436777114868
50,3,analytic,local,16,0.4957965612411499,0.31680625677108765,0.24353519082069397,0.31680625677108765
50,3,analytic,local,17,-1.1465352773666382,-0.856078028678894,0.24353523552417755,-0.856078028678894
50,3,analytic,local,18,0.39469435811042786,0.6158961653709412,0.2435351461172104,0.6158961653709412
50,3,analytic,local,19,-0.7592794895172119,-0.8908368349075317,0.2435353696346283,-0.8908368349075317
50,3,analytic,local,20,0.7279199957847595,0.8284193873405457,0.24353517591953278,0.8284193873405457
50,3,analytic,local,21,-0.3560900092124939,0.066815085709095,0.24353526532649994,0.066815085709095
50,3,analytic,local,22,0.4388636648654938,0.746394157409668,0.2435350865125656,0.746394157409668
50,3,analytic,local,23,-0.1697540432214737,-0.1875036507844925,0.2435351461172104,-0.1875036507844925
50,3,analytic,local,24,-0.06105756759643555,0.01872895658016205,0.2435351014137268,0.01872895658016205
50,3,analytic,local,25,0.6474933624267578,0.860323965549469,0.24353516101837158,0.860323965549469
50,3,analytic,local,26,0.19633899629116058,0.30387595295906067,0.2435351461172104,0.30387595295906067
50,3,analytic,local,27,0.32105982303619385,-0.04023769125342369,0.24353526532649994,-0.04023769125342369
50,3,analytic,local,28,-0.03661010041832924,-0.227840393781662,0.2435350865125656,-0.227840393781662
50,3,analytic,local,29,0.7094565629959106,0.595005214214325,0.24353532493114471,0.595005214214325
50,3,analytic,local,30,0.19843359291553497,0.24304577708244324,0.24353520572185516,0.24304577708244324
50,3,analytic,local,31,0.3369106352329254,0.22117264568805695,0.24353528022766113,0.22117264568805695
50,3,analytic,local,32,0.8619759678840637,0.7279056310653687,0.2435351312160492,0.7279056310653687
50,3,analytic,local,33,-0.8555136919021606,-0.5042746067047119,0.24353520572185516,-0.5042746067047119
50,3,analytic,local,34,-0.3195290267467499,-0.13885217905044556,0.24353523552417755,-0.13885217905044556
50,3,analytic,local,35,-1.055705189704895,-0.4990062713623047,0.24353519082069397,-0.4990062713623047
50,3,analytic,local,36,-0.8025758266448975,-0.7410225868225098,0.24353526532649994,-0.7410225868225098
50,3,analytic,local,37,-0.8036037087440491,-0.5109924674034119,0.24353520572185516,-0.5109924674034119
50,3,analytic,local,38,0.7959163784980774,0.6921912431716919,0.24353523552417755,0.6921912431716919
50,3,analytic,local,39,0.016579236835241318,0.035603512078523636,0.24353520572185516,0.035603512078523636
50,3,analytic,local,40,0.14721651375293732,0.40945711731910706,0.24353519082069397,0.40945711731910706
50,3,analytic,local,41,-0.5229664444923401,-0.24935941398143768,0.24353523552417755,-0.24935941398143768
50,3,analytic,local,42,-0.3417612612247467,-0.23842349648475647,0.24353519082069397,-0.23842349648475647
50,3,analytic,local,43,0.04335436597466469,0.31076693534851074,0.24353523552417755,0.31076693534851074
50,3,analytic,local,44,-0.32040300965309143,-0.11712570488452911,0.24353520572185516,-0.11712570488452911
50,3,analytic,local,45,-0.6361305117607117,-0.6140018105506897,0.24353520572185516,-0.6140018105506897
50,3,analytic,local,46,-0.7457901835441589,-0.6038408875465393,0.24353522062301636,-0.6038408875465393
50,3,analytic,local,47,-0.7567175030708313,-0.46418529748916626,0.24353520572185516,-0.46418529748916626
50,3,analytic,local,48,-0.6829952001571655,-0.15906879305839539,0.24353520572185516,-0.15906879305839539
50,3,analytic,local,49,0.03546631336212158,0.41966649889945984,0.24353522062301636,0.41966649889945984
50,3,analytic,local,50,0.12675148248672485,0.22146980464458466,0.24353522062301636,0.22146980464458466
50,4,analytic,global,0,-0.6732224822044373,-0.7508919835090637,0.09132298082113266,-0.7508919835090637
50,4,analytic,local,1,-0.20667009055614471,-0.1489737182855606,0.24353522062301636,-0.1489737182855606
50,4,analytic,local,2,0.19886207580566406,0.5036933422088623,0.24353539943695068,0.5036933422088623
50,4,analytic,local,3,0.073466457426548,0.0651652067899704,0.24353507161140442,0.0651652067899704
50,4,analytic,local,4,-0.39271292090415955,-0.19136670231819153,0.2435350865125656,-0.19136670231819153
50,4,analytic,local,5,0.3830840289592743,-0.09188269078731537,0.243535116314888,-0.09188269078731537
50,4,analytic,local,6,0.09427019208669662,-0.015577076934278011,0.2435353398323059,-0.015577076934278011
50,4,analytic,local,7,-0.17430172860622406,-0.21565434336662292,0.24353544414043427,-0.21565434336662292
50,4,analytic,local,8,-0.5440948605537415,-0.4097878932952881,0.24353501200675964,-0.4097878932952881
50,4,analytic,local,9,0.3670526146888733,0.331780344247818,0.24353526532649994,0.331780344247818
50,4,analytic,local,10,-0.4638011157512665,-0.7211486101150513,0.24353522062301636,-0.7211486101150513
50,4,analytic,local,11,-0.6081399917602539,-0.49339598417282104,0.24353495240211487,-0.49339598417282104
50,4,analytic,local,12,-0.012128042988479137,0.13795778155326843,0.24353498220443726,0.13795778155326843
50,4,analytic,local,13,-0.5279167890548706,-0.2564033269882202,0.24353525042533875,-0.2564033269882202
50,4,analytic,local,14,0.4351428747177124,0.8232308030128479,0.24353522062301636,0.8232308030128479
50,4,analytic,local,15,0.648250937461853,0.5625511407852173,0.24353523552417755,0.5625511407852173
50,4,analytic,local,16,-0.4524523913860321,-0.07892446219921112,0.24353519082069397,-0.07892446219921112
50,4,analytic,local,17,0.16950763761997223,-0.08481892198324203,0.24353523552417755,-0.08481892198324203
50,4,analytic,local,18,0.2658018469810486,0.02223086729645729,0.2435351461172104,0.02223086729645729
50,4,analytic,local,19,-0.3400629758834839,-0.36896154284477234,0.2435353696346283,-0.36896154284477234
50,4,analytic,local,20,-0.9000216126441956,-0.9806844592094421,0.24353517591953278,-0.9806844592094421
50,4,analytic,local,21,-0.11090399324893951,-0.040989477187395096,0.24353526532649994,-0.040989477187395096
50,4,analytic,local,22,-0.5183446407318115,-0.8419557809829712,0.2435350865125656,-0.8419557809829712
50,4,analytic,local,23,-0.07799876481294632,-0.15430301427841187,0.2435351461172104,-0.15430301427841187
50,4,analytic,local,24,-0.7017098069190979,-0.5015785694122314,0.2435351014137268,-0.5015785694122314
50,4,analytic,local,25,0.15939892828464508,0.39043349027633667,0.24353516101837158,0.39043349027633667
50,4,analytic,local,26,-0.13607986271381378,-0.07151243090629578,0.2435351461172104,-0.07151243090629578
50,4,analytic,local,27,-0.07874400913715363,-0.13270017504692078,0.24353526532649994,-0.13270017504692078
50,4,analytic,local,28,-0.2661263346672058,-0.5096386671066284,0.2435350865125656,-0.5096386671066284
50,4,analytic,local,29,0.7831313014030457,0.9326128959655762,0.24353532493114471,0.9326128959655762
50,4,analytic,local,30,-0.05147397890686989,-0.2225157469511032,0.24353520572185516,-0.2225157469511032
50,4,analytic,local,31,1.3466626405715942,1.6221009492874146,0.24353528022766113,1.6221009492874146
50,4,analytic,local,32,0.3920234739780426,0.03396853432059288,0.2435351312160492,0.03396853432059288
50,4,analytic,local,33,-0.26983627676963806,-0.2979285717010498,0.24353520572185516,-0.2979285717010498
50,4,analytic,local,34,0.7589715719223022,1.0482217073440552,0.24353523552417755,1.0482217073440552
50,4,analytic,local,35,-1.0733232498168945,-0.6450034379959106,0.24353519082069397,-0.6450034379959106
50,4,analytic,local,36,-0.48731091618537903,-0.4866282641887665,0.24353526532649994,-0.4866282641887665
50,4,analytic,local,37,-1.1796247959136963,-1.0925239324569702,0.24353520572185516,-1.0925239324569702
50,4,analytic,local,38,0.8954432606697083,0.5898066163063049,0.24353523552417755,0.5898066163063049
50,4,analytic,local,39,-0.9178016185760498,-0.38109689950942993,0.24353520572185516,-0.38109689950942993
50,4,analytic,local,40,-0.3092076778411865,-0.272684782743454,0.24353519082069397,-0.272684782743454
50,4,analytic,local,41,0.28766027092933655,0.5568788647651672,0.24353523552417755,0.5568788647651672
50,4,analytic,local,42,0.43428993225097656,0.40884774923324585,0.24353519082069397,0.40884774923324585
50,4,analytic,local,43,0.18349120020866394,0.2555188536643982,0.24353523552417755,0.2555188536643982
50,4,analytic,local,44,-0.27377262711524963,-0.3591262996196747,0.24353520572185516,-0.3591262996196747
50,4,analytic,local,45,0.003402120666578412,0.2562716007232666,0.24353520572185516,0.2562716007232666
50,4,analytic,local,46,1.0124279260635376,0.6862578988075256,0.24353522062301636,0.6862578988075256
50,4,analytic,local,47,0.6856653690338135,0.8713080883026123,0.24353520572185516,0.8713080883026123
50,4,analytic,local,48,0.02536820061504841,0.14787934720516205,0.24353520572185516,0.14787934720516205
50,4,analytic,local,49,-0.05148812383413315,-0.36486637592315674,0.24353522062301636,-0.36486637592315674
50,4,analytic,local,50,-0.5989211797714233,-0.2364168018102646,0.24353522062301636,-0.2364168018102646
50,5,analytic,global,0,-0.3065107464790344,-0.31626659631729126,0.09132298082113266,-0.31626659631729126
50,5,analytic,local,1,-0.6110197305679321,-0.2879084646701813,0.24353522062301636,-0.2879084646701813
50,5,analytic,local,2,0.14722634851932526,0.07947304099798203,0.24353539943695068,0.07947304099798203
50,5,analytic,local,3,-0.3091910183429718,-0.21620036661624908,0.24353507161140442,-0.21620036661624908
50,5,analytic,local,4,-1.0146490335464478,-0.8232511878013611,0.2435350865125656,-0.8232511878013611
50,5,analytic,local,5,-0.004293614067137241,0.08770241588354111,0.243535116314888,0.08770241588354111
50,5,analytic,local,6,-0.01492780540138483,0.06660966575145721,0.2435353398323059,0.06660966575145721
50,5,analytic,local,7,-0.19486425817012787,-0.13502444326877594,0.24353544414043427,-0.13502444326877594
50,5,analytic,local,8,-0.15414726734161377,0.09790685027837753,0.24353501200675964,0.09790685027837753
50,5,analytic,local,9,-0.4533308446407318,-0.47089383006095886,0.24353526532649994,-0.47089383006095886
50,5,analytic,local,10,-0.32632309198379517,-0.15630057454109192,0.24353522062301636,-0.15630057454109192
50,5,analytic,local,11,0.9636123180389404,0.8798356056213379,0.24353495240211487,0.8798356056213379
50,5,analytic,local,12,-0.5390640497207642,-0.8709259033203125,0.24353498220443726,-0.8709259033203125
50,5,analytic,local,13,-0.19040732085704803,-0.38213711977005005,0.24353525042533875,-0.38213711977005005
50,5,analytic,local,14,-0.2500441372394562,0.010030873119831085,0.24353522062301636,0.010030873119831085
50,5,analytic,local,15,1.5151628255844116,1.5539941787719727,0.24353523552417755,1.5539941787719727
50,5,analytic,local,16,1.0108765363693237,1.0555598735809326,0.24353519082069397,1.0555598735809326
50,5,analytic,local,17,0.7758392095565796,0.614048957824707,0.24353523552417755,0.614048957824707
50,5,analytic,local,18,-0.7043089270591736,-0.6598526239395142,0.2435351461172104,-0.6598526239395142
50,5,analytic,local,19,0.8335531949996948,0.48838886618614197,0.2435353696346283,0.48838886618614197
50,5,analytic,local,20,-0.4597644805908203,-0.43865543603897095,0.24353517591953278,-0.43865543603897095
50,5,analytic,local,21,-0.33079463243484497,-0.35173484683036804,0.24353526532649994,-0.35173484683036804
50,5,analytic,local,22,0.44244837760925293,0.429790735244751,0.2435350865125656,0.429790735244751
50,5,analytic,local,23,0.35773763060569763,-0.1112988069653511,0.2435351461172104,-0.1112988069653511
50,5,analytic,local,24,0.5417960286140442,0.5737717747688293,0.2435351014137268,0.5737717747688293
50,5,analytic,local,25,-0.36666592955589294,-0.3082895874977112,0.24353516101837158,-0.3082895874977112
50,5,analytic,local,26,0.019418461248278618,0.09820584207773209,0.2435351461172104,0.09820584207773209
50,5,analytic,local,27,0.7346553802490234,0.4689035415649414,0.24353526532649994,0.4689035415649414
50,5,analytic,local,28,-0.7577188611030579,-0.7187784314155579,0.2435350865125656,-0.7187784314155579
50,5,analytic,local,29,0.5269304513931274,0.708659827709198,0.24353532493114471,0.708659827709198
50,5,analytic,local,30,-0.6171833872795105,-0.9179386496543884,0.24353520572185516,-0.9179386496543884
50,5,analytic,local,31,0.28029459714889526,0.05728280171751976,0.24353528022766113,0.05728280171751976
50,5,analytic,local,32,-0.3598598837852478,-0.6090991497039795,0.2435351312160492,-0.6090991497039795
50,5,analytic,local,33,0.05028009042143822,0.23186329007148743,0.24353520572185516,0.23186329007148743
50,5,analytic,local,34,-0.7775536775588989,-0.5622098445892334,0.24353523552417755,-0.5622098445892334
50,5,analytic,local,35,0.21936872601509094,0.41125309467315674,0.24353519082069397,0.41125309467315674
50,5,analytic,local,36,0.27851369976997375,0.215662881731987,0.24353526532649994,0.215662881731987
50,5,analytic,local,37,-0.7473304271697998,-0.6421380639076233,0.24353520572185516,-0.6421380639076233
50,5,analytic,local,38,0.2336927056312561,0.16613712906837463,0.24353523552417755,0.16613712906837463
50,5,analytic,local,39,-0.7478705048561096,-0.917346715927124,0.24353520572185516,-0.917346715927124
50,5,analytic,local,40,0.3576042652130127,0.29657068848609924,0.24353519082069397,0.29657068848609924
50,5,analytic,local,41,-0.17970001697540283,-0.4263184070587158,0.24353523552417755,-0.4263184070587158
50,5,analytic,local,42,0.6347278952598572,0.4823053181171417,0.24353519082069397,0.4823053181171417
50,5,analytic,local,43,0.4312382638454437,0.25929248332977295,0.24353523552417755,0.25929248332977295
50,5,analytic,local,44,0.2676837742328644,0.5784358978271484,0.24353520572185516,0.5784358978271484
50,5,analytic,local,45,-0.12016446143388748,-0.1773330271244049,0.24353520572185516,-0.1773330271244049
50,5,analytic,local,46,-0.2546246647834778,-0.13848340511322021,0.24353522062301636,-0.13848340511322021
50,5,analytic,local,47,0.8447257876396179,0.8395540118217468,0.24353520572185516,0.8395540118217468
50,5,analytic,local,48,-0.5524922609329224,-0.5939474701881409,0.24353520572185516,-0.5939474701881409
50,5,analytic,local,49,-0.042821187525987625,-0.0789240300655365,0.24353522062301636,-0.0789240300655365
50,5,analytic,local,50,0.11750748008489609,0.06586901098489761,0.24353522062301636,0.06586901098489761
50,6,analytic,global,0,0.5915895104408264,0.5783339738845825,0.09132298082113266,0.5783339738845825
50,6,analytic,local,1,0.028510548174381256,0.15668371319770813,0.24353522062301636,0.15668371319770813
50,6,analytic,local,2,-0.2275029420852661,0.00385118555277586,0.24353539943695068,0.00385118555277586
50,6,analytic,local,3,-0.312109112739563,-0.24725259840488434,0.24353507161140442,-0.24725259840488434
50,6,analytic,local,4,-0.5956920981407166,-0.3784613311290741,0.2435350865125656,-0.3784613311290741
50,6,analytic,local,5,-0.7113702297210693,-0.34881067276000977,0.243535116314888,-0.34881067276000977
50,6,analytic,local,6,-0.5652485489845276,-0.11436202377080917,0.2435353398323059,-0.11436202377080917
50,6,analytic,local,7,0.7534592747688293,0.44443410634994507,0.24353544414043427,0.44443410634994507
50,6,analytic,local,8,-0.7748445868492126,-1.0508387088775635,0.24353501200675964,-1.0508387088775635
50,6,analytic,local,9,0.6614311933517456,1.0730443000793457,0.24353526532649994,1.0730443000793457
50,6,analytic,local,10,0.2425612509250641,0.22202487289905548,0.24353522062301636,0.22202487289905548
50,6,analytic,local,11,0.5357553958892822,0.5699577331542969,0.24353495240211487,0.5699577331542969
50,6,analytic,local,12,0.13101395964622498,0.05911378189921379,0.24353498220443726,0.05911378189921379
50,6,analytic,local,13,-0.30801501870155334,-0.12706632912158966,0.24353525042533875,-0.12706632912158966
50,6,analytic,local,14,-0.6325384974479675,-0.6031135320663452,0.24353522062301636,-0.6031135320663452
50,6,analytic,local,15,-0.5448784828186035,-0.27897271513938904,0.24353523552417755,-0.27897271513938904
50,6,analytic,local,16,0.5268576741218567,0.4153706431388855,0.24353519082069397,0.4153706431388855
50,6,analytic,local,17,-0.7876436710357666,-0.38625138998031616,0.24353523552417755,-0.38625138998031616
50,6,analytic,local,18,-0.1654786914587021,0.18181180953979492,0.2435351461172104,0.18181180953979492
50,6,analytic,local,19,-0.6164842247962952,-0.17863185703754425,0.2435353696346283,-0.17863185703754425
50,6,analytic,local,20,-0.47410354018211365,-0.4967227876186371,0.24353517591953278,-0.4967227876186371
50,6,analytic,local,21,-0.1288822591304779,-0.5454392433166504,0.24353526532649994,-0.5454392433166504
50,6,analytic,local,22,0.4741232991218567,0.5763399004936218,0.2435350865125656,0.5763399004936218
50,6,analytic,local,23,0.7147943377494812,0.46107545495033264,0.2435351461172104,0.46107545495033264
50,6,analytic,local,24,0.5565354228019714,0.3089861571788788,0.2435351014137268,0.3089861571788788
50,6,analytic,local,25,-0.6511490941047668,-0.42315012216567993,0.24353516101837158,-0.42315012216567993
50,6,analytic,local,26,0.21169506013393402,-0.030509624630212784,0.2435351461172104,-0.030509624630212784
50,6,analytic,local,27,-0.6044173240661621,-0.4701266586780548,0.24353526532649994,-0.4701266586780548
50,6,analytic,local,28,-0.4742257595062256,-0.39673665165901184,0.2435350865125656,-0.39673665165901184
50,6,analytic,local,29,-1.3139616250991821,-1.2022370100021362,0.24353532493114471,-1.2022370100021362
50,6,analytic,local,30,0.4880039393901825,0.1851527988910675,0.24353520572185516,0.1851527988910675
50,6,analytic,local,31,0.0891503393650055,0.27416664361953735,0.24353528022766113,0.27416664361953735
50,6,analytic,local,32,0.24500703811645508,0.44916629791259766,0.2435351312160492,0.44916629791259766
50,6,analytic,local,33,-0.4133560061454773,-0.46697378158569336,0.24353520572185516,-0.46697378158569336
50,6,analytic,local,34,-0.263451486825943,-0.38809049129486084,0.24353523552417755,-0.38809049129486084
50,6,analytic,local,35,-0.21915720403194427,0.037088606506586075,0.24353519082069397,0.037088606506586075
50,6,analytic,local,36,-0.5193474292755127,-0.5599770545959473,0.24353526532649994,-0.5599770545959473
50,6,analytic,local,37,0.05085301399230957,0.3184504210948944,0.24353520572185516,0.3184504210948944
50,6,analytic,local,38,-0.09370090067386627,-0.0312715545296669,0.24353523552417755,-0.0312715545296669
50,6,analytic,local,39,-0.41977566480636597,-0.337667852640152,0.24353520572185516,-0.337667852640152
50,6,analytic,local,40,0.8634189367294312,0.6530005931854248,0.24353519082069397,0.6530005931854248
50,6,analytic,local,41,0.8265722990036011,0.9149361848831177,0.24353523552417755,0.9149361848831177
50,6,analytic,local,42,1.0177258253097534,1.0753419399261475,0.24353519082069397,1.0753419399261475
50,6,analytic,local,43,0.1602931022644043,0.2973749339580536,0.24353523552417755,0.2973749339580536
50,6,analytic,local,44,-0.415535569190979,-0.506752610206604,0.24353520572185516,-0.506752610206604
50,6,analytic,local,45,-1.270072102546692,-0.9891188740730286,0.24353520572185516,-0.9891188740730286
50,6,analytic,local,46,0.7135528326034546,0.3782796561717987,0.24353522062301636,0.3782796561717987
50,6,analytic,local,47,-0.3774076998233795,-0.3365512788295746,0.24353520572185516,-0.3365512788295746
50,6,analytic,local,48,1.620987057685852,1.2660259008407593,0.24353520572185516,1.2660259008407593
50,6,analytic,local,49,0.32245972752571106,0.6242852807044983,0.24353522062301636,0.6242852807044983
50,6,analytic,local,50,0.00277665164321661,0.27441146969795227,0.24353522062301636,0.27441146969795227
50,7,analytic,global,0,0.13072767853736877,0.16721197962760925,0.09132298082113266,0.16721197962760925
50,7,analytic,local,1,0.18383678793907166,0.13423442840576172,0.24353522062301636,0.13423442840576172
50,7,analytic,local,2,0.2972407937049866,0.07634791731834412,0.24353539943695068,0.07634791731834412
50,7,analytic,local,3,-0.23969124257564545,-0.09748983383178711,0.24353507161140442,-0.09748983383178711
50,7,analytic,local,4,-1.014852523803711,-0.45456546545028687,0.2435350865125656,-0.45456546545028687
50,7,analytic,local,5,0.0829385370016098,0.1814091056585312,0.243535116314888,0.1814091056585312
50,7,analytic,local,6,0.2640865445137024,0.46374672651290894,0.2435353398323059,0.46374672651290894
50,7,analytic,local,7,-0.506899893283844,-0.6361307501792908,0.24353544414043427,-0.6361307501792908
50,7,analytic,local,8,0.49052679538726807,0.4529035687446594,0.24353501200675964,0.4529035687446594
50,7,analytic,local,9,0.48171746730804443,0.3509193956851959,0.24353526532649994,0.3509193956851959
50,7,analytic,local,10,0.15483100712299347,0.11240528523921967,0.24353522062301636,0.11240528523921967
50,7,analytic,local,11,0.5416877269744873,0.5244191884994507,0.24353495240211487,0.5244191884994507
50,7,analytic,local,12,-0.8270221948623657,-0.4743959903717041,0.24353498220443726,-0.4743959903717041
50,7,analytic,local,13,-0.7584887146949768,-0.5517646074295044,0.24353525042533875,-0.5517646074295044
50,7,analytic,local,14,0.9143958687782288,0.44603002071380615,0.24353522062301636,0.44603002071380615
50,7,analytic,local,15,-0.07872911542654037,-0.34055638313293457,0.24353523552417755,-0.34055638313293457
50,7,analytic,local,16,-0.4138052761554718,-0.37071287631988525,0.24353519082069397,-0.37071287631988525
50,7,analytic,local,17,-0.2205163687467575,-0.0036556345876306295,0.24353523552417755,-0.0036556345876306295
50,7,analytic,local,18,0.12883839011192322,0.6380908489227295,0.2435351461172104,0.6380908489227295
50,7,analytic,local,19,0.5168005228042603,0.4895741939544678,0.2435353696346283,0.4895741939544678
50,7,analytic,local,20,-0.000425985868787393,0.068949855864048,0.24353517591953278,0.068949855864048
50,7,analytic,local,21,-0.14626458287239075,-0.19470219314098358,0.24353526532649994,-0.19470219314098358
50,7,analytic,local,22,-0.1476219892501831,-0.2004225254058838,0.2435350865125656,-0.2004225254058838
50,7,analytic,local,23,0.7159649133682251,0.6677681803703308,0.2435351461172104,0.6677681803703308
50,7,analytic,local,24,-0.06812050193548203,-0.19163523614406586,0.2435351014137268,-0.19163523614406586
50,7,analytic,local,25,0.11599411815404892,0.35602837800979614,0.24353516101837158,0.35602837800979614
50,7,analytic,local,26,1.0092123746871948,0.5661172866821289,0.2435351461172104,0.5661172866821289
50,7,analytic,local,27,0.8390076160430908,0.7214303016662598,0.24353526532649994,0.7214303016662598
50,7,analytic,local,28,-0.25864583253860474,-0.17379450798034668,0.2435350865125656,-0.17379450798034668
50,7,analytic,local,29,-0.8668575286865234,-0.4275379180908203,0.24353532493114471,-0.4275379180908203
50,7,analytic,local,30,-0.28066161274909973,-0.31688493490219116,0.24353520572185516,-0.31688493490219116
50,7,analytic,local,31,-0.7711864113807678,-0.6214874982833862,0.24353528022766113,-0.6214874982833862
50,7,analytic,local,32,-0.05291084572672844,-0.06039116531610489,0.2435351312160492,-0.06039116531610489
50,7,analytic,local,33,0.7696578502655029,0.6322072148323059,0.24353520572185516,0.6322072148323059
50,7,analytic,local,34,-0.0905994102358818,0.2955644130706787,0.24353523552417755,0.2955644130706787
50,7,analytic,local,35,0.42886829376220703,0.025040753185749054,0.24353519082069397,0.025040753185749054
50,7,analytic,local,36,-0.3110060393810272,-0.3748190701007843,0.24353526532649994,-0.3748190701007843
50,7,analytic,local,37,-0.9586570858955383,-0.9055695533752441,0.24353520572185516,-0.9055695533752441
50,7,analytic,local,38,0.27470675110816956,0.008608229458332062,0.24353523552417755,0.008608229458332062
50,7,analytic,local,39,-0.01326765026897192,0.06408318877220154,0.24353520572185516,0.06408318877220154
50,7,analytic,local,40,-0.2802378833293915,0.07201363146305084,0.24353519082069397,0.07201363146305084
50,7,analytic,local,41,-0.1940554827451706,-0.2431102693080902,0.24353523552417755,-0.2431102693080902
50,7,analytic,local,42,0.3585079610347748,0.03248753398656845,0.24353519082069397,0.03248753398656845
50,7,analytic,local,43,-0.030301319435238838,0.1623704731464386,0.24353523552417755,0.1623704731464386
50,7,analytic,local,44,-0.042586132884025574,-0.27726757526397705,0.24353520572185516,-0.27726757526397705
50,7,analytic,local,45,0.05627940967679024,0.17123280465602875,0.24353520572185516,0.17123280465602875
50,7,analytic,local,46,-1.6972357034683228,-1.3678585290908813,0.24353522062301636,-1.3678585290908813
50,7,analytic,local,47,0.47478798031806946,0.17942115664482117,0.24353520572185516,0.17942115664482117
50,7,analytic,local,48,0.16868804395198822,-0.11336427181959152,0.24353520572185516,-0.11336427181959152
50,7,analytic,local,49,-0.3380339443683624,-0.12193115055561066,0.24353522062301636,-0.12193115055561066
50,7,analytic,local,50,0.8386192321777344,0.7206987738609314,0.24353522062301636,0.7206987738609314
50,8,analytic,global,0,-0.08653330057859421,-0.2579113841056824,0.09132298082113266,-0.2579113841056824
50,8,analytic,local,1,0.10287033766508102,0.14654287695884705,0.24353522062301636,0.14654287695884705
50,8,analytic,local,2,-1.3998960256576538,-1.235625147819519,0.24353539943695068,-1.235625147819519
50,8,analytic,local,3,0.45182278752326965,0.6369094252586365,0.24353507161140442,0.6369094252586365
50,8,analytic,local,4,-1.6669474840164185,-0.9748525023460388,0.2435350865125656,-0.9748525023460388
50,8,analytic,local,5,-0.24300773441791534,-0.545216977596283,0.243535116314888,-0.545216977596283
50,8,analytic,local,6,0.03348321467638016,0.27062758803367615,0.2435353398323059,0.27062758803367615
50,8,analytic,local,7,0.037026140838861465,0.0905153676867485,0.24353544414043427,0.0905153676867485
50,8,analytic,local,8,0.6656094789505005,0.5555294156074524,0.24353501200675964,0.5555294156074524
50,8,analytic,local,9,-0.020754417404532433,0.21797411143779755,0.24353526532649994,0.21797411143779755
50,8,analytic,local,10,0.7916703820228577,1.127858281135559,0.24353522062301636,1.127858281135559
50,8,analytic,local,11,-0.5128976702690125,-0.23501034080982208,0.24353495240211487,-0.23501034080982208
50,8,analytic,local,12,-0.49047496914863586,-0.36358821392059326,0.24353498220443726,-0.36358821392059326
50,8,analytic,local,13,0.24733245372772217,0.3534485399723053,0.24353525042533875,0.3534485399723053
50,8,analytic,local,14,-0.9405910968780518,-0.5138370990753174,0.24353522062301636,-0.5138370990753174
50,8,analytic,local,15,0.5267647504806519,0.7547698020935059,0.24353523552417755,0.7547698020935059
50,8,analytic,local,16,-1.1079928874969482,-0.8856755495071411,0.24353519082069397,-0.8856755495071411
50,8,analytic,local,17,-0.6300712823867798,-0.39230892062187195,0.24353523552417755,-0.39230892062187195
50,8,analytic,local,18,0.04693857952952385,0.2662552297115326,0.2435351461172104,0.2662552297115326
50,8,analytic,local,19,0.2545875012874603,0.29760992527008057,0.2435353696346283,0.29760992527008057
50,8,analytic,local,20,0.5279437899589539,0.5342295169830322,0.24353517591953278,0.5342295169830322
50,8,analytic,local,21,-0.37140312790870667,-0.3159749209880829,0.24353526532649994,-0.3159749209880829
50,8,analytic,local,22,-0.5533705949783325,-0.4732823669910431,0.2435350865125656,-0.4732823669910431
50,8,analytic,local,23,-0.6895440220832825,-0.9372667074203491,0.2435351461172104,-0.9372667074203491
50,8,analytic,local,24,0.379218727350235,0.5192029476165771,0.2435351014137268,0.5192029476165771
50,8,analytic,local,25,0.6494001150131226,0.8653600811958313,0.24353516101837158,0.8653600811958313
50,8,analytic,local,26,0.1690923124551773,0.3868280351161957,0.2435351461172104,0.3868280351161957
50,8,analytic,local,27,0.20345327258110046,0.21563953161239624,0.24353526532649994,0.21563953161239624
50,8,analytic,local,28,-0.4612697958946228,-0.6706834435462952,0.2435350865125656,-0.6706834435462952
50,8,analytic,local,29,-0.7810934782028198,-0.6704690456390381,0.24353532493114471,-0.6704690456390381
50,8,analytic,local,30,-0.41837558150291443,0.13567277789115906,0.24353520572185516,0.13567277789115906
50,8,analytic,local,31,-0.39758551120758057,-0.3998914659023285,0.24353528022766113,-0.3998914659023285
50,8,analytic,local,32,-0.18404431641101837,-0.44125601649284363,0.2435351312160492,-0.44125601649284363
50,8,analytic,local,33,0.1603849083185196,-0.02175195701420307,0.24353520572185516,-0.02175195701420307
50,8,analytic,local,34,-0.002994048409163952,0.25559985637664795,0.24353523552417755,0.25559985637664795
50,8,analytic,local,35,0.5858035683631897,0.24674265086650848,0.24353519082069397,0.24674265086650848
50,8,analytic,local,36,0.0739920437335968,0.032203178852796555,0.24353526532649994,0.032203178852796555
50,8,analytic,local,37,-0.7808573246002197,-0.7145934104919434,0.24353520572185516,-0.7145934104919434
50,8,analytic,local,38,0.6508989334106445,0.3897327482700348,0.24353523552417755,0.3897327482700348
50,8,analytic,local,39,-0.20282664895057678,-0.2798946499824524,0.24353520572185516,-0.2798946499824524
50,8,analytic,local,40,-0.8849393725395203,-0.46655553579330444,0.24353519082069397,-0.46655553579330444
50,8,analytic,local,41,-0.8413098454475403,-0.8052976727485657,0.24353523552417755,-0.8052976727485657
50,8,analytic,local,42,0.43831706047058105,0.26820242404937744,0.24353519082069397,0.26820242404937744
50,8,analytic,local,43,-0.15292076766490936,0.057468969374895096,0.24353523552417755,0.057468969374895096
50,8,analytic,local,44,1.0562695264816284,1.0118905305862427,0.24353520572185516,1.0118905305862427
50,8,analytic,local,45,0.41821229457855225,0.5809767246246338,0.24353520572185516,0.5809767246246338
50,8,analytic,local,46,-0.333911657333374,-0.051718179136514664,0.24353522062301636,-0.051718179136514664
50,8,analytic,local,47,-0.5295966267585754,-0.7789340615272522,0.24353520572185516,-0.7789340615272522
50,8,analytic,local,48,-0.23200130462646484,0.11318967491388321,0.24353520572185516,0.11318967491388321
50,8,analytic,local,49,1.2466219663619995,1.365066409111023,0.24353522062301636,1.365066409111023
50,8,analytic,local,50,0.01960042119026184,0.3325628936290741,0.24353522062301636,0.3325628936290741
50,9,analytic,global,0,0.13024835288524628,0.11471318453550339,0.09132298082113266,0.11471318453550339
50,9,analytic,local,1,0.45464932918548584,0.714501142501831,0.24353522062301636,0.714501142501831
50,9,analytic,local,2,-0.2917247414588928,-0.33148428797721863,0.24353539943695068,-0.33148428797721863
50,9,analytic,local,3,-1.0350176095962524,-0.956784188747406,0.24353507161140442,-0.956784188747406
50,9,analytic,local,4,-0.26743581891059875,-0.15458931028842926,0.2435350865125656,-0.15458931028842926
50,9,analytic,local,5,1.0534926652908325,0.6670752763748169,0.243535116314888,0.6670752763748169
50,9,analytic,local,6,-1.2152069807052612,-1.0441293716430664,0.2435353398323059,-1.0441293716430664
50,9,analytic,local,7,-0.5834868550300598,-0.7407337427139282,0.24353544414043427,-0.7407337427139282
50,9,analytic,local,8,-0.40068700909614563,-0.6477245688438416,0.24353501200675964,-0.6477245688438416
50,9,analytic,local,9,-0.41757187247276306,-0.28525370359420776,0.24353526532649994,-0.28525370359420776
50,9,analytic,local,10,0.2798992097377777,0.4154506027698517,0.24353522062301636,0.4154506027698517
50,9,analytic,local,11,-0.6952073574066162,-0.5609592795372009,0.24353495240211487,-0.5609592795372009
50,9,analytic,local,12,0.5419049263000488,0.31354060769081116,0.24353498220443726,0.31354060769081116
50,9,analytic,local,13,-0.8597834706306458,-0.708839476108551,0.24353525042533875,-0.708839476108551
50,9,analytic,local,14,0.8925357460975647,0.5864621996879578,0.24353522062301636,0.5864621996879578
50,9,analytic,local,15,0.8335309624671936,0.49108898639678955,0.24353523552417755,0.49108898639678955
50,9,analytic,local,16,0.46543967723846436,0.40578585863113403,0.24353519082069397,0.40578585863113403
50,9,analytic,local,17,-0.15262599289417267,-0.5232843160629272,0.24353523552417755,-0.5232843160629272
50,9,analytic,local,18,0.3285476565361023,0.09991941601037979,0.2435351461172104,0.09991941601037979
50,9,analytic,local,19,0.44151708483695984,0.3607170879840851,0.2435353696346283,0.3607170879840851
50,9,analytic,local,20,0.6423743963241577,0.6228112578392029,0.24353517591953278,0.6228112578392029
50,9,analytic,local,21,-0.42676684260368347,-0.5656314492225647,0.24353526532649994,-0.5656314492225647
50,9,analytic,local,22,0.06427580863237381,-0.10486718267202377,0.2435350865125656,-0.10486718267202377
50,9,analytic,local,23,-0.4443930983543396,-0.13539598882198334,0.2435351461172104,-0.13539598882198334
50,9,analytic,local,24,-0.1875978261232376,0.03610365465283394,0.2435351014137268,0.03610365465283394
50,9,analytic,local,25,0.47859305143356323,0.27412620186805725,0.24353516101837158,0.27412620186805725
50,9,analytic,local,26,1.2445074319839478,1.0081062316894531,0.2435351461172104,1.0081062316894531
50,9,analytic,local,27,0.5291823744773865,0.1326969712972641,0.24353526532649994,0.1326969712972641
50,9,analytic,local,28,-0.3852067291736603,-0.12197695672512054,0.2435350865125656,-0.12197695672512054
50,9,analytic,local,29,0.4762926399707794,0.4571426808834076,0.24353532493114471,0.4571426808834076
50,9,analytic,local,30,-0.27813300490379333,0.19951237738132477,0.24353520572185516,0.19951237738132477
50,9,analytic,local,31,0.32718420028686523,0.28427472710609436,0.24353528022766113,0.28427472710609436
50,9,analytic,local,32,-0.9049256443977356,-1.2748901844024658,0.2435351312160492,-1.2748901844024658
50,9,analytic,local,33,-0.024640629068017006,-0.025922853499650955,0.24353520572185516,-0.025922853499650955
50,9,analytic,local,34,-0.7134997248649597,-0.8506731390953064,0.24353523552417755,-0.8506731390953064
50,9,analytic,local,35,0.17042097449302673,0.04687751829624176,0.24353519082069397,0.04687751829624176
50,9,analytic,local,36,0.33266496658325195,0.28387725353240967,0.24353526532649994,0.28387725353240967
50,9,analytic,local,37,-0.6526221632957458,-0.5465589761734009,0.24353520572185516,-0.5465589761734009
50,9,analytic,local,38,0.21035629510879517,-0.14101694524288177,0.24353523552417755,-0.14101694524288177
50,9,analytic,local,39,0.2656629979610443,0.22544459998607635,0.24353520572185516,0.22544459998607635
50,9,analytic,local,40,0.3495059311389923,0.6967679262161255,0.24353519082069397,0.6967679262161255
50,9,analytic,local,41,-0.7336742281913757,-0.8574546575546265,0.24353523552417755,-0.8574546575546265
50,9,analytic,local,42,0.09472312778234482,0.3321191072463989,0.24353519082069397,0.3321191072463989
50,9,analytic,local,43,0.282147616147995,-0.04008886218070984,0.24353523552417755,-0.04008886218070984
50,9,analytic,local,44,0.8274700045585632,0.903617262840271,0.24353520572185516,0.903617262840271
50,9,analytic,local,45,0.6789107322692871,0.3304274380207062,0.24353520572185516,0.3304274380207062
50,9,analytic,local,46,0.09694983810186386,-0.08610426634550095,0.24353522062301636,-0.08610426634550095
50,9,analytic,local,47,0.18681268393993378,0.3135055601596832,0.24353520572185516,0.3135055601596832
50,9,analytic,local,48,0.994884192943573,1.0945531129837036,0.24353520572185516,1.0945531129837036
50,9,analytic,local,49,0.5157429575920105,0.26454126834869385,0.24353522062301636,0.26454126834869385
50,9,analytic,local,50,-0.7541043162345886,-0.7921604514122009,0.24353522062301636,-0.7921604514122009
50,10,analytic,global,0,1.6654901504516602,1.6307950019836426,0.09132298082113266,1.6307950019836426
50,10,analytic,local,1,-0.6998826265335083,-0.8881881833076477,0.24353522062301636,-0.8881881833076477
50,10,analytic,local,2,-0.1494676023721695,-0.20678137242794037,0.24353539943695068,-0.20678137242794037
50,10,analytic,local,3,-0.7998892068862915,-0.667555570602417,0.24353507161140442,-0.667555570602417
50,10,analytic,local,4,0.45324429869651794,0.32743266224861145,0.2435350865125656,0.32743266224861145
50,10,analytic,local,5,0.0453314408659935,0.13298381865024567,0.243535116314888,0.13298381865024567
50,10,analytic,local,6,0.19423805177211761,0.20430278778076172,0.2435353398323059,0.20430278778076172
50,10,analytic,local,7,0.5615993142127991,0.6598628759384155,0.24353544414043427,0.6598628759384155
50,10,analytic,local,8,-0.9582124948501587,-1.133569598197937,0.24353501200675964,-1.133569598197937
50,10,analytic,local,9,-0.024707674980163574,-0.1933169811964035,0.24353526532649994,-0.1933169811964035
50,10,analytic,local,10,-0.449449747800827,-0.20517365634441376,0.24353522062301636,-0.20517365634441376
50,10,analytic,local,11,0.7397407293319702,0.6184899806976318,0.24353495240211487,0.6184899806976318
50,10,analytic,local,12,0.38387247920036316,0.35421785712242126,0.24353498220443726,0.35421785712242126
50,10,analytic,local,13,-1.1259104013442993,-1.105658769607544,0.24353525042533875,-1.105658769607544
50,10,analytic,local,14,0.09416789561510086,0.11252686381340027,0.24353522062301636,0.11252686381340027
50,10,analytic,local,15,-1.092590093612671,-0.7927488088607788,0.24353523552417755,-0.7927488088607788
50,10,analytic,local,16,1.0239170789718628,0.9337595105171204,0.24353519082069397,0.9337595105171204
50,10,analytic,local,17,0.960736095905304,0.7974525690078735,0.24353523552417755,0.7974525690078735
50,10,analytic,local,18,0.9644796848297119,1.1781151294708252,0.2435351461172104,1.1781151294708252
50,10,analytic,local,19,0.5578736662864685,0.642899751663208,0.2435353696346283,0.642899751663208
50,10,analytic,local,20,-0.4444843828678131,-0.14381791651248932,0.24353517591953278,-0.14381791651248932
50,10,analytic,local,21,0.1842237114906311,0.6825313568115234,0.24353526532649994,0.6825313568115234
50,10,analytic,local,22,-0.5298653841018677,-0.664086103439331,0.2435350865125656,-0.664086103439331
50,10,analytic,local,23,-0.5019686818122864,-0.4691874086856842,0.2435351461172104,-0.4691874086856842
50,10,analytic,local,24,-0.7623676061630249,-0.7818377614021301,0.2435351014137268,-0.7818377614021301
50,10,analytic,local,25,-0.010203803889453411,-0.05072958767414093,0.24353516101837158,-0.05072958767414093
50,10,analytic,local,26,-0.05664491280913353,-0.019852224737405777,0.2435351461172104,-0.019852224737405777
50,10,analytic,local,27,0.1909172385931015,0.36551621556282043,0.24353526532649994,0.36551621556282043
50,10,analytic,local,28,-0.7328996658325195,-0.5144988298416138,0.2435350865125656,-0.5144988298416138
50,10,analytic,local,29,0.37885427474975586,0.4624866247177124,0.24353532493114471,0.4624866247177124
50,10,analytic,local,30,-0.7653238773345947,-0.819108784198761,0.24353520572185516,-0.819108784198761
50,10,analytic,local,31,0.2044251412153244,0.112058125436306,0.24353528022766113,0.112058125436306
50,10,analytic,local,32,0.1565435826778412,-0.06401490420103073,0.2435351312160492,-0.06401490420103073
50,10,analytic,local,33,0.14538756012916565,0.20619633793830872,0.24353520572185516,0.20619633793830872
50,10,analytic,local,34,-0.16937652230262756,-0.11872542649507523,0.24353523552417755,-0.11872542649507523
50,10,analytic,local,35,0.055170293897390366,-0.04010917991399765,0.24353519082069397,-0.04010917991399765
50,10,analytic,local,36,-0.1355592906475067,0.3010229468345642,0.24353526532649994,0.3010229468345642
50,10,analytic,local,37,0.31984660029411316,0.10498736053705215,0.24353520572185516,0.10498736053705215
50,10,analytic,local,38,-0.017308713868260384,-0.28861331939697266,0.24353523552417755,-0.28861331939697266
50,10,analytic,local,39,-0.04611899331212044,-0.013464702293276787,0.24353520572185516,-0.013464702293276787
50,10,analytic,local,40,0.5904451608657837,0.7846453785896301,0.24353519082069397,0.7846453785896301
50,10,analytic,local,41,0.7298973798751831,0.9049986004829407,0.24353523552417755,0.9049986004829407
50,10,analytic,local,42,-0.32296496629714966,-0.052986953407526016,0.24353519082069397,-0.052986953407526016
50,10,analytic,local,43,0.6605871915817261,0.4230668544769287,0.24353523552417755,0.4230668544769287
50,10,analytic,local,44,0.327316552400589,0.21596114337444305,0.24353520572185516,0.21596114337444305
50,10,analytic,local,45,-1.4233657121658325,-0.7853612899780273,0.24353520572185516,-0.7853612899780273
50,10,analytic,local,46,-0.07774898409843445,-0.27293047308921814,0.24353522062301636,-0.27293047308921814
50,10,analytic,local,47,-0.11706310510635376,-0.07592930644750595,0.24353520572185516,-0.07592930644750595
50,10,analytic,local,48,-0.1542816013097763,0.04019512981176376,0.24353520572185516,0.04019512981176376
50,10,analytic,local,49,-0.047224633395671844,0.07872573286294937,0.24353522062301636,0.07872573286294937
50,10,analytic,local,50,0.2259361743927002,0.6411240100860596,0.24353522062301636,0.6411240100860596
50,11,analytic,global,0,-0.8010764122009277,-0.7782710790634155,0.09132298082113266,-0.7782710790634155
50,11,analytic,local,1,-0.35361865162849426,0.15878361463546753,0.24353522062301636,0.15878361463546753
50,11,analytic,local,2,0.7413702011108398,0.6110671162605286,0.24353539943695068,0.6110671162605286
50,11,analytic,local,3,0.19257690012454987,0.13828985393047333,0.24353507161140442,0.13828985393047333
50,11,analytic,local,4,-0.18601100146770477,-0.14705170691013336,0.2435350865125656,-0.14705170691013336
50,11,analytic,local,5,0.10282855480909348,0.6746376156806946,0.243535116314888,0.6746376156806946
50,11,analytic,local,6,-0.1352756917476654,-0.778706431388855,0.2435353398323059,-0.778706431388855
50,11,analytic,local,7,0.06450504064559937,0.24370667338371277,0.24353544414043427,0.24370667338371277
50,11,analytic,local,8,-0.05993430316448212,-0.17168943583965302,0.24353501200675964,-0.17168943583965302
50,11,analytic,local,9,0.45962557196617126,0.43246400356292725,0.24353526532649994,0.43246400356292725
50,11,analytic,local,10,0.01353408396244049,-0.31011372804641724,0.24353522062301636,-0.31011372804641724
50,11,analytic,local,11,-0.3115881681442261,-0.3435863256454468,0.24353495240211487,-0.3435863256454468
50,11,analytic,local,12,-0.3031783103942871,-0.28438979387283325,0.24353498220443726,-0.28438979387283325
50,11,analytic,local,13,-1.2009154558181763,-1.3624155521392822,0.24353525042533875,-1.3624155521392822
50,11,analytic,local,14,-0.33289965987205505,-0.4334138333797455,0.24353522062301636,-0.4334138333797455
50,11,analytic,local,15,0.5924561619758606,0.025945333763957024,0.24353523552417755,0.025945333763957024
50,11,analytic,local,16,-0.39432063698768616,-0.28676721453666687,0.24353519082069397,-0.28676721453666687
50,11,analytic,local,17,0.45969781279563904,0.45173051953315735,0.24353523552417755,0.45173051953315735
50,11,analytic,local,18,-0.39358392357826233,-0.3217703104019165,0.2435351461172104,-0.3217703104019165
50,11,analytic,local,19,-0.16828382015228271,-0.05960604548454285,0.2435353696346283,-0.05960604548454285
50,11,analytic,local,20,-0.45211541652679443,-0.22229132056236267,0.24353517591953278,-0.22229132056236267
50,11,analytic,local,21,-0.3549225628376007,-0.32608312368392944,0.24353526532649994,-0.32608312368392944
50,11,analytic,local,22,-0.18486687541007996,0.057839617133140564,0.2435350865125656,0.057839617133140564
50,11,analytic,local,23,-0.07417310774326324,-0.05529982969164848,0.2435351461172104,-0.05529982969164848
50,11,analytic,local,24,0.10741309076547623,-0.01447098795324564,0.2435351014137268,-0.01447098795324564
50,11,analytic,local,25,0.39562496542930603,0.3273409903049469,0.24353516101837158,0.3273409903049469
50,11,analytic,local,26,0.225029855966568,0.18343767523765564,0.2435351461172104,0.18343767523765564
50,11,analytic,local,27,0.7899794578552246,0.441394567489624,0.24353526532649994,0.441394567489624
50,11,analytic,local,28,0.5899473428726196,0.8514649868011475,0.2435350865125656,0.8514649868011475
50,11,analytic,local,29,-0.48349130153656006,-0.6032410264015198,0.24353532493114471,-0.6032410264015198
50,11,analytic,local,30,0.41258105635643005,0.16832992434501648,0.24353520572185516,0.16832992434501648
50,11,analytic,local,31,-0.23287047445774078,-0.21605779230594635,0.24353528022766113,-0.21605779230594635
50,11,analytic,local,32,-0.7052245736122131,-0.900844156742096,0.2435351312160492,-0.900844156742096
50,11,analytic,local,33,0.6972004771232605,0.8233606219291687,0.24353520572185516,0.8233606219291687
50,11,analytic,local,34,-0.17905236780643463,-0.17525462806224823,0.24353523552417755,-0.17525462806224823
50,11,analytic,local,35,0.7000975608825684,0.4126441776752472,0.24353519082069397,0.4126441776752472
50,11,analytic,local,36,0.32510966062545776,0.21938708424568176,0.24353526532649994,0.21938708424568176
50,11,analytic,local,37,0.2710638642311096,0.2855304181575775,0.24353520572185516,0.2855304181575775
50,11,analytic,local,38,-0.2461138218641281,-0.2507319152355194,0.24353523552417755,-0.2507319152355194
50,11,analytic,local,39,0.6670531034469604,0.4202398359775543,0.24353520572185516,0.4202398359775543
50,11,analytic,local,40,0.6363061666488647,0.3065057098865509,0.24353519082069397,0.3065057098865509
50,11,analytic,local,41,-0.6557098031044006,-0.3871332108974457,0.24353523552417755,-0.3871332108974457
50,11,analytic,local,42,0.8830612301826477,0.847328245639801,0.24353519082069397,0.847328245639801
50,11,analytic,local,43,0.25620293617248535,0.26491138339042664,0.24353523552417755,0.26491138339042664
50,11,analytic,local,44,-0.9231298565864563,-0.9237099289894104,0.24353520572185516,-0.9237099289894104
50,11,analytic,local,45,-0.07049676775932312,-0.044978514313697815,0.24353520572185516,-0.044978514313697815
50,11,analytic,local,46,-0.03715299814939499,-0.1459251493215561,0.24353522062301636,-0.1459251493215561
50,11,analytic,local,47,0.06884892284870148,-0.04044485092163086,0.24353520572185516,-0.04044485092163086
50,11,analytic,local,48,0.266539603471756,0.17506538331508636,0.24353520572185516,0.17506538331508636
50,11,analytic,local,49,-0.12179739773273468,-0.22649963200092316,0.24353522062301636,-0.22649963200092316
50,11,analytic,local,50,-0.15268424153327942,0.07329470664262772,0.24353522062301636,0.07329470664262772
50,12,analytic,global,0,0.9636991620063782,1.043798565864563,0.09132298082113266,1.043798565864563
50,12,analytic,local,1,-0.4926173985004425,-0.7665361762046814,0.24353522062301636,-0.7665361762046814
50,12,analytic,local,2,1.2226529121398926,0.9605962038040161,0.24353539943695068,0.9605962038040161
50,12,analytic,local,3,-0.5033448934555054,-1.0959980487823486,0.24353507161140442,-1.0959980487823486
50,12,analytic,local,4,0.06480415910482407,-0.24827811121940613,0.2435350865125656,-0.24827811121940613
50,12,analytic,local,5,-0.5294345021247864,-0.4495072364807129,0.243535116314888,-0.4495072364807129
50,12,analytic,local,6,-0.4644675552845001,-0.6431982517242432,0.2435353398323059,-0.6431982517242432
50,12,analytic,local,7,0.6530649662017822,0.6411209106445312,0.24353544414043427,0.6411209106445312
50,12,analytic,local,8,0.7910545468330383,0.7262821793556213,0.24353501200675964,0.7262821793556213
50,12,analytic,local,9,0.7844836115837097,0.5255172848701477,0.24353526532649994,0.5255172848701477
50,12,analytic,local,10,-0.29523709416389465,-0.42945486307144165,0.24353522062301636,-0.42945486307144165
50,12,analytic,local,11,0.8949329257011414,1.0204674005508423,0.24353495240211487,1.0204674005508423
50,12,analytic,local,12,0.5148730874061584,0.32029590010643005,0.24353498220443726,0.32029590010643005
50,12,analytic,local,13,-1.0253289937973022,-1.2590996026992798,0.24353525042533875,-1.2590996026992798
50,12,analytic,local,14,-1.377560019493103,-1.3669894933700562,0.24353522062301636,-1.3669894933700562
50,12,analytic,local,15,0.5404425263404846,0.5624248385429382,0.24353523552417755,0.5624248385429382
50,12,analytic,local,16,0.40538179874420166,0.388445645570755,0.24353519082069397,0.388445645570755
50,12,analytic,local,17,0.7351219654083252,0.680367648601532,0.24353523552417755,0.680367648601532
50,12,analytic,local,18,-0.70726078748703,-0.7665044069290161,0.2435351461172104,-0.7665044069290161
50,12,analytic,local,19,-0.527553141117096,-0.42480483651161194,0.2435353696346283,-0.42480483651161194
50,12,analytic,local,20,0.44617709517478943,-0.08717494457960129,0.24353517591953278,-0.08717494457960129
50,12,analytic,local,21,1.2041516304016113,1.4503446817398071,0.24353526532649994,1.4503446817398071
50,12,analytic,local,22,-0.4661473035812378,-0.14988206326961517,0.2435350865125656,-0.14988206326961517
50,12,analytic,local,23,-0.9350161552429199,-0.5691550374031067,0.2435351461172104,-0.5691550374031067
50,12,analytic,local,24,0.22286534309387207,0.04820140823721886,0.2435351014137268,0.04820140823721886
50,12,analytic,local,25,0.21922673285007477,-0.27131709456443787,0.24353516101837158,-0.27131709456443787
50,12,analytic,local,26,0.46607038378715515,0.6962521076202393,0.2435351461172104,0.6962521076202393
50,12,analytic,local,27,-0.11388285458087921,-0.21474719047546387,0.24353526532649994,-0.21474719047546387
50,12,analytic,local,28,-0.8178279399871826,-0.3647337257862091,0.2435350865125656,-0.3647337257862091
50,12,analytic,local,29,0.1855723261833191,0.22845087945461273,0.24353532493114471,0.22845087945461273
50,12,analytic,local,30,0.4204736053943634,0.1666288524866104,0.24353520572185516,0.1666288524866104
50,12,analytic,local,31,0.47506004571914673,0.16708871722221375,0.24353528022766113,0.16708871722221375
50,12,analytic,local,32,0.7441452145576477,0.38713812828063965,0.2435351312160492,0.38713812828063965
50,12,analytic,local,33,0.6651516556739807,0.5809412598609924,0.24353520572185516,0.5809412598609924
50,12,analytic,local,34,-0.5969817638397217,-0.5848978757858276,0.24353523552417755,-0.5848978757858276
50,12,analytic,local,35,-0.1015588790178299,-0.41233837604522705,0.24353519082069397,-0.41233837604522705
50,12,analytic,local,36,0.24167399108409882,0.32523784041404724,0.24353526532649994,0.32523784041404724
50,12,analytic,local,37,-0.8776096105575562,-1.465200662612915,0.24353520572185516,-1.465200662612915
50,12,analytic,local,38,-0.6459773182868958,-0.9465492963790894,0.24353523552417755,-0.9465492963790894
50,12,analytic,local,39,0.7848631739616394,0.2555161118507385,0.24353520572185516,0.2555161118507385
50,12,analytic,local,40,0.698505163192749,0.8272011876106262,0.24353519082069397,0.8272011876106262
50,12,analytic,local,41,-0.48620128631591797,-0.47879815101623535,0.24353523552417755,-0.47879815101623535
50,12,analytic,local,42,-0.37539082765579224,-0.5992744565010071,0.24353519082069397,-0.5992744565010071
50,12,analytic,local,43,0.1564992517232895,0.05808388069272041,0.24353523552417755,0.05808388069272041
50,12,analytic,local,44,0.2858012318611145,0.3887271285057068,0.24353520572185516,0.3887271285057068
50,12,analytic,local,45,0.3250185549259186,0.02147482894361019,0.24353520572185516,0.02147482894361019
50,12,analytic,local,46,1.2038518190383911,0.8649154901504517,0.24353522062301636,0.8649154901504517
50,12,analytic,local,47,1.8347145318984985,1.3912954330444336,0.24353520572185516,1.3912954330444336
50,12,analytic,local,48,-0.16967616975307465,-0.07307716459035873,0.24353520572185516,-0.07307716459035873
50,12,analytic,local,49,0.22313085198402405,0.27954813838005066,0.24353522062301636,0.27954813838005066
50,12,analytic,local,50,0.6662225723266602,0.2920597195625305,0.24353522062301636,0.2920597195625305
50,13,analytic,global,0,-0.6281013488769531,-0.7917001843452454,0.09132298082113266,-0.7917001843452454
50,13,analytic,local,1,0.14752914011478424,-0.07473722845315933,0.24353522062301636,-0.07473722845315933
50,13,analytic,local,2,0.8724035620689392,0.7794365882873535,0.24353539943695068,0.7794365882873535
50,13,analytic,local,3,0.9552109241485596,1.1579504013061523,0.24353507161140442,1.1579504013061523
50,13,analytic,local,4,0.02070200815796852,0.08626625686883926,0.2435350865125656,0.08626625686883926
50,13,analytic,local,5,-1.060056447982788,-0.41950586438179016,0.243535116314888,-0.41950586438179016
50,13,analytic,local,6,-0.21236258745193481,-0.08145514875650406,0.2435353398323059,-0.08145514875650406
50,13,analytic,local,7,0.2773154377937317,0.10616270452737808,0.24353544414043427,0.10616270452737808
50,13,analytic,local,8,-1.3940569162368774,-1.2177125215530396,0.24353501200675964,-1.2177125215530396
50,13,analytic,local,9,0.23130930960178375,0.490106999874115,0.24353526532649994,0.490106999874115
50,13,analytic,local,10,-0.12384214252233505,-0.26234203577041626,0.24353522062301636,-0.26234203577041626
50,13,analytic,local,11,-0.5694382786750793,-0.262918084859848,0.24353495240211487,-0.262918084859848
50,13,analytic,local,12,-1.3386709690093994,-0.7667088508605957,0.24353498220443726,-0.7667088508605957
50,13,analytic,local,13,0.20897330343723297,0.1451745629310608,0.24353525042533875,0.1451745629310608
50,13,analytic,local,14,-0.3541584014892578,0.214849054813385,0.24353522062301636,0.214849054813385
50,13,analytic,local,15,0.8683488368988037,1.0333203077316284,0.24353523552417755,1.0333203077316284
50,13,analytic,local,16,-0.2441406100988388,-0.02112559787929058,0.24353519082069397,-0.02112559787929058
50,13,analytic,local,17,0.13969454169273376,0.2082768827676773,0.24353523552417755,0.2082768827676773
50,13,analytic,local,18,0.14173373579978943,0.12458454817533493,0.2435351461172104,0.12458454817533493
50,13,analytic,local,19,-0.5221537947654724,-0.17207619547843933,0.2435353696346283,-0.17207619547843933
50,13,analytic,local,20,0.07187081128358841,-0.16810491681098938,0.24353517591953278,-0.16810491681098938
50,13,analytic,local,21,-0.1490364521741867,-0.10945717990398407,0.24353526532649994,-0.10945717990398407
50,13,analytic,local,22,0.9080697894096375,0.758574366569519,0.2435350865125656,0.758574366569519
50,13,analytic,local,23,0.5399532318115234,0.7278794050216675,0.2435351461172104,0.7278794050216675
50,13,analytic,local,24,0.4787389934062958,0.7174574136734009,0.2435351014137268,0.7174574136734009
50,13,analytic,local,25,-1.2569177150726318,-0.7058685421943665,0.24353516101837158,-0.7058685421943665
50,13,analytic,local,26,-0.8763249516487122,-0.31824764609336853,0.2435351461172104,-0.31824764609336853
50,13,analytic,local,27,-0.3072497844696045,-0.24582253396511078,0.24353526532649994,-0.24582253396511078
50,13,analytic,local,28,0.8806759715080261,1.0232397317886353,0.2435350865125656,1.0232397317886353
50,13,analytic,local,29,-0.6692383289337158,-0.5264891386032104,0.24353532493114471,-0.5264891386032104
50,13,analytic,local,30,-0.4314228892326355,-0.03080507554113865,0.24353520572185516,-0.03080507554113865
50,13,analytic,local,31,-0.4341738522052765,-0.20248839259147644,0.24353528022766113,-0.20248839259147644
50,13,analytic,local,32,-0.6862075328826904,-0.3954290747642517,0.2435351312160492,-0.3954290747642517
50,13,analytic,local,33,-0.7754173874855042,-0.7979620695114136,0.24353520572185516,-0.7979620695114136
50,13,analytic,local,34,0.44104328751564026,0.09164930880069733,0.24353523552417755,0.09164930880069733
50,13,analytic,local,35,-1.069790005683899,-1.1141902208328247,0.24353519082069397,-1.1141902208328247
50,13,analytic,local,36,0.40183737874031067,0.46720966696739197,0.24353526532649994,0.46720966696739197
50,13,analytic,local,37,-0.22151269018650055,-0.0714615136384964,0.24353520572185516,-0.0714615136384964
50,13,analytic,local,38,-0.356121689081192,0.018062889575958252,0.24353523552417755,0.018062889575958252
50,13,analytic,local,39,0.5937492847442627,1.0355706214904785,0.24353520572185516,1.0355706214904785
50,13,analytic,local,40,-0.6520707011222839,-0.30570387840270996,0.24353519082069397,-0.30570387840270996
50,13,analytic,local,41,-0.27993518114089966,-0.25213027000427246,0.24353523552417755,-0.25213027000427246
50,13,analytic,local,42,-0.1327650099992752,-0.2315071076154709,0.24353519082069397,-0.2315071076154709
50,13,analytic,local,43,0.0712461918592453,0.42810848355293274,0.24353523552417755,0.42810848355293274
50,13,analytic,local,44,0.08750429004430771,-0.04760534688830376,0.24353520572185516,-0.04760534688830376
50,13,analytic,local,45,0.21391266584396362,0.6565629243850708,0.24353520572185516,0.6565629243850708
50,13,analytic,local,46,-0.7853126525878906,-0.6278128623962402,0.24353522062301636,-0.6278128623962402
50,13,analytic,local,47,-0.37679287791252136,-0.635952889919281,0.24353520572185516,-0.635952889919281
50,13,analytic,local,48,0.396219402551651,0.5450629591941833,0.24353520572185516,0.5450629591941833
50,13,analytic,local,49,-0.1692170798778534,0.011377616785466671,0.24353522062301636,0.011377616785466671
50,13,analytic,local,50,-1.596268892288208,-1.2065728902816772,0.24353522062301636,-1.2065728902816772
50,14,analytic,global,0,0.5173210501670837,0.4765775501728058,0.09132298082113266,0.4765775501728058
50,14,analytic,local,1,0.7323259115219116,0.7266020774841309,0.24353522062301636,0.7266020774841309
50,14,analytic,local,2,-0.62767493724823,-0.4215272068977356,0.24353539943695068,-0.4215272068977356
50,14,analytic,local,3,1.0831406116485596,0.9374960064888,0.24353507161140442,0.9374960064888
50,14,analytic,local,4,-0.04072799161076546,-0.016558673232793808,0.2435350865125656,-0.016558673232793808
50,14,analytic,local,5,0.6763167381286621,0.4960508644580841,0.243535116314888,0.4960508644580841
50,14,analytic,local,6,0.14424340426921844,0.06874921172857285,0.2435353398323059,0.06874921172857285
50,14,analytic,local,7,-0.8893038630485535,-0.44100087881088257,0.24353544414043427,-0.44100087881088257
50,14,analytic,local,8,0.1381884664297104,0.15097996592521667,0.24353501200675964,0.15097996592521667
50,14,analytic,local,9,-0.2616490423679352,-0.36666759848594666,0.24353526532649994,-0.36666759848594666
50,14,analytic,local,10,-0.7922318577766418,-0.4920015335083008,0.24353522062301636,-0.4920015335083008
50,14,analytic,local,11,1.0154626369476318,1.1173453330993652,0.24353495240211487,1.1173453330993652
50,14,analytic,local,12,-0.07490094751119614,0.03492442145943642,0.24353498220443726,0.03492442145943642
50,14,analytic,local,13,-0.7973496317863464,-0.9221547245979309,0.24353525042533875,-0.9221547245979309
50,14,analytic,local,14,-0.33264410495758057,-0.5855270624160767,0.24353522062301636,-0.5855270624160767
50,14,analytic,local,15,-0.6574299931526184,-0.5495544672012329,0.24353523552417755,-0.5495544672012329
50,14,analytic,local,16,-0.37905216217041016,0.17441444098949432,0.24353519082069397,0.17441444098949432
50,14,analytic,local,17,0.16361480951309204,-0.11548572778701782,0.24353523552417755,-0.11548572778701782
50,14,analytic,local,18,0.30624136328697205,0.4337855279445648,0.2435351461172104,0.4337855279445648
50,14,analytic,local,19,1.0765045881271362,0.8909263014793396,0.2435353696346283,0.8909263014793396
50,14,analytic,local,20,0.04097764939069748,0.0020145135931670666,0.24353517591953278,0.0020145135931670666
50,14,analytic,local,21,-0.8027820587158203,-0.5535148978233337,0.24353526532649994,-0.5535148978233337
50,14,analytic,local,22,0.6354184150695801,0.6409978866577148,0.2435350865125656,0.6409978866577148
50,14,analytic,local,23,0.45046189427375793,0.33354640007019043,0.2435351461172104,0.33354640007019043
50,14,analytic,local,24,0.6193512082099915,0.481458455324173,0.2435351014137268,0.481458455324173
50,14,analytic,local,25,-0.15130376815795898,-0.02867850661277771,0.24353516101837158,-0.02867850661277771
50,14,analytic,local,26,0.050804253667593,-0.10164742916822433,0.2435351461172104,-0.10164742916822433
50,14,analytic,local,27,-0.925220251083374,-0.7084514498710632,0.24353526532649994,-0.7084514498710632
50,14,analytic,local,28,-0.12035404145717621,0.054561637341976166,0.2435350865125656,0.054561637341976166
50,14,analytic,local,29,-1.299626350402832,-0.7698796987533569,0.24353532493114471,-0.7698796987533569
50,14,analytic,local,30,-0.017616061493754387,0.2000223845243454,0.24353520572185516,0.2000223845243454
50,14,analytic,local,31,-0.21039138734340668,-0.26176318526268005,0.24353528022766113,-0.26176318526268005
50,14,analytic,local,32,0.6474558115005493,0.7679994702339172,0.2435351312160492,0.7679994702339172
50,14,analytic,local,33,0.08661536872386932,-0.07016296684741974,0.24353520572185516,-0.07016296684741974
50,14,analytic,local,34,0.054488398134708405,0.17901897430419922,0.24353523552417755,0.17901897430419922
50,14,analytic,local,35,-0.4157995283603668,-0.1916504055261612,0.24353519082069397,-0.1916504055261612
50,14,analytic,local,36,-0.2053881585597992,-0.15857401490211487,0.24353526532649994,-0.15857401490211487
50,14,analytic,local,37,-0.19643038511276245,-0.5476322770118713,0.24353520572185516,-0.5476322770118713
50,14,analytic,local,38,-0.7372649908065796,-0.2769700586795807,0.24353523552417755,-0.2769700586795807
50,14,analytic,local,39,-0.9443405270576477,-0.9765809178352356,0.24353520572185516,-0.9765809178352356
50,14,analytic,local,40,0.7397313714027405,0.5384321212768555,0.24353519082069397,0.5384321212768555
50,14,analytic,local,41,0.14384840428829193,-0.07575622946023941,0.24353523552417755,-0.07575622946023941
50,14,analytic,local,42,-0.07622162997722626,0.04318343847990036,0.24353519082069397,0.04318343847990036
50,14,analytic,local,43,-0.6476146578788757,-0.4944484531879425,0.24353523552417755,-0.4944484531879425
50,14,analytic,local,44,0.08575262874364853,0.10161503404378891,0.24353520572185516,0.10161503404378891
50,14,analytic,local,45,-0.27325505018234253,-0.17577114701271057,0.24353520572185516,-0.17577114701271057
50,14,analytic,local,46,-0.2799709141254425,0.09319312125444412,0.24353522062301636,0.09319312125444412
50,14,analytic,local,47,1.3334547281265259,1.2806357145309448,0.24353520572185516,1.2806357145309448
50,14,analytic,local,48,-0.345946729183197,-0.14634673297405243,0.24353520572185516,-0.14634673297405243
50,14,analytic,local,49,0.485801637172699,0.5540424585342407,0.24353522062301636,0.5540424585342407
50,14,analytic,local,50,-0.20363110303878784,-0.5856425166130066,0.24353522062301636,-0.5856425166130066
50,15,analytic,global,0,-0.398794025182724,-0.5336204171180725,0.09132298082113266,-0.5336204171180725
50,15,analytic,local,1,-0.08783772587776184,-0.09138791263103485,0.24353522062301636,-0.09138791263103485
50,15,analytic,local,2,-0.9029577374458313,-0.394284725189209,0.24353539943695068,-0.394284725189209
50,15,analytic,local,3,-0.3487514555454254,0.004449707921594381,0.24353507161140442,0.004449707921594381
50,15,analytic,local,4,0.2434188574552536,-0.027762994170188904,0.2435350865125656,-0.027762994170188904
50,15,analytic,local,5,0.35536837577819824,0.8913919925689697,0.243535116314888,0.8913919925689697
50,15,analytic,local,6,0.40958893299102783,0.762371301651001,0.2435353398323059,0.762371301651001
50,15,analytic,local,7,-0.6221315860748291,-0.5738903880119324,0.24353544414043427,-0.5738903880119324
50,15,analytic,local,8,-0.35891371965408325,0.28843793272972107,0.24353501200675964,0.28843793272972107
50,15,analytic,local,9,0.04912712797522545,-0.044860564172267914,0.24353526532649994,-0.044860564172267914
50,15,analytic,local,10,0.2873193323612213,0.4849596321582794,0.24353522062301636,0.4849596321582794
50,15,analytic,local,11,-0.2447229027748108,0.11537621170282364,0.24353495240211487,0.11537621170282364
50,15,analytic,local,12,-0.5011689066886902,-0.22070129215717316,0.24353498220443726,-0.22070129215717316
50,15,analytic,local,13,-0.3581840693950653,0.012936465442180634,0.24353525042533875,0.012936465442180634
50,15,analytic,local,14,-0.47001880407333374,-0.35952070355415344,0.24353522062301636,-0.35952070355415344
50,15,analytic,local,15,0.2327219843864441,0.2563731372356415,0.24353523552417755,0.2563731372356415
50,15,analytic,local,16,-0.5753727555274963,-0.48185357451438904,0.24353519082069397,-0.48185357451438904
50,15,analytic,local,17,-1.0745733976364136,-1.0692163705825806,0.24353523552417755,-1.0692163705825806
50,15,analytic,local,18,-0.49100562930107117,-0.2578812837600708,0.2435351461172104,-0.2578812837600708
50,15,analytic,local,19,0.8577913641929626,0.8358513116836548,0.2435353696346283,0.8358513116836548
50,15,analytic,local,20,-0.19796739518642426,0.23631377518177032,0.24353517591953278,0.23631377518177032
50,15,analytic,local,21,-0.8012043833732605,-0.36637431383132935,0.24353526532649994,-0.36637431383132935
50,15,analytic,local,22,-0.21046893298625946,-0.1339663565158844,0.2435350865125656,-0.1339663565158844
50,15,analytic,local,23,-0.10116064548492432,0.20790418982505798,0.2435351461172104,0.20790418982505798
50,15,analytic,local,24,0.4424807131290436,0.7484832406044006,0.2435351014137268,0.7484832406044006
50,15,analytic,local,25,0.44459399580955505,0.31668177247047424,0.24353516101837158,0.31668177247047424
50,15,analytic,local,26,-0.8786263465881348,-0.7502999305725098,0.2435351461172104,-0.7502999305725098
50,15,analytic,local,27,-0.7364274263381958,-0.9940045475959778,0.24353526532649994,-0.9940045475959778
50,15,analytic,local,28,0.2441016286611557,0.09282883256673813,0.2435350865125656,0.09282883256673813
50,15,analytic,local,29,0.35026246309280396,0.43474164605140686,0.24353532493114471,0.43474164605140686
50,15,analytic,local,30,0.4237164556980133,0.96889728307724,0.24353520572185516,0.96889728307724
50,15,analytic,local,31,-0.24895723164081573,-0.23340226709842682,0.24353528022766113,-0.23340226709842682
50,15,analytic,local,32,0.6753890514373779,0.8185019493103027,0.2435351312160492,0.8185019493103027
50,15,analytic,local,33,-0.8313230276107788,-0.5657808780670166,0.24353520572185516,-0.5657808780670166
50,15,analytic,local,34,0.2747385799884796,0.3500312864780426,0.24353523552417755,0.3500312864780426
50,15,analytic,local,35,-0.44714540243148804,-0.18413054943084717,0.24353519082069397,-0.18413054943084717
50,15,analytic,local,36,0.07015086710453033,-0.14767566323280334,0.24353526532649994,-0.14767566323280334
50,15,analytic,local,37,-0.3595193326473236,0.379265159368515,0.24353520572185516,0.379265159368515
50,15,analytic,local,38,0.10596734285354614,0.5356935262680054,0.24353523552417755,0.5356935262680054
50,15,analytic,local,39,0.2613203525543213,0.37272313237190247,0.24353520572185516,0.37272313237190247
50,15,analytic,local,40,0.30051180720329285,0.2629786729812622,0.24353519082069397,0.2629786729812622
50,15,analytic,local,41,-0.3936033844947815,-0.1358027458190918,0.24353523552417755,-0.1358027458190918
50,15,analytic,local,42,-0.12967267632484436,-0.34169405698776245,0.24353519082069397,-0.34169405698776245
50,15,analytic,local,43,-1.6192848682403564,-1.0538372993469238,0.24353523552417755,-1.0538372993469238
50,15,analytic,local,44,0.344211220741272,0.34485140442848206,0.24353520572185516,0.34485140442848206
50,15,analytic,local,45,-0.1626393049955368,-0.025040995329618454,0.24353520572185516,-0.025040995329618454
50,15,analytic,local,46,-0.10319129377603531,0.23441414535045624,0.24353522062301636,0.23441414535045624
50,15,analytic,local,47,-0.3291398584842682,-0.4739837944507599,0.24353520572185516,-0.4739837944507599
50,15,analytic,local,48,-0.059666749089956284,-0.5133383870124817,0.24353520572185516,-0.5133383870124817
50,15,analytic,local,49,-0.45525434613227844,-0.31851857900619507,0.24353522062301636,-0.31851857900619507
50,15,analytic,local,50,-0.5897213220596313,-0.49738970398902893,0.24353522062301636,-0.49738970398902893
50,16,analytic,global,0,0.3795331120491028,0.3238872289657593,0.09132298082113266,0.3238872289657593
50,16,analytic,local,1,0.28567370772361755,0.11630773544311523,0.24353522062301636,0.11630773544311523
50,16,analytic,local,2,1.2159980535507202,1.2518976926803589,0.24353539943695068,1.2518976926803589
50,16,analytic,local,3,-0.3492056727409363,-0.43109366297721863,0.24353507161140442,-0.43109366297721863
50,16,analytic,local,4,-0.16290614008903503,-0.30824872851371765,0.2435350865125656,-0.30824872851371765
50,16,analytic,local,5,-0.36530110239982605,0.0767037570476532,0.243535116314888,0.0767037570476532
50,16,analytic,local,6,0.6962367296218872,0.5503969192504883,0.2435353398323059,0.5503969192504883
50,16,analytic,local,7,0.049094609916210175,0.26097750663757324,0.24353544414043427,0.26097750663757324
50,16,analytic,local,8,0.073269784450531,0.5431777238845825,0.24353501200675964,0.5431777238845825
50,16,analytic,local,9,0.6412781476974487,0.6760668754577637,0.24353526532649994,0.6760668754577637
50,16,analytic,local,10,-0.6181066036224365,-0.6595777869224548,0.24353522062301636,-0.6595777869224548
50,16,analytic,local,11,-0.033826958388090134,-0.019651491194963455,0.24353495240211487,-0.019651491194963455
50,16,analytic,local,12,-0.7010527849197388,-0.6903507709503174,0.24353498220443726,-0.6903507709503174
50,16,analytic,local,13,0.2805590033531189,0.21831093728542328,0.24353525042533875,0.21831093728542328
50,16,analytic,local,14,-0.1338556408882141,0.02786564826965332,0.24353522062301636,0.02786564826965332
50,16,analytic,local,15,-0.15192639827728271,-0.12399578839540482,0.24353523552417755,-0.12399578839540482
50,16,analytic,local,16,-0.5834079384803772,-0.5421842336654663,0.24353519082069397,-0.5421842336654663
50,16,analytic,local,17,-0.6139137744903564,-0.45821380615234375,0.24353523552417755,-0.45821380615234375
50,16,analytic,local,18,-0.18616671860218048,-0.2533975839614868,0.2435351461172104,-0.2533975839614868
50,16,analytic,local,19,0.5131655335426331,0.44134587049484253,0.2435353696346283,0.44134587049484253
50,16,analytic,local,20,-0.10635750740766525,0.029143385589122772,0.24353517591953278,0.029143385589122772
50,16,analytic,local,21,-0.5046449899673462,-0.11652843654155731,0.24353526532649994,-0.11652843654155731
50,16,analytic,local,22,0.16740036010742188,0.1086188405752182,0.2435350865125656,0.1086188405752182
50,16,analytic,local,23,0.050201259553432465,-0.06306411325931549,0.2435351461172104,-0.06306411325931549
50,16,analytic,local,24,-0.8641816973686218,-0.9969766736030579,0.2435351014137268,-0.9969766736030579
50,16,analytic,local,25,1.230297327041626,0.9182700514793396,0.24353516101837158,0.9182700514793396
50,16,analytic,local,26,-0.2580487132072449,-0.10589560866355896,0.2435351461172104,-0.10589560866355896
50,16,analytic,local,27,-0.14059080183506012,0.057842615991830826,0.24353526532649994,0.057842615991830826
50,16,analytic,local,28,-0.7505208253860474,-0.8247898817062378,0.2435350865125656,-0.8247898817062378
50,16,analytic,local,29,0.7843257784843445,0.662621259689331,0.24353532493114471,0.662621259689331
50,16,analytic,local,30,0.15141457319259644,0.38836169242858887,0.24353520572185516,0.38836169242858887
50,16,analytic,local,31,-0.4279395043849945,-0.5250577926635742,0.24353528022766113,-0.5250577926635742
50,16,analytic,local,32,-0.5317514538764954,-0.4256254732608795,0.2435351312160492,-0.4256254732608795
50,16,analytic,local,33,0.04220549017190933,-0.0006143400096334517,0.24353520572185516,-0.0006143400096334517
50,16,analytic,local,34,-0.7288352251052856,-0.5199238061904907,0.24353523552417755,-0.5199238061904907
50,16,analytic,local,35,0.46336933970451355,0.7119820713996887,0.24353519082069397,0.7119820713996887
50,16,analytic,local,36,0.6119758486747742,0.7701771259307861,0.24353526532649994,0.7701771259307861
50,16,analytic,local,37,0.5260907411575317,0.748024046421051,0.24353520572185516,0.748024046421051
50,16,analytic,local,38,0.15328724682331085,-0.02106400392949581,0.24353523552417755,-0.02106400392949581
50,16,analytic,local,39,0.10897715389728546,-0.19754427671432495,0.24353520572185516,-0.19754427671432495
50,16,analytic,local,40,0.9671507477760315,1.270480751991272,0.24353519082069397,1.270480751991272
50,16,analytic,local,41,-0.06879399716854095,-0.015391773544251919,0.24353523552417755,-0.015391773544251919
50,16,analytic,local,42,0.6510082483291626,0.7817147970199585,0.24353519082069397,0.7817147970199585
50,16,analytic,local,43,-0.3061816096305847,-0.1789342612028122,0.24353523552417755,-0.1789342612028122
50,16,analytic,local,44,-0.1801404058933258,0.0289326012134552,0.24353520572185516,0.0289326012134552
50,16,analytic,local,45,0.1270393431186676,0.20338281989097595,0.24353520572185516,0.20338281989097595
50,16,analytic,local,46,-0.7397090792655945,-0.6905794739723206,0.24353522062301636,-0.6905794739723206
50,16,analytic,local,47,-0.3689725995063782,-0.09342741221189499,0.24353520572185516,-0.09342741221189499
50,16,analytic,local,48,-0.3946188986301422,-0.07536175101995468,0.24353520572185516,-0.07536175101995468
50,16,analytic,local,49,-0.2646438479423523,-0.8184477090835571,0.24353522062301636,-0.8184477090835571
50,16,analytic,local,50,-1.6960827112197876,-1.504474401473999,0.24353522062301636,-1.504474401473999
50,17,analytic,global,0,0.723003089427948,0.673640787601471,0.09132298082113266,0.673640787601471
50,17,analytic,local,1,-0.2716526389122009,-0.3124522566795349,0.24353522062301636,-0.3124522566795349
50,17,analytic,local,2,1.46422278881073,1.4351967573165894,0.24353539943695068,1.4351967573165894
50,17,analytic,local,3,-0.13187569379806519,-0.009822122752666473,0.24353507161140442,-0.009822122752666473
50,17,analytic,local,4,0.02387540228664875,-0.1646793633699417,0.2435350865125656,-0.1646793633699417
50,17,analytic,local,5,1.454005241394043,1.5820670127868652,0.243535116314888,1.5820670127868652
50,17,analytic,local,6,-1.1788681745529175,-1.331926941871643,0.2435353398323059,-1.331926941871643
50,17,analytic,local,7,-0.4936208128929138,-0.1730574071407318,0.24353544414043427,-0.1730574071407318
50,17,analytic,local,8,0.302990198135376,0.136659637093544,0.24353501200675964,0.136659637093544
50,17,analytic,local,9,0.037995047867298126,-0.03615161031484604,0.24353526532649994,-0.03615161031484604
50,17,analytic,local,10,-0.5158138275146484,-0.5798728466033936,0.24353522062301636,-0.5798728466033936
50,17,analytic,local,11,-0.01545035745948553,0.11166571080684662,0.24353495240211487,0.11166571080684662
50,17,analytic,local,12,0.5208437442779541,0.22496487200260162,0.24353498220443726,0.22496487200260162
50,17,analytic,local,13,0.04451059550046921,0.15021368861198425,0.24353525042533875,0.15021368861198425
50,17,analytic,local,14,-0.80485600233078,-0.9073977470397949,0.24353522062301636,-0.9073977470397949
50,17,analytic,local,15,0.9772869348526001,0.6882117986679077,0.24353523552417755,0.6882117986679077
50,17,analytic,local,16,0.14786405861377716,0.3277275860309601,0.24353519082069397,0.3277275860309601
50,17,analytic,local,17,0.36286497116088867,0.6703557372093201,0.24353523552417755,0.6703557372093201
50,17,analytic,local,18,0.5430615544319153,0.639365017414093,0.2435351461172104,0.639365017414093
50,17,analytic,local,19,0.394819974899292,0.16166071593761444,0.2435353696346283,0.16166071593761444
50,17,analytic,local,20,-0.2174360305070877,-0.13573934137821198,0.24353517591953278,-0.13573934137821198
50,17,analytic,local,21,-0.8655571341514587,-0.7285852432250977,0.24353526532649994,-0.7285852432250977
50,17,analytic,local,22,-0.2336997538805008,0.15639366209506989,0.2435350865125656,0.15639366209506989
50,17,analytic,local,23,0.6759000420570374,0.939402163028717,0.2435351461172104,0.939402163028717
50,17,analytic,local,24,-0.5062923431396484,-0.2509731650352478,0.2435351014137268,-0.2509731650352478
50,17,analytic,local,25,0.06801062077283859,0.3030758202075958,0.24353516101837158,0.3030758202075958
50,17,analytic,local,26,0.44489142298698425,0.32775065302848816,0.2435351461172104,0.32775065302848816
50,17,analytic,local,27,-0.15302425622940063,-0.5103079676628113,0.24353526532649994,-0.5103079676628113
50,17,analytic,local,28,1.242997407913208,1.0309569835662842,0.2435350865125656,1.0309569835662842
50,17,analytic,local,29,-0.7907124757766724,-0.4592724144458771,0.24353532493114471,-0.4592724144458771
50,17,analytic,local,30,-0.2552421987056732,-0.06035599485039711,0.24353520572185516,-0.06035599485039711
50,17,analytic,local,31,-0.6904032826423645,-0.6973985433578491,0.24353528022766113,-0.6973985433578491
50,17,analytic,local,32,0.43992164731025696,0.6586150527000427,0.2435351312160492,0.6586150527000427
50,17,analytic,local,33,-0.16313602030277252,-0.37098702788352966,0.24353520572185516,-0.37098702788352966
50,17,analytic,local,34,-1.2679331302642822,-0.5789102911949158,0.24353523552417755,-0.5789102911949158
50,17,analytic,local,35,0.18348513543605804,0.27159759402275085,0.24353519082069397,0.27159759402275085
50,17,analytic,local,36,0.8887794613838196,0.8636521697044373,0.24353526532649994,0.8636521697044373
50,17,analytic,local,37,-0.41338586807250977,0.26227110624313354,0.24353520572185516,0.26227110624313354
50,17,analytic,local,38,-0.8959254622459412,-1.264732003211975,0.24353523552417755,-1.264732003211975
50,17,analytic,local,39,0.00478323083370924,0.2943073809146881,0.24353520572185516,0.2943073809146881
50,17,analytic,local,40,0.7476090788841248,0.66509610414505,0.24353519082069397,0.66509610414505
50,17,analytic,local,41,-0.7647898197174072,-0.5930446982383728,0.24353523552417755,-0.5930446982383728
50,17,analytic,local,42,-0.38144922256469727,-0.47519242763519287,0.24353519082069397,-0.47519242763519287
50,17,analytic,local,43,-0.6381109952926636,-0.25609877705574036,0.24353523552417755,-0.25609877705574036
50,17,analytic,local,44,-0.21630389988422394,-0.27490535378456116,0.24353520572185516,-0.27490535378456116
50,17,analytic,local,45,-0.3188652992248535,-0.6631132364273071,0.24353520572185516,-0.6631132364273071
50,17,analytic,local,46,0.558046817779541,0.49773797392845154,0.24353522062301636,0.49773797392845154
50,17,analytic,local,47,-0.2347297966480255,-0.20433951914310455,0.24353520572185516,-0.20433951914310455
50,17,analytic,local,48,0.05751415342092514,-0.013362197205424309,0.24353520572185516,-0.013362197205424309
50,17,analytic,local,49,-0.7567421197891235,-0.9665130972862244,0.24353522062301636,-0.9665130972862244
50,17,analytic,local,50,-0.26049694418907166,-0.0008457684307359159,0.24353522062301636,-0.0008457684307359159
50,18,analytic,global,0,1.0418219566345215,1.0351505279541016,0.09132298082113266,1.0351505279541016
50,18,analytic,local,1,-0.1732793152332306,0.038422465324401855,0.24353522062301636,0.038422465324401855
50,18,analytic,local,2,-0.177840918302536,0.06984575092792511,0.24353539943695068,0.06984575092792511
50,18,analytic,local,3,0.44796380400657654,0.473666250705719,0.24353507161140442,0.473666250705719
50,18,analytic,local,4,-0.14420804381370544,-0.19357137382030487,0.2435350865125656,-0.19357137382030487
50,18,analytic,local,5,-0.30427229404449463,-0.11173221468925476,0.243535116314888,-0.11173221468925476
50,18,analytic,local,6,0.19623421132564545,0.011745540425181389,0.2435353398323059,0.011745540425181389
50,18,analytic,local,7,-0.08783549070358276,0.1386829912662506,0.24353544414043427,0.1386829912662506
50,18,analytic,local,8,-0.5762761831283569,-0.6951292753219604,0.24353501200675964,-0.6951292753219604
50,18,analytic,local,9,-0.6764459013938904,-0.46962910890579224,0.24353526532649994,-0.46962910890579224
50,18,analytic,local,10,0.19433559477329254,0.5569793581962585,0.24353522062301636,0.5569793581962585
50,18,analytic,local,11,0.14269627630710602,0.17759276926517487,0.24353495240211487,0.17759276926517487
50,18,analytic,local,12,-0.5642133355140686,-0.2473820000886917,0.24353498220443726,-0.2473820000886917
50,18,analytic,local,13,0.5454027056694031,0.3735523521900177,0.24353525042533875,0.3735523521900177
50,18,analytic,local,14,-0.08025220781564713,0.012495220638811588,0.24353522062301636,0.012495220638811588
50,18,analytic,local,15,0.6789609789848328,0.7145625948905945,0.24353523552417755,0.7145625948905945
50,18,analytic,local,16,-0.024865124374628067,-0.058316368609666824,0.24353519082069397,-0.058316368609666824
50,18,analytic,local,17,-0.5653707385063171,-0.28972986340522766,0.24353523552417755,-0.28972986340522766
50,18,analytic,local,18,-0.21743348240852356,0.04334981366991997,0.2435351461172104,0.04334981366991997
50,18,analytic,local,19,-0.2623884081840515,-0.45697715878486633,0.2435353696346283,-0.45697715878486633
50,18,analytic,local,20,-0.33887970447540283,-0.3307282626628876,0.24353517591953278,-0.3307282626628876
50,18,analytic,local,21,0.004067401867359877,0.3398579955101013,0.24353526532649994,0.3398579955101013
50,18,analytic,local,22,0.6850353479385376,0.4195682406425476,0.2435350865125656,0.4195682406425476
50,18,analytic,local,23,0.35404953360557556,0.3067406713962555,0.2435351461172104,0.3067406713962555
50,18,analytic,local,24,-0.9711174964904785,-0.6284477710723877,0.2435351014137268,-0.6284477710723877
50,18,analytic,local,25,0.21367667615413666,0.29423147439956665,0.24353516101837158,0.29423147439956665
50,18,analytic,local,26,-0.5464407205581665,-1.0878278017044067,0.2435351461172104,-1.0878278017044067
50,18,analytic,local,27,-0.6667423844337463,-0.17719052731990814,0.24353526532649994,-0.17719052731990814
50,18,analytic,local,28,-0.4514285624027252,-0.6768993735313416,0.2435350865125656,-0.6768993735313416
50,18,analytic,local,29,0.0815364420413971,0.19370895624160767,0.24353532493114471,0.19370895624160767
50,18,analytic,local,30,-0.4174725413322449,-0.006608101073652506,0.24353520572185516,-0.006608101073652506
50,18,analytic,local,31,-0.7224028706550598,-0.41439101099967957,0.24353528022766113,-0.41439101099967957
50,18,analytic,local,32,1.5888699293136597,1.4757938385009766,0.2435351312160492,1.4757938385009766
50,18,analytic,local,33,-0.8855488896369934,-0.5764008164405823,0.24353520572185516,-0.5764008164405823
50,18,analytic,local,34,-0.5750855207443237,0.25386151671409607,0.24353523552417755,0.25386151671409607
50,18,analytic,local,35,0.49906376004219055,0.24854041635990143,0.24353519082069397,0.24854041635990143
50,18,analytic,local,36,0.7424492835998535,1.1106185913085938,0.24353526532649994,1.1106185913085938
50,18,analytic,local,37,0.28327706456184387,0.15590958297252655,0.24353520572185516,0.15590958297252655
50,18,analytic,local,38,-0.22001558542251587,-0.4966888129711151,0.24353523552417755,-0.4966888129711151
50,18,analytic,local,39,-0.14581501483917236,-0.4850265383720398,0.24353520572185516,-0.4850265383720398
50,18,analytic,local,40,0.1869875192642212,-0.1413206160068512,0.24353519082069397,-0.1413206160068512
50,18,analytic,local,41,1.3525574207305908,0.8705852627754211,0.24353523552417755,0.8705852627754211
50,18,analytic,local,42,-0.018577558919787407,0.1811346858739853,0.24353519082069397,0.1811346858739853
50,18,analytic,local,43,-1.5102356672286987,-1.357730507850647,0.24353523552417755,-1.357730507850647
50,18,analytic,local,44,-0.18085888028144836,-0.2930007874965668,0.24353520572185516,-0.2930007874965668
50,18,analytic,local,45,0.3812555968761444,0.7174616456031799,0.24353520572185516,0.7174616456031799
50,18,analytic,local,46,-0.24431735277175903,-0.5192790627479553,0.24353522062301636,-0.5192790627479553
50,18,analytic,local,47,0.8445770144462585,0.8361313939094543,0.24353520572185516,0.8361313939094543
50,18,analytic,local,48,-0.42967137694358826,-0.36118900775909424,0.24353520572185516,-0.36118900775909424
50,18,analytic,local,49,0.0023483322001993656,0.003283581230789423,0.24353522062301636,0.003283581230789423
50,18,analytic,local,50,0.7725085616111755,0.6391499638557434,0.24353522062301636,0.6391499638557434
50,19,analytic,global,0,1.6729965209960938,1.7371110916137695,0.09132298082113266,1.7371110916137695
50,19,analytic,local,1,1.144901990890503,0.747948408126831,0.24353522062301636,0.747948408126831
50,19,analytic,local,2,0.0073328218422830105,0.18776428699493408,0.24353539943695068,0.18776428699493408
50,19,analytic,local,3,-0.605364203453064,-0.35928213596343994,0.24353507161140442,-0.35928213596343994
50,19,analytic,local,4,-0.6252893805503845,-1.0157623291015625,0.2435350865125656,-1.0157623291015625
50,19,analytic,local,5,-0.10391931980848312,-0.3740307688713074,0.243535116314888,-0.3740307688713074
50,19,analytic,local,6,0.044828515499830246,-0.17643755674362183,0.2435353398323059,-0.17643755674362183
50,19,analytic,local,7,1.093864917755127,0.7834151983261108,0.24353544414043427,0.7834151983261108
50,19,analytic,local,8,0.5666840672492981,0.338510662317276,0.24353501200675964,0.338510662317276
50,19,analytic,local,9,0.7483366131782532,0.8391143679618835,0.24353526532649994,0.8391143679618835
50,19,analytic,local,10,-0.6400296688079834,-0.47547635436058044,0.24353522062301636,-0.47547635436058044
50,19,analytic,local,11,1.4882197380065918,1.057231068611145,0.24353495240211487,1.057231068611145
50,19,analytic,local,12,-0.24430367350578308,-0.2316865772008896,0.24353498220443726,-0.2316865772008896
50,19,analytic,local,13,0.3476363718509674,0.3323541283607483,0.24353525042533875,0.3323541283607483
50,19,analytic,local,14,-0.7813724279403687,-1.0876668691635132,0.24353522062301636,-1.0876668691635132
50,19,analytic,local,15,1.033555269241333,0.8743279576301575,0.24353523552417755,0.8743279576301575
50,19,analytic,local,16,-0.4464810788631439,-0.7217965722084045,0.24353519082069397,-0.7217965722084045
50,19,analytic,local,17,-1.261013388633728,-1.0483810901641846,0.24353523552417755,-1.0483810901641846
50,19,analytic,local,18,0.3348475694656372,0.13796445727348328,0.2435351461172104,0.13796445727348328
50,19,analytic,local,19,0.08354927599430084,0.03408156335353851,0.2435353696346283,0.03408156335353851
50,19,analytic,local,20,0.05817742273211479,0.06000829115509987,0.24353517591953278,0.06000829115509987
50,19,analytic,local,21,0.059944603592157364,0.2687501907348633,0.24353526532649994,0.2687501907348633
50,19,analytic,local,22,-0.5162801742553711,-0.6558777093887329,0.2435350865125656,-0.6558777093887329
50,19,analytic,local,23,0.7781343460083008,0.6182550191879272,0.2435351461172104,0.6182550191879272
50,19,analytic,local,24,0.09383709728717804,-0.05061936378479004,0.2435351014137268,-0.05061936378479004
50,19,analytic,local,25,0.40746212005615234,0.058822110295295715,0.24353516101837158,0.058822110295295715
50,19,analytic,local,26,1.473999261856079,1.0058387517929077,0.2435351461172104,1.0058387517929077
50,19,analytic,local,27,0.4569264054298401,0.2948945462703705,0.24353526532649994,0.2948945462703705
50,19,analytic,local,28,0.20692665874958038,-0.39658400416374207,0.2435350865125656,-0.39658400416374207
50,19,analytic,local,29,-0.6535508036613464,-0.3197358548641205,0.24353532493114471,-0.3197358548641205
50,19,analytic,local,30,0.00747270230203867,0.08163793385028839,0.24353520572185516,0.08163793385028839
50,19,analytic,local,31,-0.20360924303531647,-0.23246262967586517,0.24353528022766113,-0.23246262967586517
50,19,analytic,local,32,0.38589000701904297,0.24114933609962463,0.2435351312160492,0.24114933609962463
50,19,analytic,local,33,-0.15337300300598145,-0.4877386689186096,0.24353520572185516,-0.4877386689186096
50,19,analytic,local,34,0.8304303884506226,0.46916788816452026,0.24353523552417755,0.46916788816452026
50,19,analytic,local,35,0.8546671271324158,0.9064499735832214,0.24353519082069397,0.9064499735832214
50,19,analytic,local,36,0.31428074836730957,0.5914257168769836,0.24353526532649994,0.5914257168769836
50,19,analytic,local,37,-0.2224627584218979,-0.14545811712741852,0.24353520572185516,-0.14545811712741852
50,19,analytic,local,38,0.39826682209968567,0.40725353360176086,0.24353523552417755,0.40725353360176086
50,19,analytic,local,39,-0.4435434639453888,-0.11064628511667252,0.24353520572185516,-0.11064628511667252
50,19,analytic,local,40,-0.03404289484024048,0.1433034986257553,0.24353519082069397,0.1433034986257553
50,19,analytic,local,41,0.3514302968978882,0.0021189108956605196,0.24353523552417755,0.0021189108956605196
50,19,analytic,local,42,-0.02059490978717804,0.06339516490697861,0.24353519082069397,0.06339516490697861
50,19,analytic,local,43,-0.1968248337507248,-0.09382104128599167,0.24353523552417755,-0.09382104128599167
50,19,analytic,local,44,-0.22690199315547943,-0.21866819262504578,0.24353520572185516,-0.21866819262504578
50,19,analytic,local,45,-1.5914313793182373,-1.7418012619018555,0.24353520572185516,-1.7418012619018555
50,19,analytic,local,46,0.7713034749031067,0.7543160319328308,0.24353522062301636,0.7543160319328308
50,19,analytic,local,47,0.07969924807548523,0.16378259658813477,0.24353520572185516,0.16378259658813477
50,19,analytic,local,48,-0.4790841042995453,-0.5208801031112671,0.24353520572185516,-0.5208801031112671
50,19,analytic,local,49,1.0155595541000366,0.47041648626327515,0.24353522062301636,0.47041648626327515
50,19,analytic,local,50,-0.5980635285377502,-0.491825133562088,0.24353522062301636,-0.491825133562088
