training_scheme,variant,variant_label,family,timesteps,model_seed,observation,repeat,runtime_s,runtime_per_sample_ms,runtime_device,mean_error,covariance_error,posterior_width_ratio
uniform,sigma_uniform_dpm,"Sigma-space DPM-1, uniform t",DPM predictor,5,0,0,0,0.45855591201689094,0.6114078826891879,cuda,0.1912693828344345,0.12588898837566376,1.224477767944336
uniform,sigma_uniform_dpm,"Sigma-space DPM-1, uniform t",DPM predictor,5,0,0,1,0.014328664052300155,0.019104885403066874,cuda,0.19479766488075256,0.13936273753643036,1.2398730516433716
uniform,sigma_uniform_dpm,"Sigma-space DPM-1, uniform t",DPM predictor,10,0,0,0,0.028176877065561712,0.03756916942074895,cuda,0.192691832780838,0.1779475212097168,1.334123134613037
uniform,sigma_uniform_dpm,"Sigma-space DPM-1, uniform t",DPM predictor,10,0,0,1,0.028268774040043354,0.03769169872005781,cuda,0.18103718757629395,0.17803500592708588,1.323684811592102
uniform,sigma_uniform_dpm,"Sigma-space DPM-1, uniform t",DPM predictor,20,0,0,0,0.057528016972355545,0.0767040226298074,cuda,0.20629408955574036,0.19370684027671814,1.3600208759307861
uniform,sigma_uniform_dpm,"Sigma-space DPM-1, uniform t",DPM predictor,20,0,0,1,0.05730112094897777,0.07640149459863703,cuda,0.17309048771858215,0.20309774577617645,1.3862863779067993
uniform,sigma_uniform_dpm,"Sigma-space DPM-1, uniform t",DPM predictor,50,0,0,0,0.14420941099524498,0.19227921466032663,cuda,0.21784724295139313,0.265036016702652,1.4779841899871826
uniform,sigma_uniform_dpm,"Sigma-space DPM-1, uniform t",DPM predictor,50,0,0,1,0.14259688998572528,0.1901291866476337,cuda,0.17729346454143524,0.20328786969184875,1.3881510496139526
uniform,sigma_uniform_dpm,"Sigma-space DPM-1, uniform t",DPM predictor,100,0,0,0,0.293005182989873,0.39067357731983066,cuda,0.18426750600337982,0.21755382418632507,1.408187747001648
uniform,sigma_uniform_dpm,"Sigma-space DPM-1, uniform t",DPM predictor,100,0,0,1,0.28085828898474574,0.3744777186463277,cuda,0.19474951922893524,0.22356685996055603,1.4211468696594238
uniform,sigma_log_dpm,"Sigma-space DPM-1, log sigma",DPM predictor,5,0,0,0,0.020907355938106775,0.027876474584142368,cuda,0.2093852013349533,0.08066530525684357,1.1773566007614136
uniform,sigma_log_dpm,"Sigma-space DPM-1, log sigma",DPM predictor,5,0,0,1,0.013346535037271678,0.01779538004969557,cuda,0.21128790080547333,0.09100353717803955,1.186788558959961
uniform,sigma_log_dpm,"Sigma-space DPM-1, log sigma",DPM predictor,10,0,0,0,0.0272117059212178,0.03628227456162373,cuda,0.20952050387859344,0.16724132001399994,1.3386648893356323
uniform,sigma_log_dpm,"Sigma-space DPM-1, log sigma",DPM predictor,10,0,0,1,0.02908969298005104,0.03878625730673472,cuda,0.1948390007019043,0.1662696897983551,1.3263309001922607
uniform,sigma_log_dpm,"Sigma-space DPM-1, log sigma",DPM predictor,20,0,0,0,0.05562122305855155,0.0741616307447354,cuda,0.21409562230110168,0.19081711769104004,1.3676857948303223
uniform,sigma_log_dpm,"Sigma-space DPM-1, log sigma",DPM predictor,20,0,0,1,0.0551561969332397,0.07354159591098626,cuda,0.18223071098327637,0.20027706027030945,1.394576907157898
uniform,sigma_log_dpm,"Sigma-space DPM-1, log sigma",DPM predictor,50,0,0,0,0.1406355439685285,0.1875140586247047,cuda,0.22109216451644897,0.2644650340080261,1.482290506362915
uniform,sigma_log_dpm,"Sigma-space DPM-1, log sigma",DPM predictor,50,0,0,1,0.13910384406335652,0.18547179208447537,cuda,0.18073733150959015,0.20310021936893463,1.393378734588623
uniform,sigma_log_dpm,"Sigma-space DPM-1, log sigma",DPM predictor,100,0,0,0,0.2809164710342884,0.3745552947123845,cuda,0.18613460659980774,0.21754157543182373,1.410883903503418
uniform,sigma_log_dpm,"Sigma-space DPM-1, log sigma",DPM predictor,100,0,0,1,0.2836206449428573,0.37816085992380977,cuda,0.19689063727855682,0.22351400554180145,1.423876404762268
uniform,dpm2_uniform,"DPM-2 + corrector, uniform t",Overall sampler,5,0,0,0,0.09570270893163979,0.12760361190885305,cuda,0.12055038660764694,0.2335025668144226,1.4717451333999634
uniform,dpm2_uniform,"DPM-2 + corrector, uniform t",Overall sampler,5,0,0,1,0.09586284193210304,0.1278171225761374,cuda,0.1428983509540558,0.24904486536979675,1.486987590789795
uniform,dpm2_uniform,"DPM-2 + corrector, uniform t",Overall sampler,10,0,0,0,0.13722236501052976,0.182963153347373,cuda,0.1232234314084053,0.17591942846775055,1.3465170860290527
uniform,dpm2_uniform,"DPM-2 + corrector, uniform t",Overall sampler,10,0,0,1,0.14257590495981276,0.1901012066130837,cuda,0.1347014158964157,0.16473114490509033,1.3313910961151123
uniform,dpm2_uniform,"DPM-2 + corrector, uniform t",Overall sampler,20,0,0,0,0.21923968195915222,0.2923195759455363,cuda,0.10522322356700897,0.18298248946666718,1.3478645086288452
uniform,dpm2_uniform,"DPM-2 + corrector, uniform t",Overall sampler,20,0,0,1,0.21877016394864768,0.29169355193153024,cuda,0.07717789709568024,0.19218355417251587,1.3523870706558228
uniform,dpm2_uniform,"DPM-2 + corrector, uniform t",Overall sampler,50,0,0,0,0.46948211500421166,0.6259761533389488,cuda,0.06540273874998093,0.1215362548828125,1.2385021448135376
uniform,dpm2_uniform,"DPM-2 + corrector, uniform t",Overall sampler,50,0,0,1,0.47504604898858815,0.6333947319847842,cuda,0.07895476371049881,0.13622760772705078,1.258768081665039
uniform,dpm2_uniform,"DPM-2 + corrector, uniform t",Overall sampler,100,0,0,0,0.8883166139712557,1.1844221519616742,cuda,0.08753503113985062,0.09916607290506363,1.1912111043930054
uniform,dpm2_uniform,"DPM-2 + corrector, uniform t",Overall sampler,100,0,0,1,0.9097553199389949,1.2130070932519932,cuda,0.04737638309597969,0.11246486753225327,1.216204285621643
uniform,dpm2_log,"DPM-2 + corrector, log sigma",Overall sampler,5,0,0,0,0.09663824795279652,0.12885099727039537,cuda,0.09393983334302902,0.20610809326171875,1.3876798152923584
uniform,dpm2_log,"DPM-2 + corrector, log sigma",Overall sampler,5,0,0,1,0.09703549393452704,0.1293806585793694,cuda,0.12830141186714172,0.22717402875423431,1.4131027460098267
uniform,dpm2_log,"DPM-2 + corrector, log sigma",Overall sampler,10,0,0,0,0.14053451095242053,0.18737934793656072,cuda,0.15789155662059784,0.21179009974002838,1.39247727394104
uniform,dpm2_log,"DPM-2 + corrector, log sigma",Overall sampler,10,0,0,1,0.13910886703524739,0.18547848938032985,cuda,0.15546202659606934,0.17739762365818024,1.3348984718322754
uniform,dpm2_log,"DPM-2 + corrector, log sigma",Overall sampler,20,0,0,0,0.23095662496052682,0.3079421666140358,cuda,0.13684499263763428,0.15806475281715393,1.2912116050720215
uniform,dpm2_log,"DPM-2 + corrector, log sigma",Overall sampler,20,0,0,1,0.2199766649864614,0.29330221998194855,cuda,0.10654506832361221,0.19108088314533234,1.345778465270996
uniform,dpm2_log,"DPM-2 + corrector, log sigma",Overall sampler,50,0,0,0,0.47507786797359586,0.6334371572981278,cuda,0.07301189750432968,0.10730607807636261,1.1919169425964355
uniform,dpm2_log,"DPM-2 + corrector, log sigma",Overall sampler,50,0,0,1,0.4727856050012633,0.6303808066683511,cuda,0.08396473526954651,0.09910009056329727,1.1763240098953247
uniform,dpm2_log,"DPM-2 + corrector, log sigma",Overall sampler,100,0,0,0,0.8977362549630925,1.1969816732841234,cuda,0.06948424130678177,0.028292983770370483,1.0348068475723267
uniform,dpm2_log,"DPM-2 + corrector, log sigma",Overall sampler,100,0,0,1,0.887939840904437,1.1839197878725827,cuda,0.03332734853029251,0.04969312623143196,1.0706936120986938
uniform,em_uniform,"Euler--Maruyama, uniform t",Euler update,5,0,0,0,0.013734548003412783,0.018312730671217043,cuda,0.09477624297142029,0.8903091549873352,2.444188356399536
uniform,em_uniform,"Euler--Maruyama, uniform t",Euler update,5,0,0,1,0.013638678938150406,0.018184905250867207,cuda,0.1607653796672821,1.026151418685913,2.5771608352661133
uniform,em_uniform,"Euler--Maruyama, uniform t",Euler update,10,0,0,0,0.027701723971404135,0.03693563196187218,cuda,0.17160095274448395,0.5241712927818298,1.9403493404388428
uniform,em_uniform,"Euler--Maruyama, uniform t",Euler update,10,0,0,1,0.028352690977044404,0.03780358796939254,cuda,0.16959108412265778,0.39973774552345276,1.7795369625091553
uniform,em_uniform,"Euler--Maruyama, uniform t",Euler update,20,0,0,0,0.056617891998030245,0.07549052266404033,cuda,0.13974489271640778,0.32599878311157227,1.6147058010101318
uniform,em_uniform,"Euler--Maruyama, uniform t",Euler update,20,0,0,1,0.056613249937072396,0.07548433324942987,cuda,0.10896820574998856,0.3478691577911377,1.6573731899261475
uniform,em_uniform,"Euler--Maruyama, uniform t",Euler update,50,0,0,0,0.1438182870624587,0.19175771608327827,cuda,0.09877075999975204,0.2254895120859146,1.434295654296875
uniform,em_uniform,"Euler--Maruyama, uniform t",Euler update,50,0,0,1,0.14291426702402532,0.19055235603203377,cuda,0.07120905071496964,0.2366647869348526,1.4564883708953857
uniform,em_uniform,"Euler--Maruyama, uniform t",Euler update,100,0,0,0,0.2830401019891724,0.37738680265222985,cuda,0.1276630014181137,0.18610422313213348,1.3586540222167969
uniform,em_uniform,"Euler--Maruyama, uniform t",Euler update,100,0,0,1,0.28755066101439297,0.383400881352524,cuda,0.06774607300758362,0.20550890266895294,1.3907650709152222
uniform,em_log,"Euler--Maruyama, log sigma",Euler update,5,0,0,0,0.01375558809377253,0.01834078412503004,cuda,0.1222253143787384,1.4429774284362793,2.8906967639923096
uniform,em_log,"Euler--Maruyama, log sigma",Euler update,5,0,0,1,0.013942732010036707,0.01859030934671561,cuda,0.16970451176166534,1.5643965005874634,3.002098560333252
uniform,em_log,"Euler--Maruyama, log sigma",Euler update,10,0,0,0,0.027945686015300453,0.03726091468706727,cuda,0.1448516845703125,0.4779898524284363,1.8049519062042236
uniform,em_log,"Euler--Maruyama, log sigma",Euler update,10,0,0,1,0.028071594890207052,0.037428793186942734,cuda,0.14163587987422943,0.3861459195613861,1.6862872838974
uniform,em_log,"Euler--Maruyama, log sigma",Euler update,20,0,0,0,0.056547656073234975,0.0753968747643133,cuda,0.13080987334251404,0.25453805923461914,1.4644999504089355
uniform,em_log,"Euler--Maruyama, log sigma",Euler update,20,0,0,1,0.05759500293061137,0.07679333724081516,cuda,0.10401751846075058,0.28039756417274475,1.5019559860229492
uniform,em_log,"Euler--Maruyama, log sigma",Euler update,50,0,0,0,0.14469877490773797,0.19293169987698397,cuda,0.09261791408061981,0.19756574928760529,1.3651014566421509
uniform,em_log,"Euler--Maruyama, log sigma",Euler update,50,0,0,1,0.1451749880798161,0.19356665077308813,cuda,0.08805406838655472,0.17579685151576996,1.3281545639038086
uniform,em_log,"Euler--Maruyama, log sigma",Euler update,100,0,0,0,0.29231573711149395,0.3897543161486586,cuda,0.11155226826667786,0.16146279871463776,1.299066185951233
uniform,em_log,"Euler--Maruyama, log sigma",Euler update,100,0,0,1,0.2861506490735337,0.3815341987647116,cuda,0.0637136921286583,0.19816754758358002,1.359135389328003
uniform,sigma_uniform_dpm,"Sigma-space DPM-1, uniform t",DPM predictor,5,0,1,0,0.01331718300934881,0.01775624401246508,cuda,0.338702917098999,0.15151192247867584,1.3001490831375122
uniform,sigma_uniform_dpm,"Sigma-space DPM-1, uniform t",DPM predictor,5,0,1,1,0.013268121052533388,0.017690828070044518,cuda,0.33869287371635437,0.16332803666591644,1.329103946685791
uniform,sigma_uniform_dpm,"Sigma-space DPM-1, uniform t",DPM predictor,10,0,1,0,0.02746193902567029,0.03661591870089372,cuda,0.31040632724761963,0.17948251962661743,1.3537331819534302
uniform,sigma_uniform_dpm,"Sigma-space DPM-1, uniform t",DPM predictor,10,0,1,1,0.02736224594991654,0.03648299459988872,cuda,0.29866212606430054,0.1516927182674408,1.3028706312179565
uniform,sigma_uniform_dpm,"Sigma-space DPM-1, uniform t",DPM predictor,20,0,1,0,0.055166029022075236,0.07355470536276698,cuda,0.2777697741985321,0.25074732303619385,1.4729329347610474
uniform,sigma_uniform_dpm,"Sigma-space DPM-1, uniform t",DPM predictor,20,0,1,1,0.055587353999726474,0.0741164719996353,cuda,0.2983241677284241,0.21426890790462494,1.412742018699646
uniform,sigma_uniform_dpm,"Sigma-space DPM-1, uniform t",DPM predictor,50,0,1,0,0.14095518598333,0.18794024797777334,cuda,0.30684587359428406,0.2264484316110611,1.4454416036605835
uniform,sigma_uniform_dpm,"Sigma-space DPM-1, uniform t",DPM predictor,50,0,1,1,0.1402140319114551,0.18695204254860678,cuda,0.311554491519928,0.22327056527137756,1.4442209005355835
uniform,sigma_uniform_dpm,"Sigma-space DPM-1, uniform t",DPM predictor,100,0,1,0,0.3180203200317919,0.4240270933757226,cuda,0.3154788911342621,0.17775844037532806,1.3803974390029907
uniform,sigma_uniform_dpm,"Sigma-space DPM-1, uniform t",DPM predictor,100,0,1,1,0.3002441070275381,0.4003254760367175,cuda,0.3120304346084595,0.22124966979026794,1.4384437799453735
uniform,sigma_log_dpm,"Sigma-space DPM-1, log sigma",DPM predictor,5,0,1,0,0.01513328100554645,0.020177708007395267,cuda,0.3943876028060913,0.10742367058992386,1.2523778676986694
uniform,sigma_log_dpm,"Sigma-space DPM-1, log sigma",DPM predictor,5,0,1,1,0.013634693925268948,0.0181795919003586,cuda,0.3958187699317932,0.1195756271481514,1.2819026708602905
uniform,sigma_log_dpm,"Sigma-space DPM-1, log sigma",DPM predictor,10,0,1,0,0.027357331942766905,0.03647644259035587,cuda,0.3524789810180664,0.16989736258983612,1.3595885038375854
uniform,sigma_log_dpm,"Sigma-space DPM-1, log sigma",DPM predictor,10,0,1,1,0.028241420979611576,0.03765522797281543,cuda,0.3396325409412384,0.1427675485610962,1.3093249797821045
uniform,sigma_log_dpm,"Sigma-space DPM-1, log sigma",DPM predictor,20,0,1,0,0.05686184798832983,0.0758157973177731,cuda,0.29974985122680664,0.24798505008220673,1.4811618328094482
uniform,sigma_log_dpm,"Sigma-space DPM-1, log sigma",DPM predictor,20,0,1,1,0.05568654905073345,0.0742487320676446,cuda,0.3221076726913452,0.21250398457050323,1.4223551750183105
uniform,sigma_log_dpm,"Sigma-space DPM-1, log sigma",DPM predictor,50,0,1,0,0.1400237058987841,0.18669827453171214,cuda,0.31713101267814636,0.22695647180080414,1.4516019821166992
uniform,sigma_log_dpm,"Sigma-space DPM-1, log sigma",DPM predictor,50,0,1,1,0.13976066396571696,0.1863475519542893,cuda,0.32186806201934814,0.22366459667682648,1.4503357410430908
uniform,sigma_log_dpm,"Sigma-space DPM-1, log sigma",DPM predictor,100,0,1,0,0.28102809202391654,0.3747041226985554,cuda,0.3208838701248169,0.17835482954978943,1.3841643333435059
uniform,sigma_log_dpm,"Sigma-space DPM-1, log sigma",DPM predictor,100,0,1,1,0.28026382997632027,0.3736851066350937,cuda,0.3171989619731903,0.22154392302036285,1.4416897296905518
uniform,dpm2_uniform,"DPM-2 + corrector, uniform t",Overall sampler,5,0,1,0,0.09594457899220288,0.12792610532293716,cuda,0.16821466386318207,0.29340797662734985,1.566090703010559
uniform,dpm2_uniform,"DPM-2 + corrector, uniform t",Overall sampler,5,0,1,1,0.09818989597260952,0.13091986129681268,cuda,0.15595336258411407,0.20644818246364594,1.4528249502182007
uniform,dpm2_uniform,"DPM-2 + corrector, uniform t",Overall sampler,10,0,1,0,0.13789476302918047,0.1838596840389073,cuda,0.1337093561887741,0.19393208622932434,1.3891485929489136
uniform,dpm2_uniform,"DPM-2 + corrector, uniform t",Overall sampler,10,0,1,1,0.1367365380283445,0.18231538403779268,cuda,0.14988380670547485,0.22943925857543945,1.4326832294464111
uniform,dpm2_uniform,"DPM-2 + corrector, uniform t",Overall sampler,20,0,1,0,0.22034769505262375,0.29379692673683167,cuda,0.09493998438119888,0.1695353239774704,1.3271194696426392
uniform,dpm2_uniform,"DPM-2 + corrector, uniform t",Overall sampler,20,0,1,1,0.22042167303152382,0.29389556404203176,cuda,0.09586620330810547,0.16862763464450836,1.323238492012024
uniform,dpm2_uniform,"DPM-2 + corrector, uniform t",Overall sampler,50,0,1,0,0.46994909504428506,0.6265987933923801,cuda,0.0951971709728241,0.15832240879535675,1.306123971939087
uniform,dpm2_uniform,"DPM-2 + corrector, uniform t",Overall sampler,50,0,1,1,0.4753663269802928,0.633821769307057,cuda,0.10859590023756027,0.14146371185779572,1.278106927871704
uniform,dpm2_uniform,"DPM-2 + corrector, uniform t",Overall sampler,100,0,1,0,0.8853023750707507,1.1804031667610009,cuda,0.047086238861083984,0.06783171743154526,1.1482489109039307
uniform,dpm2_uniform,"DPM-2 + corrector, uniform t",Overall sampler,100,0,1,1,0.8849207520252094,1.1798943360336125,cuda,0.03091631457209587,0.10297182947397232,1.2058578729629517
uniform,dpm2_log,"DPM-2 + corrector, log sigma",Overall sampler,5,0,1,0,0.0993696009973064,0.13249280132974187,cuda,0.1672237068414688,0.25363853573799133,1.469853401184082
uniform,dpm2_log,"DPM-2 + corrector, log sigma",Overall sampler,5,0,1,1,0.09642093197908252,0.1285612426387767,cuda,0.1596740037202835,0.21415135264396667,1.4172624349594116
uniform,dpm2_log,"DPM-2 + corrector, log sigma",Overall sampler,10,0,1,0,0.13785131799522787,0.1838017573269705,cuda,0.19489428400993347,0.21145333349704742,1.4004783630371094
uniform,dpm2_log,"DPM-2 + corrector, log sigma",Overall sampler,10,0,1,1,0.13676756899803877,0.18235675866405168,cuda,0.19695712625980377,0.22601880133152008,1.419590950012207
uniform,dpm2_log,"DPM-2 + corrector, log sigma",Overall sampler,20,0,1,0,0.22338496602606028,0.2978466213680804,cuda,0.13582196831703186,0.1845329850912094,1.344342827796936
uniform,dpm2_log,"DPM-2 + corrector, log sigma",Overall sampler,20,0,1,1,0.2202488430775702,0.29366512410342693,cuda,0.12541045248508453,0.1801079511642456,1.3363527059555054
uniform,dpm2_log,"DPM-2 + corrector, log sigma",Overall sampler,50,0,1,0,0.46858953102491796,0.6247860413665572,cuda,0.08407814055681229,0.08761689811944962,1.161882758140564
uniform,dpm2_log,"DPM-2 + corrector, log sigma",Overall sampler,50,0,1,1,0.46952557004988194,0.6260340933998426,cuda,0.10027272999286652,0.09362927079200745,1.1803295612335205
uniform,dpm2_log,"DPM-2 + corrector, log sigma",Overall sampler,100,0,1,0,0.8866103220498189,1.1821470960664253,cuda,0.03821782022714615,0.0422455333173275,1.0672376155853271
uniform,dpm2_log,"DPM-2 + corrector, log sigma",Overall sampler,100,0,1,1,0.8873183840187266,1.1830911786916356,cuda,0.05116744711995125,0.0215306393802166,1.023885726928711
uniform,em_uniform,"Euler--Maruyama, uniform t",Euler update,5,0,1,0,0.013656959985382855,0.018209279980510473,cuda,0.28537851572036743,0.9457699060440063,2.511945962905884
uniform,em_uniform,"Euler--Maruyama, uniform t",Euler update,5,0,1,1,0.013374904985539615,0.017833206647386152,cuda,0.2523708641529083,0.9030086994171143,2.479004383087158
uniform,em_uniform,"Euler--Maruyama, uniform t",Euler update,10,0,1,0,0.02767098101321608,0.03689464135095477,cuda,0.18588869273662567,0.4844631850719452,1.8934228420257568
uniform,em_uniform,"Euler--Maruyama, uniform t",Euler update,10,0,1,1,0.02802969003096223,0.037372920041282974,cuda,0.18330144882202148,0.525364100933075,1.9316990375518799
uniform,em_uniform,"Euler--Maruyama, uniform t",Euler update,20,0,1,0,0.056158542982302606,0.0748780573097368,cuda,0.12107925117015839,0.345689058303833,1.6551871299743652
uniform,em_uniform,"Euler--Maruyama, uniform t",Euler update,20,0,1,1,0.05708919803146273,0.07611893070861697,cuda,0.12142468988895416,0.28704625368118286,1.574101209640503
uniform,em_uniform,"Euler--Maruyama, uniform t",Euler update,50,0,1,0,0.14501407102216035,0.1933520946962138,cuda,0.12754113972187042,0.25035545229911804,1.4824010133743286
uniform,em_uniform,"Euler--Maruyama, uniform t",Euler update,50,0,1,1,0.14306428201962262,0.1907523760261635,cuda,0.12943677604198456,0.23633548617362976,1.4680507183074951
uniform,em_uniform,"Euler--Maruyama, uniform t",Euler update,100,0,1,0,0.28201460698619485,0.37601947598159313,cuda,0.10786581039428711,0.18448424339294434,1.373347282409668
uniform,em_uniform,"Euler--Maruyama, uniform t",Euler update,100,0,1,1,0.2837273880140856,0.37830318401878077,cuda,0.09324914216995239,0.182988703250885,1.3662327527999878
uniform,em_log,"Euler--Maruyama, log sigma",Euler update,5,0,1,0,0.013681782991625369,0.018242377322167158,cuda,0.26939335465431213,1.3214137554168701,2.847897529602051
uniform,em_log,"Euler--Maruyama, log sigma",Euler update,5,0,1,1,0.013554301927797496,0.018072402570396662,cuda,0.2955882251262665,1.3799618482589722,2.8761253356933594
uniform,em_log,"Euler--Maruyama, log sigma",Euler update,10,0,1,0,0.027569000027142465,0.03675866670285662,cuda,0.1419515460729599,0.46053189039230347,1.7956899404525757
uniform,em_log,"Euler--Maruyama, log sigma",Euler update,10,0,1,1,0.02758036891464144,0.03677382521952192,cuda,0.15346696972846985,0.5177470445632935,1.8546096086502075
uniform,em_log,"Euler--Maruyama, log sigma",Euler update,20,0,1,0,0.056665356969460845,0.07555380929261446,cuda,0.12011478841304779,0.26305148005485535,1.491916298866272
uniform,em_log,"Euler--Maruyama, log sigma",Euler update,20,0,1,1,0.056485064909793437,0.07531341987972458,cuda,0.09863000363111496,0.26536035537719727,1.4911251068115234
uniform,em_log,"Euler--Maruyama, log sigma",Euler update,50,0,1,0,0.1427001269767061,0.19026683596894145,cuda,0.10991251468658447,0.15076732635498047,1.295789361000061
uniform,em_log,"Euler--Maruyama, log sigma",Euler update,50,0,1,1,0.14500505104660988,0.19334006806214651,cuda,0.11590392887592316,0.16989843547344208,1.3354612588882446
uniform,em_log,"Euler--Maruyama, log sigma",Euler update,100,0,1,0,0.2852789959870279,0.3803719946493705,cuda,0.09645792096853256,0.1625070869922638,1.3110594749450684
uniform,em_log,"Euler--Maruyama, log sigma",Euler update,100,0,1,1,0.2842464039567858,0.3789952052757144,cuda,0.10723921656608582,0.15174943208694458,1.2994904518127441
uniform,sigma_uniform_dpm,"Sigma-space DPM-1, uniform t",DPM predictor,5,0,2,0,0.013815028010867536,0.01842003734782338,cuda,0.28851285576820374,0.11778286099433899,1.2017005681991577
uniform,sigma_uniform_dpm,"Sigma-space DPM-1, uniform t",DPM predictor,5,0,2,1,0.013184956042096019,0.017579941389461357,cuda,0.28160491585731506,0.11729379743337631,1.1945698261260986
uniform,sigma_uniform_dpm,"Sigma-space DPM-1, uniform t",DPM predictor,10,0,2,0,0.02759378496557474,0.03679171328743299,cuda,0.18619494140148163,0.24348184466362,1.427884817123413
uniform,sigma_uniform_dpm,"Sigma-space DPM-1, uniform t",DPM predictor,10,0,2,1,0.02744495205115527,0.03659326940154036,cuda,0.2339172512292862,0.1842610090970993,1.3306924104690552
uniform,sigma_uniform_dpm,"Sigma-space DPM-1, uniform t",DPM predictor,20,0,2,0,0.055169092025607824,0.0735587893674771,cuda,0.23667702078819275,0.2078089416027069,1.3935343027114868
uniform,sigma_uniform_dpm,"Sigma-space DPM-1, uniform t",DPM predictor,20,0,2,1,0.05569139099679887,0.07425518799573183,cuda,0.26070156693458557,0.19637638330459595,1.3662320375442505
uniform,sigma_uniform_dpm,"Sigma-space DPM-1, uniform t",DPM predictor,50,0,2,0,0.13931299396790564,0.1857506586238742,cuda,0.2267763316631317,0.1851993352174759,1.3554677963256836
uniform,sigma_uniform_dpm,"Sigma-space DPM-1, uniform t",DPM predictor,50,0,2,1,0.14164677308872342,0.1888623641182979,cuda,0.25824955105781555,0.1756574809551239,1.3389471769332886
uniform,sigma_uniform_dpm,"Sigma-space DPM-1, uniform t",DPM predictor,100,0,2,0,0.2822973399888724,0.3763964533184965,cuda,0.2121807336807251,0.20323115587234497,1.3908857107162476
uniform,sigma_uniform_dpm,"Sigma-space DPM-1, uniform t",DPM predictor,100,0,2,1,0.2802398019703105,0.37365306929374736,cuda,0.21925030648708344,0.24071834981441498,1.4571703672409058
uniform,sigma_log_dpm,"Sigma-space DPM-1, log sigma",DPM predictor,5,0,2,0,0.01403595507144928,0.018714606761932373,cuda,0.2902549207210541,0.06751541048288345,1.1428108215332031
uniform,sigma_log_dpm,"Sigma-space DPM-1, log sigma",DPM predictor,5,0,2,1,0.013531403033994138,0.018041870711992185,cuda,0.28415006399154663,0.06796673685312271,1.1354788541793823
uniform,sigma_log_dpm,"Sigma-space DPM-1, log sigma",DPM predictor,10,0,2,0,0.027189962100237608,0.03625328280031681,cuda,0.19097359478473663,0.2261756807565689,1.421877384185791
uniform,sigma_log_dpm,"Sigma-space DPM-1, log sigma",DPM predictor,10,0,2,1,0.027283685049042106,0.03637824673205614,cuda,0.23729971051216125,0.169080913066864,1.3268769979476929
uniform,sigma_log_dpm,"Sigma-space DPM-1, log sigma",DPM predictor,20,0,2,0,0.05514644295908511,0.07352859061211348,cuda,0.23956716060638428,0.2035800665616989,1.3989049196243286
uniform,sigma_log_dpm,"Sigma-space DPM-1, log sigma",DPM predictor,20,0,2,1,0.05468022299464792,0.0729069639928639,cuda,0.2629251778125763,0.1924382597208023,1.3718982934951782
uniform,sigma_log_dpm,"Sigma-space DPM-1, log sigma",DPM predictor,50,0,2,0,0.13768508902285248,0.18358011869713664,cuda,0.22805717587471008,0.18448391556739807,1.359440565109253
uniform,sigma_log_dpm,"Sigma-space DPM-1, log sigma",DPM predictor,50,0,2,1,0.13917475997004658,0.18556634662672877,cuda,0.2593260109424591,0.17502295970916748,1.342947244644165
uniform,sigma_log_dpm,"Sigma-space DPM-1, log sigma",DPM predictor,100,0,2,0,0.27678335597738624,0.36904447463651496,cuda,0.21292275190353394,0.20313142240047455,1.393338680267334
uniform,sigma_log_dpm,"Sigma-space DPM-1, log sigma",DPM predictor,100,0,2,1,0.2825604189420119,0.37674722525601584,cuda,0.22000271081924438,0.2405339479446411,1.4596658945083618
uniform,dpm2_uniform,"DPM-2 + corrector, uniform t",Overall sampler,5,0,2,0,0.09479104506317526,0.12638806008423367,cuda,0.19810670614242554,0.24783597886562347,1.4991910457611084
uniform,dpm2_uniform,"DPM-2 + corrector, uniform t",Overall sampler,5,0,2,1,0.09503370197489858,0.1267116026331981,cuda,0.2576235830783844,0.24724458158016205,1.4946969747543335
uniform,dpm2_uniform,"DPM-2 + corrector, uniform t",Overall sampler,10,0,2,0,0.13694909994956106,0.18259879993274808,cuda,0.12572206556797028,0.20974454283714294,1.4010496139526367
uniform,dpm2_uniform,"DPM-2 + corrector, uniform t",Overall sampler,10,0,2,1,0.13783983199391514,0.1837864426585535,cuda,0.163312166929245,0.19448606669902802,1.374782681465149
uniform,dpm2_uniform,"DPM-2 + corrector, uniform t",Overall sampler,20,0,2,0,0.21789932798128575,0.290532437308381,cuda,0.13852471113204956,0.22297532856464386,1.4102809429168701
uniform,dpm2_uniform,"DPM-2 + corrector, uniform t",Overall sampler,20,0,2,1,0.220025849994272,0.2933677999923627,cuda,0.12881147861480713,0.16885608434677124,1.324509859085083
uniform,dpm2_uniform,"DPM-2 + corrector, uniform t",Overall sampler,50,0,2,0,0.47198824502993375,0.6293176600399116,cuda,0.07743007689714432,0.1396159529685974,1.2689205408096313
uniform,dpm2_uniform,"DPM-2 + corrector, uniform t",Overall sampler,50,0,2,1,0.47072839504107833,0.6276378600547711,cuda,0.11493968218564987,0.11842748522758484,1.2362571954727173
uniform,dpm2_uniform,"DPM-2 + corrector, uniform t",Overall sampler,100,0,2,0,0.892057679942809,1.1894102399237454,cuda,0.09549840539693832,0.1069842278957367,1.2053711414337158
uniform,dpm2_uniform,"DPM-2 + corrector, uniform t",Overall sampler,100,0,2,1,0.8940105430083349,1.1920140573444467,cuda,0.056852906942367554,0.08681069314479828,1.1733880043029785
uniform,dpm2_log,"DPM-2 + corrector, log sigma",Overall sampler,5,0,2,0,0.09983046900015324,0.13310729200020432,cuda,0.1839219629764557,0.21560609340667725,1.4115852117538452
uniform,dpm2_log,"DPM-2 + corrector, log sigma",Overall sampler,5,0,2,1,0.09761275805067271,0.13015034406756362,cuda,0.22806359827518463,0.1902618110179901,1.3663337230682373
uniform,dpm2_log,"DPM-2 + corrector, log sigma",Overall sampler,10,0,2,0,0.14150204707402736,0.18866939609870315,cuda,0.12295248359441757,0.2533561587333679,1.4492437839508057
uniform,dpm2_log,"DPM-2 + corrector, log sigma",Overall sampler,10,0,2,1,0.1433380600064993,0.19111741334199905,cuda,0.19227905571460724,0.19343484938144684,1.3578743934631348
uniform,dpm2_log,"DPM-2 + corrector, log sigma",Overall sampler,20,0,2,0,0.22680166095960885,0.3024022146128118,cuda,0.15829265117645264,0.18828120827674866,1.3451720476150513
uniform,dpm2_log,"DPM-2 + corrector, log sigma",Overall sampler,20,0,2,1,0.2248511090874672,0.2998014787832896,cuda,0.14913035929203033,0.1590607762336731,1.3035788536071777
uniform,dpm2_log,"DPM-2 + corrector, log sigma",Overall sampler,50,0,2,0,0.4765950220171362,0.6354600293561816,cuda,0.08681869506835938,0.0927102342247963,1.1719609498977661
uniform,dpm2_log,"DPM-2 + corrector, log sigma",Overall sampler,50,0,2,1,0.4797433689236641,0.6396578252315521,cuda,0.1305554211139679,0.08246952295303345,1.1536182165145874
uniform,dpm2_log,"DPM-2 + corrector, log sigma",Overall sampler,100,0,2,0,0.8973052001092583,1.196406933479011,cuda,0.09871192276477814,0.017110982909798622,0.9782425165176392
uniform,dpm2_log,"DPM-2 + corrector, log sigma",Overall sampler,100,0,2,1,0.8958716719644144,1.1944955626192193,cuda,0.06424891948699951,0.012906408868730068,1.0113962888717651
uniform,em_uniform,"Euler--Maruyama, uniform t",Euler update,5,0,2,0,0.013936943025328219,0.018582590700437624,cuda,0.23865804076194763,0.9929074048995972,2.5544192790985107
uniform,em_uniform,"Euler--Maruyama, uniform t",Euler update,5,0,2,1,0.013841020059771836,0.018454693413029116,cuda,0.34900084137916565,0.9128895401954651,2.472888708114624
uniform,em_uniform,"Euler--Maruyama, uniform t",Euler update,10,0,2,0,0.02772620494943112,0.03696827326590816,cuda,0.15795756876468658,0.5223891735076904,1.922611951828003
uniform,em_uniform,"Euler--Maruyama, uniform t",Euler update,10,0,2,1,0.028027705033309758,0.037370273377746344,cuda,0.20355118811130524,0.4464551508426666,1.8478479385375977
uniform,em_uniform,"Euler--Maruyama, uniform t",Euler update,20,0,2,0,0.057460690033622086,0.07661425337816279,cuda,0.15710799396038055,0.36929288506507874,1.6844791173934937
uniform,em_uniform,"Euler--Maruyama, uniform t",Euler update,20,0,2,1,0.058068542974069715,0.07742472396542628,cuda,0.1776953488588333,0.3347647190093994,1.6430615186691284
uniform,em_uniform,"Euler--Maruyama, uniform t",Euler update,50,0,2,0,0.15338031901046634,0.20450709201395512,cuda,0.11487564444541931,0.21973760426044464,1.433605432510376
uniform,em_uniform,"Euler--Maruyama, uniform t",Euler update,50,0,2,1,0.14266833697911352,0.19022444930548468,cuda,0.1797366440296173,0.18791690468788147,1.3749709129333496
uniform,em_uniform,"Euler--Maruyama, uniform t",Euler update,100,0,2,0,0.28649338497780263,0.3819911799704035,cuda,0.1712474375963211,0.15762722492218018,1.3080884218215942
uniform,em_uniform,"Euler--Maruyama, uniform t",Euler update,100,0,2,1,0.2868386449990794,0.3824515266654392,cuda,0.1315106302499771,0.16681084036827087,1.3462958335876465
uniform,em_log,"Euler--Maruyama, log sigma",Euler update,5,0,2,0,0.01386974798515439,0.01849299731353919,cuda,0.24798032641410828,1.694366216659546,3.1170992851257324
uniform,em_log,"Euler--Maruyama, log sigma",Euler update,5,0,2,1,0.013843674096278846,0.018458232128371794,cuda,0.3082096576690674,1.479777216911316,2.9624059200286865
uniform,em_log,"Euler--Maruyama, log sigma",Euler update,10,0,2,0,0.02858636702876538,0.03811515603835384,cuda,0.12505657970905304,0.49164390563964844,1.8209201097488403
uniform,em_log,"Euler--Maruyama, log sigma",Euler update,10,0,2,1,0.02828796999529004,0.03771729332705339,cuda,0.19443432986736298,0.47317472100257874,1.797553300857544
uniform,em_log,"Euler--Maruyama, log sigma",Euler update,20,0,2,0,0.05678718502167612,0.07571624669556816,cuda,0.14752645790576935,0.2696327567100525,1.493514060974121
uniform,em_log,"Euler--Maruyama, log sigma",Euler update,20,0,2,1,0.05672441201750189,0.07563254935666919,cuda,0.1267957091331482,0.2602698802947998,1.4843658208847046
uniform,em_log,"Euler--Maruyama, log sigma",Euler update,50,0,2,0,0.1442419158993289,0.19232255453243852,cuda,0.11305122077465057,0.17084342241287231,1.3270138502120972
uniform,em_log,"Euler--Maruyama, log sigma",Euler update,50,0,2,1,0.14204651804175228,0.18939535738900304,cuda,0.16273263096809387,0.15398205816745758,1.3002558946609497
uniform,em_log,"Euler--Maruyama, log sigma",Euler update,100,0,2,0,0.29147485306020826,0.388633137413611,cuda,0.17358697950839996,0.10443980246782303,1.1996716260910034
uniform,em_log,"Euler--Maruyama, log sigma",Euler update,100,0,2,1,0.28740917204413563,0.38321222939218086,cuda,0.14123955368995667,0.1488298773765564,1.3037068843841553
uniform,sigma_uniform_dpm,"Sigma-space DPM-1, uniform t",DPM predictor,5,0,3,0,0.013740920112468302,0.018321226816624403,cuda,1.2730125188827515,0.16815941035747528,1.3592127561569214
uniform,sigma_uniform_dpm,"Sigma-space DPM-1, uniform t",DPM predictor,5,0,3,1,0.013742814073339105,0.018323752097785473,cuda,1.2535911798477173,0.18807053565979004,1.3751075267791748
uniform,sigma_uniform_dpm,"Sigma-space DPM-1, uniform t",DPM predictor,10,0,3,0,0.02898003498557955,0.0386400466474394,cuda,1.1025028228759766,0.2387601137161255,1.4686435461044312
uniform,sigma_uniform_dpm,"Sigma-space DPM-1, uniform t",DPM predictor,10,0,3,1,0.02882485801819712,0.03843314402426282,cuda,1.1321076154708862,0.2090761959552765,1.4242898225784302
uniform,sigma_uniform_dpm,"Sigma-space DPM-1, uniform t",DPM predictor,20,0,3,0,0.056470843963325024,0.0752944586177667,cuda,1.1730183362960815,0.2625234127044678,1.5133072137832642
uniform,sigma_uniform_dpm,"Sigma-space DPM-1, uniform t",DPM predictor,20,0,3,1,0.05577322200406343,0.0743642960054179,cuda,1.136958360671997,0.2670416235923767,1.52748441696167
uniform,sigma_uniform_dpm,"Sigma-space DPM-1, uniform t",DPM predictor,50,0,3,0,0.14193207898642868,0.1892427719819049,cuda,1.1099811792373657,0.2528238892555237,1.51606285572052
uniform,sigma_uniform_dpm,"Sigma-space DPM-1, uniform t",DPM predictor,50,0,3,1,0.13949945895001292,0.18599927860001722,cuda,1.1446553468704224,0.27006515860557556,1.527083396911621
uniform,sigma_uniform_dpm,"Sigma-space DPM-1, uniform t",DPM predictor,100,0,3,0,0.2808857730124146,0.37451436401655275,cuda,1.1285765171051025,0.252172589302063,1.5153899192810059
uniform,sigma_uniform_dpm,"Sigma-space DPM-1, uniform t",DPM predictor,100,0,3,1,0.28434312297031283,0.3791241639604171,cuda,1.0727838277816772,0.23584416508674622,1.4887856245040894
uniform,sigma_log_dpm,"Sigma-space DPM-1, log sigma",DPM predictor,5,0,3,0,0.013498006970621645,0.017997342627495527,cuda,1.29073166847229,0.12650509178638458,1.307032585144043
uniform,sigma_log_dpm,"Sigma-space DPM-1, log sigma",DPM predictor,5,0,3,1,0.013374292058870196,0.017832389411826927,cuda,1.2725028991699219,0.13965025544166565,1.3162771463394165
uniform,sigma_log_dpm,"Sigma-space DPM-1, log sigma",DPM predictor,10,0,3,0,0.027650050935335457,0.03686673458044728,cuda,1.1258668899536133,0.22406744956970215,1.4646234512329102
uniform,sigma_log_dpm,"Sigma-space DPM-1, log sigma",DPM predictor,10,0,3,1,0.027736220974475145,0.03698162796596686,cuda,1.155271053314209,0.19641445577144623,1.422074556350708
uniform,sigma_log_dpm,"Sigma-space DPM-1, log sigma",DPM predictor,20,0,3,0,0.05584632896352559,0.07446177195136745,cuda,1.1870818138122559,0.2575746774673462,1.516213297843933
uniform,sigma_log_dpm,"Sigma-space DPM-1, log sigma",DPM predictor,20,0,3,1,0.055757120018824935,0.07434282669176658,cuda,1.1514703035354614,0.26239213347435,1.5306434631347656
uniform,sigma_log_dpm,"Sigma-space DPM-1, log sigma",DPM predictor,50,0,3,0,0.14055145904421806,0.18740194539229074,cuda,1.116711139678955,0.2521071135997772,1.5194566249847412
uniform,sigma_log_dpm,"Sigma-space DPM-1, log sigma",DPM predictor,50,0,3,1,0.14103878196328878,0.18805170928438505,cuda,1.1513409614562988,0.26881057024002075,1.5295757055282593
uniform,sigma_log_dpm,"Sigma-space DPM-1, log sigma",DPM predictor,100,0,3,0,0.28460831998381764,0.37947775997842353,cuda,1.1321228742599487,0.25209924578666687,1.517586350440979
uniform,sigma_log_dpm,"Sigma-space DPM-1, log sigma",DPM predictor,100,0,3,1,0.3182661699829623,0.42435489331061643,cuda,1.0764007568359375,0.23575812578201294,1.4908733367919922
uniform,dpm2_uniform,"DPM-2 + corrector, uniform t",Overall sampler,5,0,3,0,0.0959149330155924,0.1278865773541232,cuda,0.8417997360229492,0.2785344421863556,1.5760232210159302
uniform,dpm2_uniform,"DPM-2 + corrector, uniform t",Overall sampler,5,0,3,1,0.09733251400757581,0.12977668534343442,cuda,0.9207705855369568,0.28388938307762146,1.581376552581787
uniform,dpm2_uniform,"DPM-2 + corrector, uniform t",Overall sampler,10,0,3,0,0.13690875307656825,0.18254500410209099,cuda,0.7848352193832397,0.23434126377105713,1.4755222797393799
uniform,dpm2_uniform,"DPM-2 + corrector, uniform t",Overall sampler,10,0,3,1,0.13907500903587788,0.1854333453811705,cuda,0.8022160530090332,0.2265353500843048,1.4625173807144165
uniform,dpm2_uniform,"DPM-2 + corrector, uniform t",Overall sampler,20,0,3,0,0.22080777201335877,0.29441036268447834,cuda,0.7368127107620239,0.25798162817955017,1.4945452213287354
uniform,dpm2_uniform,"DPM-2 + corrector, uniform t",Overall sampler,20,0,3,1,0.22385859105270356,0.29847812140360475,cuda,0.7464323043823242,0.21803250908851624,1.431118130683899
uniform,dpm2_uniform,"DPM-2 + corrector, uniform t",Overall sampler,50,0,3,0,0.47978169994894415,0.6397089332652589,cuda,0.6349109411239624,0.17423561215400696,1.3540464639663696
uniform,dpm2_uniform,"DPM-2 + corrector, uniform t",Overall sampler,50,0,3,1,0.47388061496894807,0.6318408199585974,cuda,0.6095342040061951,0.14604127407073975,1.3090269565582275
uniform,dpm2_uniform,"DPM-2 + corrector, uniform t",Overall sampler,100,0,3,0,0.8926502490649,1.1902003320865333,cuda,0.4845248758792877,0.10364706814289093,1.2355953454971313
uniform,dpm2_uniform,"DPM-2 + corrector, uniform t",Overall sampler,100,0,3,1,0.9106209609890357,1.2141612813187141,cuda,0.4989038407802582,0.09024214744567871,1.2091500759124756
uniform,dpm2_log,"DPM-2 + corrector, log sigma",Overall sampler,5,0,3,0,0.09644036507233977,0.12858715342978635,cuda,0.8424789905548096,0.29117777943611145,1.5581026077270508
uniform,dpm2_log,"DPM-2 + corrector, log sigma",Overall sampler,5,0,3,1,0.09614874795079231,0.12819833060105643,cuda,0.8913320899009705,0.27269163727760315,1.5272296667099
uniform,dpm2_log,"DPM-2 + corrector, log sigma",Overall sampler,10,0,3,0,0.1379313780926168,0.18390850412348905,cuda,0.9072932600975037,0.2744629681110382,1.5175390243530273
uniform,dpm2_log,"DPM-2 + corrector, log sigma",Overall sampler,10,0,3,1,0.1361406019423157,0.18152080258975425,cuda,0.9246300458908081,0.23704054951667786,1.4773240089416504
uniform,dpm2_log,"DPM-2 + corrector, log sigma",Overall sampler,20,0,3,0,0.22002880298532546,0.29337173731376726,cuda,0.833957850933075,0.25629305839538574,1.4822227954864502
uniform,dpm2_log,"DPM-2 + corrector, log sigma",Overall sampler,20,0,3,1,0.22205055609811097,0.2960674081308146,cuda,0.829211413860321,0.21381935477256775,1.4190514087677002
uniform,dpm2_log,"DPM-2 + corrector, log sigma",Overall sampler,50,0,3,0,0.46831695490982383,0.6244226065464318,cuda,0.6540223360061646,0.11134984344244003,1.2423486709594727
uniform,dpm2_log,"DPM-2 + corrector, log sigma",Overall sampler,50,0,3,1,0.4801867000060156,0.6402489333413541,cuda,0.642381489276886,0.1233329102396965,1.249190330505371
uniform,dpm2_log,"DPM-2 + corrector, log sigma",Overall sampler,100,0,3,0,0.8974546669051051,1.1966062225401402,cuda,0.42034995555877686,0.02628815546631813,1.0588966608047485
uniform,dpm2_log,"DPM-2 + corrector, log sigma",Overall sampler,100,0,3,1,0.8928792949300259,1.1905057265733678,cuda,0.43636152148246765,0.013926878571510315,1.0259877443313599
uniform,em_uniform,"Euler--Maruyama, uniform t",Euler update,5,0,3,0,0.013515323051251471,0.018020430735001963,cuda,1.1471614837646484,1.0587596893310547,2.617389440536499
uniform,em_uniform,"Euler--Maruyama, uniform t",Euler update,5,0,3,1,0.013433131971396506,0.017910842628528673,cuda,1.20034921169281,1.0604568719863892,2.62031626701355
uniform,em_uniform,"Euler--Maruyama, uniform t",Euler update,10,0,3,0,0.027845693985000253,0.03712759198000034,cuda,0.9412342309951782,0.5432727336883545,1.966094970703125
uniform,em_uniform,"Euler--Maruyama, uniform t",Euler update,10,0,3,1,0.027746560983359814,0.03699541464447975,cuda,0.9476239085197449,0.5463905930519104,1.9902703762054443
uniform,em_uniform,"Euler--Maruyama, uniform t",Euler update,20,0,3,0,0.05647867592051625,0.075304901227355,cuda,0.8514748215675354,0.44595274329185486,1.8059278726577759
uniform,em_uniform,"Euler--Maruyama, uniform t",Euler update,20,0,3,1,0.057284857030026615,0.07637980937336881,cuda,0.863025963306427,0.3863779604434967,1.7317289113998413
uniform,em_uniform,"Euler--Maruyama, uniform t",Euler update,50,0,3,0,0.14164638705551624,0.18886184940735498,cuda,0.8042594194412231,0.2774745523929596,1.554396390914917
uniform,em_uniform,"Euler--Maruyama, uniform t",Euler update,50,0,3,1,0.14205082308035344,0.18940109744047126,cuda,0.7983251214027405,0.23857389390468597,1.4855977296829224
uniform,em_uniform,"Euler--Maruyama, uniform t",Euler update,100,0,3,0,0.28322676999960095,0.3776356933328013,cuda,0.7472749948501587,0.19605883955955505,1.4177581071853638
uniform,em_uniform,"Euler--Maruyama, uniform t",Euler update,100,0,3,1,0.28263037104625255,0.37684049472833675,cuda,0.7421847581863403,0.18910279870033264,1.405741810798645
uniform,em_log,"Euler--Maruyama, log sigma",Euler update,5,0,3,0,0.013777139014564455,0.01836951868608594,cuda,1.1670938730239868,1.7153401374816895,3.17090106010437
uniform,em_log,"Euler--Maruyama, log sigma",Euler update,5,0,3,1,0.013628409011289477,0.018171212015052635,cuda,1.21403169631958,1.9712156057357788,3.366744041442871
uniform,em_log,"Euler--Maruyama, log sigma",Euler update,10,0,3,0,0.028174863080494106,0.03756648410732547,cuda,0.9171797633171082,0.5516281127929688,1.9302889108657837
uniform,em_log,"Euler--Maruyama, log sigma",Euler update,10,0,3,1,0.027631376986391842,0.03684183598185579,cuda,0.909690797328949,0.5631424784660339,1.9659385681152344
uniform,em_log,"Euler--Maruyama, log sigma",Euler update,20,0,3,0,0.05671705596614629,0.07562274128819506,cuda,0.777594268321991,0.3835953176021576,1.6906229257583618
uniform,em_log,"Euler--Maruyama, log sigma",Euler update,20,0,3,1,0.0567977880127728,0.0757303840170304,cuda,0.77776700258255,0.3156309723854065,1.594400405883789
uniform,em_log,"Euler--Maruyama, log sigma",Euler update,50,0,3,0,0.1420399360358715,0.18938658138116202,cuda,0.7617930173873901,0.20479217171669006,1.4210317134857178
uniform,em_log,"Euler--Maruyama, log sigma",Euler update,50,0,3,1,0.14320296596270055,0.1909372879502674,cuda,0.7584818005561829,0.21047987043857574,1.4145885705947876
uniform,em_log,"Euler--Maruyama, log sigma",Euler update,100,0,3,0,0.29510263400152326,0.39347017866869766,cuda,0.7184118032455444,0.1643243134021759,1.3428868055343628
uniform,em_log,"Euler--Maruyama, log sigma",Euler update,100,0,3,1,0.29834759805817157,0.3977967974108954,cuda,0.7229539155960083,0.1502831131219864,1.3162696361541748
uniform,sigma_uniform_dpm,"Sigma-space DPM-1, uniform t",DPM predictor,5,1,0,0,0.01577826903667301,0.021037692048897345,cuda,0.2515350580215454,0.16069480776786804,1.2940568923950195
uniform,sigma_uniform_dpm,"Sigma-space DPM-1, uniform t",DPM predictor,5,1,0,1,0.01315854792483151,0.017544730566442013,cuda,0.25337111949920654,0.1759195327758789,1.3111356496810913
uniform,sigma_uniform_dpm,"Sigma-space DPM-1, uniform t",DPM predictor,10,1,0,0,0.02759542199783027,0.03679389599710703,cuda,0.253468781709671,0.21577350795269012,1.406728744506836
uniform,sigma_uniform_dpm,"Sigma-space DPM-1, uniform t",DPM predictor,10,1,0,1,0.029470071895048022,0.039293429193397365,cuda,0.23950226604938507,0.21418794989585876,1.3926149606704712
uniform,sigma_uniform_dpm,"Sigma-space DPM-1, uniform t",DPM predictor,20,1,0,0,0.056826337007805705,0.07576844934374094,cuda,0.26350724697113037,0.23214969038963318,1.4281718730926514
uniform,sigma_uniform_dpm,"Sigma-space DPM-1, uniform t",DPM predictor,20,1,0,1,0.057489819009788334,0.07665309201305111,cuda,0.23034873604774475,0.2437206208705902,1.4605003595352173
uniform,sigma_uniform_dpm,"Sigma-space DPM-1, uniform t",DPM predictor,50,1,0,0,0.14060439507011324,0.187472526760151,cuda,0.2744232416152954,0.30882522463798523,1.5517423152923584
uniform,sigma_uniform_dpm,"Sigma-space DPM-1, uniform t",DPM predictor,50,1,0,1,0.1525124239269644,0.20334989856928587,cuda,0.23084042966365814,0.2379378378391266,1.4510536193847656
uniform,sigma_uniform_dpm,"Sigma-space DPM-1, uniform t",DPM predictor,100,1,0,0,0.2794984090141952,0.3726645453522603,cuda,0.239786759018898,0.25728321075439453,1.4750486612319946
uniform,sigma_uniform_dpm,"Sigma-space DPM-1, uniform t",DPM predictor,100,1,0,1,0.28456505096983165,0.3794200679597755,cuda,0.2508472204208374,0.2628633379936218,1.4877885580062866
uniform,sigma_log_dpm,"Sigma-space DPM-1, log sigma",DPM predictor,5,1,0,0,0.013680886942893267,0.018241182590524357,cuda,0.29540517926216125,0.12131490558385849,1.2596817016601562
uniform,sigma_log_dpm,"Sigma-space DPM-1, log sigma",DPM predictor,5,1,0,1,0.013577566947788,0.018103422597050667,cuda,0.2958115339279175,0.13262705504894257,1.2700259685516357
uniform,sigma_log_dpm,"Sigma-space DPM-1, log sigma",DPM predictor,10,1,0,0,0.02789639704860747,0.037195196064809956,cuda,0.27787259221076965,0.20481352508068085,1.4084111452102661
uniform,sigma_log_dpm,"Sigma-space DPM-1, log sigma",DPM predictor,10,1,0,1,0.027670579962432384,0.036894106616576515,cuda,0.26164761185646057,0.20202335715293884,1.39273202419281
uniform,sigma_log_dpm,"Sigma-space DPM-1, log sigma",DPM predictor,20,1,0,0,0.05547185300383717,0.0739624706717829,cuda,0.27450835704803467,0.22852015495300293,1.4329670667648315
uniform,sigma_log_dpm,"Sigma-space DPM-1, log sigma",DPM predictor,20,1,0,1,0.055419711978174746,0.073892949304233,cuda,0.2421361207962036,0.24022145569324493,1.4658536911010742
uniform,sigma_log_dpm,"Sigma-space DPM-1, log sigma",DPM predictor,50,1,0,0,0.13879160897340626,0.18505547863120833,cuda,0.2787575125694275,0.30774831771850586,1.5545835494995117
uniform,sigma_log_dpm,"Sigma-space DPM-1, log sigma",DPM predictor,50,1,0,1,0.14408159197773784,0.19210878930365047,cuda,0.23530413210391998,0.23709970712661743,1.4546774625778198
uniform,sigma_log_dpm,"Sigma-space DPM-1, log sigma",DPM predictor,100,1,0,0,0.2808770799310878,0.37450277324145037,cuda,0.24218177795410156,0.2570226490497589,1.4768939018249512
uniform,sigma_log_dpm,"Sigma-space DPM-1, log sigma",DPM predictor,100,1,0,1,0.2881752368994057,0.3842336491992076,cuda,0.2534535527229309,0.26251858472824097,1.489650011062622
uniform,dpm2_uniform,"DPM-2 + corrector, uniform t",Overall sampler,5,1,0,0,0.09553642699029297,0.12738190265372396,cuda,0.15620039403438568,0.2741330564022064,1.5346224308013916
uniform,dpm2_uniform,"DPM-2 + corrector, uniform t",Overall sampler,5,1,0,1,0.09560148208402097,0.12746864277869463,cuda,0.18424923717975616,0.29231274127960205,1.55324387550354
uniform,dpm2_uniform,"DPM-2 + corrector, uniform t",Overall sampler,10,1,0,0,0.13676804001443088,0.18235738668590784,cuda,0.17146165668964386,0.2204618602991104,1.4217004776000977
uniform,dpm2_uniform,"DPM-2 + corrector, uniform t",Overall sampler,10,1,0,1,0.13796911004465073,0.18395881339286765,cuda,0.17856739461421967,0.20352080464363098,1.4002320766448975
uniform,dpm2_uniform,"DPM-2 + corrector, uniform t",Overall sampler,20,1,0,0,0.22233029990456998,0.29644039987276,cuda,0.1443300098180771,0.22215496003627777,1.4202358722686768
uniform,dpm2_uniform,"DPM-2 + corrector, uniform t",Overall sampler,20,1,0,1,0.22007496492005885,0.29343328656007844,cuda,0.11779218912124634,0.23851999640464783,1.4313639402389526
uniform,dpm2_uniform,"DPM-2 + corrector, uniform t",Overall sampler,50,1,0,0,0.47187038289848715,0.6291605105313162,cuda,0.08987428992986679,0.15964235365390778,1.3107266426086426
uniform,dpm2_uniform,"DPM-2 + corrector, uniform t",Overall sampler,50,1,0,1,0.4691166609991342,0.625488881332179,cuda,0.10651946067810059,0.17402511835098267,1.326673984527588
uniform,dpm2_uniform,"DPM-2 + corrector, uniform t",Overall sampler,100,1,0,0,0.884289973997511,1.179053298663348,cuda,0.10936594754457474,0.13283748924732208,1.2548580169677734
uniform,dpm2_uniform,"DPM-2 + corrector, uniform t",Overall sampler,100,1,0,1,0.937737399013713,1.250316532018284,cuda,0.06678671389818192,0.14998257160186768,1.287826418876648
uniform,dpm2_log,"DPM-2 + corrector, log sigma",Overall sampler,5,1,0,0,0.09560287604108453,0.1274705013881127,cuda,0.12514331936836243,0.2500759959220886,1.4630558490753174
uniform,dpm2_log,"DPM-2 + corrector, log sigma",Overall sampler,5,1,0,1,0.09796130494214594,0.1306150732561946,cuda,0.1621817648410797,0.27223002910614014,1.4896506071090698
uniform,dpm2_log,"DPM-2 + corrector, log sigma",Overall sampler,10,1,0,0,0.1387628320371732,0.18501710938289762,cuda,0.21101298928260803,0.2593274712562561,1.47300124168396
uniform,dpm2_log,"DPM-2 + corrector, log sigma",Overall sampler,10,1,0,1,0.13744837406557053,0.18326449875409404,cuda,0.2053709179162979,0.2156112790107727,1.4029086828231812
uniform,dpm2_log,"DPM-2 + corrector, log sigma",Overall sampler,20,1,0,0,0.22138077393174171,0.29517436524232227,cuda,0.17850422859191895,0.19522586464881897,1.358621597290039
uniform,dpm2_log,"DPM-2 + corrector, log sigma",Overall sampler,20,1,0,1,0.22243610699661076,0.296581475995481,cuda,0.15187615156173706,0.2397272288799286,1.4280909299850464
uniform,dpm2_log,"DPM-2 + corrector, log sigma",Overall sampler,50,1,0,0,0.480183572974056,0.640244763965408,cuda,0.10674535483121872,0.1439925879240036,1.2602704763412476
uniform,dpm2_log,"DPM-2 + corrector, log sigma",Overall sampler,50,1,0,1,0.4720189879881218,0.6293586506508291,cuda,0.1131170317530632,0.13480226695537567,1.2450639009475708
uniform,dpm2_log,"DPM-2 + corrector, log sigma",Overall sampler,100,1,0,0,0.8902163280872628,1.1869551041163504,cuda,0.09401442855596542,0.05404762551188469,1.08951997756958
uniform,dpm2_log,"DPM-2 + corrector, log sigma",Overall sampler,100,1,0,1,0.8860506359487772,1.1814008479317029,cuda,0.05241820961236954,0.07552766799926758,1.1279979944229126
uniform,em_uniform,"Euler--Maruyama, uniform t",Euler update,5,1,0,0,0.013794799917377532,0.018393066556503374,cuda,0.1440439373254776,0.9674057960510254,2.5272347927093506
uniform,em_uniform,"Euler--Maruyama, uniform t",Euler update,5,1,0,1,0.013361314893700182,0.017815086524933577,cuda,0.22501257061958313,1.1005432605743408,2.6583163738250732
uniform,em_uniform,"Euler--Maruyama, uniform t",Euler update,10,1,0,0,0.027738912031054497,0.036985216041406,cuda,0.229730486869812,0.590586245059967,2.0286388397216797
uniform,em_uniform,"Euler--Maruyama, uniform t",Euler update,10,1,0,1,0.027470289962366223,0.036627053283154964,cuda,0.22390590608119965,0.449057400226593,1.8493716716766357
uniform,em_uniform,"Euler--Maruyama, uniform t",Euler update,20,1,0,0,0.05648144998122007,0.07530859997496009,cuda,0.18529662489891052,0.3723371624946594,1.6886723041534424
uniform,em_uniform,"Euler--Maruyama, uniform t",Euler update,20,1,0,1,0.05605112900957465,0.07473483867943287,cuda,0.1502775102853775,0.4023808240890503,1.739438772201538
uniform,em_uniform,"Euler--Maruyama, uniform t",Euler update,50,1,0,0,0.14105282502714545,0.18807043336952725,cuda,0.1353810578584671,0.2746792137622833,1.5154800415039062
uniform,em_uniform,"Euler--Maruyama, uniform t",Euler update,50,1,0,1,0.14109628892038018,0.18812838522717357,cuda,0.10940784215927124,0.28128382563591003,1.5283664464950562
uniform,em_uniform,"Euler--Maruyama, uniform t",Euler update,100,1,0,0,0.2831868060166016,0.3775824080221355,cuda,0.17047294974327087,0.2272692173719406,1.4306868314743042
uniform,em_uniform,"Euler--Maruyama, uniform t",Euler update,100,1,0,1,0.3015798869309947,0.4021065159079929,cuda,0.10673779249191284,0.2506396472454071,1.4683363437652588
uniform,em_log,"Euler--Maruyama, log sigma",Euler update,5,1,0,0,0.014249608968384564,0.01899947862451275,cuda,0.21872882544994354,1.595274806022644,3.076542377471924
uniform,em_log,"Euler--Maruyama, log sigma",Euler update,5,1,0,1,0.013578801997937262,0.018105069330583017,cuda,0.2789345979690552,1.7142741680145264,3.188250780105591
uniform,em_log,"Euler--Maruyama, log sigma",Euler update,10,1,0,0,0.02824027102906257,0.03765369470541676,cuda,0.2088504582643509,0.5561767220497131,1.9199895858764648
uniform,em_log,"Euler--Maruyama, log sigma",Euler update,10,1,0,1,0.02877068507950753,0.03836091343934337,cuda,0.20166410505771637,0.45516353845596313,1.7955574989318848
uniform,em_log,"Euler--Maruyama, log sigma",Euler update,20,1,0,0,0.057098114979453385,0.07613081997260451,cuda,0.17212900519371033,0.30176588892936707,1.5431818962097168
uniform,em_log,"Euler--Maruyama, log sigma",Euler update,20,1,0,1,0.05675335694104433,0.07567114258805911,cuda,0.1473328024148941,0.3404320180416107,1.595978021621704
uniform,em_log,"Euler--Maruyama, log sigma",Euler update,50,1,0,0,0.14404431194998324,0.19205908259997764,cuda,0.13441911339759827,0.24516797065734863,1.4450204372406006
uniform,em_log,"Euler--Maruyama, log sigma",Euler update,50,1,0,1,0.14690426702145487,0.1958723560286065,cuda,0.1242220550775528,0.22008906304836273,1.4056049585342407
uniform,em_log,"Euler--Maruyama, log sigma",Euler update,100,1,0,0,0.31614318303763866,0.4215242440501849,cuda,0.15358023345470428,0.20467062294483185,1.3737612962722778
uniform,em_log,"Euler--Maruyama, log sigma",Euler update,100,1,0,1,0.32811433891765773,0.43748578522354364,cuda,0.10242106765508652,0.2430042326450348,1.4373347759246826
uniform,sigma_uniform_dpm,"Sigma-space DPM-1, uniform t",DPM predictor,5,1,1,0,0.017005398985929787,0.02267386531457305,cuda,0.4052508473396301,0.1802283078432083,1.35566246509552
uniform,sigma_uniform_dpm,"Sigma-space DPM-1, uniform t",DPM predictor,5,1,1,1,0.016819179989397526,0.0224255733191967,cuda,0.40471434593200684,0.19524691998958588,1.3842077255249023
uniform,sigma_uniform_dpm,"Sigma-space DPM-1, uniform t",DPM predictor,10,1,1,0,0.03442199795972556,0.04589599727963408,cuda,0.38122832775115967,0.2084989696741104,1.4112352132797241
uniform,sigma_uniform_dpm,"Sigma-space DPM-1, uniform t",DPM predictor,10,1,1,1,0.03532691695727408,0.04710255594303211,cuda,0.36826515197753906,0.1799764335155487,1.3592842817306519
uniform,sigma_uniform_dpm,"Sigma-space DPM-1, uniform t",DPM predictor,20,1,1,0,0.05645349097903818,0.07527132130538423,cuda,0.3413267731666565,0.28376972675323486,1.5329821109771729
uniform,sigma_uniform_dpm,"Sigma-space DPM-1, uniform t",DPM predictor,20,1,1,1,0.055159235023893416,0.07354564669852455,cuda,0.3606792092323303,0.24438971281051636,1.4712098836898804
uniform,sigma_uniform_dpm,"Sigma-space DPM-1, uniform t",DPM predictor,50,1,1,0,0.14007618406321853,0.1867682454176247,cuda,0.3727423846721649,0.25335893034935,1.4975590705871582
uniform,sigma_uniform_dpm,"Sigma-space DPM-1, uniform t",DPM predictor,50,1,1,1,0.14408830599859357,0.1921177413314581,cuda,0.3771430552005768,0.2553703486919403,1.5017292499542236
uniform,sigma_uniform_dpm,"Sigma-space DPM-1, uniform t",DPM predictor,100,1,1,0,0.29465657693799585,0.3928754359173278,cuda,0.38207298517227173,0.20770490169525146,1.436221718788147
uniform,sigma_uniform_dpm,"Sigma-space DPM-1, uniform t",DPM predictor,100,1,1,1,0.27960466395597905,0.3728062186079721,cuda,0.38060835003852844,0.2534635663032532,1.494810938835144
uniform,sigma_log_dpm,"Sigma-space DPM-1, log sigma",DPM predictor,5,1,1,0,0.014124390087090433,0.018832520116120577,cuda,0.49591898918151855,0.1455947458744049,1.3313100337982178
uniform,sigma_log_dpm,"Sigma-space DPM-1, log sigma",DPM predictor,5,1,1,1,0.013668072992004454,0.018224097322672606,cuda,0.4951014518737793,0.16091088950634003,1.362126350402832
uniform,sigma_log_dpm,"Sigma-space DPM-1, log sigma",DPM predictor,10,1,1,0,0.027712356997653842,0.03694980933020512,cuda,0.43294769525527954,0.19871249794960022,1.4140459299087524
uniform,sigma_log_dpm,"Sigma-space DPM-1, log sigma",DPM predictor,10,1,1,1,0.027874652994796634,0.037166203993062176,cuda,0.41921961307525635,0.17093628644943237,1.3627349138259888
uniform,sigma_log_dpm,"Sigma-space DPM-1, log sigma",DPM predictor,20,1,1,0,0.05645705491770059,0.07527607322360079,cuda,0.36652514338493347,0.2794305384159088,1.5373088121414185
uniform,sigma_log_dpm,"Sigma-space DPM-1, log sigma",DPM predictor,20,1,1,1,0.05585229303687811,0.07446972404917081,cuda,0.3872862160205841,0.24100613594055176,1.4763176441192627
uniform,sigma_log_dpm,"Sigma-space DPM-1, log sigma",DPM predictor,50,1,1,0,0.1405282289488241,0.18737097193176547,cuda,0.3838405907154083,0.2528753876686096,1.5014301538467407
uniform,sigma_log_dpm,"Sigma-space DPM-1, log sigma",DPM predictor,50,1,1,1,0.14043850603047758,0.18725134137397012,cuda,0.38836315274238586,0.2549459934234619,1.5055721998214722
uniform,sigma_log_dpm,"Sigma-space DPM-1, log sigma",DPM predictor,100,1,1,0,0.2814066610299051,0.3752088813732068,cuda,0.38787952065467834,0.20793145895004272,1.438830852508545
uniform,sigma_log_dpm,"Sigma-space DPM-1, log sigma",DPM predictor,100,1,1,1,0.28010240697767586,0.37346987597023446,cuda,0.38620129227638245,0.2534431517124176,1.4970481395721436
uniform,dpm2_uniform,"DPM-2 + corrector, uniform t",Overall sampler,5,1,1,0,0.09674616099800915,0.12899488133067885,cuda,0.22514446079730988,0.3315128684043884,1.6223974227905273
uniform,dpm2_uniform,"DPM-2 + corrector, uniform t",Overall sampler,5,1,1,1,0.09614762803539634,0.12819683738052845,cuda,0.21603207290172577,0.23851923644542694,1.5050004720687866
uniform,dpm2_uniform,"DPM-2 + corrector, uniform t",Overall sampler,10,1,1,0,0.13722962408792228,0.1829728321172297,cuda,0.19351795315742493,0.23040415346622467,1.4540058374404907
uniform,dpm2_uniform,"DPM-2 + corrector, uniform t",Overall sampler,10,1,1,1,0.13689909200184047,0.18253212266912064,cuda,0.20888788998126984,0.2731136679649353,1.5039082765579224
uniform,dpm2_uniform,"DPM-2 + corrector, uniform t",Overall sampler,20,1,1,0,0.2209483030019328,0.2945977373359104,cuda,0.15189304947853088,0.2119101583957672,1.399510145187378
uniform,dpm2_uniform,"DPM-2 + corrector, uniform t",Overall sampler,20,1,1,1,0.22106256592087448,0.2947500878944993,cuda,0.13320650160312653,0.206873819231987,1.3899762630462646
uniform,dpm2_uniform,"DPM-2 + corrector, uniform t",Overall sampler,50,1,1,0,0.47035539499484,0.6271405266597867,cuda,0.14156712591648102,0.20359210669994354,1.3835954666137695
uniform,dpm2_uniform,"DPM-2 + corrector, uniform t",Overall sampler,50,1,1,1,0.467139636981301,0.6228528493084013,cuda,0.1538660228252411,0.18205228447914124,1.3493698835372925
uniform,dpm2_uniform,"DPM-2 + corrector, uniform t",Overall sampler,100,1,1,0,0.8834242889424786,1.1778990519233048,cuda,0.08741191774606705,0.10391762852668762,1.2153795957565308
uniform,dpm2_uniform,"DPM-2 + corrector, uniform t",Overall sampler,100,1,1,1,0.9043125699972734,1.2057500933296978,cuda,0.06903179734945297,0.1379242241382599,1.2681854963302612
uniform,dpm2_log,"DPM-2 + corrector, log sigma",Overall sampler,5,1,1,0,0.09571142599452287,0.12761523465936384,cuda,0.21308045089244843,0.2977200746536255,1.5432889461517334
uniform,dpm2_log,"DPM-2 + corrector, log sigma",Overall sampler,5,1,1,1,0.09508441796060652,0.12677922394747534,cuda,0.20410852134227753,0.2598446011543274,1.4941282272338867
uniform,dpm2_log,"DPM-2 + corrector, log sigma",Overall sampler,10,1,1,0,0.13585489999968559,0.18113986666624746,cuda,0.2599630355834961,0.24704894423484802,1.4642871618270874
uniform,dpm2_log,"DPM-2 + corrector, log sigma",Overall sampler,10,1,1,1,0.13760821497999132,0.18347761997332176,cuda,0.2599215805530548,0.2677474617958069,1.4893112182617188
uniform,dpm2_log,"DPM-2 + corrector, log sigma",Overall sampler,20,1,1,0,0.2203081710031256,0.2937442280041675,cuda,0.19529032707214355,0.22434893250465393,1.4135197401046753
uniform,dpm2_log,"DPM-2 + corrector, log sigma",Overall sampler,20,1,1,1,0.22274387697689235,0.2969918359691898,cuda,0.1793885976076126,0.21929872035980225,1.4056825637817383
uniform,dpm2_log,"DPM-2 + corrector, log sigma",Overall sampler,50,1,1,0,0.4664708349155262,0.6219611132207016,cuda,0.13643506169319153,0.12282535433769226,1.2276828289031982
uniform,dpm2_log,"DPM-2 + corrector, log sigma",Overall sampler,50,1,1,1,0.46971992996986955,0.6262932399598261,cuda,0.1518799066543579,0.1285303831100464,1.2445367574691772
uniform,dpm2_log,"DPM-2 + corrector, log sigma",Overall sampler,100,1,1,0,0.892857613041997,1.1904768173893292,cuda,0.08073173463344574,0.0737266093492508,1.1303071975708008
uniform,dpm2_log,"DPM-2 + corrector, log sigma",Overall sampler,100,1,1,1,0.8851567899109796,1.1802090532146394,cuda,0.0845239907503128,0.05270712822675705,1.0866836309432983
uniform,em_uniform,"Euler--Maruyama, uniform t",Euler update,5,1,1,0,0.013528782990761101,0.018038377321014803,cuda,0.34646838903427124,0.9987673163414001,2.573065757751465
uniform,em_uniform,"Euler--Maruyama, uniform t",Euler update,5,1,1,1,0.013560484978370368,0.018080646637827158,cuda,0.3196391463279724,0.9576619863510132,2.5427491664886475
uniform,em_uniform,"Euler--Maruyama, uniform t",Euler update,10,1,1,0,0.02772442006971687,0.03696589342628916,cuda,0.24774983525276184,0.5339739918708801,1.9635640382766724
uniform,em_uniform,"Euler--Maruyama, uniform t",Euler update,10,1,1,1,0.027670606039464474,0.03689414138595263,cuda,0.24718603491783142,0.5809343457221985,2.007092237472534
uniform,em_uniform,"Euler--Maruyama, uniform t",Euler update,20,1,1,0,0.056305508012883365,0.07507401068384449,cuda,0.1789676696062088,0.39631104469299316,1.731427788734436
uniform,em_uniform,"Euler--Maruyama, uniform t",Euler update,20,1,1,1,0.055750000057742,0.07433333341032267,cuda,0.16916567087173462,0.3280569911003113,1.6414711475372314
uniform,em_uniform,"Euler--Maruyama, uniform t",Euler update,50,1,1,0,0.1422618089709431,0.18968241196125746,cuda,0.18388110399246216,0.295382022857666,1.5534839630126953
uniform,em_uniform,"Euler--Maruyama, uniform t",Euler update,50,1,1,1,0.14148650295101106,0.18864867060134807,cuda,0.1864112764596939,0.27887028455734253,1.5363866090774536
uniform,em_uniform,"Euler--Maruyama, uniform t",Euler update,100,1,1,0,0.2843683250248432,0.37915776669979095,cuda,0.1605857014656067,0.225005105137825,1.4422180652618408
uniform,em_uniform,"Euler--Maruyama, uniform t",Euler update,100,1,1,1,0.2863918240182102,0.38185576535761356,cuda,0.14823167026042938,0.22163188457489014,1.431154489517212
uniform,em_log,"Euler--Maruyama, log sigma",Euler update,5,1,1,0,0.014043746050447226,0.018724994733929634,cuda,0.37287187576293945,1.490441918373108,3.0536439418792725
uniform,em_log,"Euler--Maruyama, log sigma",Euler update,5,1,1,1,0.01378809695597738,0.018384129274636507,cuda,0.4161835014820099,1.5330414772033691,3.066617965698242
uniform,em_log,"Euler--Maruyama, log sigma",Euler update,10,1,1,0,0.02780532301403582,0.03707376401871443,cuda,0.21110320091247559,0.5222564339637756,1.8931416273117065
uniform,em_log,"Euler--Maruyama, log sigma",Euler update,10,1,1,1,0.028344118036329746,0.037792157381772995,cuda,0.22256293892860413,0.5873859524726868,1.954393982887268
uniform,em_log,"Euler--Maruyama, log sigma",Euler update,20,1,1,0,0.0567049978999421,0.07560666386658947,cuda,0.17855896055698395,0.3131214380264282,1.571550726890564
uniform,em_log,"Euler--Maruyama, log sigma",Euler update,20,1,1,1,0.05607136199250817,0.0747618159900109,cuda,0.15311385691165924,0.316997766494751,1.5749261379241943
uniform,em_log,"Euler--Maruyama, log sigma",Euler update,50,1,1,0,0.14270158694125712,0.19026878258834282,cuda,0.16533410549163818,0.18974998593330383,1.3646113872528076
uniform,em_log,"Euler--Maruyama, log sigma",Euler update,50,1,1,1,0.1501065039774403,0.20014200530325374,cuda,0.17337599396705627,0.20930367708206177,1.4032766819000244
uniform,em_log,"Euler--Maruyama, log sigma",Euler update,100,1,1,0,0.37241711805108935,0.4965561574014525,cuda,0.14519235491752625,0.2018054723739624,1.3799614906311035
uniform,em_log,"Euler--Maruyama, log sigma",Euler update,100,1,1,1,0.29283322498667985,0.3904442999822398,cuda,0.16244639456272125,0.19426050782203674,1.373396396636963
uniform,sigma_uniform_dpm,"Sigma-space DPM-1, uniform t",DPM predictor,5,1,2,0,0.013448985991999507,0.017931981322666008,cuda,0.3089200258255005,0.1540547013282776,1.2629034519195557
uniform,sigma_uniform_dpm,"Sigma-space DPM-1, uniform t",DPM predictor,5,1,2,1,0.013152285013347864,0.017536380017797153,cuda,0.3017060458660126,0.15029075741767883,1.2499918937683105
uniform,sigma_uniform_dpm,"Sigma-space DPM-1, uniform t",DPM predictor,10,1,2,0,0.028057067072950304,0.03740942276393374,cuda,0.19342856109142303,0.29107916355133057,1.4993876218795776
uniform,sigma_uniform_dpm,"Sigma-space DPM-1, uniform t",DPM predictor,10,1,2,1,0.02712758700363338,0.03617011600484451,cuda,0.2453785091638565,0.2262755185365677,1.393269419670105
uniform,sigma_uniform_dpm,"Sigma-space DPM-1, uniform t",DPM predictor,20,1,2,0,0.05503721092827618,0.07338294790436824,cuda,0.2418704628944397,0.2525548040866852,1.4610910415649414
uniform,sigma_uniform_dpm,"Sigma-space DPM-1, uniform t",DPM predictor,20,1,2,1,0.05584077397361398,0.07445436529815197,cuda,0.26979365944862366,0.23846682906150818,1.4284940958023071
uniform,sigma_uniform_dpm,"Sigma-space DPM-1, uniform t",DPM predictor,50,1,2,0,0.16067685605958104,0.2142358080794414,cuda,0.23417815566062927,0.2260575294494629,1.411784052848816
uniform,sigma_uniform_dpm,"Sigma-space DPM-1, uniform t",DPM predictor,50,1,2,1,0.15909918397665024,0.21213224530220032,cuda,0.2699895203113556,0.22275957465171814,1.4038854837417603
uniform,sigma_uniform_dpm,"Sigma-space DPM-1, uniform t",DPM predictor,100,1,2,0,0.2883315540384501,0.38444207205126685,cuda,0.2176417112350464,0.2456633448600769,1.4505585432052612
uniform,sigma_uniform_dpm,"Sigma-space DPM-1, uniform t",DPM predictor,100,1,2,1,0.29260807298123837,0.39014409730831784,cuda,0.22502614557743073,0.2908858358860016,1.525394082069397
uniform,sigma_log_dpm,"Sigma-space DPM-1, log sigma",DPM predictor,5,1,2,0,0.015594113967381418,0.020792151956508558,cuda,0.2940007448196411,0.11088613420724869,1.2201255559921265
uniform,sigma_log_dpm,"Sigma-space DPM-1, log sigma",DPM predictor,5,1,2,1,0.015538337058387697,0.020717782744516928,cuda,0.28710344433784485,0.1058865487575531,1.205764889717102
uniform,sigma_log_dpm,"Sigma-space DPM-1, log sigma",DPM predictor,10,1,2,0,0.031420404091477394,0.041893872121969856,cuda,0.19433605670928955,0.274427205324173,1.4942256212234497
uniform,sigma_log_dpm,"Sigma-space DPM-1, log sigma",DPM predictor,10,1,2,1,0.03175273397937417,0.04233697863916556,cuda,0.2451068013906479,0.21123053133487701,1.389338731765747
uniform,sigma_log_dpm,"Sigma-space DPM-1, log sigma",DPM predictor,20,1,2,0,0.05597986502107233,0.07463982002809644,cuda,0.2436680644750595,0.24826690554618835,1.4650508165359497
uniform,sigma_log_dpm,"Sigma-space DPM-1, log sigma",DPM predictor,20,1,2,1,0.05636462999973446,0.07515283999964595,cuda,0.270967572927475,0.23436535894870758,1.4327317476272583
uniform,sigma_log_dpm,"Sigma-space DPM-1, log sigma",DPM predictor,50,1,2,0,0.14012745395302773,0.18683660527070364,cuda,0.23521769046783447,0.22492115199565887,1.414615273475647
uniform,sigma_log_dpm,"Sigma-space DPM-1, log sigma",DPM predictor,50,1,2,1,0.1436960509745404,0.19159473463272056,cuda,0.27081412076950073,0.22186528146266937,1.406727910041809
uniform,sigma_log_dpm,"Sigma-space DPM-1, log sigma",DPM predictor,100,1,2,0,0.29979535995516926,0.39972714660689235,cuda,0.21827808022499084,0.24532844126224518,1.4523981809616089
uniform,sigma_log_dpm,"Sigma-space DPM-1, log sigma",DPM predictor,100,1,2,1,0.28519627801142633,0.3802617040152351,cuda,0.2256629317998886,0.2905621826648712,1.527316927909851
uniform,dpm2_uniform,"DPM-2 + corrector, uniform t",Overall sampler,5,1,2,0,0.09540392097551376,0.12720522796735168,cuda,0.20962586998939514,0.2952008545398712,1.5640292167663574
uniform,dpm2_uniform,"DPM-2 + corrector, uniform t",Overall sampler,5,1,2,1,0.09570630709640682,0.12760840946187577,cuda,0.27409011125564575,0.2947938144207001,1.5582470893859863
uniform,dpm2_uniform,"DPM-2 + corrector, uniform t",Overall sampler,10,1,2,0,0.1368309810059145,0.18244130800788602,cuda,0.1280118077993393,0.26086193323135376,1.4733856916427612
uniform,dpm2_uniform,"DPM-2 + corrector, uniform t",Overall sampler,10,1,2,1,0.1367231149924919,0.18229748665665588,cuda,0.16731618344783783,0.24085190892219543,1.4437057971954346
uniform,dpm2_uniform,"DPM-2 + corrector, uniform t",Overall sampler,20,1,2,0,0.21928931097500026,0.292385747966667,cuda,0.1415596306324005,0.2743820548057556,1.48548424243927
uniform,dpm2_uniform,"DPM-2 + corrector, uniform t",Overall sampler,20,1,2,1,0.2184929170180112,0.29132388935734826,cuda,0.13316650688648224,0.21749834716320038,1.3989341259002686
uniform,dpm2_uniform,"DPM-2 + corrector, uniform t",Overall sampler,50,1,2,0,0.46805530204437673,0.6240737360591689,cuda,0.08186289668083191,0.183656707406044,1.3410446643829346
uniform,dpm2_uniform,"DPM-2 + corrector, uniform t",Overall sampler,50,1,2,1,0.47401911194901913,0.6320254825986922,cuda,0.12132447212934494,0.1584298312664032,1.299594759941101
uniform,dpm2_uniform,"DPM-2 + corrector, uniform t",Overall sampler,100,1,2,0,0.8873550939606503,1.183140125280867,cuda,0.09858997911214828,0.14983311295509338,1.2740557193756104
uniform,dpm2_uniform,"DPM-2 + corrector, uniform t",Overall sampler,100,1,2,1,0.950123275979422,1.2668310346392293,cuda,0.0529276579618454,0.12314781546592712,1.2352466583251953
uniform,dpm2_log,"DPM-2 + corrector, log sigma",Overall sampler,5,1,2,0,0.0954991509206593,0.12733220122754574,cuda,0.18924476206302643,0.26554545760154724,1.4839253425598145
uniform,dpm2_log,"DPM-2 + corrector, log sigma",Overall sampler,5,1,2,1,0.0949686219682917,0.1266248292910556,cuda,0.23943550884723663,0.23708011209964752,1.4323188066482544
uniform,dpm2_log,"DPM-2 + corrector, log sigma",Overall sampler,10,1,2,0,0.13745431590359658,0.18327242120479545,cuda,0.12819601595401764,0.3097996711730957,1.5283946990966797
uniform,dpm2_log,"DPM-2 + corrector, log sigma",Overall sampler,10,1,2,1,0.13756405608728528,0.1834187414497137,cuda,0.20224466919898987,0.23929665982723236,1.4249218702316284
uniform,dpm2_log,"DPM-2 + corrector, log sigma",Overall sampler,20,1,2,0,0.2439426169730723,0.32525682263076305,cuda,0.15903978049755096,0.23789311945438385,1.421639084815979
uniform,dpm2_log,"DPM-2 + corrector, log sigma",Overall sampler,20,1,2,1,0.22517230198718607,0.30022973598291475,cuda,0.15234123170375824,0.20567718148231506,1.3789305686950684
uniform,dpm2_log,"DPM-2 + corrector, log sigma",Overall sampler,50,1,2,0,0.47403744305483997,0.63204992407312,cuda,0.0849272832274437,0.1327311396598816,1.2406364679336548
uniform,dpm2_log,"DPM-2 + corrector, log sigma",Overall sampler,50,1,2,1,0.46932370704598725,0.625764942727983,cuda,0.13359209895133972,0.12790155410766602,1.228950023651123
uniform,dpm2_log,"DPM-2 + corrector, log sigma",Overall sampler,100,1,2,0,0.890995437046513,1.1879939160620172,cuda,0.09268909692764282,0.04341639205813408,1.0406392812728882
uniform,dpm2_log,"DPM-2 + corrector, log sigma",Overall sampler,100,1,2,1,0.8966266609495506,1.1955022145994008,cuda,0.0547419972717762,0.04765046760439873,1.0828768014907837
uniform,em_uniform,"Euler--Maruyama, uniform t",Euler update,5,1,2,0,0.013559215003624558,0.018078953338166077,cuda,0.26168832182884216,1.0790517330169678,2.6457831859588623
uniform,em_uniform,"Euler--Maruyama, uniform t",Euler update,5,1,2,1,0.013683496974408627,0.018244662632544834,cuda,0.3772321939468384,0.989619791507721,2.5556180477142334
uniform,em_uniform,"Euler--Maruyama, uniform t",Euler update,10,1,2,0,0.028341553988866508,0.03778873865182201,cuda,0.17399245500564575,0.5899102091789246,2.0046310424804688
uniform,em_uniform,"Euler--Maruyama, uniform t",Euler update,10,1,2,1,0.03040632896590978,0.04054177195454637,cuda,0.22284692525863647,0.5040656924247742,1.919123649597168
uniform,em_uniform,"Euler--Maruyama, uniform t",Euler update,20,1,2,0,0.056796485907398164,0.07572864787653089,cuda,0.16723212599754333,0.42596501111984253,1.7562212944030762
uniform,em_uniform,"Euler--Maruyama, uniform t",Euler update,20,1,2,1,0.05651772290002555,0.07535696386670072,cuda,0.19049635529518127,0.39166462421417236,1.7187018394470215
uniform,em_uniform,"Euler--Maruyama, uniform t",Euler update,50,1,2,0,0.14224086806643754,0.18965449075525007,cuda,0.12119686603546143,0.26652806997299194,1.5060722827911377
uniform,em_uniform,"Euler--Maruyama, uniform t",Euler update,50,1,2,1,0.14270693203434348,0.19027590937912464,cuda,0.19184429943561554,0.23147587478160858,1.4391363859176636
uniform,em_uniform,"Euler--Maruyama, uniform t",Euler update,100,1,2,0,0.2855279709910974,0.38070396132146317,cuda,0.18243883550167084,0.20422427356243134,1.3783317804336548
uniform,em_uniform,"Euler--Maruyama, uniform t",Euler update,100,1,2,1,0.28411009500268847,0.3788134600035846,cuda,0.13678117096424103,0.21161074936389923,1.4174624681472778
uniform,em_log,"Euler--Maruyama, log sigma",Euler update,5,1,2,0,0.013851523050107062,0.018468697400142748,cuda,0.25129255652427673,1.907629370689392,3.3513240814208984
uniform,em_log,"Euler--Maruyama, log sigma",Euler update,5,1,2,1,0.013839233899489045,0.018452311865985394,cuda,0.3167787194252014,1.669884204864502,3.181091070175171
uniform,em_log,"Euler--Maruyama, log sigma",Euler update,10,1,2,0,0.027690864983014762,0.03692115331068635,cuda,0.1308256983757019,0.5834967494010925,1.9443275928497314
uniform,em_log,"Euler--Maruyama, log sigma",Euler update,10,1,2,1,0.027763054007664323,0.03701740534355243,cuda,0.20440851151943207,0.555263102054596,1.9076114892959595
uniform,em_log,"Euler--Maruyama, log sigma",Euler update,20,1,2,0,0.05686363996937871,0.07581818662583828,cuda,0.15111586451530457,0.32912224531173706,1.5805354118347168
uniform,em_log,"Euler--Maruyama, log sigma",Euler update,20,1,2,1,0.057150627952069044,0.07620083726942539,cuda,0.13189001381397247,0.31665050983428955,1.568902611732483
uniform,em_log,"Euler--Maruyama, log sigma",Euler update,50,1,2,0,0.16866225597914308,0.22488300797219077,cuda,0.11579367518424988,0.21732819080352783,1.400002121925354
uniform,em_log,"Euler--Maruyama, log sigma",Euler update,50,1,2,1,0.17870189400855452,0.23826919201140603,cuda,0.17146892845630646,0.20651736855506897,1.3817386627197266
uniform,em_log,"Euler--Maruyama, log sigma",Euler update,100,1,2,0,0.3196751319337636,0.4262335092450182,cuda,0.1809796839952469,0.14808911085128784,1.2707916498184204
uniform,em_log,"Euler--Maruyama, log sigma",Euler update,100,1,2,1,0.28444507997483015,0.3792601066331069,cuda,0.14609938859939575,0.20028293132781982,1.3846311569213867
uniform,sigma_uniform_dpm,"Sigma-space DPM-1, uniform t",DPM predictor,5,1,3,0,0.013553839991800487,0.018071786655733984,cuda,1.3312721252441406,0.19847899675369263,1.423396110534668
uniform,sigma_uniform_dpm,"Sigma-space DPM-1, uniform t",DPM predictor,5,1,3,1,0.013501871027983725,0.0180024947039783,cuda,1.3130708932876587,0.21749962866306305,1.4355653524398804
uniform,sigma_uniform_dpm,"Sigma-space DPM-1, uniform t",DPM predictor,10,1,3,0,0.02768468006979674,0.03691290675972899,cuda,1.189337968826294,0.26807501912117004,1.5421643257141113
uniform,sigma_uniform_dpm,"Sigma-space DPM-1, uniform t",DPM predictor,10,1,3,1,0.027744629071094096,0.03699283876145879,cuda,1.2164431810379028,0.23559582233428955,1.4898427724838257
uniform,sigma_uniform_dpm,"Sigma-space DPM-1, uniform t",DPM predictor,20,1,3,0,0.055542660993523896,0.07405688132469852,cuda,1.2733380794525146,0.29526451230049133,1.587293267250061
uniform,sigma_uniform_dpm,"Sigma-space DPM-1, uniform t",DPM predictor,20,1,3,1,0.05511667509563267,0.07348890012751023,cuda,1.232108235359192,0.2940395474433899,1.5968761444091797
uniform,sigma_uniform_dpm,"Sigma-space DPM-1, uniform t",DPM predictor,50,1,3,0,0.14038397499825805,0.18717863333101073,cuda,1.214288592338562,0.2878447473049164,1.5940206050872803
uniform,sigma_uniform_dpm,"Sigma-space DPM-1, uniform t",DPM predictor,50,1,3,1,0.16054704401176423,0.21406272534901896,cuda,1.2482059001922607,0.3002224266529083,1.5972602367401123
uniform,sigma_uniform_dpm,"Sigma-space DPM-1, uniform t",DPM predictor,100,1,3,0,0.30174909997731447,0.402332133303086,cuda,1.2377398014068604,0.2901541590690613,1.595388412475586
uniform,sigma_uniform_dpm,"Sigma-space DPM-1, uniform t",DPM predictor,100,1,3,1,0.2807787909405306,0.3743717212540408,cuda,1.1774847507476807,0.26662424206733704,1.5634387731552124
uniform,sigma_log_dpm,"Sigma-space DPM-1, log sigma",DPM predictor,5,1,3,0,0.013714364962652326,0.018285819950203102,cuda,1.3810083866119385,0.17435778677463531,1.4139407873153687
uniform,sigma_log_dpm,"Sigma-space DPM-1, log sigma",DPM predictor,5,1,3,1,0.013728258083574474,0.01830434411143263,cuda,1.3640575408935547,0.18388555943965912,1.416566014289856
uniform,sigma_log_dpm,"Sigma-space DPM-1, log sigma",DPM predictor,10,1,3,0,0.027388434042222798,0.036517912056297064,cuda,1.2234119176864624,0.2594894468784332,1.5462877750396729
uniform,sigma_log_dpm,"Sigma-space DPM-1, log sigma",DPM predictor,10,1,3,1,0.027241894975304604,0.03632252663373947,cuda,1.250331997871399,0.22825106978416443,1.4951390027999878
uniform,sigma_log_dpm,"Sigma-space DPM-1, log sigma",DPM predictor,20,1,3,0,0.054961511050350964,0.07328201473380129,cuda,1.2910325527191162,0.292317658662796,1.591675877571106
uniform,sigma_log_dpm,"Sigma-space DPM-1, log sigma",DPM predictor,20,1,3,1,0.05512252391781658,0.07349669855708878,cuda,1.2499819993972778,0.2914864122867584,1.6015406847000122
uniform,sigma_log_dpm,"Sigma-space DPM-1, log sigma",DPM predictor,50,1,3,0,0.14210027898661792,0.1894670386488239,cuda,1.22189462184906,0.28788065910339355,1.5974267721176147
uniform,sigma_log_dpm,"Sigma-space DPM-1, log sigma",DPM predictor,50,1,3,1,0.14076626300811768,0.18768835067749023,cuda,1.2558002471923828,0.2995738983154297,1.5998042821884155
uniform,sigma_log_dpm,"Sigma-space DPM-1, log sigma",DPM predictor,100,1,3,0,0.279884367948398,0.37317915726453066,cuda,1.2416070699691772,0.29045599699020386,1.597491979598999
uniform,sigma_log_dpm,"Sigma-space DPM-1, log sigma",DPM predictor,100,1,3,1,0.28403405903372914,0.37871207871163887,cuda,1.1814234256744385,0.2668735086917877,1.56537926197052
uniform,dpm2_uniform,"DPM-2 + corrector, uniform t",Overall sampler,5,1,3,0,0.09649496991187334,0.1286599598824978,cuda,0.9740909934043884,0.30952444672584534,1.6432398557662964
uniform,dpm2_uniform,"DPM-2 + corrector, uniform t",Overall sampler,5,1,3,1,0.09644071606453508,0.1285876214193801,cuda,1.0530046224594116,0.31007441878318787,1.6409832239151
uniform,dpm2_uniform,"DPM-2 + corrector, uniform t",Overall sampler,10,1,3,0,0.15259323292411864,0.20345764389882484,cuda,0.9453820586204529,0.2650454342365265,1.5550562143325806
uniform,dpm2_uniform,"DPM-2 + corrector, uniform t",Overall sampler,10,1,3,1,0.1593820860143751,0.2125094480191668,cuda,0.9562045335769653,0.25807610154151917,1.5432192087173462
uniform,dpm2_uniform,"DPM-2 + corrector, uniform t",Overall sampler,20,1,3,0,0.22202650702092797,0.2960353426945706,cuda,0.9059754014015198,0.29553303122520447,1.583741545677185
uniform,dpm2_uniform,"DPM-2 + corrector, uniform t",Overall sampler,20,1,3,1,0.22809467697516084,0.3041262359668811,cuda,0.9092467427253723,0.24908789992332458,1.5088160037994385
uniform,dpm2_uniform,"DPM-2 + corrector, uniform t",Overall sampler,50,1,3,0,0.4717528079636395,0.6290037439515194,cuda,0.8121761083602905,0.19934594631195068,1.4285160303115845
uniform,dpm2_uniform,"DPM-2 + corrector, uniform t",Overall sampler,50,1,3,1,0.5050930499564856,0.6734573999419808,cuda,0.7871485352516174,0.18207265436649323,1.3930972814559937
uniform,dpm2_uniform,"DPM-2 + corrector, uniform t",Overall sampler,100,1,3,0,0.9169127950444818,1.2225503933926423,cuda,0.6823043823242188,0.13115446269512177,1.311375617980957
uniform,dpm2_uniform,"DPM-2 + corrector, uniform t",Overall sampler,100,1,3,1,0.887888942961581,1.1838519239487748,cuda,0.696479082107544,0.11431856453418732,1.2857173681259155
uniform,dpm2_log,"DPM-2 + corrector, log sigma",Overall sampler,5,1,3,0,0.09636232000775635,0.12848309334367514,cuda,0.9844533801078796,0.3268221914768219,1.6399461030960083
uniform,dpm2_log,"DPM-2 + corrector, log sigma",Overall sampler,5,1,3,1,0.09663336107041687,0.1288444814272225,cuda,1.0338056087493896,0.30550917983055115,1.602738380432129
uniform,dpm2_log,"DPM-2 + corrector, log sigma",Overall sampler,10,1,3,0,0.13832692801952362,0.1844359040260315,cuda,1.0532621145248413,0.30605626106262207,1.5954108238220215
uniform,dpm2_log,"DPM-2 + corrector, log sigma",Overall sampler,10,1,3,1,0.138957513961941,0.185276685282588,cuda,1.0614231824874878,0.26969704031944275,1.5594737529754639
uniform,dpm2_log,"DPM-2 + corrector, log sigma",Overall sampler,20,1,3,0,0.2216430229600519,0.29552403061340254,cuda,0.9926032423973083,0.2893344759941101,1.5685460567474365
uniform,dpm2_log,"DPM-2 + corrector, log sigma",Overall sampler,20,1,3,1,0.22207620099652559,0.2961016013287008,cuda,0.9773849844932556,0.246933251619339,1.5033539533615112
uniform,dpm2_log,"DPM-2 + corrector, log sigma",Overall sampler,50,1,3,0,0.5014985419111326,0.6686647225481769,cuda,0.8508861660957336,0.14363408088684082,1.3314876556396484
uniform,dpm2_log,"DPM-2 + corrector, log sigma",Overall sampler,50,1,3,1,0.47643747401889414,0.6352499653585255,cuda,0.8336876630783081,0.16151557862758636,1.3361536264419556
uniform,dpm2_log,"DPM-2 + corrector, log sigma",Overall sampler,100,1,3,0,0.9069734190125018,1.209297892016669,cuda,0.6518390774726868,0.05361345410346985,1.1322927474975586
uniform,dpm2_log,"DPM-2 + corrector, log sigma",Overall sampler,100,1,3,1,0.8974154030438513,1.196553870725135,cuda,0.6733477115631104,0.04321450740098953,1.102696418762207
uniform,em_uniform,"Euler--Maruyama, uniform t",Euler update,5,1,3,0,0.013501508976332843,0.018002011968443792,cuda,1.2177679538726807,1.1140317916870117,2.687044858932495
uniform,em_uniform,"Euler--Maruyama, uniform t",Euler update,5,1,3,1,0.013435900094918907,0.017914533459891874,cuda,1.268976092338562,1.114999771118164,2.685279130935669
uniform,em_uniform,"Euler--Maruyama, uniform t",Euler update,10,1,3,0,0.02763397293165326,0.036845297242204346,cuda,1.0546430349349976,0.5799148678779602,2.0357484817504883
uniform,em_uniform,"Euler--Maruyama, uniform t",Euler update,10,1,3,1,0.02840078400913626,0.03786771201218168,cuda,1.0569214820861816,0.5910700559616089,2.0688440799713135
uniform,em_uniform,"Euler--Maruyama, uniform t",Euler update,20,1,3,0,0.05672629410400987,0.07563505880534649,cuda,0.9872106909751892,0.49206647276878357,1.8941121101379395
uniform,em_uniform,"Euler--Maruyama, uniform t",Euler update,20,1,3,1,0.05607330403290689,0.07476440537720919,cuda,0.98964524269104,0.41750770807266235,1.7994462251663208
uniform,em_uniform,"Euler--Maruyama, uniform t",Euler update,50,1,3,0,0.14346606202889234,0.1912880827051898,cuda,0.9558489918708801,0.31131279468536377,1.6346650123596191
uniform,em_uniform,"Euler--Maruyama, uniform t",Euler update,50,1,3,1,0.14135707705281675,0.188476102737089,cuda,0.950149416923523,0.28123536705970764,1.5698466300964355
uniform,em_uniform,"Euler--Maruyama, uniform t",Euler update,100,1,3,0,0.2887321200687438,0.3849761600916584,cuda,0.9070594906806946,0.22484774887561798,1.493725061416626
uniform,em_uniform,"Euler--Maruyama, uniform t",Euler update,100,1,3,1,0.29393312300089747,0.3919108306678633,cuda,0.9017257690429688,0.21867585182189941,1.4860800504684448
uniform,em_log,"Euler--Maruyama, log sigma",Euler update,5,1,3,0,0.01409111893735826,0.018788158583144348,cuda,1.289111852645874,1.8729133605957031,3.3662984371185303
uniform,em_log,"Euler--Maruyama, log sigma",Euler update,5,1,3,1,0.013973698951303959,0.018631598601738613,cuda,1.3368797302246094,2.1265015602111816,3.554344415664673
uniform,em_log,"Euler--Maruyama, log sigma",Euler update,10,1,3,0,0.028231780044734478,0.0376423733929793,cuda,1.0693466663360596,0.6084424257278442,2.042649745941162
uniform,em_log,"Euler--Maruyama, log sigma",Euler update,10,1,3,1,0.02845002303365618,0.03793336404487491,cuda,1.0527617931365967,0.6261435747146606,2.0928831100463867
uniform,em_log,"Euler--Maruyama, log sigma",Euler update,20,1,3,0,0.05610899697057903,0.07481199596077204,cuda,0.9410160779953003,0.4326169490814209,1.7971018552780151
uniform,em_log,"Euler--Maruyama, log sigma",Euler update,20,1,3,1,0.05836975004058331,0.07782633338744442,cuda,0.930034875869751,0.3565075397491455,1.689189076423645
uniform,em_log,"Euler--Maruyama, log sigma",Euler update,50,1,3,0,0.14765612198971212,0.19687482931961617,cuda,0.9349122047424316,0.24226143956184387,1.5142669677734375
uniform,em_log,"Euler--Maruyama, log sigma",Euler update,50,1,3,1,0.14448790508322418,0.19265054011096558,cuda,0.9260370135307312,0.2518237233161926,1.504014253616333
uniform,em_log,"Euler--Maruyama, log sigma",Euler update,100,1,3,0,0.2855641959467903,0.38075226126238704,cuda,0.8865282535552979,0.18721933662891388,1.4154484272003174
uniform,em_log,"Euler--Maruyama, log sigma",Euler update,100,1,3,1,0.28851596103049815,0.3846879480406642,cuda,0.8956683278083801,0.18177033960819244,1.399739146232605
uniform,sigma_uniform_dpm,"Sigma-space DPM-1, uniform t",DPM predictor,5,2,0,0,0.01678382104728371,0.022378428063044947,cuda,0.2041422426700592,0.13642820715904236,1.2512413263320923
uniform,sigma_uniform_dpm,"Sigma-space DPM-1, uniform t",DPM predictor,5,2,0,1,0.013673189096152782,0.018230918794870377,cuda,0.2071753591299057,0.15022698044776917,1.266047477722168
uniform,sigma_uniform_dpm,"Sigma-space DPM-1, uniform t",DPM predictor,10,2,0,0,0.0280395089648664,0.0373860119531552,cuda,0.2111140340566635,0.19231827557086945,1.3620197772979736
uniform,sigma_uniform_dpm,"Sigma-space DPM-1, uniform t",DPM predictor,10,2,0,1,0.028031265013851225,0.0373750200184683,cuda,0.19846053421497345,0.19104346632957458,1.3478224277496338
uniform,sigma_uniform_dpm,"Sigma-space DPM-1, uniform t",DPM predictor,20,2,0,0,0.05595798301510513,0.07461064402014017,cuda,0.22448793053627014,0.20813359320163727,1.3841840028762817
uniform,sigma_uniform_dpm,"Sigma-space DPM-1, uniform t",DPM predictor,20,2,0,1,0.056327491998672485,0.07510332266489665,cuda,0.1929115355014801,0.2186470776796341,1.4131574630737305
uniform,sigma_uniform_dpm,"Sigma-space DPM-1, uniform t",DPM predictor,50,2,0,0,0.14195441210176796,0.18927254946902394,cuda,0.23906295001506805,0.28203532099723816,1.504372239112854
uniform,sigma_uniform_dpm,"Sigma-space DPM-1, uniform t",DPM predictor,50,2,0,1,0.14345663890708238,0.1912755185427765,cuda,0.1963801383972168,0.21737317740917206,1.4095789194107056
uniform,sigma_uniform_dpm,"Sigma-space DPM-1, uniform t",DPM predictor,100,2,0,0,0.28367840696591884,0.37823787595455843,cuda,0.20269666612148285,0.23198138177394867,1.430639624595642
uniform,sigma_uniform_dpm,"Sigma-space DPM-1, uniform t",DPM predictor,100,2,0,1,0.28327137895394117,0.3776951719385882,cuda,0.21588310599327087,0.2398715317249298,1.4457427263259888
uniform,sigma_log_dpm,"Sigma-space DPM-1, log sigma",DPM predictor,5,2,0,0,0.01390403404366225,0.018538712058216333,cuda,0.23400503396987915,0.10612794756889343,1.2281543016433716
uniform,sigma_log_dpm,"Sigma-space DPM-1, log sigma",DPM predictor,5,2,0,1,0.013506504008546472,0.018008672011395294,cuda,0.23629777133464813,0.1178664118051529,1.2384761571884155
uniform,sigma_log_dpm,"Sigma-space DPM-1, log sigma",DPM predictor,10,2,0,0,0.02778455999214202,0.037046079989522696,cuda,0.23247402906417847,0.18594688177108765,1.3729243278503418
uniform,sigma_log_dpm,"Sigma-space DPM-1, log sigma",DPM predictor,10,2,0,1,0.02843488589860499,0.03791318119813999,cuda,0.2165791541337967,0.1838170289993286,1.3569854497909546
uniform,sigma_log_dpm,"Sigma-space DPM-1, log sigma",DPM predictor,20,2,0,0,0.056024880963377655,0.07469984128450353,cuda,0.23396877944469452,0.20698724687099457,1.3940815925598145
uniform,sigma_log_dpm,"Sigma-space DPM-1, log sigma",DPM predictor,20,2,0,1,0.05547034600749612,0.07396046134332816,cuda,0.20351986587047577,0.21768465638160706,1.4238840341567993
uniform,sigma_log_dpm,"Sigma-space DPM-1, log sigma",DPM predictor,50,2,0,0,0.13930036802776158,0.18573382403701544,cuda,0.24284496903419495,0.2821553349494934,1.5095521211624146
uniform,sigma_log_dpm,"Sigma-space DPM-1, log sigma",DPM predictor,50,2,0,1,0.14336054399609566,0.19114739199479422,cuda,0.2003307342529297,0.21760210394859314,1.4153114557266235
uniform,sigma_log_dpm,"Sigma-space DPM-1, log sigma",DPM predictor,100,2,0,0,0.28341276897117496,0.3778836919615666,cuda,0.2047693133354187,0.2322673499584198,1.4337365627288818
uniform,sigma_log_dpm,"Sigma-space DPM-1, log sigma",DPM predictor,100,2,0,1,0.2801643969723955,0.3735525292965273,cuda,0.21826018393039703,0.24007117748260498,1.4487760066986084
uniform,dpm2_uniform,"DPM-2 + corrector, uniform t",Overall sampler,5,2,0,0,0.09621598804369569,0.12828798405826092,cuda,0.13604015111923218,0.24570432305335999,1.487984538078308
uniform,dpm2_uniform,"DPM-2 + corrector, uniform t",Overall sampler,5,2,0,1,0.09554333693813533,0.12739111591751376,cuda,0.16106173396110535,0.2610416114330292,1.5027434825897217
uniform,dpm2_uniform,"DPM-2 + corrector, uniform t",Overall sampler,10,2,0,0,0.13583575398661196,0.18111433864881596,cuda,0.14279071986675262,0.19301290810108185,1.3713775873184204
uniform,dpm2_uniform,"DPM-2 + corrector, uniform t",Overall sampler,10,2,0,1,0.13844849495217204,0.18459799326956272,cuda,0.15239806473255157,0.17987094819545746,1.3532061576843262
uniform,dpm2_uniform,"DPM-2 + corrector, uniform t",Overall sampler,20,2,0,0,0.2209781970595941,0.2946375960794588,cuda,0.12216910719871521,0.198058620095253,1.3692525625228882
uniform,dpm2_uniform,"DPM-2 + corrector, uniform t",Overall sampler,20,2,0,1,0.21972262498456985,0.29296349997942644,cuda,0.09482897073030472,0.20979377627372742,1.3774480819702148
uniform,dpm2_uniform,"DPM-2 + corrector, uniform t",Overall sampler,50,2,0,0,0.466194040956907,0.6215920546092093,cuda,0.07621382921934128,0.13628455996513367,1.2598692178726196
uniform,dpm2_uniform,"DPM-2 + corrector, uniform t",Overall sampler,50,2,0,1,0.4776788230519742,0.6369050974026322,cuda,0.09145142883062363,0.15182025730609894,1.2814438343048096
uniform,dpm2_uniform,"DPM-2 + corrector, uniform t",Overall sampler,100,2,0,0,0.9120867389719933,1.2161156519626577,cuda,0.09800976514816284,0.11295971274375916,1.2117400169372559
uniform,dpm2_uniform,"DPM-2 + corrector, uniform t",Overall sampler,100,2,0,1,0.9320330169284716,1.2427106892379622,cuda,0.05586802586913109,0.12950071692466736,1.2425425052642822
uniform,dpm2_log,"DPM-2 + corrector, log sigma",Overall sampler,5,2,0,0,0.09555864508729428,0.12741152678305903,cuda,0.10544417798519135,0.219725102186203,1.407709002494812
uniform,dpm2_log,"DPM-2 + corrector, log sigma",Overall sampler,5,2,0,1,0.09518980199936777,0.12691973599915704,cuda,0.14085140824317932,0.2410152703523636,1.432861089706421
uniform,dpm2_log,"DPM-2 + corrector, log sigma",Overall sampler,10,2,0,0,0.1378309599822387,0.1837746133096516,cuda,0.18058353662490845,0.22921116650104523,1.4185101985931396
uniform,dpm2_log,"DPM-2 + corrector, log sigma",Overall sampler,10,2,0,1,0.13776019809301943,0.1836802641240259,cuda,0.17733323574066162,0.19164298474788666,1.356144905090332
uniform,dpm2_log,"DPM-2 + corrector, log sigma",Overall sampler,20,2,0,0,0.22066674300003797,0.2942223240000506,cuda,0.15407659113407135,0.17481744289398193,1.3159472942352295
uniform,dpm2_log,"DPM-2 + corrector, log sigma",Overall sampler,20,2,0,1,0.22281138901598752,0.2970818520213167,cuda,0.1256117820739746,0.21018090844154358,1.3732377290725708
uniform,dpm2_log,"DPM-2 + corrector, log sigma",Overall sampler,50,2,0,0,0.4766236359719187,0.6354981812958916,cuda,0.08792022615671158,0.12348359823226929,1.2168220281600952
uniform,dpm2_log,"DPM-2 + corrector, log sigma",Overall sampler,50,2,0,1,0.47222279000561684,0.6296303866741558,cuda,0.09745600819587708,0.115386962890625,1.202378511428833
uniform,dpm2_log,"DPM-2 + corrector, log sigma",Overall sampler,100,2,0,0,0.8915873930091038,1.1887831906788051,cuda,0.0822095274925232,0.04212541505694389,1.0592412948608398
uniform,dpm2_log,"DPM-2 + corrector, log sigma",Overall sampler,100,2,0,1,0.8871505969436839,1.1828674625915785,cuda,0.04162656515836716,0.06431721895933151,1.0968945026397705
uniform,em_uniform,"Euler--Maruyama, uniform t",Euler update,5,2,0,0,0.013960378943011165,0.018613838590681553,cuda,0.11578922718763351,0.9000272154808044,2.456144094467163
uniform,em_uniform,"Euler--Maruyama, uniform t",Euler update,5,2,0,1,0.014101198990829289,0.01880159865443905,cuda,0.19036929309368134,1.0281041860580444,2.5820353031158447
uniform,em_uniform,"Euler--Maruyama, uniform t",Euler update,10,2,0,0,0.02890617900993675,0.038541572013249,cuda,0.19462041556835175,0.535830557346344,1.9544543027877808
uniform,em_uniform,"Euler--Maruyama, uniform t",Euler update,10,2,0,1,0.028235421050339937,0.03764722806711992,cuda,0.1903831958770752,0.41017967462539673,1.7913812398910522
uniform,em_uniform,"Euler--Maruyama, uniform t",Euler update,20,2,0,0,0.05691403802484274,0.07588538403312366,cuda,0.15774919092655182,0.33947840332984924,1.630900263786316
uniform,em_uniform,"Euler--Maruyama, uniform t",Euler update,20,2,0,1,0.058773463941179216,0.07836461858823895,cuda,0.12616831064224243,0.36207306385040283,1.6745929718017578
uniform,em_uniform,"Euler--Maruyama, uniform t",Euler update,50,2,0,0,0.1455855539534241,0.19411407193789879,cuda,0.11402734369039536,0.2426881045103073,1.4570393562316895
uniform,em_uniform,"Euler--Maruyama, uniform t",Euler update,50,2,0,1,0.1458226490067318,0.1944301986756424,cuda,0.08706939220428467,0.2529124915599823,1.4771878719329834
uniform,em_uniform,"Euler--Maruyama, uniform t",Euler update,100,2,0,0,0.2968700700439513,0.3958267600586017,cuda,0.14458443224430084,0.20067548751831055,1.3797566890716553
uniform,em_uniform,"Euler--Maruyama, uniform t",Euler update,100,2,0,1,0.2866030839504674,0.3821374452672899,cuda,0.08399563282728195,0.22235994040966034,1.4145891666412354
uniform,em_log,"Euler--Maruyama, log sigma",Euler update,5,2,0,0,0.013894504983909428,0.018526006645212572,cuda,0.1613551527261734,1.4394991397857666,2.8991236686706543
uniform,em_log,"Euler--Maruyama, log sigma",Euler update,5,2,0,1,0.013697264017537236,0.01826301869004965,cuda,0.22163203358650208,1.547141194343567,2.999234437942505
uniform,em_log,"Euler--Maruyama, log sigma",Euler update,10,2,0,0,0.027763796970248222,0.03701839596033096,cuda,0.1739412546157837,0.498258113861084,1.8289856910705566
uniform,em_log,"Euler--Maruyama, log sigma",Euler update,10,2,0,1,0.027915770071558654,0.0372210267620782,cuda,0.16799166798591614,0.40379631519317627,1.7078464031219482
uniform,em_log,"Euler--Maruyama, log sigma",Euler update,20,2,0,0,0.05674581904895604,0.07566109206527472,cuda,0.14892368018627167,0.27122607827186584,1.48561429977417
uniform,em_log,"Euler--Maruyama, log sigma",Euler update,20,2,0,1,0.05630659800954163,0.07507546401272218,cuda,0.12406669557094574,0.29959216713905334,1.5260045528411865
uniform,em_log,"Euler--Maruyama, log sigma",Euler update,50,2,0,0,0.1418609650572762,0.18914795340970159,cuda,0.11085663735866547,0.21570658683776855,1.3898552656173706
uniform,em_log,"Euler--Maruyama, log sigma",Euler update,50,2,0,1,0.14145416696555912,0.18860555595407882,cuda,0.10439237207174301,0.19369041919708252,1.353464961051941
uniform,em_log,"Euler--Maruyama, log sigma",Euler update,100,2,0,0,0.2848455250496045,0.37979403339947265,cuda,0.12940914928913116,0.17696252465248108,1.3219541311264038
uniform,em_log,"Euler--Maruyama, log sigma",Euler update,100,2,0,1,0.28523709008004516,0.3803161201067269,cuda,0.08081328868865967,0.21382388472557068,1.3816108703613281
uniform,sigma_uniform_dpm,"Sigma-space DPM-1, uniform t",DPM predictor,5,2,1,0,0.013386875973083079,0.017849167964110773,cuda,0.34960639476776123,0.15889455378055573,1.3247654438018799
uniform,sigma_uniform_dpm,"Sigma-space DPM-1, uniform t",DPM predictor,5,2,1,1,0.013222379959188402,0.017629839945584536,cuda,0.3505205810070038,0.17238886654376984,1.35598886013031
uniform,sigma_uniform_dpm,"Sigma-space DPM-1, uniform t",DPM predictor,10,2,1,0,0.027107835048809648,0.03614378006507953,cuda,0.32523709535598755,0.189480260014534,1.380969524383545
uniform,sigma_uniform_dpm,"Sigma-space DPM-1, uniform t",DPM predictor,10,2,1,1,0.02677899005357176,0.035705320071429014,cuda,0.31250011920928955,0.16230997443199158,1.330755591392517
uniform,sigma_uniform_dpm,"Sigma-space DPM-1, uniform t",DPM predictor,20,2,1,0,0.05529324000235647,0.07372432000314195,cuda,0.2933891713619232,0.26012763381004333,1.4959732294082642
uniform,sigma_uniform_dpm,"Sigma-space DPM-1, uniform t",DPM predictor,20,2,1,1,0.05573358794208616,0.07431145058944821,cuda,0.31285524368286133,0.22223016619682312,1.4351129531860352
uniform,sigma_uniform_dpm,"Sigma-space DPM-1, uniform t",DPM predictor,50,2,1,0,0.16025330394040793,0.2136710719205439,cuda,0.32353460788726807,0.23594632744789124,1.4684791564941406
uniform,sigma_uniform_dpm,"Sigma-space DPM-1, uniform t",DPM predictor,50,2,1,1,0.1584098570747301,0.2112131427663068,cuda,0.3265466094017029,0.2342958301305771,1.4695969820022583
uniform,sigma_uniform_dpm,"Sigma-space DPM-1, uniform t",DPM predictor,100,2,1,0,0.28086553199682385,0.37448737599576515,cuda,0.3313477039337158,0.1896444410085678,1.4069634675979614
uniform,sigma_uniform_dpm,"Sigma-space DPM-1, uniform t",DPM predictor,100,2,1,1,0.2831759440014139,0.3775679253352185,cuda,0.327499121427536,0.233754500746727,1.4663465023040771
uniform,sigma_log_dpm,"Sigma-space DPM-1, log sigma",DPM predictor,5,2,1,0,0.014375344035215676,0.01916712538028757,cuda,0.4229143261909485,0.13179239630699158,1.30471670627594
uniform,sigma_log_dpm,"Sigma-space DPM-1, log sigma",DPM predictor,5,2,1,1,0.01449638488702476,0.01932851318269968,cuda,0.42552047967910767,0.14614877104759216,1.3374618291854858
uniform,sigma_log_dpm,"Sigma-space DPM-1, log sigma",DPM predictor,10,2,1,0,0.027930138050578535,0.037240184067438044,cuda,0.3719891309738159,0.185625821352005,1.3948203325271606
uniform,sigma_log_dpm,"Sigma-space DPM-1, log sigma",DPM predictor,10,2,1,1,0.027851531049236655,0.03713537473231554,cuda,0.3578892648220062,0.15853379666805267,1.3442858457565308
uniform,sigma_log_dpm,"Sigma-space DPM-1, log sigma",DPM predictor,20,2,1,0,0.056501034065149724,0.0753347120868663,cuda,0.31670942902565,0.2597810924053192,1.50714111328125
uniform,sigma_log_dpm,"Sigma-space DPM-1, log sigma",DPM predictor,20,2,1,1,0.05610199202783406,0.07480265603711207,cuda,0.33795028924942017,0.22220492362976074,1.446785807609558
uniform,sigma_log_dpm,"Sigma-space DPM-1, log sigma",DPM predictor,50,2,1,0,0.1401259929407388,0.1868346572543184,cuda,0.3341481685638428,0.2369913011789322,1.4752191305160522
uniform,sigma_log_dpm,"Sigma-space DPM-1, log sigma",DPM predictor,50,2,1,1,0.1383450060384348,0.1844600080512464,cuda,0.33714383840560913,0.23531129956245422,1.4763634204864502
uniform,sigma_log_dpm,"Sigma-space DPM-1, log sigma",DPM predictor,100,2,1,0,0.2799476640066132,0.3732635520088176,cuda,0.33682873845100403,0.19048655033111572,1.4109644889831543
uniform,sigma_log_dpm,"Sigma-space DPM-1, log sigma",DPM predictor,100,2,1,1,0.2771211171057075,0.36949482280761003,cuda,0.3327885568141937,0.23436154425144196,1.4699105024337769
uniform,dpm2_uniform,"DPM-2 + corrector, uniform t",Overall sampler,5,2,1,0,0.09529150498565286,0.12705533998087049,cuda,0.17927338182926178,0.3058870732784271,1.5875416994094849
uniform,dpm2_uniform,"DPM-2 + corrector, uniform t",Overall sampler,5,2,1,1,0.09474230301566422,0.1263230706875523,cuda,0.1660601794719696,0.21739956736564636,1.4741731882095337
uniform,dpm2_uniform,"DPM-2 + corrector, uniform t",Overall sampler,10,2,1,0,0.14169267402030528,0.18892356536040703,cuda,0.14657410979270935,0.21001596748828888,1.4175987243652344
uniform,dpm2_uniform,"DPM-2 + corrector, uniform t",Overall sampler,10,2,1,1,0.13811424002051353,0.18415232002735138,cuda,0.16112132370471954,0.24694165587425232,1.4630781412124634
uniform,dpm2_uniform,"DPM-2 + corrector, uniform t",Overall sampler,20,2,1,0,0.22254437603987753,0.2967258347198367,cuda,0.1061585322022438,0.18586057424545288,1.3567376136779785
uniform,dpm2_uniform,"DPM-2 + corrector, uniform t",Overall sampler,20,2,1,1,0.2211759479250759,0.2949012639001012,cuda,0.10099246352910995,0.1841621994972229,1.3516793251037598
uniform,dpm2_uniform,"DPM-2 + corrector, uniform t",Overall sampler,50,2,1,0,0.4986286499770358,0.6648381999693811,cuda,0.10412175953388214,0.17606163024902344,1.337170124053955
uniform,dpm2_uniform,"DPM-2 + corrector, uniform t",Overall sampler,50,2,1,1,0.4786705150036141,0.6382273533381522,cuda,0.11849378794431686,0.15754705667495728,1.307201623916626
uniform,dpm2_uniform,"DPM-2 + corrector, uniform t",Overall sampler,100,2,1,0,0.8962648750748485,1.1950198334331315,cuda,0.052681438624858856,0.08250170201063156,1.1770082712173462
uniform,dpm2_uniform,"DPM-2 + corrector, uniform t",Overall sampler,100,2,1,1,0.9041736529907212,1.205564870654295,cuda,0.03640047088265419,0.12003862112760544,1.2365514039993286
uniform,dpm2_log,"DPM-2 + corrector, log sigma",Overall sampler,5,2,1,0,0.09641017101239413,0.12854689468319216,cuda,0.17493276298046112,0.26607462763786316,1.4948152303695679
uniform,dpm2_log,"DPM-2 + corrector, log sigma",Overall sampler,5,2,1,1,0.09589948202483356,0.12786597603311142,cuda,0.168236643075943,0.2271365374326706,1.4434432983398438
uniform,dpm2_log,"DPM-2 + corrector, log sigma",Overall sampler,10,2,1,0,0.13967531407251954,0.1862337520966927,cuda,0.2109743356704712,0.22433604300022125,1.4263012409210205
uniform,dpm2_log,"DPM-2 + corrector, log sigma",Overall sampler,10,2,1,1,0.14128702506422997,0.18838270008563995,cuda,0.21246524155139923,0.24033747613430023,1.4463828802108765
uniform,dpm2_log,"DPM-2 + corrector, log sigma",Overall sampler,20,2,1,0,0.22267677600029856,0.2969023680003981,cuda,0.14887602627277374,0.20112751424312592,1.3752371072769165
uniform,dpm2_log,"DPM-2 + corrector, log sigma",Overall sampler,20,2,1,1,0.224249301943928,0.29899906925857067,cuda,0.13668479025363922,0.1955891251564026,1.3659974336624146
uniform,dpm2_log,"DPM-2 + corrector, log sigma",Overall sampler,50,2,1,0,0.4758202820084989,0.6344270426779985,cuda,0.09410355985164642,0.10249499976634979,1.1927884817123413
uniform,dpm2_log,"DPM-2 + corrector, log sigma",Overall sampler,50,2,1,1,0.47313144092913717,0.6308419212388495,cuda,0.11174196749925613,0.10801362991333008,1.2086199522018433
uniform,dpm2_log,"DPM-2 + corrector, log sigma",Overall sampler,100,2,1,0,0.8930445900186896,1.1907261200249195,cuda,0.04593339189887047,0.05920761078596115,1.1017529964447021
uniform,dpm2_log,"DPM-2 + corrector, log sigma",Overall sampler,100,2,1,1,0.9002598950173706,1.2003465266898274,cuda,0.06133388727903366,0.036102138459682465,1.0561299324035645
uniform,em_uniform,"Euler--Maruyama, uniform t",Euler update,5,2,1,0,0.01386505109257996,0.018486734790106613,cuda,0.30640286207199097,0.9424130916595459,2.5131750106811523
uniform,em_uniform,"Euler--Maruyama, uniform t",Euler update,5,2,1,1,0.013381032971665263,0.017841377295553684,cuda,0.275973916053772,0.9037191271781921,2.483941078186035
uniform,em_uniform,"Euler--Maruyama, uniform t",Euler update,10,2,1,0,0.030963412020355463,0.04128454936047395,cuda,0.20186801254749298,0.49317288398742676,1.9075276851654053
uniform,em_uniform,"Euler--Maruyama, uniform t",Euler update,10,2,1,1,0.02846775797661394,0.037957010635485254,cuda,0.1992766410112381,0.5339497327804565,1.9458541870117188
uniform,em_uniform,"Euler--Maruyama, uniform t",Euler update,20,2,1,0,0.0560818180674687,0.07477575742329161,cuda,0.1336250603199005,0.36021238565444946,1.6788190603256226
uniform,em_uniform,"Euler--Maruyama, uniform t",Euler update,20,2,1,1,0.056214013951830566,0.07495201860244076,cuda,0.13122165203094482,0.2995280623435974,1.5950618982315063
uniform,em_uniform,"Euler--Maruyama, uniform t",Euler update,50,2,1,0,0.1414579579140991,0.18861061055213213,cuda,0.13872331380844116,0.2661263048648834,1.5090707540512085
uniform,em_uniform,"Euler--Maruyama, uniform t",Euler update,50,2,1,1,0.14103072497528046,0.18804096663370728,cuda,0.1430458128452301,0.250053733587265,1.4913971424102783
uniform,em_uniform,"Euler--Maruyama, uniform t",Euler update,100,2,1,0,0.2927758829900995,0.3903678439867993,cuda,0.11787275224924088,0.19690056145191193,1.3967231512069702
uniform,em_uniform,"Euler--Maruyama, uniform t",Euler update,100,2,1,1,0.28564040805213153,0.38085387740284204,cuda,0.1048172190785408,0.19742140173912048,1.3924199342727661
uniform,em_log,"Euler--Maruyama, log sigma",Euler update,5,2,1,0,0.014180644997395575,0.0189075266631941,cuda,0.3134564161300659,1.3184587955474854,2.8581418991088867
uniform,em_log,"Euler--Maruyama, log sigma",Euler update,5,2,1,1,0.01735545799601823,0.02314061066135764,cuda,0.3461824357509613,1.3706334829330444,2.882988214492798
uniform,em_log,"Euler--Maruyama, log sigma",Euler update,10,2,1,0,0.03255334298592061,0.04340445731456081,cuda,0.16820822656154633,0.4720141887664795,1.8143229484558105
uniform,em_log,"Euler--Maruyama, log sigma",Euler update,10,2,1,1,0.03478500398341566,0.046380005311220884,cuda,0.1795234978199005,0.5291624069213867,1.8724983930587769
uniform,em_log,"Euler--Maruyama, log sigma",Euler update,20,2,1,0,0.06271565798670053,0.08362087731560071,cuda,0.136215940117836,0.2794685363769531,1.5194462537765503
uniform,em_log,"Euler--Maruyama, log sigma",Euler update,20,2,1,1,0.05647904390934855,0.07530539187913139,cuda,0.11499972641468048,0.28045573830604553,1.516593337059021
uniform,em_log,"Euler--Maruyama, log sigma",Euler update,50,2,1,0,0.1441721540177241,0.1922295386902988,cuda,0.12215594202280045,0.16483086347579956,1.3234432935714722
uniform,em_log,"Euler--Maruyama, log sigma",Euler update,50,2,1,1,0.14218162302859128,0.18957549737145504,cuda,0.1293874979019165,0.18326550722122192,1.360260248184204
uniform,em_log,"Euler--Maruyama, log sigma",Euler update,100,2,1,0,0.2868409149814397,0.3824545533085863,cuda,0.10654749721288681,0.17700664699077606,1.3382370471954346
uniform,em_log,"Euler--Maruyama, log sigma",Euler update,100,2,1,1,0.28679289505816996,0.38239052674422663,cuda,0.1204025074839592,0.16555199027061462,1.325745940208435
uniform,sigma_uniform_dpm,"Sigma-space DPM-1, uniform t",DPM predictor,5,2,2,0,0.013691941043362021,0.01825592139114936,cuda,0.28605562448501587,0.1302584856748581,1.2204761505126953
uniform,sigma_uniform_dpm,"Sigma-space DPM-1, uniform t",DPM predictor,5,2,2,1,0.013358806958422065,0.01781174261122942,cuda,0.27870431542396545,0.12878262996673584,1.2123501300811768
uniform,sigma_uniform_dpm,"Sigma-space DPM-1, uniform t",DPM predictor,10,2,2,0,0.027737446944229305,0.03698326259230574,cuda,0.1785881519317627,0.2615286111831665,1.4482630491256714
uniform,sigma_uniform_dpm,"Sigma-space DPM-1, uniform t",DPM predictor,10,2,2,1,0.02768159902188927,0.03690879869585236,cuda,0.22474168241024017,0.20022183656692505,1.3460891246795654
uniform,sigma_uniform_dpm,"Sigma-space DPM-1, uniform t",DPM predictor,20,2,2,0,0.05581244092900306,0.07441658790533741,cuda,0.22713080048561096,0.22192570567131042,1.4082412719726562
uniform,sigma_uniform_dpm,"Sigma-space DPM-1, uniform t",DPM predictor,20,2,2,1,0.056402657995931804,0.07520354399457574,cuda,0.24959644675254822,0.21326451003551483,1.384663462638855
uniform,sigma_uniform_dpm,"Sigma-space DPM-1, uniform t",DPM predictor,50,2,2,0,0.13966809399425983,0.18622412532567978,cuda,0.21521802246570587,0.20218610763549805,1.3722083568572998
uniform,sigma_uniform_dpm,"Sigma-space DPM-1, uniform t",DPM predictor,50,2,2,1,0.1395442500943318,0.18605900012577573,cuda,0.24650020897388458,0.1948235034942627,1.3601211309432983
uniform,sigma_uniform_dpm,"Sigma-space DPM-1, uniform t",DPM predictor,100,2,2,0,0.28145608596969396,0.3752747812929253,cuda,0.20029836893081665,0.22078245878219604,1.4089689254760742
uniform,sigma_uniform_dpm,"Sigma-space DPM-1, uniform t",DPM predictor,100,2,2,1,0.2809384340653196,0.37458457875375945,cuda,0.20906586945056915,0.25718802213668823,1.473240613937378
uniform,sigma_log_dpm,"Sigma-space DPM-1, log sigma",DPM predictor,5,2,2,0,0.013569489005021751,0.01809265200669567,cuda,0.2861596643924713,0.09573020786046982,1.191057562828064
uniform,sigma_log_dpm,"Sigma-space DPM-1, log sigma",DPM predictor,5,2,2,1,0.013594324002042413,0.01812576533605655,cuda,0.27951693534851074,0.09613578021526337,1.184747338294983
uniform,sigma_log_dpm,"Sigma-space DPM-1, log sigma",DPM predictor,10,2,2,0,0.027646480011753738,0.036861973349004984,cuda,0.18243710696697235,0.2502523958683014,1.452532172203064
uniform,sigma_log_dpm,"Sigma-space DPM-1, log sigma",DPM predictor,10,2,2,1,0.027669420931488276,0.03689256124198437,cuda,0.2273784875869751,0.18953005969524384,1.3506187200546265
uniform,sigma_log_dpm,"Sigma-space DPM-1, log sigma",DPM predictor,20,2,2,0,0.05632680596318096,0.07510240795090795,cuda,0.23001204431056976,0.21927575767040253,1.4167035818099976
uniform,sigma_log_dpm,"Sigma-space DPM-1, log sigma",DPM predictor,20,2,2,1,0.0563113969983533,0.07508186266447107,cuda,0.2518339157104492,0.21047477424144745,1.3927271366119385
uniform,sigma_log_dpm,"Sigma-space DPM-1, log sigma",DPM predictor,50,2,2,0,0.14097749697975814,0.18796999597301087,cuda,0.2164207547903061,0.2016766369342804,1.3767752647399902
uniform,sigma_log_dpm,"Sigma-space DPM-1, log sigma",DPM predictor,50,2,2,1,0.13980108103714883,0.1864014413828651,cuda,0.2474660724401474,0.19440822303295135,1.3647434711456299
uniform,sigma_log_dpm,"Sigma-space DPM-1, log sigma",DPM predictor,100,2,2,0,0.27958388603292406,0.3727785147105654,cuda,0.2010042518377304,0.22075414657592773,1.411694884300232
uniform,sigma_log_dpm,"Sigma-space DPM-1, log sigma",DPM predictor,100,2,2,1,0.2818818190135062,0.37584242535134155,cuda,0.20979967713356018,0.257221519947052,1.476207971572876
uniform,dpm2_uniform,"DPM-2 + corrector, uniform t",Overall sampler,5,2,2,0,0.09695068106520921,0.12926757475361228,cuda,0.18258273601531982,0.26307737827301025,1.515183448791504
uniform,dpm2_uniform,"DPM-2 + corrector, uniform t",Overall sampler,5,2,2,1,0.09689296502619982,0.1291906200349331,cuda,0.24244822561740875,0.26589450240135193,1.5154389142990112
uniform,dpm2_uniform,"DPM-2 + corrector, uniform t",Overall sampler,10,2,2,0,0.13729445508215576,0.18305927344287434,cuda,0.10579131543636322,0.2297404259443283,1.4225109815597534
uniform,dpm2_uniform,"DPM-2 + corrector, uniform t",Overall sampler,10,2,2,1,0.13787581399083138,0.18383441865444183,cuda,0.14411215484142303,0.2147706151008606,1.3975162506103516
uniform,dpm2_uniform,"DPM-2 + corrector, uniform t",Overall sampler,20,2,2,0,0.2237444269703701,0.29832590262716013,cuda,0.118119977414608,0.24131284654140472,1.4285904169082642
uniform,dpm2_uniform,"DPM-2 + corrector, uniform t",Overall sampler,20,2,2,1,0.22240671201143414,0.2965422826819122,cuda,0.10749603807926178,0.1896645724773407,1.3482736349105835
uniform,dpm2_uniform,"DPM-2 + corrector, uniform t",Overall sampler,50,2,2,0,0.47447702602948993,0.6326360347059866,cuda,0.05162215977907181,0.15302520990371704,1.2824641466140747
uniform,dpm2_uniform,"DPM-2 + corrector, uniform t",Overall sampler,50,2,2,1,0.4726395480101928,0.6301860640135905,cuda,0.09230147302150726,0.13472610712051392,1.2538514137268066
uniform,dpm2_uniform,"DPM-2 + corrector, uniform t",Overall sampler,100,2,2,0,0.9299121260410175,1.2398828347213566,cuda,0.06659059226512909,0.12564581632614136,1.2287434339523315
uniform,dpm2_uniform,"DPM-2 + corrector, uniform t",Overall sampler,100,2,2,1,0.8906081620370969,1.1874775493827958,cuda,0.03039071336388588,0.09856148809194565,1.1842941045761108
uniform,dpm2_log,"DPM-2 + corrector, log sigma",Overall sampler,5,2,2,0,0.09760489396285266,0.13013985861713687,cuda,0.16812150180339813,0.2332259565591812,1.4284471273422241
uniform,dpm2_log,"DPM-2 + corrector, log sigma",Overall sampler,5,2,2,1,0.0954332499532029,0.1272443332709372,cuda,0.2127513587474823,0.2083241045475006,1.3841655254364014
uniform,dpm2_log,"DPM-2 + corrector, log sigma",Overall sampler,10,2,2,0,0.13757517701014876,0.18343356934686503,cuda,0.10784868150949478,0.27209463715553284,1.4685359001159668
uniform,dpm2_log,"DPM-2 + corrector, log sigma",Overall sampler,10,2,2,1,0.14043523301370442,0.1872469773516059,cuda,0.1751219928264618,0.21067126095294952,1.3760343790054321
uniform,dpm2_log,"DPM-2 + corrector, log sigma",Overall sampler,20,2,2,0,0.22426356002688408,0.29901808003584546,cuda,0.14037176966667175,0.20449572801589966,1.3622446060180664
uniform,dpm2_log,"DPM-2 + corrector, log sigma",Overall sampler,20,2,2,1,0.2198758979793638,0.29316786397248507,cuda,0.12976601719856262,0.17891597747802734,1.3267664909362793
uniform,dpm2_log,"DPM-2 + corrector, log sigma",Overall sampler,50,2,2,0,0.4719735529506579,0.6292980706008772,cuda,0.0576058067381382,0.10739420354366302,1.1892160177230835
uniform,dpm2_log,"DPM-2 + corrector, log sigma",Overall sampler,50,2,2,1,0.472401603939943,0.6298688052532574,cuda,0.10373380780220032,0.10145853459835052,1.1773518323898315
uniform,dpm2_log,"DPM-2 + corrector, log sigma",Overall sampler,100,2,2,0,0.8818172229221091,1.1757562972294788,cuda,0.05934466794133186,0.028448976576328278,1.000474214553833
uniform,dpm2_log,"DPM-2 + corrector, log sigma",Overall sampler,100,2,2,1,0.8832839879905805,1.1777119839874406,cuda,0.028034860268235207,0.028353186324238777,1.0348910093307495
uniform,em_uniform,"Euler--Maruyama, uniform t",Euler update,5,2,2,0,0.013577993959188461,0.018103991945584614,cuda,0.24392388761043549,0.9931938648223877,2.55486798286438
uniform,em_uniform,"Euler--Maruyama, uniform t",Euler update,5,2,2,1,0.01383263198658824,0.018443509315450985,cuda,0.3513782024383545,0.9126919507980347,2.4730067253112793
uniform,em_uniform,"Euler--Maruyama, uniform t",Euler update,10,2,2,0,0.02819964091759175,0.03759952122345567,cuda,0.15194667875766754,0.5383036136627197,1.9355472326278687
uniform,em_uniform,"Euler--Maruyama, uniform t",Euler update,10,2,2,1,0.0274068700382486,0.036542493384331465,cuda,0.19466853141784668,0.4605861306190491,1.8581781387329102
uniform,em_uniform,"Euler--Maruyama, uniform t",Euler update,20,2,2,0,0.056573513080365956,0.07543135077382128,cuda,0.14470072090625763,0.38530784845352173,1.6965160369873047
uniform,em_uniform,"Euler--Maruyama, uniform t",Euler update,20,2,2,1,0.056721230037510395,0.07562830671668053,cuda,0.1630924642086029,0.35486873984336853,1.6615456342697144
uniform,em_uniform,"Euler--Maruyama, uniform t",Euler update,50,2,2,0,0.1420768640236929,0.1894358186982572,cuda,0.0943351686000824,0.2314450740814209,1.4426339864730835
uniform,em_uniform,"Euler--Maruyama, uniform t",Euler update,50,2,2,1,0.14514512091409415,0.19352682788545886,cuda,0.1612745076417923,0.20469316840171814,1.3910481929779053
uniform,em_uniform,"Euler--Maruyama, uniform t",Euler update,100,2,2,0,0.3175358580192551,0.42338114402567345,cuda,0.1512940675020218,0.17758116126060486,1.3314214944839478
uniform,em_uniform,"Euler--Maruyama, uniform t",Euler update,100,2,2,1,0.2846597690368071,0.3795463587157428,cuda,0.11200812458992004,0.18152838945388794,1.3606339693069458
uniform,em_log,"Euler--Maruyama, log sigma",Euler update,5,2,2,0,0.013740614987909794,0.018320819983879726,cuda,0.2548038363456726,1.7008187770843506,3.130647897720337
uniform,em_log,"Euler--Maruyama, log sigma",Euler update,5,2,2,1,0.014114412944763899,0.0188192172596852,cuda,0.310494989156723,1.4854207038879395,2.976283311843872
uniform,em_log,"Euler--Maruyama, log sigma",Euler update,10,2,2,0,0.028746673953719437,0.03832889860495925,cuda,0.11570993810892105,0.5185173749923706,1.8451071977615356
uniform,em_log,"Euler--Maruyama, log sigma",Euler update,10,2,2,1,0.02867148700170219,0.03822864933560292,cuda,0.18756981194019318,0.49453800916671753,1.8147079944610596
uniform,em_log,"Euler--Maruyama, log sigma",Euler update,20,2,2,0,0.05626768805086613,0.0750235840678215,cuda,0.13220004737377167,0.2859513461589813,1.5081191062927246
uniform,em_log,"Euler--Maruyama, log sigma",Euler update,20,2,2,1,0.055930794100277126,0.07457439213370283,cuda,0.11025361716747284,0.2796711027622223,1.50302255153656
uniform,em_log,"Euler--Maruyama, log sigma",Euler update,50,2,2,0,0.14174969401210546,0.1889995920161406,cuda,0.0904916524887085,0.18683195114135742,1.343367576599121
uniform,em_log,"Euler--Maruyama, log sigma",Euler update,50,2,2,1,0.14091504993848503,0.18788673325131336,cuda,0.14171777665615082,0.17330937087535858,1.3205918073654175
uniform,em_log,"Euler--Maruyama, log sigma",Euler update,100,2,2,0,0.287174086086452,0.3828987814486027,cuda,0.15067708492279053,0.12431347370147705,1.223328948020935
uniform,em_log,"Euler--Maruyama, log sigma",Euler update,100,2,2,1,0.2823950588935986,0.37652674519146484,cuda,0.12099592387676239,0.16919054090976715,1.3263280391693115
uniform,sigma_uniform_dpm,"Sigma-space DPM-1, uniform t",DPM predictor,5,2,3,0,0.013485901989042759,0.01798120265205701,cuda,1.2812402248382568,0.18066585063934326,1.3789963722229004
uniform,sigma_uniform_dpm,"Sigma-space DPM-1, uniform t",DPM predictor,5,2,3,1,0.01308154792059213,0.01744206389412284,cuda,1.2624777555465698,0.20103052258491516,1.3951894044876099
uniform,sigma_uniform_dpm,"Sigma-space DPM-1, uniform t",DPM predictor,10,2,3,0,0.02707247599028051,0.03609663465370735,cuda,1.108055830001831,0.24867604672908783,1.4860187768936157
uniform,sigma_uniform_dpm,"Sigma-space DPM-1, uniform t",DPM predictor,10,2,3,1,0.026898493990302086,0.035864658653736115,cuda,1.135383129119873,0.21986770629882812,1.4420017004013062
uniform,sigma_uniform_dpm,"Sigma-space DPM-1, uniform t",DPM predictor,20,2,3,0,0.05677152390126139,0.07569536520168185,cuda,1.1764006614685059,0.2717647850513458,1.530356764793396
uniform,sigma_uniform_dpm,"Sigma-space DPM-1, uniform t",DPM predictor,20,2,3,1,0.054695575032383204,0.07292743337651093,cuda,1.1375879049301147,0.27377721667289734,1.5416481494903564
uniform,sigma_uniform_dpm,"Sigma-space DPM-1, uniform t",DPM predictor,50,2,3,0,0.1396326479734853,0.18617686396464705,cuda,1.112828016281128,0.2631155848503113,1.5358130931854248
uniform,sigma_uniform_dpm,"Sigma-space DPM-1, uniform t",DPM predictor,50,2,3,1,0.13827906805090606,0.18437209073454142,cuda,1.1464920043945312,0.28100118041038513,1.5463861227035522
uniform,sigma_uniform_dpm,"Sigma-space DPM-1, uniform t",DPM predictor,100,2,3,0,0.2796611760277301,0.3728815680369735,cuda,1.1356545686721802,0.2675177752971649,1.542094111442566
uniform,sigma_uniform_dpm,"Sigma-space DPM-1, uniform t",DPM predictor,100,2,3,1,0.27763191994745284,0.37017589326327044,cuda,1.07550847530365,0.24701757729053497,1.5111474990844727
uniform,sigma_log_dpm,"Sigma-space DPM-1, log sigma",DPM predictor,5,2,3,0,0.013435665052384138,0.017914220069845516,cuda,1.29135262966156,0.15745799243450165,1.3672131299972534
uniform,sigma_log_dpm,"Sigma-space DPM-1, log sigma",DPM predictor,5,2,3,1,0.013225676957517862,0.01763423594335715,cuda,1.2730653285980225,0.17203864455223083,1.3758565187454224
uniform,sigma_log_dpm,"Sigma-space DPM-1, log sigma",DPM predictor,10,2,3,0,0.027082197018899024,0.0361095960251987,cuda,1.1296602487564087,0.24340257048606873,1.4996609687805176
uniform,sigma_log_dpm,"Sigma-space DPM-1, log sigma",DPM predictor,10,2,3,1,0.02714402601122856,0.036192034681638084,cuda,1.157155990600586,0.2155408263206482,1.4561623334884644
uniform,sigma_log_dpm,"Sigma-space DPM-1, log sigma",DPM predictor,20,2,3,0,0.0550600269343704,0.0734133692458272,cuda,1.1907193660736084,0.27082163095474243,1.5400515794754028
uniform,sigma_log_dpm,"Sigma-space DPM-1, log sigma",DPM predictor,20,2,3,1,0.05509440798778087,0.07345921065037449,cuda,1.152247428894043,0.27356430888175964,1.5525459051132202
uniform,sigma_log_dpm,"Sigma-space DPM-1, log sigma",DPM predictor,50,2,3,0,0.14026603708043694,0.18702138277391592,cuda,1.119773268699646,0.2639097273349762,1.5416276454925537
uniform,sigma_log_dpm,"Sigma-space DPM-1, log sigma",DPM predictor,50,2,3,1,0.1389274758985266,0.18523663453136882,cuda,1.1534428596496582,0.2812129259109497,1.5512828826904297
uniform,sigma_log_dpm,"Sigma-space DPM-1, log sigma",DPM predictor,100,2,3,0,0.2772916649701074,0.36972221996014315,cuda,1.1393314599990845,0.26810696721076965,1.5452327728271484
uniform,sigma_log_dpm,"Sigma-space DPM-1, log sigma",DPM predictor,100,2,3,1,0.2783289299113676,0.3711052398818235,cuda,1.0792348384857178,0.24759934842586517,1.5142648220062256
uniform,dpm2_uniform,"DPM-2 + corrector, uniform t",Overall sampler,5,2,3,0,0.09485981392208487,0.12647975189611316,cuda,0.8478710055351257,0.2826051414012909,1.587355136871338
uniform,dpm2_uniform,"DPM-2 + corrector, uniform t",Overall sampler,5,2,3,1,0.09496077394578606,0.12661436526104808,cuda,0.9258570671081543,0.28710705041885376,1.5922956466674805
uniform,dpm2_uniform,"DPM-2 + corrector, uniform t",Overall sampler,10,2,3,0,0.13720706896856427,0.18294275862475237,cuda,0.7947710156440735,0.23516233265399933,1.4849170446395874
uniform,dpm2_uniform,"DPM-2 + corrector, uniform t",Overall sampler,10,2,3,1,0.14052716305013746,0.1873695507335166,cuda,0.805359423160553,0.23000842332839966,1.4747453927993774
uniform,dpm2_uniform,"DPM-2 + corrector, uniform t",Overall sampler,20,2,3,0,0.2617712899809703,0.34902838664129376,cuda,0.7433404326438904,0.2580064833164215,1.5017197132110596
uniform,dpm2_uniform,"DPM-2 + corrector, uniform t",Overall sampler,20,2,3,1,0.2238564370200038,0.2984752493600051,cuda,0.7498235106468201,0.21817749738693237,1.4368432760238647
uniform,dpm2_uniform,"DPM-2 + corrector, uniform t",Overall sampler,50,2,3,0,0.47025291505269706,0.6270038867369294,cuda,0.6395651698112488,0.1721605658531189,1.3583110570907593
uniform,dpm2_uniform,"DPM-2 + corrector, uniform t",Overall sampler,50,2,3,1,0.4712782959686592,0.6283710612915456,cuda,0.6160590052604675,0.15224528312683105,1.3242651224136353
uniform,dpm2_uniform,"DPM-2 + corrector, uniform t",Overall sampler,100,2,3,0,0.8922294249059632,1.189639233207951,cuda,0.48969024419784546,0.10110340267419815,1.2369794845581055
uniform,dpm2_uniform,"DPM-2 + corrector, uniform t",Overall sampler,100,2,3,1,0.8909741629613563,1.1879655506151419,cuda,0.5035228133201599,0.08402151614427567,1.2079943418502808
uniform,dpm2_log,"DPM-2 + corrector, log sigma",Overall sampler,5,2,3,0,0.09730346594005823,0.1297379545867443,cuda,0.8381075859069824,0.29324081540107727,1.568795084953308
uniform,dpm2_log,"DPM-2 + corrector, log sigma",Overall sampler,5,2,3,1,0.09608729195315391,0.12811638927087188,cuda,0.8869411945343018,0.27730298042297363,1.5407296419143677
uniform,dpm2_log,"DPM-2 + corrector, log sigma",Overall sampler,10,2,3,0,0.13725204300135374,0.18300272400180498,cuda,0.9183707237243652,0.28015798330307007,1.5337395668029785
uniform,dpm2_log,"DPM-2 + corrector, log sigma",Overall sampler,10,2,3,1,0.1359015500638634,0.18120206675181785,cuda,0.9269710183143616,0.24336011707782745,1.4944199323654175
uniform,dpm2_log,"DPM-2 + corrector, log sigma",Overall sampler,20,2,3,0,0.22153376997448504,0.29537835996598005,cuda,0.8409004211425781,0.2590884864330292,1.4955077171325684
uniform,dpm2_log,"DPM-2 + corrector, log sigma",Overall sampler,20,2,3,1,0.2247504040133208,0.2996672053510944,cuda,0.8287035226821899,0.2203737050294876,1.4349528551101685
uniform,dpm2_log,"DPM-2 + corrector, log sigma",Overall sampler,50,2,3,0,0.4672932409448549,0.6230576545931399,cuda,0.6612241268157959,0.11494149267673492,1.2586685419082642
uniform,dpm2_log,"DPM-2 + corrector, log sigma",Overall sampler,50,2,3,1,0.46847929107025266,0.6246390547603369,cuda,0.6452264785766602,0.13453222811222076,1.2717394828796387
uniform,dpm2_log,"DPM-2 + corrector, log sigma",Overall sampler,100,2,3,0,0.8978776580188423,1.1971702106917899,cuda,0.4176507890224457,0.02634977549314499,1.0685162544250488
uniform,dpm2_log,"DPM-2 + corrector, log sigma",Overall sampler,100,2,3,1,0.905213222024031,1.206950962698708,cuda,0.4391211271286011,0.013540922664105892,1.0377038717269897
uniform,em_uniform,"Euler--Maruyama, uniform t",Euler update,5,2,3,0,0.013422899064607918,0.017897198752810557,cuda,1.162493348121643,1.0383540391921997,2.599353075027466
uniform,em_uniform,"Euler--Maruyama, uniform t",Euler update,5,2,3,1,0.013431914965622127,0.017909219954162836,cuda,1.2096283435821533,1.0439025163650513,2.604386568069458
uniform,em_uniform,"Euler--Maruyama, uniform t",Euler update,10,2,3,0,0.027549515012651682,0.036732686683535576,cuda,0.9586300253868103,0.5348770618438721,1.9603270292282104
uniform,em_uniform,"Euler--Maruyama, uniform t",Euler update,10,2,3,1,0.027702468913048506,0.03693662521739801,cuda,0.9587011337280273,0.5384311676025391,1.9817862510681152
uniform,em_uniform,"Euler--Maruyama, uniform t",Euler update,20,2,3,0,0.05637935898266733,0.07517247864355643,cuda,0.8612348437309265,0.43956395983695984,1.8017592430114746
uniform,em_uniform,"Euler--Maruyama, uniform t",Euler update,20,2,3,1,0.05604393198154867,0.07472524264206488,cuda,0.8679887652397156,0.3797091543674469,1.7263151407241821
uniform,em_uniform,"Euler--Maruyama, uniform t",Euler update,50,2,3,0,0.14280146802775562,0.19040195737034082,cuda,0.8084981441497803,0.2774500548839569,1.5605882406234741
uniform,em_uniform,"Euler--Maruyama, uniform t",Euler update,50,2,3,1,0.1445504620205611,0.19273394936074814,cuda,0.803760826587677,0.2503621578216553,1.5049185752868652
uniform,em_uniform,"Euler--Maruyama, uniform t",Euler update,100,2,3,0,0.2897123999428004,0.3862831999237339,cuda,0.7520542144775391,0.19618108868598938,1.4246512651443481
uniform,em_uniform,"Euler--Maruyama, uniform t",Euler update,100,2,3,1,0.2877729058964178,0.3836972078618904,cuda,0.7470906376838684,0.18889828026294708,1.4132885932922363
uniform,em_log,"Euler--Maruyama, log sigma",Euler update,5,2,3,0,0.014100555097684264,0.018800740130245686,cuda,1.1623238325119019,1.6651251316070557,3.147653579711914
uniform,em_log,"Euler--Maruyama, log sigma",Euler update,5,2,3,1,0.014050649013370275,0.018734198684493702,cuda,1.205277681350708,1.9085091352462769,3.332639455795288
uniform,em_log,"Euler--Maruyama, log sigma",Euler update,10,2,3,0,0.028023076010867953,0.03736410134782394,cuda,0.9292689561843872,0.5453658103942871,1.931056261062622
uniform,em_log,"Euler--Maruyama, log sigma",Euler update,10,2,3,1,0.02812376304063946,0.03749835072085261,cuda,0.9132962226867676,0.5538244247436523,1.9640743732452393
uniform,em_log,"Euler--Maruyama, log sigma",Euler update,20,2,3,0,0.056982722016982734,0.07597696268931031,cuda,0.7871270775794983,0.38008585572242737,1.6940284967422485
uniform,em_log,"Euler--Maruyama, log sigma",Euler update,20,2,3,1,0.05777473992202431,0.07703298656269908,cuda,0.7805349826812744,0.3146142363548279,1.5985082387924194
uniform,em_log,"Euler--Maruyama, log sigma",Euler update,50,2,3,0,0.14222861803136766,0.18963815737515688,cuda,0.7699772715568542,0.2079695612192154,1.4351269006729126
uniform,em_log,"Euler--Maruyama, log sigma",Euler update,50,2,3,1,0.14149720699060708,0.18866294265414277,cuda,0.7626689672470093,0.2208775132894516,1.433280348777771
uniform,em_log,"Euler--Maruyama, log sigma",Euler update,100,2,3,0,0.2826656980905682,0.3768875974540909,cuda,0.7207714915275574,0.16372181475162506,1.3511571884155273
uniform,em_log,"Euler--Maruyama, log sigma",Euler update,100,2,3,1,0.28394179604947567,0.3785890613993009,cuda,0.7291611433029175,0.1560402810573578,1.33376944065094
mixture,sigma_uniform_dpm,"Sigma-space DPM-1, uniform t",DPM predictor,5,0,0,0,0.015940835000947118,0.02125444666792949,cuda,0.1997813880443573,0.1332247257232666,1.2257529497146606
mixture,sigma_uniform_dpm,"Sigma-space DPM-1, uniform t",DPM predictor,5,0,0,1,0.013441103044897318,0.01792147072652976,cuda,0.2031436264514923,0.14808718860149384,1.2435853481292725
mixture,sigma_uniform_dpm,"Sigma-space DPM-1, uniform t",DPM predictor,10,0,0,0,0.027029689983464777,0.0360395866446197,cuda,0.21149206161499023,0.20343446731567383,1.370866298675537
mixture,sigma_uniform_dpm,"Sigma-space DPM-1, uniform t",DPM predictor,10,0,0,1,0.027303003007546067,0.03640400401006142,cuda,0.20185711979866028,0.20333920419216156,1.360715389251709
mixture,sigma_uniform_dpm,"Sigma-space DPM-1, uniform t",DPM predictor,20,0,0,0,0.055372201022692025,0.07382960136358936,cuda,0.2293749898672104,0.2258901298046112,1.4089468717575073
mixture,sigma_uniform_dpm,"Sigma-space DPM-1, uniform t",DPM predictor,20,0,0,1,0.05505977896973491,0.07341303862631321,cuda,0.1953476518392563,0.23771828413009644,1.4396852254867554
mixture,sigma_uniform_dpm,"Sigma-space DPM-1, uniform t",DPM predictor,50,0,0,0,0.13824115495663136,0.18432153994217515,cuda,0.24222424626350403,0.306672066450119,1.5377436876296997
mixture,sigma_uniform_dpm,"Sigma-space DPM-1, uniform t",DPM predictor,50,0,0,1,0.13848957093432546,0.18465276124576727,cuda,0.2001330852508545,0.24153541028499603,1.446363925933838
mixture,sigma_uniform_dpm,"Sigma-space DPM-1, uniform t",DPM predictor,100,0,0,0,0.2779835780384019,0.3706447707178692,cuda,0.20665942132472992,0.25506168603897095,1.4643652439117432
mixture,sigma_uniform_dpm,"Sigma-space DPM-1, uniform t",DPM predictor,100,0,0,1,0.2790642509935424,0.3720856679913898,cuda,0.21754100918769836,0.26335054636001587,1.4804691076278687
mixture,sigma_log_dpm,"Sigma-space DPM-1, log sigma",DPM predictor,5,0,0,0,0.013769497978501022,0.018359330638001364,cuda,0.24870680272579193,0.103458933532238,1.2289401292800903
mixture,sigma_log_dpm,"Sigma-space DPM-1, log sigma",DPM predictor,5,0,0,1,0.013419572031125426,0.017892762708167236,cuda,0.24976147711277008,0.11565612256526947,1.2397552728652954
mixture,sigma_log_dpm,"Sigma-space DPM-1, log sigma",DPM predictor,10,0,0,0,0.02727742795832455,0.036369903944432735,cuda,0.23814921081066132,0.19509351253509521,1.3862638473510742
mixture,sigma_log_dpm,"Sigma-space DPM-1, log sigma",DPM predictor,10,0,0,1,0.027530733961611986,0.036707645282149315,cuda,0.2245398312807083,0.194034144282341,1.373235821723938
mixture,sigma_log_dpm,"Sigma-space DPM-1, log sigma",DPM predictor,20,0,0,0,0.05583574902266264,0.07444766536355019,cuda,0.24007290601730347,0.22295646369457245,1.4178954362869263
mixture,sigma_log_dpm,"Sigma-space DPM-1, log sigma",DPM predictor,20,0,0,1,0.05514844600111246,0.07353126133481662,cuda,0.20744448900222778,0.23512805998325348,1.4501850605010986
mixture,sigma_log_dpm,"Sigma-space DPM-1, log sigma",DPM predictor,50,0,0,0,0.1423703000182286,0.18982706669097146,cuda,0.2462732195854187,0.30567091703414917,1.5416710376739502
mixture,sigma_log_dpm,"Sigma-space DPM-1, log sigma",DPM predictor,50,0,0,1,0.13829946098849177,0.18439928131798902,cuda,0.2044116109609604,0.24087737500667572,1.4510166645050049
mixture,sigma_log_dpm,"Sigma-space DPM-1, log sigma",DPM predictor,100,0,0,0,0.2848188489442691,0.3797584652590255,cuda,0.2089136391878128,0.25477126240730286,1.4666945934295654
mixture,sigma_log_dpm,"Sigma-space DPM-1, log sigma",DPM predictor,100,0,0,1,0.30884191195946187,0.41178921594594914,cuda,0.22006314992904663,0.2630598247051239,1.4828870296478271
mixture,dpm2_uniform,"DPM-2 + corrector, uniform t",Overall sampler,5,0,0,0,0.11526860704179853,0.15369147605573139,cuda,0.14158107340335846,0.28697773814201355,1.554252028465271
mixture,dpm2_uniform,"DPM-2 + corrector, uniform t",Overall sampler,5,0,0,1,0.09621528093703091,0.12828704124937454,cuda,0.1651211380958557,0.30533406138420105,1.571001648902893
mixture,dpm2_uniform,"DPM-2 + corrector, uniform t",Overall sampler,10,0,0,0,0.13743673101998866,0.18324897469331822,cuda,0.1458892673254013,0.2379739135503769,1.4470818042755127
mixture,dpm2_uniform,"DPM-2 + corrector, uniform t",Overall sampler,10,0,0,1,0.13930601009633392,0.1857413467951119,cuda,0.15906532108783722,0.22462157905101776,1.4309911727905273
mixture,dpm2_uniform,"DPM-2 + corrector, uniform t",Overall sampler,20,0,0,0,0.22560465091373771,0.30080620121831697,cuda,0.1283208727836609,0.25258883833885193,1.461965799331665
mixture,dpm2_uniform,"DPM-2 + corrector, uniform t",Overall sampler,20,0,0,1,0.22567159903701395,0.30089546538268525,cuda,0.0969311073422432,0.26569196581840515,1.4707032442092896
mixture,dpm2_uniform,"DPM-2 + corrector, uniform t",Overall sampler,50,0,0,0,0.4813065240159631,0.6417420320212841,cuda,0.07940743863582611,0.19529443979263306,1.3689360618591309
mixture,dpm2_uniform,"DPM-2 + corrector, uniform t",Overall sampler,50,0,0,1,0.47813200496602803,0.637509339954704,cuda,0.09442772716283798,0.20853272080421448,1.3846536874771118
mixture,dpm2_uniform,"DPM-2 + corrector, uniform t",Overall sampler,100,0,0,0,0.9278350119711831,1.237113349294911,cuda,0.10061027854681015,0.17565098404884338,1.3300687074661255
mixture,dpm2_uniform,"DPM-2 + corrector, uniform t",Overall sampler,100,0,0,1,0.8879381050355732,1.1839174733807643,cuda,0.05693777650594711,0.19641327857971191,1.3652865886688232
mixture,dpm2_log,"DPM-2 + corrector, log sigma",Overall sampler,5,0,0,0,0.09556677495129406,0.12742236660172543,cuda,0.09935442358255386,0.27763909101486206,1.5008491277694702
mixture,dpm2_log,"DPM-2 + corrector, log sigma",Overall sampler,5,0,0,1,0.0973790300777182,0.12983870677029094,cuda,0.13640844821929932,0.3031695783138275,1.5286258459091187
mixture,dpm2_log,"DPM-2 + corrector, log sigma",Overall sampler,10,0,0,0,0.1398880579508841,0.1865174106011788,cuda,0.18274201452732086,0.27090197801589966,1.484522819519043
mixture,dpm2_log,"DPM-2 + corrector, log sigma",Overall sampler,10,0,0,1,0.13793256296776235,0.18391008395701647,cuda,0.18068723380565643,0.23208756744861603,1.4235318899154663
mixture,dpm2_log,"DPM-2 + corrector, log sigma",Overall sampler,20,0,0,0,0.22163675795309246,0.2955156772707899,cuda,0.16167807579040527,0.22097472846508026,1.3976119756698608
mixture,dpm2_log,"DPM-2 + corrector, log sigma",Overall sampler,20,0,0,1,0.22502892301417887,0.30003856401890516,cuda,0.1284305900335312,0.26223400235176086,1.4601020812988281
mixture,dpm2_log,"DPM-2 + corrector, log sigma",Overall sampler,50,0,0,0,0.48456917295698076,0.6460922306093076,cuda,0.08829104155302048,0.18266010284423828,1.3278924226760864
mixture,dpm2_log,"DPM-2 + corrector, log sigma",Overall sampler,50,0,0,1,0.47367466497235,0.6315662199631333,cuda,0.10032354295253754,0.1729021519422531,1.311728835105896
mixture,dpm2_log,"DPM-2 + corrector, log sigma",Overall sampler,100,0,0,0,0.9728324670577422,1.2971099560769896,cuda,0.08206407725811005,0.1005854532122612,1.1861015558242798
mixture,dpm2_log,"DPM-2 + corrector, log sigma",Overall sampler,100,0,0,1,0.8997332060243934,1.1996442746991913,cuda,0.03789322450757027,0.13039997220039368,1.233067274093628
mixture,em_uniform,"Euler--Maruyama, uniform t",Euler update,5,0,0,0,0.01384920603595674,0.01846560804794232,cuda,0.1227070763707161,0.9028156995773315,2.452179431915283
mixture,em_uniform,"Euler--Maruyama, uniform t",Euler update,5,0,0,1,0.013504665927030146,0.018006221236040194,cuda,0.1824045330286026,1.0377899408340454,2.5824391841888428
mixture,em_uniform,"Euler--Maruyama, uniform t",Euler update,10,0,0,0,0.027610140037722886,0.03681352005029718,cuda,0.19044049084186554,0.57526034116745,1.9961971044540405
mixture,em_uniform,"Euler--Maruyama, uniform t",Euler update,10,0,0,1,0.027770887943916023,0.03702785059188803,cuda,0.1926344484090805,0.44088679552078247,1.8302717208862305
mixture,em_uniform,"Euler--Maruyama, uniform t",Euler update,20,0,0,0,0.05657192110083997,0.0754292281344533,cuda,0.16183660924434662,0.38931185007095337,1.7016212940216064
mixture,em_uniform,"Euler--Maruyama, uniform t",Euler update,20,0,0,1,0.057068586931563914,0.07609144924208522,cuda,0.1289849877357483,0.4120972156524658,1.744897484779358
mixture,em_uniform,"Euler--Maruyama, uniform t",Euler update,50,0,0,0,0.14565262000542134,0.19420349334056178,cuda,0.117174431681633,0.29531070590019226,1.5418663024902344
mixture,em_uniform,"Euler--Maruyama, uniform t",Euler update,50,0,0,1,0.14263858296908438,0.1901847772921125,cuda,0.08933106064796448,0.3051460087299347,1.5613726377487183
mixture,em_uniform,"Euler--Maruyama, uniform t",Euler update,100,0,0,0,0.29091801901813596,0.3878906920241813,cuda,0.14745835959911346,0.25163528323173523,1.4649919271469116
mixture,em_uniform,"Euler--Maruyama, uniform t",Euler update,100,0,0,1,0.2869470720179379,0.3825960960239172,cuda,0.08365534991025925,0.2814345955848694,1.5107711553573608
mixture,em_log,"Euler--Maruyama, log sigma",Euler update,5,0,0,0,0.01399509806651622,0.01866013075535496,cuda,0.17382186651229858,1.5689010620117188,2.9998652935028076
mixture,em_log,"Euler--Maruyama, log sigma",Euler update,5,0,0,1,0.013943511992692947,0.018591349323590595,cuda,0.21956194937229156,1.6874110698699951,3.100811719894409
mixture,em_log,"Euler--Maruyama, log sigma",Euler update,10,0,0,0,0.028786367969587445,0.038381823959449925,cuda,0.1718955785036087,0.5748832821846008,1.9235990047454834
mixture,em_log,"Euler--Maruyama, log sigma",Euler update,10,0,0,1,0.02806288399733603,0.037417178663114704,cuda,0.1710076779127121,0.47817257046699524,1.8077079057693481
mixture,em_log,"Euler--Maruyama, log sigma",Euler update,20,0,0,0,0.05695691693108529,0.07594255590811372,cuda,0.15517310798168182,0.3356742858886719,1.5860191583633423
mixture,em_log,"Euler--Maruyama, log sigma",Euler update,20,0,0,1,0.056872972985729575,0.07583063064763944,cuda,0.12507528066635132,0.367911159992218,1.6277995109558105
mixture,em_log,"Euler--Maruyama, log sigma",Euler update,50,0,0,0,0.14393708598800004,0.1919161146506667,cuda,0.11107347905635834,0.2762053608894348,1.4900116920471191
mixture,em_log,"Euler--Maruyama, log sigma",Euler update,50,0,0,1,0.1444818259915337,0.19264243465537825,cuda,0.10732882469892502,0.25193238258361816,1.4523640871047974
mixture,em_log,"Euler--Maruyama, log sigma",Euler update,100,0,0,0,0.28542326705064625,0.3805643560675283,cuda,0.13173352181911469,0.23617498576641083,1.4227427244186401
mixture,em_log,"Euler--Maruyama, log sigma",Euler update,100,0,0,1,0.28547908505424857,0.38063878007233143,cuda,0.07875607162714005,0.28043898940086365,1.490900993347168
mixture,sigma_uniform_dpm,"Sigma-space DPM-1, uniform t",DPM predictor,5,0,1,0,0.013515225960873067,0.01802030128116409,cuda,0.30908823013305664,0.14873006939888,1.2748596668243408
mixture,sigma_uniform_dpm,"Sigma-space DPM-1, uniform t",DPM predictor,5,0,1,1,0.01348000904545188,0.01797334539393584,cuda,0.3091137707233429,0.1643647849559784,1.3091422319412231
mixture,sigma_uniform_dpm,"Sigma-space DPM-1, uniform t",DPM predictor,10,0,1,0,0.027437107055447996,0.036582809407263994,cuda,0.3073304295539856,0.19779576361179352,1.3679115772247314
mixture,sigma_uniform_dpm,"Sigma-space DPM-1, uniform t",DPM predictor,10,0,1,1,0.02742733305785805,0.0365697774104774,cuda,0.29646310210227966,0.1707381010055542,1.3199514150619507
mixture,sigma_uniform_dpm,"Sigma-space DPM-1, uniform t",DPM predictor,20,0,1,0,0.057556924992240965,0.07674256665632129,cuda,0.2849431037902832,0.28051918745040894,1.5084775686264038
mixture,sigma_uniform_dpm,"Sigma-space DPM-1, uniform t",DPM predictor,20,0,1,1,0.05571618303656578,0.07428824404875438,cuda,0.30431514978408813,0.240492045879364,1.4447956085205078
mixture,sigma_uniform_dpm,"Sigma-space DPM-1, uniform t",DPM predictor,50,0,1,0,0.1410372540121898,0.18804967201625308,cuda,0.3168744444847107,0.2578800916671753,1.4846605062484741
mixture,sigma_uniform_dpm,"Sigma-space DPM-1, uniform t",DPM predictor,50,0,1,1,0.14020139502827078,0.1869351933710277,cuda,0.3207738995552063,0.2538749575614929,1.481350064277649
mixture,sigma_uniform_dpm,"Sigma-space DPM-1, uniform t",DPM predictor,100,0,1,0,0.27958769095130265,0.3727835879350702,cuda,0.327099084854126,0.2075245976448059,1.419686198234558
mixture,sigma_uniform_dpm,"Sigma-space DPM-1, uniform t",DPM predictor,100,0,1,1,0.29785218997858465,0.39713625330477953,cuda,0.3246144652366638,0.2544794976711273,1.4802114963531494
mixture,sigma_log_dpm,"Sigma-space DPM-1, log sigma",DPM predictor,5,0,1,0,0.015434518922120333,0.02057935856282711,cuda,0.4162141978740692,0.1232738047838211,1.283507227897644
mixture,sigma_log_dpm,"Sigma-space DPM-1, log sigma",DPM predictor,5,0,1,1,0.015194591949693859,0.020259455932925146,cuda,0.4176187515258789,0.14014653861522675,1.321645975112915
mixture,sigma_log_dpm,"Sigma-space DPM-1, log sigma",DPM predictor,10,0,1,0,0.03134839900303632,0.04179786533738176,cuda,0.3683389127254486,0.19087491929531097,1.3867552280426025
mixture,sigma_log_dpm,"Sigma-space DPM-1, log sigma",DPM predictor,10,0,1,1,0.03135156095959246,0.041802081279456615,cuda,0.3558112680912018,0.16408085823059082,1.3384921550750732
mixture,sigma_log_dpm,"Sigma-space DPM-1, log sigma",DPM predictor,20,0,1,0,0.05894837400410324,0.07859783200547099,cuda,0.3124854266643524,0.2783198058605194,1.5195720195770264
mixture,sigma_log_dpm,"Sigma-space DPM-1, log sigma",DPM predictor,20,0,1,1,0.057183107011951506,0.076244142682602,cuda,0.3337275981903076,0.2384457290172577,1.4562832117080688
mixture,sigma_log_dpm,"Sigma-space DPM-1, log sigma",DPM predictor,50,0,1,0,0.14196628995705396,0.18928838660940528,cuda,0.3287201523780823,0.2576529383659363,1.4903119802474976
mixture,sigma_log_dpm,"Sigma-space DPM-1, log sigma",DPM predictor,50,0,1,1,0.14076584309805185,0.18768779079740247,cuda,0.33273136615753174,0.25360438227653503,1.4872286319732666
mixture,sigma_log_dpm,"Sigma-space DPM-1, log sigma",DPM predictor,100,0,1,0,0.2825424299808219,0.3767232399744292,cuda,0.3331693708896637,0.20762735605239868,1.4230530261993408
mixture,sigma_log_dpm,"Sigma-space DPM-1, log sigma",DPM predictor,100,0,1,1,0.27961030893493444,0.37281374524657923,cuda,0.3304581046104431,0.25427690148353577,1.4829386472702026
mixture,dpm2_uniform,"DPM-2 + corrector, uniform t",Overall sampler,5,0,1,0,0.09753369097597897,0.1300449213013053,cuda,0.183610200881958,0.350411057472229,1.6457070112228394
mixture,dpm2_uniform,"DPM-2 + corrector, uniform t",Overall sampler,5,0,1,1,0.09589347196742892,0.12785796262323856,cuda,0.1709435135126114,0.24912777543067932,1.519834280014038
mixture,dpm2_uniform,"DPM-2 + corrector, uniform t",Overall sampler,10,0,1,0,0.13851079193409532,0.1846810559121271,cuda,0.141494020819664,0.2574540376663208,1.488913893699646
mixture,dpm2_uniform,"DPM-2 + corrector, uniform t",Overall sampler,10,0,1,1,0.13764694996643811,0.1835292666219175,cuda,0.1574971228837967,0.3008340895175934,1.5395150184631348
mixture,dpm2_uniform,"DPM-2 + corrector, uniform t",Overall sampler,20,0,1,0,0.22237017808947712,0.2964935707859695,cuda,0.10395673662424088,0.23625801503658295,1.436603307723999
mixture,dpm2_uniform,"DPM-2 + corrector, uniform t",Overall sampler,20,0,1,1,0.22154473699629307,0.2953929826617241,cuda,0.10927177220582962,0.23449401557445526,1.432574987411499
mixture,dpm2_uniform,"DPM-2 + corrector, uniform t",Overall sampler,50,0,1,0,0.4705308929551393,0.6273745239401857,cuda,0.09817040711641312,0.23774899542331696,1.437846064567566
mixture,dpm2_uniform,"DPM-2 + corrector, uniform t",Overall sampler,50,0,1,1,0.4771585059352219,0.6362113412469625,cuda,0.11136667430400848,0.214152991771698,1.4022268056869507
mixture,dpm2_uniform,"DPM-2 + corrector, uniform t",Overall sampler,100,0,1,0,0.8971704089781269,1.196227211970836,cuda,0.05063730105757713,0.1386738121509552,1.285281777381897
mixture,dpm2_uniform,"DPM-2 + corrector, uniform t",Overall sampler,100,0,1,1,0.8980181809747592,1.1973575746330123,cuda,0.02995222806930542,0.1821589320898056,1.348920226097107
mixture,dpm2_log,"DPM-2 + corrector, log sigma",Overall sampler,5,0,1,0,0.09664455498568714,0.12885940664758286,cuda,0.16831910610198975,0.32466673851013184,1.5722317695617676
mixture,dpm2_log,"DPM-2 + corrector, log sigma",Overall sampler,5,0,1,1,0.09772242000326514,0.13029656000435352,cuda,0.16079756617546082,0.2826334238052368,1.5202666521072388
mixture,dpm2_log,"DPM-2 + corrector, log sigma",Overall sampler,10,0,1,0,0.1403913819231093,0.1871885092308124,cuda,0.21203987300395966,0.2657228708267212,1.4811677932739258
mixture,dpm2_log,"DPM-2 + corrector, log sigma",Overall sampler,10,0,1,1,0.13739080901723355,0.1831877453563114,cuda,0.21423210203647614,0.2840549051761627,1.5037158727645874
mixture,dpm2_log,"DPM-2 + corrector, log sigma",Overall sampler,20,0,1,0,0.22135166393127292,0.2951355519083639,cuda,0.15034355223178864,0.2503654956817627,1.4497159719467163
mixture,dpm2_log,"DPM-2 + corrector, log sigma",Overall sampler,20,0,1,1,0.22114489297382534,0.2948598572984338,cuda,0.13996073603630066,0.24457763135433197,1.4393987655639648
mixture,dpm2_log,"DPM-2 + corrector, log sigma",Overall sampler,50,0,1,0,0.4770329410675913,0.6360439214234551,cuda,0.09289980679750443,0.15718139708042145,1.2914260625839233
mixture,dpm2_log,"DPM-2 + corrector, log sigma",Overall sampler,50,0,1,1,0.47132842300925404,0.628437897345672,cuda,0.10472819954156876,0.16338488459587097,1.3088431358337402
mixture,dpm2_log,"DPM-2 + corrector, log sigma",Overall sampler,100,0,1,0,0.9094897949835286,1.212653059978038,cuda,0.04696232080459595,0.12274941802024841,1.2287075519561768
mixture,dpm2_log,"DPM-2 + corrector, log sigma",Overall sampler,100,0,1,1,0.8910113499732688,1.1880151332976918,cuda,0.04267995059490204,0.09175775945186615,1.1756410598754883
mixture,em_uniform,"Euler--Maruyama, uniform t",Euler update,5,0,1,0,0.013702637981623411,0.018270183975497883,cuda,0.2604146897792816,0.9381436109542847,2.4991941452026367
mixture,em_uniform,"Euler--Maruyama, uniform t",Euler update,5,0,1,1,0.013796073035337031,0.01839476404711604,cuda,0.2314901500940323,0.8988705277442932,2.4710021018981934
mixture,em_uniform,"Euler--Maruyama, uniform t",Euler update,10,0,1,0,0.028293143957853317,0.03772419194380442,cuda,0.18139448761940002,0.5248488783836365,1.937723159790039
mixture,em_uniform,"Euler--Maruyama, uniform t",Euler update,10,0,1,1,0.028154767001979053,0.03753968933597207,cuda,0.17895060777664185,0.5710612535476685,1.9786818027496338
mixture,em_uniform,"Euler--Maruyama, uniform t",Euler update,20,0,1,0,0.05634701799135655,0.07512935732180874,cuda,0.12227823585271835,0.40575188398361206,1.7334446907043457
mixture,em_uniform,"Euler--Maruyama, uniform t",Euler update,20,0,1,1,0.05649289698339999,0.07532386264453332,cuda,0.12168598920106888,0.3393166959285736,1.648610234260559
mixture,em_uniform,"Euler--Maruyama, uniform t",Euler update,50,0,1,0,0.14259798103012145,0.19013064137349525,cuda,0.132518008351326,0.3192090392112732,1.583091378211975
mixture,em_uniform,"Euler--Maruyama, uniform t",Euler update,50,0,1,1,0.14145260397344828,0.1886034719645977,cuda,0.13521146774291992,0.3006892800331116,1.563960075378418
mixture,em_uniform,"Euler--Maruyama, uniform t",Euler update,100,0,1,0,0.2848661669995636,0.3798215559994181,cuda,0.1151365116238594,0.24907386302947998,1.4773725271224976
mixture,em_uniform,"Euler--Maruyama, uniform t",Euler update,100,0,1,1,0.28776618593838066,0.3836882479178409,cuda,0.09949300438165665,0.24955527484416962,1.4739426374435425
mixture,em_log,"Euler--Maruyama, log sigma",Euler update,5,0,1,0,0.013979711919091642,0.01863961589212219,cuda,0.2853030562400818,1.4279574155807495,2.948091506958008
mixture,em_log,"Euler--Maruyama, log sigma",Euler update,5,0,1,1,0.013758328976109624,0.018344438634812832,cuda,0.3242877423763275,1.4794840812683105,2.969170093536377
mixture,em_log,"Euler--Maruyama, log sigma",Euler update,10,0,1,0,0.02786128595471382,0.03714838127295176,cuda,0.14892148971557617,0.5487242341041565,1.9038087129592896
mixture,em_log,"Euler--Maruyama, log sigma",Euler update,10,0,1,1,0.028133239946328104,0.037510986595104136,cuda,0.16162274777889252,0.6091787815093994,1.9601531028747559
mixture,em_log,"Euler--Maruyama, log sigma",Euler update,20,0,1,0,0.05621010297909379,0.07494680397212505,cuda,0.1292959302663803,0.34206393361091614,1.606994867324829
mixture,em_log,"Euler--Maruyama, log sigma",Euler update,20,0,1,1,0.056474279961548746,0.07529903994873166,cuda,0.1064470037817955,0.34479179978370667,1.6077625751495361
mixture,em_log,"Euler--Maruyama, log sigma",Euler update,50,0,1,0,0.14127093402203172,0.18836124536270896,cuda,0.11952903866767883,0.21812200546264648,1.4089736938476562
mixture,em_log,"Euler--Maruyama, log sigma",Euler update,50,0,1,1,0.14409117202740163,0.19212156270320216,cuda,0.12361548095941544,0.23859259486198425,1.447527527809143
mixture,em_log,"Euler--Maruyama, log sigma",Euler update,100,0,1,0,0.28426194307394326,0.37901592409859103,cuda,0.10618042945861816,0.23316925764083862,1.4285352230072021
mixture,em_log,"Euler--Maruyama, log sigma",Euler update,100,0,1,1,0.28439852606970817,0.3791980347596109,cuda,0.1146656721830368,0.22137917578220367,1.4175852537155151
mixture,sigma_uniform_dpm,"Sigma-space DPM-1, uniform t",DPM predictor,5,0,2,0,0.01329958497080952,0.01773277996107936,cuda,0.2969258427619934,0.12577871978282928,1.203587293624878
mixture,sigma_uniform_dpm,"Sigma-space DPM-1, uniform t",DPM predictor,5,0,2,1,0.013278563041239977,0.0177047507216533,cuda,0.29052552580833435,0.12570232152938843,1.1987900733947754
mixture,sigma_uniform_dpm,"Sigma-space DPM-1, uniform t",DPM predictor,10,0,2,0,0.027359515079297125,0.036479353439062834,cuda,0.1957216113805771,0.2762332856655121,1.4701699018478394
mixture,sigma_uniform_dpm,"Sigma-space DPM-1, uniform t",DPM predictor,10,0,2,1,0.027281763032078743,0.03637568404277166,cuda,0.24599996209144592,0.21414977312088013,1.3696223497390747
mixture,sigma_uniform_dpm,"Sigma-space DPM-1, uniform t",DPM predictor,20,0,2,0,0.05479142104741186,0.07305522806321581,cuda,0.25194698572158813,0.24584323167800903,1.4458943605422974
mixture,sigma_uniform_dpm,"Sigma-space DPM-1, uniform t",DPM predictor,20,0,2,1,0.055556845967657864,0.07407579462354381,cuda,0.2771298885345459,0.2332705408334732,1.417238712310791
mixture,sigma_uniform_dpm,"Sigma-space DPM-1, uniform t",DPM predictor,50,0,2,0,0.1408395980251953,0.1877861307002604,cuda,0.24429626762866974,0.22598233819007874,1.412278175354004
mixture,sigma_uniform_dpm,"Sigma-space DPM-1, uniform t",DPM predictor,50,0,2,1,0.13951931707561016,0.18602575610081354,cuda,0.278548002243042,0.217447891831398,1.3995413780212402
mixture,sigma_uniform_dpm,"Sigma-space DPM-1, uniform t",DPM predictor,100,0,2,0,0.27968589297961444,0.37291452397281927,cuda,0.2293453961610794,0.2455931007862091,1.4486968517303467
mixture,sigma_uniform_dpm,"Sigma-space DPM-1, uniform t",DPM predictor,100,0,2,1,0.28038822393864393,0.3738509652515252,cuda,0.23668602108955383,0.2870236933231354,1.5189704895019531
mixture,sigma_log_dpm,"Sigma-space DPM-1, log sigma",DPM predictor,5,0,2,0,0.013643083977513015,0.01819077863668402,cuda,0.2980188727378845,0.09403666108846664,1.1989364624023438
mixture,sigma_log_dpm,"Sigma-space DPM-1, log sigma",DPM predictor,5,0,2,1,0.013708607060834765,0.018278142747779686,cuda,0.2922569513320923,0.0948396548628807,1.193047285079956
mixture,sigma_log_dpm,"Sigma-space DPM-1, log sigma",DPM predictor,10,0,2,0,0.027566249016672373,0.0367549986888965,cuda,0.2022431492805481,0.2642695903778076,1.4774764776229858
mixture,sigma_log_dpm,"Sigma-space DPM-1, log sigma",DPM predictor,10,0,2,1,0.02787847293075174,0.03717129724100232,cuda,0.2510688304901123,0.20390982925891876,1.3781945705413818
mixture,sigma_log_dpm,"Sigma-space DPM-1, log sigma",DPM predictor,20,0,2,0,0.05714127898681909,0.07618837198242545,cuda,0.2559824287891388,0.24213168025016785,1.4536964893341064
mixture,sigma_log_dpm,"Sigma-space DPM-1, log sigma",DPM predictor,20,0,2,1,0.056301757926121354,0.0750690105681618,cuda,0.2802855372428894,0.22969667613506317,1.4248300790786743
mixture,sigma_log_dpm,"Sigma-space DPM-1, log sigma",DPM predictor,50,0,2,0,0.14044663996901363,0.18726218662535152,cuda,0.245772123336792,0.22497235238552094,1.4159601926803589
mixture,sigma_log_dpm,"Sigma-space DPM-1, log sigma",DPM predictor,50,0,2,1,0.14244237495586276,0.18992316660781702,cuda,0.2797928750514984,0.216600701212883,1.4033206701278687
mixture,sigma_log_dpm,"Sigma-space DPM-1, log sigma",DPM predictor,100,0,2,0,0.2781166339991614,0.37082217866554856,cuda,0.2301459163427353,0.24518465995788574,1.4507982730865479
mixture,sigma_log_dpm,"Sigma-space DPM-1, log sigma",DPM predictor,100,0,2,1,0.28175157797522843,0.3756687706336379,cuda,0.23752108216285706,0.2865441143512726,1.521141529083252
mixture,dpm2_uniform,"DPM-2 + corrector, uniform t",Overall sampler,5,0,2,0,0.09614457399584353,0.12819276532779136,cuda,0.22742538154125214,0.3088667690753937,1.5845297574996948
mixture,dpm2_uniform,"DPM-2 + corrector, uniform t",Overall sampler,5,0,2,1,0.09634592302609235,0.12846123070145646,cuda,0.29063960909843445,0.3100912570953369,1.5822234153747559
mixture,dpm2_uniform,"DPM-2 + corrector, uniform t",Overall sampler,10,0,2,0,0.13736020599026233,0.18314694132034978,cuda,0.14647997915744781,0.2843376696109772,1.5085564851760864
mixture,dpm2_uniform,"DPM-2 + corrector, uniform t",Overall sampler,10,0,2,1,0.13762770709581673,0.18350360946108898,cuda,0.18679746985435486,0.2648465037345886,1.479041337966919
mixture,dpm2_uniform,"DPM-2 + corrector, uniform t",Overall sampler,20,0,2,0,0.2210481190122664,0.29473082534968853,cuda,0.16232706606388092,0.30491599440574646,1.5284250974655151
mixture,dpm2_uniform,"DPM-2 + corrector, uniform t",Overall sampler,20,0,2,1,0.22158310993108898,0.2954441465747853,cuda,0.15312227606773376,0.24457624554634094,1.440252423286438
mixture,dpm2_uniform,"DPM-2 + corrector, uniform t",Overall sampler,50,0,2,0,0.4720021089306101,0.6293361452408135,cuda,0.10098957270383835,0.218417227268219,1.3947850465774536
mixture,dpm2_uniform,"DPM-2 + corrector, uniform t",Overall sampler,50,0,2,1,0.47445839003194124,0.632611186709255,cuda,0.14449915289878845,0.19000883400440216,1.3537170886993408
mixture,dpm2_uniform,"DPM-2 + corrector, uniform t",Overall sampler,100,0,2,0,0.8912963420152664,1.188395122687022,cuda,0.12750880420207977,0.1934778094291687,1.3503289222717285
mixture,dpm2_uniform,"DPM-2 + corrector, uniform t",Overall sampler,100,0,2,1,0.8874913299223408,1.1833217732297878,cuda,0.0825151726603508,0.16332487761974335,1.306399941444397
mixture,dpm2_log,"DPM-2 + corrector, log sigma",Overall sampler,5,0,2,0,0.09610983706079423,0.12814644941439232,cuda,0.21924690902233124,0.2932871878147125,1.5213741064071655
mixture,dpm2_log,"DPM-2 + corrector, log sigma",Overall sampler,5,0,2,1,0.09586002898868173,0.12781337198490897,cuda,0.2692739963531494,0.26404261589050293,1.4749830961227417
mixture,dpm2_log,"DPM-2 + corrector, log sigma",Overall sampler,10,0,2,0,0.13772351597435772,0.18363135463247696,cuda,0.14369940757751465,0.32633861899375916,1.5500876903533936
mixture,dpm2_log,"DPM-2 + corrector, log sigma",Overall sampler,10,0,2,1,0.13818484195508063,0.1842464559401075,cuda,0.21823696792125702,0.2559307813644409,1.4492466449737549
mixture,dpm2_log,"DPM-2 + corrector, log sigma",Overall sampler,20,0,2,0,0.22225699096452445,0.29634265461936593,cuda,0.1828836351633072,0.25880154967308044,1.4515728950500488
mixture,dpm2_log,"DPM-2 + corrector, log sigma",Overall sampler,20,0,2,1,0.22160322801209986,0.2954709706827998,cuda,0.17284896969795227,0.22938263416290283,1.4130001068115234
mixture,dpm2_log,"DPM-2 + corrector, log sigma",Overall sampler,50,0,2,0,0.4717518410179764,0.6290024546906352,cuda,0.11196498572826385,0.16920816898345947,1.3042477369308472
mixture,dpm2_log,"DPM-2 + corrector, log sigma",Overall sampler,50,0,2,1,0.4723344399826601,0.6297792533102134,cuda,0.16186834871768951,0.16002921760082245,1.288443922996521
mixture,dpm2_log,"DPM-2 + corrector, log sigma",Overall sampler,100,0,2,0,0.8898576899664477,1.1864769199552636,cuda,0.13560916483402252,0.08041882514953613,1.1264872550964355
mixture,dpm2_log,"DPM-2 + corrector, log sigma",Overall sampler,100,0,2,1,0.8893812400056049,1.1858416533408065,cuda,0.09577635675668716,0.09219691157341003,1.1725846529006958
mixture,em_uniform,"Euler--Maruyama, uniform t",Euler update,5,0,2,0,0.01364678901154548,0.01819571868206064,cuda,0.2396067976951599,1.0108909606933594,2.5668842792510986
mixture,em_uniform,"Euler--Maruyama, uniform t",Euler update,5,0,2,1,0.013669313048012555,0.018225750730683405,cuda,0.3531991243362427,0.9275897145271301,2.482642412185669
mixture,em_uniform,"Euler--Maruyama, uniform t",Euler update,10,0,2,0,0.027709590969607234,0.03694612129280964,cuda,0.17044177651405334,0.5776557326316833,1.9811064004898071
mixture,em_uniform,"Euler--Maruyama, uniform t",Euler update,10,0,2,1,0.02788957895245403,0.03718610526993871,cuda,0.21804746985435486,0.4934147298336029,1.9008907079696655
mixture,em_uniform,"Euler--Maruyama, uniform t",Euler update,20,0,2,0,0.05605579097755253,0.0747410546367367,cuda,0.17547033727169037,0.43937838077545166,1.769059181213379
mixture,em_uniform,"Euler--Maruyama, uniform t",Euler update,20,0,2,1,0.056743488064967096,0.07565798408662279,cuda,0.19828979671001434,0.4025358557701111,1.7281101942062378
mixture,em_uniform,"Euler--Maruyama, uniform t",Euler update,50,0,2,0,0.14318189199548215,0.19090918932730952,cuda,0.1350124031305313,0.28885921835899353,1.5334422588348389
mixture,em_uniform,"Euler--Maruyama, uniform t",Euler update,50,0,2,1,0.14352370402775705,0.19136493870367607,cuda,0.2063353955745697,0.25057244300842285,1.4679957628250122
mixture,em_uniform,"Euler--Maruyama, uniform t",Euler update,100,0,2,0,0.28623480699025095,0.3816464093203346,cuda,0.20202194154262543,0.22939954698085785,1.421008586883545
mixture,em_uniform,"Euler--Maruyama, uniform t",Euler update,100,0,2,1,0.2852130440296605,0.380284058706214,cuda,0.15535923838615417,0.2375982701778412,1.4545998573303223
mixture,em_log,"Euler--Maruyama, log sigma",Euler update,5,0,2,0,0.014274101937189698,0.01903213591625293,cuda,0.24380454421043396,1.845929503440857,3.235299825668335
mixture,em_log,"Euler--Maruyama, log sigma",Euler update,5,0,2,1,0.013803221052512527,0.01840429473668337,cuda,0.3095257878303528,1.6103544235229492,3.0724456310272217
mixture,em_log,"Euler--Maruyama, log sigma",Euler update,10,0,2,0,0.027724815998226404,0.03696642133096854,cuda,0.14054334163665771,0.6015592813491821,1.9459235668182373
mixture,em_log,"Euler--Maruyama, log sigma",Euler update,10,0,2,1,0.027903040987439454,0.03720405464991927,cuda,0.21602009236812592,0.5799840092658997,1.9200730323791504
mixture,em_log,"Euler--Maruyama, log sigma",Euler update,20,0,2,0,0.05642707692459226,0.07523610256612301,cuda,0.17130695283412933,0.3552141487598419,1.6118077039718628
mixture,em_log,"Euler--Maruyama, log sigma",Euler update,20,0,2,1,0.05599807691760361,0.07466410255680482,cuda,0.14813239872455597,0.3473186790943146,1.6048575639724731
mixture,em_log,"Euler--Maruyama, log sigma",Euler update,50,0,2,0,0.14182184205856174,0.18909578941141567,cuda,0.13627251982688904,0.24794411659240723,1.4454301595687866
mixture,em_log,"Euler--Maruyama, log sigma",Euler update,50,0,2,1,0.14119455695617944,0.18825940927490592,cuda,0.1911090761423111,0.23156216740608215,1.4213500022888184
mixture,em_log,"Euler--Maruyama, log sigma",Euler update,100,0,2,0,0.28369802806992084,0.3782640374265611,cuda,0.20484121143817902,0.1738000512123108,1.3164913654327393
mixture,em_log,"Euler--Maruyama, log sigma",Euler update,100,0,2,1,0.287827002000995,0.3837693360013266,cuda,0.1693560630083084,0.2297588437795639,1.4306641817092896
mixture,sigma_uniform_dpm,"Sigma-space DPM-1, uniform t",DPM predictor,5,0,3,0,0.013296429999172688,0.01772857333223025,cuda,1.3059468269348145,0.16695263981819153,1.340551733970642
mixture,sigma_uniform_dpm,"Sigma-space DPM-1, uniform t",DPM predictor,5,0,3,1,0.013471383019350469,0.017961844025800627,cuda,1.2868620157241821,0.18837858736515045,1.3586734533309937
mixture,sigma_uniform_dpm,"Sigma-space DPM-1, uniform t",DPM predictor,10,0,3,0,0.027425970998592675,0.0365679613314569,cuda,1.1544426679611206,0.24920982122421265,1.4732587337493896
mixture,sigma_uniform_dpm,"Sigma-space DPM-1, uniform t",DPM predictor,10,0,3,1,0.0275663590291515,0.036755145372202,cuda,1.1838369369506836,0.21867257356643677,1.4244577884674072
mixture,sigma_uniform_dpm,"Sigma-space DPM-1, uniform t",DPM predictor,20,0,3,0,0.05518460599705577,0.07357947466274102,cuda,1.2334274053573608,0.2731283903121948,1.5161298513412476
mixture,sigma_uniform_dpm,"Sigma-space DPM-1, uniform t",DPM predictor,20,0,3,1,0.05515244696289301,0.07353659595052402,cuda,1.1957788467407227,0.285016268491745,1.5413302183151245
mixture,sigma_uniform_dpm,"Sigma-space DPM-1, uniform t",DPM predictor,50,0,3,0,0.13882640609517694,0.18510187479356924,cuda,1.172381043434143,0.271129846572876,1.531352162361145
mixture,sigma_uniform_dpm,"Sigma-space DPM-1, uniform t",DPM predictor,50,0,3,1,0.13852440903428942,0.18469921204571924,cuda,1.2066998481750488,0.288674920797348,1.541285753250122
mixture,sigma_uniform_dpm,"Sigma-space DPM-1, uniform t",DPM predictor,100,0,3,0,0.300816977978684,0.40108930397157866,cuda,1.191597580909729,0.2706402540206909,1.5313917398452759
mixture,sigma_uniform_dpm,"Sigma-space DPM-1, uniform t",DPM predictor,100,0,3,1,0.2888571539660916,0.38514287195478875,cuda,1.1350306272506714,0.25541695952415466,1.5085103511810303
mixture,sigma_log_dpm,"Sigma-space DPM-1, log sigma",DPM predictor,5,0,3,0,0.013793507940135896,0.018391343920181196,cuda,1.335138201713562,0.14576856791973114,1.3477990627288818
mixture,sigma_log_dpm,"Sigma-space DPM-1, log sigma",DPM predictor,5,0,3,1,0.013501471024937928,0.018001961366583902,cuda,1.3164409399032593,0.15796314179897308,1.3527084589004517
mixture,sigma_log_dpm,"Sigma-space DPM-1, log sigma",DPM predictor,10,0,3,0,0.02814618404954672,0.03752824539939562,cuda,1.1786679029464722,0.24340122938156128,1.4909701347351074
mixture,sigma_log_dpm,"Sigma-space DPM-1, log sigma",DPM predictor,10,0,3,1,0.028252940974198282,0.03767058796559771,cuda,1.2086478471755981,0.2144346386194229,1.444500207901001
mixture,sigma_log_dpm,"Sigma-space DPM-1, log sigma",DPM predictor,20,0,3,0,0.05544787796679884,0.0739305039557318,cuda,1.247301459312439,0.27103450894355774,1.5268222093582153
mixture,sigma_log_dpm,"Sigma-space DPM-1, log sigma",DPM predictor,20,0,3,1,0.056164078996516764,0.07488543866202235,cuda,1.2103302478790283,0.2843995988368988,1.5540063381195068
mixture,sigma_log_dpm,"Sigma-space DPM-1, log sigma",DPM predictor,50,0,3,0,0.14125263004098088,0.18833684005464116,cuda,1.1787220239639282,0.2712607681751251,1.537343978881836
mixture,sigma_log_dpm,"Sigma-space DPM-1, log sigma",DPM predictor,50,0,3,1,0.1434292159974575,0.19123895466327667,cuda,1.2130104303359985,0.2883090078830719,1.5462546348571777
mixture,sigma_log_dpm,"Sigma-space DPM-1, log sigma",DPM predictor,100,0,3,0,0.288245499948971,0.3843273332652946,cuda,1.194892168045044,0.270846426486969,1.534618854522705
mixture,sigma_log_dpm,"Sigma-space DPM-1, log sigma",DPM predictor,100,0,3,1,0.2824842870468274,0.3766457160624365,cuda,1.1383826732635498,0.25568753480911255,1.5117257833480835
mixture,dpm2_uniform,"DPM-2 + corrector, uniform t",Overall sampler,5,0,3,0,0.09823429293464869,0.13097905724619827,cuda,0.9217056632041931,0.3172347843647003,1.6230652332305908
mixture,dpm2_uniform,"DPM-2 + corrector, uniform t",Overall sampler,5,0,3,1,0.09841256600338966,0.1312167546711862,cuda,1.0045784711837769,0.3165571987628937,1.6186325550079346
mixture,dpm2_uniform,"DPM-2 + corrector, uniform t",Overall sampler,10,0,3,0,0.14003046602010727,0.1867072880268097,cuda,0.8725851774215698,0.2798157036304474,1.5335396528244019
mixture,dpm2_uniform,"DPM-2 + corrector, uniform t",Overall sampler,10,0,3,1,0.14050715195480734,0.18734286927307645,cuda,0.8878076672554016,0.2754567861557007,1.5264499187469482
mixture,dpm2_uniform,"DPM-2 + corrector, uniform t",Overall sampler,20,0,3,0,0.23099768394604325,0.30799691192805767,cuda,0.8224806785583496,0.32086116075515747,1.5751813650131226
mixture,dpm2_uniform,"DPM-2 + corrector, uniform t",Overall sampler,20,0,3,1,0.2276008309563622,0.3034677746084829,cuda,0.8343120217323303,0.2818034291267395,1.5151442289352417
mixture,dpm2_uniform,"DPM-2 + corrector, uniform t",Overall sampler,50,0,3,0,0.4774950030259788,0.6366600040346384,cuda,0.7286535501480103,0.23912052810192108,1.4456961154937744
mixture,dpm2_uniform,"DPM-2 + corrector, uniform t",Overall sampler,50,0,3,1,0.49852869706228375,0.6647049294163784,cuda,0.7002657651901245,0.2168482095003128,1.4122244119644165
mixture,dpm2_uniform,"DPM-2 + corrector, uniform t",Overall sampler,100,0,3,0,0.9058784510707483,1.2078379347609978,cuda,0.5839096307754517,0.1717674881219864,1.3433442115783691
mixture,dpm2_uniform,"DPM-2 + corrector, uniform t",Overall sampler,100,0,3,1,0.9093272050376981,1.2124362733835976,cuda,0.6013230085372925,0.15249258279800415,1.3134040832519531
mixture,dpm2_log,"DPM-2 + corrector, log sigma",Overall sampler,5,0,3,0,0.10712371696718037,0.14283162262290716,cuda,0.9319280982017517,0.3517536520957947,1.6239376068115234
mixture,dpm2_log,"DPM-2 + corrector, log sigma",Overall sampler,5,0,3,1,0.10739829298108816,0.14319772397478422,cuda,0.9844107031822205,0.3279498219490051,1.587537169456482
mixture,dpm2_log,"DPM-2 + corrector, log sigma",Overall sampler,10,0,3,0,0.14499796996824443,0.1933306266243259,cuda,0.9847853779792786,0.31721431016921997,1.5678621530532837
mixture,dpm2_log,"DPM-2 + corrector, log sigma",Overall sampler,10,0,3,1,0.1506082359701395,0.20081098129351935,cuda,0.9993730783462524,0.2798626720905304,1.5290653705596924
mixture,dpm2_log,"DPM-2 + corrector, log sigma",Overall sampler,20,0,3,0,0.23643584398087114,0.3152477919744949,cuda,0.9179768562316895,0.30829545855522156,1.5485217571258545
mixture,dpm2_log,"DPM-2 + corrector, log sigma",Overall sampler,20,0,3,1,0.22435839904937893,0.2991445320658386,cuda,0.909983217716217,0.2728290855884552,1.4969366788864136
mixture,dpm2_log,"DPM-2 + corrector, log sigma",Overall sampler,50,0,3,0,0.47943157400004566,0.6392420986667275,cuda,0.7559931874275208,0.1695641726255417,1.3334403038024902
mixture,dpm2_log,"DPM-2 + corrector, log sigma",Overall sampler,50,0,3,1,0.4768784750485793,0.635837966731439,cuda,0.7385550737380981,0.1950853317975998,1.358597993850708
mixture,dpm2_log,"DPM-2 + corrector, log sigma",Overall sampler,100,0,3,0,0.8996813850244507,1.1995751800326009,cuda,0.5210572481155396,0.10744224488735199,1.208983063697815
mixture,dpm2_log,"DPM-2 + corrector, log sigma",Overall sampler,100,0,3,1,0.8893112249206752,1.1857482998942335,cuda,0.5428329110145569,0.08402247726917267,1.1683822870254517
mixture,em_uniform,"Euler--Maruyama, uniform t",Euler update,5,0,3,0,0.013488370925188065,0.01798449456691742,cuda,1.1790435314178467,1.049929141998291,2.60215163230896
mixture,em_uniform,"Euler--Maruyama, uniform t",Euler update,5,0,3,1,0.013447177945636213,0.017929570594181616,cuda,1.2287025451660156,1.0491735935211182,2.601104497909546
mixture,em_uniform,"Euler--Maruyama, uniform t",Euler update,10,0,3,0,0.02749621099792421,0.036661614663898945,cuda,1.0027986764907837,0.5595851540565491,1.9752148389816284
mixture,em_uniform,"Euler--Maruyama, uniform t",Euler update,10,0,3,1,0.027983566978946328,0.037311422638595104,cuda,1.0080300569534302,0.5635964870452881,2.00032114982605
mixture,em_uniform,"Euler--Maruyama, uniform t",Euler update,20,0,3,0,0.056573839974589646,0.0754317866327862,cuda,0.9242783188819885,0.4876978397369385,1.8467981815338135
mixture,em_uniform,"Euler--Maruyama, uniform t",Euler update,20,0,3,1,0.05607533408328891,0.07476711211105187,cuda,0.9371694326400757,0.4282224774360657,1.774766445159912
mixture,em_uniform,"Euler--Maruyama, uniform t",Euler update,50,0,3,0,0.1436953479424119,0.1915937972565492,cuda,0.8894731998443604,0.32044604420661926,1.6040537357330322
mixture,em_uniform,"Euler--Maruyama, uniform t",Euler update,50,0,3,1,0.14326686307322234,0.19102248409762979,cuda,0.8812565207481384,0.2867070138454437,1.544176459312439
mixture,em_uniform,"Euler--Maruyama, uniform t",Euler update,100,0,3,0,0.290558991022408,0.38741198802987736,cuda,0.8355094194412231,0.24040937423706055,1.4762953519821167
mixture,em_uniform,"Euler--Maruyama, uniform t",Euler update,100,0,3,1,0.2883736699586734,0.3844982266115646,cuda,0.8316680788993835,0.23495256900787354,1.468761920928955
mixture,em_log,"Euler--Maruyama, log sigma",Euler update,5,0,3,0,0.01395354198757559,0.018604722650100786,cuda,1.20634126663208,1.7952429056167603,3.2264821529388428
mixture,em_log,"Euler--Maruyama, log sigma",Euler update,5,0,3,1,0.01399079104885459,0.018654388065139454,cuda,1.252113938331604,2.0461413860321045,3.4122982025146484
mixture,em_log,"Euler--Maruyama, log sigma",Euler update,10,0,3,0,0.027980927960015833,0.03730790394668778,cuda,0.983444333076477,0.6137481331825256,1.9875574111938477
mixture,em_log,"Euler--Maruyama, log sigma",Euler update,10,0,3,1,0.028279482969082892,0.037705977292110525,cuda,0.9743008613586426,0.6304275989532471,2.0303385257720947
mixture,em_log,"Euler--Maruyama, log sigma",Euler update,20,0,3,0,0.056803097017109394,0.07573746268947919,cuda,0.8561487793922424,0.45045316219329834,1.7644606828689575
mixture,em_log,"Euler--Maruyama, log sigma",Euler update,20,0,3,1,0.056148799951188266,0.07486506660158436,cuda,0.8531891107559204,0.3863878846168518,1.6773688793182373
mixture,em_log,"Euler--Maruyama, log sigma",Euler update,50,0,3,0,0.14145104598719627,0.18860139464959502,cuda,0.8532106876373291,0.25638213753700256,1.4896602630615234
mixture,em_log,"Euler--Maruyama, log sigma",Euler update,50,0,3,1,0.14055782090872526,0.18741042787830034,cuda,0.8460780382156372,0.27128762006759644,1.4946916103363037
mixture,em_log,"Euler--Maruyama, log sigma",Euler update,100,0,3,0,0.2843529600650072,0.3791372800866763,cuda,0.808147668838501,0.21867482364177704,1.4205307960510254
mixture,em_log,"Euler--Maruyama, log sigma",Euler update,100,0,3,1,0.2852180290501565,0.38029070540020865,cuda,0.8152912259101868,0.2049790769815445,1.395974040031433
mixture,sigma_uniform_dpm,"Sigma-space DPM-1, uniform t",DPM predictor,5,1,0,0,0.016056741937063634,0.02140898924941818,cuda,0.20067134499549866,0.1924571990966797,1.3550817966461182
mixture,sigma_uniform_dpm,"Sigma-space DPM-1, uniform t",DPM predictor,5,1,0,1,0.013449530000798404,0.017932706667731207,cuda,0.2030268907546997,0.2067459225654602,1.3673691749572754
mixture,sigma_uniform_dpm,"Sigma-space DPM-1, uniform t",DPM predictor,10,1,0,0,0.027264069998636842,0.03635209333151579,cuda,0.21365422010421753,0.26219919323921204,1.4826489686965942
mixture,sigma_uniform_dpm,"Sigma-space DPM-1, uniform t",DPM predictor,10,1,0,1,0.02789272100199014,0.03719029466932019,cuda,0.19958418607711792,0.26644882559776306,1.474793791770935
mixture,sigma_uniform_dpm,"Sigma-space DPM-1, uniform t",DPM predictor,20,1,0,0,0.05507601099088788,0.07343468132118385,cuda,0.22567276656627655,0.2837696969509125,1.508030652999878
mixture,sigma_uniform_dpm,"Sigma-space DPM-1, uniform t",DPM predictor,20,1,0,1,0.05522237403783947,0.07362983205045263,cuda,0.19178226590156555,0.3039110004901886,1.5553240776062012
mixture,sigma_uniform_dpm,"Sigma-space DPM-1, uniform t",DPM predictor,50,1,0,0,0.14147735806182027,0.18863647741576037,cuda,0.23665395379066467,0.38203364610671997,1.6547040939331055
mixture,sigma_uniform_dpm,"Sigma-space DPM-1, uniform t",DPM predictor,50,1,0,1,0.13972208206541836,0.18629610942055783,cuda,0.1918981522321701,0.30060410499572754,1.5446751117706299
mixture,sigma_uniform_dpm,"Sigma-space DPM-1, uniform t",DPM predictor,100,1,0,0,0.2811683010077104,0.37489106801028055,cuda,0.200472891330719,0.31498992443084717,1.5616850852966309
mixture,sigma_uniform_dpm,"Sigma-space DPM-1, uniform t",DPM predictor,100,1,0,1,0.28054793598130345,0.37406391464173794,cuda,0.2094278484582901,0.32579299807548523,1.5814183950424194
mixture,sigma_log_dpm,"Sigma-space DPM-1, log sigma",DPM predictor,5,1,0,0,0.013745571952313185,0.018327429269750912,cuda,0.24775101244449615,0.12456309795379639,1.2926692962646484
mixture,sigma_log_dpm,"Sigma-space DPM-1, log sigma",DPM predictor,5,1,0,1,0.013767469092272222,0.018356625456362963,cuda,0.24686498939990997,0.13189184665679932,1.2941710948944092
mixture,sigma_log_dpm,"Sigma-space DPM-1, log sigma",DPM predictor,10,1,0,0,0.027425921987742186,0.03656789598365625,cuda,0.237485870718956,0.2384892851114273,1.4705345630645752
mixture,sigma_log_dpm,"Sigma-space DPM-1, log sigma",DPM predictor,10,1,0,1,0.027378484955988824,0.0365046466079851,cuda,0.22073994576931,0.24164831638336182,1.4603655338287354
mixture,sigma_log_dpm,"Sigma-space DPM-1, log sigma",DPM predictor,20,1,0,0,0.05535764794331044,0.07381019725774725,cuda,0.2356412708759308,0.27425965666770935,1.5056869983673096
mixture,sigma_log_dpm,"Sigma-space DPM-1, log sigma",DPM predictor,20,1,0,1,0.05540585797280073,0.07387447729706764,cuda,0.20327818393707275,0.2947772741317749,1.554396390914917
mixture,sigma_log_dpm,"Sigma-space DPM-1, log sigma",DPM predictor,50,1,0,0,0.14327105099800974,0.1910280679973463,cuda,0.2404482215642929,0.3782010078430176,1.6542261838912964
mixture,sigma_log_dpm,"Sigma-space DPM-1, log sigma",DPM predictor,50,1,0,1,0.14120101497974247,0.18826801997298995,cuda,0.19604897499084473,0.2976936995983124,1.5455808639526367
mixture,sigma_log_dpm,"Sigma-space DPM-1, log sigma",DPM predictor,100,1,0,0,0.2809132100082934,0.37455094667772454,cuda,0.2027064561843872,0.31355661153793335,1.5620918273925781
mixture,sigma_log_dpm,"Sigma-space DPM-1, log sigma",DPM predictor,100,1,0,1,0.2820648259948939,0.3760864346598585,cuda,0.21187348663806915,0.32431262731552124,1.581868052482605
mixture,dpm2_uniform,"DPM-2 + corrector, uniform t",Overall sampler,5,1,0,0,0.09787016303744167,0.13049355071658889,cuda,0.11943012475967407,0.3506777882575989,1.6461125612258911
mixture,dpm2_uniform,"DPM-2 + corrector, uniform t",Overall sampler,5,1,0,1,0.09650034096557647,0.1286671212874353,cuda,0.14559359848499298,0.3768235445022583,1.6725609302520752
mixture,dpm2_uniform,"DPM-2 + corrector, uniform t",Overall sampler,10,1,0,0,0.13921649393159896,0.1856219919087986,cuda,0.12847363948822021,0.29579994082450867,1.5406816005706787
mixture,dpm2_uniform,"DPM-2 + corrector, uniform t",Overall sampler,10,1,0,1,0.1389885579701513,0.18531807729353508,cuda,0.13829736411571503,0.27335357666015625,1.5109082460403442
mixture,dpm2_uniform,"DPM-2 + corrector, uniform t",Overall sampler,20,1,0,0,0.2260405169799924,0.30138735597332317,cuda,0.10945547372102737,0.31806039810180664,1.5632015466690063
mixture,dpm2_uniform,"DPM-2 + corrector, uniform t",Overall sampler,20,1,0,1,0.22360823897179216,0.2981443186290562,cuda,0.07398531585931778,0.33816882967948914,1.5797382593154907
mixture,dpm2_uniform,"DPM-2 + corrector, uniform t",Overall sampler,50,1,0,0,0.4777828969527036,0.6370438626036048,cuda,0.049659110605716705,0.24889852106571198,1.4574941396713257
mixture,dpm2_uniform,"DPM-2 + corrector, uniform t",Overall sampler,50,1,0,1,0.47565758891869336,0.6342101185582578,cuda,0.06669062376022339,0.2551446259021759,1.4589093923568726
mixture,dpm2_uniform,"DPM-2 + corrector, uniform t",Overall sampler,100,1,0,0,0.892973187030293,1.1906309160403907,cuda,0.06805358082056046,0.21085189282894135,1.3900760412216187
mixture,dpm2_uniform,"DPM-2 + corrector, uniform t",Overall sampler,100,1,0,1,0.8926697380375117,1.190226317383349,cuda,0.0241344403475523,0.24312715232372284,1.4426681995391846
mixture,dpm2_log,"DPM-2 + corrector, log sigma",Overall sampler,5,1,0,0,0.09828591102268547,0.13104788136358062,cuda,0.08099585026502609,0.3263487219810486,1.5784671306610107
mixture,dpm2_log,"DPM-2 + corrector, log sigma",Overall sampler,5,1,0,1,0.09793111099861562,0.13057481466482082,cuda,0.11949796974658966,0.35398992896080017,1.6078206300735474
mixture,dpm2_log,"DPM-2 + corrector, log sigma",Overall sampler,10,1,0,0,0.1396054329816252,0.1861405773088336,cuda,0.17327077686786652,0.34587037563323975,1.6003416776657104
mixture,dpm2_log,"DPM-2 + corrector, log sigma",Overall sampler,10,1,0,1,0.14033131790347397,0.18710842387129864,cuda,0.16881677508354187,0.29429328441619873,1.5226430892944336
mixture,dpm2_log,"DPM-2 + corrector, log sigma",Overall sampler,20,1,0,0,0.22563319199252874,0.30084425599003833,cuda,0.1450766921043396,0.2747911810874939,1.4838714599609375
mixture,dpm2_log,"DPM-2 + corrector, log sigma",Overall sampler,20,1,0,1,0.22563427709974349,0.300845702799658,cuda,0.10936243832111359,0.3297479450702667,1.5649980306625366
mixture,dpm2_log,"DPM-2 + corrector, log sigma",Overall sampler,50,1,0,0,0.47099015302956104,0.6279868707060814,cuda,0.06442143768072128,0.23237456381320953,1.4095187187194824
mixture,dpm2_log,"DPM-2 + corrector, log sigma",Overall sampler,50,1,0,1,0.4749620280927047,0.6332827041236063,cuda,0.074163056910038,0.22118915617465973,1.392848014831543
mixture,dpm2_log,"DPM-2 + corrector, log sigma",Overall sampler,100,1,0,0,0.8993986579589546,1.1991982106119394,cuda,0.04891645163297653,0.12569303810596466,1.2306698560714722
mixture,dpm2_log,"DPM-2 + corrector, log sigma",Overall sampler,100,1,0,1,0.8986187180271372,1.1981582907028496,cuda,0.005461788736283779,0.16695167124271393,1.297151803970337
mixture,em_uniform,"Euler--Maruyama, uniform t",Euler update,5,1,0,0,0.014066491974517703,0.01875532263269027,cuda,0.0950559675693512,1.0656144618988037,2.6232645511627197
mixture,em_uniform,"Euler--Maruyama, uniform t",Euler update,5,1,0,1,0.013989471015520394,0.018652628020693857,cuda,0.16107968986034393,1.2464083433151245,2.7860941886901855
mixture,em_uniform,"Euler--Maruyama, uniform t",Euler update,10,1,0,0,0.02865220094099641,0.03820293458799521,cuda,0.1799531877040863,0.693533718585968,2.1452951431274414
mixture,em_uniform,"Euler--Maruyama, uniform t",Euler update,10,1,0,1,0.02880325901787728,0.03840434535716971,cuda,0.17769864201545715,0.5326946973800659,1.9524545669555664
mixture,em_uniform,"Euler--Maruyama, uniform t",Euler update,20,1,0,0,0.06120987900067121,0.08161317200089495,cuda,0.14663635194301605,0.47130727767944336,1.8156065940856934
mixture,em_uniform,"Euler--Maruyama, uniform t",Euler update,20,1,0,1,0.06480195303447545,0.08640260404596727,cuda,0.1085442453622818,0.5092637538909912,1.8746883869171143
mixture,em_uniform,"Euler--Maruyama, uniform t",Euler update,50,1,0,0,0.16894556197803468,0.22526074930404624,cuda,0.09607817977666855,0.37040814757347107,1.6532920598983765
mixture,em_uniform,"Euler--Maruyama, uniform t",Euler update,50,1,0,1,0.16939620091579854,0.22586160122106472,cuda,0.06650327146053314,0.37153854966163635,1.657847285270691
mixture,em_uniform,"Euler--Maruyama, uniform t",Euler update,100,1,0,0,0.3169617389794439,0.4226156519725919,cuda,0.12887629866600037,0.3125603199005127,1.5590447187423706
mixture,em_uniform,"Euler--Maruyama, uniform t",Euler update,100,1,0,1,0.28934200503863394,0.38578934005151194,cuda,0.059782762080430984,0.3536861836910248,1.6192928552627563
mixture,em_log,"Euler--Maruyama, log sigma",Euler update,5,1,0,0,0.013867152971215546,0.01848953729495406,cuda,0.15131641924381256,1.8746249675750732,3.29146146774292
mixture,em_log,"Euler--Maruyama, log sigma",Euler update,5,1,0,1,0.013721961993724108,0.018295949324965477,cuda,0.21468551456928253,2.0340945720672607,3.421149492263794
mixture,em_log,"Euler--Maruyama, log sigma",Euler update,10,1,0,0,0.027933328063227236,0.03724443741763631,cuda,0.15495732426643372,0.7092263102531433,2.095899820327759
mixture,em_log,"Euler--Maruyama, log sigma",Euler update,10,1,0,1,0.027959405910223722,0.037279207880298294,cuda,0.15293936431407928,0.6026962995529175,1.976345419883728
mixture,em_log,"Euler--Maruyama, log sigma",Euler update,20,1,0,0,0.05695361096877605,0.07593814795836806,cuda,0.13815876841545105,0.41803431510925293,1.703410029411316
mixture,em_log,"Euler--Maruyama, log sigma",Euler update,20,1,0,1,0.05843437393195927,0.07791249857594569,cuda,0.10384410619735718,0.4641137421131134,1.7619436979293823
mixture,em_log,"Euler--Maruyama, log sigma",Euler update,50,1,0,0,0.14307388407178223,0.1907651787623763,cuda,0.09325291216373444,0.347164511680603,1.596802830696106
mixture,em_log,"Euler--Maruyama, log sigma",Euler update,50,1,0,1,0.14216358494013548,0.1895514465868473,cuda,0.08443371206521988,0.31921735405921936,1.5568841695785522
mixture,em_log,"Euler--Maruyama, log sigma",Euler update,100,1,0,0,0.28602523799054325,0.381366983987391,cuda,0.11142926663160324,0.2936127185821533,1.511820912361145
mixture,em_log,"Euler--Maruyama, log sigma",Euler update,100,1,0,1,0.2913426529848948,0.3884568706465264,cuda,0.05664444342255592,0.3567296266555786,1.604859471321106
mixture,sigma_uniform_dpm,"Sigma-space DPM-1, uniform t",DPM predictor,5,1,1,0,0.013601160957477987,0.018134881276637316,cuda,0.3365834653377533,0.23021520674228668,1.441521167755127
mixture,sigma_uniform_dpm,"Sigma-space DPM-1, uniform t",DPM predictor,5,1,1,1,0.01392947998829186,0.018572639984389145,cuda,0.3396974503993988,0.24916397035121918,1.4764233827590942
mixture,sigma_uniform_dpm,"Sigma-space DPM-1, uniform t",DPM predictor,10,1,1,0,0.029208288993686438,0.03894438532491525,cuda,0.33715444803237915,0.27435722947120667,1.5137526988983154
mixture,sigma_uniform_dpm,"Sigma-space DPM-1, uniform t",DPM predictor,10,1,1,1,0.02910617901943624,0.038808238692581654,cuda,0.32218268513679504,0.23409508168697357,1.446097493171692
mixture,sigma_uniform_dpm,"Sigma-space DPM-1, uniform t",DPM predictor,20,1,1,0,0.05701979307923466,0.07602639077231288,cuda,0.3050910234451294,0.3777182102203369,1.6631250381469727
mixture,sigma_uniform_dpm,"Sigma-space DPM-1, uniform t",DPM predictor,20,1,1,1,0.05569843505509198,0.07426458007345597,cuda,0.3301307260990143,0.3167623281478882,1.578904390335083
mixture,sigma_uniform_dpm,"Sigma-space DPM-1, uniform t",DPM predictor,50,1,1,0,0.13987406995147467,0.18649875993529955,cuda,0.33647021651268005,0.33141016960144043,1.6070525646209717
mixture,sigma_uniform_dpm,"Sigma-space DPM-1, uniform t",DPM predictor,50,1,1,1,0.1399632910033688,0.18661772133782506,cuda,0.3399539887905121,0.3287225067615509,1.6091763973236084
mixture,sigma_uniform_dpm,"Sigma-space DPM-1, uniform t",DPM predictor,100,1,1,0,0.28201913100201637,0.37602550800268847,cuda,0.3428348898887634,0.2698524594306946,1.5351147651672363
mixture,sigma_uniform_dpm,"Sigma-space DPM-1, uniform t",DPM predictor,100,1,1,1,0.2856846200302243,0.38091282670696575,cuda,0.3402334749698639,0.32606324553489685,1.5990084409713745
mixture,sigma_log_dpm,"Sigma-space DPM-1, log sigma",DPM predictor,5,1,1,0,0.013462544069625437,0.017950058759500582,cuda,0.4511299729347229,0.15272650122642517,1.3616644144058228
mixture,sigma_log_dpm,"Sigma-space DPM-1, log sigma",DPM predictor,5,1,1,1,0.013381591998040676,0.017842122664054234,cuda,0.4551243782043457,0.17043820023536682,1.3986179828643799
mixture,sigma_log_dpm,"Sigma-space DPM-1, log sigma",DPM predictor,10,1,1,0,0.028265052009373903,0.037686736012498535,cuda,0.39284130930900574,0.24615523219108582,1.494144320487976
mixture,sigma_log_dpm,"Sigma-space DPM-1, log sigma",DPM predictor,10,1,1,1,0.027640226995572448,0.0368536359940966,cuda,0.3769844174385071,0.20708854496479034,1.4269071817398071
mixture,sigma_log_dpm,"Sigma-space DPM-1, log sigma",DPM predictor,20,1,1,0,0.05514099006541073,0.0735213200872143,cuda,0.33088254928588867,0.36485037207603455,1.657458782196045
mixture,sigma_log_dpm,"Sigma-space DPM-1, log sigma",DPM predictor,20,1,1,1,0.0627337449695915,0.08364499329278867,cuda,0.3575659990310669,0.30514249205589294,1.5740795135498047
mixture,sigma_log_dpm,"Sigma-space DPM-1, log sigma",DPM predictor,50,1,1,0,0.16254958603531122,0.21673278138041496,cuda,0.3476518988609314,0.3279709815979004,1.6070928573608398
mixture,sigma_log_dpm,"Sigma-space DPM-1, log sigma",DPM predictor,50,1,1,1,0.15104206406977028,0.2013894187596937,cuda,0.3512234389781952,0.32506272196769714,1.6090890169143677
mixture,sigma_log_dpm,"Sigma-space DPM-1, log sigma",DPM predictor,100,1,1,0,0.2808553810464218,0.3744738413952291,cuda,0.3485981523990631,0.26857227087020874,1.5357552766799927
mixture,sigma_log_dpm,"Sigma-space DPM-1, log sigma",DPM predictor,100,1,1,1,0.28524845093488693,0.38033126791318256,cuda,0.34578749537467957,0.324332058429718,1.5990325212478638
mixture,dpm2_uniform,"DPM-2 + corrector, uniform t",Overall sampler,5,1,1,0,0.09628832002636045,0.12838442670181394,cuda,0.18366378545761108,0.4412417709827423,1.769819736480713
mixture,dpm2_uniform,"DPM-2 + corrector, uniform t",Overall sampler,5,1,1,1,0.10022062493953854,0.13362749991938472,cuda,0.1685822308063507,0.3220502436161041,1.6323802471160889
mixture,dpm2_uniform,"DPM-2 + corrector, uniform t",Overall sampler,10,1,1,0,0.13792635104618967,0.18390180139491955,cuda,0.13914334774017334,0.3270397484302521,1.5980995893478394
mixture,dpm2_uniform,"DPM-2 + corrector, uniform t",Overall sampler,10,1,1,1,0.13969500898383558,0.18626001197844744,cuda,0.15485374629497528,0.37823551893234253,1.6551928520202637
mixture,dpm2_uniform,"DPM-2 + corrector, uniform t",Overall sampler,20,1,1,0,0.22241807694081217,0.2965574359210829,cuda,0.09970618784427643,0.31260135769844055,1.5546258687973022
mixture,dpm2_uniform,"DPM-2 + corrector, uniform t",Overall sampler,20,1,1,1,0.2224362549604848,0.2965816732806464,cuda,0.11900731176137924,0.3049442768096924,1.5430152416229248
mixture,dpm2_uniform,"DPM-2 + corrector, uniform t",Overall sampler,50,1,1,0,0.4776356969960034,0.6368475959946712,cuda,0.08637818694114685,0.30881351232528687,1.547231674194336
mixture,dpm2_uniform,"DPM-2 + corrector, uniform t",Overall sampler,50,1,1,1,0.48259339400101453,0.6434578586680194,cuda,0.10087831318378448,0.28067636489868164,1.507228136062622
mixture,dpm2_uniform,"DPM-2 + corrector, uniform t",Overall sampler,100,1,1,0,0.9091438049217686,1.2121917398956914,cuda,0.046822402626276016,0.18789233267307281,1.3717198371887207
mixture,dpm2_uniform,"DPM-2 + corrector, uniform t",Overall sampler,100,1,1,1,0.904948145034723,1.206597526712964,cuda,0.02547285705804825,0.22423061728477478,1.4202077388763428
mixture,dpm2_log,"DPM-2 + corrector, log sigma",Overall sampler,5,1,1,0,0.09819228202104568,0.13092304269472757,cuda,0.1664918065071106,0.4065084755420685,1.6951918601989746
mixture,dpm2_log,"DPM-2 + corrector, log sigma",Overall sampler,5,1,1,1,0.09726566704921424,0.129687556065619,cuda,0.15789861977100372,0.3615424931049347,1.6447056531906128
mixture,dpm2_log,"DPM-2 + corrector, log sigma",Overall sampler,10,1,1,0,0.13938979094382375,0.18585305459176502,cuda,0.2144472748041153,0.35006341338157654,1.6127309799194336
mixture,dpm2_log,"DPM-2 + corrector, log sigma",Overall sampler,10,1,1,1,0.13803500100038946,0.18404666800051928,cuda,0.21461594104766846,0.36738070845603943,1.6315099000930786
mixture,dpm2_log,"DPM-2 + corrector, log sigma",Overall sampler,20,1,1,0,0.22076510998886079,0.2943534799851477,cuda,0.15282614529132843,0.32141488790512085,1.56192147731781
mixture,dpm2_log,"DPM-2 + corrector, log sigma",Overall sampler,20,1,1,1,0.22365166700910777,0.29820222267881036,cuda,0.14723259210586548,0.31800830364227295,1.5572489500045776
mixture,dpm2_log,"DPM-2 + corrector, log sigma",Overall sampler,50,1,1,0,0.47490528994239867,0.6332070532565316,cuda,0.0893508642911911,0.20435664057731628,1.3727986812591553
mixture,dpm2_log,"DPM-2 + corrector, log sigma",Overall sampler,50,1,1,1,0.4736781440442428,0.6315708587256571,cuda,0.099208302795887,0.21472696959972382,1.395870327949524
mixture,dpm2_log,"DPM-2 + corrector, log sigma",Overall sampler,100,1,1,0,0.8945432950276881,1.192724393370251,cuda,0.04169277846813202,0.15866030752658844,1.2916489839553833
mixture,dpm2_log,"DPM-2 + corrector, log sigma",Overall sampler,100,1,1,1,0.9040018720552325,1.2053358294069767,cuda,0.045063816010951996,0.13253815472126007,1.2488248348236084
mixture,em_uniform,"Euler--Maruyama, uniform t",Euler update,5,1,1,0,0.013728121062740684,0.01830416141698758,cuda,0.2796899676322937,1.14173424243927,2.708313226699829
mixture,em_uniform,"Euler--Maruyama, uniform t",Euler update,5,1,1,1,0.014102868968620896,0.01880382529149453,cuda,0.24810312688350677,1.106963872909546,2.6881959438323975
mixture,em_uniform,"Euler--Maruyama, uniform t",Euler update,10,1,1,0,0.028300885926000774,0.03773451456800103,cuda,0.1795036792755127,0.6548028588294983,2.1013081073760986
mixture,em_uniform,"Euler--Maruyama, uniform t",Euler update,10,1,1,1,0.028597907978110015,0.038130543970813356,cuda,0.17874640226364136,0.7182023525238037,2.1576499938964844
mixture,em_uniform,"Euler--Maruyama, uniform t",Euler update,20,1,1,0,0.0577084420947358,0.07694458945964773,cuda,0.12185194343328476,0.5133821368217468,1.877974271774292
mixture,em_uniform,"Euler--Maruyama, uniform t",Euler update,20,1,1,1,0.056849446962587535,0.07579926261678338,cuda,0.13286858797073364,0.4326492249965668,1.7807775735855103
mixture,em_uniform,"Euler--Maruyama, uniform t",Euler update,50,1,1,0,0.1445603430038318,0.19274712400510907,cuda,0.12898118793964386,0.39478346705436707,1.6935267448425293
mixture,em_uniform,"Euler--Maruyama, uniform t",Euler update,50,1,1,1,0.14781848795246333,0.1970913172699511,cuda,0.12909141182899475,0.3781746029853821,1.6781612634658813
mixture,em_uniform,"Euler--Maruyama, uniform t",Euler update,100,1,1,0,0.28843654703814536,0.38458206271752715,cuda,0.11741359531879425,0.3237157166004181,1.5915319919586182
mixture,em_uniform,"Euler--Maruyama, uniform t",Euler update,100,1,1,1,0.28824268898461014,0.3843235853128135,cuda,0.09644806385040283,0.31908348202705383,1.5795196294784546
mixture,em_log,"Euler--Maruyama, log sigma",Euler update,5,1,1,0,0.014382889028638601,0.019177185371518135,cuda,0.3270452618598938,1.7478668689727783,3.2721362113952637
mixture,em_log,"Euler--Maruyama, log sigma",Euler update,5,1,1,1,0.014238217961974442,0.01898429061596592,cuda,0.3590487241744995,1.824959635734558,3.3086655139923096
mixture,em_log,"Euler--Maruyama, log sigma",Euler update,10,1,1,0,0.028229983989149332,0.03763997865219911,cuda,0.15057674050331116,0.6907737255096436,2.0923285484313965
mixture,em_log,"Euler--Maruyama, log sigma",Euler update,10,1,1,1,0.028248487040400505,0.037664649387200676,cuda,0.1609351933002472,0.7705726623535156,2.159040689468384
mixture,em_log,"Euler--Maruyama, log sigma",Euler update,20,1,1,0,0.056693008984439075,0.07559067864591877,cuda,0.1251855492591858,0.43699750304222107,1.7422313690185547
mixture,em_log,"Euler--Maruyama, log sigma",Euler update,20,1,1,1,0.05696268496103585,0.07595024661471446,cuda,0.1052071824669838,0.4512927532196045,1.7582213878631592
mixture,em_log,"Euler--Maruyama, log sigma",Euler update,50,1,1,0,0.14313473098445684,0.1908463079792758,cuda,0.1173086166381836,0.281160444021225,1.511323094367981
mixture,em_log,"Euler--Maruyama, log sigma",Euler update,50,1,1,1,0.1444323139730841,0.1925764186307788,cuda,0.1187317818403244,0.307018905878067,1.5557832717895508
mixture,em_log,"Euler--Maruyama, log sigma",Euler update,100,1,1,0,0.2843389790505171,0.3791186387340228,cuda,0.10644886642694473,0.296598881483078,1.5290433168411255
mixture,em_log,"Euler--Maruyama, log sigma",Euler update,100,1,1,1,0.2862360669532791,0.38164808927103877,cuda,0.1099829450249672,0.2987504303455353,1.5375332832336426
mixture,sigma_uniform_dpm,"Sigma-space DPM-1, uniform t",DPM predictor,5,1,2,0,0.013380951015278697,0.017841268020371597,cuda,0.2837796211242676,0.15778717398643494,1.288812279701233
mixture,sigma_uniform_dpm,"Sigma-space DPM-1, uniform t",DPM predictor,5,1,2,1,0.013240700005553663,0.01765426667407155,cuda,0.2745291590690613,0.16521714627742767,1.294548511505127
mixture,sigma_uniform_dpm,"Sigma-space DPM-1, uniform t",DPM predictor,10,1,2,0,0.027227381942793727,0.03630317592372497,cuda,0.18163222074508667,0.34033021330833435,1.5826321840286255
mixture,sigma_uniform_dpm,"Sigma-space DPM-1, uniform t",DPM predictor,10,1,2,1,0.027481473982334137,0.03664196530977885,cuda,0.2315172404050827,0.26070740818977356,1.4587153196334839
mixture,sigma_uniform_dpm,"Sigma-space DPM-1, uniform t",DPM predictor,20,1,2,0,0.055380302015691996,0.07384040268758933,cuda,0.23556220531463623,0.2940899431705475,1.5376445055007935
mixture,sigma_uniform_dpm,"Sigma-space DPM-1, uniform t",DPM predictor,20,1,2,1,0.055491507053375244,0.07398867607116699,cuda,0.25908219814300537,0.2728482484817505,1.4925793409347534
mixture,sigma_uniform_dpm,"Sigma-space DPM-1, uniform t",DPM predictor,50,1,2,0,0.1389798540621996,0.1853064720829328,cuda,0.22849904000759125,0.2644534707069397,1.4845411777496338
mixture,sigma_uniform_dpm,"Sigma-space DPM-1, uniform t",DPM predictor,50,1,2,1,0.14031980198342353,0.18709306931123137,cuda,0.2638857364654541,0.25585219264030457,1.4706099033355713
mixture,sigma_uniform_dpm,"Sigma-space DPM-1, uniform t",DPM predictor,100,1,2,0,0.28176012996118516,0.3756801732815802,cuda,0.2124892622232437,0.28057292103767395,1.5144973993301392
mixture,sigma_uniform_dpm,"Sigma-space DPM-1, uniform t",DPM predictor,100,1,2,1,0.2806955280248076,0.37426070403307676,cuda,0.22226382791996002,0.3352147936820984,1.6019506454467773
mixture,sigma_log_dpm,"Sigma-space DPM-1, log sigma",DPM predictor,5,1,2,0,0.01502023299690336,0.02002697732920448,cuda,0.2751067578792572,0.103873610496521,1.2437920570373535
mixture,sigma_log_dpm,"Sigma-space DPM-1, log sigma",DPM predictor,5,1,2,1,0.013585458043962717,0.018113944058616955,cuda,0.26231688261032104,0.11044058203697205,1.2473336458206177
mixture,sigma_log_dpm,"Sigma-space DPM-1, log sigma",DPM predictor,10,1,2,0,0.027646595030091703,0.036862126706788935,cuda,0.1813298463821411,0.31493595242500305,1.5695838928222656
mixture,sigma_log_dpm,"Sigma-space DPM-1, log sigma",DPM predictor,10,1,2,1,0.027535113971680403,0.03671348529557387,cuda,0.22903336584568024,0.23941528797149658,1.4491640329360962
mixture,sigma_log_dpm,"Sigma-space DPM-1, log sigma",DPM predictor,20,1,2,0,0.056105219991877675,0.07480695998917024,cuda,0.23558010160923004,0.2856162488460541,1.5373297929763794
mixture,sigma_log_dpm,"Sigma-space DPM-1, log sigma",DPM predictor,20,1,2,1,0.05582474102266133,0.0744329880302151,cuda,0.25841468572616577,0.2648874819278717,1.4928096532821655
mixture,sigma_log_dpm,"Sigma-space DPM-1, log sigma",DPM predictor,50,1,2,0,0.13994312391150743,0.1865908318820099,cuda,0.2283855527639389,0.2619403004646301,1.485743522644043
mixture,sigma_log_dpm,"Sigma-space DPM-1, log sigma",DPM predictor,50,1,2,1,0.1402222440810874,0.18696299210811654,cuda,0.2635496258735657,0.2536190450191498,1.4720427989959717
mixture,sigma_log_dpm,"Sigma-space DPM-1, log sigma",DPM predictor,100,1,2,0,0.2830842339899391,0.3774456453199188,cuda,0.21256542205810547,0.2795080542564392,1.5154954195022583
mixture,sigma_log_dpm,"Sigma-space DPM-1, log sigma",DPM predictor,100,1,2,1,0.28137178893666714,0.3751623852488895,cuda,0.22244633734226227,0.33386796712875366,1.6027910709381104
mixture,dpm2_uniform,"DPM-2 + corrector, uniform t",Overall sampler,5,1,2,0,0.09718159306794405,0.1295754574239254,cuda,0.21127456426620483,0.35044151544570923,1.647067666053772
mixture,dpm2_uniform,"DPM-2 + corrector, uniform t",Overall sampler,5,1,2,1,0.09769442898686975,0.13025923864915967,cuda,0.27486878633499146,0.34496569633483887,1.6353511810302734
mixture,dpm2_uniform,"DPM-2 + corrector, uniform t",Overall sampler,10,1,2,0,0.13739501300733536,0.18319335067644715,cuda,0.12764275074005127,0.33545148372650146,1.5870435237884521
mixture,dpm2_uniform,"DPM-2 + corrector, uniform t",Overall sampler,10,1,2,1,0.13722884596791118,0.18297179462388158,cuda,0.16854827105998993,0.3053017854690552,1.5469698905944824
mixture,dpm2_uniform,"DPM-2 + corrector, uniform t",Overall sampler,20,1,2,0,0.22336379101034254,0.29781838801379007,cuda,0.14028207957744598,0.35829856991767883,1.6099659204483032
mixture,dpm2_uniform,"DPM-2 + corrector, uniform t",Overall sampler,20,1,2,1,0.22238458099309355,0.29651277465745807,cuda,0.1335139274597168,0.2894901633262634,1.5137985944747925
mixture,dpm2_uniform,"DPM-2 + corrector, uniform t",Overall sampler,50,1,2,0,0.47507786902133375,0.6334371586951116,cuda,0.07985330373048782,0.25119051337242126,1.4533767700195312
mixture,dpm2_uniform,"DPM-2 + corrector, uniform t",Overall sampler,50,1,2,1,0.48535937699489295,0.6471458359931906,cuda,0.12934036552906036,0.21517786383628845,1.3995949029922485
mixture,dpm2_uniform,"DPM-2 + corrector, uniform t",Overall sampler,100,1,2,0,0.8982486160239205,1.1976648213652272,cuda,0.11394304782152176,0.20768681168556213,1.3757178783416748
mixture,dpm2_uniform,"DPM-2 + corrector, uniform t",Overall sampler,100,1,2,1,0.8898719000862911,1.1864958667817216,cuda,0.07329481095075607,0.18641743063926697,1.348152995109558
mixture,dpm2_log,"DPM-2 + corrector, log sigma",Overall sampler,5,1,2,0,0.09576468600425869,0.12768624800567827,cuda,0.20822197198867798,0.3084140419960022,1.5537161827087402
mixture,dpm2_log,"DPM-2 + corrector, log sigma",Overall sampler,5,1,2,1,0.0960536990314722,0.1280715987086296,cuda,0.2568359076976776,0.28308480978012085,1.510498285293579
mixture,dpm2_log,"DPM-2 + corrector, log sigma",Overall sampler,10,1,2,0,0.13982410996686667,0.1864321466224889,cuda,0.11658824235200882,0.39802512526512146,1.6559890508651733
mixture,dpm2_log,"DPM-2 + corrector, log sigma",Overall sampler,10,1,2,1,0.13886686996556818,0.18515582662075758,cuda,0.19219821691513062,0.3046429753303528,1.5291942358016968
mixture,dpm2_log,"DPM-2 + corrector, log sigma",Overall sampler,20,1,2,0,0.2215332860359922,0.2953777147146563,cuda,0.16143853962421417,0.31349480152130127,1.540367603302002
mixture,dpm2_log,"DPM-2 + corrector, log sigma",Overall sampler,20,1,2,1,0.22115580004174262,0.29487440005565685,cuda,0.1528138369321823,0.2688876986503601,1.483035922050476
mixture,dpm2_log,"DPM-2 + corrector, log sigma",Overall sampler,50,1,2,0,0.49159833905287087,0.6554644520704945,cuda,0.09255057573318481,0.1929982751607895,1.347543478012085
mixture,dpm2_log,"DPM-2 + corrector, log sigma",Overall sampler,50,1,2,1,0.49685227510053664,0.6624697001340488,cuda,0.14269240200519562,0.18614831566810608,1.3363163471221924
mixture,dpm2_log,"DPM-2 + corrector, log sigma",Overall sampler,100,1,2,0,0.8939427069853991,1.1919236093138654,cuda,0.12299902737140656,0.08196740597486496,1.1322121620178223
mixture,dpm2_log,"DPM-2 + corrector, log sigma",Overall sampler,100,1,2,1,0.9280958289746195,1.2374611052994926,cuda,0.08235909789800644,0.09962841123342514,1.19187593460083
mixture,em_uniform,"Euler--Maruyama, uniform t",Euler update,5,1,2,0,0.013664976111613214,0.018219968148817618,cuda,0.22706051170825958,1.1928330659866333,2.7513349056243896
mixture,em_uniform,"Euler--Maruyama, uniform t",Euler update,5,1,2,1,0.013532241922803223,0.0180429892304043,cuda,0.34324321150779724,1.091704249382019,2.654099225997925
mixture,em_uniform,"Euler--Maruyama, uniform t",Euler update,10,1,2,0,0.028383811004459858,0.03784508133927981,cuda,0.15414661169052124,0.6866631507873535,2.1138930320739746
mixture,em_uniform,"Euler--Maruyama, uniform t",Euler update,10,1,2,1,0.028447919990867376,0.037930559987823166,cuda,0.20569778978824615,0.5780304074287415,2.0124270915985107
mixture,em_uniform,"Euler--Maruyama, uniform t",Euler update,20,1,2,0,0.05807271192315966,0.07743028256421287,cuda,0.158832386136055,0.5122295022010803,1.8694477081298828
mixture,em_uniform,"Euler--Maruyama, uniform t",Euler update,20,1,2,1,0.05822161596734077,0.0776288212897877,cuda,0.18347656726837158,0.4631674885749817,1.8158111572265625
mixture,em_uniform,"Euler--Maruyama, uniform t",Euler update,50,1,2,0,0.14606987196020782,0.1947598292802771,cuda,0.11665961146354675,0.33455929160118103,1.6072231531143188
mixture,em_uniform,"Euler--Maruyama, uniform t",Euler update,50,1,2,1,0.14433754503261298,0.19245006004348397,cuda,0.19332948327064514,0.2859708070755005,1.5275630950927734
mixture,em_uniform,"Euler--Maruyama, uniform t",Euler update,100,1,2,0,0.28551799803972244,0.38069066405296326,cuda,0.18617580831050873,0.2602982223033905,1.4728546142578125
mixture,em_uniform,"Euler--Maruyama, uniform t",Euler update,100,1,2,1,0.2857602699659765,0.38101369328796864,cuda,0.1390930861234665,0.27570798993110657,1.5210521221160889
mixture,em_log,"Euler--Maruyama, log sigma",Euler update,5,1,2,0,0.013689378974959254,0.01825250529994567,cuda,0.22367598116397858,2.1730756759643555,3.540955066680908
mixture,em_log,"Euler--Maruyama, log sigma",Euler update,5,1,2,1,0.013876338955014944,0.01850178527335326,cuda,0.28093042969703674,1.9150604009628296,3.364905834197998
mixture,em_log,"Euler--Maruyama, log sigma",Euler update,10,1,2,0,0.028502215049229562,0.03800295339897275,cuda,0.11489355564117432,0.7405099272727966,2.1226258277893066
mixture,em_log,"Euler--Maruyama, log sigma",Euler update,10,1,2,1,0.027981498977169394,0.03730866530289253,cuda,0.19088149070739746,0.7189267873764038,2.093942165374756
mixture,em_log,"Euler--Maruyama, log sigma",Euler update,20,1,2,0,0.0575877670198679,0.07678368935982387,cuda,0.152165025472641,0.43560799956321716,1.7272166013717651
mixture,em_log,"Euler--Maruyama, log sigma",Euler update,20,1,2,1,0.05654343799687922,0.07539125066250563,cuda,0.12789231538772583,0.41459769010543823,1.7067575454711914
mixture,em_log,"Euler--Maruyama, log sigma",Euler update,50,1,2,0,0.14465014298912138,0.1928668573188285,cuda,0.11808638274669647,0.28576937317848206,1.5084148645401
mixture,em_log,"Euler--Maruyama, log sigma",Euler update,50,1,2,1,0.14671360794454813,0.19561814392606416,cuda,0.17477481067180634,0.2726939618587494,1.4912357330322266
mixture,em_log,"Euler--Maruyama, log sigma",Euler update,100,1,2,0,0.28876110806595534,0.38501481075460714,cuda,0.18982113897800446,0.20323079824447632,1.3719098567962646
mixture,em_log,"Euler--Maruyama, log sigma",Euler update,100,1,2,1,0.2893972269957885,0.385862969327718,cuda,0.15320275723934174,0.26903828978538513,1.498920202255249
mixture,sigma_uniform_dpm,"Sigma-space DPM-1, uniform t",DPM predictor,5,1,3,0,0.014159225975163281,0.018878967966884375,cuda,1.3058140277862549,0.2531569302082062,1.4932427406311035
mixture,sigma_uniform_dpm,"Sigma-space DPM-1, uniform t",DPM predictor,5,1,3,1,0.013396444031968713,0.017861925375958283,cuda,1.2871142625808716,0.27552783489227295,1.5072907209396362
mixture,sigma_uniform_dpm,"Sigma-space DPM-1, uniform t",DPM predictor,10,1,3,0,0.027853182051330805,0.03713757606844107,cuda,1.1606712341308594,0.348455011844635,1.6418784856796265
mixture,sigma_uniform_dpm,"Sigma-space DPM-1, uniform t",DPM predictor,10,1,3,1,0.027439367026090622,0.03658582270145416,cuda,1.189560055732727,0.3052770793437958,1.5765780210494995
mixture,sigma_uniform_dpm,"Sigma-space DPM-1, uniform t",DPM predictor,20,1,3,0,0.055719505064189434,0.07429267341891925,cuda,1.2518028020858765,0.37330880761146545,1.6781563758850098
mixture,sigma_uniform_dpm,"Sigma-space DPM-1, uniform t",DPM predictor,20,1,3,1,0.056160771986469626,0.07488102931529284,cuda,1.2069776058197021,0.3792091906070709,1.7001973390579224
mixture,sigma_uniform_dpm,"Sigma-space DPM-1, uniform t",DPM predictor,50,1,3,0,0.13993994100019336,0.18658658800025782,cuda,1.1864336729049683,0.36115899682044983,1.6821701526641846
mixture,sigma_uniform_dpm,"Sigma-space DPM-1, uniform t",DPM predictor,50,1,3,1,0.14065254491288215,0.18753672655050954,cuda,1.2259212732315063,0.3860481381416321,1.6991108655929565
mixture,sigma_uniform_dpm,"Sigma-space DPM-1, uniform t",DPM predictor,100,1,3,0,0.2796775329625234,0.37290337728336453,cuda,1.2102766036987305,0.3584657311439514,1.6771483421325684
mixture,sigma_uniform_dpm,"Sigma-space DPM-1, uniform t",DPM predictor,100,1,3,1,0.27966751297935843,0.3728900173058112,cuda,1.1475379467010498,0.33809682726860046,1.6530978679656982
mixture,sigma_log_dpm,"Sigma-space DPM-1, log sigma",DPM predictor,5,1,3,0,0.013987965998239815,0.01865062133098642,cuda,1.3626806735992432,0.2124459594488144,1.4802839756011963
mixture,sigma_log_dpm,"Sigma-space DPM-1, log sigma",DPM predictor,5,1,3,1,0.013676968985237181,0.018235958646982908,cuda,1.3453850746154785,0.22129958868026733,1.478041410446167
mixture,sigma_log_dpm,"Sigma-space DPM-1, log sigma",DPM predictor,10,1,3,0,0.027642881963402033,0.03685717595120271,cuda,1.196007490158081,0.33082666993141174,1.641507863998413
mixture,sigma_log_dpm,"Sigma-space DPM-1, log sigma",DPM predictor,10,1,3,1,0.027716772980056703,0.03695569730674227,cuda,1.223465919494629,0.29060131311416626,1.5792590379714966
mixture,sigma_log_dpm,"Sigma-space DPM-1, log sigma",DPM predictor,20,1,3,0,0.05567758099641651,0.07423677466188867,cuda,1.2689504623413086,0.3645804226398468,1.6779017448425293
mixture,sigma_log_dpm,"Sigma-space DPM-1, log sigma",DPM predictor,20,1,3,1,0.05559511901810765,0.07412682535747687,cuda,1.2250443696975708,0.37232300639152527,1.7024794816970825
mixture,sigma_log_dpm,"Sigma-space DPM-1, log sigma",DPM predictor,50,1,3,0,0.1405274859862402,0.18736998131498694,cuda,1.1939448118209839,0.3591245710849762,1.6838818788528442
mixture,sigma_log_dpm,"Sigma-space DPM-1, log sigma",DPM predictor,50,1,3,1,0.1396584629546851,0.1862112839395801,cuda,1.233376145362854,0.38345420360565186,1.7001006603240967
mixture,sigma_log_dpm,"Sigma-space DPM-1, log sigma",DPM predictor,100,1,3,0,0.28194232005625963,0.3759230934083462,cuda,1.2141587734222412,0.3576970398426056,1.6782735586166382
mixture,sigma_log_dpm,"Sigma-space DPM-1, log sigma",DPM predictor,100,1,3,1,0.2808377780020237,0.37445037066936493,cuda,1.151503324508667,0.3374212086200714,1.6542627811431885
mixture,dpm2_uniform,"DPM-2 + corrector, uniform t",Overall sampler,5,1,3,0,0.09686341392807662,0.12915121857076883,cuda,0.9251420497894287,0.3934441804885864,1.7499314546585083
mixture,dpm2_uniform,"DPM-2 + corrector, uniform t",Overall sampler,5,1,3,1,0.09705638908781111,0.12940851878374815,cuda,1.0120339393615723,0.38889214396476746,1.7385973930358887
mixture,dpm2_uniform,"DPM-2 + corrector, uniform t",Overall sampler,10,1,3,0,0.14435504691209644,0.19247339588279525,cuda,0.8918848037719727,0.36187228560447693,1.6800134181976318
mixture,dpm2_uniform,"DPM-2 + corrector, uniform t",Overall sampler,10,1,3,1,0.14050364296417683,0.18733819061890244,cuda,0.9024184346199036,0.3485635817050934,1.6631405353546143
mixture,dpm2_uniform,"DPM-2 + corrector, uniform t",Overall sampler,20,1,3,0,0.2280422269832343,0.3040563026443124,cuda,0.8444040417671204,0.41668426990509033,1.738699197769165
mixture,dpm2_uniform,"DPM-2 + corrector, uniform t",Overall sampler,20,1,3,1,0.2227152429986745,0.29695365733156603,cuda,0.84549480676651,0.3505208194255829,1.6449759006500244
mixture,dpm2_uniform,"DPM-2 + corrector, uniform t",Overall sampler,50,1,3,0,0.4806655019056052,0.6408873358741403,cuda,0.7330899238586426,0.283985435962677,1.5497491359710693
mixture,dpm2_uniform,"DPM-2 + corrector, uniform t",Overall sampler,50,1,3,1,0.4753921650117263,0.6338562200156351,cuda,0.703889787197113,0.2642074227333069,1.5165914297103882
mixture,dpm2_uniform,"DPM-2 + corrector, uniform t",Overall sampler,100,1,3,0,0.8926547359442338,1.1902063145923119,cuda,0.5834671854972839,0.19991730153560638,1.4269459247589111
mixture,dpm2_uniform,"DPM-2 + corrector, uniform t",Overall sampler,100,1,3,1,0.8996991449967027,1.1995988599956036,cuda,0.6012130379676819,0.1869606375694275,1.4109694957733154
mixture,dpm2_log,"DPM-2 + corrector, log sigma",Overall sampler,5,1,3,0,0.09572604100685567,0.12763472134247422,cuda,0.9384731650352478,0.41542771458625793,1.7470816373825073
mixture,dpm2_log,"DPM-2 + corrector, log sigma",Overall sampler,5,1,3,1,0.09729176992550492,0.12972235990067324,cuda,0.9904281497001648,0.38653331995010376,1.701831340789795
mixture,dpm2_log,"DPM-2 + corrector, log sigma",Overall sampler,10,1,3,0,0.13756464200560004,0.1834195226741334,cuda,1.0075678825378418,0.4137073755264282,1.7260053157806396
mixture,dpm2_log,"DPM-2 + corrector, log sigma",Overall sampler,10,1,3,1,0.13991959393024445,0.18655945857365927,cuda,1.017991065979004,0.3655906617641449,1.6816819906234741
mixture,dpm2_log,"DPM-2 + corrector, log sigma",Overall sampler,20,1,3,0,0.2239213960710913,0.29856186142812174,cuda,0.9477748274803162,0.40793856978416443,1.7179296016693115
mixture,dpm2_log,"DPM-2 + corrector, log sigma",Overall sampler,20,1,3,1,0.22361133608501405,0.29814844811335206,cuda,0.9284758567810059,0.34958648681640625,1.6411240100860596
mixture,dpm2_log,"DPM-2 + corrector, log sigma",Overall sampler,50,1,3,0,0.4760878609959036,0.6347838146612048,cuda,0.7817854881286621,0.2246021032333374,1.458316683769226
mixture,dpm2_log,"DPM-2 + corrector, log sigma",Overall sampler,50,1,3,1,0.481411952059716,0.641882602746288,cuda,0.7634702920913696,0.2440537065267563,1.466652274131775
mixture,dpm2_log,"DPM-2 + corrector, log sigma",Overall sampler,100,1,3,0,0.8916476420126855,1.1888635226835806,cuda,0.5543226599693298,0.11868833750486374,1.2650038003921509
mixture,dpm2_log,"DPM-2 + corrector, log sigma",Overall sampler,100,1,3,1,0.8936876660445705,1.191583554726094,cuda,0.5765933394432068,0.10034783184528351,1.2338217496871948
mixture,em_uniform,"Euler--Maruyama, uniform t",Euler update,5,1,3,0,0.013615628005936742,0.01815417067458232,cuda,1.1713526248931885,1.2454530000686646,2.7889938354492188
mixture,em_uniform,"Euler--Maruyama, uniform t",Euler update,5,1,3,1,0.01365634601097554,0.018208461347967386,cuda,1.2266242504119873,1.2526772022247314,2.792471170425415
mixture,em_uniform,"Euler--Maruyama, uniform t",Euler update,10,1,3,0,0.02778317895717919,0.037044238609572254,cuda,1.0035626888275146,0.693583607673645,2.146754026412964
mixture,em_uniform,"Euler--Maruyama, uniform t",Euler update,10,1,3,1,0.027949883951805532,0.03726651193574071,cuda,1.004952073097229,0.6982723474502563,2.177513599395752
mixture,em_uniform,"Euler--Maruyama, uniform t",Euler update,20,1,3,0,0.05684018903411925,0.075786918712159,cuda,0.9336803555488586,0.6214345097541809,2.033451795578003
mixture,em_uniform,"Euler--Maruyama, uniform t",Euler update,20,1,3,1,0.05623666604515165,0.07498222139353554,cuda,0.9343854784965515,0.522872805595398,1.9194680452346802
mixture,em_uniform,"Euler--Maruyama, uniform t",Euler update,50,1,3,0,0.14252867992036045,0.19003823989381394,cuda,0.902198076248169,0.40442076325416565,1.7494595050811768
mixture,em_uniform,"Euler--Maruyama, uniform t",Euler update,50,1,3,1,0.14373671007342637,0.19164894676456848,cuda,0.8938708901405334,0.36487409472465515,1.6809396743774414
mixture,em_uniform,"Euler--Maruyama, uniform t",Euler update,100,1,3,0,0.2866531809559092,0.3822042412745456,cuda,0.8497303128242493,0.30605098605155945,1.6055840253829956
mixture,em_uniform,"Euler--Maruyama, uniform t",Euler update,100,1,3,1,0.2851003840332851,0.38013384537771344,cuda,0.8452466726303101,0.3052947223186493,1.6083953380584717
mixture,em_log,"Euler--Maruyama, log sigma",Euler update,5,1,3,0,0.014045245945453644,0.01872699459393819,cuda,1.2602183818817139,2.1372616291046143,3.5334503650665283
mixture,em_log,"Euler--Maruyama, log sigma",Euler update,5,1,3,1,0.014029799029231071,0.01870639870564143,cuda,1.312416672706604,2.440182685852051,3.741712808609009
mixture,em_log,"Euler--Maruyama, log sigma",Euler update,10,1,3,0,0.028270659036934376,0.037694212049245834,cuda,1.0207130908966064,0.7682157754898071,2.198406934738159
mixture,em_log,"Euler--Maruyama, log sigma",Euler update,10,1,3,1,0.02799829002469778,0.03733105336626371,cuda,0.9983465075492859,0.7930291295051575,2.258344888687134
mixture,em_log,"Euler--Maruyama, log sigma",Euler update,20,1,3,0,0.05719675496220589,0.07626233994960785,cuda,0.8831002712249756,0.5811595916748047,1.9644126892089844
mixture,em_log,"Euler--Maruyama, log sigma",Euler update,20,1,3,1,0.05712743895128369,0.07616991860171159,cuda,0.8680774569511414,0.4796677529811859,1.8379883766174316
mixture,em_log,"Euler--Maruyama, log sigma",Euler update,50,1,3,0,0.14366964809596539,0.19155953079462051,cuda,0.8759071826934814,0.3386083245277405,1.643432855606079
mixture,em_log,"Euler--Maruyama, log sigma",Euler update,50,1,3,1,0.14264700596686453,0.19019600795581937,cuda,0.8672271370887756,0.34569451212882996,1.6338871717453003
mixture,em_log,"Euler--Maruyama, log sigma",Euler update,100,1,3,0,0.3114536199718714,0.4152714932958285,cuda,0.8285447955131531,0.2764793336391449,1.5425697565078735
mixture,em_log,"Euler--Maruyama, log sigma",Euler update,100,1,3,1,0.2894709809916094,0.3859613079888125,cuda,0.8355493545532227,0.27084219455718994,1.5309306383132935
mixture,sigma_uniform_dpm,"Sigma-space DPM-1, uniform t",DPM predictor,5,2,0,0,0.01666221593040973,0.022216287907212973,cuda,0.1831105500459671,0.13679543137550354,1.2290253639221191
mixture,sigma_uniform_dpm,"Sigma-space DPM-1, uniform t",DPM predictor,5,2,0,1,0.013979741954244673,0.0186396559389929,cuda,0.1864936798810959,0.1511465311050415,1.247952938079834
mixture,sigma_uniform_dpm,"Sigma-space DPM-1, uniform t",DPM predictor,10,2,0,0,0.02808999689295888,0.03745332919061184,cuda,0.19158141314983368,0.2118980586528778,1.380990982055664
mixture,sigma_uniform_dpm,"Sigma-space DPM-1, uniform t",DPM predictor,10,2,0,1,0.02828496100846678,0.037713281344622374,cuda,0.1786992996931076,0.21188810467720032,1.3741449117660522
mixture,sigma_uniform_dpm,"Sigma-space DPM-1, uniform t",DPM predictor,20,2,0,0,0.056738193961791694,0.07565092528238893,cuda,0.2100556641817093,0.23968668282032013,1.4330899715423584
mixture,sigma_uniform_dpm,"Sigma-space DPM-1, uniform t",DPM predictor,20,2,0,1,0.055880793021060526,0.0745077240280807,cuda,0.17768318951129913,0.2500157952308655,1.4578315019607544
mixture,sigma_uniform_dpm,"Sigma-space DPM-1, uniform t",DPM predictor,50,2,0,0,0.14195927407126874,0.18927903209502497,cuda,0.22435219585895538,0.3244279623031616,1.5660927295684814
mixture,sigma_uniform_dpm,"Sigma-space DPM-1, uniform t",DPM predictor,50,2,0,1,0.13970576308201998,0.18627435077602664,cuda,0.18303462862968445,0.25548696517944336,1.4735685586929321
mixture,sigma_uniform_dpm,"Sigma-space DPM-1, uniform t",DPM predictor,100,2,0,0,0.28305830201134086,0.3774110693484545,cuda,0.19116008281707764,0.2725173234939575,1.4942917823791504
mixture,sigma_uniform_dpm,"Sigma-space DPM-1, uniform t",DPM predictor,100,2,0,1,0.28422071202658117,0.3789609493687749,cuda,0.20389515161514282,0.2770662009716034,1.5056452751159668
mixture,sigma_log_dpm,"Sigma-space DPM-1, log sigma",DPM predictor,5,2,0,0,0.013905612053349614,0.01854081607113282,cuda,0.224491149187088,0.11404568701982498,1.2284857034683228
mixture,sigma_log_dpm,"Sigma-space DPM-1, log sigma",DPM predictor,5,2,0,1,0.013643049984239042,0.018190733312318724,cuda,0.22679650783538818,0.12746767699718475,1.2437365055084229
mixture,sigma_log_dpm,"Sigma-space DPM-1, log sigma",DPM predictor,10,2,0,0,0.029852477950043976,0.039803303933391966,cuda,0.22151800990104675,0.21080435812473297,1.4054536819458008
mixture,sigma_log_dpm,"Sigma-space DPM-1, log sigma",DPM predictor,10,2,0,1,0.028299956931732595,0.03773327590897679,cuda,0.20528778433799744,0.20974411070346832,1.3958905935287476
mixture,sigma_log_dpm,"Sigma-space DPM-1, log sigma",DPM predictor,20,2,0,0,0.05642962199635804,0.07523949599514405,cuda,0.2229515165090561,0.24026620388031006,1.4463832378387451
mixture,sigma_log_dpm,"Sigma-space DPM-1, log sigma",DPM predictor,20,2,0,1,0.05638366797938943,0.07517822397251923,cuda,0.19151350855827332,0.2506089508533478,1.4719425439834595
mixture,sigma_log_dpm,"Sigma-space DPM-1, log sigma",DPM predictor,50,2,0,0,0.14375382498838007,0.19167176665117344,cuda,0.22920043766498566,0.32470986247062683,1.5714260339736938
mixture,sigma_log_dpm,"Sigma-space DPM-1, log sigma",DPM predictor,50,2,0,1,0.14362896408420056,0.19150528544560075,cuda,0.18800801038742065,0.25590819120407104,1.4794102907180786
mixture,sigma_log_dpm,"Sigma-space DPM-1, log sigma",DPM predictor,100,2,0,0,0.28029883303679526,0.37373177738239366,cuda,0.19372457265853882,0.2727687656879425,1.4971730709075928
mixture,sigma_log_dpm,"Sigma-space DPM-1, log sigma",DPM predictor,100,2,0,1,0.28299816604703665,0.37733088806271553,cuda,0.20671804249286652,0.2772083878517151,1.5084577798843384
mixture,dpm2_uniform,"DPM-2 + corrector, uniform t",Overall sampler,5,2,0,0,0.09749962401110679,0.12999949868147573,cuda,0.11057160794734955,0.294403076171875,1.5684001445770264
mixture,dpm2_uniform,"DPM-2 + corrector, uniform t",Overall sampler,5,2,0,1,0.09640058199875057,0.12853410933166742,cuda,0.13799990713596344,0.3120625615119934,1.5844755172729492
mixture,dpm2_uniform,"DPM-2 + corrector, uniform t",Overall sampler,10,2,0,0,0.1374236160190776,0.1832314880254368,cuda,0.1174689456820488,0.24808533489704132,1.465852975845337
mixture,dpm2_uniform,"DPM-2 + corrector, uniform t",Overall sampler,10,2,0,1,0.13986489991657436,0.18648653322209915,cuda,0.12726165354251862,0.2332811951637268,1.4483609199523926
mixture,dpm2_uniform,"DPM-2 + corrector, uniform t",Overall sampler,20,2,0,0,0.2270038389833644,0.3026717853111525,cuda,0.09593594819307327,0.2649560570716858,1.4866975545883179
mixture,dpm2_uniform,"DPM-2 + corrector, uniform t",Overall sampler,20,2,0,1,0.22402415389660746,0.2986988718621433,cuda,0.06591776758432388,0.27977678179740906,1.4961811304092407
mixture,dpm2_uniform,"DPM-2 + corrector, uniform t",Overall sampler,50,2,0,0,0.4805775670101866,0.6407700893469155,cuda,0.04184620827436447,0.20103654265403748,1.3840898275375366
mixture,dpm2_uniform,"DPM-2 + corrector, uniform t",Overall sampler,50,2,0,1,0.5001559000229463,0.6668745333639284,cuda,0.05779660865664482,0.21780268847942352,1.4048349857330322
mixture,dpm2_uniform,"DPM-2 + corrector, uniform t",Overall sampler,100,2,0,0,0.9390251240693033,1.252033498759071,cuda,0.061053644865751266,0.18027251958847046,1.3433996438980103
mixture,dpm2_uniform,"DPM-2 + corrector, uniform t",Overall sampler,100,2,0,1,0.907397711998783,1.2098636159983773,cuda,0.016103722155094147,0.1990191787481308,1.3750218152999878
mixture,dpm2_log,"DPM-2 + corrector, log sigma",Overall sampler,5,2,0,0,0.09633647301234305,0.12844863068312407,cuda,0.08692357689142227,0.2893662452697754,1.5277185440063477
mixture,dpm2_log,"DPM-2 + corrector, log sigma",Overall sampler,5,2,0,1,0.09579316899180412,0.1277242253224055,cuda,0.1264585703611374,0.3142177164554596,1.5552265644073486
mixture,dpm2_log,"DPM-2 + corrector, log sigma",Overall sampler,10,2,0,0,0.14044775895308703,0.18726367860411605,cuda,0.16589117050170898,0.29390907287597656,1.5220465660095215
mixture,dpm2_log,"DPM-2 + corrector, log sigma",Overall sampler,10,2,0,1,0.1419066700618714,0.18920889341582856,cuda,0.16104824841022491,0.25284266471862793,1.4625372886657715
mixture,dpm2_log,"DPM-2 + corrector, log sigma",Overall sampler,20,2,0,0,0.22286775603424758,0.2971570080456634,cuda,0.13218089938163757,0.23536404967308044,1.426092505455017
mixture,dpm2_log,"DPM-2 + corrector, log sigma",Overall sampler,20,2,0,1,0.2223827849375084,0.2965103799166779,cuda,0.10231370478868484,0.2771124243736267,1.4864037036895752
mixture,dpm2_log,"DPM-2 + corrector, log sigma",Overall sampler,50,2,0,0,0.47568424395285547,0.6342456586038073,cuda,0.05671064183115959,0.1947029083967209,1.3532354831695557
mixture,dpm2_log,"DPM-2 + corrector, log sigma",Overall sampler,50,2,0,1,0.4741045100381598,0.6321393467175463,cuda,0.0671345591545105,0.18455803394317627,1.336058259010315
mixture,dpm2_log,"DPM-2 + corrector, log sigma",Overall sampler,100,2,0,0,0.8914498490048572,1.188599798673143,cuda,0.046935103833675385,0.11317474395036697,1.2151392698287964
mixture,dpm2_log,"DPM-2 + corrector, log sigma",Overall sampler,100,2,0,1,0.8928019599989057,1.1904026133318741,cuda,0.0009714855696074665,0.14115774631500244,1.258144497871399
mixture,em_uniform,"Euler--Maruyama, uniform t",Euler update,5,2,0,0,0.013714367989450693,0.018285823985934258,cuda,0.08627155423164368,0.8965938091278076,2.443081855773926
mixture,em_uniform,"Euler--Maruyama, uniform t",Euler update,5,2,0,1,0.01342686009593308,0.017902480127910774,cuda,0.15375645458698273,1.0272793769836426,2.5684497356414795
mixture,em_uniform,"Euler--Maruyama, uniform t",Euler update,10,2,0,0,0.028409195016138256,0.03787892668818434,cuda,0.16072162985801697,0.5756985545158386,1.9954580068588257
mixture,em_uniform,"Euler--Maruyama, uniform t",Euler update,10,2,0,1,0.027951277908869088,0.03726837054515878,cuda,0.1606495976448059,0.44211524724960327,1.831795334815979
mixture,em_uniform,"Euler--Maruyama, uniform t",Euler update,20,2,0,0,0.056557459058240056,0.07540994541098674,cuda,0.1293708086013794,0.39284831285476685,1.7102651596069336
mixture,em_uniform,"Euler--Maruyama, uniform t",Euler update,20,2,0,1,0.05632873601280153,0.07510498135040204,cuda,0.09440019726753235,0.4173884987831116,1.7533074617385864
mixture,em_uniform,"Euler--Maruyama, uniform t",Euler update,50,2,0,0,0.140934624010697,0.18791283201426268,cuda,0.08453413844108582,0.30404040217399597,1.5585277080535889
mixture,em_uniform,"Euler--Maruyama, uniform t",Euler update,50,2,0,1,0.14084039290901273,0.1877871905453503,cuda,0.05669226124882698,0.31481605768203735,1.5796869993209839
mixture,em_uniform,"Euler--Maruyama, uniform t",Euler update,100,2,0,0,0.2820667360210791,0.3760889813614388,cuda,0.11798391491174698,0.2623620927333832,1.4859495162963867
mixture,em_uniform,"Euler--Maruyama, uniform t",Euler update,100,2,0,1,0.28205847798381,0.37607797064508003,cuda,0.053174614906311035,0.28946518898010254,1.527032732963562
mixture,em_log,"Euler--Maruyama, log sigma",Euler update,5,2,0,0,0.015635124989785254,0.02084683331971367,cuda,0.12687493860721588,1.5316627025604248,2.941169261932373
mixture,em_log,"Euler--Maruyama, log sigma",Euler update,5,2,0,1,0.015771811944432557,0.021029082592576742,cuda,0.16979601979255676,1.6489663124084473,3.0488100051879883
mixture,em_log,"Euler--Maruyama, log sigma",Euler update,10,2,0,0,0.032090793014504015,0.04278772401933869,cuda,0.1460142731666565,0.5862088203430176,1.938071846961975
mixture,em_log,"Euler--Maruyama, log sigma",Euler update,10,2,0,1,0.031978957005776465,0.042638609341035284,cuda,0.14062878489494324,0.4858590066432953,1.8181105852127075
mixture,em_log,"Euler--Maruyama, log sigma",Euler update,20,2,0,0,0.06467630597762764,0.08623507463683684,cuda,0.12448695302009583,0.34654465317726135,1.6069517135620117
mixture,em_log,"Euler--Maruyama, log sigma",Euler update,20,2,0,1,0.058271560934372246,0.077695414579163,cuda,0.09511807560920715,0.38142481446266174,1.6510721445083618
mixture,em_log,"Euler--Maruyama, log sigma",Euler update,50,2,0,0,0.1422843229956925,0.18971243066092333,cuda,0.08194331079721451,0.2885526120662689,1.5137540102005005
mixture,em_log,"Euler--Maruyama, log sigma",Euler update,50,2,0,1,0.1412792169721797,0.18837228929623961,cuda,0.07583785057067871,0.26314181089401245,1.4742189645767212
mixture,em_log,"Euler--Maruyama, log sigma",Euler update,100,2,0,0,0.29235462099313736,0.38980616132418316,cuda,0.10326363146305084,0.2478368878364563,1.4455578327178955
mixture,em_log,"Euler--Maruyama, log sigma",Euler update,100,2,0,1,0.30942067806608975,0.4125609040881197,cuda,0.05010521039366722,0.2899499535560608,1.5102018117904663
mixture,sigma_uniform_dpm,"Sigma-space DPM-1, uniform t",DPM predictor,5,2,1,0,0.01499638904351741,0.019995185391356547,cuda,0.3166123032569885,0.15122801065444946,1.2707430124282837
mixture,sigma_uniform_dpm,"Sigma-space DPM-1, uniform t",DPM predictor,5,2,1,1,0.014161232043989003,0.01888164272531867,cuda,0.31635215878486633,0.1624593734741211,1.2950149774551392
mixture,sigma_uniform_dpm,"Sigma-space DPM-1, uniform t",DPM predictor,10,2,1,0,0.030878096004016697,0.04117079467202226,cuda,0.30004414916038513,0.2019483596086502,1.369787335395813
mixture,sigma_uniform_dpm,"Sigma-space DPM-1, uniform t",DPM predictor,10,2,1,1,0.028497230960056186,0.03799630794674158,cuda,0.28974467515945435,0.1738848090171814,1.3212018013000488
mixture,sigma_uniform_dpm,"Sigma-space DPM-1, uniform t",DPM predictor,20,2,1,0,0.05719990807119757,0.0762665440949301,cuda,0.2839021384716034,0.2852773666381836,1.5140233039855957
mixture,sigma_uniform_dpm,"Sigma-space DPM-1, uniform t",DPM predictor,20,2,1,1,0.05618956801481545,0.07491942401975393,cuda,0.3071766197681427,0.2490091621875763,1.4564580917358398
mixture,sigma_uniform_dpm,"Sigma-space DPM-1, uniform t",DPM predictor,50,2,1,0,0.14164940104819834,0.18886586806426445,cuda,0.3185497224330902,0.2670787572860718,1.4999351501464844
mixture,sigma_uniform_dpm,"Sigma-space DPM-1, uniform t",DPM predictor,50,2,1,1,0.14074210706166923,0.1876561427488923,cuda,0.32231736183166504,0.2650793492794037,1.4982622861862183
mixture,sigma_uniform_dpm,"Sigma-space DPM-1, uniform t",DPM predictor,100,2,1,0,0.28376105206552893,0.37834806942070526,cuda,0.3267958462238312,0.21702222526073456,1.435562014579773
mixture,sigma_uniform_dpm,"Sigma-space DPM-1, uniform t",DPM predictor,100,2,1,1,0.2814257210120559,0.37523429468274117,cuda,0.32181403040885925,0.26616713404655457,1.4979307651519775
mixture,sigma_log_dpm,"Sigma-space DPM-1, log sigma",DPM predictor,5,2,1,0,0.01379832997918129,0.018397773305575054,cuda,0.4007522761821747,0.1336297243833542,1.2823508977890015
mixture,sigma_log_dpm,"Sigma-space DPM-1, log sigma",DPM predictor,5,2,1,1,0.013407422928139567,0.01787656390418609,cuda,0.4001452624797821,0.1437857747077942,1.3057881593704224
mixture,sigma_log_dpm,"Sigma-space DPM-1, log sigma",DPM predictor,10,2,1,0,0.027419173042289913,0.03655889738971988,cuda,0.3616695702075958,0.20230433344841003,1.3999013900756836
mixture,sigma_log_dpm,"Sigma-space DPM-1, log sigma",DPM predictor,10,2,1,1,0.02739232894964516,0.036523105266193547,cuda,0.34969931840896606,0.17426007986068726,1.3514652252197266
mixture,sigma_log_dpm,"Sigma-space DPM-1, log sigma",DPM predictor,20,2,1,0,0.055442450917325914,0.07392326788976789,cuda,0.31192415952682495,0.2858724594116211,1.5296988487243652
mixture,sigma_log_dpm,"Sigma-space DPM-1, log sigma",DPM predictor,20,2,1,1,0.056324815028347075,0.07509975337112944,cuda,0.33683618903160095,0.25020524859428406,1.4730286598205566
mixture,sigma_log_dpm,"Sigma-space DPM-1, log sigma",DPM predictor,50,2,1,0,0.14086266211234033,0.18781688281645378,cuda,0.33062493801116943,0.26800382137298584,1.507331132888794
mixture,sigma_log_dpm,"Sigma-space DPM-1, log sigma",DPM predictor,50,2,1,1,0.13990734494291246,0.18654312659054995,cuda,0.3344494104385376,0.265973836183548,1.505710482597351
mixture,sigma_log_dpm,"Sigma-space DPM-1, log sigma",DPM predictor,100,2,1,0,0.27936947101261467,0.37249262801681954,cuda,0.33297303318977356,0.2176353931427002,1.4396387338638306
mixture,sigma_log_dpm,"Sigma-space DPM-1, log sigma",DPM predictor,100,2,1,1,0.28136834199540317,0.3751577893272042,cuda,0.32781288027763367,0.26662203669548035,1.5016164779663086
mixture,dpm2_uniform,"DPM-2 + corrector, uniform t",Overall sampler,5,2,1,0,0.09633647708687931,0.1284486361158391,cuda,0.18655084073543549,0.3484552502632141,1.6434732675552368
mixture,dpm2_uniform,"DPM-2 + corrector, uniform t",Overall sampler,5,2,1,1,0.09585140005219728,0.12780186673626304,cuda,0.16637755930423737,0.24996234476566315,1.521776795387268
mixture,dpm2_uniform,"DPM-2 + corrector, uniform t",Overall sampler,10,2,1,0,0.13898484595119953,0.1853131279349327,cuda,0.126064270734787,0.2573038935661316,1.4878462553024292
mixture,dpm2_uniform,"DPM-2 + corrector, uniform t",Overall sampler,10,2,1,1,0.13849684095475823,0.1846624546063443,cuda,0.14330919086933136,0.3013392686843872,1.538601279258728
mixture,dpm2_uniform,"DPM-2 + corrector, uniform t",Overall sampler,20,2,1,0,0.2220449720043689,0.29605996267249185,cuda,0.0925518125295639,0.2430477887392044,1.4461170434951782
mixture,dpm2_uniform,"DPM-2 + corrector, uniform t",Overall sampler,20,2,1,1,0.2197303610155359,0.2929738146873812,cuda,0.1293003261089325,0.23885978758335114,1.4380991458892822
mixture,dpm2_uniform,"DPM-2 + corrector, uniform t",Overall sampler,50,2,1,0,0.46979659399949014,0.6263954586659869,cuda,0.08137555420398712,0.2379544973373413,1.4382425546646118
mixture,dpm2_uniform,"DPM-2 + corrector, uniform t",Overall sampler,50,2,1,1,0.4735937069635838,0.6314582759514451,cuda,0.08253798633813858,0.2146228849887848,1.4028294086456299
mixture,dpm2_uniform,"DPM-2 + corrector, uniform t",Overall sampler,100,2,1,0,0.897887145052664,1.1971828600702186,cuda,0.06348980218172073,0.1367131620645523,1.280427098274231
mixture,dpm2_uniform,"DPM-2 + corrector, uniform t",Overall sampler,100,2,1,1,0.8982555799884722,1.1976741066512961,cuda,0.05160918086767197,0.1781678944826126,1.3414450883865356
mixture,dpm2_log,"DPM-2 + corrector, log sigma",Overall sampler,5,2,1,0,0.09732456994242966,0.12976609325657287,cuda,0.1752120405435562,0.334380179643631,1.5889723300933838
mixture,dpm2_log,"DPM-2 + corrector, log sigma",Overall sampler,5,2,1,1,0.09707262006122619,0.1294301600816349,cuda,0.16459429264068604,0.29005521535873413,1.5335050821304321
mixture,dpm2_log,"DPM-2 + corrector, log sigma",Overall sampler,10,2,1,0,0.13949293899349868,0.18599058532466492,cuda,0.2077174186706543,0.2817687690258026,1.5080512762069702
mixture,dpm2_log,"DPM-2 + corrector, log sigma",Overall sampler,10,2,1,1,0.13843521801754832,0.18458029069006443,cuda,0.21060439944267273,0.2991994619369507,1.5281691551208496
mixture,dpm2_log,"DPM-2 + corrector, log sigma",Overall sampler,20,2,1,0,0.2206607520347461,0.29421433604632813,cuda,0.14470267295837402,0.2582978308200836,1.4610906839370728
mixture,dpm2_log,"DPM-2 + corrector, log sigma",Overall sampler,20,2,1,1,0.22412317094858736,0.29883089459811646,cuda,0.14414802193641663,0.2524823844432831,1.4505730867385864
mixture,dpm2_log,"DPM-2 + corrector, log sigma",Overall sampler,50,2,1,0,0.4780127640115097,0.6373503520153463,cuda,0.08284931629896164,0.16212910413742065,1.2994471788406372
mixture,dpm2_log,"DPM-2 + corrector, log sigma",Overall sampler,50,2,1,1,0.4810009509092197,0.6413346012122929,cuda,0.08115603774785995,0.16930429637432098,1.3186547756195068
mixture,dpm2_log,"DPM-2 + corrector, log sigma",Overall sampler,100,2,1,0,0.9482188549591228,1.2642918066121638,cuda,0.05873899161815643,0.1296529769897461,1.2408835887908936
mixture,dpm2_log,"DPM-2 + corrector, log sigma",Overall sampler,100,2,1,1,0.9547726850723848,1.2730302467631798,cuda,0.022586639970541,0.09896612167358398,1.1887428760528564
mixture,em_uniform,"Euler--Maruyama, uniform t",Euler update,5,2,1,0,0.015656550065614283,0.020875400087485712,cuda,0.27063629031181335,0.91510009765625,2.466132879257202
mixture,em_uniform,"Euler--Maruyama, uniform t",Euler update,5,2,1,1,0.01604339899495244,0.021391198659936588,cuda,0.2328907996416092,0.8735705614089966,2.4370172023773193
mixture,em_uniform,"Euler--Maruyama, uniform t",Euler update,10,2,1,0,0.033087545074522495,0.04411672676602999,cuda,0.17066590487957,0.5158205032348633,1.923117756843567
mixture,em_uniform,"Euler--Maruyama, uniform t",Euler update,10,2,1,1,0.03202661406248808,0.042702152083317436,cuda,0.16724428534507751,0.5607637763023376,1.9630767107009888
mixture,em_uniform,"Euler--Maruyama, uniform t",Euler update,20,2,1,0,0.05812192498706281,0.07749589998275042,cuda,0.11178237944841385,0.40406978130340576,1.7289108037948608
mixture,em_uniform,"Euler--Maruyama, uniform t",Euler update,20,2,1,1,0.05651014193426818,0.07534685591235757,cuda,0.1330377459526062,0.3353121280670166,1.6412670612335205
mixture,em_uniform,"Euler--Maruyama, uniform t",Euler update,50,2,1,0,0.14397435798309743,0.1919658106441299,cuda,0.11839205771684647,0.32051488757133484,1.5844688415527344
mixture,em_uniform,"Euler--Maruyama, uniform t",Euler update,50,2,1,1,0.14945275010541081,0.1992703334738811,cuda,0.11234431713819504,0.3023287355899811,1.5654840469360352
mixture,em_uniform,"Euler--Maruyama, uniform t",Euler update,100,2,1,0,0.2854600800201297,0.38061344002683956,cuda,0.11449754983186722,0.25208571553230286,1.4813039302825928
mixture,em_uniform,"Euler--Maruyama, uniform t",Euler update,100,2,1,1,0.2856955969473347,0.3809274625964463,cuda,0.09040924161672592,0.25100550055503845,1.475496768951416
mixture,em_log,"Euler--Maruyama, log sigma",Euler update,5,2,1,0,0.013927311985753477,0.01856974931433797,cuda,0.23099714517593384,1.3788468837738037,2.8636014461517334
mixture,em_log,"Euler--Maruyama, log sigma",Euler update,5,2,1,1,0.01361695898231119,0.01815594530974825,cuda,0.2567255198955536,1.4376310110092163,2.887754440307617
mixture,em_log,"Euler--Maruyama, log sigma",Euler update,10,2,1,0,0.029089652933180332,0.03878620391090711,cuda,0.13471879065036774,0.5519487261772156,1.899465799331665
mixture,em_log,"Euler--Maruyama, log sigma",Euler update,10,2,1,1,0.02874254295602441,0.03832339060803255,cuda,0.147426575422287,0.6117891669273376,1.9604079723358154
mixture,em_log,"Euler--Maruyama, log sigma",Euler update,20,2,1,0,0.060282251914031804,0.08037633588537574,cuda,0.11952345818281174,0.3475872278213501,1.6133277416229248
mixture,em_log,"Euler--Maruyama, log sigma",Euler update,20,2,1,1,0.05627600406296551,0.07503467208395402,cuda,0.10376491397619247,0.3506130874156952,1.6131778955459595
mixture,em_log,"Euler--Maruyama, log sigma",Euler update,50,2,1,0,0.14479068899527192,0.19305425199369589,cuda,0.1111333817243576,0.22213341295719147,1.4144030809402466
mixture,em_log,"Euler--Maruyama, log sigma",Euler update,50,2,1,1,0.17063074302859604,0.2275076573714614,cuda,0.10629118233919144,0.24374303221702576,1.4550529718399048
mixture,em_log,"Euler--Maruyama, log sigma",Euler update,100,2,1,0,0.29671649797819555,0.39562199730426073,cuda,0.10802042484283447,0.23816706240177155,1.4353107213974
mixture,em_log,"Euler--Maruyama, log sigma",Euler update,100,2,1,1,0.2915816579479724,0.3887755439306299,cuda,0.09456151723861694,0.22655801475048065,1.424836277961731
mixture,sigma_uniform_dpm,"Sigma-space DPM-1, uniform t",DPM predictor,5,2,2,0,0.013440398965030909,0.017920531953374546,cuda,0.30268916487693787,0.13301177322864532,1.2125627994537354
mixture,sigma_uniform_dpm,"Sigma-space DPM-1, uniform t",DPM predictor,5,2,2,1,0.01321503205690533,0.017620042742540438,cuda,0.2952125668525696,0.13031679391860962,1.2024770975112915
mixture,sigma_uniform_dpm,"Sigma-space DPM-1, uniform t",DPM predictor,10,2,2,0,0.027123576030135155,0.036164768040180206,cuda,0.2014331966638565,0.281380295753479,1.4771056175231934
mixture,sigma_uniform_dpm,"Sigma-space DPM-1, uniform t",DPM predictor,10,2,2,1,0.026931007974781096,0.035908010633041464,cuda,0.2516942322254181,0.21978585422039032,1.3799595832824707
mixture,sigma_uniform_dpm,"Sigma-space DPM-1, uniform t",DPM predictor,20,2,2,0,0.055997114977799356,0.07466281997039914,cuda,0.2582494914531708,0.25524333119392395,1.4617245197296143
mixture,sigma_uniform_dpm,"Sigma-space DPM-1, uniform t",DPM predictor,20,2,2,1,0.05653370497748256,0.07537827330331008,cuda,0.2844600975513458,0.24564260244369507,1.4392787218093872
mixture,sigma_uniform_dpm,"Sigma-space DPM-1, uniform t",DPM predictor,50,2,2,0,0.14228861895389855,0.18971815860519806,cuda,0.2515873610973358,0.23619259893894196,1.4333242177963257
mixture,sigma_uniform_dpm,"Sigma-space DPM-1, uniform t",DPM predictor,50,2,2,1,0.13969698792789131,0.18626265057052174,cuda,0.286421000957489,0.22875219583511353,1.4212009906768799
mixture,sigma_uniform_dpm,"Sigma-space DPM-1, uniform t",DPM predictor,100,2,2,0,0.2803851399803534,0.3738468533071379,cuda,0.23678560554981232,0.25898075103759766,1.4738436937332153
mixture,sigma_uniform_dpm,"Sigma-space DPM-1, uniform t",DPM predictor,100,2,2,1,0.2827661840710789,0.37702157876143855,cuda,0.24361389875411987,0.30057966709136963,1.5428612232208252
mixture,sigma_log_dpm,"Sigma-space DPM-1, log sigma",DPM predictor,5,2,2,0,0.013563589076511562,0.01808478543534875,cuda,0.30590248107910156,0.1058015525341034,1.200796127319336
mixture,sigma_log_dpm,"Sigma-space DPM-1, log sigma",DPM predictor,5,2,2,1,0.013585814042016864,0.018114418722689152,cuda,0.2989136576652527,0.10269204527139664,1.1883676052093506
mixture,sigma_log_dpm,"Sigma-space DPM-1, log sigma",DPM predictor,10,2,2,0,0.028411886072717607,0.037882514763623476,cuda,0.20806936919689178,0.27656400203704834,1.4925554990768433
mixture,sigma_log_dpm,"Sigma-space DPM-1, log sigma",DPM predictor,10,2,2,1,0.0275055430829525,0.03667405744393667,cuda,0.2581292688846588,0.2154129445552826,1.3955376148223877
mixture,sigma_log_dpm,"Sigma-space DPM-1, log sigma",DPM predictor,20,2,2,0,0.05548367497976869,0.07397823330635826,cuda,0.2627241909503937,0.25527292490005493,1.473771572113037
mixture,sigma_log_dpm,"Sigma-space DPM-1, log sigma",DPM predictor,20,2,2,1,0.05602689308580011,0.07470252411440015,cuda,0.2885640859603882,0.24580305814743042,1.4512063264846802
mixture,sigma_log_dpm,"Sigma-space DPM-1, log sigma",DPM predictor,50,2,2,0,0.13981458102352917,0.18641944136470556,cuda,0.2533356249332428,0.2363220751285553,1.438174843788147
mixture,sigma_log_dpm,"Sigma-space DPM-1, log sigma",DPM predictor,50,2,2,1,0.14213017898146063,0.18950690530861417,cuda,0.2880425751209259,0.22899842262268066,1.4261469841003418
mixture,sigma_log_dpm,"Sigma-space DPM-1, log sigma",DPM predictor,100,2,2,0,0.2957883790368214,0.3943845053824286,cuda,0.2377261072397232,0.2592058479785919,1.476582407951355
mixture,sigma_log_dpm,"Sigma-space DPM-1, log sigma",DPM predictor,100,2,2,1,0.3095825739437714,0.4127767652583619,cuda,0.24455143511295319,0.3008267879486084,1.5457426309585571
mixture,dpm2_uniform,"DPM-2 + corrector, uniform t",Overall sampler,5,2,2,0,0.09564800898078829,0.12753067864105105,cuda,0.2388378083705902,0.31256425380706787,1.5953872203826904
mixture,dpm2_uniform,"DPM-2 + corrector, uniform t",Overall sampler,5,2,2,1,0.09549047995824367,0.12732063994432488,cuda,0.3017767369747162,0.31228405237197876,1.5906380414962769
mixture,dpm2_uniform,"DPM-2 + corrector, uniform t",Overall sampler,10,2,2,0,0.13823295093607157,0.18431060124809542,cuda,0.15718208253383636,0.2881343364715576,1.51967191696167
mixture,dpm2_uniform,"DPM-2 + corrector, uniform t",Overall sampler,10,2,2,1,0.1388977790484205,0.1851970387312273,cuda,0.1976853758096695,0.2681581377983093,1.4890203475952148
mixture,dpm2_uniform,"DPM-2 + corrector, uniform t",Overall sampler,20,2,2,0,0.22285406303126365,0.29713875070835155,cuda,0.1731395423412323,0.3115123212337494,1.5450462102890015
mixture,dpm2_uniform,"DPM-2 + corrector, uniform t",Overall sampler,20,2,2,1,0.22141534101683646,0.2952204546891153,cuda,0.16334901750087738,0.24849310517311096,1.4539295434951782
mixture,dpm2_uniform,"DPM-2 + corrector, uniform t",Overall sampler,50,2,2,0,0.5745692630298436,0.7660923507064581,cuda,0.11175910383462906,0.21927963197231293,1.4043978452682495
mixture,dpm2_uniform,"DPM-2 + corrector, uniform t",Overall sampler,50,2,2,1,0.4982077890308574,0.6642770520411432,cuda,0.155315563082695,0.19248422980308533,1.3656011819839478
mixture,dpm2_uniform,"DPM-2 + corrector, uniform t",Overall sampler,100,2,2,0,0.9190996380057186,1.2254661840076249,cuda,0.13856738805770874,0.19029486179351807,1.3534619808197021
mixture,dpm2_uniform,"DPM-2 + corrector, uniform t",Overall sampler,100,2,2,1,0.8917651569936424,1.1890202093248565,cuda,0.0936879962682724,0.16147786378860474,1.3127585649490356
mixture,dpm2_log,"DPM-2 + corrector, log sigma",Overall sampler,5,2,2,0,0.09545163903385401,0.1272688520451387,cuda,0.220760315656662,0.30123767256736755,1.546311378479004
mixture,dpm2_log,"DPM-2 + corrector, log sigma",Overall sampler,5,2,2,1,0.097489092964679,0.12998545728623867,cuda,0.2714984118938446,0.26904982328414917,1.495132565498352
mixture,dpm2_log,"DPM-2 + corrector, log sigma",Overall sampler,10,2,2,0,0.13783174997661263,0.1837756666354835,cuda,0.15168754756450653,0.3405524790287018,1.5771245956420898
mixture,dpm2_log,"DPM-2 + corrector, log sigma",Overall sampler,10,2,2,1,0.13817608496174216,0.18423477994898954,cuda,0.22850412130355835,0.26970764994621277,1.478058934211731
mixture,dpm2_log,"DPM-2 + corrector, log sigma",Overall sampler,20,2,2,0,0.2214513379149139,0.29526845055321854,cuda,0.1936650574207306,0.26701581478118896,1.4709465503692627
mixture,dpm2_log,"DPM-2 + corrector, log sigma",Overall sampler,20,2,2,1,0.2316821210552007,0.3089094947402676,cuda,0.1842970848083496,0.2370319813489914,1.4315714836120605
mixture,dpm2_log,"DPM-2 + corrector, log sigma",Overall sampler,50,2,2,0,0.4781024110270664,0.6374698813694218,cuda,0.12484302371740341,0.1745353490114212,1.3218432664871216
mixture,dpm2_log,"DPM-2 + corrector, log sigma",Overall sampler,50,2,2,1,0.4802939669461921,0.6403919559282562,cuda,0.17508895695209503,0.16493989527225494,1.3054988384246826
mixture,dpm2_log,"DPM-2 + corrector, log sigma",Overall sampler,100,2,2,0,0.8889463340165094,1.1852617786886792,cuda,0.15191397070884705,0.08401644974946976,1.1410489082336426
mixture,dpm2_log,"DPM-2 + corrector, log sigma",Overall sampler,100,2,2,1,0.8910569871077314,1.1880759828103085,cuda,0.1103380098938942,0.09441603720188141,1.1879254579544067
mixture,em_uniform,"Euler--Maruyama, uniform t",Euler update,5,2,2,0,0.0135772789362818,0.018103038581709068,cuda,0.2530251443386078,0.9978548884391785,2.549682378768921
mixture,em_uniform,"Euler--Maruyama, uniform t",Euler update,5,2,2,1,0.013432784005999565,0.017910378674666088,cuda,0.365540087223053,0.916122555732727,2.467055559158325
mixture,em_uniform,"Euler--Maruyama, uniform t",Euler update,10,2,2,0,0.027958201011642814,0.03727760134885708,cuda,0.17870381474494934,0.5713699460029602,1.9746360778808594
mixture,em_uniform,"Euler--Maruyama, uniform t",Euler update,10,2,2,1,0.02811195096001029,0.03748260128001372,cuda,0.22772911190986633,0.4901605248451233,1.8972527980804443
mixture,em_uniform,"Euler--Maruyama, uniform t",Euler update,20,2,2,0,0.05641887802630663,0.07522517070174217,cuda,0.18471696972846985,0.4385693073272705,1.773105502128601
mixture,em_uniform,"Euler--Maruyama, uniform t",Euler update,20,2,2,1,0.056333138956688344,0.07511085194225113,cuda,0.20707935094833374,0.4013872742652893,1.730953335762024
mixture,em_uniform,"Euler--Maruyama, uniform t",Euler update,50,2,2,0,0.14316520898137242,0.19088694530849656,cuda,0.1449011266231537,0.2908116281032562,1.5428798198699951
mixture,em_uniform,"Euler--Maruyama, uniform t",Euler update,50,2,2,1,0.14451903593726456,0.19269204791635275,cuda,0.2174559086561203,0.2540900409221649,1.4805490970611572
mixture,em_uniform,"Euler--Maruyama, uniform t",Euler update,100,2,2,0,0.33804400509689003,0.4507253401291867,cuda,0.21227742731571198,0.231405109167099,1.4303191900253296
mixture,em_uniform,"Euler--Maruyama, uniform t",Euler update,100,2,2,1,0.33098108309786767,0.44130811079715687,cuda,0.16534797847270966,0.2399885207414627,1.4659210443496704
mixture,em_log,"Euler--Maruyama, log sigma",Euler update,5,2,2,0,0.014936876948922873,0.019915835931897163,cuda,0.26546311378479004,1.790696382522583,3.1721575260162354
mixture,em_log,"Euler--Maruyama, log sigma",Euler update,5,2,2,1,0.0161508210003376,0.021534428000450134,cuda,0.3294151723384857,1.5650964975357056,3.010934591293335
mixture,em_log,"Euler--Maruyama, log sigma",Euler update,10,2,2,0,0.03236362896859646,0.043151505291461945,cuda,0.1509549766778946,0.5975753664970398,1.944013237953186
mixture,em_log,"Euler--Maruyama, log sigma",Euler update,10,2,2,1,0.030417867936193943,0.04055715724825859,cuda,0.22748322784900665,0.574242889881134,1.9180620908737183
mixture,em_log,"Euler--Maruyama, log sigma",Euler update,20,2,2,0,0.06966427399311215,0.09288569865748286,cuda,0.1820274144411087,0.358762264251709,1.62459397315979
mixture,em_log,"Euler--Maruyama, log sigma",Euler update,20,2,2,1,0.06768378696870059,0.09024504929160078,cuda,0.15945233404636383,0.35036054253578186,1.6157335042953491
mixture,em_log,"Euler--Maruyama, log sigma",Euler update,50,2,2,0,0.16992118500638753,0.2265615800085167,cuda,0.14767257869243622,0.2531447112560272,1.4618878364562988
mixture,em_log,"Euler--Maruyama, log sigma",Euler update,50,2,2,1,0.15801398793701082,0.21068531724934778,cuda,0.20343665778636932,0.23628880083560944,1.4368122816085815
mixture,em_log,"Euler--Maruyama, log sigma",Euler update,100,2,2,0,0.29753005993552506,0.3967067465807001,cuda,0.21715284883975983,0.17690631747245789,1.3288816213607788
mixture,em_log,"Euler--Maruyama, log sigma",Euler update,100,2,2,1,0.28823445993475616,0.38431261324634153,cuda,0.18041417002677917,0.23444080352783203,1.4463682174682617
mixture,sigma_uniform_dpm,"Sigma-space DPM-1, uniform t",DPM predictor,5,2,3,0,0.013590660062618554,0.018120880083491404,cuda,1.2873882055282593,0.1798342913389206,1.3615063428878784
mixture,sigma_uniform_dpm,"Sigma-space DPM-1, uniform t",DPM predictor,5,2,3,1,0.01345275598578155,0.01793700798104207,cuda,1.2681273221969604,0.20357178151607513,1.383862853050232
mixture,sigma_uniform_dpm,"Sigma-space DPM-1, uniform t",DPM predictor,10,2,3,0,0.027293544029816985,0.03639139203975598,cuda,1.1498677730560303,0.28229567408561707,1.5301339626312256
mixture,sigma_uniform_dpm,"Sigma-space DPM-1, uniform t",DPM predictor,10,2,3,1,0.027288585901260376,0.036384781201680504,cuda,1.1794215440750122,0.25152164697647095,1.4847766160964966
mixture,sigma_uniform_dpm,"Sigma-space DPM-1, uniform t",DPM predictor,20,2,3,0,0.055441771051846445,0.07392236140246193,cuda,1.2396228313446045,0.315201997756958,1.590072512626648
mixture,sigma_uniform_dpm,"Sigma-space DPM-1, uniform t",DPM predictor,20,2,3,1,0.05570454790722579,0.07427273054296772,cuda,1.200110673904419,0.3247703015804291,1.6098817586898804
mixture,sigma_uniform_dpm,"Sigma-space DPM-1, uniform t",DPM predictor,50,2,3,0,0.13879070710390806,0.18505427613854408,cuda,1.1791104078292847,0.31474778056144714,1.6078484058380127
mixture,sigma_uniform_dpm,"Sigma-space DPM-1, uniform t",DPM predictor,50,2,3,1,0.1395384599454701,0.18605127992729345,cuda,1.2147005796432495,0.33615514636039734,1.6203819513320923
mixture,sigma_uniform_dpm,"Sigma-space DPM-1, uniform t",DPM predictor,100,2,3,0,0.27936273091472685,0.3724836412196358,cuda,1.2026292085647583,0.3192088305950165,1.615638256072998
mixture,sigma_uniform_dpm,"Sigma-space DPM-1, uniform t",DPM predictor,100,2,3,1,0.2793373520253226,0.37244980270043015,cuda,1.1411185264587402,0.3029867112636566,1.5898151397705078
mixture,sigma_log_dpm,"Sigma-space DPM-1, log sigma",DPM predictor,5,2,3,0,0.013712070998735726,0.018282761331647635,cuda,1.3343020677566528,0.1616062968969345,1.3660215139389038
mixture,sigma_log_dpm,"Sigma-space DPM-1, log sigma",DPM predictor,5,2,3,1,0.013894735020585358,0.018526313360780478,cuda,1.3157079219818115,0.1802159547805786,1.3807727098464966
mixture,sigma_log_dpm,"Sigma-space DPM-1, log sigma",DPM predictor,10,2,3,0,0.02753547194879502,0.03671396259839336,cuda,1.1837574243545532,0.27953362464904785,1.548341989517212
mixture,sigma_log_dpm,"Sigma-space DPM-1, log sigma",DPM predictor,10,2,3,1,0.02807807398494333,0.03743743197992444,cuda,1.213396430015564,0.2496216744184494,1.5039880275726318
mixture,sigma_log_dpm,"Sigma-space DPM-1, log sigma",DPM predictor,20,2,3,0,0.05557654204312712,0.07410205605750282,cuda,1.2571510076522827,0.31500253081321716,1.6007112264633179
mixture,sigma_log_dpm,"Sigma-space DPM-1, log sigma",DPM predictor,20,2,3,1,0.05601568298880011,0.07468757731840014,cuda,1.2181493043899536,0.32441553473472595,1.6202360391616821
mixture,sigma_log_dpm,"Sigma-space DPM-1, log sigma",DPM predictor,50,2,3,0,0.1432457659393549,0.19099435458580652,cuda,1.1864304542541504,0.3150785267353058,1.6128756999969482
mixture,sigma_log_dpm,"Sigma-space DPM-1, log sigma",DPM predictor,50,2,3,1,0.1418552208924666,0.18914029452328882,cuda,1.22206711769104,0.3361749053001404,1.6248403787612915
mixture,sigma_log_dpm,"Sigma-space DPM-1, log sigma",DPM predictor,100,2,3,0,0.28300427296198905,0.3773390306159854,cuda,1.2063325643539429,0.3194296360015869,1.6182315349578857
mixture,sigma_log_dpm,"Sigma-space DPM-1, log sigma",DPM predictor,100,2,3,1,0.288904162007384,0.3852055493431787,cuda,1.1448625326156616,0.30321431159973145,1.5923759937286377
mixture,dpm2_uniform,"DPM-2 + corrector, uniform t",Overall sampler,5,2,3,0,0.0967977560358122,0.12906367471441627,cuda,0.9144572615623474,0.3608088791370392,1.6920406818389893
mixture,dpm2_uniform,"DPM-2 + corrector, uniform t",Overall sampler,5,2,3,1,0.09865911700762808,0.1315454893435041,cuda,1.0003374814987183,0.36244985461235046,1.691118597984314
mixture,dpm2_uniform,"DPM-2 + corrector, uniform t",Overall sampler,10,2,3,0,0.13978855195455253,0.18638473593940338,cuda,0.8714346289634705,0.3321438729763031,1.6197675466537476
mixture,dpm2_uniform,"DPM-2 + corrector, uniform t",Overall sampler,10,2,3,1,0.14214325102511793,0.18952433470015725,cuda,0.8847585916519165,0.3282862901687622,1.613187313079834
mixture,dpm2_uniform,"DPM-2 + corrector, uniform t",Overall sampler,20,2,3,0,0.22148214105982333,0.2953095214130978,cuda,0.8238400220870972,0.3791855573654175,1.6666548252105713
mixture,dpm2_uniform,"DPM-2 + corrector, uniform t",Overall sampler,20,2,3,1,0.22339821700006723,0.29786428933342296,cuda,0.8364768028259277,0.3325138986110687,1.5996036529541016
mixture,dpm2_uniform,"DPM-2 + corrector, uniform t",Overall sampler,50,2,3,0,0.4712120600743219,0.6282827467657626,cuda,0.7206957340240479,0.2919594943523407,1.5363668203353882
mixture,dpm2_uniform,"DPM-2 + corrector, uniform t",Overall sampler,50,2,3,1,0.47105553501751274,0.628074046690017,cuda,0.690455436706543,0.2668219804763794,1.499708652496338
mixture,dpm2_uniform,"DPM-2 + corrector, uniform t",Overall sampler,100,2,3,0,0.8888006489723921,1.1850675319631894,cuda,0.5609355568885803,0.21746547520160675,1.4280802011489868
mixture,dpm2_uniform,"DPM-2 + corrector, uniform t",Overall sampler,100,2,3,1,0.8881110119400546,1.1841480159200728,cuda,0.5799082517623901,0.19987855851650238,1.403795838356018
mixture,dpm2_log,"DPM-2 + corrector, log sigma",Overall sampler,5,2,3,0,0.09515100694261491,0.12686800925681987,cuda,0.933336079120636,0.40371865034103394,1.712212085723877
mixture,dpm2_log,"DPM-2 + corrector, log sigma",Overall sampler,5,2,3,1,0.09631808602716774,0.1284241147028903,cuda,0.9877733588218689,0.3822520971298218,1.6798365116119385
mixture,dpm2_log,"DPM-2 + corrector, log sigma",Overall sampler,10,2,3,0,0.1400618440238759,0.18674912536516786,cuda,0.9980895519256592,0.3768972158432007,1.6636263132095337
mixture,dpm2_log,"DPM-2 + corrector, log sigma",Overall sampler,10,2,3,1,0.13773938396479934,0.18365251195306578,cuda,1.0125426054000854,0.3368322551250458,1.6261813640594482
mixture,dpm2_log,"DPM-2 + corrector, log sigma",Overall sampler,20,2,3,0,0.22757345205172896,0.3034312694023053,cuda,0.9254966974258423,0.36512187123298645,1.6389955282211304
mixture,dpm2_log,"DPM-2 + corrector, log sigma",Overall sampler,20,2,3,1,0.2227091189706698,0.2969454919608931,cuda,0.9156583547592163,0.3216969966888428,1.5784567594528198
mixture,dpm2_log,"DPM-2 + corrector, log sigma",Overall sampler,50,2,3,0,0.47421762289013714,0.6322901638535162,cuda,0.7574378848075867,0.22380731999874115,1.433899164199829
mixture,dpm2_log,"DPM-2 + corrector, log sigma",Overall sampler,50,2,3,1,0.47101632796693593,0.6280217706225812,cuda,0.7407944202423096,0.2504737079143524,1.4558939933776855
mixture,dpm2_log,"DPM-2 + corrector, log sigma",Overall sampler,100,2,3,0,0.897005444043316,1.1960072587244213,cuda,0.5108155608177185,0.1536467969417572,1.3010139465332031
mixture,dpm2_log,"DPM-2 + corrector, log sigma",Overall sampler,100,2,3,1,0.9595320629887283,1.279376083984971,cuda,0.534127950668335,0.12850768864154816,1.2608710527420044
mixture,em_uniform,"Euler--Maruyama, uniform t",Euler update,5,2,3,0,0.013687246013432741,0.018249661351243656,cuda,1.1535730361938477,1.0589964389801025,2.6114654541015625
mixture,em_uniform,"Euler--Maruyama, uniform t",Euler update,5,2,3,1,0.013673209003172815,0.018230945337563753,cuda,1.2013359069824219,1.0572388172149658,2.6087963581085205
mixture,em_uniform,"Euler--Maruyama, uniform t",Euler update,10,2,3,0,0.02783841302152723,0.037117884028702974,cuda,0.9905304312705994,0.6000747680664062,2.030400037765503
mixture,em_uniform,"Euler--Maruyama, uniform t",Euler update,10,2,3,1,0.027994218049570918,0.037325624066094555,cuda,0.9930445551872253,0.5996243953704834,2.0498101711273193
mixture,em_uniform,"Euler--Maruyama, uniform t",Euler update,20,2,3,0,0.056938280002214015,0.07591770666961868,cuda,0.9161466360092163,0.5355305671691895,1.914942741394043
mixture,em_uniform,"Euler--Maruyama, uniform t",Euler update,20,2,3,1,0.05666260397993028,0.07555013863990705,cuda,0.929885745048523,0.47256508469581604,1.841083288192749
mixture,em_uniform,"Euler--Maruyama, uniform t",Euler update,50,2,3,0,0.1435344839701429,0.19137931196019053,cuda,0.8878121972084045,0.3757895231246948,1.6932971477508545
mixture,em_uniform,"Euler--Maruyama, uniform t",Euler update,50,2,3,1,0.14220609003677964,0.1896081200490395,cuda,0.8792714476585388,0.3400937616825104,1.6319606304168701
mixture,em_uniform,"Euler--Maruyama, uniform t",Euler update,100,2,3,0,0.2857542510610074,0.3810056680813432,cuda,0.833310067653656,0.2938211262226105,1.5683263540267944
mixture,em_uniform,"Euler--Maruyama, uniform t",Euler update,100,2,3,1,0.28619510505814105,0.38159347341085476,cuda,0.8299300670623779,0.28559577465057373,1.5564391613006592
mixture,em_log,"Euler--Maruyama, log sigma",Euler update,5,2,3,0,0.014023734023794532,0.018698312031726044,cuda,1.1856169700622559,1.7828729152679443,3.2105722427368164
mixture,em_log,"Euler--Maruyama, log sigma",Euler update,5,2,3,1,0.013831932912580669,0.018442577216774225,cuda,1.2309913635253906,2.0371949672698975,3.3981399536132812
mixture,em_log,"Euler--Maruyama, log sigma",Euler update,10,2,3,0,0.028062097961083055,0.03741613061477741,cuda,0.9877852201461792,0.6688250303268433,2.062680959701538
mixture,em_log,"Euler--Maruyama, log sigma",Euler update,10,2,3,1,0.02793563704472035,0.03724751605962714,cuda,0.9747265577316284,0.6763671636581421,2.094390392303467
mixture,em_log,"Euler--Maruyama, log sigma",Euler update,20,2,3,0,0.05645857402123511,0.07527809869498014,cuda,0.8582225441932678,0.5080608129501343,1.8495346307754517
mixture,em_log,"Euler--Maruyama, log sigma",Euler update,20,2,3,1,0.056315643014386296,0.07508752401918173,cuda,0.8538042902946472,0.43797051906585693,1.7569829225540161
mixture,em_log,"Euler--Maruyama, log sigma",Euler update,50,2,3,0,0.14317299704998732,0.19089732939998308,cuda,0.8550374507904053,0.3120473623275757,1.5852843523025513
mixture,em_log,"Euler--Maruyama, log sigma",Euler update,50,2,3,1,0.1430564239853993,0.19074189864719907,cuda,0.8491633534431458,0.3282442092895508,1.5885374546051025
mixture,em_log,"Euler--Maruyama, log sigma",Euler update,100,2,3,0,0.2854225999908522,0.38056346665446955,cuda,0.8097332715988159,0.27459320425987244,1.5184880495071411
mixture,em_log,"Euler--Maruyama, log sigma",Euler update,100,2,3,1,0.2966958930483088,0.3955945240644117,cuda,0.816602349281311,0.25808924436569214,1.4904297590255737
