training_scheme,variant,variant_label,timesteps,model_seed,observation,nominal_coverage,analytical_coverage
uniform,sigma_log_dpm,"Sigma-space DPM-1, log sigma",10,0,0,0.0,0.0
uniform,sigma_log_dpm,"Sigma-space DPM-1, log sigma",10,0,0,0.1,0.11401832103729248
uniform,sigma_log_dpm,"Sigma-space DPM-1, log sigma",10,0,0,0.2,0.22752059996128082
uniform,sigma_log_dpm,"Sigma-space DPM-1, log sigma",10,0,0,0.30000000000000004,0.33996015787124634
uniform,sigma_log_dpm,"Sigma-space DPM-1, log sigma",10,0,0,0.4,0.4507235288619995
uniform,sigma_log_dpm,"Sigma-space DPM-1, log sigma",10,0,0,0.5,0.5590773820877075
uniform,sigma_log_dpm,"Sigma-space DPM-1, log sigma",10,0,0,0.6000000000000001,0.6640834212303162
uniform,sigma_log_dpm,"Sigma-space DPM-1, log sigma",10,0,0,0.7000000000000001,0.764435887336731
uniform,sigma_log_dpm,"Sigma-space DPM-1, log sigma",10,0,0,0.8,0.8580954074859619
uniform,sigma_log_dpm,"Sigma-space DPM-1, log sigma",10,0,0,0.9,0.9411838054656982
uniform,sigma_log_dpm,"Sigma-space DPM-1, log sigma",10,0,0,1.0,1.0
uniform,sigma_log_dpm,"Sigma-space DPM-1, log sigma",50,0,0,0.0,0.0
uniform,sigma_log_dpm,"Sigma-space DPM-1, log sigma",50,0,0,0.1,0.12775997817516327
uniform,sigma_log_dpm,"Sigma-space DPM-1, log sigma",50,0,0,0.2,0.25426843762397766
uniform,sigma_log_dpm,"Sigma-space DPM-1, log sigma",50,0,0,0.30000000000000004,0.37822383642196655
uniform,sigma_log_dpm,"Sigma-space DPM-1, log sigma",50,0,0,0.4,0.4982169270515442
uniform,sigma_log_dpm,"Sigma-space DPM-1, log sigma",50,0,0,0.5,0.6126521825790405
uniform,sigma_log_dpm,"Sigma-space DPM-1, log sigma",50,0,0,0.6000000000000001,0.7196308374404907
uniform,sigma_log_dpm,"Sigma-space DPM-1, log sigma",50,0,0,0.7000000000000001,0.8167465925216675
uniform,sigma_log_dpm,"Sigma-space DPM-1, log sigma",50,0,0,0.8,0.9006707668304443
uniform,sigma_log_dpm,"Sigma-space DPM-1, log sigma",50,0,0,0.9,0.9660663604736328
uniform,sigma_log_dpm,"Sigma-space DPM-1, log sigma",50,0,0,1.0,1.0
uniform,dpm2_log,"DPM-2 + corrector, log sigma",10,0,0,0.0,0.0
uniform,dpm2_log,"DPM-2 + corrector, log sigma",10,0,0,0.1,0.1252494901418686
uniform,dpm2_log,"DPM-2 + corrector, log sigma",10,0,0,0.2,0.24936498701572418
uniform,dpm2_log,"DPM-2 + corrector, log sigma",10,0,0,0.30000000000000004,0.37116897106170654
uniform,dpm2_log,"DPM-2 + corrector, log sigma",10,0,0,0.4,0.4893900156021118
uniform,dpm2_log,"DPM-2 + corrector, log sigma",10,0,0,0.5,0.6025933027267456
uniform,dpm2_log,"DPM-2 + corrector, log sigma",10,0,0,0.6000000000000001,0.709073543548584
uniform,dpm2_log,"DPM-2 + corrector, log sigma",10,0,0,0.7000000000000001,0.8066662549972534
uniform,dpm2_log,"DPM-2 + corrector, log sigma",10,0,0,0.8,0.892349123954773
uniform,dpm2_log,"DPM-2 + corrector, log sigma",10,0,0,0.9,0.961159348487854
uniform,dpm2_log,"DPM-2 + corrector, log sigma",10,0,0,1.0,1.0
uniform,dpm2_log,"DPM-2 + corrector, log sigma",50,0,0,0.0,0.0
uniform,dpm2_log,"DPM-2 + corrector, log sigma",50,0,0,0.1,0.11714997887611389
uniform,dpm2_log,"DPM-2 + corrector, log sigma",50,0,0,0.2,0.2335960865020752
uniform,dpm2_log,"DPM-2 + corrector, log sigma",50,0,0,0.30000000000000004,0.34860143065452576
uniform,dpm2_log,"DPM-2 + corrector, log sigma",50,0,0,0.4,0.4613580107688904
uniform,dpm2_log,"DPM-2 + corrector, log sigma",50,0,0,0.5,0.5709307193756104
uniform,dpm2_log,"DPM-2 + corrector, log sigma",50,0,0,0.6000000000000001,0.6761714220046997
uniform,dpm2_log,"DPM-2 + corrector, log sigma",50,0,0,0.7000000000000001,0.775556206703186
uniform,dpm2_log,"DPM-2 + corrector, log sigma",50,0,0,0.8,0.8668296337127686
uniform,dpm2_log,"DPM-2 + corrector, log sigma",50,0,0,0.9,0.9459617137908936
uniform,dpm2_log,"DPM-2 + corrector, log sigma",50,0,0,1.0,1.0
uniform,sigma_log_dpm,"Sigma-space DPM-1, log sigma",10,0,1,0.0,0.0
uniform,sigma_log_dpm,"Sigma-space DPM-1, log sigma",10,0,1,0.1,0.10332176089286804
uniform,sigma_log_dpm,"Sigma-space DPM-1, log sigma",10,0,1,0.2,0.20671182870864868
uniform,sigma_log_dpm,"Sigma-space DPM-1, log sigma",10,0,1,0.30000000000000004,0.31022393703460693
uniform,sigma_log_dpm,"Sigma-space DPM-1, log sigma",10,0,1,0.4,0.41387829184532166
uniform,sigma_log_dpm,"Sigma-space DPM-1, log sigma",10,0,1,0.5,0.5176292657852173
uniform,sigma_log_dpm,"Sigma-space DPM-1, log sigma",10,0,1,0.6000000000000001,0.6213030815124512
uniform,sigma_log_dpm,"Sigma-space DPM-1, log sigma",10,0,1,0.7000000000000001,0.7244628071784973
uniform,sigma_log_dpm,"Sigma-space DPM-1, log sigma",10,0,1,0.8,0.8260537981987
uniform,sigma_log_dpm,"Sigma-space DPM-1, log sigma",10,0,1,0.9,0.9231700897216797
uniform,sigma_log_dpm,"Sigma-space DPM-1, log sigma",10,0,1,1.0,1.0
uniform,sigma_log_dpm,"Sigma-space DPM-1, log sigma",50,0,1,0.0,0.0
uniform,sigma_log_dpm,"Sigma-space DPM-1, log sigma",50,0,1,0.1,0.12071424722671509
uniform,sigma_log_dpm,"Sigma-space DPM-1, log sigma",50,0,1,0.2,0.2406046986579895
uniform,sigma_log_dpm,"Sigma-space DPM-1, log sigma",50,0,1,0.30000000000000004,0.35880693793296814
uniform,sigma_log_dpm,"Sigma-space DPM-1, log sigma",50,0,1,0.4,0.4743662476539612
uniform,sigma_log_dpm,"Sigma-space DPM-1, log sigma",50,0,1,0.5,0.5861664414405823
uniform,sigma_log_dpm,"Sigma-space DPM-1, log sigma",50,0,1,0.6000000000000001,0.6928136348724365
uniform,sigma_log_dpm,"Sigma-space DPM-1, log sigma",50,0,1,0.7000000000000001,0.7924164533615112
uniform,sigma_log_dpm,"Sigma-space DPM-1, log sigma",50,0,1,0.8,0.8820992112159729
uniform,sigma_log_dpm,"Sigma-space DPM-1, log sigma",50,0,1,0.9,0.9566012620925903
uniform,sigma_log_dpm,"Sigma-space DPM-1, log sigma",50,0,1,1.0,1.0
uniform,dpm2_log,"DPM-2 + corrector, log sigma",10,0,1,0.0,0.0
uniform,dpm2_log,"DPM-2 + corrector, log sigma",10,0,1,0.1,0.12570637464523315
uniform,dpm2_log,"DPM-2 + corrector, log sigma",10,0,1,0.2,0.25030770897865295
uniform,dpm2_log,"DPM-2 + corrector, log sigma",10,0,1,0.30000000000000004,0.3726482391357422
uniform,dpm2_log,"DPM-2 + corrector, log sigma",10,0,1,0.4,0.4914623498916626
uniform,dpm2_log,"DPM-2 + corrector, log sigma",10,0,1,0.5,0.6052936315536499
uniform,dpm2_log,"DPM-2 + corrector, log sigma",10,0,1,0.6000000000000001,0.7123711109161377
uniform,dpm2_log,"DPM-2 + corrector, log sigma",10,0,1,0.7000000000000001,0.8103907108306885
uniform,dpm2_log,"DPM-2 + corrector, log sigma",10,0,1,0.8,0.8960630893707275
uniform,dpm2_log,"DPM-2 + corrector, log sigma",10,0,1,0.9,0.9639132022857666
uniform,dpm2_log,"DPM-2 + corrector, log sigma",10,0,1,1.0,1.0
uniform,dpm2_log,"DPM-2 + corrector, log sigma",50,0,1,0.0,0.0
uniform,dpm2_log,"DPM-2 + corrector, log sigma",50,0,1,0.1,0.10976719856262207
uniform,dpm2_log,"DPM-2 + corrector, log sigma",50,0,1,0.2,0.2191828191280365
uniform,dpm2_log,"DPM-2 + corrector, log sigma",50,0,1,0.30000000000000004,0.32787439227104187
uniform,dpm2_log,"DPM-2 + corrector, log sigma",50,0,1,0.4,0.4354246258735657
uniform,dpm2_log,"DPM-2 + corrector, log sigma",50,0,1,0.5,0.541334331035614
uniform,dpm2_log,"DPM-2 + corrector, log sigma",50,0,1,0.6000000000000001,0.6449631452560425
uniform,dpm2_log,"DPM-2 + corrector, log sigma",50,0,1,0.7000000000000001,0.7454143762588501
uniform,dpm2_log,"DPM-2 + corrector, log sigma",50,0,1,0.8,0.8412688970565796
uniform,dpm2_log,"DPM-2 + corrector, log sigma",50,0,1,0.9,0.9297523498535156
uniform,dpm2_log,"DPM-2 + corrector, log sigma",50,0,1,1.0,1.0
uniform,sigma_log_dpm,"Sigma-space DPM-1, log sigma",10,0,2,0.0,0.0
uniform,sigma_log_dpm,"Sigma-space DPM-1, log sigma",10,0,2,0.1,0.10672891139984131
uniform,sigma_log_dpm,"Sigma-space DPM-1, log sigma",10,0,2,0.2,0.21352607011795044
uniform,sigma_log_dpm,"Sigma-space DPM-1, log sigma",10,0,2,0.30000000000000004,0.320419043302536
uniform,sigma_log_dpm,"Sigma-space DPM-1, log sigma",10,0,2,0.4,0.42734503746032715
uniform,sigma_log_dpm,"Sigma-space DPM-1, log sigma",10,0,2,0.5,0.5340769290924072
uniform,sigma_log_dpm,"Sigma-space DPM-1, log sigma",10,0,2,0.6000000000000001,0.6400989294052124
uniform,sigma_log_dpm,"Sigma-space DPM-1, log sigma",10,0,2,0.7000000000000001,0.7443647384643555
uniform,sigma_log_dpm,"Sigma-space DPM-1, log sigma",10,0,2,0.8,0.8447406888008118
uniform,sigma_log_dpm,"Sigma-space DPM-1, log sigma",10,0,2,0.9,0.9363231658935547
uniform,sigma_log_dpm,"Sigma-space DPM-1, log sigma",10,0,2,1.0,1.0
uniform,sigma_log_dpm,"Sigma-space DPM-1, log sigma",50,0,2,0.0,0.0
uniform,sigma_log_dpm,"Sigma-space DPM-1, log sigma",50,0,2,0.1,0.11899307370185852
uniform,sigma_log_dpm,"Sigma-space DPM-1, log sigma",50,0,2,0.2,0.23745402693748474
uniform,sigma_log_dpm,"Sigma-space DPM-1, log sigma",50,0,2,0.30000000000000004,0.3547830581665039
uniform,sigma_log_dpm,"Sigma-space DPM-1, log sigma",50,0,2,0.4,0.4702323377132416
uniform,sigma_log_dpm,"Sigma-space DPM-1, log sigma",50,0,2,0.5,0.5827955007553101
uniform,sigma_log_dpm,"Sigma-space DPM-1, log sigma",50,0,2,0.6000000000000001,0.691035270690918
uniform,sigma_log_dpm,"Sigma-space DPM-1, log sigma",50,0,2,0.7000000000000001,0.7927764654159546
uniform,sigma_log_dpm,"Sigma-space DPM-1, log sigma",50,0,2,0.8,0.8844695091247559
uniform,sigma_log_dpm,"Sigma-space DPM-1, log sigma",50,0,2,0.9,0.9595116376876831
uniform,sigma_log_dpm,"Sigma-space DPM-1, log sigma",50,0,2,1.0,1.0
uniform,dpm2_log,"DPM-2 + corrector, log sigma",10,0,2,0.0,0.0
uniform,dpm2_log,"DPM-2 + corrector, log sigma",10,0,2,0.1,0.12863689661026
uniform,dpm2_log,"DPM-2 + corrector, log sigma",10,0,2,0.2,0.2559860348701477
uniform,dpm2_log,"DPM-2 + corrector, log sigma",10,0,2,0.30000000000000004,0.380706787109375
uniform,dpm2_log,"DPM-2 + corrector, log sigma",10,0,2,0.4,0.501344621181488
uniform,dpm2_log,"DPM-2 + corrector, log sigma",10,0,2,0.5,0.6162487268447876
uniform,dpm2_log,"DPM-2 + corrector, log sigma",10,0,2,0.6000000000000001,0.723449170589447
uniform,dpm2_log,"DPM-2 + corrector, log sigma",10,0,2,0.7000000000000001,0.820443868637085
uniform,dpm2_log,"DPM-2 + corrector, log sigma",10,0,2,0.8,0.9037714004516602
uniform,dpm2_log,"DPM-2 + corrector, log sigma",10,0,2,0.9,0.9679158329963684
uniform,dpm2_log,"DPM-2 + corrector, log sigma",10,0,2,1.0,1.0
uniform,dpm2_log,"DPM-2 + corrector, log sigma",50,0,2,0.0,0.0
uniform,dpm2_log,"DPM-2 + corrector, log sigma",50,0,2,0.1,0.11522679030895233
uniform,dpm2_log,"DPM-2 + corrector, log sigma",50,0,2,0.2,0.22985242307186127
uniform,dpm2_log,"DPM-2 + corrector, log sigma",50,0,2,0.30000000000000004,0.3432459831237793
uniform,dpm2_log,"DPM-2 + corrector, log sigma",50,0,2,0.4,0.45470964908599854
uniform,dpm2_log,"DPM-2 + corrector, log sigma",50,0,2,0.5,0.5634280443191528
uniform,dpm2_log,"DPM-2 + corrector, log sigma",50,0,2,0.6000000000000001,0.6683851480484009
uniform,dpm2_log,"DPM-2 + corrector, log sigma",50,0,2,0.7000000000000001,0.7682082653045654
uniform,dpm2_log,"DPM-2 + corrector, log sigma",50,0,2,0.8,0.8608217239379883
uniform,dpm2_log,"DPM-2 + corrector, log sigma",50,0,2,0.9,0.9424091577529907
uniform,dpm2_log,"DPM-2 + corrector, log sigma",50,0,2,1.0,1.0
uniform,sigma_log_dpm,"Sigma-space DPM-1, log sigma",10,0,3,0.0,0.0
uniform,sigma_log_dpm,"Sigma-space DPM-1, log sigma",10,0,3,0.1,0.058057889342308044
uniform,sigma_log_dpm,"Sigma-space DPM-1, log sigma",10,0,3,0.2,0.11793579161167145
uniform,sigma_log_dpm,"Sigma-space DPM-1, log sigma",10,0,3,0.30000000000000004,0.18154142796993256
uniform,sigma_log_dpm,"Sigma-space DPM-1, log sigma",10,0,3,0.4,0.2509729862213135
uniform,sigma_log_dpm,"Sigma-space DPM-1, log sigma",10,0,3,0.5,0.32865816354751587
uniform,sigma_log_dpm,"Sigma-space DPM-1, log sigma",10,0,3,0.6000000000000001,0.4175688326358795
uniform,sigma_log_dpm,"Sigma-space DPM-1, log sigma",10,0,3,0.7000000000000001,0.5215939283370972
uniform,sigma_log_dpm,"Sigma-space DPM-1, log sigma",10,0,3,0.8,0.6462872624397278
uniform,sigma_log_dpm,"Sigma-space DPM-1, log sigma",10,0,3,0.9,0.8006851673126221
uniform,sigma_log_dpm,"Sigma-space DPM-1, log sigma",10,0,3,1.0,1.0
uniform,sigma_log_dpm,"Sigma-space DPM-1, log sigma",50,0,3,0.0,0.0
uniform,sigma_log_dpm,"Sigma-space DPM-1, log sigma",50,0,3,0.1,0.0692235678434372
uniform,sigma_log_dpm,"Sigma-space DPM-1, log sigma",50,0,3,0.2,0.1404721438884735
uniform,sigma_log_dpm,"Sigma-space DPM-1, log sigma",50,0,3,0.30000000000000004,0.21580003201961517
uniform,sigma_log_dpm,"Sigma-space DPM-1, log sigma",50,0,3,0.4,0.29731833934783936
uniform,sigma_log_dpm,"Sigma-space DPM-1, log sigma",50,0,3,0.5,0.38721027970314026
uniform,sigma_log_dpm,"Sigma-space DPM-1, log sigma",50,0,3,0.6000000000000001,0.4877188205718994
uniform,sigma_log_dpm,"Sigma-space DPM-1, log sigma",50,0,3,0.7000000000000001,0.6010383367538452
uniform,sigma_log_dpm,"Sigma-space DPM-1, log sigma",50,0,3,0.8,0.7288702726364136
uniform,sigma_log_dpm,"Sigma-space DPM-1, log sigma",50,0,3,0.9,0.870390772819519
uniform,sigma_log_dpm,"Sigma-space DPM-1, log sigma",50,0,3,1.0,1.0
uniform,dpm2_log,"DPM-2 + corrector, log sigma",10,0,3,0.0,0.0
uniform,dpm2_log,"DPM-2 + corrector, log sigma",10,0,3,0.1,0.0867285430431366
uniform,dpm2_log,"DPM-2 + corrector, log sigma",10,0,3,0.2,0.17480061948299408
uniform,dpm2_log,"DPM-2 + corrector, log sigma",10,0,3,0.30000000000000004,0.2655305862426758
uniform,dpm2_log,"DPM-2 + corrector, log sigma",10,0,3,0.4,0.3601633906364441
uniform,dpm2_log,"DPM-2 + corrector, log sigma",10,0,3,0.5,0.459804892539978
uniform,dpm2_log,"DPM-2 + corrector, log sigma",10,0,3,0.6000000000000001,0.5652859210968018
uniform,dpm2_log,"DPM-2 + corrector, log sigma",10,0,3,0.7000000000000001,0.6768652200698853
uniform,dpm2_log,"DPM-2 + corrector, log sigma",10,0,3,0.8,0.7934754490852356
uniform,dpm2_log,"DPM-2 + corrector, log sigma",10,0,3,0.9,0.9102362394332886
uniform,dpm2_log,"DPM-2 + corrector, log sigma",10,0,3,1.0,1.0
uniform,dpm2_log,"DPM-2 + corrector, log sigma",50,0,3,0.0,0.0
uniform,dpm2_log,"DPM-2 + corrector, log sigma",50,0,3,0.1,0.0968121886253357
uniform,dpm2_log,"DPM-2 + corrector, log sigma",50,0,3,0.2,0.1939023733139038
uniform,dpm2_log,"DPM-2 + corrector, log sigma",50,0,3,0.30000000000000004,0.2915489673614502
uniform,dpm2_log,"DPM-2 + corrector, log sigma",50,0,3,0.4,0.39003074169158936
uniform,dpm2_log,"DPM-2 + corrector, log sigma",50,0,3,0.5,0.4896216094493866
uniform,dpm2_log,"DPM-2 + corrector, log sigma",50,0,3,0.6000000000000001,0.5905782580375671
uniform,dpm2_log,"DPM-2 + corrector, log sigma",50,0,3,0.7000000000000001,0.693101167678833
uniform,dpm2_log,"DPM-2 + corrector, log sigma",50,0,3,0.8,0.7972097396850586
uniform,dpm2_log,"DPM-2 + corrector, log sigma",50,0,3,0.9,0.9022180438041687
uniform,dpm2_log,"DPM-2 + corrector, log sigma",50,0,3,1.0,1.0
uniform,sigma_log_dpm,"Sigma-space DPM-1, log sigma",10,0,4,0.0,0.0
uniform,sigma_log_dpm,"Sigma-space DPM-1, log sigma",10,0,4,0.1,0.06201806664466858
uniform,sigma_log_dpm,"Sigma-space DPM-1, log sigma",10,0,4,0.2,0.1253460943698883
uniform,sigma_log_dpm,"Sigma-space DPM-1, log sigma",10,0,4,0.30000000000000004,0.19138558208942413
uniform,sigma_log_dpm,"Sigma-space DPM-1, log sigma",10,0,4,0.4,0.26174184679985046
uniform,sigma_log_dpm,"Sigma-space DPM-1, log sigma",10,0,4,0.5,0.33838510513305664
uniform,sigma_log_dpm,"Sigma-space DPM-1, log sigma",10,0,4,0.6000000000000001,0.4239214062690735
uniform,sigma_log_dpm,"Sigma-space DPM-1, log sigma",10,0,4,0.7000000000000001,0.5221101641654968
uniform,sigma_log_dpm,"Sigma-space DPM-1, log sigma",10,0,4,0.8,0.6390386819839478
uniform,sigma_log_dpm,"Sigma-space DPM-1, log sigma",10,0,4,0.9,0.786579966545105
uniform,sigma_log_dpm,"Sigma-space DPM-1, log sigma",10,0,4,1.0,1.0
uniform,sigma_log_dpm,"Sigma-space DPM-1, log sigma",50,0,4,0.0,0.0
uniform,sigma_log_dpm,"Sigma-space DPM-1, log sigma",50,0,4,0.1,0.06677471101284027
uniform,sigma_log_dpm,"Sigma-space DPM-1, log sigma",50,0,4,0.2,0.13540616631507874
uniform,sigma_log_dpm,"Sigma-space DPM-1, log sigma",50,0,4,0.30000000000000004,0.20781351625919342
uniform,sigma_log_dpm,"Sigma-space DPM-1, log sigma",50,0,4,0.4,0.28604549169540405
uniform,sigma_log_dpm,"Sigma-space DPM-1, log sigma",50,0,4,0.5,0.3723568022251129
uniform,sigma_log_dpm,"Sigma-space DPM-1, log sigma",50,0,4,0.6000000000000001,0.4692946672439575
uniform,sigma_log_dpm,"Sigma-space DPM-1, log sigma",50,0,4,0.7000000000000001,0.5797760486602783
uniform,sigma_log_dpm,"Sigma-space DPM-1, log sigma",50,0,4,0.8,0.7070295810699463
uniform,sigma_log_dpm,"Sigma-space DPM-1, log sigma",50,0,4,0.9,0.8535023927688599
uniform,sigma_log_dpm,"Sigma-space DPM-1, log sigma",50,0,4,1.0,1.0
uniform,dpm2_log,"DPM-2 + corrector, log sigma",10,0,4,0.0,0.0
uniform,dpm2_log,"DPM-2 + corrector, log sigma",10,0,4,0.1,0.08600203692913055
uniform,dpm2_log,"DPM-2 + corrector, log sigma",10,0,4,0.2,0.1728285849094391
uniform,dpm2_log,"DPM-2 + corrector, log sigma",10,0,4,0.30000000000000004,0.2613218426704407
uniform,dpm2_log,"DPM-2 + corrector, log sigma",10,0,4,0.4,0.3523610234260559
uniform,dpm2_log,"DPM-2 + corrector, log sigma",10,0,4,0.5,0.44688257575035095
uniform,dpm2_log,"DPM-2 + corrector, log sigma",10,0,4,0.6000000000000001,0.5459027290344238
uniform,dpm2_log,"DPM-2 + corrector, log sigma",10,0,4,0.7000000000000001,0.6505347490310669
uniform,dpm2_log,"DPM-2 + corrector, log sigma",10,0,4,0.8,0.7619553804397583
uniform,dpm2_log,"DPM-2 + corrector, log sigma",10,0,4,0.9,0.881023645401001
uniform,dpm2_log,"DPM-2 + corrector, log sigma",10,0,4,1.0,1.0
uniform,dpm2_log,"DPM-2 + corrector, log sigma",50,0,4,0.0,0.0
uniform,dpm2_log,"DPM-2 + corrector, log sigma",50,0,4,0.1,0.0933181643486023
uniform,dpm2_log,"DPM-2 + corrector, log sigma",50,0,4,0.2,0.18699240684509277
uniform,dpm2_log,"DPM-2 + corrector, log sigma",50,0,4,0.30000000000000004,0.2813894748687744
uniform,dpm2_log,"DPM-2 + corrector, log sigma",50,0,4,0.4,0.3768996000289917
uniform,dpm2_log,"DPM-2 + corrector, log sigma",50,0,4,0.5,0.4739508628845215
uniform,dpm2_log,"DPM-2 + corrector, log sigma",50,0,4,0.6000000000000001,0.5730296969413757
uniform,dpm2_log,"DPM-2 + corrector, log sigma",50,0,4,0.7000000000000001,0.6747093200683594
uniform,dpm2_log,"DPM-2 + corrector, log sigma",50,0,4,0.8,0.7796847820281982
uniform,dpm2_log,"DPM-2 + corrector, log sigma",50,0,4,0.9,0.8887622356414795
uniform,dpm2_log,"DPM-2 + corrector, log sigma",50,0,4,1.0,1.0
uniform,sigma_log_dpm,"Sigma-space DPM-1, log sigma",10,0,5,0.0,0.0
uniform,sigma_log_dpm,"Sigma-space DPM-1, log sigma",10,0,5,0.1,0.10377329587936401
uniform,sigma_log_dpm,"Sigma-space DPM-1, log sigma",10,0,5,0.2,0.20759528875350952
uniform,sigma_log_dpm,"Sigma-space DPM-1, log sigma",10,0,5,0.30000000000000004,0.3114990293979645
uniform,sigma_log_dpm,"Sigma-space DPM-1, log sigma",10,0,5,0.4,0.4154820144176483
uniform,sigma_log_dpm,"Sigma-space DPM-1, log sigma",10,0,5,0.5,0.5194714069366455
uniform,sigma_log_dpm,"Sigma-space DPM-1, log sigma",10,0,5,0.6000000000000001,0.6232607364654541
uniform,sigma_log_dpm,"Sigma-space DPM-1, log sigma",10,0,5,0.7000000000000001,0.7263691425323486
uniform,sigma_log_dpm,"Sigma-space DPM-1, log sigma",10,0,5,0.8,0.8276809453964233
uniform,sigma_log_dpm,"Sigma-space DPM-1, log sigma",10,0,5,0.9,0.924196183681488
uniform,sigma_log_dpm,"Sigma-space DPM-1, log sigma",10,0,5,1.0,1.0
uniform,sigma_log_dpm,"Sigma-space DPM-1, log sigma",50,0,5,0.0,0.0
uniform,sigma_log_dpm,"Sigma-space DPM-1, log sigma",50,0,5,0.1,0.11013846099376678
uniform,sigma_log_dpm,"Sigma-space DPM-1, log sigma",50,0,5,0.2,0.21992267668247223
uniform,sigma_log_dpm,"Sigma-space DPM-1, log sigma",50,0,5,0.30000000000000004,0.3289830684661865
uniform,sigma_log_dpm,"Sigma-space DPM-1, log sigma",50,0,5,0.4,0.43691498041152954
uniform,sigma_log_dpm,"Sigma-space DPM-1, log sigma",50,0,5,0.5,0.5432456135749817
uniform,sigma_log_dpm,"Sigma-space DPM-1, log sigma",50,0,5,0.6000000000000001,0.6473743319511414
uniform,sigma_log_dpm,"Sigma-space DPM-1, log sigma",50,0,5,0.7000000000000001,0.7484409809112549
uniform,sigma_log_dpm,"Sigma-space DPM-1, log sigma",50,0,5,0.8,0.8449914455413818
uniform,sigma_log_dpm,"Sigma-space DPM-1, log sigma",50,0,5,0.9,0.9338222146034241
uniform,sigma_log_dpm,"Sigma-space DPM-1, log sigma",50,0,5,1.0,1.0
uniform,dpm2_log,"DPM-2 + corrector, log sigma",10,0,5,0.0,0.0
uniform,dpm2_log,"DPM-2 + corrector, log sigma",10,0,5,0.1,0.11975975334644318
uniform,dpm2_log,"DPM-2 + corrector, log sigma",10,0,5,0.2,0.2388005554676056
uniform,dpm2_log,"DPM-2 + corrector, log sigma",10,0,5,0.30000000000000004,0.3563542068004608
uniform,dpm2_log,"DPM-2 + corrector, log sigma",10,0,5,0.4,0.4715449810028076
uniform,dpm2_log,"DPM-2 + corrector, log sigma",10,0,5,0.5,0.5833072662353516
uniform,dpm2_log,"DPM-2 + corrector, log sigma",10,0,5,0.6000000000000001,0.6902570724487305
uniform,dpm2_log,"DPM-2 + corrector, log sigma",10,0,5,0.7000000000000001,0.7904545664787292
uniform,dpm2_log,"DPM-2 + corrector, log sigma",10,0,5,0.8,0.8808966875076294
uniform,dpm2_log,"DPM-2 + corrector, log sigma",10,0,5,0.9,0.9561025500297546
uniform,dpm2_log,"DPM-2 + corrector, log sigma",10,0,5,1.0,1.0
uniform,dpm2_log,"DPM-2 + corrector, log sigma",50,0,5,0.0,0.0
uniform,dpm2_log,"DPM-2 + corrector, log sigma",50,0,5,0.1,0.11095844209194183
uniform,dpm2_log,"DPM-2 + corrector, log sigma",50,0,5,0.2,0.22152170538902283
uniform,dpm2_log,"DPM-2 + corrector, log sigma",50,0,5,0.30000000000000004,0.3312711715698242
uniform,dpm2_log,"DPM-2 + corrector, log sigma",50,0,5,0.4,0.4397370219230652
uniform,dpm2_log,"DPM-2 + corrector, log sigma",50,0,5,0.5,0.5463564395904541
uniform,dpm2_log,"DPM-2 + corrector, log sigma",50,0,5,0.6000000000000001,0.650407075881958
uniform,dpm2_log,"DPM-2 + corrector, log sigma",50,0,5,0.7000000000000001,0.750876784324646
uniform,dpm2_log,"DPM-2 + corrector, log sigma",50,0,5,0.8,0.8461657762527466
uniform,dpm2_log,"DPM-2 + corrector, log sigma",50,0,5,0.9,0.9331621527671814
uniform,dpm2_log,"DPM-2 + corrector, log sigma",50,0,5,1.0,1.0
uniform,sigma_log_dpm,"Sigma-space DPM-1, log sigma",10,0,6,0.0,0.0
uniform,sigma_log_dpm,"Sigma-space DPM-1, log sigma",10,0,6,0.1,0.09540210664272308
uniform,sigma_log_dpm,"Sigma-space DPM-1, log sigma",10,0,6,0.2,0.19119973480701447
uniform,sigma_log_dpm,"Sigma-space DPM-1, log sigma",10,0,6,0.30000000000000004,0.28779494762420654
uniform,sigma_log_dpm,"Sigma-space DPM-1, log sigma",10,0,6,0.4,0.3856014609336853
uniform,sigma_log_dpm,"Sigma-space DPM-1, log sigma",10,0,6,0.5,0.48504388332366943
uniform,sigma_log_dpm,"Sigma-space DPM-1, log sigma",10,0,6,0.6000000000000001,0.5865440964698792
uniform,sigma_log_dpm,"Sigma-space DPM-1, log sigma",10,0,6,0.7000000000000001,0.6904633641242981
uniform,sigma_log_dpm,"Sigma-space DPM-1, log sigma",10,0,6,0.8,0.7968928813934326
uniform,sigma_log_dpm,"Sigma-space DPM-1, log sigma",10,0,6,0.9,0.9047094583511353
uniform,sigma_log_dpm,"Sigma-space DPM-1, log sigma",10,0,6,1.0,1.0
uniform,sigma_log_dpm,"Sigma-space DPM-1, log sigma",50,0,6,0.0,0.0
uniform,sigma_log_dpm,"Sigma-space DPM-1, log sigma",50,0,6,0.1,0.11378499865531921
uniform,sigma_log_dpm,"Sigma-space DPM-1, log sigma",50,0,6,0.2,0.22709310054779053
uniform,sigma_log_dpm,"Sigma-space DPM-1, log sigma",50,0,6,0.30000000000000004,0.33942729234695435
uniform,sigma_log_dpm,"Sigma-space DPM-1, log sigma",50,0,6,0.4,0.4502429664134979
uniform,sigma_log_dpm,"Sigma-space DPM-1, log sigma",50,0,6,0.5,0.5588998794555664
uniform,sigma_log_dpm,"Sigma-space DPM-1, log sigma",50,0,6,0.6000000000000001,0.664569079875946
uniform,sigma_log_dpm,"Sigma-space DPM-1, log sigma",50,0,6,0.7000000000000001,0.7660312652587891
uniform,sigma_log_dpm,"Sigma-space DPM-1, log sigma",50,0,6,0.8,0.8611685037612915
uniform,sigma_log_dpm,"Sigma-space DPM-1, log sigma",50,0,6,0.9,0.9453209638595581
uniform,sigma_log_dpm,"Sigma-space DPM-1, log sigma",50,0,6,1.0,1.0
uniform,dpm2_log,"DPM-2 + corrector, log sigma",10,0,6,0.0,0.0
uniform,dpm2_log,"DPM-2 + corrector, log sigma",10,0,6,0.1,0.11666977405548096
uniform,dpm2_log,"DPM-2 + corrector, log sigma",10,0,6,0.2,0.23287083208560944
uniform,dpm2_log,"DPM-2 + corrector, log sigma",10,0,6,0.30000000000000004,0.34808018803596497
uniform,dpm2_log,"DPM-2 + corrector, log sigma",10,0,6,0.4,0.4616551697254181
uniform,dpm2_log,"DPM-2 + corrector, log sigma",10,0,6,0.5,0.5727418065071106
uniform,dpm2_log,"DPM-2 + corrector, log sigma",10,0,6,0.6000000000000001,0.6801262497901917
uniform,dpm2_log,"DPM-2 + corrector, log sigma",10,0,6,0.7000000000000001,0.7819633483886719
uniform,dpm2_log,"DPM-2 + corrector, log sigma",10,0,6,0.8,0.8751868009567261
uniform,dpm2_log,"DPM-2 + corrector, log sigma",10,0,6,0.9,0.9538668394088745
uniform,dpm2_log,"DPM-2 + corrector, log sigma",10,0,6,1.0,1.0
uniform,dpm2_log,"DPM-2 + corrector, log sigma",50,0,6,0.0,0.0
uniform,dpm2_log,"DPM-2 + corrector, log sigma",50,0,6,0.1,0.11316317319869995
uniform,dpm2_log,"DPM-2 + corrector, log sigma",50,0,6,0.2,0.22582685947418213
uniform,dpm2_log,"DPM-2 + corrector, log sigma",50,0,6,0.30000000000000004,0.33746427297592163
uniform,dpm2_log,"DPM-2 + corrector, log sigma",50,0,6,0.4,0.4474894404411316
uniform,dpm2_log,"DPM-2 + corrector, log sigma",50,0,6,0.5,0.5552098751068115
uniform,dpm2_log,"DPM-2 + corrector, log sigma",50,0,6,0.6000000000000001,0.6597517132759094
uniform,dpm2_log,"DPM-2 + corrector, log sigma",50,0,6,0.7000000000000001,0.7599149942398071
uniform,dpm2_log,"DPM-2 + corrector, log sigma",50,0,6,0.8,0.8538475632667542
uniform,dpm2_log,"DPM-2 + corrector, log sigma",50,0,6,0.9,0.9380552172660828
uniform,dpm2_log,"DPM-2 + corrector, log sigma",50,0,6,1.0,1.0
uniform,sigma_log_dpm,"Sigma-space DPM-1, log sigma",10,0,7,0.0,0.0
uniform,sigma_log_dpm,"Sigma-space DPM-1, log sigma",10,0,7,0.1,0.07511372864246368
uniform,sigma_log_dpm,"Sigma-space DPM-1, log sigma",10,0,7,0.2,0.15102550387382507
uniform,sigma_log_dpm,"Sigma-space DPM-1, log sigma",10,0,7,0.30000000000000004,0.2286154180765152
uniform,sigma_log_dpm,"Sigma-space DPM-1, log sigma",10,0,7,0.4,0.3089454174041748
uniform,sigma_log_dpm,"Sigma-space DPM-1, log sigma",10,0,7,0.5,0.3933989703655243
uniform,sigma_log_dpm,"Sigma-space DPM-1, log sigma",10,0,7,0.6000000000000001,0.48390859365463257
uniform,sigma_log_dpm,"Sigma-space DPM-1, log sigma",10,0,7,0.7000000000000001,0.5833648443222046
uniform,sigma_log_dpm,"Sigma-space DPM-1, log sigma",10,0,7,0.8,0.6964534521102905
uniform,sigma_log_dpm,"Sigma-space DPM-1, log sigma",10,0,7,0.9,0.8316362500190735
uniform,sigma_log_dpm,"Sigma-space DPM-1, log sigma",10,0,7,1.0,1.0
uniform,sigma_log_dpm,"Sigma-space DPM-1, log sigma",50,0,7,0.0,0.0
uniform,sigma_log_dpm,"Sigma-space DPM-1, log sigma",50,0,7,0.1,0.08607505261898041
uniform,sigma_log_dpm,"Sigma-space DPM-1, log sigma",50,0,7,0.2,0.1725875288248062
uniform,sigma_log_dpm,"Sigma-space DPM-1, log sigma",50,0,7,0.30000000000000004,0.2600434422492981
uniform,sigma_log_dpm,"Sigma-space DPM-1, log sigma",50,0,7,0.4,0.34909722208976746
uniform,sigma_log_dpm,"Sigma-space DPM-1, log sigma",50,0,7,0.5,0.440656453371048
uniform,sigma_log_dpm,"Sigma-space DPM-1, log sigma",50,0,7,0.6000000000000001,0.5360337495803833
uniform,sigma_log_dpm,"Sigma-space DPM-1, log sigma",50,0,7,0.7000000000000001,0.6371829509735107
uniform,sigma_log_dpm,"Sigma-space DPM-1, log sigma",50,0,7,0.8,0.7470659017562866
uniform,sigma_log_dpm,"Sigma-space DPM-1, log sigma",50,0,7,0.9,0.8699865937232971
uniform,sigma_log_dpm,"Sigma-space DPM-1, log sigma",50,0,7,1.0,1.0
uniform,dpm2_log,"DPM-2 + corrector, log sigma",10,0,7,0.0,0.0
uniform,dpm2_log,"DPM-2 + corrector, log sigma",10,0,7,0.1,0.09850788116455078
uniform,dpm2_log,"DPM-2 + corrector, log sigma",10,0,7,0.2,0.19737407565116882
uniform,dpm2_log,"DPM-2 + corrector, log sigma",10,0,7,0.30000000000000004,0.2969502806663513
uniform,dpm2_log,"DPM-2 + corrector, log sigma",10,0,7,0.4,0.3975711464881897
uniform,dpm2_log,"DPM-2 + corrector, log sigma",10,0,7,0.5,0.4995289444923401
uniform,dpm2_log,"DPM-2 + corrector, log sigma",10,0,7,0.6000000000000001,0.6030175089836121
uniform,dpm2_log,"DPM-2 + corrector, log sigma",10,0,7,0.7000000000000001,0.7079905271530151
uniform,dpm2_log,"DPM-2 + corrector, log sigma",10,0,7,0.8,0.8137562274932861
uniform,dpm2_log,"DPM-2 + corrector, log sigma",10,0,7,0.9,0.9174584150314331
uniform,dpm2_log,"DPM-2 + corrector, log sigma",10,0,7,1.0,1.0
uniform,dpm2_log,"DPM-2 + corrector, log sigma",50,0,7,0.0,0.0
uniform,dpm2_log,"DPM-2 + corrector, log sigma",50,0,7,0.1,0.10692869126796722
uniform,dpm2_log,"DPM-2 + corrector, log sigma",50,0,7,0.2,0.21367348730564117
uniform,dpm2_log,"DPM-2 + corrector, log sigma",50,0,7,0.30000000000000004,0.3200322985649109
uniform,dpm2_log,"DPM-2 + corrector, log sigma",50,0,7,0.4,0.4257637560367584
uniform,dpm2_log,"DPM-2 + corrector, log sigma",50,0,7,0.5,0.53055340051651
uniform,dpm2_log,"DPM-2 + corrector, log sigma",50,0,7,0.6000000000000001,0.6339576840400696
uniform,dpm2_log,"DPM-2 + corrector, log sigma",50,0,7,0.7000000000000001,0.7352904081344604
uniform,dpm2_log,"DPM-2 + corrector, log sigma",50,0,7,0.8,0.8333494067192078
uniform,dpm2_log,"DPM-2 + corrector, log sigma",50,0,7,0.9,0.9255250692367554
uniform,dpm2_log,"DPM-2 + corrector, log sigma",50,0,7,1.0,1.0
uniform,sigma_log_dpm,"Sigma-space DPM-1, log sigma",10,0,8,0.0,0.0
uniform,sigma_log_dpm,"Sigma-space DPM-1, log sigma",10,0,8,0.1,0.11445656418800354
uniform,sigma_log_dpm,"Sigma-space DPM-1, log sigma",10,0,8,0.2,0.22831915318965912
uniform,sigma_log_dpm,"Sigma-space DPM-1, log sigma",10,0,8,0.30000000000000004,0.3409688472747803
uniform,sigma_log_dpm,"Sigma-space DPM-1, log sigma",10,0,8,0.4,0.4517329931259155
uniform,sigma_log_dpm,"Sigma-space DPM-1, log sigma",10,0,8,0.5,0.5598416328430176
uniform,sigma_log_dpm,"Sigma-space DPM-1, log sigma",10,0,8,0.6000000000000001,0.6643579006195068
uniform,sigma_log_dpm,"Sigma-space DPM-1, log sigma",10,0,8,0.7000000000000001,0.7640427947044373
uniform,sigma_log_dpm,"Sigma-space DPM-1, log sigma",10,0,8,0.8,0.8570433855056763
uniform,sigma_log_dpm,"Sigma-space DPM-1, log sigma",10,0,8,0.9,0.9399225115776062
uniform,sigma_log_dpm,"Sigma-space DPM-1, log sigma",10,0,8,1.0,1.0
uniform,sigma_log_dpm,"Sigma-space DPM-1, log sigma",50,0,8,0.0,0.0
uniform,sigma_log_dpm,"Sigma-space DPM-1, log sigma",50,0,8,0.1,0.1289706826210022
uniform,sigma_log_dpm,"Sigma-space DPM-1, log sigma",50,0,8,0.2,0.25659623742103577
uniform,sigma_log_dpm,"Sigma-space DPM-1, log sigma",50,0,8,0.30000000000000004,0.3814857006072998
uniform,sigma_log_dpm,"Sigma-space DPM-1, log sigma",50,0,8,0.4,0.5021487474441528
uniform,sigma_log_dpm,"Sigma-space DPM-1, log sigma",50,0,8,0.5,0.6169216632843018
uniform,sigma_log_dpm,"Sigma-space DPM-1, log sigma",50,0,8,0.6000000000000001,0.7238545417785645
uniform,sigma_log_dpm,"Sigma-space DPM-1, log sigma",50,0,8,0.7000000000000001,0.8205111026763916
uniform,sigma_log_dpm,"Sigma-space DPM-1, log sigma",50,0,8,0.8,0.903555154800415
uniform,sigma_log_dpm,"Sigma-space DPM-1, log sigma",50,0,8,0.9,0.9676579833030701
uniform,sigma_log_dpm,"Sigma-space DPM-1, log sigma",50,0,8,1.0,1.0
uniform,dpm2_log,"DPM-2 + corrector, log sigma",10,0,8,0.0,0.0
uniform,dpm2_log,"DPM-2 + corrector, log sigma",10,0,8,0.1,0.13259100914001465
uniform,dpm2_log,"DPM-2 + corrector, log sigma",10,0,8,0.2,0.26357877254486084
uniform,dpm2_log,"DPM-2 + corrector, log sigma",10,0,8,0.30000000000000004,0.3913148045539856
uniform,dpm2_log,"DPM-2 + corrector, log sigma",10,0,8,0.4,0.5140538811683655
uniform,dpm2_log,"DPM-2 + corrector, log sigma",10,0,8,0.5,0.6298849582672119
uniform,dpm2_log,"DPM-2 + corrector, log sigma",10,0,8,0.6000000000000001,0.7366291284561157
uniform,dpm2_log,"DPM-2 + corrector, log sigma",10,0,8,0.7000000000000001,0.8316665887832642
uniform,dpm2_log,"DPM-2 + corrector, log sigma",10,0,8,0.8,0.9115920066833496
uniform,dpm2_log,"DPM-2 + corrector, log sigma",10,0,8,0.9,0.9713429808616638
uniform,dpm2_log,"DPM-2 + corrector, log sigma",10,0,8,1.0,1.0
uniform,dpm2_log,"DPM-2 + corrector, log sigma",50,0,8,0.0,0.0
uniform,dpm2_log,"DPM-2 + corrector, log sigma",50,0,8,0.1,0.12085157632827759
uniform,dpm2_log,"DPM-2 + corrector, log sigma",50,0,8,0.2,0.2408006340265274
uniform,dpm2_log,"DPM-2 + corrector, log sigma",50,0,8,0.30000000000000004,0.35890722274780273
uniform,dpm2_log,"DPM-2 + corrector, log sigma",50,0,8,0.4,0.4741504490375519
uniform,dpm2_log,"DPM-2 + corrector, log sigma",50,0,8,0.5,0.58536696434021
uniform,dpm2_log,"DPM-2 + corrector, log sigma",50,0,8,0.6000000000000001,0.6911561489105225
uniform,dpm2_log,"DPM-2 + corrector, log sigma",50,0,8,0.7000000000000001,0.7897061705589294
uniform,dpm2_log,"DPM-2 + corrector, log sigma",50,0,8,0.8,0.878420889377594
uniform,dpm2_log,"DPM-2 + corrector, log sigma",50,0,8,0.9,0.9528608322143555
uniform,dpm2_log,"DPM-2 + corrector, log sigma",50,0,8,1.0,1.0
uniform,sigma_log_dpm,"Sigma-space DPM-1, log sigma",10,0,9,0.0,0.0
uniform,sigma_log_dpm,"Sigma-space DPM-1, log sigma",10,0,9,0.1,0.13731563091278076
uniform,sigma_log_dpm,"Sigma-space DPM-1, log sigma",10,0,9,0.2,0.2727081775665283
uniform,sigma_log_dpm,"Sigma-space DPM-1, log sigma",10,0,9,0.30000000000000004,0.40420907735824585
uniform,sigma_log_dpm,"Sigma-space DPM-1, log sigma",10,0,9,0.4,0.5297537446022034
uniform,sigma_log_dpm,"Sigma-space DPM-1, log sigma",10,0,9,0.5,0.6471152305603027
uniform,sigma_log_dpm,"Sigma-space DPM-1, log sigma",10,0,9,0.6000000000000001,0.7538114190101624
uniform,sigma_log_dpm,"Sigma-space DPM-1, log sigma",10,0,9,0.7000000000000001,0.8469542264938354
uniform,sigma_log_dpm,"Sigma-space DPM-1, log sigma",10,0,9,0.8,0.9229691624641418
uniform,sigma_log_dpm,"Sigma-space DPM-1, log sigma",10,0,9,0.9,0.976942777633667
uniform,sigma_log_dpm,"Sigma-space DPM-1, log sigma",10,0,9,1.0,1.0
uniform,sigma_log_dpm,"Sigma-space DPM-1, log sigma",50,0,9,0.0,0.0
uniform,sigma_log_dpm,"Sigma-space DPM-1, log sigma",50,0,9,0.1,0.1416758894920349
uniform,sigma_log_dpm,"Sigma-space DPM-1, log sigma",50,0,9,0.2,0.281078040599823
uniform,sigma_log_dpm,"Sigma-space DPM-1, log sigma",50,0,9,0.30000000000000004,0.41589659452438354
uniform,sigma_log_dpm,"Sigma-space DPM-1, log sigma",50,0,9,0.4,0.5437453985214233
uniform,sigma_log_dpm,"Sigma-space DPM-1, log sigma",50,0,9,0.5,0.6621114611625671
uniform,sigma_log_dpm,"Sigma-space DPM-1, log sigma",50,0,9,0.6000000000000001,0.7682863473892212
uniform,sigma_log_dpm,"Sigma-space DPM-1, log sigma",50,0,9,0.7000000000000001,0.8592588305473328
uniform,sigma_log_dpm,"Sigma-space DPM-1, log sigma",50,0,9,0.8,0.9315268993377686
uniform,sigma_log_dpm,"Sigma-space DPM-1, log sigma",50,0,9,0.9,0.9806874990463257
uniform,sigma_log_dpm,"Sigma-space DPM-1, log sigma",50,0,9,1.0,1.0
uniform,dpm2_log,"DPM-2 + corrector, log sigma",10,0,9,0.0,0.0
uniform,dpm2_log,"DPM-2 + corrector, log sigma",10,0,9,0.1,0.1379391998052597
uniform,dpm2_log,"DPM-2 + corrector, log sigma",10,0,9,0.2,0.2738911211490631
uniform,dpm2_log,"DPM-2 + corrector, log sigma",10,0,9,0.30000000000000004,0.4058268666267395
uniform,dpm2_log,"DPM-2 + corrector, log sigma",10,0,9,0.4,0.531629204750061
uniform,dpm2_log,"DPM-2 + corrector, log sigma",10,0,9,0.5,0.6490317583084106
uniform,dpm2_log,"DPM-2 + corrector, log sigma",10,0,9,0.6000000000000001,0.7555338144302368
uniform,dpm2_log,"DPM-2 + corrector, log sigma",10,0,9,0.7000000000000001,0.8482612371444702
uniform,dpm2_log,"DPM-2 + corrector, log sigma",10,0,9,0.8,0.9237074851989746
uniform,dpm2_log,"DPM-2 + corrector, log sigma",10,0,9,0.9,0.977124810218811
uniform,dpm2_log,"DPM-2 + corrector, log sigma",10,0,9,1.0,1.0
uniform,dpm2_log,"DPM-2 + corrector, log sigma",50,0,9,0.0,0.0
uniform,dpm2_log,"DPM-2 + corrector, log sigma",50,0,9,0.1,0.1167452335357666
uniform,dpm2_log,"DPM-2 + corrector, log sigma",50,0,9,0.2,0.23281189799308777
uniform,dpm2_log,"DPM-2 + corrector, log sigma",50,0,9,0.30000000000000004,0.34748876094818115
uniform,dpm2_log,"DPM-2 + corrector, log sigma",50,0,9,0.4,0.4599936902523041
uniform,dpm2_log,"DPM-2 + corrector, log sigma",50,0,9,0.5,0.5694188475608826
uniform,dpm2_log,"DPM-2 + corrector, log sigma",50,0,9,0.6000000000000001,0.6746432781219482
uniform,dpm2_log,"DPM-2 + corrector, log sigma",50,0,9,0.7000000000000001,0.7741711139678955
uniform,dpm2_log,"DPM-2 + corrector, log sigma",50,0,9,0.8,0.8657717704772949
uniform,dpm2_log,"DPM-2 + corrector, log sigma",50,0,9,0.9,0.9454234838485718
uniform,dpm2_log,"DPM-2 + corrector, log sigma",50,0,9,1.0,1.0
uniform,sigma_log_dpm,"Sigma-space DPM-1, log sigma",10,0,10,0.0,0.0
uniform,sigma_log_dpm,"Sigma-space DPM-1, log sigma",10,0,10,0.1,0.1301855444908142
uniform,sigma_log_dpm,"Sigma-space DPM-1, log sigma",10,0,10,0.2,0.25894448161125183
uniform,sigma_log_dpm,"Sigma-space DPM-1, log sigma",10,0,10,0.30000000000000004,0.3848021626472473
uniform,sigma_log_dpm,"Sigma-space DPM-1, log sigma",10,0,10,0.4,0.5061808824539185
uniform,sigma_log_dpm,"Sigma-space DPM-1, log sigma",10,0,10,0.5,0.6213258504867554
uniform,sigma_log_dpm,"Sigma-space DPM-1, log sigma",10,0,10,0.6000000000000001,0.7281948328018188
uniform,sigma_log_dpm,"Sigma-space DPM-1, log sigma",10,0,10,0.7000000000000001,0.82426917552948
uniform,sigma_log_dpm,"Sigma-space DPM-1, log sigma",10,0,10,0.8,0.9061744213104248
uniform,sigma_log_dpm,"Sigma-space DPM-1, log sigma",10,0,10,0.9,0.9687068462371826
uniform,sigma_log_dpm,"Sigma-space DPM-1, log sigma",10,0,10,1.0,1.0
uniform,sigma_log_dpm,"Sigma-space DPM-1, log sigma",50,0,10,0.0,0.0
uniform,sigma_log_dpm,"Sigma-space DPM-1, log sigma",50,0,10,0.1,0.12923869490623474
uniform,sigma_log_dpm,"Sigma-space DPM-1, log sigma",50,0,10,0.2,0.2571163773536682
uniform,sigma_log_dpm,"Sigma-space DPM-1, log sigma",50,0,10,0.30000000000000004,0.38222360610961914
uniform,sigma_log_dpm,"Sigma-space DPM-1, log sigma",50,0,10,0.4,0.5030473470687866
uniform,sigma_log_dpm,"Sigma-space DPM-1, log sigma",50,0,10,0.5,0.6178954839706421
uniform,sigma_log_dpm,"Sigma-space DPM-1, log sigma",50,0,10,0.6000000000000001,0.7247850894927979
uniform,sigma_log_dpm,"Sigma-space DPM-1, log sigma",50,0,10,0.7000000000000001,0.8212475180625916
uniform,sigma_log_dpm,"Sigma-space DPM-1, log sigma",50,0,10,0.8,0.903936505317688
uniform,sigma_log_dpm,"Sigma-space DPM-1, log sigma",50,0,10,0.9,0.9676113724708557
uniform,sigma_log_dpm,"Sigma-space DPM-1, log sigma",50,0,10,1.0,1.0
uniform,dpm2_log,"DPM-2 + corrector, log sigma",10,0,10,0.0,0.0
uniform,dpm2_log,"DPM-2 + corrector, log sigma",10,0,10,0.1,0.13434307277202606
uniform,dpm2_log,"DPM-2 + corrector, log sigma",10,0,10,0.2,0.2669607102870941
uniform,dpm2_log,"DPM-2 + corrector, log sigma",10,0,10,0.30000000000000004,0.3960825204849243
uniform,dpm2_log,"DPM-2 + corrector, log sigma",10,0,10,0.4,0.5198431015014648
uniform,dpm2_log,"DPM-2 + corrector, log sigma",10,0,10,0.5,0.636214017868042
uniform,dpm2_log,"DPM-2 + corrector, log sigma",10,0,10,0.6000000000000001,0.7429070472717285
uniform,dpm2_log,"DPM-2 + corrector, log sigma",10,0,10,0.7000000000000001,0.8372106552124023
uniform,dpm2_log,"DPM-2 + corrector, log sigma",10,0,10,0.8,0.9156717658042908
uniform,dpm2_log,"DPM-2 + corrector, log sigma",10,0,10,0.9,0.9733107089996338
uniform,dpm2_log,"DPM-2 + corrector, log sigma",10,0,10,1.0,1.0
uniform,dpm2_log,"DPM-2 + corrector, log sigma",50,0,10,0.0,0.0
uniform,dpm2_log,"DPM-2 + corrector, log sigma",50,0,10,0.1,0.11896330118179321
uniform,dpm2_log,"DPM-2 + corrector, log sigma",50,0,10,0.2,0.23713265359401703
uniform,dpm2_log,"DPM-2 + corrector, log sigma",50,0,10,0.30000000000000004,0.35367846488952637
uniform,dpm2_log,"DPM-2 + corrector, log sigma",50,0,10,0.4,0.4676937460899353
uniform,dpm2_log,"DPM-2 + corrector, log sigma",50,0,10,0.5,0.5781346559524536
uniform,dpm2_log,"DPM-2 + corrector, log sigma",50,0,10,0.6000000000000001,0.6837279796600342
uniform,dpm2_log,"DPM-2 + corrector, log sigma",50,0,10,0.7000000000000001,0.7827993631362915
uniform,dpm2_log,"DPM-2 + corrector, log sigma",50,0,10,0.8,0.8728993535041809
uniform,dpm2_log,"DPM-2 + corrector, log sigma",50,0,10,0.9,0.9497250914573669
uniform,dpm2_log,"DPM-2 + corrector, log sigma",50,0,10,1.0,1.0
uniform,sigma_log_dpm,"Sigma-space DPM-1, log sigma",10,0,11,0.0,0.0
uniform,sigma_log_dpm,"Sigma-space DPM-1, log sigma",10,0,11,0.1,0.10832634568214417
uniform,sigma_log_dpm,"Sigma-space DPM-1, log sigma",10,0,11,0.2,0.21650497615337372
uniform,sigma_log_dpm,"Sigma-space DPM-1, log sigma",10,0,11,0.30000000000000004,0.3243652582168579
uniform,sigma_log_dpm,"Sigma-space DPM-1, log sigma",10,0,11,0.4,0.4316841661930084
uniform,sigma_log_dpm,"Sigma-space DPM-1, log sigma",10,0,11,0.5,0.5381371974945068
uniform,sigma_log_dpm,"Sigma-space DPM-1, log sigma",10,0,11,0.6000000000000001,0.643211305141449
uniform,sigma_log_dpm,"Sigma-space DPM-1, log sigma",10,0,11,0.7000000000000001,0.7460168600082397
uniform,sigma_log_dpm,"Sigma-space DPM-1, log sigma",10,0,11,0.8,0.8448233604431152
uniform,sigma_log_dpm,"Sigma-space DPM-1, log sigma",10,0,11,0.9,0.9355294108390808
uniform,sigma_log_dpm,"Sigma-space DPM-1, log sigma",10,0,11,1.0,1.0
uniform,sigma_log_dpm,"Sigma-space DPM-1, log sigma",50,0,11,0.0,0.0
uniform,sigma_log_dpm,"Sigma-space DPM-1, log sigma",50,0,11,0.1,0.11866176128387451
uniform,sigma_log_dpm,"Sigma-space DPM-1, log sigma",50,0,11,0.2,0.23680609464645386
uniform,sigma_log_dpm,"Sigma-space DPM-1, log sigma",50,0,11,0.30000000000000004,0.3538508415222168
uniform,sigma_log_dpm,"Sigma-space DPM-1, log sigma",50,0,11,0.4,0.469072163105011
uniform,sigma_log_dpm,"Sigma-space DPM-1, log sigma",50,0,11,0.5,0.5814958214759827
uniform,sigma_log_dpm,"Sigma-space DPM-1, log sigma",50,0,11,0.6000000000000001,0.6897251009941101
uniform,sigma_log_dpm,"Sigma-space DPM-1, log sigma",50,0,11,0.7000000000000001,0.7916300296783447
uniform,sigma_log_dpm,"Sigma-space DPM-1, log sigma",50,0,11,0.8,0.8836919069290161
uniform,sigma_log_dpm,"Sigma-space DPM-1, log sigma",50,0,11,0.9,0.9592597484588623
uniform,sigma_log_dpm,"Sigma-space DPM-1, log sigma",50,0,11,1.0,1.0
uniform,dpm2_log,"DPM-2 + corrector, log sigma",10,0,11,0.0,0.0
uniform,dpm2_log,"DPM-2 + corrector, log sigma",10,0,11,0.1,0.1310533583164215
uniform,dpm2_log,"DPM-2 + corrector, log sigma",10,0,11,0.2,0.26052963733673096
uniform,dpm2_log,"DPM-2 + corrector, log sigma",10,0,11,0.30000000000000004,0.3868198096752167
uniform,dpm2_log,"DPM-2 + corrector, log sigma",10,0,11,0.4,0.5082451701164246
uniform,dpm2_log,"DPM-2 + corrector, log sigma",10,0,11,0.5,0.6230049729347229
uniform,dpm2_log,"DPM-2 + corrector, log sigma",10,0,11,0.6000000000000001,0.7290947437286377
uniform,dpm2_log,"DPM-2 + corrector, log sigma",10,0,11,0.7000000000000001,0.8241565227508545
uniform,dpm2_log,"DPM-2 + corrector, log sigma",10,0,11,0.8,0.9051605463027954
uniform,dpm2_log,"DPM-2 + corrector, log sigma",10,0,11,0.9,0.9675165414810181
uniform,dpm2_log,"DPM-2 + corrector, log sigma",10,0,11,1.0,1.0
uniform,dpm2_log,"DPM-2 + corrector, log sigma",50,0,11,0.0,0.0
uniform,dpm2_log,"DPM-2 + corrector, log sigma",50,0,11,0.1,0.11927589774131775
uniform,dpm2_log,"DPM-2 + corrector, log sigma",50,0,11,0.2,0.23773622512817383
uniform,dpm2_log,"DPM-2 + corrector, log sigma",50,0,11,0.30000000000000004,0.354529470205307
uniform,dpm2_log,"DPM-2 + corrector, log sigma",50,0,11,0.4,0.46872738003730774
uniform,dpm2_log,"DPM-2 + corrector, log sigma",50,0,11,0.5,0.5792651772499084
uniform,dpm2_log,"DPM-2 + corrector, log sigma",50,0,11,0.6000000000000001,0.6848496198654175
uniform,dpm2_log,"DPM-2 + corrector, log sigma",50,0,11,0.7000000000000001,0.7837892770767212
uniform,dpm2_log,"DPM-2 + corrector, log sigma",50,0,11,0.8,0.8736251592636108
uniform,dpm2_log,"DPM-2 + corrector, log sigma",50,0,11,0.9,0.9500681757926941
uniform,dpm2_log,"DPM-2 + corrector, log sigma",50,0,11,1.0,1.0
uniform,sigma_log_dpm,"Sigma-space DPM-1, log sigma",10,0,12,0.0,0.0
uniform,sigma_log_dpm,"Sigma-space DPM-1, log sigma",10,0,12,0.1,0.10218572616577148
uniform,sigma_log_dpm,"Sigma-space DPM-1, log sigma",10,0,12,0.2,0.20432066917419434
uniform,sigma_log_dpm,"Sigma-space DPM-1, log sigma",10,0,12,0.30000000000000004,0.3063693642616272
uniform,sigma_log_dpm,"Sigma-space DPM-1, log sigma",10,0,12,0.4,0.40832650661468506
uniform,sigma_log_dpm,"Sigma-space DPM-1, log sigma",10,0,12,0.5,0.510226845741272
uniform,sigma_log_dpm,"Sigma-space DPM-1, log sigma",10,0,12,0.6000000000000001,0.6121429800987244
uniform,sigma_log_dpm,"Sigma-space DPM-1, log sigma",10,0,12,0.7000000000000001,0.7141372561454773
uniform,sigma_log_dpm,"Sigma-space DPM-1, log sigma",10,0,12,0.8,0.816045880317688
uniform,sigma_log_dpm,"Sigma-space DPM-1, log sigma",10,0,12,0.9,0.9164220690727234
uniform,sigma_log_dpm,"Sigma-space DPM-1, log sigma",10,0,12,1.0,1.0
uniform,sigma_log_dpm,"Sigma-space DPM-1, log sigma",50,0,12,0.0,0.0
uniform,sigma_log_dpm,"Sigma-space DPM-1, log sigma",50,0,12,0.1,0.10606975853443146
uniform,sigma_log_dpm,"Sigma-space DPM-1, log sigma",50,0,12,0.2,0.21209716796875
uniform,sigma_log_dpm,"Sigma-space DPM-1, log sigma",50,0,12,0.30000000000000004,0.3180290460586548
uniform,sigma_log_dpm,"Sigma-space DPM-1, log sigma",50,0,12,0.4,0.42378437519073486
uniform,sigma_log_dpm,"Sigma-space DPM-1, log sigma",50,0,12,0.5,0.5292171835899353
uniform,sigma_log_dpm,"Sigma-space DPM-1, log sigma",50,0,12,0.6000000000000001,0.6340394020080566
uniform,sigma_log_dpm,"Sigma-space DPM-1, log sigma",50,0,12,0.7000000000000001,0.7376337051391602
uniform,sigma_log_dpm,"Sigma-space DPM-1, log sigma",50,0,12,0.8,0.8385496139526367
uniform,sigma_log_dpm,"Sigma-space DPM-1, log sigma",50,0,12,0.9,0.9327486753463745
uniform,sigma_log_dpm,"Sigma-space DPM-1, log sigma",50,0,12,1.0,1.0
uniform,dpm2_log,"DPM-2 + corrector, log sigma",10,0,12,0.0,0.0
uniform,dpm2_log,"DPM-2 + corrector, log sigma",10,0,12,0.1,0.12460869550704956
uniform,dpm2_log,"DPM-2 + corrector, log sigma",10,0,12,0.2,0.24809373915195465
uniform,dpm2_log,"DPM-2 + corrector, log sigma",10,0,12,0.30000000000000004,0.36929601430892944
uniform,dpm2_log,"DPM-2 + corrector, log sigma",10,0,12,0.4,0.4869786500930786
uniform,dpm2_log,"DPM-2 + corrector, log sigma",10,0,12,0.5,0.5997649431228638
uniform,dpm2_log,"DPM-2 + corrector, log sigma",10,0,12,0.6000000000000001,0.7060412168502808
uniform,dpm2_log,"DPM-2 + corrector, log sigma",10,0,12,0.7000000000000001,0.8037717342376709
uniform,dpm2_log,"DPM-2 + corrector, log sigma",10,0,12,0.8,0.8900915384292603
uniform,dpm2_log,"DPM-2 + corrector, log sigma",10,0,12,0.9,0.9601356387138367
uniform,dpm2_log,"DPM-2 + corrector, log sigma",10,0,12,1.0,1.0
uniform,dpm2_log,"DPM-2 + corrector, log sigma",50,0,12,0.0,0.0
uniform,dpm2_log,"DPM-2 + corrector, log sigma",50,0,12,0.1,0.11952513456344604
uniform,dpm2_log,"DPM-2 + corrector, log sigma",50,0,12,0.2,0.23822245001792908
uniform,dpm2_log,"DPM-2 + corrector, log sigma",50,0,12,0.30000000000000004,0.3552280068397522
uniform,dpm2_log,"DPM-2 + corrector, log sigma",50,0,12,0.4,0.4696006774902344
uniform,dpm2_log,"DPM-2 + corrector, log sigma",50,0,12,0.5,0.5802625417709351
uniform,dpm2_log,"DPM-2 + corrector, log sigma",50,0,12,0.6000000000000001,0.6859061121940613
uniform,dpm2_log,"DPM-2 + corrector, log sigma",50,0,12,0.7000000000000001,0.7848227024078369
uniform,dpm2_log,"DPM-2 + corrector, log sigma",50,0,12,0.8,0.8745298385620117
uniform,dpm2_log,"DPM-2 + corrector, log sigma",50,0,12,0.9,0.9506931900978088
uniform,dpm2_log,"DPM-2 + corrector, log sigma",50,0,12,1.0,1.0
uniform,sigma_log_dpm,"Sigma-space DPM-1, log sigma",10,0,13,0.0,0.0
uniform,sigma_log_dpm,"Sigma-space DPM-1, log sigma",10,0,13,0.1,0.1228691041469574
uniform,sigma_log_dpm,"Sigma-space DPM-1, log sigma",10,0,13,0.2,0.24476858973503113
uniform,sigma_log_dpm,"Sigma-space DPM-1, log sigma",10,0,13,0.30000000000000004,0.3646842837333679
uniform,sigma_log_dpm,"Sigma-space DPM-1, log sigma",10,0,13,0.4,0.4815060794353485
uniform,sigma_log_dpm,"Sigma-space DPM-1, log sigma",10,0,13,0.5,0.5939556956291199
uniform,sigma_log_dpm,"Sigma-space DPM-1, log sigma",10,0,13,0.6000000000000001,0.7004747986793518
uniform,sigma_log_dpm,"Sigma-space DPM-1, log sigma",10,0,13,0.7000000000000001,0.7990235090255737
uniform,sigma_log_dpm,"Sigma-space DPM-1, log sigma",10,0,13,0.8,0.8866531848907471
uniform,sigma_log_dpm,"Sigma-space DPM-1, log sigma",10,0,13,0.9,0.9583232998847961
uniform,sigma_log_dpm,"Sigma-space DPM-1, log sigma",10,0,13,1.0,1.0
uniform,sigma_log_dpm,"Sigma-space DPM-1, log sigma",50,0,13,0.0,0.0
uniform,sigma_log_dpm,"Sigma-space DPM-1, log sigma",50,0,13,0.1,0.13510754704475403
uniform,sigma_log_dpm,"Sigma-space DPM-1, log sigma",50,0,13,0.2,0.2684309482574463
uniform,sigma_log_dpm,"Sigma-space DPM-1, log sigma",50,0,13,0.30000000000000004,0.39814215898513794
uniform,sigma_log_dpm,"Sigma-space DPM-1, log sigma",50,0,13,0.4,0.5223196744918823
uniform,sigma_log_dpm,"Sigma-space DPM-1, log sigma",50,0,13,0.5,0.638883113861084
uniform,sigma_log_dpm,"Sigma-space DPM-1, log sigma",50,0,13,0.6000000000000001,0.7454996705055237
uniform,sigma_log_dpm,"Sigma-space DPM-1, log sigma",50,0,13,0.7000000000000001,0.8394275903701782
uniform,sigma_log_dpm,"Sigma-space DPM-1, log sigma",50,0,13,0.8,0.9172161221504211
uniform,sigma_log_dpm,"Sigma-space DPM-1, log sigma",50,0,13,0.9,0.9739706516265869
uniform,sigma_log_dpm,"Sigma-space DPM-1, log sigma",50,0,13,1.0,1.0
uniform,dpm2_log,"DPM-2 + corrector, log sigma",10,0,13,0.0,0.0
uniform,dpm2_log,"DPM-2 + corrector, log sigma",10,0,13,0.1,0.13015376031398773
uniform,dpm2_log,"DPM-2 + corrector, log sigma",10,0,13,0.2,0.25889408588409424
uniform,dpm2_log,"DPM-2 + corrector, log sigma",10,0,13,0.30000000000000004,0.3847581148147583
uniform,dpm2_log,"DPM-2 + corrector, log sigma",10,0,13,0.4,0.5061768293380737
uniform,dpm2_log,"DPM-2 + corrector, log sigma",10,0,13,0.5,0.6213986873626709
uniform,dpm2_log,"DPM-2 + corrector, log sigma",10,0,13,0.6000000000000001,0.728376030921936
uniform,dpm2_log,"DPM-2 + corrector, log sigma",10,0,13,0.7000000000000001,0.8245702981948853
uniform,dpm2_log,"DPM-2 + corrector, log sigma",10,0,13,0.8,0.9065617918968201
uniform,dpm2_log,"DPM-2 + corrector, log sigma",10,0,13,0.9,0.9690520763397217
uniform,dpm2_log,"DPM-2 + corrector, log sigma",10,0,13,1.0,1.0
uniform,dpm2_log,"DPM-2 + corrector, log sigma",50,0,13,0.0,0.0
uniform,dpm2_log,"DPM-2 + corrector, log sigma",50,0,13,0.1,0.11523611843585968
uniform,dpm2_log,"DPM-2 + corrector, log sigma",50,0,13,0.2,0.22986412048339844
uniform,dpm2_log,"DPM-2 + corrector, log sigma",50,0,13,0.30000000000000004,0.3432457447052002
uniform,dpm2_log,"DPM-2 + corrector, log sigma",50,0,13,0.4,0.4546777307987213
uniform,dpm2_log,"DPM-2 + corrector, log sigma",50,0,13,0.5,0.5633403062820435
uniform,dpm2_log,"DPM-2 + corrector, log sigma",50,0,13,0.6000000000000001,0.6682165861129761
uniform,dpm2_log,"DPM-2 + corrector, log sigma",50,0,13,0.7000000000000001,0.7679409384727478
uniform,dpm2_log,"DPM-2 + corrector, log sigma",50,0,13,0.8,0.8604589700698853
uniform,dpm2_log,"DPM-2 + corrector, log sigma",50,0,13,0.9,0.9420217275619507
uniform,dpm2_log,"DPM-2 + corrector, log sigma",50,0,13,1.0,1.0
uniform,sigma_log_dpm,"Sigma-space DPM-1, log sigma",10,0,14,0.0,0.0
uniform,sigma_log_dpm,"Sigma-space DPM-1, log sigma",10,0,14,0.1,0.10997655987739563
uniform,sigma_log_dpm,"Sigma-space DPM-1, log sigma",10,0,14,0.2,0.21964745223522186
uniform,sigma_log_dpm,"Sigma-space DPM-1, log sigma",10,0,14,0.30000000000000004,0.32868292927742004
uniform,sigma_log_dpm,"Sigma-space DPM-1, log sigma",10,0,14,0.4,0.4367004930973053
uniform,sigma_log_dpm,"Sigma-space DPM-1, log sigma",10,0,14,0.5,0.543220579624176
uniform,sigma_log_dpm,"Sigma-space DPM-1, log sigma",10,0,14,0.6000000000000001,0.64759361743927
uniform,sigma_log_dpm,"Sigma-space DPM-1, log sigma",10,0,14,0.7000000000000001,0.7488533854484558
uniform,sigma_log_dpm,"Sigma-space DPM-1, log sigma",10,0,14,0.8,0.8453707098960876
uniform,sigma_log_dpm,"Sigma-space DPM-1, log sigma",10,0,14,0.9,0.9337522387504578
uniform,sigma_log_dpm,"Sigma-space DPM-1, log sigma",10,0,14,1.0,1.0
uniform,sigma_log_dpm,"Sigma-space DPM-1, log sigma",50,0,14,0.0,0.0
uniform,sigma_log_dpm,"Sigma-space DPM-1, log sigma",50,0,14,0.1,0.12176723778247833
uniform,sigma_log_dpm,"Sigma-space DPM-1, log sigma",50,0,14,0.2,0.242689311504364
uniform,sigma_log_dpm,"Sigma-space DPM-1, log sigma",50,0,14,0.30000000000000004,0.36187100410461426
uniform,sigma_log_dpm,"Sigma-space DPM-1, log sigma",50,0,14,0.4,0.4783089756965637
uniform,sigma_log_dpm,"Sigma-space DPM-1, log sigma",50,0,14,0.5,0.5908090472221375
uniform,sigma_log_dpm,"Sigma-space DPM-1, log sigma",50,0,14,0.6000000000000001,0.6978575587272644
uniform,sigma_log_dpm,"Sigma-space DPM-1, log sigma",50,0,14,0.7000000000000001,0.797387957572937
uniform,sigma_log_dpm,"Sigma-space DPM-1, log sigma",50,0,14,0.8,0.8862823247909546
uniform,sigma_log_dpm,"Sigma-space DPM-1, log sigma",50,0,14,0.9,0.959003210067749
uniform,sigma_log_dpm,"Sigma-space DPM-1, log sigma",50,0,14,1.0,1.0
uniform,dpm2_log,"DPM-2 + corrector, log sigma",10,0,14,0.0,0.0
uniform,dpm2_log,"DPM-2 + corrector, log sigma",10,0,14,0.1,0.1293686479330063
uniform,dpm2_log,"DPM-2 + corrector, log sigma",10,0,14,0.2,0.2574405372142792
uniform,dpm2_log,"DPM-2 + corrector, log sigma",10,0,14,0.30000000000000004,0.3828589916229248
uniform,dpm2_log,"DPM-2 + corrector, log sigma",10,0,14,0.4,0.5041402578353882
uniform,dpm2_log,"DPM-2 + corrector, log sigma",10,0,14,0.5,0.6195821166038513
uniform,dpm2_log,"DPM-2 + corrector, log sigma",10,0,14,0.6000000000000001,0.7271299362182617
uniform,dpm2_log,"DPM-2 + corrector, log sigma",10,0,14,0.7000000000000001,0.8241504430770874
uniform,dpm2_log,"DPM-2 + corrector, log sigma",10,0,14,0.8,0.9069879651069641
uniform,dpm2_log,"DPM-2 + corrector, log sigma",10,0,14,0.9,0.9698662757873535
uniform,dpm2_log,"DPM-2 + corrector, log sigma",10,0,14,1.0,1.0
uniform,dpm2_log,"DPM-2 + corrector, log sigma",50,0,14,0.0,0.0
uniform,dpm2_log,"DPM-2 + corrector, log sigma",50,0,14,0.1,0.11246083676815033
uniform,dpm2_log,"DPM-2 + corrector, log sigma",50,0,14,0.2,0.2244475781917572
uniform,dpm2_log,"DPM-2 + corrector, log sigma",50,0,14,0.30000000000000004,0.33546048402786255
uniform,dpm2_log,"DPM-2 + corrector, log sigma",50,0,14,0.4,0.4449440836906433
uniform,dpm2_log,"DPM-2 + corrector, log sigma",50,0,14,0.5,0.5522434115409851
uniform,dpm2_log,"DPM-2 + corrector, log sigma",50,0,14,0.6000000000000001,0.6565325856208801
uniform,dpm2_log,"DPM-2 + corrector, log sigma",50,0,14,0.7000000000000001,0.756679892539978
uniform,dpm2_log,"DPM-2 + corrector, log sigma",50,0,14,0.8,0.8509399890899658
uniform,dpm2_log,"DPM-2 + corrector, log sigma",50,0,14,0.9,0.9360202550888062
uniform,dpm2_log,"DPM-2 + corrector, log sigma",50,0,14,1.0,1.0
uniform,sigma_log_dpm,"Sigma-space DPM-1, log sigma",10,0,15,0.0,0.0
uniform,sigma_log_dpm,"Sigma-space DPM-1, log sigma",10,0,15,0.1,0.13103550672531128
uniform,sigma_log_dpm,"Sigma-space DPM-1, log sigma",10,0,15,0.2,0.2605874538421631
uniform,sigma_log_dpm,"Sigma-space DPM-1, log sigma",10,0,15,0.30000000000000004,0.3871244788169861
uniform,sigma_log_dpm,"Sigma-space DPM-1, log sigma",10,0,15,0.4,0.5090128779411316
uniform,sigma_log_dpm,"Sigma-space DPM-1, log sigma",10,0,15,0.5,0.6244426369667053
uniform,sigma_log_dpm,"Sigma-space DPM-1, log sigma",10,0,15,0.6000000000000001,0.7313194274902344
uniform,sigma_log_dpm,"Sigma-space DPM-1, log sigma",10,0,15,0.7000000000000001,0.8270774483680725
uniform,sigma_log_dpm,"Sigma-space DPM-1, log sigma",10,0,15,0.8,0.9083085060119629
uniform,sigma_log_dpm,"Sigma-space DPM-1, log sigma",10,0,15,0.9,0.9698152542114258
uniform,sigma_log_dpm,"Sigma-space DPM-1, log sigma",10,0,15,1.0,1.0
uniform,sigma_log_dpm,"Sigma-space DPM-1, log sigma",50,0,15,0.0,0.0
uniform,sigma_log_dpm,"Sigma-space DPM-1, log sigma",50,0,15,0.1,0.1292102187871933
uniform,sigma_log_dpm,"Sigma-space DPM-1, log sigma",50,0,15,0.2,0.25706037878990173
uniform,sigma_log_dpm,"Sigma-space DPM-1, log sigma",50,0,15,0.30000000000000004,0.38214221596717834
uniform,sigma_log_dpm,"Sigma-space DPM-1, log sigma",50,0,15,0.4,0.5029444098472595
uniform,sigma_log_dpm,"Sigma-space DPM-1, log sigma",50,0,15,0.5,0.6177774667739868
uniform,sigma_log_dpm,"Sigma-space DPM-1, log sigma",50,0,15,0.6000000000000001,0.724661648273468
uniform,sigma_log_dpm,"Sigma-space DPM-1, log sigma",50,0,15,0.7000000000000001,0.8211331367492676
uniform,sigma_log_dpm,"Sigma-space DPM-1, log sigma",50,0,15,0.8,0.9038506746292114
uniform,sigma_log_dpm,"Sigma-space DPM-1, log sigma",50,0,15,0.9,0.9675753116607666
uniform,sigma_log_dpm,"Sigma-space DPM-1, log sigma",50,0,15,1.0,1.0
uniform,dpm2_log,"DPM-2 + corrector, log sigma",10,0,15,0.0,0.0
uniform,dpm2_log,"DPM-2 + corrector, log sigma",10,0,15,0.1,0.13549482822418213
uniform,dpm2_log,"DPM-2 + corrector, log sigma",10,0,15,0.2,0.26917871832847595
uniform,dpm2_log,"DPM-2 + corrector, log sigma",10,0,15,0.30000000000000004,0.39919716119766235
uniform,dpm2_log,"DPM-2 + corrector, log sigma",10,0,15,0.4,0.5236032009124756
uniform,dpm2_log,"DPM-2 + corrector, log sigma",10,0,15,0.5,0.6402921676635742
uniform,dpm2_log,"DPM-2 + corrector, log sigma",10,0,15,0.6000000000000001,0.7469088435173035
uniform,dpm2_log,"DPM-2 + corrector, log sigma",10,0,15,0.7000000000000001,0.8406929969787598
uniform,dpm2_log,"DPM-2 + corrector, log sigma",10,0,15,0.8,0.9181810617446899
uniform,dpm2_log,"DPM-2 + corrector, log sigma",10,0,15,0.9,0.9744805097579956
uniform,dpm2_log,"DPM-2 + corrector, log sigma",10,0,15,1.0,1.0
uniform,dpm2_log,"DPM-2 + corrector, log sigma",50,0,15,0.0,0.0
uniform,dpm2_log,"DPM-2 + corrector, log sigma",50,0,15,0.1,0.1121809184551239
uniform,dpm2_log,"DPM-2 + corrector, log sigma",50,0,15,0.2,0.22389747202396393
uniform,dpm2_log,"DPM-2 + corrector, log sigma",50,0,15,0.30000000000000004,0.33466047048568726
uniform,dpm2_log,"DPM-2 + corrector, log sigma",50,0,15,0.4,0.44392669200897217
uniform,dpm2_log,"DPM-2 + corrector, log sigma",50,0,15,0.5,0.5510556697845459
uniform,dpm2_log,"DPM-2 + corrector, log sigma",50,0,15,0.6000000000000001,0.655241072177887
uniform,dpm2_log,"DPM-2 + corrector, log sigma",50,0,15,0.7000000000000001,0.755378782749176
uniform,dpm2_log,"DPM-2 + corrector, log sigma",50,0,15,0.8,0.8497675657272339
uniform,dpm2_log,"DPM-2 + corrector, log sigma",50,0,15,0.9,0.9351983070373535
uniform,dpm2_log,"DPM-2 + corrector, log sigma",50,0,15,1.0,1.0
uniform,sigma_log_dpm,"Sigma-space DPM-1, log sigma",10,1,0,0.0,0.0
uniform,sigma_log_dpm,"Sigma-space DPM-1, log sigma",10,1,0,0.1,0.11560222506523132
uniform,sigma_log_dpm,"Sigma-space DPM-1, log sigma",10,1,0,0.2,0.23097756505012512
uniform,sigma_log_dpm,"Sigma-space DPM-1, log sigma",10,1,0,0.30000000000000004,0.3458184003829956
uniform,sigma_log_dpm,"Sigma-space DPM-1, log sigma",10,1,0,0.4,0.45964229106903076
uniform,sigma_log_dpm,"Sigma-space DPM-1, log sigma",10,1,0,0.5,0.5716612339019775
uniform,sigma_log_dpm,"Sigma-space DPM-1, log sigma",10,1,0,0.6000000000000001,0.6805813312530518
uniform,sigma_log_dpm,"Sigma-space DPM-1, log sigma",10,1,0,0.7000000000000001,0.7842472791671753
uniform,sigma_log_dpm,"Sigma-space DPM-1, log sigma",10,1,0,0.8,0.8789159059524536
uniform,sigma_log_dpm,"Sigma-space DPM-1, log sigma",10,1,0,0.9,0.957373321056366
uniform,sigma_log_dpm,"Sigma-space DPM-1, log sigma",10,1,0,1.0,1.0
uniform,sigma_log_dpm,"Sigma-space DPM-1, log sigma",50,1,0,0.0,0.0
uniform,sigma_log_dpm,"Sigma-space DPM-1, log sigma",50,1,0,0.1,0.11260524392127991
uniform,sigma_log_dpm,"Sigma-space DPM-1, log sigma",50,1,0,0.2,0.22503314912319183
uniform,sigma_log_dpm,"Sigma-space DPM-1, log sigma",50,1,0,0.30000000000000004,0.33704882860183716
uniform,sigma_log_dpm,"Sigma-space DPM-1, log sigma",50,1,0,0.4,0.44829148054122925
uniform,sigma_log_dpm,"Sigma-space DPM-1, log sigma",50,1,0,0.5,0.5581750869750977
uniform,sigma_log_dpm,"Sigma-space DPM-1, log sigma",50,1,0,0.6000000000000001,0.6657291650772095
uniform,sigma_log_dpm,"Sigma-space DPM-1, log sigma",50,1,0,0.7000000000000001,0.7693007588386536
uniform,sigma_log_dpm,"Sigma-space DPM-1, log sigma",50,1,0,0.8,0.8659045100212097
uniform,sigma_log_dpm,"Sigma-space DPM-1, log sigma",50,1,0,0.9,0.9493902921676636
uniform,sigma_log_dpm,"Sigma-space DPM-1, log sigma",50,1,0,1.0,1.0
uniform,dpm2_log,"DPM-2 + corrector, log sigma",10,1,0,0.0,0.0
uniform,dpm2_log,"DPM-2 + corrector, log sigma",10,1,0,0.1,0.12584656476974487
uniform,dpm2_log,"DPM-2 + corrector, log sigma",10,1,0,0.2,0.2506961226463318
uniform,dpm2_log,"DPM-2 + corrector, log sigma",10,1,0,0.30000000000000004,0.3734821081161499
uniform,dpm2_log,"DPM-2 + corrector, log sigma",10,1,0,0.4,0.4929885268211365
uniform,dpm2_log,"DPM-2 + corrector, log sigma",10,1,0,0.5,0.6077427864074707
uniform,dpm2_log,"DPM-2 + corrector, log sigma",10,1,0,0.6000000000000001,0.7158575654029846
uniform,dpm2_log,"DPM-2 + corrector, log sigma",10,1,0,0.7000000000000001,0.8147610425949097
uniform,dpm2_log,"DPM-2 + corrector, log sigma",10,1,0,0.8,0.9006689190864563
uniform,dpm2_log,"DPM-2 + corrector, log sigma",10,1,0,0.9,0.9672767519950867
uniform,dpm2_log,"DPM-2 + corrector, log sigma",10,1,0,1.0,1.0
uniform,dpm2_log,"DPM-2 + corrector, log sigma",50,1,0,0.0,0.0
uniform,dpm2_log,"DPM-2 + corrector, log sigma",50,1,0,0.1,0.12054683268070221
uniform,dpm2_log,"DPM-2 + corrector, log sigma",50,1,0,0.2,0.2402285784482956
uniform,dpm2_log,"DPM-2 + corrector, log sigma",50,1,0,0.30000000000000004,0.3581411838531494
uniform,dpm2_log,"DPM-2 + corrector, log sigma",50,1,0,0.4,0.4732966125011444
uniform,dpm2_log,"DPM-2 + corrector, log sigma",50,1,0,0.5,0.5845582485198975
uniform,dpm2_log,"DPM-2 + corrector, log sigma",50,1,0,0.6000000000000001,0.6905407309532166
uniform,dpm2_log,"DPM-2 + corrector, log sigma",50,1,0,0.7000000000000001,0.7894262671470642
uniform,dpm2_log,"DPM-2 + corrector, log sigma",50,1,0,0.8,0.8785663843154907
uniform,dpm2_log,"DPM-2 + corrector, log sigma",50,1,0,0.9,0.9533474445343018
uniform,dpm2_log,"DPM-2 + corrector, log sigma",50,1,0,1.0,1.0
uniform,sigma_log_dpm,"Sigma-space DPM-1, log sigma",10,1,1,0.0,0.0
uniform,sigma_log_dpm,"Sigma-space DPM-1, log sigma",10,1,1,0.1,0.09083594381809235
uniform,sigma_log_dpm,"Sigma-space DPM-1, log sigma",10,1,1,0.2,0.1825464963912964
uniform,sigma_log_dpm,"Sigma-space DPM-1, log sigma",10,1,1,0.30000000000000004,0.2760155200958252
uniform,sigma_log_dpm,"Sigma-space DPM-1, log sigma",10,1,1,0.4,0.3721379339694977
uniform,sigma_log_dpm,"Sigma-space DPM-1, log sigma",10,1,1,0.5,0.4718007445335388
uniform,sigma_log_dpm,"Sigma-space DPM-1, log sigma",10,1,1,0.6000000000000001,0.575813353061676
uniform,sigma_log_dpm,"Sigma-space DPM-1, log sigma",10,1,1,0.7000000000000001,0.6846994161605835
uniform,sigma_log_dpm,"Sigma-space DPM-1, log sigma",10,1,1,0.8,0.7980566024780273
uniform,sigma_log_dpm,"Sigma-space DPM-1, log sigma",10,1,1,0.9,0.9121344685554504
uniform,sigma_log_dpm,"Sigma-space DPM-1, log sigma",10,1,1,1.0,1.0
uniform,sigma_log_dpm,"Sigma-space DPM-1, log sigma",50,1,1,0.0,0.0
uniform,sigma_log_dpm,"Sigma-space DPM-1, log sigma",50,1,1,0.1,0.104621022939682
uniform,sigma_log_dpm,"Sigma-space DPM-1, log sigma",50,1,1,0.2,0.2095959186553955
uniform,sigma_log_dpm,"Sigma-space DPM-1, log sigma",50,1,1,0.30000000000000004,0.3152367174625397
uniform,sigma_log_dpm,"Sigma-space DPM-1, log sigma",50,1,1,0.4,0.42175647616386414
uniform,sigma_log_dpm,"Sigma-space DPM-1, log sigma",50,1,1,0.5,0.5291735529899597
uniform,sigma_log_dpm,"Sigma-space DPM-1, log sigma",50,1,1,0.6000000000000001,0.6371328830718994
uniform,sigma_log_dpm,"Sigma-space DPM-1, log sigma",50,1,1,0.7000000000000001,0.7445328235626221
uniform,sigma_log_dpm,"Sigma-space DPM-1, log sigma",50,1,1,0.8,0.8486388921737671
uniform,sigma_log_dpm,"Sigma-space DPM-1, log sigma",50,1,1,0.9,0.9424452185630798
uniform,sigma_log_dpm,"Sigma-space DPM-1, log sigma",50,1,1,1.0,1.0
uniform,dpm2_log,"DPM-2 + corrector, log sigma",10,1,1,0.0,0.0
uniform,dpm2_log,"DPM-2 + corrector, log sigma",10,1,1,0.1,0.11264817416667938
uniform,dpm2_log,"DPM-2 + corrector, log sigma",10,1,1,0.2,0.2252865731716156
uniform,dpm2_log,"DPM-2 + corrector, log sigma",10,1,1,0.30000000000000004,0.3378257751464844
uniform,dpm2_log,"DPM-2 + corrector, log sigma",10,1,1,0.4,0.4500007629394531
uniform,dpm2_log,"DPM-2 + corrector, log sigma",10,1,1,0.5,0.561237096786499
uniform,dpm2_log,"DPM-2 + corrector, log sigma",10,1,1,0.6000000000000001,0.6704365015029907
uniform,dpm2_log,"DPM-2 + corrector, log sigma",10,1,1,0.7000000000000001,0.7755898237228394
uniform,dpm2_log,"DPM-2 + corrector, log sigma",10,1,1,0.8,0.8729656934738159
uniform,dpm2_log,"DPM-2 + corrector, log sigma",10,1,1,0.9,0.9549716711044312
uniform,dpm2_log,"DPM-2 + corrector, log sigma",10,1,1,1.0,1.0
uniform,dpm2_log,"DPM-2 + corrector, log sigma",50,1,1,0.0,0.0
uniform,dpm2_log,"DPM-2 + corrector, log sigma",50,1,1,0.1,0.11206282675266266
uniform,dpm2_log,"DPM-2 + corrector, log sigma",50,1,1,0.2,0.22375401854515076
uniform,dpm2_log,"DPM-2 + corrector, log sigma",50,1,1,0.30000000000000004,0.3346706032752991
uniform,dpm2_log,"DPM-2 + corrector, log sigma",50,1,1,0.4,0.44433996081352234
uniform,dpm2_log,"DPM-2 + corrector, log sigma",50,1,1,0.5,0.5521645545959473
uniform,dpm2_log,"DPM-2 + corrector, log sigma",50,1,1,0.6000000000000001,0.6573296189308167
uniform,dpm2_log,"DPM-2 + corrector, log sigma",50,1,1,0.7000000000000001,0.7586256265640259
uniform,dpm2_log,"DPM-2 + corrector, log sigma",50,1,1,0.8,0.8540410995483398
uniform,dpm2_log,"DPM-2 + corrector, log sigma",50,1,1,0.9,0.9395203590393066
uniform,dpm2_log,"DPM-2 + corrector, log sigma",50,1,1,1.0,1.0
uniform,sigma_log_dpm,"Sigma-space DPM-1, log sigma",10,1,2,0.0,0.0
uniform,sigma_log_dpm,"Sigma-space DPM-1, log sigma",10,1,2,0.1,0.09886428713798523
uniform,sigma_log_dpm,"Sigma-space DPM-1, log sigma",10,1,2,0.2,0.19836097955703735
uniform,sigma_log_dpm,"Sigma-space DPM-1, log sigma",10,1,2,0.30000000000000004,0.2990887761116028
uniform,sigma_log_dpm,"Sigma-space DPM-1, log sigma",10,1,2,0.4,0.4015672504901886
uniform,sigma_log_dpm,"Sigma-space DPM-1, log sigma",10,1,2,0.5,0.5061580538749695
uniform,sigma_log_dpm,"Sigma-space DPM-1, log sigma",10,1,2,0.6000000000000001,0.6129156351089478
uniform,sigma_log_dpm,"Sigma-space DPM-1, log sigma",10,1,2,0.7000000000000001,0.7212668061256409
uniform,sigma_log_dpm,"Sigma-space DPM-1, log sigma",10,1,2,0.8,0.8292178511619568
uniform,sigma_log_dpm,"Sigma-space DPM-1, log sigma",10,1,2,0.9,0.9308472871780396
uniform,sigma_log_dpm,"Sigma-space DPM-1, log sigma",10,1,2,1.0,1.0
uniform,sigma_log_dpm,"Sigma-space DPM-1, log sigma",50,1,2,0.0,0.0
uniform,sigma_log_dpm,"Sigma-space DPM-1, log sigma",50,1,2,0.1,0.1109606921672821
uniform,sigma_log_dpm,"Sigma-space DPM-1, log sigma",50,1,2,0.2,0.22199682891368866
uniform,sigma_log_dpm,"Sigma-space DPM-1, log sigma",50,1,2,0.30000000000000004,0.33311212062835693
uniform,sigma_log_dpm,"Sigma-space DPM-1, log sigma",50,1,2,0.4,0.4441508650779724
uniform,sigma_log_dpm,"Sigma-space DPM-1, log sigma",50,1,2,0.5,0.554669976234436
uniform,sigma_log_dpm,"Sigma-space DPM-1, log sigma",50,1,2,0.6000000000000001,0.6637284159660339
uniform,sigma_log_dpm,"Sigma-space DPM-1, log sigma",50,1,2,0.7000000000000001,0.769494354724884
uniform,sigma_log_dpm,"Sigma-space DPM-1, log sigma",50,1,2,0.8,0.8683974146842957
uniform,sigma_log_dpm,"Sigma-space DPM-1, log sigma",50,1,2,0.9,0.9528327584266663
uniform,sigma_log_dpm,"Sigma-space DPM-1, log sigma",50,1,2,1.0,1.0
uniform,dpm2_log,"DPM-2 + corrector, log sigma",10,1,2,0.0,0.0
uniform,dpm2_log,"DPM-2 + corrector, log sigma",10,1,2,0.1,0.1250762790441513
uniform,dpm2_log,"DPM-2 + corrector, log sigma",10,1,2,0.2,0.24917103350162506
uniform,dpm2_log,"DPM-2 + corrector, log sigma",10,1,2,0.30000000000000004,0.3712407350540161
uniform,dpm2_log,"DPM-2 + corrector, log sigma",10,1,2,0.4,0.49010875821113586
uniform,dpm2_log,"DPM-2 + corrector, log sigma",10,1,2,0.5,0.6043657064437866
uniform,dpm2_log,"DPM-2 + corrector, log sigma",10,1,2,0.6000000000000001,0.7122201919555664
uniform,dpm2_log,"DPM-2 + corrector, log sigma",10,1,2,0.7000000000000001,0.8112359046936035
uniform,dpm2_log,"DPM-2 + corrector, log sigma",10,1,2,0.8,0.8977979421615601
uniform,dpm2_log,"DPM-2 + corrector, log sigma",10,1,2,0.9,0.9657445549964905
uniform,dpm2_log,"DPM-2 + corrector, log sigma",10,1,2,1.0,1.0
uniform,dpm2_log,"DPM-2 + corrector, log sigma",50,1,2,0.0,0.0
uniform,dpm2_log,"DPM-2 + corrector, log sigma",50,1,2,0.1,0.1260252147912979
uniform,dpm2_log,"DPM-2 + corrector, log sigma",50,1,2,0.2,0.2508937120437622
uniform,dpm2_log,"DPM-2 + corrector, log sigma",50,1,2,0.30000000000000004,0.3734019696712494
uniform,dpm2_log,"DPM-2 + corrector, log sigma",50,1,2,0.4,0.4922451972961426
uniform,dpm2_log,"DPM-2 + corrector, log sigma",50,1,2,0.5,0.6059421896934509
uniform,dpm2_log,"DPM-2 + corrector, log sigma",50,1,2,0.6000000000000001,0.7127222418785095
uniform,dpm2_log,"DPM-2 + corrector, log sigma",50,1,2,0.7000000000000001,0.8103222846984863
uniform,dpm2_log,"DPM-2 + corrector, log sigma",50,1,2,0.8,0.895568311214447
uniform,dpm2_log,"DPM-2 + corrector, log sigma",50,1,2,0.9,0.963249683380127
uniform,dpm2_log,"DPM-2 + corrector, log sigma",50,1,2,1.0,1.0
uniform,sigma_log_dpm,"Sigma-space DPM-1, log sigma",10,1,3,0.0,0.0
uniform,sigma_log_dpm,"Sigma-space DPM-1, log sigma",10,1,3,0.1,0.05427461862564087
uniform,sigma_log_dpm,"Sigma-space DPM-1, log sigma",10,1,3,0.2,0.11095970869064331
uniform,sigma_log_dpm,"Sigma-space DPM-1, log sigma",10,1,3,0.30000000000000004,0.172564297914505
uniform,sigma_log_dpm,"Sigma-space DPM-1, log sigma",10,1,3,0.4,0.24180419743061066
uniform,sigma_log_dpm,"Sigma-space DPM-1, log sigma",10,1,3,0.5,0.32172900438308716
uniform,sigma_log_dpm,"Sigma-space DPM-1, log sigma",10,1,3,0.6000000000000001,0.41587772965431213
uniform,sigma_log_dpm,"Sigma-space DPM-1, log sigma",10,1,3,0.7000000000000001,0.5284539461135864
uniform,sigma_log_dpm,"Sigma-space DPM-1, log sigma",10,1,3,0.8,0.6644027829170227
uniform,sigma_log_dpm,"Sigma-space DPM-1, log sigma",10,1,3,0.9,0.8283876180648804
uniform,sigma_log_dpm,"Sigma-space DPM-1, log sigma",10,1,3,1.0,1.0
uniform,sigma_log_dpm,"Sigma-space DPM-1, log sigma",50,1,3,0.0,0.0
uniform,sigma_log_dpm,"Sigma-space DPM-1, log sigma",50,1,3,0.1,0.06842990219593048
uniform,sigma_log_dpm,"Sigma-space DPM-1, log sigma",50,1,3,0.2,0.1393100768327713
uniform,sigma_log_dpm,"Sigma-space DPM-1, log sigma",50,1,3,0.30000000000000004,0.21510614454746246
uniform,sigma_log_dpm,"Sigma-space DPM-1, log sigma",50,1,3,0.4,0.2982997000217438
uniform,sigma_log_dpm,"Sigma-space DPM-1, log sigma",50,1,3,0.5,0.39134928584098816
uniform,sigma_log_dpm,"Sigma-space DPM-1, log sigma",50,1,3,0.6000000000000001,0.4965549409389496
uniform,sigma_log_dpm,"Sigma-space DPM-1, log sigma",50,1,3,0.7000000000000001,0.6156720519065857
uniform,sigma_log_dpm,"Sigma-space DPM-1, log sigma",50,1,3,0.8,0.748779296875
uniform,sigma_log_dpm,"Sigma-space DPM-1, log sigma",50,1,3,0.9,0.8902450203895569
uniform,sigma_log_dpm,"Sigma-space DPM-1, log sigma",50,1,3,1.0,1.0
uniform,dpm2_log,"DPM-2 + corrector, log sigma",10,1,3,0.0,0.0
uniform,dpm2_log,"DPM-2 + corrector, log sigma",10,1,3,0.1,0.08708912134170532
uniform,dpm2_log,"DPM-2 + corrector, log sigma",10,1,3,0.2,0.17625024914741516
uniform,dpm2_log,"DPM-2 + corrector, log sigma",10,1,3,0.30000000000000004,0.2694327235221863
uniform,dpm2_log,"DPM-2 + corrector, log sigma",10,1,3,0.4,0.3683107793331146
uniform,dpm2_log,"DPM-2 + corrector, log sigma",10,1,3,0.5,0.4740579128265381
uniform,dpm2_log,"DPM-2 + corrector, log sigma",10,1,3,0.6000000000000001,0.5869691371917725
uniform,dpm2_log,"DPM-2 + corrector, log sigma",10,1,3,0.7000000000000001,0.7057523727416992
uniform,dpm2_log,"DPM-2 + corrector, log sigma",10,1,3,0.8,0.8260111212730408
uniform,dpm2_log,"DPM-2 + corrector, log sigma",10,1,3,0.9,0.936237096786499
uniform,dpm2_log,"DPM-2 + corrector, log sigma",10,1,3,1.0,1.0
uniform,dpm2_log,"DPM-2 + corrector, log sigma",50,1,3,0.0,0.0
uniform,dpm2_log,"DPM-2 + corrector, log sigma",50,1,3,0.1,0.08591227233409882
uniform,dpm2_log,"DPM-2 + corrector, log sigma",50,1,3,0.2,0.17267315089702606
uniform,dpm2_log,"DPM-2 + corrector, log sigma",50,1,3,0.30000000000000004,0.26114732027053833
uniform,dpm2_log,"DPM-2 + corrector, log sigma",50,1,3,0.4,0.3522323668003082
uniform,dpm2_log,"DPM-2 + corrector, log sigma",50,1,3,0.5,0.4468753933906555
uniform,dpm2_log,"DPM-2 + corrector, log sigma",50,1,3,0.6000000000000001,0.5460891127586365
uniform,dpm2_log,"DPM-2 + corrector, log sigma",50,1,3,0.7000000000000001,0.6509543657302856
uniform,dpm2_log,"DPM-2 + corrector, log sigma",50,1,3,0.8,0.7625564336776733
uniform,dpm2_log,"DPM-2 + corrector, log sigma",50,1,3,0.9,0.8815251588821411
uniform,dpm2_log,"DPM-2 + corrector, log sigma",50,1,3,1.0,1.0
uniform,sigma_log_dpm,"Sigma-space DPM-1, log sigma",10,1,4,0.0,0.0
uniform,sigma_log_dpm,"Sigma-space DPM-1, log sigma",10,1,4,0.1,0.06196640431880951
uniform,sigma_log_dpm,"Sigma-space DPM-1, log sigma",10,1,4,0.2,0.12562477588653564
uniform,sigma_log_dpm,"Sigma-space DPM-1, log sigma",10,1,4,0.30000000000000004,0.19275042414665222
uniform,sigma_log_dpm,"Sigma-space DPM-1, log sigma",10,1,4,0.4,0.265299916267395
uniform,sigma_log_dpm,"Sigma-space DPM-1, log sigma",10,1,4,0.5,0.34554290771484375
uniform,sigma_log_dpm,"Sigma-space DPM-1, log sigma",10,1,4,0.6000000000000001,0.43626338243484497
uniform,sigma_log_dpm,"Sigma-space DPM-1, log sigma",10,1,4,0.7000000000000001,0.5411006212234497
uniform,sigma_log_dpm,"Sigma-space DPM-1, log sigma",10,1,4,0.8,0.6651919484138489
uniform,sigma_log_dpm,"Sigma-space DPM-1, log sigma",10,1,4,0.9,0.8164774179458618
uniform,sigma_log_dpm,"Sigma-space DPM-1, log sigma",10,1,4,1.0,1.0
uniform,sigma_log_dpm,"Sigma-space DPM-1, log sigma",50,1,4,0.0,0.0
uniform,sigma_log_dpm,"Sigma-space DPM-1, log sigma",50,1,4,0.1,0.07399211823940277
uniform,sigma_log_dpm,"Sigma-space DPM-1, log sigma",50,1,4,0.2,0.14943759143352509
uniform,sigma_log_dpm,"Sigma-space DPM-1, log sigma",50,1,4,0.30000000000000004,0.2278144806623459
uniform,sigma_log_dpm,"Sigma-space DPM-1, log sigma",50,1,4,0.4,0.31065717339515686
uniform,sigma_log_dpm,"Sigma-space DPM-1, log sigma",50,1,4,0.5,0.3996001183986664
uniform,sigma_log_dpm,"Sigma-space DPM-1, log sigma",50,1,4,0.6000000000000001,0.4964495003223419
uniform,sigma_log_dpm,"Sigma-space DPM-1, log sigma",50,1,4,0.7000000000000001,0.6033002138137817
uniform,sigma_log_dpm,"Sigma-space DPM-1, log sigma",50,1,4,0.8,0.7227166295051575
uniform,sigma_log_dpm,"Sigma-space DPM-1, log sigma",50,1,4,0.9,0.8577647805213928
uniform,sigma_log_dpm,"Sigma-space DPM-1, log sigma",50,1,4,1.0,1.0
uniform,dpm2_log,"DPM-2 + corrector, log sigma",10,1,4,0.0,0.0
uniform,dpm2_log,"DPM-2 + corrector, log sigma",10,1,4,0.1,0.08213423192501068
uniform,dpm2_log,"DPM-2 + corrector, log sigma",10,1,4,0.2,0.16569136083126068
uniform,dpm2_log,"DPM-2 + corrector, log sigma",10,1,4,0.30000000000000004,0.2520900368690491
uniform,dpm2_log,"DPM-2 + corrector, log sigma",10,1,4,0.4,0.3427339196205139
uniform,dpm2_log,"DPM-2 + corrector, log sigma",10,1,4,0.5,0.43898215889930725
uniform,dpm2_log,"DPM-2 + corrector, log sigma",10,1,4,0.6000000000000001,0.5420758724212646
uniform,dpm2_log,"DPM-2 + corrector, log sigma",10,1,4,0.7000000000000001,0.6529474258422852
uniform,dpm2_log,"DPM-2 + corrector, log sigma",10,1,4,0.8,0.7716711163520813
uniform,dpm2_log,"DPM-2 + corrector, log sigma",10,1,4,0.9,0.8954212665557861
uniform,dpm2_log,"DPM-2 + corrector, log sigma",10,1,4,1.0,1.0
uniform,dpm2_log,"DPM-2 + corrector, log sigma",50,1,4,0.0,0.0
uniform,dpm2_log,"DPM-2 + corrector, log sigma",50,1,4,0.1,0.09059379994869232
uniform,dpm2_log,"DPM-2 + corrector, log sigma",50,1,4,0.2,0.18181248009204865
uniform,dpm2_log,"DPM-2 + corrector, log sigma",50,1,4,0.30000000000000004,0.27428945899009705
uniform,dpm2_log,"DPM-2 + corrector, log sigma",50,1,4,0.4,0.36867523193359375
uniform,dpm2_log,"DPM-2 + corrector, log sigma",50,1,4,0.5,0.46564239263534546
uniform,dpm2_log,"DPM-2 + corrector, log sigma",50,1,4,0.6000000000000001,0.5658851861953735
uniform,dpm2_log,"DPM-2 + corrector, log sigma",50,1,4,0.7000000000000001,0.6700937151908875
uniform,dpm2_log,"DPM-2 + corrector, log sigma",50,1,4,0.8,0.7788363695144653
uniform,dpm2_log,"DPM-2 + corrector, log sigma",50,1,4,0.9,0.8919634819030762
uniform,dpm2_log,"DPM-2 + corrector, log sigma",50,1,4,1.0,1.0
uniform,sigma_log_dpm,"Sigma-space DPM-1, log sigma",10,1,5,0.0,0.0
uniform,sigma_log_dpm,"Sigma-space DPM-1, log sigma",10,1,5,0.1,0.10559424757957458
uniform,sigma_log_dpm,"Sigma-space DPM-1, log sigma",10,1,5,0.2,0.21082165837287903
uniform,sigma_log_dpm,"Sigma-space DPM-1, log sigma",10,1,5,0.30000000000000004,0.31532934308052063
uniform,sigma_log_dpm,"Sigma-space DPM-1, log sigma",10,1,5,0.4,0.4187944829463959
uniform,sigma_log_dpm,"Sigma-space DPM-1, log sigma",10,1,5,0.5,0.520941972732544
uniform,sigma_log_dpm,"Sigma-space DPM-1, log sigma",10,1,5,0.6000000000000001,0.6215678453445435
uniform,sigma_log_dpm,"Sigma-space DPM-1, log sigma",10,1,5,0.7000000000000001,0.7205619812011719
uniform,sigma_log_dpm,"Sigma-space DPM-1, log sigma",10,1,5,0.8,0.8179053068161011
uniform,sigma_log_dpm,"Sigma-space DPM-1, log sigma",10,1,5,0.9,0.913406491279602
uniform,sigma_log_dpm,"Sigma-space DPM-1, log sigma",10,1,5,1.0,1.0
uniform,sigma_log_dpm,"Sigma-space DPM-1, log sigma",50,1,5,0.0,0.0
uniform,sigma_log_dpm,"Sigma-space DPM-1, log sigma",50,1,5,0.1,0.11788105964660645
uniform,sigma_log_dpm,"Sigma-space DPM-1, log sigma",50,1,5,0.2,0.23487606644630432
uniform,sigma_log_dpm,"Sigma-space DPM-1, log sigma",50,1,5,0.30000000000000004,0.350089967250824
uniform,sigma_log_dpm,"Sigma-space DPM-1, log sigma",50,1,5,0.4,0.4626067280769348
uniform,sigma_log_dpm,"Sigma-space DPM-1, log sigma",50,1,5,0.5,0.5714660882949829
uniform,sigma_log_dpm,"Sigma-space DPM-1, log sigma",50,1,5,0.6000000000000001,0.6756192445755005
uniform,sigma_log_dpm,"Sigma-space DPM-1, log sigma",50,1,5,0.7000000000000001,0.7738258838653564
uniform,sigma_log_dpm,"Sigma-space DPM-1, log sigma",50,1,5,0.8,0.864378809928894
uniform,sigma_log_dpm,"Sigma-space DPM-1, log sigma",50,1,5,0.9,0.9441274404525757
uniform,sigma_log_dpm,"Sigma-space DPM-1, log sigma",50,1,5,1.0,1.0
uniform,dpm2_log,"DPM-2 + corrector, log sigma",10,1,5,0.0,0.0
uniform,dpm2_log,"DPM-2 + corrector, log sigma",10,1,5,0.1,0.1262907236814499
uniform,dpm2_log,"DPM-2 + corrector, log sigma",10,1,5,0.2,0.2513889670372009
uniform,dpm2_log,"DPM-2 + corrector, log sigma",10,1,5,0.30000000000000004,0.3740604519844055
uniform,dpm2_log,"DPM-2 + corrector, log sigma",10,1,5,0.4,0.49298062920570374
uniform,dpm2_log,"DPM-2 + corrector, log sigma",10,1,5,0.5,0.6066650152206421
uniform,dpm2_log,"DPM-2 + corrector, log sigma",10,1,5,0.6000000000000001,0.7133601903915405
uniform,dpm2_log,"DPM-2 + corrector, log sigma",10,1,5,0.7000000000000001,0.8108447194099426
uniform,dpm2_log,"DPM-2 + corrector, log sigma",10,1,5,0.8,0.896001398563385
uniform,dpm2_log,"DPM-2 + corrector, log sigma",10,1,5,0.9,0.9636386632919312
uniform,dpm2_log,"DPM-2 + corrector, log sigma",10,1,5,1.0,1.0
uniform,dpm2_log,"DPM-2 + corrector, log sigma",50,1,5,0.0,0.0
uniform,dpm2_log,"DPM-2 + corrector, log sigma",50,1,5,0.1,0.12220939993858337
uniform,dpm2_log,"DPM-2 + corrector, log sigma",50,1,5,0.2,0.24345166981220245
uniform,dpm2_log,"DPM-2 + corrector, log sigma",50,1,5,0.30000000000000004,0.3627196252346039
uniform,dpm2_log,"DPM-2 + corrector, log sigma",50,1,5,0.4,0.4789204001426697
uniform,dpm2_log,"DPM-2 + corrector, log sigma",50,1,5,0.5,0.5908100605010986
uniform,dpm2_log,"DPM-2 + corrector, log sigma",50,1,5,0.6000000000000001,0.6968932747840881
uniform,dpm2_log,"DPM-2 + corrector, log sigma",50,1,5,0.7000000000000001,0.7952412366867065
uniform,dpm2_log,"DPM-2 + corrector, log sigma",50,1,5,0.8,0.8831014633178711
uniform,dpm2_log,"DPM-2 + corrector, log sigma",50,1,5,0.9,0.9558031558990479
uniform,dpm2_log,"DPM-2 + corrector, log sigma",50,1,5,1.0,1.0
uniform,sigma_log_dpm,"Sigma-space DPM-1, log sigma",10,1,6,0.0,0.0
uniform,sigma_log_dpm,"Sigma-space DPM-1, log sigma",10,1,6,0.1,0.09454020857810974
uniform,sigma_log_dpm,"Sigma-space DPM-1, log sigma",10,1,6,0.2,0.18980762362480164
uniform,sigma_log_dpm,"Sigma-space DPM-1, log sigma",10,1,6,0.30000000000000004,0.28651928901672363
uniform,sigma_log_dpm,"Sigma-space DPM-1, log sigma",10,1,6,0.4,0.38536351919174194
uniform,sigma_log_dpm,"Sigma-space DPM-1, log sigma",10,1,6,0.5,0.48695841431617737
uniform,sigma_log_dpm,"Sigma-space DPM-1, log sigma",10,1,6,0.6000000000000001,0.5917564630508423
uniform,sigma_log_dpm,"Sigma-space DPM-1, log sigma",10,1,6,0.7000000000000001,0.6998131275177002
uniform,sigma_log_dpm,"Sigma-space DPM-1, log sigma",10,1,6,0.8,0.810150146484375
uniform,sigma_log_dpm,"Sigma-space DPM-1, log sigma",10,1,6,0.9,0.9185187220573425
uniform,sigma_log_dpm,"Sigma-space DPM-1, log sigma",10,1,6,1.0,1.0
uniform,sigma_log_dpm,"Sigma-space DPM-1, log sigma",50,1,6,0.0,0.0
uniform,sigma_log_dpm,"Sigma-space DPM-1, log sigma",50,1,6,0.1,0.10512518882751465
uniform,sigma_log_dpm,"Sigma-space DPM-1, log sigma",50,1,6,0.2,0.21058940887451172
uniform,sigma_log_dpm,"Sigma-space DPM-1, log sigma",50,1,6,0.30000000000000004,0.3166828751564026
uniform,sigma_log_dpm,"Sigma-space DPM-1, log sigma",50,1,6,0.4,0.4235840141773224
uniform,sigma_log_dpm,"Sigma-space DPM-1, log sigma",50,1,6,0.5,0.5312577486038208
uniform,sigma_log_dpm,"Sigma-space DPM-1, log sigma",50,1,6,0.6000000000000001,0.6392748355865479
uniform,sigma_log_dpm,"Sigma-space DPM-1, log sigma",50,1,6,0.7000000000000001,0.7464434504508972
uniform,sigma_log_dpm,"Sigma-space DPM-1, log sigma",50,1,6,0.8,0.8499540686607361
uniform,sigma_log_dpm,"Sigma-space DPM-1, log sigma",50,1,6,0.9,0.9428615570068359
uniform,sigma_log_dpm,"Sigma-space DPM-1, log sigma",50,1,6,1.0,1.0
uniform,dpm2_log,"DPM-2 + corrector, log sigma",10,1,6,0.0,0.0
uniform,dpm2_log,"DPM-2 + corrector, log sigma",10,1,6,0.1,0.12172955274581909
uniform,dpm2_log,"DPM-2 + corrector, log sigma",10,1,6,0.2,0.24286040663719177
uniform,dpm2_log,"DPM-2 + corrector, log sigma",10,1,6,0.30000000000000004,0.36270672082901
uniform,dpm2_log,"DPM-2 + corrector, log sigma",10,1,6,0.4,0.48039355874061584
uniform,dpm2_log,"DPM-2 + corrector, log sigma",10,1,6,0.5,0.5947210788726807
uniform,dpm2_log,"DPM-2 + corrector, log sigma",10,1,6,0.6000000000000001,0.7039612531661987
uniform,dpm2_log,"DPM-2 + corrector, log sigma",10,1,6,0.7000000000000001,0.8055117130279541
uniform,dpm2_log,"DPM-2 + corrector, log sigma",10,1,6,0.8,0.8952208757400513
uniform,dpm2_log,"DPM-2 + corrector, log sigma",10,1,6,0.9,0.96575528383255
uniform,dpm2_log,"DPM-2 + corrector, log sigma",10,1,6,1.0,1.0
uniform,dpm2_log,"DPM-2 + corrector, log sigma",50,1,6,0.0,0.0
uniform,dpm2_log,"DPM-2 + corrector, log sigma",50,1,6,0.1,0.12018626928329468
uniform,dpm2_log,"DPM-2 + corrector, log sigma",50,1,6,0.2,0.23957005143165588
uniform,dpm2_log,"DPM-2 + corrector, log sigma",50,1,6,0.30000000000000004,0.35730627179145813
uniform,dpm2_log,"DPM-2 + corrector, log sigma",50,1,6,0.4,0.4724558889865875
uniform,dpm2_log,"DPM-2 + corrector, log sigma",50,1,6,0.5,0.5839155912399292
uniform,dpm2_log,"DPM-2 + corrector, log sigma",50,1,6,0.6000000000000001,0.690304696559906
uniform,dpm2_log,"DPM-2 + corrector, log sigma",50,1,6,0.7000000000000001,0.7897604703903198
uniform,dpm2_log,"DPM-2 + corrector, log sigma",50,1,6,0.8,0.8794915080070496
uniform,dpm2_log,"DPM-2 + corrector, log sigma",50,1,6,0.9,0.9545193314552307
uniform,dpm2_log,"DPM-2 + corrector, log sigma",50,1,6,1.0,1.0
uniform,sigma_log_dpm,"Sigma-space DPM-1, log sigma",10,1,7,0.0,0.0
uniform,sigma_log_dpm,"Sigma-space DPM-1, log sigma",10,1,7,0.1,0.07556620240211487
uniform,sigma_log_dpm,"Sigma-space DPM-1, log sigma",10,1,7,0.2,0.1519985944032669
uniform,sigma_log_dpm,"Sigma-space DPM-1, log sigma",10,1,7,0.30000000000000004,0.23026806116104126
uniform,sigma_log_dpm,"Sigma-space DPM-1, log sigma",10,1,7,0.4,0.31157296895980835
uniform,sigma_log_dpm,"Sigma-space DPM-1, log sigma",10,1,7,0.5,0.39749985933303833
uniform,sigma_log_dpm,"Sigma-space DPM-1, log sigma",10,1,7,0.6000000000000001,0.49025917053222656
uniform,sigma_log_dpm,"Sigma-space DPM-1, log sigma",10,1,7,0.7000000000000001,0.5930455923080444
uniform,sigma_log_dpm,"Sigma-space DPM-1, log sigma",10,1,7,0.8,0.7105803489685059
uniform,sigma_log_dpm,"Sigma-space DPM-1, log sigma",10,1,7,0.9,0.8494777679443359
uniform,sigma_log_dpm,"Sigma-space DPM-1, log sigma",10,1,7,1.0,1.0
uniform,sigma_log_dpm,"Sigma-space DPM-1, log sigma",50,1,7,0.0,0.0
uniform,sigma_log_dpm,"Sigma-space DPM-1, log sigma",50,1,7,0.1,0.08170744776725769
uniform,sigma_log_dpm,"Sigma-space DPM-1, log sigma",50,1,7,0.2,0.16406522691249847
uniform,sigma_log_dpm,"Sigma-space DPM-1, log sigma",50,1,7,0.30000000000000004,0.24781489372253418
uniform,sigma_log_dpm,"Sigma-space DPM-1, log sigma",50,1,7,0.4,0.3338945806026459
uniform,sigma_log_dpm,"Sigma-space DPM-1, log sigma",50,1,7,0.5,0.4235747456550598
uniform,sigma_log_dpm,"Sigma-space DPM-1, log sigma",50,1,7,0.6000000000000001,0.5186479091644287
uniform,sigma_log_dpm,"Sigma-space DPM-1, log sigma",50,1,7,0.7000000000000001,0.6216978430747986
uniform,sigma_log_dpm,"Sigma-space DPM-1, log sigma",50,1,7,0.8,0.7364230751991272
uniform,sigma_log_dpm,"Sigma-space DPM-1, log sigma",50,1,7,0.9,0.8673653602600098
uniform,sigma_log_dpm,"Sigma-space DPM-1, log sigma",50,1,7,1.0,1.0
uniform,dpm2_log,"DPM-2 + corrector, log sigma",10,1,7,0.0,0.0
uniform,dpm2_log,"DPM-2 + corrector, log sigma",10,1,7,0.1,0.09003476798534393
uniform,dpm2_log,"DPM-2 + corrector, log sigma",10,1,7,0.2,0.18096424639225006
uniform,dpm2_log,"DPM-2 + corrector, log sigma",10,1,7,0.30000000000000004,0.2736892104148865
uniform,dpm2_log,"DPM-2 + corrector, log sigma",10,1,7,0.4,0.36911657452583313
uniform,dpm2_log,"DPM-2 + corrector, log sigma",10,1,7,0.5,0.46814239025115967
uniform,dpm2_log,"DPM-2 + corrector, log sigma",10,1,7,0.6000000000000001,0.57159423828125
uniform,dpm2_log,"DPM-2 + corrector, log sigma",10,1,7,0.7000000000000001,0.6800569295883179
uniform,dpm2_log,"DPM-2 + corrector, log sigma",10,1,7,0.8,0.7933282256126404
uniform,dpm2_log,"DPM-2 + corrector, log sigma",10,1,7,0.9,0.908295750617981
uniform,dpm2_log,"DPM-2 + corrector, log sigma",10,1,7,1.0,1.0
uniform,dpm2_log,"DPM-2 + corrector, log sigma",50,1,7,0.0,0.0
uniform,dpm2_log,"DPM-2 + corrector, log sigma",50,1,7,0.1,0.09465645253658295
uniform,dpm2_log,"DPM-2 + corrector, log sigma",50,1,7,0.2,0.18976813554763794
uniform,dpm2_log,"DPM-2 + corrector, log sigma",50,1,7,0.30000000000000004,0.28579071164131165
uniform,dpm2_log,"DPM-2 + corrector, log sigma",50,1,7,0.4,0.3831794261932373
uniform,dpm2_log,"DPM-2 + corrector, log sigma",50,1,7,0.5,0.48238128423690796
uniform,dpm2_log,"DPM-2 + corrector, log sigma",50,1,7,0.6000000000000001,0.5838127732276917
uniform,dpm2_log,"DPM-2 + corrector, log sigma",50,1,7,0.7000000000000001,0.6877964735031128
uniform,dpm2_log,"DPM-2 + corrector, log sigma",50,1,7,0.8,0.7943592071533203
uniform,dpm2_log,"DPM-2 + corrector, log sigma",50,1,7,0.9,0.9024040699005127
uniform,dpm2_log,"DPM-2 + corrector, log sigma",50,1,7,1.0,1.0
uniform,sigma_log_dpm,"Sigma-space DPM-1, log sigma",10,1,8,0.0,0.0
uniform,sigma_log_dpm,"Sigma-space DPM-1, log sigma",10,1,8,0.1,0.1155889481306076
uniform,sigma_log_dpm,"Sigma-space DPM-1, log sigma",10,1,8,0.2,0.2305169403553009
uniform,sigma_log_dpm,"Sigma-space DPM-1, log sigma",10,1,8,0.30000000000000004,0.34410643577575684
uniform,sigma_log_dpm,"Sigma-space DPM-1, log sigma",10,1,8,0.4,0.45564183592796326
uniform,sigma_log_dpm,"Sigma-space DPM-1, log sigma",10,1,8,0.5,0.5643320083618164
uniform,sigma_log_dpm,"Sigma-space DPM-1, log sigma",10,1,8,0.6000000000000001,0.6692410111427307
uniform,sigma_log_dpm,"Sigma-space DPM-1, log sigma",10,1,8,0.7000000000000001,0.7691372036933899
uniform,sigma_log_dpm,"Sigma-space DPM-1, log sigma",10,1,8,0.8,0.8621094226837158
uniform,sigma_log_dpm,"Sigma-space DPM-1, log sigma",10,1,8,0.9,0.9442864656448364
uniform,sigma_log_dpm,"Sigma-space DPM-1, log sigma",10,1,8,1.0,1.0
uniform,sigma_log_dpm,"Sigma-space DPM-1, log sigma",50,1,8,0.0,0.0
uniform,sigma_log_dpm,"Sigma-space DPM-1, log sigma",50,1,8,0.1,0.12723222374916077
uniform,sigma_log_dpm,"Sigma-space DPM-1, log sigma",50,1,8,0.2,0.253433495759964
uniform,sigma_log_dpm,"Sigma-space DPM-1, log sigma",50,1,8,0.30000000000000004,0.3774961829185486
uniform,sigma_log_dpm,"Sigma-space DPM-1, log sigma",50,1,8,0.4,0.4981468915939331
uniform,sigma_log_dpm,"Sigma-space DPM-1, log sigma",50,1,8,0.5,0.6138272881507874
uniform,sigma_log_dpm,"Sigma-space DPM-1, log sigma",50,1,8,0.6000000000000001,0.7225169539451599
uniform,sigma_log_dpm,"Sigma-space DPM-1, log sigma",50,1,8,0.7000000000000001,0.8214344382286072
uniform,sigma_log_dpm,"Sigma-space DPM-1, log sigma",50,1,8,0.8,0.9064644575119019
uniform,sigma_log_dpm,"Sigma-space DPM-1, log sigma",50,1,8,0.9,0.970811128616333
uniform,sigma_log_dpm,"Sigma-space DPM-1, log sigma",50,1,8,1.0,1.0
uniform,dpm2_log,"DPM-2 + corrector, log sigma",10,1,8,0.0,0.0
uniform,dpm2_log,"DPM-2 + corrector, log sigma",10,1,8,0.1,0.13149704039096832
uniform,dpm2_log,"DPM-2 + corrector, log sigma",10,1,8,0.2,0.2615935206413269
uniform,dpm2_log,"DPM-2 + corrector, log sigma",10,1,8,0.30000000000000004,0.38882261514663696
uniform,dpm2_log,"DPM-2 + corrector, log sigma",10,1,8,0.4,0.5115760564804077
uniform,dpm2_log,"DPM-2 + corrector, log sigma",10,1,8,0.5,0.6280058026313782
uniform,dpm2_log,"DPM-2 + corrector, log sigma",10,1,8,0.6000000000000001,0.7358814477920532
uniform,dpm2_log,"DPM-2 + corrector, log sigma",10,1,8,0.7000000000000001,0.832356333732605
uniform,dpm2_log,"DPM-2 + corrector, log sigma",10,1,8,0.8,0.9135271310806274
uniform,dpm2_log,"DPM-2 + corrector, log sigma",10,1,8,0.9,0.973407506942749
uniform,dpm2_log,"DPM-2 + corrector, log sigma",10,1,8,1.0,1.0
uniform,dpm2_log,"DPM-2 + corrector, log sigma",50,1,8,0.0,0.0
uniform,dpm2_log,"DPM-2 + corrector, log sigma",50,1,8,0.1,0.12981516122817993
uniform,dpm2_log,"DPM-2 + corrector, log sigma",50,1,8,0.2,0.2582200765609741
uniform,dpm2_log,"DPM-2 + corrector, log sigma",50,1,8,0.30000000000000004,0.38375774025917053
uniform,dpm2_log,"DPM-2 + corrector, log sigma",50,1,8,0.4,0.5048711895942688
uniform,dpm2_log,"DPM-2 + corrector, log sigma",50,1,8,0.5,0.6198306083679199
uniform,dpm2_log,"DPM-2 + corrector, log sigma",50,1,8,0.6000000000000001,0.726625382900238
uniform,dpm2_log,"DPM-2 + corrector, log sigma",50,1,8,0.7000000000000001,0.8227770328521729
uniform,dpm2_log,"DPM-2 + corrector, log sigma",50,1,8,0.8,0.9049609303474426
uniform,dpm2_log,"DPM-2 + corrector, log sigma",50,1,8,0.9,0.968025267124176
uniform,dpm2_log,"DPM-2 + corrector, log sigma",50,1,8,1.0,1.0
uniform,sigma_log_dpm,"Sigma-space DPM-1, log sigma",10,1,9,0.0,0.0
uniform,sigma_log_dpm,"Sigma-space DPM-1, log sigma",10,1,9,0.1,0.13879242539405823
uniform,sigma_log_dpm,"Sigma-space DPM-1, log sigma",10,1,9,0.2,0.2755091190338135
uniform,sigma_log_dpm,"Sigma-space DPM-1, log sigma",10,1,9,0.30000000000000004,0.4080379009246826
uniform,sigma_log_dpm,"Sigma-space DPM-1, log sigma",10,1,9,0.4,0.534189760684967
uniform,sigma_log_dpm,"Sigma-space DPM-1, log sigma",10,1,9,0.5,0.6516452431678772
uniform,sigma_log_dpm,"Sigma-space DPM-1, log sigma",10,1,9,0.6000000000000001,0.7578797340393066
uniform,sigma_log_dpm,"Sigma-space DPM-1, log sigma",10,1,9,0.7000000000000001,0.8500410318374634
uniform,sigma_log_dpm,"Sigma-space DPM-1, log sigma",10,1,9,0.8,0.9247177243232727
uniform,sigma_log_dpm,"Sigma-space DPM-1, log sigma",10,1,9,0.9,0.9773864150047302
uniform,sigma_log_dpm,"Sigma-space DPM-1, log sigma",10,1,9,1.0,1.0
uniform,sigma_log_dpm,"Sigma-space DPM-1, log sigma",50,1,9,0.0,0.0
uniform,sigma_log_dpm,"Sigma-space DPM-1, log sigma",50,1,9,0.1,0.15002384781837463
uniform,sigma_log_dpm,"Sigma-space DPM-1, log sigma",50,1,9,0.2,0.2970130443572998
uniform,sigma_log_dpm,"Sigma-space DPM-1, log sigma",50,1,9,0.30000000000000004,0.4379320442676544
uniform,sigma_log_dpm,"Sigma-space DPM-1, log sigma",50,1,9,0.4,0.5697441101074219
uniform,sigma_log_dpm,"Sigma-space DPM-1, log sigma",50,1,9,0.5,0.6894105672836304
uniform,sigma_log_dpm,"Sigma-space DPM-1, log sigma",50,1,9,0.6000000000000001,0.7938931584358215
uniform,sigma_log_dpm,"Sigma-space DPM-1, log sigma",50,1,9,0.7000000000000001,0.8801587820053101
uniform,sigma_log_dpm,"Sigma-space DPM-1, log sigma",50,1,9,0.8,0.9451929330825806
uniform,sigma_log_dpm,"Sigma-space DPM-1, log sigma",50,1,9,0.9,0.9860399961471558
uniform,sigma_log_dpm,"Sigma-space DPM-1, log sigma",50,1,9,1.0,1.0
uniform,dpm2_log,"DPM-2 + corrector, log sigma",10,1,9,0.0,0.0
uniform,dpm2_log,"DPM-2 + corrector, log sigma",10,1,9,0.1,0.14775490760803223
uniform,dpm2_log,"DPM-2 + corrector, log sigma",10,1,9,0.2,0.29271477460861206
uniform,dpm2_log,"DPM-2 + corrector, log sigma",10,1,9,0.30000000000000004,0.43206673860549927
uniform,dpm2_log,"DPM-2 + corrector, log sigma",10,1,9,0.4,0.5629624724388123
uniform,dpm2_log,"DPM-2 + corrector, log sigma",10,1,9,0.5,0.6824954748153687
uniform,dpm2_log,"DPM-2 + corrector, log sigma",10,1,9,0.6000000000000001,0.787676215171814
uniform,dpm2_log,"DPM-2 + corrector, log sigma",10,1,9,0.7000000000000001,0.875397801399231
uniform,dpm2_log,"DPM-2 + corrector, log sigma",10,1,9,0.8,0.9423905611038208
uniform,dpm2_log,"DPM-2 + corrector, log sigma",10,1,9,0.9,0.9851597547531128
uniform,dpm2_log,"DPM-2 + corrector, log sigma",10,1,9,1.0,1.0
uniform,dpm2_log,"DPM-2 + corrector, log sigma",50,1,9,0.0,0.0
uniform,dpm2_log,"DPM-2 + corrector, log sigma",50,1,9,0.1,0.12740857899188995
uniform,dpm2_log,"DPM-2 + corrector, log sigma",50,1,9,0.2,0.2535460591316223
uniform,dpm2_log,"DPM-2 + corrector, log sigma",50,1,9,0.30000000000000004,0.3770970404148102
uniform,dpm2_log,"DPM-2 + corrector, log sigma",50,1,9,0.4,0.4966513514518738
uniform,dpm2_log,"DPM-2 + corrector, log sigma",50,1,9,0.5,0.6106339693069458
uniform,dpm2_log,"DPM-2 + corrector, log sigma",50,1,9,0.6000000000000001,0.7171999216079712
uniform,dpm2_log,"DPM-2 + corrector, log sigma",50,1,9,0.7000000000000001,0.8140488862991333
uniform,dpm2_log,"DPM-2 + corrector, log sigma",50,1,9,0.8,0.8980429172515869
uniform,dpm2_log,"DPM-2 + corrector, log sigma",50,1,9,0.9,0.9641838073730469
uniform,dpm2_log,"DPM-2 + corrector, log sigma",50,1,9,1.0,1.0
uniform,sigma_log_dpm,"Sigma-space DPM-1, log sigma",10,1,10,0.0,0.0
uniform,sigma_log_dpm,"Sigma-space DPM-1, log sigma",10,1,10,0.1,0.1313062310218811
uniform,sigma_log_dpm,"Sigma-space DPM-1, log sigma",10,1,10,0.2,0.2611558139324188
uniform,sigma_log_dpm,"Sigma-space DPM-1, log sigma",10,1,10,0.30000000000000004,0.3880365490913391
uniform,sigma_log_dpm,"Sigma-space DPM-1, log sigma",10,1,10,0.4,0.5103184580802917
uniform,sigma_log_dpm,"Sigma-space DPM-1, log sigma",10,1,10,0.5,0.6261698007583618
uniform,sigma_log_dpm,"Sigma-space DPM-1, log sigma",10,1,10,0.6000000000000001,0.7334359288215637
uniform,sigma_log_dpm,"Sigma-space DPM-1, log sigma",10,1,10,0.7000000000000001,0.8294353485107422
uniform,sigma_log_dpm,"Sigma-space DPM-1, log sigma",10,1,10,0.8,0.9105640649795532
uniform,sigma_log_dpm,"Sigma-space DPM-1, log sigma",10,1,10,0.9,0.9713247418403625
uniform,sigma_log_dpm,"Sigma-space DPM-1, log sigma",10,1,10,1.0,1.0
uniform,sigma_log_dpm,"Sigma-space DPM-1, log sigma",50,1,10,0.0,0.0
uniform,sigma_log_dpm,"Sigma-space DPM-1, log sigma",50,1,10,0.1,0.13532310724258423
uniform,sigma_log_dpm,"Sigma-space DPM-1, log sigma",50,1,10,0.2,0.26896247267723083
uniform,sigma_log_dpm,"Sigma-space DPM-1, log sigma",50,1,10,0.30000000000000004,0.3991703391075134
uniform,sigma_log_dpm,"Sigma-space DPM-1, log sigma",50,1,10,0.4,0.5240628719329834
uniform,sigma_log_dpm,"Sigma-space DPM-1, log sigma",50,1,10,0.5,0.6415292620658875
uniform,sigma_log_dpm,"Sigma-space DPM-1, log sigma",50,1,10,0.6000000000000001,0.7491047978401184
uniform,sigma_log_dpm,"Sigma-space DPM-1, log sigma",50,1,10,0.7000000000000001,0.8437718749046326
uniform,sigma_log_dpm,"Sigma-space DPM-1, log sigma",50,1,10,0.8,0.9216040968894958
uniform,sigma_log_dpm,"Sigma-space DPM-1, log sigma",50,1,10,0.9,0.9769899845123291
uniform,sigma_log_dpm,"Sigma-space DPM-1, log sigma",50,1,10,1.0,1.0
uniform,dpm2_log,"DPM-2 + corrector, log sigma",10,1,10,0.0,0.0
uniform,dpm2_log,"DPM-2 + corrector, log sigma",10,1,10,0.1,0.1475011706352234
uniform,dpm2_log,"DPM-2 + corrector, log sigma",10,1,10,0.2,0.29222583770751953
uniform,dpm2_log,"DPM-2 + corrector, log sigma",10,1,10,0.30000000000000004,0.4313794672489166
uniform,dpm2_log,"DPM-2 + corrector, log sigma",10,1,10,0.4,0.5621315240859985
uniform,dpm2_log,"DPM-2 + corrector, log sigma",10,1,10,0.5,0.6815923452377319
uniform,dpm2_log,"DPM-2 + corrector, log sigma",10,1,10,0.6000000000000001,0.7867871522903442
uniform,dpm2_log,"DPM-2 + corrector, log sigma",10,1,10,0.7000000000000001,0.8746206164360046
uniform,dpm2_log,"DPM-2 + corrector, log sigma",10,1,10,0.8,0.9418269395828247
uniform,dpm2_log,"DPM-2 + corrector, log sigma",10,1,10,0.9,0.9848949313163757
uniform,dpm2_log,"DPM-2 + corrector, log sigma",10,1,10,1.0,1.0
uniform,dpm2_log,"DPM-2 + corrector, log sigma",50,1,10,0.0,0.0
uniform,dpm2_log,"DPM-2 + corrector, log sigma",50,1,10,0.1,0.12769141793251038
uniform,dpm2_log,"DPM-2 + corrector, log sigma",50,1,10,0.2,0.2540975511074066
uniform,dpm2_log,"DPM-2 + corrector, log sigma",50,1,10,0.30000000000000004,0.37788838148117065
uniform,dpm2_log,"DPM-2 + corrector, log sigma",50,1,10,0.4,0.49763768911361694
uniform,dpm2_log,"DPM-2 + corrector, log sigma",50,1,10,0.5,0.6117528676986694
uniform,dpm2_log,"DPM-2 + corrector, log sigma",50,1,10,0.6000000000000001,0.7183682322502136
uniform,dpm2_log,"DPM-2 + corrector, log sigma",50,1,10,0.7000000000000001,0.8151586055755615
uniform,dpm2_log,"DPM-2 + corrector, log sigma",50,1,10,0.8,0.8989553451538086
uniform,dpm2_log,"DPM-2 + corrector, log sigma",50,1,10,0.9,0.964722216129303
uniform,dpm2_log,"DPM-2 + corrector, log sigma",50,1,10,1.0,1.0
uniform,sigma_log_dpm,"Sigma-space DPM-1, log sigma",10,1,11,0.0,0.0
uniform,sigma_log_dpm,"Sigma-space DPM-1, log sigma",10,1,11,0.1,0.10441012680530548
uniform,sigma_log_dpm,"Sigma-space DPM-1, log sigma",10,1,11,0.2,0.20887558162212372
uniform,sigma_log_dpm,"Sigma-space DPM-1, log sigma",10,1,11,0.30000000000000004,0.31343764066696167
uniform,sigma_log_dpm,"Sigma-space DPM-1, log sigma",10,1,11,0.4,0.4181041121482849
uniform,sigma_log_dpm,"Sigma-space DPM-1, log sigma",10,1,11,0.5,0.5228112936019897
uniform,sigma_log_dpm,"Sigma-space DPM-1, log sigma",10,1,11,0.6000000000000001,0.6273483633995056
uniform,sigma_log_dpm,"Sigma-space DPM-1, log sigma",10,1,11,0.7000000000000001,0.7311817407608032
uniform,sigma_log_dpm,"Sigma-space DPM-1, log sigma",10,1,11,0.8,0.8329892158508301
uniform,sigma_log_dpm,"Sigma-space DPM-1, log sigma",10,1,11,0.9,0.9290368556976318
uniform,sigma_log_dpm,"Sigma-space DPM-1, log sigma",10,1,11,1.0,1.0
uniform,sigma_log_dpm,"Sigma-space DPM-1, log sigma",50,1,11,0.0,0.0
uniform,sigma_log_dpm,"Sigma-space DPM-1, log sigma",50,1,11,0.1,0.11736741662025452
uniform,sigma_log_dpm,"Sigma-space DPM-1, log sigma",50,1,11,0.2,0.23437853157520294
uniform,sigma_log_dpm,"Sigma-space DPM-1, log sigma",50,1,11,0.30000000000000004,0.3506101369857788
uniform,sigma_log_dpm,"Sigma-space DPM-1, log sigma",50,1,11,0.4,0.46548977494239807
uniform,sigma_log_dpm,"Sigma-space DPM-1, log sigma",50,1,11,0.5,0.5781710743904114
uniform,sigma_log_dpm,"Sigma-space DPM-1, log sigma",50,1,11,0.6000000000000001,0.6873275637626648
uniform,sigma_log_dpm,"Sigma-space DPM-1, log sigma",50,1,11,0.7000000000000001,0.7907658815383911
uniform,sigma_log_dpm,"Sigma-space DPM-1, log sigma",50,1,11,0.8,0.8846063613891602
uniform,sigma_log_dpm,"Sigma-space DPM-1, log sigma",50,1,11,0.9,0.9611625075340271
uniform,sigma_log_dpm,"Sigma-space DPM-1, log sigma",50,1,11,1.0,1.0
uniform,dpm2_log,"DPM-2 + corrector, log sigma",10,1,11,0.0,0.0
uniform,dpm2_log,"DPM-2 + corrector, log sigma",10,1,11,0.1,0.1282859444618225
uniform,dpm2_log,"DPM-2 + corrector, log sigma",10,1,11,0.2,0.25539952516555786
uniform,dpm2_log,"DPM-2 + corrector, log sigma",10,1,11,0.30000000000000004,0.3801027536392212
uniform,dpm2_log,"DPM-2 + corrector, log sigma",10,1,11,0.4,0.5010151863098145
uniform,dpm2_log,"DPM-2 + corrector, log sigma",10,1,11,0.5,0.6165119409561157
uniform,dpm2_log,"DPM-2 + corrector, log sigma",10,1,11,0.6000000000000001,0.7245703339576721
uniform,dpm2_log,"DPM-2 + corrector, log sigma",10,1,11,0.7000000000000001,0.8225100040435791
uniform,dpm2_log,"DPM-2 + corrector, log sigma",10,1,11,0.8,0.906482458114624
uniform,dpm2_log,"DPM-2 + corrector, log sigma",10,1,11,0.9,0.9702314138412476
uniform,dpm2_log,"DPM-2 + corrector, log sigma",10,1,11,1.0,1.0
uniform,dpm2_log,"DPM-2 + corrector, log sigma",50,1,11,0.0,0.0
uniform,dpm2_log,"DPM-2 + corrector, log sigma",50,1,11,0.1,0.12000103294849396
uniform,dpm2_log,"DPM-2 + corrector, log sigma",50,1,11,0.2,0.2391899824142456
uniform,dpm2_log,"DPM-2 + corrector, log sigma",50,1,11,0.30000000000000004,0.3567144274711609
uniform,dpm2_log,"DPM-2 + corrector, log sigma",50,1,11,0.4,0.4716339409351349
uniform,dpm2_log,"DPM-2 + corrector, log sigma",50,1,11,0.5,0.5828531384468079
uniform,dpm2_log,"DPM-2 + corrector, log sigma",50,1,11,0.6000000000000001,0.68901526927948
uniform,dpm2_log,"DPM-2 + corrector, log sigma",50,1,11,0.7000000000000001,0.7883080840110779
uniform,dpm2_log,"DPM-2 + corrector, log sigma",50,1,11,0.8,0.8780388832092285
uniform,dpm2_log,"DPM-2 + corrector, log sigma",50,1,11,0.9,0.9534250497817993
uniform,dpm2_log,"DPM-2 + corrector, log sigma",50,1,11,1.0,1.0
uniform,sigma_log_dpm,"Sigma-space DPM-1, log sigma",10,1,12,0.0,0.0
uniform,sigma_log_dpm,"Sigma-space DPM-1, log sigma",10,1,12,0.1,0.09496945142745972
uniform,sigma_log_dpm,"Sigma-space DPM-1, log sigma",10,1,12,0.2,0.1904999315738678
uniform,sigma_log_dpm,"Sigma-space DPM-1, log sigma",10,1,12,0.30000000000000004,0.28717121481895447
uniform,sigma_log_dpm,"Sigma-space DPM-1, log sigma",10,1,12,0.4,0.3855943977832794
uniform,sigma_log_dpm,"Sigma-space DPM-1, log sigma",10,1,12,0.5,0.486405611038208
uniform,sigma_log_dpm,"Sigma-space DPM-1, log sigma",10,1,12,0.6000000000000001,0.5902140736579895
uniform,sigma_log_dpm,"Sigma-space DPM-1, log sigma",10,1,12,0.7000000000000001,0.6974169015884399
uniform,sigma_log_dpm,"Sigma-space DPM-1, log sigma",10,1,12,0.8,0.807597279548645
uniform,sigma_log_dpm,"Sigma-space DPM-1, log sigma",10,1,12,0.9,0.9171659350395203
uniform,sigma_log_dpm,"Sigma-space DPM-1, log sigma",10,1,12,1.0,1.0
uniform,sigma_log_dpm,"Sigma-space DPM-1, log sigma",50,1,12,0.0,0.0
uniform,sigma_log_dpm,"Sigma-space DPM-1, log sigma",50,1,12,0.1,0.1060914546251297
uniform,sigma_log_dpm,"Sigma-space DPM-1, log sigma",50,1,12,0.2,0.21217119693756104
uniform,sigma_log_dpm,"Sigma-space DPM-1, log sigma",50,1,12,0.30000000000000004,0.31823036074638367
uniform,sigma_log_dpm,"Sigma-space DPM-1, log sigma",50,1,12,0.4,0.4242567718029022
uniform,sigma_log_dpm,"Sigma-space DPM-1, log sigma",50,1,12,0.5,0.5302003622055054
uniform,sigma_log_dpm,"Sigma-space DPM-1, log sigma",50,1,12,0.6000000000000001,0.6358778476715088
uniform,sigma_log_dpm,"Sigma-space DPM-1, log sigma",50,1,12,0.7000000000000001,0.7407176494598389
uniform,sigma_log_dpm,"Sigma-space DPM-1, log sigma",50,1,12,0.8,0.8430485725402832
uniform,sigma_log_dpm,"Sigma-space DPM-1, log sigma",50,1,12,0.9,0.9376766681671143
uniform,sigma_log_dpm,"Sigma-space DPM-1, log sigma",50,1,12,1.0,1.0
uniform,dpm2_log,"DPM-2 + corrector, log sigma",10,1,12,0.0,0.0
uniform,dpm2_log,"DPM-2 + corrector, log sigma",10,1,12,0.1,0.12074053287506104
uniform,dpm2_log,"DPM-2 + corrector, log sigma",10,1,12,0.2,0.24069765210151672
uniform,dpm2_log,"DPM-2 + corrector, log sigma",10,1,12,0.30000000000000004,0.35904958844184875
uniform,dpm2_log,"DPM-2 + corrector, log sigma",10,1,12,0.4,0.4748874604701996
uniform,dpm2_log,"DPM-2 + corrector, log sigma",10,1,12,0.5,0.5871373414993286
uniform,dpm2_log,"DPM-2 + corrector, log sigma",10,1,12,0.6000000000000001,0.6944261193275452
uniform,dpm2_log,"DPM-2 + corrector, log sigma",10,1,12,0.7000000000000001,0.7948120832443237
uniform,dpm2_log,"DPM-2 + corrector, log sigma",10,1,12,0.8,0.8851787447929382
uniform,dpm2_log,"DPM-2 + corrector, log sigma",10,1,12,0.9,0.9595123529434204
uniform,dpm2_log,"DPM-2 + corrector, log sigma",10,1,12,1.0,1.0
uniform,dpm2_log,"DPM-2 + corrector, log sigma",50,1,12,0.0,0.0
uniform,dpm2_log,"DPM-2 + corrector, log sigma",50,1,12,0.1,0.11688725650310516
uniform,dpm2_log,"DPM-2 + corrector, log sigma",50,1,12,0.2,0.2330726683139801
uniform,dpm2_log,"DPM-2 + corrector, log sigma",50,1,12,0.30000000000000004,0.34782320261001587
uniform,dpm2_log,"DPM-2 + corrector, log sigma",50,1,12,0.4,0.4603382349014282
uniform,dpm2_log,"DPM-2 + corrector, log sigma",50,1,12,0.5,0.5696969628334045
uniform,dpm2_log,"DPM-2 + corrector, log sigma",50,1,12,0.6000000000000001,0.674776017665863
uniform,dpm2_log,"DPM-2 + corrector, log sigma",50,1,12,0.7000000000000001,0.7740950584411621
uniform,dpm2_log,"DPM-2 + corrector, log sigma",50,1,12,0.8,0.8654741048812866
uniform,dpm2_log,"DPM-2 + corrector, log sigma",50,1,12,0.9,0.9450240135192871
uniform,dpm2_log,"DPM-2 + corrector, log sigma",50,1,12,1.0,1.0
uniform,sigma_log_dpm,"Sigma-space DPM-1, log sigma",10,1,13,0.0,0.0
uniform,sigma_log_dpm,"Sigma-space DPM-1, log sigma",10,1,13,0.1,0.12802128493785858
uniform,sigma_log_dpm,"Sigma-space DPM-1, log sigma",10,1,13,0.2,0.2547726631164551
uniform,sigma_log_dpm,"Sigma-space DPM-1, log sigma",10,1,13,0.30000000000000004,0.378933310508728
uniform,sigma_log_dpm,"Sigma-space DPM-1, log sigma",10,1,13,0.4,0.49907416105270386
uniform,sigma_log_dpm,"Sigma-space DPM-1, log sigma",10,1,13,0.5,0.6135786771774292
uniform,sigma_log_dpm,"Sigma-space DPM-1, log sigma",10,1,13,0.6000000000000001,0.7205263376235962
uniform,sigma_log_dpm,"Sigma-space DPM-1, log sigma",10,1,13,0.7000000000000001,0.8174914717674255
uniform,sigma_log_dpm,"Sigma-space DPM-1, log sigma",10,1,13,0.8,0.9011375904083252
uniform,sigma_log_dpm,"Sigma-space DPM-1, log sigma",10,1,13,0.9,0.9661697149276733
uniform,sigma_log_dpm,"Sigma-space DPM-1, log sigma",10,1,13,1.0,1.0
uniform,sigma_log_dpm,"Sigma-space DPM-1, log sigma",50,1,13,0.0,0.0
uniform,sigma_log_dpm,"Sigma-space DPM-1, log sigma",50,1,13,0.1,0.14408016204833984
uniform,sigma_log_dpm,"Sigma-space DPM-1, log sigma",50,1,13,0.2,0.2856655716896057
uniform,sigma_log_dpm,"Sigma-space DPM-1, log sigma",50,1,13,0.30000000000000004,0.4222348928451538
uniform,sigma_log_dpm,"Sigma-space DPM-1, log sigma",50,1,13,0.4,0.5512124300003052
uniform,sigma_log_dpm,"Sigma-space DPM-1, log sigma",50,1,13,0.5,0.6699314117431641
uniform,sigma_log_dpm,"Sigma-space DPM-1, log sigma",50,1,13,0.6000000000000001,0.7755872011184692
uniform,sigma_log_dpm,"Sigma-space DPM-1, log sigma",50,1,13,0.7000000000000001,0.865165114402771
uniform,sigma_log_dpm,"Sigma-space DPM-1, log sigma",50,1,13,0.8,0.9353165626525879
uniform,sigma_log_dpm,"Sigma-space DPM-1, log sigma",50,1,13,0.9,0.9820942878723145
uniform,sigma_log_dpm,"Sigma-space DPM-1, log sigma",50,1,13,1.0,1.0
uniform,dpm2_log,"DPM-2 + corrector, log sigma",10,1,13,0.0,0.0
uniform,dpm2_log,"DPM-2 + corrector, log sigma",10,1,13,0.1,0.1371699571609497
uniform,dpm2_log,"DPM-2 + corrector, log sigma",10,1,13,0.2,0.27243202924728394
uniform,dpm2_log,"DPM-2 + corrector, log sigma",10,1,13,0.30000000000000004,0.40382981300354004
uniform,dpm2_log,"DPM-2 + corrector, log sigma",10,1,13,0.4,0.5293048620223999
uniform,dpm2_log,"DPM-2 + corrector, log sigma",10,1,13,0.5,0.6466284394264221
uniform,dpm2_log,"DPM-2 + corrector, log sigma",10,1,13,0.6000000000000001,0.7533085346221924
uniform,dpm2_log,"DPM-2 + corrector, log sigma",10,1,13,0.7000000000000001,0.8464436531066895
uniform,dpm2_log,"DPM-2 + corrector, log sigma",10,1,13,0.8,0.922459065914154
uniform,dpm2_log,"DPM-2 + corrector, log sigma",10,1,13,0.9,0.9765081405639648
uniform,dpm2_log,"DPM-2 + corrector, log sigma",10,1,13,1.0,1.0
uniform,dpm2_log,"DPM-2 + corrector, log sigma",50,1,13,0.0,0.0
uniform,dpm2_log,"DPM-2 + corrector, log sigma",50,1,13,0.1,0.12127792835235596
uniform,dpm2_log,"DPM-2 + corrector, log sigma",50,1,13,0.2,0.24164195358753204
uniform,dpm2_log,"DPM-2 + corrector, log sigma",50,1,13,0.30000000000000004,0.3601391911506653
uniform,dpm2_log,"DPM-2 + corrector, log sigma",50,1,13,0.4,0.4757327437400818
uniform,dpm2_log,"DPM-2 + corrector, log sigma",50,1,13,0.5,0.5872372388839722
uniform,dpm2_log,"DPM-2 + corrector, log sigma",50,1,13,0.6000000000000001,0.6932199597358704
uniform,dpm2_log,"DPM-2 + corrector, log sigma",50,1,13,0.7000000000000001,0.7918200492858887
uniform,dpm2_log,"DPM-2 + corrector, log sigma",50,1,13,0.8,0.880358099937439
uniform,dpm2_log,"DPM-2 + corrector, log sigma",50,1,13,0.9,0.9542337656021118
uniform,dpm2_log,"DPM-2 + corrector, log sigma",50,1,13,1.0,1.0
uniform,sigma_log_dpm,"Sigma-space DPM-1, log sigma",10,1,14,0.0,0.0
uniform,sigma_log_dpm,"Sigma-space DPM-1, log sigma",10,1,14,0.1,0.11567586660385132
uniform,sigma_log_dpm,"Sigma-space DPM-1, log sigma",10,1,14,0.2,0.23079055547714233
uniform,sigma_log_dpm,"Sigma-space DPM-1, log sigma",10,1,14,0.30000000000000004,0.3447479009628296
uniform,sigma_log_dpm,"Sigma-space DPM-1, log sigma",10,1,14,0.4,0.4568752348423004
uniform,sigma_log_dpm,"Sigma-space DPM-1, log sigma",10,1,14,0.5,0.5663617253303528
uniform,sigma_log_dpm,"Sigma-space DPM-1, log sigma",10,1,14,0.6000000000000001,0.6721574068069458
uniform,sigma_log_dpm,"Sigma-space DPM-1, log sigma",10,1,14,0.7000000000000001,0.7727800607681274
uniform,sigma_log_dpm,"Sigma-space DPM-1, log sigma",10,1,14,0.8,0.8658736944198608
uniform,sigma_log_dpm,"Sigma-space DPM-1, log sigma",10,1,14,0.9,0.9468815922737122
uniform,sigma_log_dpm,"Sigma-space DPM-1, log sigma",10,1,14,1.0,1.0
uniform,sigma_log_dpm,"Sigma-space DPM-1, log sigma",50,1,14,0.0,0.0
uniform,sigma_log_dpm,"Sigma-space DPM-1, log sigma",50,1,14,0.1,0.13175880908966064
uniform,sigma_log_dpm,"Sigma-space DPM-1, log sigma",50,1,14,0.2,0.2619810998439789
uniform,sigma_log_dpm,"Sigma-space DPM-1, log sigma",50,1,14,0.30000000000000004,0.3890853226184845
uniform,sigma_log_dpm,"Sigma-space DPM-1, log sigma",50,1,14,0.4,0.5113924145698547
uniform,sigma_log_dpm,"Sigma-space DPM-1, log sigma",50,1,14,0.5,0.62705397605896
uniform,sigma_log_dpm,"Sigma-space DPM-1, log sigma",50,1,14,0.6000000000000001,0.7339462041854858
uniform,sigma_log_dpm,"Sigma-space DPM-1, log sigma",50,1,14,0.7000000000000001,0.8294814825057983
uniform,sigma_log_dpm,"Sigma-space DPM-1, log sigma",50,1,14,0.8,0.9102310538291931
uniform,sigma_log_dpm,"Sigma-space DPM-1, log sigma",50,1,14,0.9,0.9709540605545044
uniform,sigma_log_dpm,"Sigma-space DPM-1, log sigma",50,1,14,1.0,1.0
uniform,dpm2_log,"DPM-2 + corrector, log sigma",10,1,14,0.0,0.0
uniform,dpm2_log,"DPM-2 + corrector, log sigma",10,1,14,0.1,0.12764528393745422
uniform,dpm2_log,"DPM-2 + corrector, log sigma",10,1,14,0.2,0.25402772426605225
uniform,dpm2_log,"DPM-2 + corrector, log sigma",10,1,14,0.30000000000000004,0.37783724069595337
uniform,dpm2_log,"DPM-2 + corrector, log sigma",10,1,14,0.4,0.4976631700992584
uniform,dpm2_log,"DPM-2 + corrector, log sigma",10,1,14,0.5,0.6119189262390137
uniform,dpm2_log,"DPM-2 + corrector, log sigma",10,1,14,0.6000000000000001,0.7187308669090271
uniform,dpm2_log,"DPM-2 + corrector, log sigma",10,1,14,0.7000000000000001,0.8157408237457275
uniform,dpm2_log,"DPM-2 + corrector, log sigma",10,1,14,0.8,0.8997014164924622
uniform,dpm2_log,"DPM-2 + corrector, log sigma",10,1,14,0.9,0.9654028415679932
uniform,dpm2_log,"DPM-2 + corrector, log sigma",10,1,14,1.0,1.0
uniform,dpm2_log,"DPM-2 + corrector, log sigma",50,1,14,0.0,0.0
uniform,dpm2_log,"DPM-2 + corrector, log sigma",50,1,14,0.1,0.12197484076023102
uniform,dpm2_log,"DPM-2 + corrector, log sigma",50,1,14,0.2,0.2429971694946289
uniform,dpm2_log,"DPM-2 + corrector, log sigma",50,1,14,0.30000000000000004,0.3620750308036804
uniform,dpm2_log,"DPM-2 + corrector, log sigma",50,1,14,0.4,0.47813016176223755
uniform,dpm2_log,"DPM-2 + corrector, log sigma",50,1,14,0.5,0.5899338126182556
uniform,dpm2_log,"DPM-2 + corrector, log sigma",50,1,14,0.6000000000000001,0.6960058808326721
uniform,dpm2_log,"DPM-2 + corrector, log sigma",50,1,14,0.7000000000000001,0.7944322228431702
uniform,dpm2_log,"DPM-2 + corrector, log sigma",50,1,14,0.8,0.8824734687805176
uniform,dpm2_log,"DPM-2 + corrector, log sigma",50,1,14,0.9,0.9554638266563416
uniform,dpm2_log,"DPM-2 + corrector, log sigma",50,1,14,1.0,1.0
uniform,sigma_log_dpm,"Sigma-space DPM-1, log sigma",10,1,15,0.0,0.0
uniform,sigma_log_dpm,"Sigma-space DPM-1, log sigma",10,1,15,0.1,0.12752792239189148
uniform,sigma_log_dpm,"Sigma-space DPM-1, log sigma",10,1,15,0.2,0.2537776529788971
uniform,sigma_log_dpm,"Sigma-space DPM-1, log sigma",10,1,15,0.30000000000000004,0.37742674350738525
uniform,sigma_log_dpm,"Sigma-space DPM-1, log sigma",10,1,15,0.4,0.4970572590827942
uniform,sigma_log_dpm,"Sigma-space DPM-1, log sigma",10,1,15,0.5,0.6110855340957642
uniform,sigma_log_dpm,"Sigma-space DPM-1, log sigma",10,1,15,0.6000000000000001,0.7176575660705566
uniform,sigma_log_dpm,"Sigma-space DPM-1, log sigma",10,1,15,0.7000000000000001,0.8144633769989014
uniform,sigma_log_dpm,"Sigma-space DPM-1, log sigma",10,1,15,0.8,0.8983558416366577
uniform,sigma_log_dpm,"Sigma-space DPM-1, log sigma",10,1,15,0.9,0.9643363356590271
uniform,sigma_log_dpm,"Sigma-space DPM-1, log sigma",10,1,15,1.0,1.0
uniform,sigma_log_dpm,"Sigma-space DPM-1, log sigma",50,1,15,0.0,0.0
uniform,sigma_log_dpm,"Sigma-space DPM-1, log sigma",50,1,15,0.1,0.1467949002981186
uniform,sigma_log_dpm,"Sigma-space DPM-1, log sigma",50,1,15,0.2,0.29090607166290283
uniform,sigma_log_dpm,"Sigma-space DPM-1, log sigma",50,1,15,0.30000000000000004,0.4296225607395172
uniform,sigma_log_dpm,"Sigma-space DPM-1, log sigma",50,1,15,0.4,0.5601783990859985
uniform,sigma_log_dpm,"Sigma-space DPM-1, log sigma",50,1,15,0.5,0.6797186136245728
uniform,sigma_log_dpm,"Sigma-space DPM-1, log sigma",50,1,15,0.6000000000000001,0.7852602005004883
uniform,sigma_log_dpm,"Sigma-space DPM-1, log sigma",50,1,15,0.7000000000000001,0.8736405372619629
uniform,sigma_log_dpm,"Sigma-space DPM-1, log sigma",50,1,15,0.8,0.9414477944374084
uniform,sigma_log_dpm,"Sigma-space DPM-1, log sigma",50,1,15,0.9,0.9849269390106201
uniform,sigma_log_dpm,"Sigma-space DPM-1, log sigma",50,1,15,1.0,1.0
uniform,dpm2_log,"DPM-2 + corrector, log sigma",10,1,15,0.0,0.0
uniform,dpm2_log,"DPM-2 + corrector, log sigma",10,1,15,0.1,0.13720282912254333
uniform,dpm2_log,"DPM-2 + corrector, log sigma",10,1,15,0.2,0.27246809005737305
uniform,dpm2_log,"DPM-2 + corrector, log sigma",10,1,15,0.30000000000000004,0.40381643176078796
uniform,dpm2_log,"DPM-2 + corrector, log sigma",10,1,15,0.4,0.5291799306869507
uniform,dpm2_log,"DPM-2 + corrector, log sigma",10,1,15,0.5,0.6463408470153809
uniform,dpm2_log,"DPM-2 + corrector, log sigma",10,1,15,0.6000000000000001,0.752845048904419
uniform,dpm2_log,"DPM-2 + corrector, log sigma",10,1,15,0.7000000000000001,0.8458600044250488
uniform,dpm2_log,"DPM-2 + corrector, log sigma",10,1,15,0.8,0.9219070076942444
uniform,dpm2_log,"DPM-2 + corrector, log sigma",10,1,15,0.9,0.9762221574783325
uniform,dpm2_log,"DPM-2 + corrector, log sigma",10,1,15,1.0,1.0
uniform,dpm2_log,"DPM-2 + corrector, log sigma",50,1,15,0.0,0.0
uniform,dpm2_log,"DPM-2 + corrector, log sigma",50,1,15,0.1,0.12379264831542969
uniform,dpm2_log,"DPM-2 + corrector, log sigma",50,1,15,0.2,0.24652840197086334
uniform,dpm2_log,"DPM-2 + corrector, log sigma",50,1,15,0.30000000000000004,0.3671090006828308
uniform,dpm2_log,"DPM-2 + corrector, log sigma",50,1,15,0.4,0.48434674739837646
uniform,dpm2_log,"DPM-2 + corrector, log sigma",50,1,15,0.5,0.5968977212905884
uniform,dpm2_log,"DPM-2 + corrector, log sigma",50,1,15,0.6000000000000001,0.7031587958335876
uniform,dpm2_log,"DPM-2 + corrector, log sigma",50,1,15,0.7000000000000001,0.8010832071304321
uniform,dpm2_log,"DPM-2 + corrector, log sigma",50,1,15,0.8,0.8877894282341003
uniform,dpm2_log,"DPM-2 + corrector, log sigma",50,1,15,0.9,0.9584797024726868
uniform,dpm2_log,"DPM-2 + corrector, log sigma",50,1,15,1.0,1.0
uniform,sigma_log_dpm,"Sigma-space DPM-1, log sigma",10,2,0,0.0,0.0
uniform,sigma_log_dpm,"Sigma-space DPM-1, log sigma",10,2,0,0.1,0.11686252057552338
uniform,sigma_log_dpm,"Sigma-space DPM-1, log sigma",10,2,0,0.2,0.23314568400382996
uniform,sigma_log_dpm,"Sigma-space DPM-1, log sigma",10,2,0,0.30000000000000004,0.3482268452644348
uniform,sigma_log_dpm,"Sigma-space DPM-1, log sigma",10,2,0,0.4,0.4613891541957855
uniform,sigma_log_dpm,"Sigma-space DPM-1, log sigma",10,2,0,0.5,0.5717477202415466
uniform,sigma_log_dpm,"Sigma-space DPM-1, log sigma",10,2,0,0.6000000000000001,0.6781327128410339
uniform,sigma_log_dpm,"Sigma-space DPM-1, log sigma",10,2,0,0.7000000000000001,0.7788694500923157
uniform,sigma_log_dpm,"Sigma-space DPM-1, log sigma",10,2,0,0.8,0.8712968826293945
uniform,sigma_log_dpm,"Sigma-space DPM-1, log sigma",10,2,0,0.9,0.9503774046897888
uniform,sigma_log_dpm,"Sigma-space DPM-1, log sigma",10,2,0,1.0,1.0
uniform,sigma_log_dpm,"Sigma-space DPM-1, log sigma",50,2,0,0.0,0.0
uniform,sigma_log_dpm,"Sigma-space DPM-1, log sigma",50,2,0,0.1,0.128114715218544
uniform,sigma_log_dpm,"Sigma-space DPM-1, log sigma",50,2,0,0.2,0.2550700306892395
uniform,sigma_log_dpm,"Sigma-space DPM-1, log sigma",50,2,0,0.30000000000000004,0.37963807582855225
uniform,sigma_log_dpm,"Sigma-space DPM-1, log sigma",50,2,0,0.4,0.5004441738128662
uniform,sigma_log_dpm,"Sigma-space DPM-1, log sigma",50,2,0,0.5,0.6158634424209595
uniform,sigma_log_dpm,"Sigma-space DPM-1, log sigma",50,2,0,0.6000000000000001,0.7238693237304688
uniform,sigma_log_dpm,"Sigma-space DPM-1, log sigma",50,2,0,0.7000000000000001,0.821779727935791
uniform,sigma_log_dpm,"Sigma-space DPM-1, log sigma",50,2,0,0.8,0.9057679176330566
uniform,sigma_log_dpm,"Sigma-space DPM-1, log sigma",50,2,0,0.9,0.969677209854126
uniform,sigma_log_dpm,"Sigma-space DPM-1, log sigma",50,2,0,1.0,1.0
uniform,dpm2_log,"DPM-2 + corrector, log sigma",10,2,0,0.0,0.0
uniform,dpm2_log,"DPM-2 + corrector, log sigma",10,2,0,0.1,0.12867295742034912
uniform,dpm2_log,"DPM-2 + corrector, log sigma",10,2,0,0.2,0.25609415769577026
uniform,dpm2_log,"DPM-2 + corrector, log sigma",10,2,0,0.30000000000000004,0.3809525966644287
uniform,dpm2_log,"DPM-2 + corrector, log sigma",10,2,0,0.4,0.5018103122711182
uniform,dpm2_log,"DPM-2 + corrector, log sigma",10,2,0,0.5,0.617011547088623
uniform,dpm2_log,"DPM-2 + corrector, log sigma",10,2,0,0.6000000000000001,0.724547803401947
uniform,dpm2_log,"DPM-2 + corrector, log sigma",10,2,0,0.7000000000000001,0.8218295574188232
uniform,dpm2_log,"DPM-2 + corrector, log sigma",10,2,0,0.8,0.9052344560623169
uniform,dpm2_log,"DPM-2 + corrector, log sigma",10,2,0,0.9,0.9689807295799255
uniform,dpm2_log,"DPM-2 + corrector, log sigma",10,2,0,1.0,1.0
uniform,dpm2_log,"DPM-2 + corrector, log sigma",50,2,0,0.0,0.0
uniform,dpm2_log,"DPM-2 + corrector, log sigma",50,2,0,0.1,0.12303370237350464
uniform,dpm2_log,"DPM-2 + corrector, log sigma",50,2,0,0.2,0.2450558841228485
uniform,dpm2_log,"DPM-2 + corrector, log sigma",50,2,0,0.30000000000000004,0.36501434445381165
uniform,dpm2_log,"DPM-2 + corrector, log sigma",50,2,0,0.4,0.4817683696746826
uniform,dpm2_log,"DPM-2 + corrector, log sigma",50,2,0,0.5,0.5940226316452026
uniform,dpm2_log,"DPM-2 + corrector, log sigma",50,2,0,0.6000000000000001,0.7002248764038086
uniform,dpm2_log,"DPM-2 + corrector, log sigma",50,2,0,0.7000000000000001,0.7983810305595398
uniform,dpm2_log,"DPM-2 + corrector, log sigma",50,2,0,0.8,0.885661780834198
uniform,dpm2_log,"DPM-2 + corrector, log sigma",50,2,0,0.9,0.9573068618774414
uniform,dpm2_log,"DPM-2 + corrector, log sigma",50,2,0,1.0,1.0
uniform,sigma_log_dpm,"Sigma-space DPM-1, log sigma",10,2,1,0.0,0.0
uniform,sigma_log_dpm,"Sigma-space DPM-1, log sigma",10,2,1,0.1,0.10592564940452576
uniform,sigma_log_dpm,"Sigma-space DPM-1, log sigma",10,2,1,0.2,0.2117558717727661
uniform,sigma_log_dpm,"Sigma-space DPM-1, log sigma",10,2,1,0.30000000000000004,0.3173832297325134
uniform,sigma_log_dpm,"Sigma-space DPM-1, log sigma",10,2,1,0.4,0.4226722717285156
uniform,sigma_log_dpm,"Sigma-space DPM-1, log sigma",10,2,1,0.5,0.5274294018745422
uniform,sigma_log_dpm,"Sigma-space DPM-1, log sigma",10,2,1,0.6000000000000001,0.6313432455062866
uniform,sigma_log_dpm,"Sigma-space DPM-1, log sigma",10,2,1,0.7000000000000001,0.7338486909866333
uniform,sigma_log_dpm,"Sigma-space DPM-1, log sigma",10,2,1,0.8,0.8337613344192505
uniform,sigma_log_dpm,"Sigma-space DPM-1, log sigma",10,2,1,0.9,0.9279794692993164
uniform,sigma_log_dpm,"Sigma-space DPM-1, log sigma",10,2,1,1.0,1.0
uniform,sigma_log_dpm,"Sigma-space DPM-1, log sigma",50,2,1,0.0,0.0
uniform,sigma_log_dpm,"Sigma-space DPM-1, log sigma",50,2,1,0.1,0.10945996642112732
uniform,sigma_log_dpm,"Sigma-space DPM-1, log sigma",50,2,1,0.2,0.21881785988807678
uniform,sigma_log_dpm,"Sigma-space DPM-1, log sigma",50,2,1,0.30000000000000004,0.32793766260147095
uniform,sigma_log_dpm,"Sigma-space DPM-1, log sigma",50,2,1,0.4,0.43660563230514526
uniform,sigma_log_dpm,"Sigma-space DPM-1, log sigma",50,2,1,0.5,0.5444607734680176
uniform,sigma_log_dpm,"Sigma-space DPM-1, log sigma",50,2,1,0.6000000000000001,0.6508700847625732
uniform,sigma_log_dpm,"Sigma-space DPM-1, log sigma",50,2,1,0.7000000000000001,0.7546734809875488
uniform,sigma_log_dpm,"Sigma-space DPM-1, log sigma",50,2,1,0.8,0.8535722494125366
uniform,sigma_log_dpm,"Sigma-space DPM-1, log sigma",50,2,1,0.9,0.9422361850738525
uniform,sigma_log_dpm,"Sigma-space DPM-1, log sigma",50,2,1,1.0,1.0
uniform,dpm2_log,"DPM-2 + corrector, log sigma",10,2,1,0.0,0.0
uniform,dpm2_log,"DPM-2 + corrector, log sigma",10,2,1,0.1,0.11748583614826202
uniform,dpm2_log,"DPM-2 + corrector, log sigma",10,2,1,0.2,0.2343006134033203
uniform,dpm2_log,"DPM-2 + corrector, log sigma",10,2,1,0.30000000000000004,0.34973666071891785
uniform,dpm2_log,"DPM-2 + corrector, log sigma",10,2,1,0.4,0.46300560235977173
uniform,dpm2_log,"DPM-2 + corrector, log sigma",10,2,1,0.5,0.5731755495071411
uniform,dpm2_log,"DPM-2 + corrector, log sigma",10,2,1,0.6000000000000001,0.6790695190429688
uniform,dpm2_log,"DPM-2 + corrector, log sigma",10,2,1,0.7000000000000001,0.7790740728378296
uniform,dpm2_log,"DPM-2 + corrector, log sigma",10,2,1,0.8,0.8707118034362793
uniform,dpm2_log,"DPM-2 + corrector, log sigma",10,2,1,0.9,0.9493824243545532
uniform,dpm2_log,"DPM-2 + corrector, log sigma",10,2,1,1.0,1.0
uniform,dpm2_log,"DPM-2 + corrector, log sigma",50,2,1,0.0,0.0
uniform,dpm2_log,"DPM-2 + corrector, log sigma",50,2,1,0.1,0.11351001262664795
uniform,dpm2_log,"DPM-2 + corrector, log sigma",50,2,1,0.2,0.22653983533382416
uniform,dpm2_log,"DPM-2 + corrector, log sigma",50,2,1,0.30000000000000004,0.3385791778564453
uniform,dpm2_log,"DPM-2 + corrector, log sigma",50,2,1,0.4,0.4490506649017334
uniform,dpm2_log,"DPM-2 + corrector, log sigma",50,2,1,0.5,0.557256817817688
uniform,dpm2_log,"DPM-2 + corrector, log sigma",50,2,1,0.6000000000000001,0.6622937917709351
uniform,dpm2_log,"DPM-2 + corrector, log sigma",50,2,1,0.7000000000000001,0.7628857493400574
uniform,dpm2_log,"DPM-2 + corrector, log sigma",50,2,1,0.8,0.8570083379745483
uniform,dpm2_log,"DPM-2 + corrector, log sigma",50,2,1,0.9,0.9407466650009155
uniform,dpm2_log,"DPM-2 + corrector, log sigma",50,2,1,1.0,1.0
uniform,sigma_log_dpm,"Sigma-space DPM-1, log sigma",10,2,2,0.0,0.0
uniform,sigma_log_dpm,"Sigma-space DPM-1, log sigma",10,2,2,0.1,0.10438823699951172
uniform,sigma_log_dpm,"Sigma-space DPM-1, log sigma",10,2,2,0.2,0.2089625895023346
uniform,sigma_log_dpm,"Sigma-space DPM-1, log sigma",10,2,2,0.30000000000000004,0.3138759732246399
uniform,sigma_log_dpm,"Sigma-space DPM-1, log sigma",10,2,2,0.4,0.4192061722278595
uniform,sigma_log_dpm,"Sigma-space DPM-1, log sigma",10,2,2,0.5,0.5248905420303345
uniform,sigma_log_dpm,"Sigma-space DPM-1, log sigma",10,2,2,0.6000000000000001,0.6306097507476807
uniform,sigma_log_dpm,"Sigma-space DPM-1, log sigma",10,2,2,0.7000000000000001,0.7355520725250244
uniform,sigma_log_dpm,"Sigma-space DPM-1, log sigma",10,2,2,0.8,0.8378465175628662
uniform,sigma_log_dpm,"Sigma-space DPM-1, log sigma",10,2,2,0.9,0.9327723383903503
uniform,sigma_log_dpm,"Sigma-space DPM-1, log sigma",10,2,2,1.0,1.0
uniform,sigma_log_dpm,"Sigma-space DPM-1, log sigma",50,2,2,0.0,0.0
uniform,sigma_log_dpm,"Sigma-space DPM-1, log sigma",50,2,2,0.1,0.11584952473640442
uniform,sigma_log_dpm,"Sigma-space DPM-1, log sigma",50,2,2,0.2,0.23128104209899902
uniform,sigma_log_dpm,"Sigma-space DPM-1, log sigma",50,2,2,0.30000000000000004,0.3458217978477478
uniform,sigma_log_dpm,"Sigma-space DPM-1, log sigma",50,2,2,0.4,0.45888039469718933
uniform,sigma_log_dpm,"Sigma-space DPM-1, log sigma",50,2,2,0.5,0.5696536898612976
uniform,sigma_log_dpm,"Sigma-space DPM-1, log sigma",50,2,2,0.6000000000000001,0.6769801378250122
uniform,sigma_log_dpm,"Sigma-space DPM-1, log sigma",50,2,2,0.7000000000000001,0.7790674567222595
uniform,sigma_log_dpm,"Sigma-space DPM-1, log sigma",50,2,2,0.8,0.8729026913642883
uniform,sigma_log_dpm,"Sigma-space DPM-1, log sigma",50,2,2,0.9,0.9526010155677795
uniform,sigma_log_dpm,"Sigma-space DPM-1, log sigma",50,2,2,1.0,1.0
uniform,dpm2_log,"DPM-2 + corrector, log sigma",10,2,2,0.0,0.0
uniform,dpm2_log,"DPM-2 + corrector, log sigma",10,2,2,0.1,0.13017143309116364
uniform,dpm2_log,"DPM-2 + corrector, log sigma",10,2,2,0.2,0.25896862149238586
uniform,dpm2_log,"DPM-2 + corrector, log sigma",10,2,2,0.30000000000000004,0.38496196269989014
uniform,dpm2_log,"DPM-2 + corrector, log sigma",10,2,2,0.4,0.5066025257110596
uniform,dpm2_log,"DPM-2 + corrector, log sigma",10,2,2,0.5,0.6221379041671753
uniform,dpm2_log,"DPM-2 + corrector, log sigma",10,2,2,0.6000000000000001,0.7294856905937195
uniform,dpm2_log,"DPM-2 + corrector, log sigma",10,2,2,0.7000000000000001,0.8260197639465332
uniform,dpm2_log,"DPM-2 + corrector, log sigma",10,2,2,0.8,0.9081496000289917
uniform,dpm2_log,"DPM-2 + corrector, log sigma",10,2,2,0.9,0.9702694416046143
uniform,dpm2_log,"DPM-2 + corrector, log sigma",10,2,2,1.0,1.0
uniform,dpm2_log,"DPM-2 + corrector, log sigma",50,2,2,0.0,0.0
uniform,dpm2_log,"DPM-2 + corrector, log sigma",50,2,2,0.1,0.11827981472015381
uniform,dpm2_log,"DPM-2 + corrector, log sigma",50,2,2,0.2,0.23580783605575562
uniform,dpm2_log,"DPM-2 + corrector, log sigma",50,2,2,0.30000000000000004,0.3517969250679016
uniform,dpm2_log,"DPM-2 + corrector, log sigma",50,2,2,0.4,0.46538376808166504
uniform,dpm2_log,"DPM-2 + corrector, log sigma",50,2,2,0.5,0.5755690932273865
uniform,dpm2_log,"DPM-2 + corrector, log sigma",50,2,2,0.6000000000000001,0.6811258792877197
uniform,dpm2_log,"DPM-2 + corrector, log sigma",50,2,2,0.7000000000000001,0.7804265022277832
uniform,dpm2_log,"DPM-2 + corrector, log sigma",50,2,2,0.8,0.8710650205612183
uniform,dpm2_log,"DPM-2 + corrector, log sigma",50,2,2,0.9,0.9487588405609131
uniform,dpm2_log,"DPM-2 + corrector, log sigma",50,2,2,1.0,1.0
uniform,sigma_log_dpm,"Sigma-space DPM-1, log sigma",10,2,3,0.0,0.0
uniform,sigma_log_dpm,"Sigma-space DPM-1, log sigma",10,2,3,0.1,0.05795074999332428
uniform,sigma_log_dpm,"Sigma-space DPM-1, log sigma",10,2,3,0.2,0.1180478185415268
uniform,sigma_log_dpm,"Sigma-space DPM-1, log sigma",10,2,3,0.30000000000000004,0.18252019584178925
uniform,sigma_log_dpm,"Sigma-space DPM-1, log sigma",10,2,3,0.4,0.2537723779678345
uniform,sigma_log_dpm,"Sigma-space DPM-1, log sigma",10,2,3,0.5,0.3344976305961609
uniform,sigma_log_dpm,"Sigma-space DPM-1, log sigma",10,2,3,0.6000000000000001,0.4278285503387451
uniform,sigma_log_dpm,"Sigma-space DPM-1, log sigma",10,2,3,0.7000000000000001,0.5375427007675171
uniform,sigma_log_dpm,"Sigma-space DPM-1, log sigma",10,2,3,0.8,0.6683109998703003
uniform,sigma_log_dpm,"Sigma-space DPM-1, log sigma",10,2,3,0.9,0.8255724906921387
uniform,sigma_log_dpm,"Sigma-space DPM-1, log sigma",10,2,3,1.0,1.0
uniform,sigma_log_dpm,"Sigma-space DPM-1, log sigma",50,2,3,0.0,0.0
uniform,sigma_log_dpm,"Sigma-space DPM-1, log sigma",50,2,3,0.1,0.06477352976799011
uniform,sigma_log_dpm,"Sigma-space DPM-1, log sigma",50,2,3,0.2,0.13163110613822937
uniform,sigma_log_dpm,"Sigma-space DPM-1, log sigma",50,2,3,0.30000000000000004,0.20270909368991852
uniform,sigma_log_dpm,"Sigma-space DPM-1, log sigma",50,2,3,0.4,0.2802508473396301
uniform,sigma_log_dpm,"Sigma-space DPM-1, log sigma",50,2,3,0.5,0.36666226387023926
uniform,sigma_log_dpm,"Sigma-space DPM-1, log sigma",50,2,3,0.6000000000000001,0.4645622968673706
uniform,sigma_log_dpm,"Sigma-space DPM-1, log sigma",50,2,3,0.7000000000000001,0.5767917633056641
uniform,sigma_log_dpm,"Sigma-space DPM-1, log sigma",50,2,3,0.8,0.7062102556228638
uniform,sigma_log_dpm,"Sigma-space DPM-1, log sigma",50,2,3,0.9,0.85426926612854
uniform,sigma_log_dpm,"Sigma-space DPM-1, log sigma",50,2,3,1.0,1.0
uniform,dpm2_log,"DPM-2 + corrector, log sigma",10,2,3,0.0,0.0
uniform,dpm2_log,"DPM-2 + corrector, log sigma",10,2,3,0.1,0.08770446479320526
uniform,dpm2_log,"DPM-2 + corrector, log sigma",10,2,3,0.2,0.1766776591539383
uniform,dpm2_log,"DPM-2 + corrector, log sigma",10,2,3,0.30000000000000004,0.26815930008888245
uniform,dpm2_log,"DPM-2 + corrector, log sigma",10,2,3,0.4,0.36332011222839355
uniform,dpm2_log,"DPM-2 + corrector, log sigma",10,2,3,0.5,0.4631936550140381
uniform,dpm2_log,"DPM-2 + corrector, log sigma",10,2,3,0.6000000000000001,0.5685448050498962
uniform,dpm2_log,"DPM-2 + corrector, log sigma",10,2,3,0.7000000000000001,0.6795839667320251
uniform,dpm2_log,"DPM-2 + corrector, log sigma",10,2,3,0.8,0.7952439785003662
uniform,dpm2_log,"DPM-2 + corrector, log sigma",10,2,3,0.9,0.9107961654663086
uniform,dpm2_log,"DPM-2 + corrector, log sigma",10,2,3,1.0,1.0
uniform,dpm2_log,"DPM-2 + corrector, log sigma",50,2,3,0.0,0.0
uniform,dpm2_log,"DPM-2 + corrector, log sigma",50,2,3,0.1,0.09451174736022949
uniform,dpm2_log,"DPM-2 + corrector, log sigma",50,2,3,0.2,0.18939922749996185
uniform,dpm2_log,"DPM-2 + corrector, log sigma",50,2,3,0.30000000000000004,0.2850431799888611
uniform,dpm2_log,"DPM-2 + corrector, log sigma",50,2,3,0.4,0.38183480501174927
uniform,dpm2_log,"DPM-2 + corrector, log sigma",50,2,3,0.5,0.48017823696136475
uniform,dpm2_log,"DPM-2 + corrector, log sigma",50,2,3,0.6000000000000001,0.5804892778396606
uniform,dpm2_log,"DPM-2 + corrector, log sigma",50,2,3,0.7000000000000001,0.683178186416626
uniform,dpm2_log,"DPM-2 + corrector, log sigma",50,2,3,0.8,0.7885676622390747
uniform,dpm2_log,"DPM-2 + corrector, log sigma",50,2,3,0.9,0.8964855670928955
uniform,dpm2_log,"DPM-2 + corrector, log sigma",50,2,3,1.0,1.0
uniform,sigma_log_dpm,"Sigma-space DPM-1, log sigma",10,2,4,0.0,0.0
uniform,sigma_log_dpm,"Sigma-space DPM-1, log sigma",10,2,4,0.1,0.05910259485244751
uniform,sigma_log_dpm,"Sigma-space DPM-1, log sigma",10,2,4,0.2,0.11971408128738403
uniform,sigma_log_dpm,"Sigma-space DPM-1, log sigma",10,2,4,0.30000000000000004,0.18344278633594513
uniform,sigma_log_dpm,"Sigma-space DPM-1, log sigma",10,2,4,0.4,0.2521175742149353
uniform,sigma_log_dpm,"Sigma-space DPM-1, log sigma",10,2,4,0.5,0.3279586136341095
uniform,sigma_log_dpm,"Sigma-space DPM-1, log sigma",10,2,4,0.6000000000000001,0.41385793685913086
uniform,sigma_log_dpm,"Sigma-space DPM-1, log sigma",10,2,4,0.7000000000000001,0.5139005184173584
uniform,sigma_log_dpm,"Sigma-space DPM-1, log sigma",10,2,4,0.8,0.6344983577728271
uniform,sigma_log_dpm,"Sigma-space DPM-1, log sigma",10,2,4,0.9,0.787488579750061
uniform,sigma_log_dpm,"Sigma-space DPM-1, log sigma",10,2,4,1.0,1.0
uniform,sigma_log_dpm,"Sigma-space DPM-1, log sigma",50,2,4,0.0,0.0
uniform,sigma_log_dpm,"Sigma-space DPM-1, log sigma",50,2,4,0.1,0.07852737605571747
uniform,sigma_log_dpm,"Sigma-space DPM-1, log sigma",50,2,4,0.2,0.1582225263118744
uniform,sigma_log_dpm,"Sigma-space DPM-1, log sigma",50,2,4,0.30000000000000004,0.2402898073196411
uniform,sigma_log_dpm,"Sigma-space DPM-1, log sigma",50,2,4,0.4,0.3260122537612915
uniform,sigma_log_dpm,"Sigma-space DPM-1, log sigma",50,2,4,0.5,0.4168037176132202
uniform,sigma_log_dpm,"Sigma-space DPM-1, log sigma",50,2,4,0.6000000000000001,0.5142794847488403
uniform,sigma_log_dpm,"Sigma-space DPM-1, log sigma",50,2,4,0.7000000000000001,0.6203503608703613
uniform,sigma_log_dpm,"Sigma-space DPM-1, log sigma",50,2,4,0.8,0.7373086214065552
uniform,sigma_log_dpm,"Sigma-space DPM-1, log sigma",50,2,4,0.9,0.867504894733429
uniform,sigma_log_dpm,"Sigma-space DPM-1, log sigma",50,2,4,1.0,1.0
uniform,dpm2_log,"DPM-2 + corrector, log sigma",10,2,4,0.0,0.0
uniform,dpm2_log,"DPM-2 + corrector, log sigma",10,2,4,0.1,0.08263860642910004
uniform,dpm2_log,"DPM-2 + corrector, log sigma",10,2,4,0.2,0.16649605333805084
uniform,dpm2_log,"DPM-2 + corrector, log sigma",10,2,4,0.30000000000000004,0.2528063952922821
uniform,dpm2_log,"DPM-2 + corrector, log sigma",10,2,4,0.4,0.3428317606449127
uniform,dpm2_log,"DPM-2 + corrector, log sigma",10,2,4,0.5,0.4378649890422821
uniform,dpm2_log,"DPM-2 + corrector, log sigma",10,2,4,0.6000000000000001,0.5392086505889893
uniform,dpm2_log,"DPM-2 + corrector, log sigma",10,2,4,0.7000000000000001,0.648077130317688
uniform,dpm2_log,"DPM-2 + corrector, log sigma",10,2,4,0.8,0.7652369141578674
uniform,dpm2_log,"DPM-2 + corrector, log sigma",10,2,4,0.9,0.8894258737564087
uniform,dpm2_log,"DPM-2 + corrector, log sigma",10,2,4,1.0,1.0
uniform,dpm2_log,"DPM-2 + corrector, log sigma",50,2,4,0.0,0.0
uniform,dpm2_log,"DPM-2 + corrector, log sigma",50,2,4,0.1,0.09970927238464355
uniform,dpm2_log,"DPM-2 + corrector, log sigma",50,2,4,0.2,0.19955621659755707
uniform,dpm2_log,"DPM-2 + corrector, log sigma",50,2,4,0.30000000000000004,0.29967451095581055
uniform,dpm2_log,"DPM-2 + corrector, log sigma",50,2,4,0.4,0.400188148021698
uniform,dpm2_log,"DPM-2 + corrector, log sigma",50,2,4,0.5,0.5011997222900391
uniform,dpm2_log,"DPM-2 + corrector, log sigma",50,2,4,0.6000000000000001,0.6027673482894897
uniform,dpm2_log,"DPM-2 + corrector, log sigma",50,2,4,0.7000000000000001,0.7048486471176147
uniform,dpm2_log,"DPM-2 + corrector, log sigma",50,2,4,0.8,0.8071433305740356
uniform,dpm2_log,"DPM-2 + corrector, log sigma",50,2,4,0.9,0.9084922671318054
uniform,dpm2_log,"DPM-2 + corrector, log sigma",50,2,4,1.0,1.0
uniform,sigma_log_dpm,"Sigma-space DPM-1, log sigma",10,2,5,0.0,0.0
uniform,sigma_log_dpm,"Sigma-space DPM-1, log sigma",10,2,5,0.1,0.1090964525938034
uniform,sigma_log_dpm,"Sigma-space DPM-1, log sigma",10,2,5,0.2,0.21785777807235718
uniform,sigma_log_dpm,"Sigma-space DPM-1, log sigma",10,2,5,0.30000000000000004,0.3259369730949402
uniform,sigma_log_dpm,"Sigma-space DPM-1, log sigma",10,2,5,0.4,0.43296018242836
uniform,sigma_log_dpm,"Sigma-space DPM-1, log sigma",10,2,5,0.5,0.5385007262229919
uniform,sigma_log_dpm,"Sigma-space DPM-1, log sigma",10,2,5,0.6000000000000001,0.642031729221344
uniform,sigma_log_dpm,"Sigma-space DPM-1, log sigma",10,2,5,0.7000000000000001,0.7428207397460938
uniform,sigma_log_dpm,"Sigma-space DPM-1, log sigma",10,2,5,0.8,0.8396531343460083
uniform,sigma_log_dpm,"Sigma-space DPM-1, log sigma",10,2,5,0.9,0.9298504590988159
uniform,sigma_log_dpm,"Sigma-space DPM-1, log sigma",10,2,5,1.0,1.0
uniform,sigma_log_dpm,"Sigma-space DPM-1, log sigma",50,2,5,0.0,0.0
uniform,sigma_log_dpm,"Sigma-space DPM-1, log sigma",50,2,5,0.1,0.11134876310825348
uniform,sigma_log_dpm,"Sigma-space DPM-1, log sigma",50,2,5,0.2,0.22241166234016418
uniform,sigma_log_dpm,"Sigma-space DPM-1, log sigma",50,2,5,0.30000000000000004,0.3328724801540375
uniform,sigma_log_dpm,"Sigma-space DPM-1, log sigma",50,2,5,0.4,0.4423471689224243
uniform,sigma_log_dpm,"Sigma-space DPM-1, log sigma",50,2,5,0.5,0.5503242015838623
uniform,sigma_log_dpm,"Sigma-space DPM-1, log sigma",50,2,5,0.6000000000000001,0.656062662601471
uniform,sigma_log_dpm,"Sigma-space DPM-1, log sigma",50,2,5,0.7000000000000001,0.7583807706832886
uniform,sigma_log_dpm,"Sigma-space DPM-1, log sigma",50,2,5,0.8,0.8551570177078247
uniform,sigma_log_dpm,"Sigma-space DPM-1, log sigma",50,2,5,0.9,0.9417543411254883
uniform,sigma_log_dpm,"Sigma-space DPM-1, log sigma",50,2,5,1.0,1.0
uniform,dpm2_log,"DPM-2 + corrector, log sigma",10,2,5,0.0,0.0
uniform,dpm2_log,"DPM-2 + corrector, log sigma",10,2,5,0.1,0.12194301187992096
uniform,dpm2_log,"DPM-2 + corrector, log sigma",10,2,5,0.2,0.24302300810813904
uniform,dpm2_log,"DPM-2 + corrector, log sigma",10,2,5,0.30000000000000004,0.36232730746269226
uniform,dpm2_log,"DPM-2 + corrector, log sigma",10,2,5,0.4,0.47883591055870056
uniform,dpm2_log,"DPM-2 + corrector, log sigma",10,2,5,0.5,0.5913392305374146
uniform,dpm2_log,"DPM-2 + corrector, log sigma",10,2,5,0.6000000000000001,0.6983128786087036
uniform,dpm2_log,"DPM-2 + corrector, log sigma",10,2,5,0.7000000000000001,0.797687292098999
uniform,dpm2_log,"DPM-2 + corrector, log sigma",10,2,5,0.8,0.8863646984100342
uniform,dpm2_log,"DPM-2 + corrector, log sigma",10,2,5,0.9,0.958886444568634
uniform,dpm2_log,"DPM-2 + corrector, log sigma",10,2,5,1.0,1.0
uniform,dpm2_log,"DPM-2 + corrector, log sigma",50,2,5,0.0,0.0
uniform,dpm2_log,"DPM-2 + corrector, log sigma",50,2,5,0.1,0.11820574104785919
uniform,dpm2_log,"DPM-2 + corrector, log sigma",50,2,5,0.2,0.23567014932632446
uniform,dpm2_log,"DPM-2 + corrector, log sigma",50,2,5,0.30000000000000004,0.3516162633895874
uniform,dpm2_log,"DPM-2 + corrector, log sigma",50,2,5,0.4,0.46518948674201965
uniform,dpm2_log,"DPM-2 + corrector, log sigma",50,2,5,0.5,0.5753979682922363
uniform,dpm2_log,"DPM-2 + corrector, log sigma",50,2,5,0.6000000000000001,0.6810181140899658
uniform,dpm2_log,"DPM-2 + corrector, log sigma",50,2,5,0.7000000000000001,0.7804189920425415
uniform,dpm2_log,"DPM-2 + corrector, log sigma",50,2,5,0.8,0.8711770176887512
uniform,dpm2_log,"DPM-2 + corrector, log sigma",50,2,5,0.9,0.9489530324935913
uniform,dpm2_log,"DPM-2 + corrector, log sigma",50,2,5,1.0,1.0
uniform,sigma_log_dpm,"Sigma-space DPM-1, log sigma",10,2,6,0.0,0.0
uniform,sigma_log_dpm,"Sigma-space DPM-1, log sigma",10,2,6,0.1,0.10541801154613495
uniform,sigma_log_dpm,"Sigma-space DPM-1, log sigma",10,2,6,0.2,0.21087121963500977
uniform,sigma_log_dpm,"Sigma-space DPM-1, log sigma",10,2,6,0.30000000000000004,0.316378116607666
uniform,sigma_log_dpm,"Sigma-space DPM-1, log sigma",10,2,6,0.4,0.4219171404838562
uniform,sigma_log_dpm,"Sigma-space DPM-1, log sigma",10,2,6,0.5,0.5273817777633667
uniform,sigma_log_dpm,"Sigma-space DPM-1, log sigma",10,2,6,0.6000000000000001,0.6324917674064636
uniform,sigma_log_dpm,"Sigma-space DPM-1, log sigma",10,2,6,0.7000000000000001,0.7365897297859192
uniform,sigma_log_dpm,"Sigma-space DPM-1, log sigma",10,2,6,0.8,0.8381094932556152
uniform,sigma_log_dpm,"Sigma-space DPM-1, log sigma",10,2,6,0.9,0.9327749609947205
uniform,sigma_log_dpm,"Sigma-space DPM-1, log sigma",10,2,6,1.0,1.0
uniform,sigma_log_dpm,"Sigma-space DPM-1, log sigma",50,2,6,0.0,0.0
uniform,sigma_log_dpm,"Sigma-space DPM-1, log sigma",50,2,6,0.1,0.10665050148963928
uniform,sigma_log_dpm,"Sigma-space DPM-1, log sigma",50,2,6,0.2,0.21327416598796844
uniform,sigma_log_dpm,"Sigma-space DPM-1, log sigma",50,2,6,0.30000000000000004,0.31982338428497314
uniform,sigma_log_dpm,"Sigma-space DPM-1, log sigma",50,2,6,0.4,0.4262021780014038
uniform,sigma_log_dpm,"Sigma-space DPM-1, log sigma",50,2,6,0.5,0.5322179198265076
uniform,sigma_log_dpm,"Sigma-space DPM-1, log sigma",50,2,6,0.6000000000000001,0.6374868154525757
uniform,sigma_log_dpm,"Sigma-space DPM-1, log sigma",50,2,6,0.7000000000000001,0.7412290573120117
uniform,sigma_log_dpm,"Sigma-space DPM-1, log sigma",50,2,6,0.8,0.8417437672615051
uniform,sigma_log_dpm,"Sigma-space DPM-1, log sigma",50,2,6,0.9,0.9346652030944824
uniform,sigma_log_dpm,"Sigma-space DPM-1, log sigma",50,2,6,1.0,1.0
uniform,dpm2_log,"DPM-2 + corrector, log sigma",10,2,6,0.0,0.0
uniform,dpm2_log,"DPM-2 + corrector, log sigma",10,2,6,0.1,0.12160170078277588
uniform,dpm2_log,"DPM-2 + corrector, log sigma",10,2,6,0.2,0.2422999143600464
uniform,dpm2_log,"DPM-2 + corrector, log sigma",10,2,6,0.30000000000000004,0.361150860786438
uniform,dpm2_log,"DPM-2 + corrector, log sigma",10,2,6,0.4,0.4771232604980469
uniform,dpm2_log,"DPM-2 + corrector, log sigma",10,2,6,0.5,0.5890305042266846
uniform,dpm2_log,"DPM-2 + corrector, log sigma",10,2,6,0.6000000000000001,0.6954219937324524
uniform,dpm2_log,"DPM-2 + corrector, log sigma",10,2,6,0.7000000000000001,0.7943834066390991
uniform,dpm2_log,"DPM-2 + corrector, log sigma",10,2,6,0.8,0.8830958604812622
uniform,dpm2_log,"DPM-2 + corrector, log sigma",10,2,6,0.9,0.956575870513916
uniform,dpm2_log,"DPM-2 + corrector, log sigma",10,2,6,1.0,1.0
uniform,dpm2_log,"DPM-2 + corrector, log sigma",50,2,6,0.0,0.0
uniform,dpm2_log,"DPM-2 + corrector, log sigma",50,2,6,0.1,0.1168965995311737
uniform,dpm2_log,"DPM-2 + corrector, log sigma",50,2,6,0.2,0.23310871422290802
uniform,dpm2_log,"DPM-2 + corrector, log sigma",50,2,6,0.30000000000000004,0.3479185104370117
uniform,dpm2_log,"DPM-2 + corrector, log sigma",50,2,6,0.4,0.46053725481033325
uniform,dpm2_log,"DPM-2 + corrector, log sigma",50,2,6,0.5,0.5700485706329346
uniform,dpm2_log,"DPM-2 + corrector, log sigma",50,2,6,0.6000000000000001,0.675321638584137
uniform,dpm2_log,"DPM-2 + corrector, log sigma",50,2,6,0.7000000000000001,0.7748463749885559
uniform,dpm2_log,"DPM-2 + corrector, log sigma",50,2,6,0.8,0.8663711547851562
uniform,dpm2_log,"DPM-2 + corrector, log sigma",50,2,6,0.9,0.9458357095718384
uniform,dpm2_log,"DPM-2 + corrector, log sigma",50,2,6,1.0,1.0
uniform,sigma_log_dpm,"Sigma-space DPM-1, log sigma",10,2,7,0.0,0.0
uniform,sigma_log_dpm,"Sigma-space DPM-1, log sigma",10,2,7,0.1,0.07484416663646698
uniform,sigma_log_dpm,"Sigma-space DPM-1, log sigma",10,2,7,0.2,0.1508888304233551
uniform,sigma_log_dpm,"Sigma-space DPM-1, log sigma",10,2,7,0.30000000000000004,0.22941003739833832
uniform,sigma_log_dpm,"Sigma-space DPM-1, log sigma",10,2,7,0.4,0.311845064163208
uniform,sigma_log_dpm,"Sigma-space DPM-1, log sigma",10,2,7,0.5,0.3998953700065613
uniform,sigma_log_dpm,"Sigma-space DPM-1, log sigma",10,2,7,0.6000000000000001,0.4956631660461426
uniform,sigma_log_dpm,"Sigma-space DPM-1, log sigma",10,2,7,0.7000000000000001,0.6018257141113281
uniform,sigma_log_dpm,"Sigma-space DPM-1, log sigma",10,2,7,0.8,0.7217980623245239
uniform,sigma_log_dpm,"Sigma-space DPM-1, log sigma",10,2,7,0.9,0.8592524528503418
uniform,sigma_log_dpm,"Sigma-space DPM-1, log sigma",10,2,7,1.0,1.0
uniform,sigma_log_dpm,"Sigma-space DPM-1, log sigma",50,2,7,0.0,0.0
uniform,sigma_log_dpm,"Sigma-space DPM-1, log sigma",50,2,7,0.1,0.08060398697853088
uniform,sigma_log_dpm,"Sigma-space DPM-1, log sigma",50,2,7,0.2,0.16244901716709137
uniform,sigma_log_dpm,"Sigma-space DPM-1, log sigma",50,2,7,0.30000000000000004,0.24682284891605377
uniform,sigma_log_dpm,"Sigma-space DPM-1, log sigma",50,2,7,0.4,0.3351067900657654
uniform,sigma_log_dpm,"Sigma-space DPM-1, log sigma",50,2,7,0.5,0.4288163483142853
uniform,sigma_log_dpm,"Sigma-space DPM-1, log sigma",50,2,7,0.6000000000000001,0.5296216011047363
uniform,sigma_log_dpm,"Sigma-space DPM-1, log sigma",50,2,7,0.7000000000000001,0.6392800211906433
uniform,sigma_log_dpm,"Sigma-space DPM-1, log sigma",50,2,7,0.8,0.7592288851737976
uniform,sigma_log_dpm,"Sigma-space DPM-1, log sigma",50,2,7,0.9,0.8884527087211609
uniform,sigma_log_dpm,"Sigma-space DPM-1, log sigma",50,2,7,1.0,1.0
uniform,dpm2_log,"DPM-2 + corrector, log sigma",10,2,7,0.0,0.0
uniform,dpm2_log,"DPM-2 + corrector, log sigma",10,2,7,0.1,0.0956864058971405
uniform,dpm2_log,"DPM-2 + corrector, log sigma",10,2,7,0.2,0.19234462082386017
uniform,dpm2_log,"DPM-2 + corrector, log sigma",10,2,7,0.30000000000000004,0.29089677333831787
uniform,dpm2_log,"DPM-2 + corrector, log sigma",10,2,7,0.4,0.3921501040458679
uniform,dpm2_log,"DPM-2 + corrector, log sigma",10,2,7,0.5,0.49669021368026733
uniform,dpm2_log,"DPM-2 + corrector, log sigma",10,2,7,0.6000000000000001,0.6046866774559021
uniform,dpm2_log,"DPM-2 + corrector, log sigma",10,2,7,0.7000000000000001,0.7154905796051025
uniform,dpm2_log,"DPM-2 + corrector, log sigma",10,2,7,0.8,0.8266797065734863
uniform,dpm2_log,"DPM-2 + corrector, log sigma",10,2,7,0.9,0.931166410446167
uniform,dpm2_log,"DPM-2 + corrector, log sigma",10,2,7,1.0,1.0
uniform,dpm2_log,"DPM-2 + corrector, log sigma",50,2,7,0.0,0.0
uniform,dpm2_log,"DPM-2 + corrector, log sigma",50,2,7,0.1,0.10462547838687897
uniform,dpm2_log,"DPM-2 + corrector, log sigma",50,2,7,0.2,0.20923396944999695
uniform,dpm2_log,"DPM-2 + corrector, log sigma",50,2,7,0.30000000000000004,0.31379055976867676
uniform,dpm2_log,"DPM-2 + corrector, log sigma",50,2,7,0.4,0.41821983456611633
uniform,dpm2_log,"DPM-2 + corrector, log sigma",50,2,7,0.5,0.5223708152770996
uniform,dpm2_log,"DPM-2 + corrector, log sigma",50,2,7,0.6000000000000001,0.6259539127349854
uniform,dpm2_log,"DPM-2 + corrector, log sigma",50,2,7,0.7000000000000001,0.7284115552902222
uniform,dpm2_log,"DPM-2 + corrector, log sigma",50,2,7,0.8,0.828596830368042
uniform,dpm2_log,"DPM-2 + corrector, log sigma",50,2,7,0.9,0.9237060546875
uniform,dpm2_log,"DPM-2 + corrector, log sigma",50,2,7,1.0,1.0
uniform,sigma_log_dpm,"Sigma-space DPM-1, log sigma",10,2,8,0.0,0.0
uniform,sigma_log_dpm,"Sigma-space DPM-1, log sigma",10,2,8,0.1,0.12432986497879028
uniform,sigma_log_dpm,"Sigma-space DPM-1, log sigma",10,2,8,0.2,0.24773038923740387
uniform,sigma_log_dpm,"Sigma-space DPM-1, log sigma",10,2,8,0.30000000000000004,0.36921006441116333
uniform,sigma_log_dpm,"Sigma-space DPM-1, log sigma",10,2,8,0.4,0.4876430034637451
uniform,sigma_log_dpm,"Sigma-space DPM-1, log sigma",10,2,8,0.5,0.601669430732727
uniform,sigma_log_dpm,"Sigma-space DPM-1, log sigma",10,2,8,0.6000000000000001,0.7095438241958618
uniform,sigma_log_dpm,"Sigma-space DPM-1, log sigma",10,2,8,0.7000000000000001,0.8088680505752563
uniform,sigma_log_dpm,"Sigma-space DPM-1, log sigma",10,2,8,0.8,0.8960479497909546
uniform,sigma_log_dpm,"Sigma-space DPM-1, log sigma",10,2,8,0.9,0.9648914337158203
uniform,sigma_log_dpm,"Sigma-space DPM-1, log sigma",10,2,8,1.0,1.0
uniform,sigma_log_dpm,"Sigma-space DPM-1, log sigma",50,2,8,0.0,0.0
uniform,sigma_log_dpm,"Sigma-space DPM-1, log sigma",50,2,8,0.1,0.13256554305553436
uniform,sigma_log_dpm,"Sigma-space DPM-1, log sigma",50,2,8,0.2,0.26359567046165466
uniform,sigma_log_dpm,"Sigma-space DPM-1, log sigma",50,2,8,0.30000000000000004,0.39149990677833557
uniform,sigma_log_dpm,"Sigma-space DPM-1, log sigma",50,2,8,0.4,0.5145699381828308
uniform,sigma_log_dpm,"Sigma-space DPM-1, log sigma",50,2,8,0.5,0.6308961510658264
uniform,sigma_log_dpm,"Sigma-space DPM-1, log sigma",50,2,8,0.6000000000000001,0.7382451295852661
uniform,sigma_log_dpm,"Sigma-space DPM-1, log sigma",50,2,8,0.7000000000000001,0.8338550329208374
uniform,sigma_log_dpm,"Sigma-space DPM-1, log sigma",50,2,8,0.8,0.9140390157699585
uniform,sigma_log_dpm,"Sigma-space DPM-1, log sigma",50,2,8,0.9,0.9732290506362915
uniform,sigma_log_dpm,"Sigma-space DPM-1, log sigma",50,2,8,1.0,1.0
uniform,dpm2_log,"DPM-2 + corrector, log sigma",10,2,8,0.0,0.0
uniform,dpm2_log,"DPM-2 + corrector, log sigma",10,2,8,0.1,0.14032715559005737
uniform,dpm2_log,"DPM-2 + corrector, log sigma",10,2,8,0.2,0.2784830629825592
uniform,dpm2_log,"DPM-2 + corrector, log sigma",10,2,8,0.30000000000000004,0.4122593402862549
uniform,dpm2_log,"DPM-2 + corrector, log sigma",10,2,8,0.4,0.539368212223053
uniform,dpm2_log,"DPM-2 + corrector, log sigma",10,2,8,0.5,0.6573889255523682
uniform,dpm2_log,"DPM-2 + corrector, log sigma",10,2,8,0.6000000000000001,0.7636924982070923
uniform,dpm2_log,"DPM-2 + corrector, log sigma",10,2,8,0.7000000000000001,0.8553218841552734
uniform,dpm2_log,"DPM-2 + corrector, log sigma",10,2,8,0.8,0.9287714958190918
uniform,dpm2_log,"DPM-2 + corrector, log sigma",10,2,8,0.9,0.9794890880584717
uniform,dpm2_log,"DPM-2 + corrector, log sigma",10,2,8,1.0,1.0
uniform,dpm2_log,"DPM-2 + corrector, log sigma",50,2,8,0.0,0.0
uniform,dpm2_log,"DPM-2 + corrector, log sigma",50,2,8,0.1,0.11668872833251953
uniform,dpm2_log,"DPM-2 + corrector, log sigma",50,2,8,0.2,0.2327016294002533
uniform,dpm2_log,"DPM-2 + corrector, log sigma",50,2,8,0.30000000000000004,0.34733036160469055
uniform,dpm2_log,"DPM-2 + corrector, log sigma",50,2,8,0.4,0.4597959816455841
uniform,dpm2_log,"DPM-2 + corrector, log sigma",50,2,8,0.5,0.5691937804222107
uniform,dpm2_log,"DPM-2 + corrector, log sigma",50,2,8,0.6000000000000001,0.6744070053100586
uniform,dpm2_log,"DPM-2 + corrector, log sigma",50,2,8,0.7000000000000001,0.7739443778991699
uniform,dpm2_log,"DPM-2 + corrector, log sigma",50,2,8,0.8,0.8655813336372375
uniform,dpm2_log,"DPM-2 + corrector, log sigma",50,2,8,0.9,0.9453050494194031
uniform,dpm2_log,"DPM-2 + corrector, log sigma",50,2,8,1.0,1.0
uniform,sigma_log_dpm,"Sigma-space DPM-1, log sigma",10,2,9,0.0,0.0
uniform,sigma_log_dpm,"Sigma-space DPM-1, log sigma",10,2,9,0.1,0.1271807849407196
uniform,sigma_log_dpm,"Sigma-space DPM-1, log sigma",10,2,9,0.2,0.2531158924102783
uniform,sigma_log_dpm,"Sigma-space DPM-1, log sigma",10,2,9,0.30000000000000004,0.37651437520980835
uniform,sigma_log_dpm,"Sigma-space DPM-1, log sigma",10,2,9,0.4,0.4959874749183655
uniform,sigma_log_dpm,"Sigma-space DPM-1, log sigma",10,2,9,0.5,0.6099770665168762
uniform,sigma_log_dpm,"Sigma-space DPM-1, log sigma",10,2,9,0.6000000000000001,0.7166469097137451
uniform,sigma_log_dpm,"Sigma-space DPM-1, log sigma",10,2,9,0.7000000000000001,0.813690721988678
uniform,sigma_log_dpm,"Sigma-space DPM-1, log sigma",10,2,9,0.8,0.8979374170303345
uniform,sigma_log_dpm,"Sigma-space DPM-1, log sigma",10,2,9,0.9,0.9642936587333679
uniform,sigma_log_dpm,"Sigma-space DPM-1, log sigma",10,2,9,1.0,1.0
uniform,sigma_log_dpm,"Sigma-space DPM-1, log sigma",50,2,9,0.0,0.0
uniform,sigma_log_dpm,"Sigma-space DPM-1, log sigma",50,2,9,0.1,0.14041367173194885
uniform,sigma_log_dpm,"Sigma-space DPM-1, log sigma",50,2,9,0.2,0.27866828441619873
uniform,sigma_log_dpm,"Sigma-space DPM-1, log sigma",50,2,9,0.30000000000000004,0.41256338357925415
uniform,sigma_log_dpm,"Sigma-space DPM-1, log sigma",50,2,9,0.4,0.5398117303848267
uniform,sigma_log_dpm,"Sigma-space DPM-1, log sigma",50,2,9,0.5,0.6579803228378296
uniform,sigma_log_dpm,"Sigma-space DPM-1, log sigma",50,2,9,0.6000000000000001,0.7644118070602417
uniform,sigma_log_dpm,"Sigma-space DPM-1, log sigma",50,2,9,0.7000000000000001,0.8560994863510132
uniform,sigma_log_dpm,"Sigma-space DPM-1, log sigma",50,2,9,0.8,0.9294677972793579
uniform,sigma_log_dpm,"Sigma-space DPM-1, log sigma",50,2,9,0.9,0.9798902869224548
uniform,sigma_log_dpm,"Sigma-space DPM-1, log sigma",50,2,9,1.0,1.0
uniform,dpm2_log,"DPM-2 + corrector, log sigma",10,2,9,0.0,0.0
uniform,dpm2_log,"DPM-2 + corrector, log sigma",10,2,9,0.1,0.13638269901275635
uniform,dpm2_log,"DPM-2 + corrector, log sigma",10,2,9,0.2,0.27089571952819824
uniform,dpm2_log,"DPM-2 + corrector, log sigma",10,2,9,0.30000000000000004,0.4016256630420685
uniform,dpm2_log,"DPM-2 + corrector, log sigma",10,2,9,0.4,0.5265665054321289
uniform,dpm2_log,"DPM-2 + corrector, log sigma",10,2,9,0.5,0.6435548067092896
uniform,dpm2_log,"DPM-2 + corrector, log sigma",10,2,9,0.6000000000000001,0.7501779198646545
uniform,dpm2_log,"DPM-2 + corrector, log sigma",10,2,9,0.7000000000000001,0.8436229228973389
uniform,dpm2_log,"DPM-2 + corrector, log sigma",10,2,9,0.8,0.9203884601593018
uniform,dpm2_log,"DPM-2 + corrector, log sigma",10,2,9,0.9,0.9755951166152954
uniform,dpm2_log,"DPM-2 + corrector, log sigma",10,2,9,1.0,1.0
uniform,dpm2_log,"DPM-2 + corrector, log sigma",50,2,9,0.0,0.0
uniform,dpm2_log,"DPM-2 + corrector, log sigma",50,2,9,0.1,0.12431488931179047
uniform,dpm2_log,"DPM-2 + corrector, log sigma",50,2,9,0.2,0.24754570424556732
uniform,dpm2_log,"DPM-2 + corrector, log sigma",50,2,9,0.30000000000000004,0.36856609582901
uniform,dpm2_log,"DPM-2 + corrector, log sigma",50,2,9,0.4,0.4861588478088379
uniform,dpm2_log,"DPM-2 + corrector, log sigma",50,2,9,0.5,0.5989476442337036
uniform,dpm2_log,"DPM-2 + corrector, log sigma",50,2,9,0.6000000000000001,0.7052931785583496
uniform,dpm2_log,"DPM-2 + corrector, log sigma",50,2,9,0.7000000000000001,0.8031062483787537
uniform,dpm2_log,"DPM-2 + corrector, log sigma",50,2,9,0.8,0.8894535899162292
uniform,dpm2_log,"DPM-2 + corrector, log sigma",50,2,9,0.9,0.9594728946685791
uniform,dpm2_log,"DPM-2 + corrector, log sigma",50,2,9,1.0,1.0
uniform,sigma_log_dpm,"Sigma-space DPM-1, log sigma",10,2,10,0.0,0.0
uniform,sigma_log_dpm,"Sigma-space DPM-1, log sigma",10,2,10,0.1,0.129087895154953
uniform,sigma_log_dpm,"Sigma-space DPM-1, log sigma",10,2,10,0.2,0.256855845451355
uniform,sigma_log_dpm,"Sigma-space DPM-1, log sigma",10,2,10,0.30000000000000004,0.381930947303772
uniform,sigma_log_dpm,"Sigma-space DPM-1, log sigma",10,2,10,0.4,0.5028270483016968
uniform,sigma_log_dpm,"Sigma-space DPM-1, log sigma",10,2,10,0.5,0.6178616285324097
uniform,sigma_log_dpm,"Sigma-space DPM-1, log sigma",10,2,10,0.6000000000000001,0.7250359058380127
uniform,sigma_log_dpm,"Sigma-space DPM-1, log sigma",10,2,10,0.7000000000000001,0.8218241930007935
uniform,sigma_log_dpm,"Sigma-space DPM-1, log sigma",10,2,10,0.8,0.9047563672065735
uniform,sigma_log_dpm,"Sigma-space DPM-1, log sigma",10,2,10,0.9,0.9683529138565063
uniform,sigma_log_dpm,"Sigma-space DPM-1, log sigma",10,2,10,1.0,1.0
uniform,sigma_log_dpm,"Sigma-space DPM-1, log sigma",50,2,10,0.0,0.0
uniform,sigma_log_dpm,"Sigma-space DPM-1, log sigma",50,2,10,0.1,0.13445815443992615
uniform,sigma_log_dpm,"Sigma-space DPM-1, log sigma",50,2,10,0.2,0.2672255337238312
uniform,sigma_log_dpm,"Sigma-space DPM-1, log sigma",50,2,10,0.30000000000000004,0.3965592384338379
uniform,sigma_log_dpm,"Sigma-space DPM-1, log sigma",50,2,10,0.4,0.5206056833267212
uniform,sigma_log_dpm,"Sigma-space DPM-1, log sigma",50,2,10,0.5,0.6373237371444702
uniform,sigma_log_dpm,"Sigma-space DPM-1, log sigma",50,2,10,0.6000000000000001,0.7443749904632568
uniform,sigma_log_dpm,"Sigma-space DPM-1, log sigma",50,2,10,0.7000000000000001,0.8389444351196289
uniform,sigma_log_dpm,"Sigma-space DPM-1, log sigma",50,2,10,0.8,0.9174011945724487
uniform,sigma_log_dpm,"Sigma-space DPM-1, log sigma",50,2,10,0.9,0.974494993686676
uniform,sigma_log_dpm,"Sigma-space DPM-1, log sigma",50,2,10,1.0,1.0
uniform,dpm2_log,"DPM-2 + corrector, log sigma",10,2,10,0.0,0.0
uniform,dpm2_log,"DPM-2 + corrector, log sigma",10,2,10,0.1,0.14189079403877258
uniform,dpm2_log,"DPM-2 + corrector, log sigma",10,2,10,0.2,0.28146281838417053
uniform,dpm2_log,"DPM-2 + corrector, log sigma",10,2,10,0.30000000000000004,0.4163665175437927
uniform,dpm2_log,"DPM-2 + corrector, log sigma",10,2,10,0.4,0.5441879034042358
uniform,dpm2_log,"DPM-2 + corrector, log sigma",10,2,10,0.5,0.6624042987823486
uniform,dpm2_log,"DPM-2 + corrector, log sigma",10,2,10,0.6000000000000001,0.7683253884315491
uniform,dpm2_log,"DPM-2 + corrector, log sigma",10,2,10,0.7000000000000001,0.8589985370635986
uniform,dpm2_log,"DPM-2 + corrector, log sigma",10,2,10,0.8,0.9310375452041626
uniform,dpm2_log,"DPM-2 + corrector, log sigma",10,2,10,0.9,0.9802329540252686
uniform,dpm2_log,"DPM-2 + corrector, log sigma",10,2,10,1.0,1.0
uniform,dpm2_log,"DPM-2 + corrector, log sigma",50,2,10,0.0,0.0
uniform,dpm2_log,"DPM-2 + corrector, log sigma",50,2,10,0.1,0.12103478610515594
uniform,dpm2_log,"DPM-2 + corrector, log sigma",50,2,10,0.2,0.24116726219654083
uniform,dpm2_log,"DPM-2 + corrector, log sigma",50,2,10,0.30000000000000004,0.35945653915405273
uniform,dpm2_log,"DPM-2 + corrector, log sigma",50,2,10,0.4,0.4748784303665161
uniform,dpm2_log,"DPM-2 + corrector, log sigma",50,2,10,0.5,0.5862622261047363
uniform,dpm2_log,"DPM-2 + corrector, log sigma",50,2,10,0.6000000000000001,0.6921922564506531
uniform,dpm2_log,"DPM-2 + corrector, log sigma",50,2,10,0.7000000000000001,0.7908285856246948
uniform,dpm2_log,"DPM-2 + corrector, log sigma",50,2,10,0.8,0.8795201778411865
uniform,dpm2_log,"DPM-2 + corrector, log sigma",50,2,10,0.9,0.953708291053772
uniform,dpm2_log,"DPM-2 + corrector, log sigma",50,2,10,1.0,1.0
uniform,sigma_log_dpm,"Sigma-space DPM-1, log sigma",10,2,11,0.0,0.0
uniform,sigma_log_dpm,"Sigma-space DPM-1, log sigma",10,2,11,0.1,0.12032303214073181
uniform,sigma_log_dpm,"Sigma-space DPM-1, log sigma",10,2,11,0.2,0.23997943103313446
uniform,sigma_log_dpm,"Sigma-space DPM-1, log sigma",10,2,11,0.30000000000000004,0.3582434058189392
uniform,sigma_log_dpm,"Sigma-space DPM-1, log sigma",10,2,11,0.4,0.4742606282234192
uniform,sigma_log_dpm,"Sigma-space DPM-1, log sigma",10,2,11,0.5,0.5869478583335876
uniform,sigma_log_dpm,"Sigma-space DPM-1, log sigma",10,2,11,0.6000000000000001,0.6948363780975342
uniform,sigma_log_dpm,"Sigma-space DPM-1, log sigma",10,2,11,0.7000000000000001,0.7957836985588074
uniform,sigma_log_dpm,"Sigma-space DPM-1, log sigma",10,2,11,0.8,0.8863661289215088
uniform,sigma_log_dpm,"Sigma-space DPM-1, log sigma",10,2,11,0.9,0.9602446556091309
uniform,sigma_log_dpm,"Sigma-space DPM-1, log sigma",10,2,11,1.0,1.0
uniform,sigma_log_dpm,"Sigma-space DPM-1, log sigma",50,2,11,0.0,0.0
uniform,sigma_log_dpm,"Sigma-space DPM-1, log sigma",50,2,11,0.1,0.11878524720668793
uniform,sigma_log_dpm,"Sigma-space DPM-1, log sigma",50,2,11,0.2,0.23688553273677826
uniform,sigma_log_dpm,"Sigma-space DPM-1, log sigma",50,2,11,0.30000000000000004,0.3535781502723694
uniform,sigma_log_dpm,"Sigma-space DPM-1, log sigma",50,2,11,0.4,0.4680553078651428
uniform,sigma_log_dpm,"Sigma-space DPM-1, log sigma",50,2,11,0.5,0.579351544380188
uniform,sigma_log_dpm,"Sigma-space DPM-1, log sigma",50,2,11,0.6000000000000001,0.6862195730209351
uniform,sigma_log_dpm,"Sigma-space DPM-1, log sigma",50,2,11,0.7000000000000001,0.7868842482566833
uniform,sigma_log_dpm,"Sigma-space DPM-1, log sigma",50,2,11,0.8,0.8784828186035156
uniform,sigma_log_dpm,"Sigma-space DPM-1, log sigma",50,2,11,0.9,0.9554260969161987
uniform,sigma_log_dpm,"Sigma-space DPM-1, log sigma",50,2,11,1.0,1.0
uniform,dpm2_log,"DPM-2 + corrector, log sigma",10,2,11,0.0,0.0
uniform,dpm2_log,"DPM-2 + corrector, log sigma",10,2,11,0.1,0.13815085589885712
uniform,dpm2_log,"DPM-2 + corrector, log sigma",10,2,11,0.2,0.2743262052536011
uniform,dpm2_log,"DPM-2 + corrector, log sigma",10,2,11,0.30000000000000004,0.40650475025177
uniform,dpm2_log,"DPM-2 + corrector, log sigma",10,2,11,0.4,0.5325679779052734
uniform,dpm2_log,"DPM-2 + corrector, log sigma",10,2,11,0.5,0.6502336263656616
uniform,dpm2_log,"DPM-2 + corrector, log sigma",10,2,11,0.6000000000000001,0.7569631338119507
uniform,dpm2_log,"DPM-2 + corrector, log sigma",10,2,11,0.7000000000000001,0.8498120307922363
uniform,dpm2_log,"DPM-2 + corrector, log sigma",10,2,11,0.8,0.9251563549041748
uniform,dpm2_log,"DPM-2 + corrector, log sigma",10,2,11,0.9,0.9780709147453308
uniform,dpm2_log,"DPM-2 + corrector, log sigma",10,2,11,1.0,1.0
uniform,dpm2_log,"DPM-2 + corrector, log sigma",50,2,11,0.0,0.0
uniform,dpm2_log,"DPM-2 + corrector, log sigma",50,2,11,0.1,0.1199176013469696
uniform,dpm2_log,"DPM-2 + corrector, log sigma",50,2,11,0.2,0.2389911413192749
uniform,dpm2_log,"DPM-2 + corrector, log sigma",50,2,11,0.30000000000000004,0.3563397526741028
uniform,dpm2_log,"DPM-2 + corrector, log sigma",50,2,11,0.4,0.4710023105144501
uniform,dpm2_log,"DPM-2 + corrector, log sigma",50,2,11,0.5,0.5818767547607422
uniform,dpm2_log,"DPM-2 + corrector, log sigma",50,2,11,0.6000000000000001,0.6876246333122253
uniform,dpm2_log,"DPM-2 + corrector, log sigma",50,2,11,0.7000000000000001,0.7864961624145508
uniform,dpm2_log,"DPM-2 + corrector, log sigma",50,2,11,0.8,0.8759503364562988
uniform,dpm2_log,"DPM-2 + corrector, log sigma",50,2,11,0.9,0.9515672326087952
uniform,dpm2_log,"DPM-2 + corrector, log sigma",50,2,11,1.0,1.0
uniform,sigma_log_dpm,"Sigma-space DPM-1, log sigma",10,2,12,0.0,0.0
uniform,sigma_log_dpm,"Sigma-space DPM-1, log sigma",10,2,12,0.1,0.1062891036272049
uniform,sigma_log_dpm,"Sigma-space DPM-1, log sigma",10,2,12,0.2,0.2127753049135208
uniform,sigma_log_dpm,"Sigma-space DPM-1, log sigma",10,2,12,0.30000000000000004,0.31961795687675476
uniform,sigma_log_dpm,"Sigma-space DPM-1, log sigma",10,2,12,0.4,0.426888108253479
uniform,sigma_log_dpm,"Sigma-space DPM-1, log sigma",10,2,12,0.5,0.5344821214675903
uniform,sigma_log_dpm,"Sigma-space DPM-1, log sigma",10,2,12,0.6000000000000001,0.6419616937637329
uniform,sigma_log_dpm,"Sigma-space DPM-1, log sigma",10,2,12,0.7000000000000001,0.7482160329818726
uniform,sigma_log_dpm,"Sigma-space DPM-1, log sigma",10,2,12,0.8,0.8506544828414917
uniform,sigma_log_dpm,"Sigma-space DPM-1, log sigma",10,2,12,0.9,0.9427661299705505
uniform,sigma_log_dpm,"Sigma-space DPM-1, log sigma",10,2,12,1.0,1.0
uniform,sigma_log_dpm,"Sigma-space DPM-1, log sigma",50,2,12,0.0,0.0
uniform,sigma_log_dpm,"Sigma-space DPM-1, log sigma",50,2,12,0.1,0.11069601774215698
uniform,sigma_log_dpm,"Sigma-space DPM-1, log sigma",50,2,12,0.2,0.22120517492294312
uniform,sigma_log_dpm,"Sigma-space DPM-1, log sigma",50,2,12,0.30000000000000004,0.3313080668449402
uniform,sigma_log_dpm,"Sigma-space DPM-1, log sigma",50,2,12,0.4,0.4407108426094055
uniform,sigma_log_dpm,"Sigma-space DPM-1, log sigma",50,2,12,0.5,0.5489771366119385
uniform,sigma_log_dpm,"Sigma-space DPM-1, log sigma",50,2,12,0.6000000000000001,0.65540611743927
uniform,sigma_log_dpm,"Sigma-space DPM-1, log sigma",50,2,12,0.7000000000000001,0.7587787508964539
uniform,sigma_log_dpm,"Sigma-space DPM-1, log sigma",50,2,12,0.8,0.8567506670951843
uniform,sigma_log_dpm,"Sigma-space DPM-1, log sigma",50,2,12,0.9,0.9439709782600403
uniform,sigma_log_dpm,"Sigma-space DPM-1, log sigma",50,2,12,1.0,1.0
uniform,dpm2_log,"DPM-2 + corrector, log sigma",10,2,12,0.0,0.0
uniform,dpm2_log,"DPM-2 + corrector, log sigma",10,2,12,0.1,0.1314469873905182
uniform,dpm2_log,"DPM-2 + corrector, log sigma",10,2,12,0.2,0.26151764392852783
uniform,dpm2_log,"DPM-2 + corrector, log sigma",10,2,12,0.30000000000000004,0.3887653946876526
uniform,dpm2_log,"DPM-2 + corrector, log sigma",10,2,12,0.4,0.5115946531295776
uniform,dpm2_log,"DPM-2 + corrector, log sigma",10,2,12,0.5,0.6281566619873047
uniform,dpm2_log,"DPM-2 + corrector, log sigma",10,2,12,0.6000000000000001,0.7362014055252075
uniform,dpm2_log,"DPM-2 + corrector, log sigma",10,2,12,0.7000000000000001,0.8328357934951782
uniform,dpm2_log,"DPM-2 + corrector, log sigma",10,2,12,0.8,0.9140735864639282
uniform,dpm2_log,"DPM-2 + corrector, log sigma",10,2,12,0.9,0.9738039970397949
uniform,dpm2_log,"DPM-2 + corrector, log sigma",10,2,12,1.0,1.0
uniform,dpm2_log,"DPM-2 + corrector, log sigma",50,2,12,0.0,0.0
uniform,dpm2_log,"DPM-2 + corrector, log sigma",50,2,12,0.1,0.12120009958744049
uniform,dpm2_log,"DPM-2 + corrector, log sigma",50,2,12,0.2,0.24149072170257568
uniform,dpm2_log,"DPM-2 + corrector, log sigma",50,2,12,0.30000000000000004,0.35992348194122314
uniform,dpm2_log,"DPM-2 + corrector, log sigma",50,2,12,0.4,0.47546595335006714
uniform,dpm2_log,"DPM-2 + corrector, log sigma",50,2,12,0.5,0.5869379043579102
uniform,dpm2_log,"DPM-2 + corrector, log sigma",50,2,12,0.6000000000000001,0.6929121017456055
uniform,dpm2_log,"DPM-2 + corrector, log sigma",50,2,12,0.7000000000000001,0.7915335893630981
uniform,dpm2_log,"DPM-2 + corrector, log sigma",50,2,12,0.8,0.8801295757293701
uniform,dpm2_log,"DPM-2 + corrector, log sigma",50,2,12,0.9,0.9541060328483582
uniform,dpm2_log,"DPM-2 + corrector, log sigma",50,2,12,1.0,1.0
uniform,sigma_log_dpm,"Sigma-space DPM-1, log sigma",10,2,13,0.0,0.0
uniform,sigma_log_dpm,"Sigma-space DPM-1, log sigma",10,2,13,0.1,0.13044273853302002
uniform,sigma_log_dpm,"Sigma-space DPM-1, log sigma",10,2,13,0.2,0.2594482898712158
uniform,sigma_log_dpm,"Sigma-space DPM-1, log sigma",10,2,13,0.30000000000000004,0.3855305314064026
uniform,sigma_log_dpm,"Sigma-space DPM-1, log sigma",10,2,13,0.4,0.507098913192749
uniform,sigma_log_dpm,"Sigma-space DPM-1, log sigma",10,2,13,0.5,0.6223829388618469
uniform,sigma_log_dpm,"Sigma-space DPM-1, log sigma",10,2,13,0.6000000000000001,0.7293202877044678
uniform,sigma_log_dpm,"Sigma-space DPM-1, log sigma",10,2,13,0.7000000000000001,0.8253654837608337
uniform,sigma_log_dpm,"Sigma-space DPM-1, log sigma",10,2,13,0.8,0.9071060419082642
uniform,sigma_log_dpm,"Sigma-space DPM-1, log sigma",10,2,13,0.9,0.9692820906639099
uniform,sigma_log_dpm,"Sigma-space DPM-1, log sigma",10,2,13,1.0,1.0
uniform,sigma_log_dpm,"Sigma-space DPM-1, log sigma",50,2,13,0.0,0.0
uniform,sigma_log_dpm,"Sigma-space DPM-1, log sigma",50,2,13,0.1,0.1330491453409195
uniform,sigma_log_dpm,"Sigma-space DPM-1, log sigma",50,2,13,0.2,0.2644858956336975
uniform,sigma_log_dpm,"Sigma-space DPM-1, log sigma",50,2,13,0.30000000000000004,0.39264917373657227
uniform,sigma_log_dpm,"Sigma-space DPM-1, log sigma",50,2,13,0.4,0.515773594379425
uniform,sigma_log_dpm,"Sigma-space DPM-1, log sigma",50,2,13,0.5,0.6319154500961304
uniform,sigma_log_dpm,"Sigma-space DPM-1, log sigma",50,2,13,0.6000000000000001,0.7388457655906677
uniform,sigma_log_dpm,"Sigma-space DPM-1, log sigma",50,2,13,0.7000000000000001,0.8338698148727417
uniform,sigma_log_dpm,"Sigma-space DPM-1, log sigma",50,2,13,0.8,0.9134748578071594
uniform,sigma_log_dpm,"Sigma-space DPM-1, log sigma",50,2,13,0.9,0.9724621772766113
uniform,sigma_log_dpm,"Sigma-space DPM-1, log sigma",50,2,13,1.0,1.0
uniform,dpm2_log,"DPM-2 + corrector, log sigma",10,2,13,0.0,0.0
uniform,dpm2_log,"DPM-2 + corrector, log sigma",10,2,13,0.1,0.13380753993988037
uniform,dpm2_log,"DPM-2 + corrector, log sigma",10,2,13,0.2,0.2659212350845337
uniform,dpm2_log,"DPM-2 + corrector, log sigma",10,2,13,0.30000000000000004,0.39460283517837524
uniform,dpm2_log,"DPM-2 + corrector, log sigma",10,2,13,0.4,0.5180200338363647
uniform,dpm2_log,"DPM-2 + corrector, log sigma",10,2,13,0.5,0.6341791152954102
uniform,dpm2_log,"DPM-2 + corrector, log sigma",10,2,13,0.6000000000000001,0.7408287525177002
uniform,dpm2_log,"DPM-2 + corrector, log sigma",10,2,13,0.7000000000000001,0.8352959156036377
uniform,dpm2_log,"DPM-2 + corrector, log sigma",10,2,13,0.8,0.9141668081283569
uniform,dpm2_log,"DPM-2 + corrector, log sigma",10,2,13,0.9,0.9724891185760498
uniform,dpm2_log,"DPM-2 + corrector, log sigma",10,2,13,1.0,1.0
uniform,dpm2_log,"DPM-2 + corrector, log sigma",50,2,13,0.0,0.0
uniform,dpm2_log,"DPM-2 + corrector, log sigma",50,2,13,0.1,0.12032116949558258
uniform,dpm2_log,"DPM-2 + corrector, log sigma",50,2,13,0.2,0.23977869749069214
uniform,dpm2_log,"DPM-2 + corrector, log sigma",50,2,13,0.30000000000000004,0.3574713468551636
uniform,dpm2_log,"DPM-2 + corrector, log sigma",50,2,13,0.4,0.4724162220954895
uniform,dpm2_log,"DPM-2 + corrector, log sigma",50,2,13,0.5,0.5834870934486389
uniform,dpm2_log,"DPM-2 + corrector, log sigma",50,2,13,0.6000000000000001,0.6893168687820435
uniform,dpm2_log,"DPM-2 + corrector, log sigma",50,2,13,0.7000000000000001,0.788121223449707
uniform,dpm2_log,"DPM-2 + corrector, log sigma",50,2,13,0.8,0.877313494682312
uniform,dpm2_log,"DPM-2 + corrector, log sigma",50,2,13,0.9,0.9524095058441162
uniform,dpm2_log,"DPM-2 + corrector, log sigma",50,2,13,1.0,1.0
uniform,sigma_log_dpm,"Sigma-space DPM-1, log sigma",10,2,14,0.0,0.0
uniform,sigma_log_dpm,"Sigma-space DPM-1, log sigma",10,2,14,0.1,0.12031370401382446
uniform,sigma_log_dpm,"Sigma-space DPM-1, log sigma",10,2,14,0.2,0.2398630976676941
uniform,sigma_log_dpm,"Sigma-space DPM-1, log sigma",10,2,14,0.30000000000000004,0.35783568024635315
uniform,sigma_log_dpm,"Sigma-space DPM-1, log sigma",10,2,14,0.4,0.47331443428993225
uniform,sigma_log_dpm,"Sigma-space DPM-1, log sigma",10,2,14,0.5,0.5851974487304688
uniform,sigma_log_dpm,"Sigma-space DPM-1, log sigma",10,2,14,0.6000000000000001,0.6920726299285889
uniform,sigma_log_dpm,"Sigma-space DPM-1, log sigma",10,2,14,0.7000000000000001,0.7919862270355225
uniform,sigma_log_dpm,"Sigma-space DPM-1, log sigma",10,2,14,0.8,0.8819483518600464
uniform,sigma_log_dpm,"Sigma-space DPM-1, log sigma",10,2,14,0.9,0.9565503001213074
uniform,sigma_log_dpm,"Sigma-space DPM-1, log sigma",10,2,14,1.0,1.0
uniform,sigma_log_dpm,"Sigma-space DPM-1, log sigma",50,2,14,0.0,0.0
uniform,sigma_log_dpm,"Sigma-space DPM-1, log sigma",50,2,14,0.1,0.12295642495155334
uniform,sigma_log_dpm,"Sigma-space DPM-1, log sigma",50,2,14,0.2,0.24503308534622192
uniform,sigma_log_dpm,"Sigma-space DPM-1, log sigma",50,2,14,0.30000000000000004,0.36529383063316345
uniform,sigma_log_dpm,"Sigma-space DPM-1, log sigma",50,2,14,0.4,0.48268038034439087
uniform,sigma_log_dpm,"Sigma-space DPM-1, log sigma",50,2,14,0.5,0.5959210395812988
uniform,sigma_log_dpm,"Sigma-space DPM-1, log sigma",50,2,14,0.6000000000000001,0.7033901214599609
uniform,sigma_log_dpm,"Sigma-space DPM-1, log sigma",50,2,14,0.7000000000000001,0.8028576374053955
uniform,sigma_log_dpm,"Sigma-space DPM-1, log sigma",50,2,14,0.8,0.8909679651260376
uniform,sigma_log_dpm,"Sigma-space DPM-1, log sigma",50,2,14,0.9,0.9618539810180664
uniform,sigma_log_dpm,"Sigma-space DPM-1, log sigma",50,2,14,1.0,1.0
uniform,dpm2_log,"DPM-2 + corrector, log sigma",10,2,14,0.0,0.0
uniform,dpm2_log,"DPM-2 + corrector, log sigma",10,2,14,0.1,0.13167472183704376
uniform,dpm2_log,"DPM-2 + corrector, log sigma",10,2,14,0.2,0.2618030905723572
uniform,dpm2_log,"DPM-2 + corrector, log sigma",10,2,14,0.30000000000000004,0.3887937068939209
uniform,dpm2_log,"DPM-2 + corrector, log sigma",10,2,14,0.4,0.510959267616272
uniform,dpm2_log,"DPM-2 + corrector, log sigma",10,2,14,0.5,0.6264472603797913
uniform,dpm2_log,"DPM-2 + corrector, log sigma",10,2,14,0.6000000000000001,0.7331386804580688
uniform,dpm2_log,"DPM-2 + corrector, log sigma",10,2,14,0.7000000000000001,0.8284729719161987
uniform,dpm2_log,"DPM-2 + corrector, log sigma",10,2,14,0.8,0.9091011881828308
uniform,dpm2_log,"DPM-2 + corrector, log sigma",10,2,14,0.9,0.9699932932853699
uniform,dpm2_log,"DPM-2 + corrector, log sigma",10,2,14,1.0,1.0
uniform,dpm2_log,"DPM-2 + corrector, log sigma",50,2,14,0.0,0.0
uniform,dpm2_log,"DPM-2 + corrector, log sigma",50,2,14,0.1,0.1121511161327362
uniform,dpm2_log,"DPM-2 + corrector, log sigma",50,2,14,0.2,0.22384336590766907
uniform,dpm2_log,"DPM-2 + corrector, log sigma",50,2,14,0.30000000000000004,0.3345927596092224
uniform,dpm2_log,"DPM-2 + corrector, log sigma",50,2,14,0.4,0.44386106729507446
uniform,dpm2_log,"DPM-2 + corrector, log sigma",50,2,14,0.5,0.5510118007659912
uniform,dpm2_log,"DPM-2 + corrector, log sigma",50,2,14,0.6000000000000001,0.6552411317825317
uniform,dpm2_log,"DPM-2 + corrector, log sigma",50,2,14,0.7000000000000001,0.7554435729980469
uniform,dpm2_log,"DPM-2 + corrector, log sigma",50,2,14,0.8,0.8499087691307068
uniform,dpm2_log,"DPM-2 + corrector, log sigma",50,2,14,0.9,0.935391366481781
uniform,dpm2_log,"DPM-2 + corrector, log sigma",50,2,14,1.0,1.0
uniform,sigma_log_dpm,"Sigma-space DPM-1, log sigma",10,2,15,0.0,0.0
uniform,sigma_log_dpm,"Sigma-space DPM-1, log sigma",10,2,15,0.1,0.1263313740491867
uniform,sigma_log_dpm,"Sigma-space DPM-1, log sigma",10,2,15,0.2,0.25148287415504456
uniform,sigma_log_dpm,"Sigma-space DPM-1, log sigma",10,2,15,0.30000000000000004,0.37422794103622437
uniform,sigma_log_dpm,"Sigma-space DPM-1, log sigma",10,2,15,0.4,0.49323976039886475
uniform,sigma_log_dpm,"Sigma-space DPM-1, log sigma",10,2,15,0.5,0.6070170402526855
uniform,sigma_log_dpm,"Sigma-space DPM-1, log sigma",10,2,15,0.6000000000000001,0.7137711644172668
uniform,sigma_log_dpm,"Sigma-space DPM-1, log sigma",10,2,15,0.7000000000000001,0.8112269639968872
uniform,sigma_log_dpm,"Sigma-space DPM-1, log sigma",10,2,15,0.8,0.8962098360061646
uniform,sigma_log_dpm,"Sigma-space DPM-1, log sigma",10,2,15,0.9,0.9635376334190369
uniform,sigma_log_dpm,"Sigma-space DPM-1, log sigma",10,2,15,1.0,1.0
uniform,sigma_log_dpm,"Sigma-space DPM-1, log sigma",50,2,15,0.0,0.0
uniform,sigma_log_dpm,"Sigma-space DPM-1, log sigma",50,2,15,0.1,0.13787902891635895
uniform,sigma_log_dpm,"Sigma-space DPM-1, log sigma",50,2,15,0.2,0.27378976345062256
uniform,sigma_log_dpm,"Sigma-space DPM-1, log sigma",50,2,15,0.30000000000000004,0.4057199954986572
uniform,sigma_log_dpm,"Sigma-space DPM-1, log sigma",50,2,15,0.4,0.5315637588500977
uniform,sigma_log_dpm,"Sigma-space DPM-1, log sigma",50,2,15,0.5,0.6490576267242432
uniform,sigma_log_dpm,"Sigma-space DPM-1, log sigma",50,2,15,0.6000000000000001,0.7556904554367065
uniform,sigma_log_dpm,"Sigma-space DPM-1, log sigma",50,2,15,0.7000000000000001,0.8485583066940308
uniform,sigma_log_dpm,"Sigma-space DPM-1, log sigma",50,2,15,0.8,0.9240946769714355
uniform,sigma_log_dpm,"Sigma-space DPM-1, log sigma",50,2,15,0.9,0.9774470329284668
uniform,sigma_log_dpm,"Sigma-space DPM-1, log sigma",50,2,15,1.0,1.0
uniform,dpm2_log,"DPM-2 + corrector, log sigma",10,2,15,0.0,0.0
uniform,dpm2_log,"DPM-2 + corrector, log sigma",10,2,15,0.1,0.1379752904176712
uniform,dpm2_log,"DPM-2 + corrector, log sigma",10,2,15,0.2,0.27396291494369507
uniform,dpm2_log,"DPM-2 + corrector, log sigma",10,2,15,0.30000000000000004,0.4059332609176636
uniform,dpm2_log,"DPM-2 + corrector, log sigma",10,2,15,0.4,0.5317679643630981
uniform,dpm2_log,"DPM-2 + corrector, log sigma",10,2,15,0.5,0.6491982936859131
uniform,dpm2_log,"DPM-2 + corrector, log sigma",10,2,15,0.6000000000000001,0.7557196617126465
uniform,dpm2_log,"DPM-2 + corrector, log sigma",10,2,15,0.7000000000000001,0.8484516739845276
uniform,dpm2_log,"DPM-2 + corrector, log sigma",10,2,15,0.8,0.9238776564598083
uniform,dpm2_log,"DPM-2 + corrector, log sigma",10,2,15,0.9,0.9772341251373291
uniform,dpm2_log,"DPM-2 + corrector, log sigma",10,2,15,1.0,1.0
uniform,dpm2_log,"DPM-2 + corrector, log sigma",50,2,15,0.0,0.0
uniform,dpm2_log,"DPM-2 + corrector, log sigma",50,2,15,0.1,0.12169535458087921
uniform,dpm2_log,"DPM-2 + corrector, log sigma",50,2,15,0.2,0.24245014786720276
uniform,dpm2_log,"DPM-2 + corrector, log sigma",50,2,15,0.30000000000000004,0.3612844944000244
uniform,dpm2_log,"DPM-2 + corrector, log sigma",50,2,15,0.4,0.4771341383457184
uniform,dpm2_log,"DPM-2 + corrector, log sigma",50,2,15,0.5,0.588786244392395
uniform,dpm2_log,"DPM-2 + corrector, log sigma",50,2,15,0.6000000000000001,0.6947808265686035
uniform,dpm2_log,"DPM-2 + corrector, log sigma",50,2,15,0.7000000000000001,0.7932298183441162
uniform,dpm2_log,"DPM-2 + corrector, log sigma",50,2,15,0.8,0.8814321160316467
uniform,dpm2_log,"DPM-2 + corrector, log sigma",50,2,15,0.9,0.9547845125198364
uniform,dpm2_log,"DPM-2 + corrector, log sigma",50,2,15,1.0,1.0
mixture,sigma_log_dpm,"Sigma-space DPM-1, log sigma",10,0,0,0.0,0.0
mixture,sigma_log_dpm,"Sigma-space DPM-1, log sigma",10,0,0,0.1,0.11478963494300842
mixture,sigma_log_dpm,"Sigma-space DPM-1, log sigma",10,0,0,0.2,0.22908984124660492
mixture,sigma_log_dpm,"Sigma-space DPM-1, log sigma",10,0,0,0.30000000000000004,0.3423730134963989
mixture,sigma_log_dpm,"Sigma-space DPM-1, log sigma",10,0,0,0.4,0.4540284276008606
mixture,sigma_log_dpm,"Sigma-space DPM-1, log sigma",10,0,0,0.5,0.5632957220077515
mixture,sigma_log_dpm,"Sigma-space DPM-1, log sigma",10,0,0,0.6000000000000001,0.6691595315933228
mixture,sigma_log_dpm,"Sigma-space DPM-1, log sigma",10,0,0,0.7000000000000001,0.7701476812362671
mixture,sigma_log_dpm,"Sigma-space DPM-1, log sigma",10,0,0,0.8,0.8638807535171509
mixture,sigma_log_dpm,"Sigma-space DPM-1, log sigma",10,0,0,0.9,0.9457428455352783
mixture,sigma_log_dpm,"Sigma-space DPM-1, log sigma",10,0,0,1.0,1.0
mixture,sigma_log_dpm,"Sigma-space DPM-1, log sigma",50,0,0,0.0,0.0
mixture,sigma_log_dpm,"Sigma-space DPM-1, log sigma",50,0,0,0.1,0.1284750998020172
mixture,sigma_log_dpm,"Sigma-space DPM-1, log sigma",50,0,0,0.2,0.2557886242866516
mixture,sigma_log_dpm,"Sigma-space DPM-1, log sigma",50,0,0,0.30000000000000004,0.38070589303970337
mixture,sigma_log_dpm,"Sigma-space DPM-1, log sigma",50,0,0,0.4,0.5018361210823059
mixture,sigma_log_dpm,"Sigma-space DPM-1, log sigma",50,0,0,0.5,0.6175236701965332
mixture,sigma_log_dpm,"Sigma-space DPM-1, log sigma",50,0,0,0.6000000000000001,0.7256917953491211
mixture,sigma_log_dpm,"Sigma-space DPM-1, log sigma",50,0,0,0.7000000000000001,0.8235846757888794
mixture,sigma_log_dpm,"Sigma-space DPM-1, log sigma",50,0,0,0.8,0.9072783589363098
mixture,sigma_log_dpm,"Sigma-space DPM-1, log sigma",50,0,0,0.9,0.9705214500427246
mixture,sigma_log_dpm,"Sigma-space DPM-1, log sigma",50,0,0,1.0,1.0
mixture,dpm2_log,"DPM-2 + corrector, log sigma",10,0,0,0.0,0.0
mixture,dpm2_log,"DPM-2 + corrector, log sigma",10,0,0,0.1,0.13039883971214294
mixture,dpm2_log,"DPM-2 + corrector, log sigma",10,0,0,0.2,0.2593879699707031
mixture,dpm2_log,"DPM-2 + corrector, log sigma",10,0,0,0.30000000000000004,0.38550513982772827
mixture,dpm2_log,"DPM-2 + corrector, log sigma",10,0,0,0.4,0.5071753263473511
mixture,dpm2_log,"DPM-2 + corrector, log sigma",10,0,0,0.5,0.6226297616958618
mixture,dpm2_log,"DPM-2 + corrector, log sigma",10,0,0,0.6000000000000001,0.7297877073287964
mixture,dpm2_log,"DPM-2 + corrector, log sigma",10,0,0,0.7000000000000001,0.8260521292686462
mixture,dpm2_log,"DPM-2 + corrector, log sigma",10,0,0,0.8,0.9079101085662842
mixture,dpm2_log,"DPM-2 + corrector, log sigma",10,0,0,0.9,0.9699218273162842
mixture,dpm2_log,"DPM-2 + corrector, log sigma",10,0,0,1.0,1.0
mixture,dpm2_log,"DPM-2 + corrector, log sigma",50,0,0,0.0,0.0
mixture,dpm2_log,"DPM-2 + corrector, log sigma",50,0,0,0.1,0.12862369418144226
mixture,dpm2_log,"DPM-2 + corrector, log sigma",50,0,0,0.2,0.2559118866920471
mixture,dpm2_log,"DPM-2 + corrector, log sigma",50,0,0,0.30000000000000004,0.3804830014705658
mixture,dpm2_log,"DPM-2 + corrector, log sigma",50,0,0,0.4,0.5008561611175537
mixture,dpm2_log,"DPM-2 + corrector, log sigma",50,0,0,0.5,0.6153793334960938
mixture,dpm2_log,"DPM-2 + corrector, log sigma",50,0,0,0.6000000000000001,0.7221202850341797
mixture,dpm2_log,"DPM-2 + corrector, log sigma",50,0,0,0.7000000000000001,0.8186779022216797
mixture,dpm2_log,"DPM-2 + corrector, log sigma",50,0,0,0.8,0.9017956256866455
mixture,dpm2_log,"DPM-2 + corrector, log sigma",50,0,0,0.9,0.9663457870483398
mixture,dpm2_log,"DPM-2 + corrector, log sigma",50,0,0,1.0,1.0
mixture,sigma_log_dpm,"Sigma-space DPM-1, log sigma",10,0,1,0.0,0.0
mixture,sigma_log_dpm,"Sigma-space DPM-1, log sigma",10,0,1,0.1,0.10250931978225708
mixture,sigma_log_dpm,"Sigma-space DPM-1, log sigma",10,0,1,0.2,0.2051582932472229
mixture,sigma_log_dpm,"Sigma-space DPM-1, log sigma",10,0,1,0.30000000000000004,0.30807316303253174
mixture,sigma_log_dpm,"Sigma-space DPM-1, log sigma",10,0,1,0.4,0.4113483130931854
mixture,sigma_log_dpm,"Sigma-space DPM-1, log sigma",10,0,1,0.5,0.515012264251709
mixture,sigma_log_dpm,"Sigma-space DPM-1, log sigma",10,0,1,0.6000000000000001,0.6189615726470947
mixture,sigma_log_dpm,"Sigma-space DPM-1, log sigma",10,0,1,0.7000000000000001,0.7228080034255981
mixture,sigma_log_dpm,"Sigma-space DPM-1, log sigma",10,0,1,0.8,0.8254751563072205
mixture,sigma_log_dpm,"Sigma-space DPM-1, log sigma",10,0,1,0.9,0.9237737655639648
mixture,sigma_log_dpm,"Sigma-space DPM-1, log sigma",10,0,1,1.0,1.0
mixture,sigma_log_dpm,"Sigma-space DPM-1, log sigma",50,0,1,0.0,0.0
mixture,sigma_log_dpm,"Sigma-space DPM-1, log sigma",50,0,1,0.1,0.12149693071842194
mixture,sigma_log_dpm,"Sigma-space DPM-1, log sigma",50,0,1,0.2,0.24216702580451965
mixture,sigma_log_dpm,"Sigma-space DPM-1, log sigma",50,0,1,0.30000000000000004,0.3611382842063904
mixture,sigma_log_dpm,"Sigma-space DPM-1, log sigma",50,0,1,0.4,0.47743886709213257
mixture,sigma_log_dpm,"Sigma-space DPM-1, log sigma",50,0,1,0.5,0.5899165868759155
mixture,sigma_log_dpm,"Sigma-space DPM-1, log sigma",50,0,1,0.6000000000000001,0.6971070170402527
mixture,sigma_log_dpm,"Sigma-space DPM-1, log sigma",50,0,1,0.7000000000000001,0.7969846725463867
mixture,sigma_log_dpm,"Sigma-space DPM-1, log sigma",50,0,1,0.8,0.886416494846344
mixture,sigma_log_dpm,"Sigma-space DPM-1, log sigma",50,0,1,0.9,0.9596309661865234
mixture,sigma_log_dpm,"Sigma-space DPM-1, log sigma",50,0,1,1.0,1.0
mixture,dpm2_log,"DPM-2 + corrector, log sigma",10,0,1,0.0,0.0
mixture,dpm2_log,"DPM-2 + corrector, log sigma",10,0,1,0.1,0.13010546565055847
mixture,dpm2_log,"DPM-2 + corrector, log sigma",10,0,1,0.2,0.2588854730129242
mixture,dpm2_log,"DPM-2 + corrector, log sigma",10,0,1,0.30000000000000004,0.38495171070098877
mixture,dpm2_log,"DPM-2 + corrector, log sigma",10,0,1,0.4,0.5067821741104126
mixture,dpm2_log,"DPM-2 + corrector, log sigma",10,0,1,0.5,0.622624933719635
mixture,dpm2_log,"DPM-2 + corrector, log sigma",10,0,1,0.6000000000000001,0.7303601503372192
mixture,dpm2_log,"DPM-2 + corrector, log sigma",10,0,1,0.7000000000000001,0.8272660970687866
mixture,dpm2_log,"DPM-2 + corrector, log sigma",10,0,1,0.8,0.9095685482025146
mixture,dpm2_log,"DPM-2 + corrector, log sigma",10,0,1,0.9,0.9713513851165771
mixture,dpm2_log,"DPM-2 + corrector, log sigma",10,0,1,1.0,1.0
mixture,dpm2_log,"DPM-2 + corrector, log sigma",50,0,1,0.0,0.0
mixture,dpm2_log,"DPM-2 + corrector, log sigma",50,0,1,0.1,0.11989755928516388
mixture,dpm2_log,"DPM-2 + corrector, log sigma",50,0,1,0.2,0.2389802634716034
mixture,dpm2_log,"DPM-2 + corrector, log sigma",50,0,1,0.30000000000000004,0.3563936948776245
mixture,dpm2_log,"DPM-2 + corrector, log sigma",50,0,1,0.4,0.47119784355163574
mixture,dpm2_log,"DPM-2 + corrector, log sigma",50,0,1,0.5,0.5823010206222534
mixture,dpm2_log,"DPM-2 + corrector, log sigma",50,0,1,0.6000000000000001,0.6883566379547119
mixture,dpm2_log,"DPM-2 + corrector, log sigma",50,0,1,0.7000000000000001,0.7875735759735107
mixture,dpm2_log,"DPM-2 + corrector, log sigma",50,0,1,0.8,0.8773018717765808
mixture,dpm2_log,"DPM-2 + corrector, log sigma",50,0,1,0.9,0.9528515338897705
mixture,dpm2_log,"DPM-2 + corrector, log sigma",50,0,1,1.0,1.0
mixture,sigma_log_dpm,"Sigma-space DPM-1, log sigma",10,0,2,0.0,0.0
mixture,sigma_log_dpm,"Sigma-space DPM-1, log sigma",10,0,2,0.1,0.10669833421707153
mixture,sigma_log_dpm,"Sigma-space DPM-1, log sigma",10,0,2,0.2,0.21353381872177124
mixture,sigma_log_dpm,"Sigma-space DPM-1, log sigma",10,0,2,0.30000000000000004,0.320595383644104
mixture,sigma_log_dpm,"Sigma-space DPM-1, log sigma",10,0,2,0.4,0.42786550521850586
mixture,sigma_log_dpm,"Sigma-space DPM-1, log sigma",10,0,2,0.5,0.5351336002349854
mixture,sigma_log_dpm,"Sigma-space DPM-1, log sigma",10,0,2,0.6000000000000001,0.6418517231941223
mixture,sigma_log_dpm,"Sigma-space DPM-1, log sigma",10,0,2,0.7000000000000001,0.7468568086624146
mixture,sigma_log_dpm,"Sigma-space DPM-1, log sigma",10,0,2,0.8,0.8477407693862915
mixture,sigma_log_dpm,"Sigma-space DPM-1, log sigma",10,0,2,0.9,0.9389822483062744
mixture,sigma_log_dpm,"Sigma-space DPM-1, log sigma",10,0,2,1.0,1.0
mixture,sigma_log_dpm,"Sigma-space DPM-1, log sigma",50,0,2,0.0,0.0
mixture,sigma_log_dpm,"Sigma-space DPM-1, log sigma",50,0,2,0.1,0.1201852560043335
mixture,sigma_log_dpm,"Sigma-space DPM-1, log sigma",50,0,2,0.2,0.23983901739120483
mixture,sigma_log_dpm,"Sigma-space DPM-1, log sigma",50,0,2,0.30000000000000004,0.3583492636680603
mixture,sigma_log_dpm,"Sigma-space DPM-1, log sigma",50,0,2,0.4,0.47492966055870056
mixture,sigma_log_dpm,"Sigma-space DPM-1, log sigma",50,0,2,0.5,0.5884907245635986
mixture,sigma_log_dpm,"Sigma-space DPM-1, log sigma",50,0,2,0.6000000000000001,0.6974456906318665
mixture,sigma_log_dpm,"Sigma-space DPM-1, log sigma",50,0,2,0.7000000000000001,0.799370527267456
mixture,sigma_log_dpm,"Sigma-space DPM-1, log sigma",50,0,2,0.8,0.8903244733810425
mixture,sigma_log_dpm,"Sigma-space DPM-1, log sigma",50,0,2,0.9,0.9631443023681641
mixture,sigma_log_dpm,"Sigma-space DPM-1, log sigma",50,0,2,1.0,1.0
mixture,dpm2_log,"DPM-2 + corrector, log sigma",10,0,2,0.0,0.0
mixture,dpm2_log,"DPM-2 + corrector, log sigma",10,0,2,0.1,0.13352683186531067
mixture,dpm2_log,"DPM-2 + corrector, log sigma",10,0,2,0.2,0.26549026370048523
mixture,dpm2_log,"DPM-2 + corrector, log sigma",10,0,2,0.30000000000000004,0.394264280796051
mixture,dpm2_log,"DPM-2 + corrector, log sigma",10,0,2,0.4,0.518088698387146
mixture,dpm2_log,"DPM-2 + corrector, log sigma",10,0,2,0.5,0.6349776983261108
mixture,dpm2_log,"DPM-2 + corrector, log sigma",10,0,2,0.6000000000000001,0.7425894737243652
mixture,dpm2_log,"DPM-2 + corrector, log sigma",10,0,2,0.7000000000000001,0.8380158543586731
mixture,dpm2_log,"DPM-2 + corrector, log sigma",10,0,2,0.8,0.9173929691314697
mixture,dpm2_log,"DPM-2 + corrector, log sigma",10,0,2,0.9,0.9750131964683533
mixture,dpm2_log,"DPM-2 + corrector, log sigma",10,0,2,1.0,1.0
mixture,dpm2_log,"DPM-2 + corrector, log sigma",50,0,2,0.0,0.0
mixture,dpm2_log,"DPM-2 + corrector, log sigma",50,0,2,0.1,0.12755198776721954
mixture,dpm2_log,"DPM-2 + corrector, log sigma",50,0,2,0.2,0.25383278727531433
mixture,dpm2_log,"DPM-2 + corrector, log sigma",50,0,2,0.30000000000000004,0.3775256872177124
mixture,dpm2_log,"DPM-2 + corrector, log sigma",50,0,2,0.4,0.4972170293331146
mixture,dpm2_log,"DPM-2 + corrector, log sigma",50,0,2,0.5,0.6113240122795105
mixture,dpm2_log,"DPM-2 + corrector, log sigma",50,0,2,0.6000000000000001,0.7179868817329407
mixture,dpm2_log,"DPM-2 + corrector, log sigma",50,0,2,0.7000000000000001,0.8148798942565918
mixture,dpm2_log,"DPM-2 + corrector, log sigma",50,0,2,0.8,0.8988200426101685
mixture,dpm2_log,"DPM-2 + corrector, log sigma",50,0,2,0.9,0.9647271633148193
mixture,dpm2_log,"DPM-2 + corrector, log sigma",50,0,2,1.0,1.0
mixture,sigma_log_dpm,"Sigma-space DPM-1, log sigma",10,0,3,0.0,0.0
mixture,sigma_log_dpm,"Sigma-space DPM-1, log sigma",10,0,3,0.1,0.05250014364719391
mixture,sigma_log_dpm,"Sigma-space DPM-1, log sigma",10,0,3,0.2,0.10709799826145172
mixture,sigma_log_dpm,"Sigma-space DPM-1, log sigma",10,0,3,0.30000000000000004,0.1659901738166809
mixture,sigma_log_dpm,"Sigma-space DPM-1, log sigma",10,0,3,0.4,0.23158787190914154
mixture,sigma_log_dpm,"Sigma-space DPM-1, log sigma",10,0,3,0.5,0.3066714406013489
mixture,sigma_log_dpm,"Sigma-space DPM-1, log sigma",10,0,3,0.6000000000000001,0.3946254849433899
mixture,sigma_log_dpm,"Sigma-space DPM-1, log sigma",10,0,3,0.7000000000000001,0.49984028935432434
mixture,sigma_log_dpm,"Sigma-space DPM-1, log sigma",10,0,3,0.8,0.6284962892532349
mixture,sigma_log_dpm,"Sigma-space DPM-1, log sigma",10,0,3,0.9,0.7903871536254883
mixture,sigma_log_dpm,"Sigma-space DPM-1, log sigma",10,0,3,1.0,1.0
mixture,sigma_log_dpm,"Sigma-space DPM-1, log sigma",50,0,3,0.0,0.0
mixture,sigma_log_dpm,"Sigma-space DPM-1, log sigma",50,0,3,0.1,0.06343114376068115
mixture,sigma_log_dpm,"Sigma-space DPM-1, log sigma",50,0,3,0.2,0.12932123243808746
mixture,sigma_log_dpm,"Sigma-space DPM-1, log sigma",50,0,3,0.30000000000000004,0.20016197860240936
mixture,sigma_log_dpm,"Sigma-space DPM-1, log sigma",50,0,3,0.4,0.27850571274757385
mixture,sigma_log_dpm,"Sigma-space DPM-1, log sigma",50,0,3,0.5,0.36697638034820557
mixture,sigma_log_dpm,"Sigma-space DPM-1, log sigma",50,0,3,0.6000000000000001,0.46823498606681824
mixture,sigma_log_dpm,"Sigma-space DPM-1, log sigma",50,0,3,0.7000000000000001,0.5848084688186646
mixture,sigma_log_dpm,"Sigma-space DPM-1, log sigma",50,0,3,0.8,0.7184563875198364
mixture,sigma_log_dpm,"Sigma-space DPM-1, log sigma",50,0,3,0.9,0.8674577474594116
mixture,sigma_log_dpm,"Sigma-space DPM-1, log sigma",50,0,3,1.0,1.0
mixture,dpm2_log,"DPM-2 + corrector, log sigma",10,0,3,0.0,0.0
mixture,dpm2_log,"DPM-2 + corrector, log sigma",10,0,3,0.1,0.08088546991348267
mixture,dpm2_log,"DPM-2 + corrector, log sigma",10,0,3,0.2,0.1637936532497406
mixture,dpm2_log,"DPM-2 + corrector, log sigma",10,0,3,0.30000000000000004,0.25068822503089905
mixture,dpm2_log,"DPM-2 + corrector, log sigma",10,0,3,0.4,0.34339600801467896
mixture,dpm2_log,"DPM-2 + corrector, log sigma",10,0,3,0.5,0.44347888231277466
mixture,dpm2_log,"DPM-2 + corrector, log sigma",10,0,3,0.6000000000000001,0.5519981384277344
mixture,dpm2_log,"DPM-2 + corrector, log sigma",10,0,3,0.7000000000000001,0.6690255403518677
mixture,dpm2_log,"DPM-2 + corrector, log sigma",10,0,3,0.8,0.7924755811691284
mixture,dpm2_log,"DPM-2 + corrector, log sigma",10,0,3,0.9,0.9145454168319702
mixture,dpm2_log,"DPM-2 + corrector, log sigma",10,0,3,1.0,1.0
mixture,dpm2_log,"DPM-2 + corrector, log sigma",50,0,3,0.0,0.0
mixture,dpm2_log,"DPM-2 + corrector, log sigma",50,0,3,0.1,0.09696848690509796
mixture,dpm2_log,"DPM-2 + corrector, log sigma",50,0,3,0.2,0.19450516998767853
mixture,dpm2_log,"DPM-2 + corrector, log sigma",50,0,3,0.30000000000000004,0.29315537214279175
mixture,dpm2_log,"DPM-2 + corrector, log sigma",50,0,3,0.4,0.39341089129447937
mixture,dpm2_log,"DPM-2 + corrector, log sigma",50,0,3,0.5,0.49566012620925903
mixture,dpm2_log,"DPM-2 + corrector, log sigma",50,0,3,0.6000000000000001,0.6000944375991821
mixture,dpm2_log,"DPM-2 + corrector, log sigma",50,0,3,0.7000000000000001,0.706506609916687
mixture,dpm2_log,"DPM-2 + corrector, log sigma",50,0,3,0.8,0.8137860298156738
mixture,dpm2_log,"DPM-2 + corrector, log sigma",50,0,3,0.9,0.9182323217391968
mixture,dpm2_log,"DPM-2 + corrector, log sigma",50,0,3,1.0,1.0
mixture,sigma_log_dpm,"Sigma-space DPM-1, log sigma",10,0,4,0.0,0.0
mixture,sigma_log_dpm,"Sigma-space DPM-1, log sigma",10,0,4,0.1,0.06179767847061157
mixture,sigma_log_dpm,"Sigma-space DPM-1, log sigma",10,0,4,0.2,0.1250496655702591
mixture,sigma_log_dpm,"Sigma-space DPM-1, log sigma",10,0,4,0.30000000000000004,0.1912974864244461
mixture,sigma_log_dpm,"Sigma-space DPM-1, log sigma",10,0,4,0.4,0.26227593421936035
mixture,sigma_log_dpm,"Sigma-space DPM-1, log sigma",10,0,4,0.5,0.3400617241859436
mixture,sigma_log_dpm,"Sigma-space DPM-1, log sigma",10,0,4,0.6000000000000001,0.42731773853302
mixture,sigma_log_dpm,"Sigma-space DPM-1, log sigma",10,0,4,0.7000000000000001,0.5277477502822876
mixture,sigma_log_dpm,"Sigma-space DPM-1, log sigma",10,0,4,0.8,0.6470905542373657
mixture,sigma_log_dpm,"Sigma-space DPM-1, log sigma",10,0,4,0.9,0.7958864569664001
mixture,sigma_log_dpm,"Sigma-space DPM-1, log sigma",10,0,4,1.0,1.0
mixture,sigma_log_dpm,"Sigma-space DPM-1, log sigma",50,0,4,0.0,0.0
mixture,sigma_log_dpm,"Sigma-space DPM-1, log sigma",50,0,4,0.1,0.06498400866985321
mixture,sigma_log_dpm,"Sigma-space DPM-1, log sigma",50,0,4,0.2,0.13214150071144104
mixture,sigma_log_dpm,"Sigma-space DPM-1, log sigma",50,0,4,0.30000000000000004,0.20369289815425873
mixture,sigma_log_dpm,"Sigma-space DPM-1, log sigma",50,0,4,0.4,0.28195255994796753
mixture,sigma_log_dpm,"Sigma-space DPM-1, log sigma",50,0,4,0.5,0.3693723678588867
mixture,sigma_log_dpm,"Sigma-space DPM-1, log sigma",50,0,4,0.6000000000000001,0.46856755018234253
mixture,sigma_log_dpm,"Sigma-space DPM-1, log sigma",50,0,4,0.7000000000000001,0.5822702646255493
mixture,sigma_log_dpm,"Sigma-space DPM-1, log sigma",50,0,4,0.8,0.7129778265953064
mixture,sigma_log_dpm,"Sigma-space DPM-1, log sigma",50,0,4,0.9,0.8610016107559204
mixture,sigma_log_dpm,"Sigma-space DPM-1, log sigma",50,0,4,1.0,1.0
mixture,dpm2_log,"DPM-2 + corrector, log sigma",10,0,4,0.0,0.0
mixture,dpm2_log,"DPM-2 + corrector, log sigma",10,0,4,0.1,0.08631712198257446
mixture,dpm2_log,"DPM-2 + corrector, log sigma",10,0,4,0.2,0.1736677885055542
mixture,dpm2_log,"DPM-2 + corrector, log sigma",10,0,4,0.30000000000000004,0.26308494806289673
mixture,dpm2_log,"DPM-2 + corrector, log sigma",10,0,4,0.4,0.35559725761413574
mixture,dpm2_log,"DPM-2 + corrector, log sigma",10,0,4,0.5,0.45221415162086487
mixture,dpm2_log,"DPM-2 + corrector, log sigma",10,0,4,0.6000000000000001,0.5538874268531799
mixture,dpm2_log,"DPM-2 + corrector, log sigma",10,0,4,0.7000000000000001,0.6614049673080444
mixture,dpm2_log,"DPM-2 + corrector, log sigma",10,0,4,0.8,0.7750704884529114
mixture,dpm2_log,"DPM-2 + corrector, log sigma",10,0,4,0.9,0.8934471011161804
mixture,dpm2_log,"DPM-2 + corrector, log sigma",10,0,4,1.0,1.0
mixture,dpm2_log,"DPM-2 + corrector, log sigma",50,0,4,0.0,0.0
mixture,dpm2_log,"DPM-2 + corrector, log sigma",50,0,4,0.1,0.0970839411020279
mixture,dpm2_log,"DPM-2 + corrector, log sigma",50,0,4,0.2,0.194560706615448
mixture,dpm2_log,"DPM-2 + corrector, log sigma",50,0,4,0.30000000000000004,0.29281434416770935
mixture,dpm2_log,"DPM-2 + corrector, log sigma",50,0,4,0.4,0.39220908284187317
mixture,dpm2_log,"DPM-2 + corrector, log sigma",50,0,4,0.5,0.4930651783943176
mixture,dpm2_log,"DPM-2 + corrector, log sigma",50,0,4,0.6000000000000001,0.5956134796142578
mixture,dpm2_log,"DPM-2 + corrector, log sigma",50,0,4,0.7000000000000001,0.6998859643936157
mixture,dpm2_log,"DPM-2 + corrector, log sigma",50,0,4,0.8,0.8054208755493164
mixture,dpm2_log,"DPM-2 + corrector, log sigma",50,0,4,0.9,0.9101853966712952
mixture,dpm2_log,"DPM-2 + corrector, log sigma",50,0,4,1.0,1.0
mixture,sigma_log_dpm,"Sigma-space DPM-1, log sigma",10,0,5,0.0,0.0
mixture,sigma_log_dpm,"Sigma-space DPM-1, log sigma",10,0,5,0.1,0.10625286400318146
mixture,sigma_log_dpm,"Sigma-space DPM-1, log sigma",10,0,5,0.2,0.21246422827243805
mixture,sigma_log_dpm,"Sigma-space DPM-1, log sigma",10,0,5,0.30000000000000004,0.3185707926750183
mixture,sigma_log_dpm,"Sigma-space DPM-1, log sigma",10,0,5,0.4,0.42445993423461914
mixture,sigma_log_dpm,"Sigma-space DPM-1, log sigma",10,0,5,0.5,0.5299242734909058
mixture,sigma_log_dpm,"Sigma-space DPM-1, log sigma",10,0,5,0.6000000000000001,0.6345800757408142
mixture,sigma_log_dpm,"Sigma-space DPM-1, log sigma",10,0,5,0.7000000000000001,0.7376937866210938
mixture,sigma_log_dpm,"Sigma-space DPM-1, log sigma",10,0,5,0.8,0.8377484679222107
mixture,sigma_log_dpm,"Sigma-space DPM-1, log sigma",10,0,5,0.9,0.9310058951377869
mixture,sigma_log_dpm,"Sigma-space DPM-1, log sigma",10,0,5,1.0,1.0
mixture,sigma_log_dpm,"Sigma-space DPM-1, log sigma",50,0,5,0.0,0.0
mixture,sigma_log_dpm,"Sigma-space DPM-1, log sigma",50,0,5,0.1,0.11239281296730042
mixture,sigma_log_dpm,"Sigma-space DPM-1, log sigma",50,0,5,0.2,0.22431525588035583
mixture,sigma_log_dpm,"Sigma-space DPM-1, log sigma",50,0,5,0.30000000000000004,0.33528125286102295
mixture,sigma_log_dpm,"Sigma-space DPM-1, log sigma",50,0,5,0.4,0.44476819038391113
mixture,sigma_log_dpm,"Sigma-space DPM-1, log sigma",50,0,5,0.5,0.5521816611289978
mixture,sigma_log_dpm,"Sigma-space DPM-1, log sigma",50,0,5,0.6000000000000001,0.656788170337677
mixture,sigma_log_dpm,"Sigma-space DPM-1, log sigma",50,0,5,0.7000000000000001,0.7575686573982239
mixture,sigma_log_dpm,"Sigma-space DPM-1, log sigma",50,0,5,0.8,0.8528404235839844
mixture,sigma_log_dpm,"Sigma-space DPM-1, log sigma",50,0,5,0.9,0.9389721155166626
mixture,sigma_log_dpm,"Sigma-space DPM-1, log sigma",50,0,5,1.0,1.0
mixture,dpm2_log,"DPM-2 + corrector, log sigma",10,0,5,0.0,0.0
mixture,dpm2_log,"DPM-2 + corrector, log sigma",10,0,5,0.1,0.12449157238006592
mixture,dpm2_log,"DPM-2 + corrector, log sigma",10,0,5,0.2,0.2480330467224121
mixture,dpm2_log,"DPM-2 + corrector, log sigma",10,0,5,0.30000000000000004,0.36961275339126587
mixture,dpm2_log,"DPM-2 + corrector, log sigma",10,0,5,0.4,0.48808667063713074
mixture,dpm2_log,"DPM-2 + corrector, log sigma",10,0,5,0.5,0.6020803451538086
mixture,dpm2_log,"DPM-2 + corrector, log sigma",10,0,5,0.6000000000000001,0.7098415493965149
mixture,dpm2_log,"DPM-2 + corrector, log sigma",10,0,5,0.7000000000000001,0.8089805841445923
mixture,dpm2_log,"DPM-2 + corrector, log sigma",10,0,5,0.8,0.8959447145462036
mixture,dpm2_log,"DPM-2 + corrector, log sigma",10,0,5,0.9,0.9646583795547485
mixture,dpm2_log,"DPM-2 + corrector, log sigma",10,0,5,1.0,1.0
mixture,dpm2_log,"DPM-2 + corrector, log sigma",50,0,5,0.0,0.0
mixture,dpm2_log,"DPM-2 + corrector, log sigma",50,0,5,0.1,0.12089617550373077
mixture,dpm2_log,"DPM-2 + corrector, log sigma",50,0,5,0.2,0.2409365475177765
mixture,dpm2_log,"DPM-2 + corrector, log sigma",50,0,5,0.30000000000000004,0.3592230975627899
mixture,dpm2_log,"DPM-2 + corrector, log sigma",50,0,5,0.4,0.4747660160064697
mixture,dpm2_log,"DPM-2 + corrector, log sigma",50,0,5,0.5,0.5864135026931763
mixture,dpm2_log,"DPM-2 + corrector, log sigma",50,0,5,0.6000000000000001,0.6927430033683777
mixture,dpm2_log,"DPM-2 + corrector, log sigma",50,0,5,0.7000000000000001,0.791860818862915
mixture,dpm2_log,"DPM-2 + corrector, log sigma",50,0,5,0.8,0.880971372127533
mixture,dpm2_log,"DPM-2 + corrector, log sigma",50,0,5,0.9,0.9551623463630676
mixture,dpm2_log,"DPM-2 + corrector, log sigma",50,0,5,1.0,1.0
mixture,sigma_log_dpm,"Sigma-space DPM-1, log sigma",10,0,6,0.0,0.0
mixture,sigma_log_dpm,"Sigma-space DPM-1, log sigma",10,0,6,0.1,0.0947771817445755
mixture,sigma_log_dpm,"Sigma-space DPM-1, log sigma",10,0,6,0.2,0.18999159336090088
mixture,sigma_log_dpm,"Sigma-space DPM-1, log sigma",10,0,6,0.30000000000000004,0.2860903739929199
mixture,sigma_log_dpm,"Sigma-space DPM-1, log sigma",10,0,6,0.4,0.38354015350341797
mixture,sigma_log_dpm,"Sigma-space DPM-1, log sigma",10,0,6,0.5,0.4828287959098816
mixture,sigma_log_dpm,"Sigma-space DPM-1, log sigma",10,0,6,0.6000000000000001,0.584453284740448
mixture,sigma_log_dpm,"Sigma-space DPM-1, log sigma",10,0,6,0.7000000000000001,0.6888561844825745
mixture,sigma_log_dpm,"Sigma-space DPM-1, log sigma",10,0,6,0.8,0.7961829900741577
mixture,sigma_log_dpm,"Sigma-space DPM-1, log sigma",10,0,6,0.9,0.9051727056503296
mixture,sigma_log_dpm,"Sigma-space DPM-1, log sigma",10,0,6,1.0,1.0
mixture,sigma_log_dpm,"Sigma-space DPM-1, log sigma",50,0,6,0.0,0.0
mixture,sigma_log_dpm,"Sigma-space DPM-1, log sigma",50,0,6,0.1,0.11420279741287231
mixture,sigma_log_dpm,"Sigma-space DPM-1, log sigma",50,0,6,0.2,0.22794075310230255
mixture,sigma_log_dpm,"Sigma-space DPM-1, log sigma",50,0,6,0.30000000000000004,0.34072959423065186
mixture,sigma_log_dpm,"Sigma-space DPM-1, log sigma",50,0,6,0.4,0.45203736424446106
mixture,sigma_log_dpm,"Sigma-space DPM-1, log sigma",50,0,6,0.5,0.5612300038337708
mixture,sigma_log_dpm,"Sigma-space DPM-1, log sigma",50,0,6,0.6000000000000001,0.6674644947052002
mixture,sigma_log_dpm,"Sigma-space DPM-1, log sigma",50,0,6,0.7000000000000001,0.7694486379623413
mixture,sigma_log_dpm,"Sigma-space DPM-1, log sigma",50,0,6,0.8,0.8648420572280884
mixture,sigma_log_dpm,"Sigma-space DPM-1, log sigma",50,0,6,0.9,0.9483624696731567
mixture,sigma_log_dpm,"Sigma-space DPM-1, log sigma",50,0,6,1.0,1.0
mixture,dpm2_log,"DPM-2 + corrector, log sigma",10,0,6,0.0,0.0
mixture,dpm2_log,"DPM-2 + corrector, log sigma",10,0,6,0.1,0.11970752477645874
mixture,dpm2_log,"DPM-2 + corrector, log sigma",10,0,6,0.2,0.23887279629707336
mixture,dpm2_log,"DPM-2 + corrector, log sigma",10,0,6,0.30000000000000004,0.3568803668022156
mixture,dpm2_log,"DPM-2 + corrector, log sigma",10,0,6,0.4,0.4729561507701874
mixture,dpm2_log,"DPM-2 + corrector, log sigma",10,0,6,0.5,0.5860487222671509
mixture,dpm2_log,"DPM-2 + corrector, log sigma",10,0,6,0.6000000000000001,0.6946459412574768
mixture,dpm2_log,"DPM-2 + corrector, log sigma",10,0,6,0.7000000000000001,0.7964509725570679
mixture,dpm2_log,"DPM-2 + corrector, log sigma",10,0,6,0.8,0.8877188563346863
mixture,dpm2_log,"DPM-2 + corrector, log sigma",10,0,6,0.9,0.9615484476089478
mixture,dpm2_log,"DPM-2 + corrector, log sigma",10,0,6,1.0,1.0
mixture,dpm2_log,"DPM-2 + corrector, log sigma",50,0,6,0.0,0.0
mixture,dpm2_log,"DPM-2 + corrector, log sigma",50,0,6,0.1,0.12400642037391663
mixture,dpm2_log,"DPM-2 + corrector, log sigma",50,0,6,0.2,0.24697132408618927
mixture,dpm2_log,"DPM-2 + corrector, log sigma",50,0,6,0.30000000000000004,0.3678084909915924
mixture,dpm2_log,"DPM-2 + corrector, log sigma",50,0,6,0.4,0.48533526062965393
mixture,dpm2_log,"DPM-2 + corrector, log sigma",50,0,6,0.5,0.5981999635696411
mixture,dpm2_log,"DPM-2 + corrector, log sigma",50,0,6,0.6000000000000001,0.7047715783119202
mixture,dpm2_log,"DPM-2 + corrector, log sigma",50,0,6,0.7000000000000001,0.8029396533966064
mixture,dpm2_log,"DPM-2 + corrector, log sigma",50,0,6,0.8,0.8896933794021606
mixture,dpm2_log,"DPM-2 + corrector, log sigma",50,0,6,0.9,0.9599660634994507
mixture,dpm2_log,"DPM-2 + corrector, log sigma",50,0,6,1.0,1.0
mixture,sigma_log_dpm,"Sigma-space DPM-1, log sigma",10,0,7,0.0,0.0
mixture,sigma_log_dpm,"Sigma-space DPM-1, log sigma",10,0,7,0.1,0.07125367224216461
mixture,sigma_log_dpm,"Sigma-space DPM-1, log sigma",10,0,7,0.2,0.14378905296325684
mixture,sigma_log_dpm,"Sigma-space DPM-1, log sigma",10,0,7,0.30000000000000004,0.21897879242897034
mixture,sigma_log_dpm,"Sigma-space DPM-1, log sigma",10,0,7,0.4,0.2983911633491516
mixture,sigma_log_dpm,"Sigma-space DPM-1, log sigma",10,0,7,0.5,0.3839237093925476
mixture,sigma_log_dpm,"Sigma-space DPM-1, log sigma",10,0,7,0.6000000000000001,0.47799086570739746
mixture,sigma_log_dpm,"Sigma-space DPM-1, log sigma",10,0,7,0.7000000000000001,0.5837929248809814
mixture,sigma_log_dpm,"Sigma-space DPM-1, log sigma",10,0,7,0.8,0.7056592702865601
mixture,sigma_log_dpm,"Sigma-space DPM-1, log sigma",10,0,7,0.9,0.848900556564331
mixture,sigma_log_dpm,"Sigma-space DPM-1, log sigma",10,0,7,1.0,1.0
mixture,sigma_log_dpm,"Sigma-space DPM-1, log sigma",50,0,7,0.0,0.0
mixture,sigma_log_dpm,"Sigma-space DPM-1, log sigma",50,0,7,0.1,0.08273226022720337
mixture,sigma_log_dpm,"Sigma-space DPM-1, log sigma",50,0,7,0.2,0.1663902848958969
mixture,sigma_log_dpm,"Sigma-space DPM-1, log sigma",50,0,7,0.30000000000000004,0.25196021795272827
mixture,sigma_log_dpm,"Sigma-space DPM-1, log sigma",50,0,7,0.4,0.3405545949935913
mixture,sigma_log_dpm,"Sigma-space DPM-1, log sigma",50,0,7,0.5,0.43348628282546997
mixture,sigma_log_dpm,"Sigma-space DPM-1, log sigma",50,0,7,0.6000000000000001,0.5323510766029358
mixture,sigma_log_dpm,"Sigma-space DPM-1, log sigma",50,0,7,0.7000000000000001,0.63908851146698
mixture,sigma_log_dpm,"Sigma-space DPM-1, log sigma",50,0,7,0.8,0.7558530569076538
mixture,sigma_log_dpm,"Sigma-space DPM-1, log sigma",50,0,7,0.9,0.8835891485214233
mixture,sigma_log_dpm,"Sigma-space DPM-1, log sigma",50,0,7,1.0,1.0
mixture,dpm2_log,"DPM-2 + corrector, log sigma",10,0,7,0.0,0.0
mixture,dpm2_log,"DPM-2 + corrector, log sigma",10,0,7,0.1,0.0964919924736023
mixture,dpm2_log,"DPM-2 + corrector, log sigma",10,0,7,0.2,0.19396694004535675
mixture,dpm2_log,"DPM-2 + corrector, log sigma",10,0,7,0.30000000000000004,0.2933492064476013
mixture,dpm2_log,"DPM-2 + corrector, log sigma",10,0,7,0.4,0.3954293429851532
mixture,dpm2_log,"DPM-2 + corrector, log sigma",10,0,7,0.5,0.5007448792457581
mixture,dpm2_log,"DPM-2 + corrector, log sigma",10,0,7,0.6000000000000001,0.6093684434890747
mixture,dpm2_log,"DPM-2 + corrector, log sigma",10,0,7,0.7000000000000001,0.7204779386520386
mixture,dpm2_log,"DPM-2 + corrector, log sigma",10,0,7,0.8,0.8313507437705994
mixture,dpm2_log,"DPM-2 + corrector, log sigma",10,0,7,0.9,0.9343702793121338
mixture,dpm2_log,"DPM-2 + corrector, log sigma",10,0,7,1.0,1.0
mixture,dpm2_log,"DPM-2 + corrector, log sigma",50,0,7,0.0,0.0
mixture,dpm2_log,"DPM-2 + corrector, log sigma",50,0,7,0.1,0.11239318549633026
mixture,dpm2_log,"DPM-2 + corrector, log sigma",50,0,7,0.2,0.22460731863975525
mixture,dpm2_log,"DPM-2 + corrector, log sigma",50,0,7,0.30000000000000004,0.33640527725219727
mixture,dpm2_log,"DPM-2 + corrector, log sigma",50,0,7,0.4,0.44742351770401
mixture,dpm2_log,"DPM-2 + corrector, log sigma",50,0,7,0.5,0.5570746064186096
mixture,dpm2_log,"DPM-2 + corrector, log sigma",50,0,7,0.6000000000000001,0.6643935441970825
mixture,dpm2_log,"DPM-2 + corrector, log sigma",50,0,7,0.7000000000000001,0.7677536606788635
mixture,dpm2_log,"DPM-2 + corrector, log sigma",50,0,7,0.8,0.8642541170120239
mixture,dpm2_log,"DPM-2 + corrector, log sigma",50,0,7,0.9,0.9479984045028687
mixture,dpm2_log,"DPM-2 + corrector, log sigma",50,0,7,1.0,1.0
mixture,sigma_log_dpm,"Sigma-space DPM-1, log sigma",10,0,8,0.0,0.0
mixture,sigma_log_dpm,"Sigma-space DPM-1, log sigma",10,0,8,0.1,0.11752882599830627
mixture,sigma_log_dpm,"Sigma-space DPM-1, log sigma",10,0,8,0.2,0.23432183265686035
mixture,sigma_log_dpm,"Sigma-space DPM-1, log sigma",10,0,8,0.30000000000000004,0.34961509704589844
mixture,sigma_log_dpm,"Sigma-space DPM-1, log sigma",10,0,8,0.4,0.46258264780044556
mixture,sigma_log_dpm,"Sigma-space DPM-1, log sigma",10,0,8,0.5,0.5722861289978027
mixture,sigma_log_dpm,"Sigma-space DPM-1, log sigma",10,0,8,0.6000000000000001,0.6775925159454346
mixture,sigma_log_dpm,"Sigma-space DPM-1, log sigma",10,0,8,0.7000000000000001,0.7770121693611145
mixture,sigma_log_dpm,"Sigma-space DPM-1, log sigma",10,0,8,0.8,0.8683258891105652
mixture,sigma_log_dpm,"Sigma-space DPM-1, log sigma",10,0,8,0.9,0.9474322199821472
mixture,sigma_log_dpm,"Sigma-space DPM-1, log sigma",10,0,8,1.0,1.0
mixture,sigma_log_dpm,"Sigma-space DPM-1, log sigma",50,0,8,0.0,0.0
mixture,sigma_log_dpm,"Sigma-space DPM-1, log sigma",50,0,8,0.1,0.13295337557792664
mixture,sigma_log_dpm,"Sigma-space DPM-1, log sigma",50,0,8,0.2,0.26432210206985474
mixture,sigma_log_dpm,"Sigma-space DPM-1, log sigma",50,0,8,0.30000000000000004,0.39247310161590576
mixture,sigma_log_dpm,"Sigma-space DPM-1, log sigma",50,0,8,0.4,0.5156687498092651
mixture,sigma_log_dpm,"Sigma-space DPM-1, log sigma",50,0,8,0.5,0.6319893598556519
mixture,sigma_log_dpm,"Sigma-space DPM-1, log sigma",50,0,8,0.6000000000000001,0.7392154932022095
mixture,sigma_log_dpm,"Sigma-space DPM-1, log sigma",50,0,8,0.7000000000000001,0.8346236944198608
mixture,sigma_log_dpm,"Sigma-space DPM-1, log sigma",50,0,8,0.8,0.914581298828125
mixture,sigma_log_dpm,"Sigma-space DPM-1, log sigma",50,0,8,0.9,0.9735495448112488
mixture,sigma_log_dpm,"Sigma-space DPM-1, log sigma",50,0,8,1.0,1.0
mixture,dpm2_log,"DPM-2 + corrector, log sigma",10,0,8,0.0,0.0
mixture,dpm2_log,"DPM-2 + corrector, log sigma",10,0,8,0.1,0.13997401297092438
mixture,dpm2_log,"DPM-2 + corrector, log sigma",10,0,8,0.2,0.2778609097003937
mixture,dpm2_log,"DPM-2 + corrector, log sigma",10,0,8,0.30000000000000004,0.41152477264404297
mixture,dpm2_log,"DPM-2 + corrector, log sigma",10,0,8,0.4,0.5387265086174011
mixture,dpm2_log,"DPM-2 + corrector, log sigma",10,0,8,0.5,0.6570553779602051
mixture,dpm2_log,"DPM-2 + corrector, log sigma",10,0,8,0.6000000000000001,0.7638368606567383
mixture,dpm2_log,"DPM-2 + corrector, log sigma",10,0,8,0.7000000000000001,0.8559904098510742
mixture,dpm2_log,"DPM-2 + corrector, log sigma",10,0,8,0.8,0.9297841787338257
mixture,dpm2_log,"DPM-2 + corrector, log sigma",10,0,8,0.9,0.9803231954574585
mixture,dpm2_log,"DPM-2 + corrector, log sigma",10,0,8,1.0,1.0
mixture,dpm2_log,"DPM-2 + corrector, log sigma",50,0,8,0.0,0.0
mixture,dpm2_log,"DPM-2 + corrector, log sigma",50,0,8,0.1,0.13632990419864655
mixture,dpm2_log,"DPM-2 + corrector, log sigma",50,0,8,0.2,0.27077677845954895
mixture,dpm2_log,"DPM-2 + corrector, log sigma",50,0,8,0.30000000000000004,0.40141645073890686
mixture,dpm2_log,"DPM-2 + corrector, log sigma",50,0,8,0.4,0.5262377262115479
mixture,dpm2_log,"DPM-2 + corrector, log sigma",50,0,8,0.5,0.6430814862251282
mixture,dpm2_log,"DPM-2 + corrector, log sigma",50,0,8,0.6000000000000001,0.7495540380477905
mixture,dpm2_log,"DPM-2 + corrector, log sigma",50,0,8,0.7000000000000001,0.8428822159767151
mixture,dpm2_log,"DPM-2 + corrector, log sigma",50,0,8,0.8,0.9196375608444214
mixture,dpm2_log,"DPM-2 + corrector, log sigma",50,0,8,0.9,0.9750608801841736
mixture,dpm2_log,"DPM-2 + corrector, log sigma",50,0,8,1.0,1.0
mixture,sigma_log_dpm,"Sigma-space DPM-1, log sigma",10,0,9,0.0,0.0
mixture,sigma_log_dpm,"Sigma-space DPM-1, log sigma",10,0,9,0.1,0.14504556357860565
mixture,sigma_log_dpm,"Sigma-space DPM-1, log sigma",10,0,9,0.2,0.28755468130111694
mixture,sigma_log_dpm,"Sigma-space DPM-1, log sigma",10,0,9,0.30000000000000004,0.42495959997177124
mixture,sigma_log_dpm,"Sigma-space DPM-1, log sigma",10,0,9,0.4,0.5546280145645142
mixture,sigma_log_dpm,"Sigma-space DPM-1, log sigma",10,0,9,0.5,0.6738216876983643
mixture,sigma_log_dpm,"Sigma-space DPM-1, log sigma",10,0,9,0.6000000000000001,0.7796449661254883
mixture,sigma_log_dpm,"Sigma-space DPM-1, log sigma",10,0,9,0.7000000000000001,0.8689703941345215
mixture,sigma_log_dpm,"Sigma-space DPM-1, log sigma",10,0,9,0.8,0.9383232593536377
mixture,sigma_log_dpm,"Sigma-space DPM-1, log sigma",10,0,9,0.9,0.9836719036102295
mixture,sigma_log_dpm,"Sigma-space DPM-1, log sigma",10,0,9,1.0,1.0
mixture,sigma_log_dpm,"Sigma-space DPM-1, log sigma",50,0,9,0.0,0.0
mixture,sigma_log_dpm,"Sigma-space DPM-1, log sigma",50,0,9,0.1,0.14904463291168213
mixture,sigma_log_dpm,"Sigma-space DPM-1, log sigma",50,0,9,0.2,0.29518410563468933
mixture,sigma_log_dpm,"Sigma-space DPM-1, log sigma",50,0,9,0.30000000000000004,0.43549931049346924
mixture,sigma_log_dpm,"Sigma-space DPM-1, log sigma",50,0,9,0.4,0.5670439004898071
mixture,sigma_log_dpm,"Sigma-space DPM-1, log sigma",50,0,9,0.5,0.6868274211883545
mixture,sigma_log_dpm,"Sigma-space DPM-1, log sigma",50,0,9,0.6000000000000001,0.791799783706665
mixture,sigma_log_dpm,"Sigma-space DPM-1, log sigma",50,0,9,0.7000000000000001,0.8788325190544128
mixture,sigma_log_dpm,"Sigma-space DPM-1, log sigma",50,0,9,0.8,0.9447035789489746
mixture,sigma_log_dpm,"Sigma-space DPM-1, log sigma",50,0,9,0.9,0.9861105680465698
mixture,sigma_log_dpm,"Sigma-space DPM-1, log sigma",50,0,9,1.0,1.0
mixture,dpm2_log,"DPM-2 + corrector, log sigma",10,0,9,0.0,0.0
mixture,dpm2_log,"DPM-2 + corrector, log sigma",10,0,9,0.1,0.14896120131015778
mixture,dpm2_log,"DPM-2 + corrector, log sigma",10,0,9,0.2,0.29502901434898376
mixture,dpm2_log,"DPM-2 + corrector, log sigma",10,0,9,0.30000000000000004,0.4352947473526001
mixture,dpm2_log,"DPM-2 + corrector, log sigma",10,0,9,0.4,0.5668197870254517
mixture,dpm2_log,"DPM-2 + corrector, log sigma",10,0,9,0.5,0.6866174340248108
mixture,dpm2_log,"DPM-2 + corrector, log sigma",10,0,9,0.6000000000000001,0.791635274887085
mixture,dpm2_log,"DPM-2 + corrector, log sigma",10,0,9,0.7000000000000001,0.8787347674369812
mixture,dpm2_log,"DPM-2 + corrector, log sigma",10,0,9,0.8,0.9446740746498108
mixture,dpm2_log,"DPM-2 + corrector, log sigma",10,0,9,0.9,0.9861207604408264
mixture,dpm2_log,"DPM-2 + corrector, log sigma",10,0,9,1.0,1.0
mixture,dpm2_log,"DPM-2 + corrector, log sigma",50,0,9,0.0,0.0
mixture,dpm2_log,"DPM-2 + corrector, log sigma",50,0,9,0.1,0.13135778903961182
mixture,dpm2_log,"DPM-2 + corrector, log sigma",50,0,9,0.2,0.26118984818458557
mixture,dpm2_log,"DPM-2 + corrector, log sigma",50,0,9,0.30000000000000004,0.3879252076148987
mixture,dpm2_log,"DPM-2 + corrector, log sigma",50,0,9,0.4,0.509896993637085
mixture,dpm2_log,"DPM-2 + corrector, log sigma",50,0,9,0.5,0.6252729892730713
mixture,dpm2_log,"DPM-2 + corrector, log sigma",50,0,9,0.6000000000000001,0.7319536209106445
mixture,dpm2_log,"DPM-2 + corrector, log sigma",50,0,9,0.7000000000000001,0.8273972272872925
mixture,dpm2_log,"DPM-2 + corrector, log sigma",50,0,9,0.8,0.9082696437835693
mixture,dpm2_log,"DPM-2 + corrector, log sigma",50,0,9,0.9,0.969545841217041
mixture,dpm2_log,"DPM-2 + corrector, log sigma",50,0,9,1.0,1.0
mixture,sigma_log_dpm,"Sigma-space DPM-1, log sigma",10,0,10,0.0,0.0
mixture,sigma_log_dpm,"Sigma-space DPM-1, log sigma",10,0,10,0.1,0.13339421153068542
mixture,sigma_log_dpm,"Sigma-space DPM-1, log sigma",10,0,10,0.2,0.26516419649124146
mixture,sigma_log_dpm,"Sigma-space DPM-1, log sigma",10,0,10,0.30000000000000004,0.3936346173286438
mixture,sigma_log_dpm,"Sigma-space DPM-1, log sigma",10,0,10,0.4,0.5170214176177979
mixture,sigma_log_dpm,"Sigma-space DPM-1, log sigma",10,0,10,0.5,0.6333552002906799
mixture,sigma_log_dpm,"Sigma-space DPM-1, log sigma",10,0,10,0.6000000000000001,0.740371584892273
mixture,sigma_log_dpm,"Sigma-space DPM-1, log sigma",10,0,10,0.7000000000000001,0.8353284001350403
mixture,sigma_log_dpm,"Sigma-space DPM-1, log sigma",10,0,10,0.8,0.9146550297737122
mixture,sigma_log_dpm,"Sigma-space DPM-1, log sigma",10,0,10,0.9,0.9731014370918274
mixture,sigma_log_dpm,"Sigma-space DPM-1, log sigma",10,0,10,1.0,1.0
mixture,sigma_log_dpm,"Sigma-space DPM-1, log sigma",50,0,10,0.0,0.0
mixture,sigma_log_dpm,"Sigma-space DPM-1, log sigma",50,0,10,0.1,0.13251236081123352
mixture,sigma_log_dpm,"Sigma-space DPM-1, log sigma",50,0,10,0.2,0.26346227526664734
mixture,sigma_log_dpm,"Sigma-space DPM-1, log sigma",50,0,10,0.30000000000000004,0.3912363052368164
mixture,sigma_log_dpm,"Sigma-space DPM-1, log sigma",50,0,10,0.4,0.5141119956970215
mixture,sigma_log_dpm,"Sigma-space DPM-1, log sigma",50,0,10,0.5,0.6301802396774292
mixture,sigma_log_dpm,"Sigma-space DPM-1, log sigma",50,0,10,0.6000000000000001,0.7372338175773621
mixture,sigma_log_dpm,"Sigma-space DPM-1, log sigma",50,0,10,0.7000000000000001,0.8325778245925903
mixture,sigma_log_dpm,"Sigma-space DPM-1, log sigma",50,0,10,0.8,0.9126628637313843
mixture,sigma_log_dpm,"Sigma-space DPM-1, log sigma",50,0,10,0.9,0.9721807241439819
mixture,sigma_log_dpm,"Sigma-space DPM-1, log sigma",50,0,10,1.0,1.0
mixture,dpm2_log,"DPM-2 + corrector, log sigma",10,0,10,0.0,0.0
mixture,dpm2_log,"DPM-2 + corrector, log sigma",10,0,10,0.1,0.14205729961395264
mixture,dpm2_log,"DPM-2 + corrector, log sigma",10,0,10,0.2,0.28181254863739014
mixture,dpm2_log,"DPM-2 + corrector, log sigma",10,0,10,0.30000000000000004,0.41692787408828735
mixture,dpm2_log,"DPM-2 + corrector, log sigma",10,0,10,0.4,0.5449899435043335
mixture,dpm2_log,"DPM-2 + corrector, log sigma",10,0,10,0.5,0.6634601354598999
mixture,dpm2_log,"DPM-2 + corrector, log sigma",10,0,10,0.6000000000000001,0.7696072459220886
mixture,dpm2_log,"DPM-2 + corrector, log sigma",10,0,10,0.7000000000000001,0.8604035377502441
mixture,dpm2_log,"DPM-2 + corrector, log sigma",10,0,10,0.8,0.9323441982269287
mixture,dpm2_log,"DPM-2 + corrector, log sigma",10,0,10,0.9,0.9810590147972107
mixture,dpm2_log,"DPM-2 + corrector, log sigma",10,0,10,1.0,1.0
mixture,dpm2_log,"DPM-2 + corrector, log sigma",50,0,10,0.0,0.0
mixture,dpm2_log,"DPM-2 + corrector, log sigma",50,0,10,0.1,0.13181373476982117
mixture,dpm2_log,"DPM-2 + corrector, log sigma",50,0,10,0.2,0.2620718777179718
mixture,dpm2_log,"DPM-2 + corrector, log sigma",50,0,10,0.30000000000000004,0.3891739249229431
mixture,dpm2_log,"DPM-2 + corrector, log sigma",50,0,10,0.4,0.511422872543335
mixture,dpm2_log,"DPM-2 + corrector, log sigma",50,0,10,0.5,0.6269567608833313
mixture,dpm2_log,"DPM-2 + corrector, log sigma",50,0,10,0.6000000000000001,0.7336469888687134
mixture,dpm2_log,"DPM-2 + corrector, log sigma",50,0,10,0.7000000000000001,0.828924298286438
mixture,dpm2_log,"DPM-2 + corrector, log sigma",50,0,10,0.8,0.9094335436820984
mixture,dpm2_log,"DPM-2 + corrector, log sigma",50,0,10,0.9,0.9701497554779053
mixture,dpm2_log,"DPM-2 + corrector, log sigma",50,0,10,1.0,1.0
mixture,sigma_log_dpm,"Sigma-space DPM-1, log sigma",10,0,11,0.0,0.0
mixture,sigma_log_dpm,"Sigma-space DPM-1, log sigma",10,0,11,0.1,0.11202281713485718
mixture,sigma_log_dpm,"Sigma-space DPM-1, log sigma",10,0,11,0.2,0.2238168716430664
mixture,sigma_log_dpm,"Sigma-space DPM-1, log sigma",10,0,11,0.30000000000000004,0.33511728048324585
mixture,sigma_log_dpm,"Sigma-space DPM-1, log sigma",10,0,11,0.4,0.44557642936706543
mixture,sigma_log_dpm,"Sigma-space DPM-1, log sigma",10,0,11,0.5,0.5546882748603821
mixture,sigma_log_dpm,"Sigma-space DPM-1, log sigma",10,0,11,0.6000000000000001,0.6616514921188354
mixture,sigma_log_dpm,"Sigma-space DPM-1, log sigma",10,0,11,0.7000000000000001,0.7650893926620483
mixture,sigma_log_dpm,"Sigma-space DPM-1, log sigma",10,0,11,0.8,0.8623862862586975
mixture,sigma_log_dpm,"Sigma-space DPM-1, log sigma",10,0,11,0.9,0.9476871490478516
mixture,sigma_log_dpm,"Sigma-space DPM-1, log sigma",10,0,11,1.0,1.0
mixture,sigma_log_dpm,"Sigma-space DPM-1, log sigma",50,0,11,0.0,0.0
mixture,sigma_log_dpm,"Sigma-space DPM-1, log sigma",50,0,11,0.1,0.12281326949596405
mixture,sigma_log_dpm,"Sigma-space DPM-1, log sigma",50,0,11,0.2,0.24497154355049133
mixture,sigma_log_dpm,"Sigma-space DPM-1, log sigma",50,0,11,0.30000000000000004,0.36573344469070435
mixture,sigma_log_dpm,"Sigma-space DPM-1, log sigma",50,0,11,0.4,0.484169602394104
mixture,sigma_log_dpm,"Sigma-space DPM-1, log sigma",50,0,11,0.5,0.5990234613418579
mixture,sigma_log_dpm,"Sigma-space DPM-1, log sigma",50,0,11,0.6000000000000001,0.7085001468658447
mixture,sigma_log_dpm,"Sigma-space DPM-1, log sigma",50,0,11,0.7000000000000001,0.8099021911621094
mixture,sigma_log_dpm,"Sigma-space DPM-1, log sigma",50,0,11,0.8,0.8989213705062866
mixture,sigma_log_dpm,"Sigma-space DPM-1, log sigma",50,0,11,0.9,0.9679605960845947
mixture,sigma_log_dpm,"Sigma-space DPM-1, log sigma",50,0,11,1.0,1.0
mixture,dpm2_log,"DPM-2 + corrector, log sigma",10,0,11,0.0,0.0
mixture,dpm2_log,"DPM-2 + corrector, log sigma",10,0,11,0.1,0.13825155794620514
mixture,dpm2_log,"DPM-2 + corrector, log sigma",10,0,11,0.2,0.2744474709033966
mixture,dpm2_log,"DPM-2 + corrector, log sigma",10,0,11,0.30000000000000004,0.4065040349960327
mixture,dpm2_log,"DPM-2 + corrector, log sigma",10,0,11,0.4,0.532275915145874
mixture,dpm2_log,"DPM-2 + corrector, log sigma",10,0,11,0.5,0.6495077610015869
mixture,dpm2_log,"DPM-2 + corrector, log sigma",10,0,11,0.6000000000000001,0.755757212638855
mixture,dpm2_log,"DPM-2 + corrector, log sigma",10,0,11,0.7000000000000001,0.8482572436332703
mixture,dpm2_log,"DPM-2 + corrector, log sigma",10,0,11,0.8,0.9236334562301636
mixture,dpm2_log,"DPM-2 + corrector, log sigma",10,0,11,0.9,0.9771944284439087
mixture,dpm2_log,"DPM-2 + corrector, log sigma",10,0,11,1.0,1.0
mixture,dpm2_log,"DPM-2 + corrector, log sigma",50,0,11,0.0,0.0
mixture,dpm2_log,"DPM-2 + corrector, log sigma",50,0,11,0.1,0.1343168169260025
mixture,dpm2_log,"DPM-2 + corrector, log sigma",50,0,11,0.2,0.26691490411758423
mixture,dpm2_log,"DPM-2 + corrector, log sigma",50,0,11,0.30000000000000004,0.3960299491882324
mixture,dpm2_log,"DPM-2 + corrector, log sigma",50,0,11,0.4,0.5198009610176086
mixture,dpm2_log,"DPM-2 + corrector, log sigma",50,0,11,0.5,0.6362016201019287
mixture,dpm2_log,"DPM-2 + corrector, log sigma",50,0,11,0.6000000000000001,0.7429414391517639
mixture,dpm2_log,"DPM-2 + corrector, log sigma",50,0,11,0.7000000000000001,0.8372997641563416
mixture,dpm2_log,"DPM-2 + corrector, log sigma",50,0,11,0.8,0.9158039093017578
mixture,dpm2_log,"DPM-2 + corrector, log sigma",50,0,11,0.9,0.9734341502189636
mixture,dpm2_log,"DPM-2 + corrector, log sigma",50,0,11,1.0,1.0
mixture,sigma_log_dpm,"Sigma-space DPM-1, log sigma",10,0,12,0.0,0.0
mixture,sigma_log_dpm,"Sigma-space DPM-1, log sigma",10,0,12,0.1,0.10561251640319824
mixture,sigma_log_dpm,"Sigma-space DPM-1, log sigma",10,0,12,0.2,0.21112555265426636
mixture,sigma_log_dpm,"Sigma-space DPM-1, log sigma",10,0,12,0.30000000000000004,0.3164522051811218
mixture,sigma_log_dpm,"Sigma-space DPM-1, log sigma",10,0,12,0.4,0.42152488231658936
mixture,sigma_log_dpm,"Sigma-space DPM-1, log sigma",10,0,12,0.5,0.5262832641601562
mixture,sigma_log_dpm,"Sigma-space DPM-1, log sigma",10,0,12,0.6000000000000001,0.6306195259094238
mixture,sigma_log_dpm,"Sigma-space DPM-1, log sigma",10,0,12,0.7000000000000001,0.7342034578323364
mixture,sigma_log_dpm,"Sigma-space DPM-1, log sigma",10,0,12,0.8,0.8359426259994507
mixture,sigma_log_dpm,"Sigma-space DPM-1, log sigma",10,0,12,0.9,0.9319621324539185
mixture,sigma_log_dpm,"Sigma-space DPM-1, log sigma",10,0,12,1.0,1.0
mixture,sigma_log_dpm,"Sigma-space DPM-1, log sigma",50,0,12,0.0,0.0
mixture,sigma_log_dpm,"Sigma-space DPM-1, log sigma",50,0,12,0.1,0.10956625640392303
mixture,sigma_log_dpm,"Sigma-space DPM-1, log sigma",50,0,12,0.2,0.21901266276836395
mixture,sigma_log_dpm,"Sigma-space DPM-1, log sigma",50,0,12,0.30000000000000004,0.3282011151313782
mixture,sigma_log_dpm,"Sigma-space DPM-1, log sigma",50,0,12,0.4,0.43694567680358887
mixture,sigma_log_dpm,"Sigma-space DPM-1, log sigma",50,0,12,0.5,0.5449514389038086
mixture,sigma_log_dpm,"Sigma-space DPM-1, log sigma",50,0,12,0.6000000000000001,0.6516857147216797
mixture,sigma_log_dpm,"Sigma-space DPM-1, log sigma",50,0,12,0.7000000000000001,0.7560836672782898
mixture,sigma_log_dpm,"Sigma-space DPM-1, log sigma",50,0,12,0.8,0.8558055758476257
mixture,sigma_log_dpm,"Sigma-space DPM-1, log sigma",50,0,12,0.9,0.9449019432067871
mixture,sigma_log_dpm,"Sigma-space DPM-1, log sigma",50,0,12,1.0,1.0
mixture,dpm2_log,"DPM-2 + corrector, log sigma",10,0,12,0.0,0.0
mixture,dpm2_log,"DPM-2 + corrector, log sigma",10,0,12,0.1,0.13131925463676453
mixture,dpm2_log,"DPM-2 + corrector, log sigma",10,0,12,0.2,0.2611774206161499
mixture,dpm2_log,"DPM-2 + corrector, log sigma",10,0,12,0.30000000000000004,0.3880641460418701
mixture,dpm2_log,"DPM-2 + corrector, log sigma",10,0,12,0.4,0.5103625655174255
mixture,dpm2_log,"DPM-2 + corrector, log sigma",10,0,12,0.5,0.6262674331665039
mixture,dpm2_log,"DPM-2 + corrector, log sigma",10,0,12,0.6000000000000001,0.7336602210998535
mixture,dpm2_log,"DPM-2 + corrector, log sigma",10,0,12,0.7000000000000001,0.8298857808113098
mixture,dpm2_log,"DPM-2 + corrector, log sigma",10,0,12,0.8,0.9113039374351501
mixture,dpm2_log,"DPM-2 + corrector, log sigma",10,0,12,0.9,0.9721697568893433
mixture,dpm2_log,"DPM-2 + corrector, log sigma",10,0,12,1.0,1.0
mixture,dpm2_log,"DPM-2 + corrector, log sigma",50,0,12,0.0,0.0
mixture,dpm2_log,"DPM-2 + corrector, log sigma",50,0,12,0.1,0.13243193924427032
mixture,dpm2_log,"DPM-2 + corrector, log sigma",50,0,12,0.2,0.2633110284805298
mixture,dpm2_log,"DPM-2 + corrector, log sigma",50,0,12,0.30000000000000004,0.39103251695632935
mixture,dpm2_log,"DPM-2 + corrector, log sigma",50,0,12,0.4,0.5138815641403198
mixture,dpm2_log,"DPM-2 + corrector, log sigma",50,0,12,0.5,0.6299552917480469
mixture,dpm2_log,"DPM-2 + corrector, log sigma",50,0,12,0.6000000000000001,0.737048327922821
mixture,dpm2_log,"DPM-2 + corrector, log sigma",50,0,12,0.7000000000000001,0.8324626684188843
mixture,dpm2_log,"DPM-2 + corrector, log sigma",50,0,12,0.8,0.9126350283622742
mixture,dpm2_log,"DPM-2 + corrector, log sigma",50,0,12,0.9,0.9722214341163635
mixture,dpm2_log,"DPM-2 + corrector, log sigma",50,0,12,1.0,1.0
mixture,sigma_log_dpm,"Sigma-space DPM-1, log sigma",10,0,13,0.0,0.0
mixture,sigma_log_dpm,"Sigma-space DPM-1, log sigma",10,0,13,0.1,0.1270066350698471
mixture,sigma_log_dpm,"Sigma-space DPM-1, log sigma",10,0,13,0.2,0.25282323360443115
mixture,sigma_log_dpm,"Sigma-space DPM-1, log sigma",10,0,13,0.30000000000000004,0.37620851397514343
mixture,sigma_log_dpm,"Sigma-space DPM-1, log sigma",10,0,13,0.4,0.4958105683326721
mixture,sigma_log_dpm,"Sigma-space DPM-1, log sigma",10,0,13,0.5,0.6100856065750122
mixture,sigma_log_dpm,"Sigma-space DPM-1, log sigma",10,0,13,0.6000000000000001,0.7171763181686401
mixture,sigma_log_dpm,"Sigma-space DPM-1, log sigma",10,0,13,0.7000000000000001,0.8146976232528687
mixture,sigma_log_dpm,"Sigma-space DPM-1, log sigma",10,0,13,0.8,0.8993005752563477
mixture,sigma_log_dpm,"Sigma-space DPM-1, log sigma",10,0,13,0.9,0.9655301570892334
mixture,sigma_log_dpm,"Sigma-space DPM-1, log sigma",10,0,13,1.0,1.0
mixture,sigma_log_dpm,"Sigma-space DPM-1, log sigma",50,0,13,0.0,0.0
mixture,sigma_log_dpm,"Sigma-space DPM-1, log sigma",50,0,13,0.1,0.13934354484081268
mixture,sigma_log_dpm,"Sigma-space DPM-1, log sigma",50,0,13,0.2,0.27660849690437317
mixture,sigma_log_dpm,"Sigma-space DPM-1, log sigma",50,0,13,0.30000000000000004,0.4096733331680298
mixture,sigma_log_dpm,"Sigma-space DPM-1, log sigma",50,0,13,0.4,0.5363267064094543
mixture,sigma_log_dpm,"Sigma-space DPM-1, log sigma",50,0,13,0.5,0.6542060971260071
mixture,sigma_log_dpm,"Sigma-space DPM-1, log sigma",50,0,13,0.6000000000000001,0.7607145309448242
mixture,sigma_log_dpm,"Sigma-space DPM-1, log sigma",50,0,13,0.7000000000000001,0.8528883457183838
mixture,sigma_log_dpm,"Sigma-space DPM-1, log sigma",50,0,13,0.8,0.9271581172943115
mixture,sigma_log_dpm,"Sigma-space DPM-1, log sigma",50,0,13,0.9,0.9788141250610352
mixture,sigma_log_dpm,"Sigma-space DPM-1, log sigma",50,0,13,1.0,1.0
mixture,dpm2_log,"DPM-2 + corrector, log sigma",10,0,13,0.0,0.0
mixture,dpm2_log,"DPM-2 + corrector, log sigma",10,0,13,0.1,0.1367276906967163
mixture,dpm2_log,"DPM-2 + corrector, log sigma",10,0,13,0.2,0.27162420749664307
mixture,dpm2_log,"DPM-2 + corrector, log sigma",10,0,13,0.30000000000000004,0.4028036296367645
mixture,dpm2_log,"DPM-2 + corrector, log sigma",10,0,13,0.4,0.5282639265060425
mixture,dpm2_log,"DPM-2 + corrector, log sigma",10,0,13,0.5,0.6458091735839844
mixture,dpm2_log,"DPM-2 + corrector, log sigma",10,0,13,0.6000000000000001,0.7529392242431641
mixture,dpm2_log,"DPM-2 + corrector, log sigma",10,0,13,0.7000000000000001,0.8466785550117493
mixture,dpm2_log,"DPM-2 + corrector, log sigma",10,0,13,0.8,0.9232627153396606
mixture,dpm2_log,"DPM-2 + corrector, log sigma",10,0,13,0.9,0.9774442911148071
mixture,dpm2_log,"DPM-2 + corrector, log sigma",10,0,13,1.0,1.0
mixture,dpm2_log,"DPM-2 + corrector, log sigma",50,0,13,0.0,0.0
mixture,dpm2_log,"DPM-2 + corrector, log sigma",50,0,13,0.1,0.12785209715366364
mixture,dpm2_log,"DPM-2 + corrector, log sigma",50,0,13,0.2,0.25440725684165955
mixture,dpm2_log,"DPM-2 + corrector, log sigma",50,0,13,0.30000000000000004,0.3783239722251892
mixture,dpm2_log,"DPM-2 + corrector, log sigma",50,0,13,0.4,0.4981648921966553
mixture,dpm2_log,"DPM-2 + corrector, log sigma",50,0,13,0.5,0.6123266220092773
mixture,dpm2_log,"DPM-2 + corrector, log sigma",50,0,13,0.6000000000000001,0.7189344167709351
mixture,dpm2_log,"DPM-2 + corrector, log sigma",50,0,13,0.7000000000000001,0.8156553506851196
mixture,dpm2_log,"DPM-2 + corrector, log sigma",50,0,13,0.8,0.8993184566497803
mixture,dpm2_log,"DPM-2 + corrector, log sigma",50,0,13,0.9,0.9648969769477844
mixture,dpm2_log,"DPM-2 + corrector, log sigma",50,0,13,1.0,1.0
mixture,sigma_log_dpm,"Sigma-space DPM-1, log sigma",10,0,14,0.0,0.0
mixture,sigma_log_dpm,"Sigma-space DPM-1, log sigma",10,0,14,0.1,0.11317746341228485
mixture,sigma_log_dpm,"Sigma-space DPM-1, log sigma",10,0,14,0.2,0.22588950395584106
mixture,sigma_log_dpm,"Sigma-space DPM-1, log sigma",10,0,14,0.30000000000000004,0.33764219284057617
mixture,sigma_log_dpm,"Sigma-space DPM-1, log sigma",10,0,14,0.4,0.44787928462028503
mixture,sigma_log_dpm,"Sigma-space DPM-1, log sigma",10,0,14,0.5,0.5559307932853699
mixture,sigma_log_dpm,"Sigma-space DPM-1, log sigma",10,0,14,0.6000000000000001,0.6609299778938293
mixture,sigma_log_dpm,"Sigma-space DPM-1, log sigma",10,0,14,0.7000000000000001,0.7616488933563232
mixture,sigma_log_dpm,"Sigma-space DPM-1, log sigma",10,0,14,0.8,0.8561191558837891
mixture,sigma_log_dpm,"Sigma-space DPM-1, log sigma",10,0,14,0.9,0.9404532313346863
mixture,sigma_log_dpm,"Sigma-space DPM-1, log sigma",10,0,14,1.0,1.0
mixture,sigma_log_dpm,"Sigma-space DPM-1, log sigma",50,0,14,0.0,0.0
mixture,sigma_log_dpm,"Sigma-space DPM-1, log sigma",50,0,14,0.1,0.12514062225818634
mixture,sigma_log_dpm,"Sigma-space DPM-1, log sigma",50,0,14,0.2,0.2492387592792511
mixture,sigma_log_dpm,"Sigma-space DPM-1, log sigma",50,0,14,0.30000000000000004,0.371198832988739
mixture,sigma_log_dpm,"Sigma-space DPM-1, log sigma",50,0,14,0.4,0.48980963230133057
mixture,sigma_log_dpm,"Sigma-space DPM-1, log sigma",50,0,14,0.5,0.6036587953567505
mixture,sigma_log_dpm,"Sigma-space DPM-1, log sigma",50,0,14,0.6000000000000001,0.7109993696212769
mixture,sigma_log_dpm,"Sigma-space DPM-1, log sigma",50,0,14,0.7000000000000001,0.8095148205757141
mixture,sigma_log_dpm,"Sigma-space DPM-1, log sigma",50,0,14,0.8,0.8958286643028259
mixture,sigma_log_dpm,"Sigma-space DPM-1, log sigma",50,0,14,0.9,0.9642077684402466
mixture,sigma_log_dpm,"Sigma-space DPM-1, log sigma",50,0,14,1.0,1.0
mixture,dpm2_log,"DPM-2 + corrector, log sigma",10,0,14,0.0,0.0
mixture,dpm2_log,"DPM-2 + corrector, log sigma",10,0,14,0.1,0.13539186120033264
mixture,dpm2_log,"DPM-2 + corrector, log sigma",10,0,14,0.2,0.26911091804504395
mixture,dpm2_log,"DPM-2 + corrector, log sigma",10,0,14,0.30000000000000004,0.3994172513484955
mixture,dpm2_log,"DPM-2 + corrector, log sigma",10,0,14,0.4,0.5244286060333252
mixture,dpm2_log,"DPM-2 + corrector, log sigma",10,0,14,0.5,0.6420254707336426
mixture,dpm2_log,"DPM-2 + corrector, log sigma",10,0,14,0.6000000000000001,0.7497204542160034
mixture,dpm2_log,"DPM-2 + corrector, log sigma",10,0,14,0.7000000000000001,0.8444543480873108
mixture,dpm2_log,"DPM-2 + corrector, log sigma",10,0,14,0.8,0.9222368001937866
mixture,dpm2_log,"DPM-2 + corrector, log sigma",10,0,14,0.9,0.9773775935173035
mixture,dpm2_log,"DPM-2 + corrector, log sigma",10,0,14,1.0,1.0
mixture,dpm2_log,"DPM-2 + corrector, log sigma",50,0,14,0.0,0.0
mixture,dpm2_log,"DPM-2 + corrector, log sigma",50,0,14,0.1,0.12374693155288696
mixture,dpm2_log,"DPM-2 + corrector, log sigma",50,0,14,0.2,0.24645212292671204
mixture,dpm2_log,"DPM-2 + corrector, log sigma",50,0,14,0.30000000000000004,0.3670307993888855
mixture,dpm2_log,"DPM-2 + corrector, log sigma",50,0,14,0.4,0.48430657386779785
mixture,dpm2_log,"DPM-2 + corrector, log sigma",50,0,14,0.5,0.596941351890564
mixture,dpm2_log,"DPM-2 + corrector, log sigma",50,0,14,0.6000000000000001,0.7033298015594482
mixture,dpm2_log,"DPM-2 + corrector, log sigma",50,0,14,0.7000000000000001,0.8014079332351685
mixture,dpm2_log,"DPM-2 + corrector, log sigma",50,0,14,0.8,0.8882476091384888
mixture,dpm2_log,"DPM-2 + corrector, log sigma",50,0,14,0.9,0.9589383602142334
mixture,dpm2_log,"DPM-2 + corrector, log sigma",50,0,14,1.0,1.0
mixture,sigma_log_dpm,"Sigma-space DPM-1, log sigma",10,0,15,0.0,0.0
mixture,sigma_log_dpm,"Sigma-space DPM-1, log sigma",10,0,15,0.1,0.13582246005535126
mixture,sigma_log_dpm,"Sigma-space DPM-1, log sigma",10,0,15,0.2,0.2698347270488739
mixture,sigma_log_dpm,"Sigma-space DPM-1, log sigma",10,0,15,0.30000000000000004,0.4001796245574951
mixture,sigma_log_dpm,"Sigma-space DPM-1, log sigma",10,0,15,0.4,0.5248994827270508
mixture,sigma_log_dpm,"Sigma-space DPM-1, log sigma",10,0,15,0.5,0.6418668031692505
mixture,sigma_log_dpm,"Sigma-space DPM-1, log sigma",10,0,15,0.6000000000000001,0.7486847639083862
mixture,sigma_log_dpm,"Sigma-space DPM-1, log sigma",10,0,15,0.7000000000000001,0.8425241708755493
mixture,sigma_log_dpm,"Sigma-space DPM-1, log sigma",10,0,15,0.8,0.9198141694068909
mixture,sigma_log_dpm,"Sigma-space DPM-1, log sigma",10,0,15,0.9,0.9755074977874756
mixture,sigma_log_dpm,"Sigma-space DPM-1, log sigma",10,0,15,1.0,1.0
mixture,sigma_log_dpm,"Sigma-space DPM-1, log sigma",50,0,15,0.0,0.0
mixture,sigma_log_dpm,"Sigma-space DPM-1, log sigma",50,0,15,0.1,0.133106529712677
mixture,sigma_log_dpm,"Sigma-space DPM-1, log sigma",50,0,15,0.2,0.26460182666778564
mixture,sigma_log_dpm,"Sigma-space DPM-1, log sigma",50,0,15,0.30000000000000004,0.39282500743865967
mixture,sigma_log_dpm,"Sigma-space DPM-1, log sigma",50,0,15,0.4,0.5160095691680908
mixture,sigma_log_dpm,"Sigma-space DPM-1, log sigma",50,0,15,0.5,0.632207989692688
mixture,sigma_log_dpm,"Sigma-space DPM-1, log sigma",50,0,15,0.6000000000000001,0.7391839027404785
mixture,sigma_log_dpm,"Sigma-space DPM-1, log sigma",50,0,15,0.7000000000000001,0.834228515625
mixture,sigma_log_dpm,"Sigma-space DPM-1, log sigma",50,0,15,0.8,0.9138064384460449
mixture,sigma_log_dpm,"Sigma-space DPM-1, log sigma",50,0,15,0.9,0.9726818799972534
mixture,sigma_log_dpm,"Sigma-space DPM-1, log sigma",50,0,15,1.0,1.0
mixture,dpm2_log,"DPM-2 + corrector, log sigma",10,0,15,0.0,0.0
mixture,dpm2_log,"DPM-2 + corrector, log sigma",10,0,15,0.1,0.1435352861881256
mixture,dpm2_log,"DPM-2 + corrector, log sigma",10,0,15,0.2,0.28465014696121216
mixture,dpm2_log,"DPM-2 + corrector, log sigma",10,0,15,0.30000000000000004,0.4208909273147583
mixture,dpm2_log,"DPM-2 + corrector, log sigma",10,0,15,0.4,0.5497354865074158
mixture,dpm2_log,"DPM-2 + corrector, log sigma",10,0,15,0.5,0.6685472726821899
mixture,dpm2_log,"DPM-2 + corrector, log sigma",10,0,15,0.6000000000000001,0.7745173573493958
mixture,dpm2_log,"DPM-2 + corrector, log sigma",10,0,15,0.7000000000000001,0.8645750284194946
mixture,dpm2_log,"DPM-2 + corrector, log sigma",10,0,15,0.8,0.9352394342422485
mixture,dpm2_log,"DPM-2 + corrector, log sigma",10,0,15,0.9,0.982316255569458
mixture,dpm2_log,"DPM-2 + corrector, log sigma",10,0,15,1.0,1.0
mixture,dpm2_log,"DPM-2 + corrector, log sigma",50,0,15,0.0,0.0
mixture,dpm2_log,"DPM-2 + corrector, log sigma",50,0,15,0.1,0.12400330603122711
mixture,dpm2_log,"DPM-2 + corrector, log sigma",50,0,15,0.2,0.24694104492664337
mixture,dpm2_log,"DPM-2 + corrector, log sigma",50,0,15,0.30000000000000004,0.3677055835723877
mixture,dpm2_log,"DPM-2 + corrector, log sigma",50,0,15,0.4,0.48509901762008667
mixture,dpm2_log,"DPM-2 + corrector, log sigma",50,0,15,0.5,0.5977649688720703
mixture,dpm2_log,"DPM-2 + corrector, log sigma",50,0,15,0.6000000000000001,0.7040850520133972
mixture,dpm2_log,"DPM-2 + corrector, log sigma",50,0,15,0.7000000000000001,0.8019915819168091
mixture,dpm2_log,"DPM-2 + corrector, log sigma",50,0,15,0.8,0.8885736465454102
mixture,dpm2_log,"DPM-2 + corrector, log sigma",50,0,15,0.9,0.9589853882789612
mixture,dpm2_log,"DPM-2 + corrector, log sigma",50,0,15,1.0,1.0
mixture,sigma_log_dpm,"Sigma-space DPM-1, log sigma",10,1,0,0.0,0.0
mixture,sigma_log_dpm,"Sigma-space DPM-1, log sigma",10,1,0,0.1,0.12799647450447083
mixture,sigma_log_dpm,"Sigma-space DPM-1, log sigma",10,1,0,0.2,0.25495249032974243
mixture,sigma_log_dpm,"Sigma-space DPM-1, log sigma",10,1,0,0.30000000000000004,0.37973886728286743
mixture,sigma_log_dpm,"Sigma-space DPM-1, log sigma",10,1,0,0.4,0.5010376572608948
mixture,sigma_log_dpm,"Sigma-space DPM-1, log sigma",10,1,0,0.5,0.6172125339508057
mixture,sigma_log_dpm,"Sigma-space DPM-1, log sigma",10,1,0,0.6000000000000001,0.7261253595352173
mixture,sigma_log_dpm,"Sigma-space DPM-1, log sigma",10,1,0,0.7000000000000001,0.8248412013053894
mixture,sigma_log_dpm,"Sigma-space DPM-1, log sigma",10,1,0,0.8,0.9090863466262817
mixture,sigma_log_dpm,"Sigma-space DPM-1, log sigma",10,1,0,0.9,0.9720340967178345
mixture,sigma_log_dpm,"Sigma-space DPM-1, log sigma",10,1,0,1.0,1.0
mixture,sigma_log_dpm,"Sigma-space DPM-1, log sigma",50,1,0,0.0,0.0
mixture,sigma_log_dpm,"Sigma-space DPM-1, log sigma",50,1,0,0.1,0.12325939536094666
mixture,sigma_log_dpm,"Sigma-space DPM-1, log sigma",50,1,0,0.2,0.24570722877979279
mixture,sigma_log_dpm,"Sigma-space DPM-1, log sigma",50,1,0,0.30000000000000004,0.366460382938385
mixture,sigma_log_dpm,"Sigma-space DPM-1, log sigma",50,1,0,0.4,0.4844820499420166
mixture,sigma_log_dpm,"Sigma-space DPM-1, log sigma",50,1,0,0.5,0.5984704494476318
mixture,sigma_log_dpm,"Sigma-space DPM-1, log sigma",50,1,0,0.6000000000000001,0.7066932916641235
mixture,sigma_log_dpm,"Sigma-space DPM-1, log sigma",50,1,0,0.7000000000000001,0.8067026138305664
mixture,sigma_log_dpm,"Sigma-space DPM-1, log sigma",50,1,0,0.8,0.894768238067627
mixture,sigma_log_dpm,"Sigma-space DPM-1, log sigma",50,1,0,0.9,0.9644478559494019
mixture,sigma_log_dpm,"Sigma-space DPM-1, log sigma",50,1,0,1.0,1.0
mixture,dpm2_log,"DPM-2 + corrector, log sigma",10,1,0,0.0,0.0
mixture,dpm2_log,"DPM-2 + corrector, log sigma",10,1,0,0.1,0.1387433111667633
mixture,dpm2_log,"DPM-2 + corrector, log sigma",10,1,0,0.2,0.27556613087654114
mixture,dpm2_log,"DPM-2 + corrector, log sigma",10,1,0,0.30000000000000004,0.40848177671432495
mixture,dpm2_log,"DPM-2 + corrector, log sigma",10,1,0,0.4,0.5353657007217407
mixture,dpm2_log,"DPM-2 + corrector, log sigma",10,1,0,0.5,0.6538662910461426
mixture,dpm2_log,"DPM-2 + corrector, log sigma",10,1,0,0.6000000000000001,0.7612887024879456
mixture,dpm2_log,"DPM-2 + corrector, log sigma",10,1,0,0.7000000000000001,0.8544226884841919
mixture,dpm2_log,"DPM-2 + corrector, log sigma",10,1,0,0.8,0.9292615652084351
mixture,dpm2_log,"DPM-2 + corrector, log sigma",10,1,0,0.9,0.9804615378379822
mixture,dpm2_log,"DPM-2 + corrector, log sigma",10,1,0,1.0,1.0
mixture,dpm2_log,"DPM-2 + corrector, log sigma",50,1,0,0.0,0.0
mixture,dpm2_log,"DPM-2 + corrector, log sigma",50,1,0,0.1,0.13312217593193054
mixture,dpm2_log,"DPM-2 + corrector, log sigma",50,1,0,0.2,0.26460152864456177
mixture,dpm2_log,"DPM-2 + corrector, log sigma",50,1,0,0.30000000000000004,0.39275020360946655
mixture,dpm2_log,"DPM-2 + corrector, log sigma",50,1,0,0.4,0.5157843828201294
mixture,dpm2_log,"DPM-2 + corrector, log sigma",50,1,0,0.5,0.6317558288574219
mixture,dpm2_log,"DPM-2 + corrector, log sigma",50,1,0,0.6000000000000001,0.7384526133537292
mixture,dpm2_log,"DPM-2 + corrector, log sigma",50,1,0,0.7000000000000001,0.8332298994064331
mixture,dpm2_log,"DPM-2 + corrector, log sigma",50,1,0,0.8,0.9126796126365662
mixture,dpm2_log,"DPM-2 + corrector, log sigma",50,1,0,0.9,0.9717965722084045
mixture,dpm2_log,"DPM-2 + corrector, log sigma",50,1,0,1.0,1.0
mixture,sigma_log_dpm,"Sigma-space DPM-1, log sigma",10,1,1,0.0,0.0
mixture,sigma_log_dpm,"Sigma-space DPM-1, log sigma",10,1,1,0.1,0.10484488308429718
mixture,sigma_log_dpm,"Sigma-space DPM-1, log sigma",10,1,1,0.2,0.20983290672302246
mixture,sigma_log_dpm,"Sigma-space DPM-1, log sigma",10,1,1,0.30000000000000004,0.31508487462997437
mixture,sigma_log_dpm,"Sigma-space DPM-1, log sigma",10,1,1,0.4,0.4206676781177521
mixture,sigma_log_dpm,"Sigma-space DPM-1, log sigma",10,1,1,0.5,0.526537299156189
mixture,sigma_log_dpm,"Sigma-space DPM-1, log sigma",10,1,1,0.6000000000000001,0.632426381111145
mixture,sigma_log_dpm,"Sigma-space DPM-1, log sigma",10,1,1,0.7000000000000001,0.7375940084457397
mixture,sigma_log_dpm,"Sigma-space DPM-1, log sigma",10,1,1,0.8,0.8401906490325928
mixture,sigma_log_dpm,"Sigma-space DPM-1, log sigma",10,1,1,0.9,0.9351810216903687
mixture,sigma_log_dpm,"Sigma-space DPM-1, log sigma",10,1,1,1.0,1.0
mixture,sigma_log_dpm,"Sigma-space DPM-1, log sigma",50,1,1,0.0,0.0
mixture,sigma_log_dpm,"Sigma-space DPM-1, log sigma",50,1,1,0.1,0.1205548346042633
mixture,sigma_log_dpm,"Sigma-space DPM-1, log sigma",50,1,1,0.2,0.2404937446117401
mixture,sigma_log_dpm,"Sigma-space DPM-1, log sigma",50,1,1,0.30000000000000004,0.35913801193237305
mixture,sigma_log_dpm,"Sigma-space DPM-1, log sigma",50,1,1,0.4,0.4756699204444885
mixture,sigma_log_dpm,"Sigma-space DPM-1, log sigma",50,1,1,0.5,0.5890194773674011
mixture,sigma_log_dpm,"Sigma-space DPM-1, log sigma",50,1,1,0.6000000000000001,0.6976804137229919
mixture,sigma_log_dpm,"Sigma-space DPM-1, log sigma",50,1,1,0.7000000000000001,0.7993677258491516
mixture,sigma_log_dpm,"Sigma-space DPM-1, log sigma",50,1,1,0.8,0.890299916267395
mixture,sigma_log_dpm,"Sigma-space DPM-1, log sigma",50,1,1,0.9,0.963337779045105
mixture,sigma_log_dpm,"Sigma-space DPM-1, log sigma",50,1,1,1.0,1.0
mixture,dpm2_log,"DPM-2 + corrector, log sigma",10,1,1,0.0,0.0
mixture,dpm2_log,"DPM-2 + corrector, log sigma",10,1,1,0.1,0.130855992436409
mixture,dpm2_log,"DPM-2 + corrector, log sigma",10,1,1,0.2,0.26053178310394287
mixture,dpm2_log,"DPM-2 + corrector, log sigma",10,1,1,0.30000000000000004,0.38774579763412476
mixture,dpm2_log,"DPM-2 + corrector, log sigma",10,1,1,0.4,0.5110030174255371
mixture,dpm2_log,"DPM-2 + corrector, log sigma",10,1,1,0.5,0.6284536123275757
mixture,dpm2_log,"DPM-2 + corrector, log sigma",10,1,1,0.6000000000000001,0.7377004027366638
mixture,dpm2_log,"DPM-2 + corrector, log sigma",10,1,1,0.7000000000000001,0.8355062007904053
mixture,dpm2_log,"DPM-2 + corrector, log sigma",10,1,1,0.8,0.9172919988632202
mixture,dpm2_log,"DPM-2 + corrector, log sigma",10,1,1,0.9,0.9761276245117188
mixture,dpm2_log,"DPM-2 + corrector, log sigma",10,1,1,1.0,1.0
mixture,dpm2_log,"DPM-2 + corrector, log sigma",50,1,1,0.0,0.0
mixture,dpm2_log,"DPM-2 + corrector, log sigma",50,1,1,0.1,0.13126902282238007
mixture,dpm2_log,"DPM-2 + corrector, log sigma",50,1,1,0.2,0.2610613703727722
mixture,dpm2_log,"DPM-2 + corrector, log sigma",50,1,1,0.30000000000000004,0.3878490924835205
mixture,dpm2_log,"DPM-2 + corrector, log sigma",50,1,1,0.4,0.509994387626648
mixture,dpm2_log,"DPM-2 + corrector, log sigma",50,1,1,0.5,0.62567138671875
mixture,dpm2_log,"DPM-2 + corrector, log sigma",50,1,1,0.6000000000000001,0.7327507734298706
mixture,dpm2_log,"DPM-2 + corrector, log sigma",50,1,1,0.7000000000000001,0.8286048769950867
mixture,dpm2_log,"DPM-2 + corrector, log sigma",50,1,1,0.8,0.9097222089767456
mixture,dpm2_log,"DPM-2 + corrector, log sigma",50,1,1,0.9,0.9707450270652771
mixture,dpm2_log,"DPM-2 + corrector, log sigma",50,1,1,1.0,1.0
mixture,sigma_log_dpm,"Sigma-space DPM-1, log sigma",10,1,2,0.0,0.0
mixture,sigma_log_dpm,"Sigma-space DPM-1, log sigma",10,1,2,0.1,0.11433225870132446
mixture,sigma_log_dpm,"Sigma-space DPM-1, log sigma",10,1,2,0.2,0.22844091057777405
mixture,sigma_log_dpm,"Sigma-space DPM-1, log sigma",10,1,2,0.30000000000000004,0.34203219413757324
mixture,sigma_log_dpm,"Sigma-space DPM-1, log sigma",10,1,2,0.4,0.45465996861457825
mixture,sigma_log_dpm,"Sigma-space DPM-1, log sigma",10,1,2,0.5,0.5656137466430664
mixture,sigma_log_dpm,"Sigma-space DPM-1, log sigma",10,1,2,0.6000000000000001,0.6737438440322876
mixture,sigma_log_dpm,"Sigma-space DPM-1, log sigma",10,1,2,0.7000000000000001,0.777148962020874
mixture,sigma_log_dpm,"Sigma-space DPM-1, log sigma",10,1,2,0.8,0.8725167512893677
mixture,sigma_log_dpm,"Sigma-space DPM-1, log sigma",10,1,2,0.9,0.9533164501190186
mixture,sigma_log_dpm,"Sigma-space DPM-1, log sigma",10,1,2,1.0,1.0
mixture,sigma_log_dpm,"Sigma-space DPM-1, log sigma",50,1,2,0.0,0.0
mixture,sigma_log_dpm,"Sigma-space DPM-1, log sigma",50,1,2,0.1,0.12870141863822937
mixture,sigma_log_dpm,"Sigma-space DPM-1, log sigma",50,1,2,0.2,0.25624948740005493
mixture,sigma_log_dpm,"Sigma-space DPM-1, log sigma",50,1,2,0.30000000000000004,0.38141313195228577
mixture,sigma_log_dpm,"Sigma-space DPM-1, log sigma",50,1,2,0.4,0.5027972459793091
mixture,sigma_log_dpm,"Sigma-space DPM-1, log sigma",50,1,2,0.5,0.618729829788208
mixture,sigma_log_dpm,"Sigma-space DPM-1, log sigma",50,1,2,0.6000000000000001,0.7271009683609009
mixture,sigma_log_dpm,"Sigma-space DPM-1, log sigma",50,1,2,0.7000000000000001,0.8250986933708191
mixture,sigma_log_dpm,"Sigma-space DPM-1, log sigma",50,1,2,0.8,0.9087069034576416
mixture,sigma_log_dpm,"Sigma-space DPM-1, log sigma",50,1,2,0.9,0.971510648727417
mixture,sigma_log_dpm,"Sigma-space DPM-1, log sigma",50,1,2,1.0,1.0
mixture,dpm2_log,"DPM-2 + corrector, log sigma",10,1,2,0.0,0.0
mixture,dpm2_log,"DPM-2 + corrector, log sigma",10,1,2,0.1,0.1468634158372879
mixture,dpm2_log,"DPM-2 + corrector, log sigma",10,1,2,0.2,0.2909373342990875
mixture,dpm2_log,"DPM-2 + corrector, log sigma",10,1,2,0.30000000000000004,0.42943108081817627
mixture,dpm2_log,"DPM-2 + corrector, log sigma",10,1,2,0.4,0.5595496892929077
mixture,dpm2_log,"DPM-2 + corrector, log sigma",10,1,2,0.5,0.6784840822219849
mixture,dpm2_log,"DPM-2 + corrector, log sigma",10,1,2,0.6000000000000001,0.783393383026123
mixture,dpm2_log,"DPM-2 + corrector, log sigma",10,1,2,0.7000000000000001,0.8713619709014893
mixture,dpm2_log,"DPM-2 + corrector, log sigma",10,1,2,0.8,0.9393063187599182
mixture,dpm2_log,"DPM-2 + corrector, log sigma",10,1,2,0.9,0.9837417006492615
mixture,dpm2_log,"DPM-2 + corrector, log sigma",10,1,2,1.0,1.0
mixture,dpm2_log,"DPM-2 + corrector, log sigma",50,1,2,0.0,0.0
mixture,dpm2_log,"DPM-2 + corrector, log sigma",50,1,2,0.1,0.14675362408161163
mixture,dpm2_log,"DPM-2 + corrector, log sigma",50,1,2,0.2,0.290790855884552
mixture,dpm2_log,"DPM-2 + corrector, log sigma",50,1,2,0.30000000000000004,0.4293755292892456
mixture,dpm2_log,"DPM-2 + corrector, log sigma",50,1,2,0.4,0.5597330331802368
mixture,dpm2_log,"DPM-2 + corrector, log sigma",50,1,2,0.5,0.6790235638618469
mixture,dpm2_log,"DPM-2 + corrector, log sigma",50,1,2,0.6000000000000001,0.7843123078346252
mixture,dpm2_log,"DPM-2 + corrector, log sigma",50,1,2,0.7000000000000001,0.8725261092185974
mixture,dpm2_log,"DPM-2 + corrector, log sigma",50,1,2,0.8,0.940385103225708
mixture,dpm2_log,"DPM-2 + corrector, log sigma",50,1,2,0.9,0.9842820167541504
mixture,dpm2_log,"DPM-2 + corrector, log sigma",50,1,2,1.0,1.0
mixture,sigma_log_dpm,"Sigma-space DPM-1, log sigma",10,1,3,0.0,0.0
mixture,sigma_log_dpm,"Sigma-space DPM-1, log sigma",10,1,3,0.1,0.05823980271816254
mixture,sigma_log_dpm,"Sigma-space DPM-1, log sigma",10,1,3,0.2,0.11922137439250946
mixture,sigma_log_dpm,"Sigma-space DPM-1, log sigma",10,1,3,0.30000000000000004,0.18573053181171417
mixture,sigma_log_dpm,"Sigma-space DPM-1, log sigma",10,1,3,0.4,0.260637491941452
mixture,sigma_log_dpm,"Sigma-space DPM-1, log sigma",10,1,3,0.5,0.34692007303237915
mixture,sigma_log_dpm,"Sigma-space DPM-1, log sigma",10,1,3,0.6000000000000001,0.4476422369480133
mixture,sigma_log_dpm,"Sigma-space DPM-1, log sigma",10,1,3,0.7000000000000001,0.5657914876937866
mixture,sigma_log_dpm,"Sigma-space DPM-1, log sigma",10,1,3,0.8,0.7036231160163879
mixture,sigma_log_dpm,"Sigma-space DPM-1, log sigma",10,1,3,0.9,0.859746515750885
mixture,sigma_log_dpm,"Sigma-space DPM-1, log sigma",10,1,3,1.0,1.0
mixture,sigma_log_dpm,"Sigma-space DPM-1, log sigma",50,1,3,0.0,0.0
mixture,sigma_log_dpm,"Sigma-space DPM-1, log sigma",50,1,3,0.1,0.07502751052379608
mixture,sigma_log_dpm,"Sigma-space DPM-1, log sigma",50,1,3,0.2,0.15274351835250854
mixture,sigma_log_dpm,"Sigma-space DPM-1, log sigma",50,1,3,0.30000000000000004,0.2357611060142517
mixture,sigma_log_dpm,"Sigma-space DPM-1, log sigma",50,1,3,0.4,0.3265126943588257
mixture,sigma_log_dpm,"Sigma-space DPM-1, log sigma",50,1,3,0.5,0.4270668625831604
mixture,sigma_log_dpm,"Sigma-space DPM-1, log sigma",50,1,3,0.6000000000000001,0.5387803316116333
mixture,sigma_log_dpm,"Sigma-space DPM-1, log sigma",50,1,3,0.7000000000000001,0.6615711450576782
mixture,sigma_log_dpm,"Sigma-space DPM-1, log sigma",50,1,3,0.8,0.7922215461730957
mixture,sigma_log_dpm,"Sigma-space DPM-1, log sigma",50,1,3,0.9,0.9195058941841125
mixture,sigma_log_dpm,"Sigma-space DPM-1, log sigma",50,1,3,1.0,1.0
mixture,dpm2_log,"DPM-2 + corrector, log sigma",10,1,3,0.0,0.0
mixture,dpm2_log,"DPM-2 + corrector, log sigma",10,1,3,0.1,0.09728358685970306
mixture,dpm2_log,"DPM-2 + corrector, log sigma",10,1,3,0.2,0.1968735307455063
mixture,dpm2_log,"DPM-2 + corrector, log sigma",10,1,3,0.30000000000000004,0.30075740814208984
mixture,dpm2_log,"DPM-2 + corrector, log sigma",10,1,3,0.4,0.41024619340896606
mixture,dpm2_log,"DPM-2 + corrector, log sigma",10,1,3,0.5,0.5255270004272461
mixture,dpm2_log,"DPM-2 + corrector, log sigma",10,1,3,0.6000000000000001,0.6450494527816772
mixture,dpm2_log,"DPM-2 + corrector, log sigma",10,1,3,0.7000000000000001,0.7646083831787109
mixture,dpm2_log,"DPM-2 + corrector, log sigma",10,1,3,0.8,0.8758389949798584
mixture,dpm2_log,"DPM-2 + corrector, log sigma",10,1,3,0.9,0.9634629487991333
mixture,dpm2_log,"DPM-2 + corrector, log sigma",10,1,3,1.0,1.0
mixture,dpm2_log,"DPM-2 + corrector, log sigma",50,1,3,0.0,0.0
mixture,dpm2_log,"DPM-2 + corrector, log sigma",50,1,3,0.1,0.10005123913288116
mixture,dpm2_log,"DPM-2 + corrector, log sigma",50,1,3,0.2,0.20069670677185059
mixture,dpm2_log,"DPM-2 + corrector, log sigma",50,1,3,0.30000000000000004,0.3024808168411255
mixture,dpm2_log,"DPM-2 + corrector, log sigma",50,1,3,0.4,0.4058369994163513
mixture,dpm2_log,"DPM-2 + corrector, log sigma",50,1,3,0.5,0.5109943151473999
mixture,dpm2_log,"DPM-2 + corrector, log sigma",50,1,3,0.6000000000000001,0.6178198456764221
mixture,dpm2_log,"DPM-2 + corrector, log sigma",50,1,3,0.7000000000000001,0.7255057096481323
mixture,dpm2_log,"DPM-2 + corrector, log sigma",50,1,3,0.8,0.8318518400192261
mixture,dpm2_log,"DPM-2 + corrector, log sigma",50,1,3,0.9,0.9311065077781677
mixture,dpm2_log,"DPM-2 + corrector, log sigma",50,1,3,1.0,1.0
mixture,sigma_log_dpm,"Sigma-space DPM-1, log sigma",10,1,4,0.0,0.0
mixture,sigma_log_dpm,"Sigma-space DPM-1, log sigma",10,1,4,0.1,0.06254170835018158
mixture,sigma_log_dpm,"Sigma-space DPM-1, log sigma",10,1,4,0.2,0.1271062195301056
mixture,sigma_log_dpm,"Sigma-space DPM-1, log sigma",10,1,4,0.30000000000000004,0.19580769538879395
mixture,sigma_log_dpm,"Sigma-space DPM-1, log sigma",10,1,4,0.4,0.2709506154060364
mixture,sigma_log_dpm,"Sigma-space DPM-1, log sigma",10,1,4,0.5,0.3551400303840637
mixture,sigma_log_dpm,"Sigma-space DPM-1, log sigma",10,1,4,0.6000000000000001,0.45140597224235535
mixture,sigma_log_dpm,"Sigma-space DPM-1, log sigma",10,1,4,0.7000000000000001,0.5633077025413513
mixture,sigma_log_dpm,"Sigma-space DPM-1, log sigma",10,1,4,0.8,0.694828987121582
mixture,sigma_log_dpm,"Sigma-space DPM-1, log sigma",10,1,4,0.9,0.8487738966941833
mixture,sigma_log_dpm,"Sigma-space DPM-1, log sigma",10,1,4,1.0,1.0
mixture,sigma_log_dpm,"Sigma-space DPM-1, log sigma",50,1,4,0.0,0.0
mixture,sigma_log_dpm,"Sigma-space DPM-1, log sigma",50,1,4,0.1,0.07444798946380615
mixture,sigma_log_dpm,"Sigma-space DPM-1, log sigma",50,1,4,0.2,0.15070438385009766
mixture,sigma_log_dpm,"Sigma-space DPM-1, log sigma",50,1,4,0.30000000000000004,0.23060178756713867
mixture,sigma_log_dpm,"Sigma-space DPM-1, log sigma",50,1,4,0.4,0.31601858139038086
mixture,sigma_log_dpm,"Sigma-space DPM-1, log sigma",50,1,4,0.5,0.4088847041130066
mixture,sigma_log_dpm,"Sigma-space DPM-1, log sigma",50,1,4,0.6000000000000001,0.5111488103866577
mixture,sigma_log_dpm,"Sigma-space DPM-1, log sigma",50,1,4,0.7000000000000001,0.6246185302734375
mixture,sigma_log_dpm,"Sigma-space DPM-1, log sigma",50,1,4,0.8,0.7503563761711121
mixture,sigma_log_dpm,"Sigma-space DPM-1, log sigma",50,1,4,0.9,0.8860174417495728
mixture,sigma_log_dpm,"Sigma-space DPM-1, log sigma",50,1,4,1.0,1.0
mixture,dpm2_log,"DPM-2 + corrector, log sigma",10,1,4,0.0,0.0
mixture,dpm2_log,"DPM-2 + corrector, log sigma",10,1,4,0.1,0.08531738817691803
mixture,dpm2_log,"DPM-2 + corrector, log sigma",10,1,4,0.2,0.17230944335460663
mixture,dpm2_log,"DPM-2 + corrector, log sigma",10,1,4,0.30000000000000004,0.2626017928123474
mixture,dpm2_log,"DPM-2 + corrector, log sigma",10,1,4,0.4,0.3577054440975189
mixture,dpm2_log,"DPM-2 + corrector, log sigma",10,1,4,0.5,0.4589027166366577
mixture,dpm2_log,"DPM-2 + corrector, log sigma",10,1,4,0.6000000000000001,0.567034125328064
mixture,dpm2_log,"DPM-2 + corrector, log sigma",10,1,4,0.7000000000000001,0.6820428371429443
mixture,dpm2_log,"DPM-2 + corrector, log sigma",10,1,4,0.8,0.8018726110458374
mixture,dpm2_log,"DPM-2 + corrector, log sigma",10,1,4,0.9,0.9190663695335388
mixture,dpm2_log,"DPM-2 + corrector, log sigma",10,1,4,1.0,1.0
mixture,dpm2_log,"DPM-2 + corrector, log sigma",50,1,4,0.0,0.0
mixture,dpm2_log,"DPM-2 + corrector, log sigma",50,1,4,0.1,0.09416161477565765
mixture,dpm2_log,"DPM-2 + corrector, log sigma",50,1,4,0.2,0.18906031548976898
mixture,dpm2_log,"DPM-2 + corrector, log sigma",50,1,4,0.30000000000000004,0.28541213274002075
mixture,dpm2_log,"DPM-2 + corrector, log sigma",50,1,4,0.4,0.3838837146759033
mixture,dpm2_log,"DPM-2 + corrector, log sigma",50,1,4,0.5,0.48504334688186646
mixture,dpm2_log,"DPM-2 + corrector, log sigma",50,1,4,0.6000000000000001,0.5892678499221802
mixture,dpm2_log,"DPM-2 + corrector, log sigma",50,1,4,0.7000000000000001,0.6965394616127014
mixture,dpm2_log,"DPM-2 + corrector, log sigma",50,1,4,0.8,0.8059268593788147
mixture,dpm2_log,"DPM-2 + corrector, log sigma",50,1,4,0.9,0.9138429760932922
mixture,dpm2_log,"DPM-2 + corrector, log sigma",50,1,4,1.0,1.0
mixture,sigma_log_dpm,"Sigma-space DPM-1, log sigma",10,1,5,0.0,0.0
mixture,sigma_log_dpm,"Sigma-space DPM-1, log sigma",10,1,5,0.1,0.10636067390441895
mixture,sigma_log_dpm,"Sigma-space DPM-1, log sigma",10,1,5,0.2,0.21266093850135803
mixture,sigma_log_dpm,"Sigma-space DPM-1, log sigma",10,1,5,0.30000000000000004,0.3188256025314331
mixture,sigma_log_dpm,"Sigma-space DPM-1, log sigma",10,1,5,0.4,0.42474365234375
mixture,sigma_log_dpm,"Sigma-space DPM-1, log sigma",10,1,5,0.5,0.5302292704582214
mixture,sigma_log_dpm,"Sigma-space DPM-1, log sigma",10,1,5,0.6000000000000001,0.6349443197250366
mixture,sigma_log_dpm,"Sigma-space DPM-1, log sigma",10,1,5,0.7000000000000001,0.7382208108901978
mixture,sigma_log_dpm,"Sigma-space DPM-1, log sigma",10,1,5,0.8,0.8385945558547974
mixture,sigma_log_dpm,"Sigma-space DPM-1, log sigma",10,1,5,0.9,0.9321978092193604
mixture,sigma_log_dpm,"Sigma-space DPM-1, log sigma",10,1,5,1.0,1.0
mixture,sigma_log_dpm,"Sigma-space DPM-1, log sigma",50,1,5,0.0,0.0
mixture,sigma_log_dpm,"Sigma-space DPM-1, log sigma",50,1,5,0.1,0.1209668219089508
mixture,sigma_log_dpm,"Sigma-space DPM-1, log sigma",50,1,5,0.2,0.2411680817604065
mixture,sigma_log_dpm,"Sigma-space DPM-1, log sigma",50,1,5,0.30000000000000004,0.35978808999061584
mixture,sigma_log_dpm,"Sigma-space DPM-1, log sigma",50,1,5,0.4,0.4759018123149872
mixture,sigma_log_dpm,"Sigma-space DPM-1, log sigma",50,1,5,0.5,0.5883874893188477
mixture,sigma_log_dpm,"Sigma-space DPM-1, log sigma",50,1,5,0.6000000000000001,0.695787250995636
mixture,sigma_log_dpm,"Sigma-space DPM-1, log sigma",50,1,5,0.7000000000000001,0.7960463762283325
mixture,sigma_log_dpm,"Sigma-space DPM-1, log sigma",50,1,5,0.8,0.8859493732452393
mixture,sigma_log_dpm,"Sigma-space DPM-1, log sigma",50,1,5,0.9,0.959560751914978
mixture,sigma_log_dpm,"Sigma-space DPM-1, log sigma",50,1,5,1.0,1.0
mixture,dpm2_log,"DPM-2 + corrector, log sigma",10,1,5,0.0,0.0
mixture,dpm2_log,"DPM-2 + corrector, log sigma",10,1,5,0.1,0.13383182883262634
mixture,dpm2_log,"DPM-2 + corrector, log sigma",10,1,5,0.2,0.2661999762058258
mixture,dpm2_log,"DPM-2 + corrector, log sigma",10,1,5,0.30000000000000004,0.39555424451828003
mixture,dpm2_log,"DPM-2 + corrector, log sigma",10,1,5,0.4,0.5201622843742371
mixture,dpm2_log,"DPM-2 + corrector, log sigma",10,1,5,0.5,0.6379889249801636
mixture,dpm2_log,"DPM-2 + corrector, log sigma",10,1,5,0.6000000000000001,0.7465330362319946
mixture,dpm2_log,"DPM-2 + corrector, log sigma",10,1,5,0.7000000000000001,0.8425780534744263
mixture,dpm2_log,"DPM-2 + corrector, log sigma",10,1,5,0.8,0.9217692613601685
mixture,dpm2_log,"DPM-2 + corrector, log sigma",10,1,5,0.9,0.9777652025222778
mixture,dpm2_log,"DPM-2 + corrector, log sigma",10,1,5,1.0,1.0
mixture,dpm2_log,"DPM-2 + corrector, log sigma",50,1,5,0.0,0.0
mixture,dpm2_log,"DPM-2 + corrector, log sigma",50,1,5,0.1,0.1321949064731598
mixture,dpm2_log,"DPM-2 + corrector, log sigma",50,1,5,0.2,0.26282799243927
mixture,dpm2_log,"DPM-2 + corrector, log sigma",50,1,5,0.30000000000000004,0.3902897834777832
mixture,dpm2_log,"DPM-2 + corrector, log sigma",50,1,5,0.4,0.5128686428070068
mixture,dpm2_log,"DPM-2 + corrector, log sigma",50,1,5,0.5,0.6286784410476685
mixture,dpm2_log,"DPM-2 + corrector, log sigma",50,1,5,0.6000000000000001,0.7355510592460632
mixture,dpm2_log,"DPM-2 + corrector, log sigma",50,1,5,0.7000000000000001,0.8308558464050293
mixture,dpm2_log,"DPM-2 + corrector, log sigma",50,1,5,0.8,0.9111416935920715
mixture,dpm2_log,"DPM-2 + corrector, log sigma",50,1,5,0.9,0.9712372422218323
mixture,dpm2_log,"DPM-2 + corrector, log sigma",50,1,5,1.0,1.0
mixture,sigma_log_dpm,"Sigma-space DPM-1, log sigma",10,1,6,0.0,0.0
mixture,sigma_log_dpm,"Sigma-space DPM-1, log sigma",10,1,6,0.1,0.10927009582519531
mixture,sigma_log_dpm,"Sigma-space DPM-1, log sigma",10,1,6,0.2,0.21848894655704498
mixture,sigma_log_dpm,"Sigma-space DPM-1, log sigma",10,1,6,0.30000000000000004,0.3275642693042755
mixture,sigma_log_dpm,"Sigma-space DPM-1, log sigma",10,1,6,0.4,0.4363119602203369
mixture,sigma_log_dpm,"Sigma-space DPM-1, log sigma",10,1,6,0.5,0.5443772077560425
mixture,sigma_log_dpm,"Sigma-space DPM-1, log sigma",10,1,6,0.6000000000000001,0.6510987281799316
mixture,sigma_log_dpm,"Sigma-space DPM-1, log sigma",10,1,6,0.7000000000000001,0.7552374601364136
mixture,sigma_log_dpm,"Sigma-space DPM-1, log sigma",10,1,6,0.8,0.8543456792831421
mixture,sigma_log_dpm,"Sigma-space DPM-1, log sigma",10,1,6,0.9,0.9428560733795166
mixture,sigma_log_dpm,"Sigma-space DPM-1, log sigma",10,1,6,1.0,1.0
mixture,sigma_log_dpm,"Sigma-space DPM-1, log sigma",50,1,6,0.0,0.0
mixture,sigma_log_dpm,"Sigma-space DPM-1, log sigma",50,1,6,0.1,0.1222376823425293
mixture,sigma_log_dpm,"Sigma-space DPM-1, log sigma",50,1,6,0.2,0.24374066293239594
mixture,sigma_log_dpm,"Sigma-space DPM-1, log sigma",50,1,6,0.30000000000000004,0.36370834708213806
mixture,sigma_log_dpm,"Sigma-space DPM-1, log sigma",50,1,6,0.4,0.4811958968639374
mixture,sigma_log_dpm,"Sigma-space DPM-1, log sigma",50,1,6,0.5,0.5950026512145996
mixture,sigma_log_dpm,"Sigma-space DPM-1, log sigma",50,1,6,0.6000000000000001,0.7034955620765686
mixture,sigma_log_dpm,"Sigma-space DPM-1, log sigma",50,1,6,0.7000000000000001,0.8042930960655212
mixture,sigma_log_dpm,"Sigma-space DPM-1, log sigma",50,1,6,0.8,0.8936102986335754
mixture,sigma_log_dpm,"Sigma-space DPM-1, log sigma",50,1,6,0.9,0.9645858407020569
mixture,sigma_log_dpm,"Sigma-space DPM-1, log sigma",50,1,6,1.0,1.0
mixture,dpm2_log,"DPM-2 + corrector, log sigma",10,1,6,0.0,0.0
mixture,dpm2_log,"DPM-2 + corrector, log sigma",10,1,6,0.1,0.14321698248386383
mixture,dpm2_log,"DPM-2 + corrector, log sigma",10,1,6,0.2,0.2841523587703705
mixture,dpm2_log,"DPM-2 + corrector, log sigma",10,1,6,0.30000000000000004,0.42046642303466797
mixture,dpm2_log,"DPM-2 + corrector, log sigma",10,1,6,0.4,0.5497002601623535
mixture,dpm2_log,"DPM-2 + corrector, log sigma",10,1,6,0.5,0.6692017316818237
mixture,dpm2_log,"DPM-2 + corrector, log sigma",10,1,6,0.6000000000000001,0.7760358452796936
mixture,dpm2_log,"DPM-2 + corrector, log sigma",10,1,6,0.7000000000000001,0.8668633699417114
mixture,dpm2_log,"DPM-2 + corrector, log sigma",10,1,6,0.8,0.9377691149711609
mixture,dpm2_log,"DPM-2 + corrector, log sigma",10,1,6,0.9,0.9840141534805298
mixture,dpm2_log,"DPM-2 + corrector, log sigma",10,1,6,1.0,1.0
mixture,dpm2_log,"DPM-2 + corrector, log sigma",50,1,6,0.0,0.0
mixture,dpm2_log,"DPM-2 + corrector, log sigma",50,1,6,0.1,0.14125892519950867
mixture,dpm2_log,"DPM-2 + corrector, log sigma",50,1,6,0.2,0.2802773118019104
mixture,dpm2_log,"DPM-2 + corrector, log sigma",50,1,6,0.30000000000000004,0.4147767424583435
mixture,dpm2_log,"DPM-2 + corrector, log sigma",50,1,6,0.4,0.5424022674560547
mixture,dpm2_log,"DPM-2 + corrector, log sigma",50,1,6,0.5,0.6606680154800415
mixture,dpm2_log,"DPM-2 + corrector, log sigma",50,1,6,0.6000000000000001,0.7668879628181458
mixture,dpm2_log,"DPM-2 + corrector, log sigma",50,1,6,0.7000000000000001,0.8580641746520996
mixture,dpm2_log,"DPM-2 + corrector, log sigma",50,1,6,0.8,0.9306901097297668
mixture,dpm2_log,"DPM-2 + corrector, log sigma",50,1,6,0.9,0.9803171157836914
mixture,dpm2_log,"DPM-2 + corrector, log sigma",50,1,6,1.0,1.0
mixture,sigma_log_dpm,"Sigma-space DPM-1, log sigma",10,1,7,0.0,0.0
mixture,sigma_log_dpm,"Sigma-space DPM-1, log sigma",10,1,7,0.1,0.08776301145553589
mixture,sigma_log_dpm,"Sigma-space DPM-1, log sigma",10,1,7,0.2,0.1761406660079956
mixture,sigma_log_dpm,"Sigma-space DPM-1, log sigma",10,1,7,0.30000000000000004,0.2658158540725708
mixture,sigma_log_dpm,"Sigma-space DPM-1, log sigma",10,1,7,0.4,0.3576132655143738
mixture,sigma_log_dpm,"Sigma-space DPM-1, log sigma",10,1,7,0.5,0.452579140663147
mixture,sigma_log_dpm,"Sigma-space DPM-1, log sigma",10,1,7,0.6000000000000001,0.5520641207695007
mixture,sigma_log_dpm,"Sigma-space DPM-1, log sigma",10,1,7,0.7000000000000001,0.6577664613723755
mixture,sigma_log_dpm,"Sigma-space DPM-1, log sigma",10,1,7,0.8,0.7715286016464233
mixture,sigma_log_dpm,"Sigma-space DPM-1, log sigma",10,1,7,0.9,0.893620491027832
mixture,sigma_log_dpm,"Sigma-space DPM-1, log sigma",10,1,7,1.0,1.0
mixture,sigma_log_dpm,"Sigma-space DPM-1, log sigma",50,1,7,0.0,0.0
mixture,sigma_log_dpm,"Sigma-space DPM-1, log sigma",50,1,7,0.1,0.09221227467060089
mixture,sigma_log_dpm,"Sigma-space DPM-1, log sigma",50,1,7,0.2,0.18493373692035675
mixture,sigma_log_dpm,"Sigma-space DPM-1, log sigma",50,1,7,0.30000000000000004,0.27872103452682495
mixture,sigma_log_dpm,"Sigma-space DPM-1, log sigma",50,1,7,0.4,0.374228298664093
mixture,sigma_log_dpm,"Sigma-space DPM-1, log sigma",50,1,7,0.5,0.47225672006607056
mixture,sigma_log_dpm,"Sigma-space DPM-1, log sigma",50,1,7,0.6000000000000001,0.5737910866737366
mixture,sigma_log_dpm,"Sigma-space DPM-1, log sigma",50,1,7,0.7000000000000001,0.6799587607383728
mixture,sigma_log_dpm,"Sigma-space DPM-1, log sigma",50,1,7,0.8,0.7916417121887207
mixture,sigma_log_dpm,"Sigma-space DPM-1, log sigma",50,1,7,0.9,0.90727698802948
mixture,sigma_log_dpm,"Sigma-space DPM-1, log sigma",50,1,7,1.0,1.0
mixture,dpm2_log,"DPM-2 + corrector, log sigma",10,1,7,0.0,0.0
mixture,dpm2_log,"DPM-2 + corrector, log sigma",10,1,7,0.1,0.10481792688369751
mixture,dpm2_log,"DPM-2 + corrector, log sigma",10,1,7,0.2,0.21016740798950195
mixture,dpm2_log,"DPM-2 + corrector, log sigma",10,1,7,0.30000000000000004,0.3164976239204407
mixture,dpm2_log,"DPM-2 + corrector, log sigma",10,1,7,0.4,0.4240777790546417
mixture,dpm2_log,"DPM-2 + corrector, log sigma",10,1,7,0.5,0.5328561067581177
mixture,dpm2_log,"DPM-2 + corrector, log sigma",10,1,7,0.6000000000000001,0.6422339081764221
mixture,dpm2_log,"DPM-2 + corrector, log sigma",10,1,7,0.7000000000000001,0.7506440877914429
mixture,dpm2_log,"DPM-2 + corrector, log sigma",10,1,7,0.8,0.8546314835548401
mixture,dpm2_log,"DPM-2 + corrector, log sigma",10,1,7,0.9,0.946291983127594
mixture,dpm2_log,"DPM-2 + corrector, log sigma",10,1,7,1.0,1.0
mixture,dpm2_log,"DPM-2 + corrector, log sigma",50,1,7,0.0,0.0
mixture,dpm2_log,"DPM-2 + corrector, log sigma",50,1,7,0.1,0.10817530751228333
mixture,dpm2_log,"DPM-2 + corrector, log sigma",50,1,7,0.2,0.21644598245620728
mixture,dpm2_log,"DPM-2 + corrector, log sigma",50,1,7,0.30000000000000004,0.32485252618789673
mixture,dpm2_log,"DPM-2 + corrector, log sigma",50,1,7,0.4,0.43331462144851685
mixture,dpm2_log,"DPM-2 + corrector, log sigma",50,1,7,0.5,0.5415343046188354
mixture,dpm2_log,"DPM-2 + corrector, log sigma",50,1,7,0.6000000000000001,0.6488368511199951
mixture,dpm2_log,"DPM-2 + corrector, log sigma",50,1,7,0.7000000000000001,0.7538685202598572
mixture,dpm2_log,"DPM-2 + corrector, log sigma",50,1,7,0.8,0.8539215326309204
mixture,dpm2_log,"DPM-2 + corrector, log sigma",50,1,7,0.9,0.9429843425750732
mixture,dpm2_log,"DPM-2 + corrector, log sigma",50,1,7,1.0,1.0
mixture,sigma_log_dpm,"Sigma-space DPM-1, log sigma",10,1,8,0.0,0.0
mixture,sigma_log_dpm,"Sigma-space DPM-1, log sigma",10,1,8,0.1,0.1303103119134903
mixture,sigma_log_dpm,"Sigma-space DPM-1, log sigma",10,1,8,0.2,0.2589302659034729
mixture,sigma_log_dpm,"Sigma-space DPM-1, log sigma",10,1,8,0.30000000000000004,0.3841741383075714
mixture,sigma_log_dpm,"Sigma-space DPM-1, log sigma",10,1,8,0.4,0.5043613910675049
mixture,sigma_log_dpm,"Sigma-space DPM-1, log sigma",10,1,8,0.5,0.617803156375885
mixture,sigma_log_dpm,"Sigma-space DPM-1, log sigma",10,1,8,0.6000000000000001,0.722758948802948
mixture,sigma_log_dpm,"Sigma-space DPM-1, log sigma",10,1,8,0.7000000000000001,0.8173208236694336
mixture,sigma_log_dpm,"Sigma-space DPM-1, log sigma",10,1,8,0.8,0.8990902900695801
mixture,sigma_log_dpm,"Sigma-space DPM-1, log sigma",10,1,8,0.9,0.9641051292419434
mixture,sigma_log_dpm,"Sigma-space DPM-1, log sigma",10,1,8,1.0,1.0
mixture,sigma_log_dpm,"Sigma-space DPM-1, log sigma",50,1,8,0.0,0.0
mixture,sigma_log_dpm,"Sigma-space DPM-1, log sigma",50,1,8,0.1,0.1442728489637375
mixture,sigma_log_dpm,"Sigma-space DPM-1, log sigma",50,1,8,0.2,0.2860949635505676
mixture,sigma_log_dpm,"Sigma-space DPM-1, log sigma",50,1,8,0.30000000000000004,0.4229837656021118
mixture,sigma_log_dpm,"Sigma-space DPM-1, log sigma",50,1,8,0.4,0.5523883104324341
mixture,sigma_log_dpm,"Sigma-space DPM-1, log sigma",50,1,8,0.5,0.6716387867927551
mixture,sigma_log_dpm,"Sigma-space DPM-1, log sigma",50,1,8,0.6000000000000001,0.7778750061988831
mixture,sigma_log_dpm,"Sigma-space DPM-1, log sigma",50,1,8,0.7000000000000001,0.8679323196411133
mixture,sigma_log_dpm,"Sigma-space DPM-1, log sigma",50,1,8,0.8,0.9381519556045532
mixture,sigma_log_dpm,"Sigma-space DPM-1, log sigma",50,1,8,0.9,0.9840501546859741
mixture,sigma_log_dpm,"Sigma-space DPM-1, log sigma",50,1,8,1.0,1.0
mixture,dpm2_log,"DPM-2 + corrector, log sigma",10,1,8,0.0,0.0
mixture,dpm2_log,"DPM-2 + corrector, log sigma",10,1,8,0.1,0.15231555700302124
mixture,dpm2_log,"DPM-2 + corrector, log sigma",10,1,8,0.2,0.30142438411712646
mixture,dpm2_log,"DPM-2 + corrector, log sigma",10,1,8,0.30000000000000004,0.44412219524383545
mixture,dpm2_log,"DPM-2 + corrector, log sigma",10,1,8,0.4,0.5772110223770142
mixture,dpm2_log,"DPM-2 + corrector, log sigma",10,1,8,0.5,0.697502613067627
mixture,dpm2_log,"DPM-2 + corrector, log sigma",10,1,8,0.6000000000000001,0.8018280863761902
mixture,dpm2_log,"DPM-2 + corrector, log sigma",10,1,8,0.7000000000000001,0.8870556354522705
mixture,dpm2_log,"DPM-2 + corrector, log sigma",10,1,8,0.8,0.950141191482544
mixture,dpm2_log,"DPM-2 + corrector, log sigma",10,1,8,0.9,0.9882951974868774
mixture,dpm2_log,"DPM-2 + corrector, log sigma",10,1,8,1.0,1.0
mixture,dpm2_log,"DPM-2 + corrector, log sigma",50,1,8,0.0,0.0
mixture,dpm2_log,"DPM-2 + corrector, log sigma",50,1,8,0.1,0.15159140527248383
mixture,dpm2_log,"DPM-2 + corrector, log sigma",50,1,8,0.2,0.30004483461380005
mixture,dpm2_log,"DPM-2 + corrector, log sigma",50,1,8,0.30000000000000004,0.4422191381454468
mixture,dpm2_log,"DPM-2 + corrector, log sigma",50,1,8,0.4,0.5749682188034058
mixture,dpm2_log,"DPM-2 + corrector, log sigma",50,1,8,0.5,0.6951403021812439
mixture,dpm2_log,"DPM-2 + corrector, log sigma",50,1,8,0.6000000000000001,0.7995836734771729
mixture,dpm2_log,"DPM-2 + corrector, log sigma",50,1,8,0.7000000000000001,0.8851639628410339
mixture,dpm2_log,"DPM-2 + corrector, log sigma",50,1,8,0.8,0.9488133788108826
mixture,dpm2_log,"DPM-2 + corrector, log sigma",50,1,8,0.9,0.9876880645751953
mixture,dpm2_log,"DPM-2 + corrector, log sigma",50,1,8,1.0,1.0
mixture,sigma_log_dpm,"Sigma-space DPM-1, log sigma",10,1,9,0.0,0.0
mixture,sigma_log_dpm,"Sigma-space DPM-1, log sigma",10,1,9,0.1,0.1474507600069046
mixture,sigma_log_dpm,"Sigma-space DPM-1, log sigma",10,1,9,0.2,0.2921571135520935
mixture,sigma_log_dpm,"Sigma-space DPM-1, log sigma",10,1,9,0.30000000000000004,0.43135106563568115
mixture,sigma_log_dpm,"Sigma-space DPM-1, log sigma",10,1,9,0.4,0.56221604347229
mixture,sigma_log_dpm,"Sigma-space DPM-1, log sigma",10,1,9,0.5,0.6818576455116272
mixture,sigma_log_dpm,"Sigma-space DPM-1, log sigma",10,1,9,0.6000000000000001,0.7872699499130249
mixture,sigma_log_dpm,"Sigma-space DPM-1, log sigma",10,1,9,0.7000000000000001,0.8752908110618591
mixture,sigma_log_dpm,"Sigma-space DPM-1, log sigma",10,1,9,0.8,0.9425453543663025
mixture,sigma_log_dpm,"Sigma-space DPM-1, log sigma",10,1,9,0.9,0.985379159450531
mixture,sigma_log_dpm,"Sigma-space DPM-1, log sigma",10,1,9,1.0,1.0
mixture,sigma_log_dpm,"Sigma-space DPM-1, log sigma",50,1,9,0.0,0.0
mixture,sigma_log_dpm,"Sigma-space DPM-1, log sigma",50,1,9,0.1,0.1618499457836151
mixture,sigma_log_dpm,"Sigma-space DPM-1, log sigma",50,1,9,0.2,0.31951114535331726
mixture,sigma_log_dpm,"Sigma-space DPM-1, log sigma",50,1,9,0.30000000000000004,0.46886110305786133
mixture,sigma_log_dpm,"Sigma-space DPM-1, log sigma",50,1,9,0.4,0.6059175729751587
mixture,sigma_log_dpm,"Sigma-space DPM-1, log sigma",50,1,9,0.5,0.7269263863563538
mixture,sigma_log_dpm,"Sigma-space DPM-1, log sigma",50,1,9,0.6000000000000001,0.8284823298454285
mixture,sigma_log_dpm,"Sigma-space DPM-1, log sigma",50,1,9,0.7000000000000001,0.9077059626579285
mixture,sigma_log_dpm,"Sigma-space DPM-1, log sigma",50,1,9,0.8,0.9625453948974609
mixture,sigma_log_dpm,"Sigma-space DPM-1, log sigma",50,1,9,0.9,0.9923913478851318
mixture,sigma_log_dpm,"Sigma-space DPM-1, log sigma",50,1,9,1.0,1.0
mixture,dpm2_log,"DPM-2 + corrector, log sigma",10,1,9,0.0,0.0
mixture,dpm2_log,"DPM-2 + corrector, log sigma",10,1,9,0.1,0.16495874524116516
mixture,dpm2_log,"DPM-2 + corrector, log sigma",10,1,9,0.2,0.3254026174545288
mixture,dpm2_log,"DPM-2 + corrector, log sigma",10,1,9,0.30000000000000004,0.47690513730049133
mixture,dpm2_log,"DPM-2 + corrector, log sigma",10,1,9,0.4,0.6152269244194031
mixture,dpm2_log,"DPM-2 + corrector, log sigma",10,1,9,0.5,0.7364325523376465
mixture,dpm2_log,"DPM-2 + corrector, log sigma",10,1,9,0.6000000000000001,0.8370485305786133
mixture,dpm2_log,"DPM-2 + corrector, log sigma",10,1,9,0.7000000000000001,0.9142928123474121
mixture,dpm2_log,"DPM-2 + corrector, log sigma",10,1,9,0.8,0.966456413269043
mixture,dpm2_log,"DPM-2 + corrector, log sigma",10,1,9,0.9,0.993655800819397
mixture,dpm2_log,"DPM-2 + corrector, log sigma",10,1,9,1.0,1.0
mixture,dpm2_log,"DPM-2 + corrector, log sigma",50,1,9,0.0,0.0
mixture,dpm2_log,"DPM-2 + corrector, log sigma",50,1,9,0.1,0.14667168259620667
mixture,dpm2_log,"DPM-2 + corrector, log sigma",50,1,9,0.2,0.29064226150512695
mixture,dpm2_log,"DPM-2 + corrector, log sigma",50,1,9,0.30000000000000004,0.42918938398361206
mixture,dpm2_log,"DPM-2 + corrector, log sigma",50,1,9,0.4,0.559547483921051
mixture,dpm2_log,"DPM-2 + corrector, log sigma",50,1,9,0.5,0.6788796186447144
mixture,dpm2_log,"DPM-2 + corrector, log sigma",50,1,9,0.6000000000000001,0.7842447757720947
mixture,dpm2_log,"DPM-2 + corrector, log sigma",50,1,9,0.7000000000000001,0.8725504875183105
mixture,dpm2_log,"DPM-2 + corrector, log sigma",50,1,9,0.8,0.9404816627502441
mixture,dpm2_log,"DPM-2 + corrector, log sigma",50,1,9,0.9,0.9843780398368835
mixture,dpm2_log,"DPM-2 + corrector, log sigma",50,1,9,1.0,1.0
mixture,sigma_log_dpm,"Sigma-space DPM-1, log sigma",10,1,10,0.0,0.0
mixture,sigma_log_dpm,"Sigma-space DPM-1, log sigma",10,1,10,0.1,0.1410643756389618
mixture,sigma_log_dpm,"Sigma-space DPM-1, log sigma",10,1,10,0.2,0.2799732983112335
mixture,sigma_log_dpm,"Sigma-space DPM-1, log sigma",10,1,10,0.30000000000000004,0.41451960802078247
mixture,sigma_log_dpm,"Sigma-space DPM-1, log sigma",10,1,10,0.4,0.5423883199691772
mixture,sigma_log_dpm,"Sigma-space DPM-1, log sigma",10,1,10,0.5,0.661086916923523
mixture,sigma_log_dpm,"Sigma-space DPM-1, log sigma",10,1,10,0.6000000000000001,0.7678555846214294
mixture,sigma_log_dpm,"Sigma-space DPM-1, log sigma",10,1,10,0.7000000000000001,0.8595337867736816
mixture,sigma_log_dpm,"Sigma-space DPM-1, log sigma",10,1,10,0.8,0.9323432445526123
mixture,sigma_log_dpm,"Sigma-space DPM-1, log sigma",10,1,10,0.9,0.9814704656600952
mixture,sigma_log_dpm,"Sigma-space DPM-1, log sigma",10,1,10,1.0,1.0
mixture,sigma_log_dpm,"Sigma-space DPM-1, log sigma",50,1,10,0.0,0.0
mixture,sigma_log_dpm,"Sigma-space DPM-1, log sigma",50,1,10,0.1,0.14778560400009155
mixture,sigma_log_dpm,"Sigma-space DPM-1, log sigma",50,1,10,0.2,0.2927836775779724
mixture,sigma_log_dpm,"Sigma-space DPM-1, log sigma",50,1,10,0.30000000000000004,0.4321868419647217
mixture,sigma_log_dpm,"Sigma-space DPM-1, log sigma",50,1,10,0.4,0.5631474256515503
mixture,sigma_log_dpm,"Sigma-space DPM-1, log sigma",50,1,10,0.5,0.6827532052993774
mixture,sigma_log_dpm,"Sigma-space DPM-1, log sigma",50,1,10,0.6000000000000001,0.7879998683929443
mixture,sigma_log_dpm,"Sigma-space DPM-1, log sigma",50,1,10,0.7000000000000001,0.8757554292678833
mixture,sigma_log_dpm,"Sigma-space DPM-1, log sigma",50,1,10,0.8,0.9427155256271362
mixture,sigma_log_dpm,"Sigma-space DPM-1, log sigma",50,1,10,0.9,0.9853502511978149
mixture,sigma_log_dpm,"Sigma-space DPM-1, log sigma",50,1,10,1.0,1.0
mixture,dpm2_log,"DPM-2 + corrector, log sigma",10,1,10,0.0,0.0
mixture,dpm2_log,"DPM-2 + corrector, log sigma",10,1,10,0.1,0.16283471882343292
mixture,dpm2_log,"DPM-2 + corrector, log sigma",10,1,10,0.2,0.32138651609420776
mixture,dpm2_log,"DPM-2 + corrector, log sigma",10,1,10,0.30000000000000004,0.4714431166648865
mixture,dpm2_log,"DPM-2 + corrector, log sigma",10,1,10,0.4,0.6089423894882202
mixture,dpm2_log,"DPM-2 + corrector, log sigma",10,1,10,0.5,0.730067253112793
mixture,dpm2_log,"DPM-2 + corrector, log sigma",10,1,10,0.6000000000000001,0.8313766121864319
mixture,dpm2_log,"DPM-2 + corrector, log sigma",10,1,10,0.7000000000000001,0.9099996089935303
mixture,dpm2_log,"DPM-2 + corrector, log sigma",10,1,10,0.8,0.9639664888381958
mixture,dpm2_log,"DPM-2 + corrector, log sigma",10,1,10,0.9,0.9928833246231079
mixture,dpm2_log,"DPM-2 + corrector, log sigma",10,1,10,1.0,1.0
mixture,dpm2_log,"DPM-2 + corrector, log sigma",50,1,10,0.0,0.0
mixture,dpm2_log,"DPM-2 + corrector, log sigma",50,1,10,0.1,0.14326748251914978
mixture,dpm2_log,"DPM-2 + corrector, log sigma",50,1,10,0.2,0.2841249704360962
mixture,dpm2_log,"DPM-2 + corrector, log sigma",50,1,10,0.30000000000000004,0.42013096809387207
mixture,dpm2_log,"DPM-2 + corrector, log sigma",50,1,10,0.4,0.5487784147262573
mixture,dpm2_log,"DPM-2 + corrector, log sigma",50,1,10,0.5,0.667451024055481
mixture,dpm2_log,"DPM-2 + corrector, log sigma",50,1,10,0.6000000000000001,0.7733659148216248
mixture,dpm2_log,"DPM-2 + corrector, log sigma",50,1,10,0.7000000000000001,0.8634864091873169
mixture,dpm2_log,"DPM-2 + corrector, log sigma",50,1,10,0.8,0.934370756149292
mixture,dpm2_log,"DPM-2 + corrector, log sigma",50,1,10,0.9,0.9818547964096069
mixture,dpm2_log,"DPM-2 + corrector, log sigma",50,1,10,1.0,1.0
mixture,sigma_log_dpm,"Sigma-space DPM-1, log sigma",10,1,11,0.0,0.0
mixture,sigma_log_dpm,"Sigma-space DPM-1, log sigma",10,1,11,0.1,0.11925992369651794
mixture,sigma_log_dpm,"Sigma-space DPM-1, log sigma",10,1,11,0.2,0.2377825677394867
mixture,sigma_log_dpm,"Sigma-space DPM-1, log sigma",10,1,11,0.30000000000000004,0.3547961413860321
mixture,sigma_log_dpm,"Sigma-space DPM-1, log sigma",10,1,11,0.4,0.4694511294364929
mixture,sigma_log_dpm,"Sigma-space DPM-1, log sigma",10,1,11,0.5,0.5807523727416992
mixture,sigma_log_dpm,"Sigma-space DPM-1, log sigma",10,1,11,0.6000000000000001,0.6874421238899231
mixture,sigma_log_dpm,"Sigma-space DPM-1, log sigma",10,1,11,0.7000000000000001,0.7877650856971741
mixture,sigma_log_dpm,"Sigma-space DPM-1, log sigma",10,1,11,0.8,0.8789265155792236
mixture,sigma_log_dpm,"Sigma-space DPM-1, log sigma",10,1,11,0.9,0.9554877281188965
mixture,sigma_log_dpm,"Sigma-space DPM-1, log sigma",10,1,11,1.0,1.0
mixture,sigma_log_dpm,"Sigma-space DPM-1, log sigma",50,1,11,0.0,0.0
mixture,sigma_log_dpm,"Sigma-space DPM-1, log sigma",50,1,11,0.1,0.13582096993923187
mixture,sigma_log_dpm,"Sigma-space DPM-1, log sigma",50,1,11,0.2,0.2699337303638458
mixture,sigma_log_dpm,"Sigma-space DPM-1, log sigma",50,1,11,0.30000000000000004,0.40057888627052307
mixture,sigma_log_dpm,"Sigma-space DPM-1, log sigma",50,1,11,0.4,0.5258829593658447
mixture,sigma_log_dpm,"Sigma-space DPM-1, log sigma",50,1,11,0.5,0.6437622904777527
mixture,sigma_log_dpm,"Sigma-space DPM-1, log sigma",50,1,11,0.6000000000000001,0.7517708539962769
mixture,sigma_log_dpm,"Sigma-space DPM-1, log sigma",50,1,11,0.7000000000000001,0.8468357920646667
mixture,sigma_log_dpm,"Sigma-space DPM-1, log sigma",50,1,11,0.8,0.9247708916664124
mixture,sigma_log_dpm,"Sigma-space DPM-1, log sigma",50,1,11,0.9,0.9792946577072144
mixture,sigma_log_dpm,"Sigma-space DPM-1, log sigma",50,1,11,1.0,1.0
mixture,dpm2_log,"DPM-2 + corrector, log sigma",10,1,11,0.0,0.0
mixture,dpm2_log,"DPM-2 + corrector, log sigma",10,1,11,0.1,0.15177057683467865
mixture,dpm2_log,"DPM-2 + corrector, log sigma",10,1,11,0.2,0.3003407120704651
mixture,dpm2_log,"DPM-2 + corrector, log sigma",10,1,11,0.30000000000000004,0.4425241947174072
mixture,dpm2_log,"DPM-2 + corrector, log sigma",10,1,11,0.4,0.5751628875732422
mixture,dpm2_log,"DPM-2 + corrector, log sigma",10,1,11,0.5,0.695136308670044
mixture,dpm2_log,"DPM-2 + corrector, log sigma",10,1,11,0.6000000000000001,0.7993703484535217
mixture,dpm2_log,"DPM-2 + corrector, log sigma",10,1,11,0.7000000000000001,0.8848389387130737
mixture,dpm2_log,"DPM-2 + corrector, log sigma",10,1,11,0.8,0.9485660195350647
mixture,dpm2_log,"DPM-2 + corrector, log sigma",10,1,11,0.9,0.9876666069030762
mixture,dpm2_log,"DPM-2 + corrector, log sigma",10,1,11,1.0,1.0
mixture,dpm2_log,"DPM-2 + corrector, log sigma",50,1,11,0.0,0.0
mixture,dpm2_log,"DPM-2 + corrector, log sigma",50,1,11,0.1,0.1410631537437439
mixture,dpm2_log,"DPM-2 + corrector, log sigma",50,1,11,0.2,0.27991122007369995
mixture,dpm2_log,"DPM-2 + corrector, log sigma",50,1,11,0.30000000000000004,0.41429024934768677
mixture,dpm2_log,"DPM-2 + corrector, log sigma",50,1,11,0.4,0.5418633222579956
mixture,dpm2_log,"DPM-2 + corrector, log sigma",50,1,11,0.5,0.6601561307907104
mixture,dpm2_log,"DPM-2 + corrector, log sigma",50,1,11,0.6000000000000001,0.7664817571640015
mixture,dpm2_log,"DPM-2 + corrector, log sigma",50,1,11,0.7000000000000001,0.8578243851661682
mixture,dpm2_log,"DPM-2 + corrector, log sigma",50,1,11,0.8,0.930633544921875
mixture,dpm2_log,"DPM-2 + corrector, log sigma",50,1,11,0.9,0.9803773164749146
mixture,dpm2_log,"DPM-2 + corrector, log sigma",50,1,11,1.0,1.0
mixture,sigma_log_dpm,"Sigma-space DPM-1, log sigma",10,1,12,0.0,0.0
mixture,sigma_log_dpm,"Sigma-space DPM-1, log sigma",10,1,12,0.1,0.11008644104003906
mixture,sigma_log_dpm,"Sigma-space DPM-1, log sigma",10,1,12,0.2,0.22009992599487305
mixture,sigma_log_dpm,"Sigma-space DPM-1, log sigma",10,1,12,0.30000000000000004,0.32994428277015686
mixture,sigma_log_dpm,"Sigma-space DPM-1, log sigma",10,1,12,0.4,0.4394629895687103
mixture,sigma_log_dpm,"Sigma-space DPM-1, log sigma",10,1,12,0.5,0.5483615398406982
mixture,sigma_log_dpm,"Sigma-space DPM-1, log sigma",10,1,12,0.6000000000000001,0.6560468673706055
mixture,sigma_log_dpm,"Sigma-space DPM-1, log sigma",10,1,12,0.7000000000000001,0.7612691521644592
mixture,sigma_log_dpm,"Sigma-space DPM-1, log sigma",10,1,12,0.8,0.861244261264801
mixture,sigma_log_dpm,"Sigma-space DPM-1, log sigma",10,1,12,0.9,0.9490392804145813
mixture,sigma_log_dpm,"Sigma-space DPM-1, log sigma",10,1,12,1.0,1.0
mixture,sigma_log_dpm,"Sigma-space DPM-1, log sigma",50,1,12,0.0,0.0
mixture,sigma_log_dpm,"Sigma-space DPM-1, log sigma",50,1,12,0.1,0.12392334640026093
mixture,sigma_log_dpm,"Sigma-space DPM-1, log sigma",50,1,12,0.2,0.2467670887708664
mixture,sigma_log_dpm,"Sigma-space DPM-1, log sigma",50,1,12,0.30000000000000004,0.3674545884132385
mixture,sigma_log_dpm,"Sigma-space DPM-1, log sigma",50,1,12,0.4,0.4848988950252533
mixture,sigma_log_dpm,"Sigma-space DPM-1, log sigma",50,1,12,0.5,0.5979481339454651
mixture,sigma_log_dpm,"Sigma-space DPM-1, log sigma",50,1,12,0.6000000000000001,0.7052462100982666
mixture,sigma_log_dpm,"Sigma-space DPM-1, log sigma",50,1,12,0.7000000000000001,0.8049037456512451
mixture,sigma_log_dpm,"Sigma-space DPM-1, log sigma",50,1,12,0.8,0.8937127590179443
mixture,sigma_log_dpm,"Sigma-space DPM-1, log sigma",50,1,12,0.9,0.9650001525878906
mixture,sigma_log_dpm,"Sigma-space DPM-1, log sigma",50,1,12,1.0,1.0
mixture,dpm2_log,"DPM-2 + corrector, log sigma",10,1,12,0.0,0.0
mixture,dpm2_log,"DPM-2 + corrector, log sigma",10,1,12,0.1,0.14449383318424225
mixture,dpm2_log,"DPM-2 + corrector, log sigma",10,1,12,0.2,0.28632616996765137
mixture,dpm2_log,"DPM-2 + corrector, log sigma",10,1,12,0.30000000000000004,0.42286092042922974
mixture,dpm2_log,"DPM-2 + corrector, log sigma",10,1,12,0.4,0.5515047311782837
mixture,dpm2_log,"DPM-2 + corrector, log sigma",10,1,12,0.5,0.669700562953949
mixture,dpm2_log,"DPM-2 + corrector, log sigma",10,1,12,0.6000000000000001,0.7748820185661316
mixture,dpm2_log,"DPM-2 + corrector, log sigma",10,1,12,0.7000000000000001,0.8643456697463989
mixture,dpm2_log,"DPM-2 + corrector, log sigma",10,1,12,0.8,0.9349568486213684
mixture,dpm2_log,"DPM-2 + corrector, log sigma",10,1,12,0.9,0.9824745655059814
mixture,dpm2_log,"DPM-2 + corrector, log sigma",10,1,12,1.0,1.0
mixture,dpm2_log,"DPM-2 + corrector, log sigma",50,1,12,0.0,0.0
mixture,dpm2_log,"DPM-2 + corrector, log sigma",50,1,12,0.1,0.1390663981437683
mixture,dpm2_log,"DPM-2 + corrector, log sigma",50,1,12,0.2,0.2760022282600403
mixture,dpm2_log,"DPM-2 + corrector, log sigma",50,1,12,0.30000000000000004,0.4086470603942871
mixture,dpm2_log,"DPM-2 + corrector, log sigma",50,1,12,0.4,0.5347766280174255
mixture,dpm2_log,"DPM-2 + corrector, log sigma",50,1,12,0.5,0.6520586013793945
mixture,dpm2_log,"DPM-2 + corrector, log sigma",50,1,12,0.6000000000000001,0.7579880356788635
mixture,dpm2_log,"DPM-2 + corrector, log sigma",50,1,12,0.7000000000000001,0.8497804403305054
mixture,dpm2_log,"DPM-2 + corrector, log sigma",50,1,12,0.8,0.9241620898246765
mixture,dpm2_log,"DPM-2 + corrector, log sigma",50,1,12,0.9,0.9768452644348145
mixture,dpm2_log,"DPM-2 + corrector, log sigma",50,1,12,1.0,1.0
mixture,sigma_log_dpm,"Sigma-space DPM-1, log sigma",10,1,13,0.0,0.0
mixture,sigma_log_dpm,"Sigma-space DPM-1, log sigma",10,1,13,0.1,0.13620303571224213
mixture,sigma_log_dpm,"Sigma-space DPM-1, log sigma",10,1,13,0.2,0.2705906629562378
mixture,sigma_log_dpm,"Sigma-space DPM-1, log sigma",10,1,13,0.30000000000000004,0.40129679441452026
mixture,sigma_log_dpm,"Sigma-space DPM-1, log sigma",10,1,13,0.4,0.526347279548645
mixture,sigma_log_dpm,"Sigma-space DPM-1, log sigma",10,1,13,0.5,0.6435856819152832
mixture,sigma_log_dpm,"Sigma-space DPM-1, log sigma",10,1,13,0.6000000000000001,0.7505690455436707
mixture,sigma_log_dpm,"Sigma-space DPM-1, log sigma",10,1,13,0.7000000000000001,0.8443988561630249
mixture,sigma_log_dpm,"Sigma-space DPM-1, log sigma",10,1,13,0.8,0.9214069247245789
mixture,sigma_log_dpm,"Sigma-space DPM-1, log sigma",10,1,13,0.9,0.9764326810836792
mixture,sigma_log_dpm,"Sigma-space DPM-1, log sigma",10,1,13,1.0,1.0
mixture,sigma_log_dpm,"Sigma-space DPM-1, log sigma",50,1,13,0.0,0.0
mixture,sigma_log_dpm,"Sigma-space DPM-1, log sigma",50,1,13,0.1,0.15234903991222382
mixture,sigma_log_dpm,"Sigma-space DPM-1, log sigma",50,1,13,0.2,0.3014935255050659
mixture,sigma_log_dpm,"Sigma-space DPM-1, log sigma",50,1,13,0.30000000000000004,0.44422799348831177
mixture,sigma_log_dpm,"Sigma-space DPM-1, log sigma",50,1,13,0.4,0.5773476362228394
mixture,sigma_log_dpm,"Sigma-space DPM-1, log sigma",50,1,13,0.5,0.697651743888855
mixture,sigma_log_dpm,"Sigma-space DPM-1, log sigma",50,1,13,0.6000000000000001,0.8019543886184692
mixture,sigma_log_dpm,"Sigma-space DPM-1, log sigma",50,1,13,0.7000000000000001,0.8871130347251892
mixture,sigma_log_dpm,"Sigma-space DPM-1, log sigma",50,1,13,0.8,0.9500970840454102
mixture,sigma_log_dpm,"Sigma-space DPM-1, log sigma",50,1,13,0.9,0.9881914854049683
mixture,sigma_log_dpm,"Sigma-space DPM-1, log sigma",50,1,13,1.0,1.0
mixture,dpm2_log,"DPM-2 + corrector, log sigma",10,1,13,0.0,0.0
mixture,dpm2_log,"DPM-2 + corrector, log sigma",10,1,13,0.1,0.14922945201396942
mixture,dpm2_log,"DPM-2 + corrector, log sigma",10,1,13,0.2,0.29556673765182495
mixture,dpm2_log,"DPM-2 + corrector, log sigma",10,1,13,0.30000000000000004,0.4360986053943634
mixture,dpm2_log,"DPM-2 + corrector, log sigma",10,1,13,0.4,0.5678703784942627
mixture,dpm2_log,"DPM-2 + corrector, log sigma",10,1,13,0.5,0.6878634691238403
mixture,dpm2_log,"DPM-2 + corrector, log sigma",10,1,13,0.6000000000000001,0.7929756045341492
mixture,dpm2_log,"DPM-2 + corrector, log sigma",10,1,13,0.7000000000000001,0.8800034523010254
mixture,dpm2_log,"DPM-2 + corrector, log sigma",10,1,13,0.8,0.9456428289413452
mixture,dpm2_log,"DPM-2 + corrector, log sigma",10,1,13,0.9,0.986560583114624
mixture,dpm2_log,"DPM-2 + corrector, log sigma",10,1,13,1.0,1.0
mixture,dpm2_log,"DPM-2 + corrector, log sigma",50,1,13,0.0,0.0
mixture,dpm2_log,"DPM-2 + corrector, log sigma",50,1,13,0.1,0.13397829234600067
mixture,dpm2_log,"DPM-2 + corrector, log sigma",50,1,13,0.2,0.2662501335144043
mixture,dpm2_log,"DPM-2 + corrector, log sigma",50,1,13,0.30000000000000004,0.3950650095939636
mixture,dpm2_log,"DPM-2 + corrector, log sigma",50,1,13,0.4,0.5185787677764893
mixture,dpm2_log,"DPM-2 + corrector, log sigma",50,1,13,0.5,0.6347866058349609
mixture,dpm2_log,"DPM-2 + corrector, log sigma",50,1,13,0.6000000000000001,0.7414276599884033
mixture,dpm2_log,"DPM-2 + corrector, log sigma",50,1,13,0.7000000000000001,0.8358218669891357
mixture,dpm2_log,"DPM-2 + corrector, log sigma",50,1,13,0.8,0.9145535230636597
mixture,dpm2_log,"DPM-2 + corrector, log sigma",50,1,13,0.9,0.9726796746253967
mixture,dpm2_log,"DPM-2 + corrector, log sigma",50,1,13,1.0,1.0
mixture,sigma_log_dpm,"Sigma-space DPM-1, log sigma",10,1,14,0.0,0.0
mixture,sigma_log_dpm,"Sigma-space DPM-1, log sigma",10,1,14,0.1,0.11973193287849426
mixture,sigma_log_dpm,"Sigma-space DPM-1, log sigma",10,1,14,0.2,0.23889942467212677
mixture,sigma_log_dpm,"Sigma-space DPM-1, log sigma",10,1,14,0.30000000000000004,0.35686737298965454
mixture,sigma_log_dpm,"Sigma-space DPM-1, log sigma",10,1,14,0.4,0.47284674644470215
mixture,sigma_log_dpm,"Sigma-space DPM-1, log sigma",10,1,14,0.5,0.585780143737793
mixture,sigma_log_dpm,"Sigma-space DPM-1, log sigma",10,1,14,0.6000000000000001,0.6941659450531006
mixture,sigma_log_dpm,"Sigma-space DPM-1, log sigma",10,1,14,0.7000000000000001,0.7957466840744019
mixture,sigma_log_dpm,"Sigma-space DPM-1, log sigma",10,1,14,0.8,0.8868708610534668
mixture,sigma_log_dpm,"Sigma-space DPM-1, log sigma",10,1,14,0.9,0.9608364701271057
mixture,sigma_log_dpm,"Sigma-space DPM-1, log sigma",10,1,14,1.0,1.0
mixture,sigma_log_dpm,"Sigma-space DPM-1, log sigma",50,1,14,0.0,0.0
mixture,sigma_log_dpm,"Sigma-space DPM-1, log sigma",50,1,14,0.1,0.1386190503835678
mixture,sigma_log_dpm,"Sigma-space DPM-1, log sigma",50,1,14,0.2,0.2753755748271942
mixture,sigma_log_dpm,"Sigma-space DPM-1, log sigma",50,1,14,0.30000000000000004,0.40833067893981934
mixture,sigma_log_dpm,"Sigma-space DPM-1, log sigma",50,1,14,0.4,0.5353863835334778
mixture,sigma_log_dpm,"Sigma-space DPM-1, log sigma",50,1,14,0.5,0.6541845798492432
mixture,sigma_log_dpm,"Sigma-space DPM-1, log sigma",50,1,14,0.6000000000000001,0.7619771361351013
mixture,sigma_log_dpm,"Sigma-space DPM-1, log sigma",50,1,14,0.7000000000000001,0.855439305305481
mixture,sigma_log_dpm,"Sigma-space DPM-1, log sigma",50,1,14,0.8,0.9303772449493408
mixture,sigma_log_dpm,"Sigma-space DPM-1, log sigma",50,1,14,0.9,0.981208324432373
mixture,sigma_log_dpm,"Sigma-space DPM-1, log sigma",50,1,14,1.0,1.0
mixture,dpm2_log,"DPM-2 + corrector, log sigma",10,1,14,0.0,0.0
mixture,dpm2_log,"DPM-2 + corrector, log sigma",10,1,14,0.1,0.1370207965373993
mixture,dpm2_log,"DPM-2 + corrector, log sigma",10,1,14,0.2,0.27221280336380005
mixture,dpm2_log,"DPM-2 + corrector, log sigma",10,1,14,0.30000000000000004,0.403687983751297
mixture,dpm2_log,"DPM-2 + corrector, log sigma",10,1,14,0.4,0.5294336080551147
mixture,dpm2_log,"DPM-2 + corrector, log sigma",10,1,14,0.5,0.6472282409667969
mixture,dpm2_log,"DPM-2 + corrector, log sigma",10,1,14,0.6000000000000001,0.7545278072357178
mixture,dpm2_log,"DPM-2 + corrector, log sigma",10,1,14,0.7000000000000001,0.8482863903045654
mixture,dpm2_log,"DPM-2 + corrector, log sigma",10,1,14,0.8,0.9246412515640259
mixture,dpm2_log,"DPM-2 + corrector, log sigma",10,1,14,0.9,0.9782360196113586
mixture,dpm2_log,"DPM-2 + corrector, log sigma",10,1,14,1.0,1.0
mixture,dpm2_log,"DPM-2 + corrector, log sigma",50,1,14,0.0,0.0
mixture,dpm2_log,"DPM-2 + corrector, log sigma",50,1,14,0.1,0.13245685398578644
mixture,dpm2_log,"DPM-2 + corrector, log sigma",50,1,14,0.2,0.2633194029331207
mixture,dpm2_log,"DPM-2 + corrector, log sigma",50,1,14,0.30000000000000004,0.39094769954681396
mixture,dpm2_log,"DPM-2 + corrector, log sigma",50,1,14,0.4,0.5136045217514038
mixture,dpm2_log,"DPM-2 + corrector, log sigma",50,1,14,0.5,0.6293857097625732
mixture,dpm2_log,"DPM-2 + corrector, log sigma",50,1,14,0.6000000000000001,0.7361186146736145
mixture,dpm2_log,"DPM-2 + corrector, log sigma",50,1,14,0.7000000000000001,0.8311888575553894
mixture,dpm2_log,"DPM-2 + corrector, log sigma",50,1,14,0.8,0.9111975431442261
mixture,dpm2_log,"DPM-2 + corrector, log sigma",50,1,14,0.9,0.971095860004425
mixture,dpm2_log,"DPM-2 + corrector, log sigma",50,1,14,1.0,1.0
mixture,sigma_log_dpm,"Sigma-space DPM-1, log sigma",10,1,15,0.0,0.0
mixture,sigma_log_dpm,"Sigma-space DPM-1, log sigma",10,1,15,0.1,0.13427551090717316
mixture,sigma_log_dpm,"Sigma-space DPM-1, log sigma",10,1,15,0.2,0.2668534219264984
mixture,sigma_log_dpm,"Sigma-space DPM-1, log sigma",10,1,15,0.30000000000000004,0.3959876596927643
mixture,sigma_log_dpm,"Sigma-space DPM-1, log sigma",10,1,15,0.4,0.5198290348052979
mixture,sigma_log_dpm,"Sigma-space DPM-1, log sigma",10,1,15,0.5,0.6363525986671448
mixture,sigma_log_dpm,"Sigma-space DPM-1, log sigma",10,1,15,0.6000000000000001,0.7432531118392944
mixture,sigma_log_dpm,"Sigma-space DPM-1, log sigma",10,1,15,0.7000000000000001,0.8377716541290283
mixture,sigma_log_dpm,"Sigma-space DPM-1, log sigma",10,1,15,0.8,0.9163606762886047
mixture,sigma_log_dpm,"Sigma-space DPM-1, log sigma",10,1,15,0.9,0.9738721251487732
mixture,sigma_log_dpm,"Sigma-space DPM-1, log sigma",10,1,15,1.0,1.0
mixture,sigma_log_dpm,"Sigma-space DPM-1, log sigma",50,1,15,0.0,0.0
mixture,sigma_log_dpm,"Sigma-space DPM-1, log sigma",50,1,15,0.1,0.15688666701316833
mixture,sigma_log_dpm,"Sigma-space DPM-1, log sigma",50,1,15,0.2,0.31015369296073914
mixture,sigma_log_dpm,"Sigma-space DPM-1, log sigma",50,1,15,0.30000000000000004,0.456198126077652
mixture,sigma_log_dpm,"Sigma-space DPM-1, log sigma",50,1,15,0.4,0.5914555788040161
mixture,sigma_log_dpm,"Sigma-space DPM-1, log sigma",50,1,15,0.5,0.7124308347702026
mixture,sigma_log_dpm,"Sigma-space DPM-1, log sigma",50,1,15,0.6000000000000001,0.815751314163208
mixture,sigma_log_dpm,"Sigma-space DPM-1, log sigma",50,1,15,0.7000000000000001,0.8982640504837036
mixture,sigma_log_dpm,"Sigma-space DPM-1, log sigma",50,1,15,0.8,0.9572339057922363
mixture,sigma_log_dpm,"Sigma-space DPM-1, log sigma",50,1,15,0.9,0.9908300638198853
mixture,sigma_log_dpm,"Sigma-space DPM-1, log sigma",50,1,15,1.0,1.0
mixture,dpm2_log,"DPM-2 + corrector, log sigma",10,1,15,0.0,0.0
mixture,dpm2_log,"DPM-2 + corrector, log sigma",10,1,15,0.1,0.14753955602645874
mixture,dpm2_log,"DPM-2 + corrector, log sigma",10,1,15,0.2,0.2923230528831482
mixture,dpm2_log,"DPM-2 + corrector, log sigma",10,1,15,0.30000000000000004,0.4315718710422516
mixture,dpm2_log,"DPM-2 + corrector, log sigma",10,1,15,0.4,0.5624613761901855
mixture,dpm2_log,"DPM-2 + corrector, log sigma",10,1,15,0.5,0.6820924878120422
mixture,dpm2_log,"DPM-2 + corrector, log sigma",10,1,15,0.6000000000000001,0.7874599695205688
mixture,dpm2_log,"DPM-2 + corrector, log sigma",10,1,15,0.7000000000000001,0.8754100799560547
mixture,dpm2_log,"DPM-2 + corrector, log sigma",10,1,15,0.8,0.9425870776176453
mixture,dpm2_log,"DPM-2 + corrector, log sigma",10,1,15,0.9,0.9853693246841431
mixture,dpm2_log,"DPM-2 + corrector, log sigma",10,1,15,1.0,1.0
mixture,dpm2_log,"DPM-2 + corrector, log sigma",50,1,15,0.0,0.0
mixture,dpm2_log,"DPM-2 + corrector, log sigma",50,1,15,0.1,0.1355663686990738
mixture,dpm2_log,"DPM-2 + corrector, log sigma",50,1,15,0.2,0.26931649446487427
mixture,dpm2_log,"DPM-2 + corrector, log sigma",50,1,15,0.30000000000000004,0.39939045906066895
mixture,dpm2_log,"DPM-2 + corrector, log sigma",50,1,15,0.4,0.5238364934921265
mixture,dpm2_log,"DPM-2 + corrector, log sigma",50,1,15,0.5,0.6405452489852905
mixture,dpm2_log,"DPM-2 + corrector, log sigma",50,1,15,0.6000000000000001,0.7471580505371094
mixture,dpm2_log,"DPM-2 + corrector, log sigma",50,1,15,0.7000000000000001,0.8409118056297302
mixture,dpm2_log,"DPM-2 + corrector, log sigma",50,1,15,0.8,0.9183427691459656
mixture,dpm2_log,"DPM-2 + corrector, log sigma",50,1,15,0.9,0.9745619893074036
mixture,dpm2_log,"DPM-2 + corrector, log sigma",50,1,15,1.0,1.0
mixture,sigma_log_dpm,"Sigma-space DPM-1, log sigma",10,2,0,0.0,0.0
mixture,sigma_log_dpm,"Sigma-space DPM-1, log sigma",10,2,0,0.1,0.11490525305271149
mixture,sigma_log_dpm,"Sigma-space DPM-1, log sigma",10,2,0,0.2,0.22942878305912018
mixture,sigma_log_dpm,"Sigma-space DPM-1, log sigma",10,2,0,0.30000000000000004,0.3431374132633209
mixture,sigma_log_dpm,"Sigma-space DPM-1, log sigma",10,2,0,0.4,0.4554857015609741
mixture,sigma_log_dpm,"Sigma-space DPM-1, log sigma",10,2,0,0.5,0.5657280683517456
mixture,sigma_log_dpm,"Sigma-space DPM-1, log sigma",10,2,0,0.6000000000000001,0.6727782487869263
mixture,sigma_log_dpm,"Sigma-space DPM-1, log sigma",10,2,0,0.7000000000000001,0.7749481201171875
mixture,sigma_log_dpm,"Sigma-space DPM-1, log sigma",10,2,0,0.8,0.8693757057189941
mixture,sigma_log_dpm,"Sigma-space DPM-1, log sigma",10,2,0,0.9,0.9504031538963318
mixture,sigma_log_dpm,"Sigma-space DPM-1, log sigma",10,2,0,1.0,1.0
mixture,sigma_log_dpm,"Sigma-space DPM-1, log sigma",50,2,0,0.0,0.0
mixture,sigma_log_dpm,"Sigma-space DPM-1, log sigma",50,2,0,0.1,0.12664952874183655
mixture,sigma_log_dpm,"Sigma-space DPM-1, log sigma",50,2,0,0.2,0.2523984909057617
mixture,sigma_log_dpm,"Sigma-space DPM-1, log sigma",50,2,0,0.30000000000000004,0.37624847888946533
mixture,sigma_log_dpm,"Sigma-space DPM-1, log sigma",50,2,0,0.4,0.49699342250823975
mixture,sigma_log_dpm,"Sigma-space DPM-1, log sigma",50,2,0,0.5,0.6130774021148682
mixture,sigma_log_dpm,"Sigma-space DPM-1, log sigma",50,2,0,0.6000000000000001,0.7223958373069763
mixture,sigma_log_dpm,"Sigma-space DPM-1, log sigma",50,2,0,0.7000000000000001,0.8219760656356812
mixture,sigma_log_dpm,"Sigma-space DPM-1, log sigma",50,2,0,0.8,0.9073982238769531
mixture,sigma_log_dpm,"Sigma-space DPM-1, log sigma",50,2,0,0.9,0.9715116024017334
mixture,sigma_log_dpm,"Sigma-space DPM-1, log sigma",50,2,0,1.0,1.0
mixture,dpm2_log,"DPM-2 + corrector, log sigma",10,2,0,0.0,0.0
mixture,dpm2_log,"DPM-2 + corrector, log sigma",10,2,0,0.1,0.1281484216451645
mixture,dpm2_log,"DPM-2 + corrector, log sigma",10,2,0,0.2,0.25525498390197754
mixture,dpm2_log,"DPM-2 + corrector, log sigma",10,2,0,0.30000000000000004,0.3801865577697754
mixture,dpm2_log,"DPM-2 + corrector, log sigma",10,2,0,0.4,0.501616358757019
mixture,dpm2_log,"DPM-2 + corrector, log sigma",10,2,0,0.5,0.6178924441337585
mixture,dpm2_log,"DPM-2 + corrector, log sigma",10,2,0,0.6000000000000001,0.726852536201477
mixture,dpm2_log,"DPM-2 + corrector, log sigma",10,2,0,0.7000000000000001,0.8255292177200317
mixture,dpm2_log,"DPM-2 + corrector, log sigma",10,2,0,0.8,0.9096148610115051
mixture,dpm2_log,"DPM-2 + corrector, log sigma",10,2,0,0.9,0.9722751379013062
mixture,dpm2_log,"DPM-2 + corrector, log sigma",10,2,0,1.0,1.0
mixture,dpm2_log,"DPM-2 + corrector, log sigma",50,2,0,0.0,0.0
mixture,dpm2_log,"DPM-2 + corrector, log sigma",50,2,0,0.1,0.13155776262283325
mixture,dpm2_log,"DPM-2 + corrector, log sigma",50,2,0,0.2,0.2615962624549866
mixture,dpm2_log,"DPM-2 + corrector, log sigma",50,2,0,0.30000000000000004,0.38854852318763733
mixture,dpm2_log,"DPM-2 + corrector, log sigma",50,2,0,0.4,0.510745644569397
mixture,dpm2_log,"DPM-2 + corrector, log sigma",50,2,0,0.5,0.6263432502746582
mixture,dpm2_log,"DPM-2 + corrector, log sigma",50,2,0,0.6000000000000001,0.7332141995429993
mixture,dpm2_log,"DPM-2 + corrector, log sigma",50,2,0,0.7000000000000001,0.8287644982337952
mixture,dpm2_log,"DPM-2 + corrector, log sigma",50,2,0,0.8,0.9095685482025146
mixture,dpm2_log,"DPM-2 + corrector, log sigma",50,2,0,0.9,0.9704439043998718
mixture,dpm2_log,"DPM-2 + corrector, log sigma",50,2,0,1.0,1.0
mixture,sigma_log_dpm,"Sigma-space DPM-1, log sigma",10,2,1,0.0,0.0
mixture,sigma_log_dpm,"Sigma-space DPM-1, log sigma",10,2,1,0.1,0.10952445864677429
mixture,sigma_log_dpm,"Sigma-space DPM-1, log sigma",10,2,1,0.2,0.21887069940567017
mixture,sigma_log_dpm,"Sigma-space DPM-1, log sigma",10,2,1,0.30000000000000004,0.32783249020576477
mixture,sigma_log_dpm,"Sigma-space DPM-1, log sigma",10,2,1,0.4,0.4361402690410614
mixture,sigma_log_dpm,"Sigma-space DPM-1, log sigma",10,2,1,0.5,0.5434043407440186
mixture,sigma_log_dpm,"Sigma-space DPM-1, log sigma",10,2,1,0.6000000000000001,0.6490134000778198
mixture,sigma_log_dpm,"Sigma-space DPM-1, log sigma",10,2,1,0.7000000000000001,0.751923680305481
mixture,sigma_log_dpm,"Sigma-space DPM-1, log sigma",10,2,1,0.8,0.8501471877098083
mixture,sigma_log_dpm,"Sigma-space DPM-1, log sigma",10,2,1,0.9,0.9391152858734131
mixture,sigma_log_dpm,"Sigma-space DPM-1, log sigma",10,2,1,1.0,1.0
mixture,sigma_log_dpm,"Sigma-space DPM-1, log sigma",50,2,1,0.0,0.0
mixture,sigma_log_dpm,"Sigma-space DPM-1, log sigma",50,2,1,0.1,0.11557197570800781
mixture,sigma_log_dpm,"Sigma-space DPM-1, log sigma",50,2,1,0.2,0.23080185055732727
mixture,sigma_log_dpm,"Sigma-space DPM-1, log sigma",50,2,1,0.30000000000000004,0.3452915549278259
mixture,sigma_log_dpm,"Sigma-space DPM-1, log sigma",50,2,1,0.4,0.45851853489875793
mixture,sigma_log_dpm,"Sigma-space DPM-1, log sigma",50,2,1,0.5,0.5697336196899414
mixture,sigma_log_dpm,"Sigma-space DPM-1, log sigma",50,2,1,0.6000000000000001,0.6777925491333008
mixture,sigma_log_dpm,"Sigma-space DPM-1, log sigma",50,2,1,0.7000000000000001,0.7808326482772827
mixture,sigma_log_dpm,"Sigma-space DPM-1, log sigma",50,2,1,0.8,0.8755674362182617
mixture,sigma_log_dpm,"Sigma-space DPM-1, log sigma",50,2,1,0.9,0.9553258419036865
mixture,sigma_log_dpm,"Sigma-space DPM-1, log sigma",50,2,1,1.0,1.0
mixture,dpm2_log,"DPM-2 + corrector, log sigma",10,2,1,0.0,0.0
mixture,dpm2_log,"DPM-2 + corrector, log sigma",10,2,1,0.1,0.12781551480293274
mixture,dpm2_log,"DPM-2 + corrector, log sigma",10,2,1,0.2,0.2544216513633728
mixture,dpm2_log,"DPM-2 + corrector, log sigma",10,2,1,0.30000000000000004,0.37855303287506104
mixture,dpm2_log,"DPM-2 + corrector, log sigma",10,2,1,0.4,0.498823881149292
mixture,dpm2_log,"DPM-2 + corrector, log sigma",10,2,1,0.5,0.6136401891708374
mixture,dpm2_log,"DPM-2 + corrector, log sigma",10,2,1,0.6000000000000001,0.7210679650306702
mixture,dpm2_log,"DPM-2 + corrector, log sigma",10,2,1,0.7000000000000001,0.8186047673225403
mixture,dpm2_log,"DPM-2 + corrector, log sigma",10,2,1,0.8,0.9027206301689148
mixture,dpm2_log,"DPM-2 + corrector, log sigma",10,2,1,0.9,0.9676832556724548
mixture,dpm2_log,"DPM-2 + corrector, log sigma",10,2,1,1.0,1.0
mixture,dpm2_log,"DPM-2 + corrector, log sigma",50,2,1,0.0,0.0
mixture,dpm2_log,"DPM-2 + corrector, log sigma",50,2,1,0.1,0.1289234310388565
mixture,dpm2_log,"DPM-2 + corrector, log sigma",50,2,1,0.2,0.2565196454524994
mixture,dpm2_log,"DPM-2 + corrector, log sigma",50,2,1,0.30000000000000004,0.3814108967781067
mixture,dpm2_log,"DPM-2 + corrector, log sigma",50,2,1,0.4,0.5021116137504578
mixture,dpm2_log,"DPM-2 + corrector, log sigma",50,2,1,0.5,0.616949737071991
mixture,dpm2_log,"DPM-2 + corrector, log sigma",50,2,1,0.6000000000000001,0.7239505648612976
mixture,dpm2_log,"DPM-2 + corrector, log sigma",50,2,1,0.7000000000000001,0.8206353783607483
mixture,dpm2_log,"DPM-2 + corrector, log sigma",50,2,1,0.8,0.9036175012588501
mixture,dpm2_log,"DPM-2 + corrector, log sigma",50,2,1,0.9,0.9675604104995728
mixture,dpm2_log,"DPM-2 + corrector, log sigma",50,2,1,1.0,1.0
mixture,sigma_log_dpm,"Sigma-space DPM-1, log sigma",10,2,2,0.0,0.0
mixture,sigma_log_dpm,"Sigma-space DPM-1, log sigma",10,2,2,0.1,0.10655999183654785
mixture,sigma_log_dpm,"Sigma-space DPM-1, log sigma",10,2,2,0.2,0.21327438950538635
mixture,sigma_log_dpm,"Sigma-space DPM-1, log sigma",10,2,2,0.30000000000000004,0.3202507793903351
mixture,sigma_log_dpm,"Sigma-space DPM-1, log sigma",10,2,2,0.4,0.4274914562702179
mixture,sigma_log_dpm,"Sigma-space DPM-1, log sigma",10,2,2,0.5,0.5348069667816162
mixture,sigma_log_dpm,"Sigma-space DPM-1, log sigma",10,2,2,0.6000000000000001,0.6416690349578857
mixture,sigma_log_dpm,"Sigma-space DPM-1, log sigma",10,2,2,0.7000000000000001,0.7469231486320496
mixture,sigma_log_dpm,"Sigma-space DPM-1, log sigma",10,2,2,0.8,0.8481312990188599
mixture,sigma_log_dpm,"Sigma-space DPM-1, log sigma",10,2,2,0.9,0.9396089911460876
mixture,sigma_log_dpm,"Sigma-space DPM-1, log sigma",10,2,2,1.0,1.0
mixture,sigma_log_dpm,"Sigma-space DPM-1, log sigma",50,2,2,0.0,0.0
mixture,sigma_log_dpm,"Sigma-space DPM-1, log sigma",50,2,2,0.1,0.11920881271362305
mixture,sigma_log_dpm,"Sigma-space DPM-1, log sigma",50,2,2,0.2,0.2379305064678192
mixture,sigma_log_dpm,"Sigma-space DPM-1, log sigma",50,2,2,0.30000000000000004,0.3555994927883148
mixture,sigma_log_dpm,"Sigma-space DPM-1, log sigma",50,2,2,0.4,0.47148069739341736
mixture,sigma_log_dpm,"Sigma-space DPM-1, log sigma",50,2,2,0.5,0.5845441818237305
mixture,sigma_log_dpm,"Sigma-space DPM-1, log sigma",50,2,2,0.6000000000000001,0.6932774782180786
mixture,sigma_log_dpm,"Sigma-space DPM-1, log sigma",50,2,2,0.7000000000000001,0.7953550815582275
mixture,sigma_log_dpm,"Sigma-space DPM-1, log sigma",50,2,2,0.8,0.8869752883911133
mixture,sigma_log_dpm,"Sigma-space DPM-1, log sigma",50,2,2,0.9,0.9611684083938599
mixture,sigma_log_dpm,"Sigma-space DPM-1, log sigma",50,2,2,1.0,1.0
mixture,dpm2_log,"DPM-2 + corrector, log sigma",10,2,2,0.0,0.0
mixture,dpm2_log,"DPM-2 + corrector, log sigma",10,2,2,0.1,0.13902053236961365
mixture,dpm2_log,"DPM-2 + corrector, log sigma",10,2,2,0.2,0.27609336376190186
mixture,dpm2_log,"DPM-2 + corrector, log sigma",10,2,2,0.30000000000000004,0.409206748008728
mixture,dpm2_log,"DPM-2 + corrector, log sigma",10,2,2,0.4,0.5362136363983154
mixture,dpm2_log,"DPM-2 + corrector, log sigma",10,2,2,0.5,0.6547459363937378
mixture,dpm2_log,"DPM-2 + corrector, log sigma",10,2,2,0.6000000000000001,0.762100100517273
mixture,dpm2_log,"DPM-2 + corrector, log sigma",10,2,2,0.7000000000000001,0.8550693988800049
mixture,dpm2_log,"DPM-2 + corrector, log sigma",10,2,2,0.8,0.9296693205833435
mixture,dpm2_log,"DPM-2 + corrector, log sigma",10,2,2,0.9,0.9806106090545654
mixture,dpm2_log,"DPM-2 + corrector, log sigma",10,2,2,1.0,1.0
mixture,dpm2_log,"DPM-2 + corrector, log sigma",50,2,2,0.0,0.0
mixture,dpm2_log,"DPM-2 + corrector, log sigma",50,2,2,0.1,0.13162818551063538
mixture,dpm2_log,"DPM-2 + corrector, log sigma",50,2,2,0.2,0.2617156505584717
mixture,dpm2_log,"DPM-2 + corrector, log sigma",50,2,2,0.30000000000000004,0.38867586851119995
mixture,dpm2_log,"DPM-2 + corrector, log sigma",50,2,2,0.4,0.510825514793396
mixture,dpm2_log,"DPM-2 + corrector, log sigma",50,2,2,0.5,0.6263145208358765
mixture,dpm2_log,"DPM-2 + corrector, log sigma",50,2,2,0.6000000000000001,0.7330236434936523
mixture,dpm2_log,"DPM-2 + corrector, log sigma",50,2,2,0.7000000000000001,0.8283888101577759
mixture,dpm2_log,"DPM-2 + corrector, log sigma",50,2,2,0.8,0.9090521931648254
mixture,dpm2_log,"DPM-2 + corrector, log sigma",50,2,2,0.9,0.9699708223342896
mixture,dpm2_log,"DPM-2 + corrector, log sigma",50,2,2,1.0,1.0
mixture,sigma_log_dpm,"Sigma-space DPM-1, log sigma",10,2,3,0.0,0.0
mixture,sigma_log_dpm,"Sigma-space DPM-1, log sigma",10,2,3,0.1,0.05716386437416077
mixture,sigma_log_dpm,"Sigma-space DPM-1, log sigma",10,2,3,0.2,0.11673526465892792
mixture,sigma_log_dpm,"Sigma-space DPM-1, log sigma",10,2,3,0.30000000000000004,0.18119648098945618
mixture,sigma_log_dpm,"Sigma-space DPM-1, log sigma",10,2,3,0.4,0.25318437814712524
mixture,sigma_log_dpm,"Sigma-space DPM-1, log sigma",10,2,3,0.5,0.335578054189682
mixture,sigma_log_dpm,"Sigma-space DPM-1, log sigma",10,2,3,0.6000000000000001,0.4315953850746155
mixture,sigma_log_dpm,"Sigma-space DPM-1, log sigma",10,2,3,0.7000000000000001,0.5448695421218872
mixture,sigma_log_dpm,"Sigma-space DPM-1, log sigma",10,2,3,0.8,0.6793544292449951
mixture,sigma_log_dpm,"Sigma-space DPM-1, log sigma",10,2,3,0.9,0.8380285501480103
mixture,sigma_log_dpm,"Sigma-space DPM-1, log sigma",10,2,3,1.0,1.0
mixture,sigma_log_dpm,"Sigma-space DPM-1, log sigma",50,2,3,0.0,0.0
mixture,sigma_log_dpm,"Sigma-space DPM-1, log sigma",50,2,3,0.1,0.0641103982925415
mixture,sigma_log_dpm,"Sigma-space DPM-1, log sigma",50,2,3,0.2,0.13064977526664734
mixture,sigma_log_dpm,"Sigma-space DPM-1, log sigma",50,2,3,0.30000000000000004,0.20208019018173218
mixture,sigma_log_dpm,"Sigma-space DPM-1, log sigma",50,2,3,0.4,0.2809247076511383
mixture,sigma_log_dpm,"Sigma-space DPM-1, log sigma",50,2,3,0.5,0.3697766959667206
mixture,sigma_log_dpm,"Sigma-space DPM-1, log sigma",50,2,3,0.6000000000000001,0.47126251459121704
mixture,sigma_log_dpm,"Sigma-space DPM-1, log sigma",50,2,3,0.7000000000000001,0.5878607034683228
mixture,sigma_log_dpm,"Sigma-space DPM-1, log sigma",50,2,3,0.8,0.7212417125701904
mixture,sigma_log_dpm,"Sigma-space DPM-1, log sigma",50,2,3,0.9,0.8694625496864319
mixture,sigma_log_dpm,"Sigma-space DPM-1, log sigma",50,2,3,1.0,1.0
mixture,dpm2_log,"DPM-2 + corrector, log sigma",10,2,3,0.0,0.0
mixture,dpm2_log,"DPM-2 + corrector, log sigma",10,2,3,0.1,0.08851398527622223
mixture,dpm2_log,"DPM-2 + corrector, log sigma",10,2,3,0.2,0.17881202697753906
mixture,dpm2_log,"DPM-2 + corrector, log sigma",10,2,3,0.30000000000000004,0.27257606387138367
mixture,dpm2_log,"DPM-2 + corrector, log sigma",10,2,3,0.4,0.37126046419143677
mixture,dpm2_log,"DPM-2 + corrector, log sigma",10,2,3,0.5,0.47590768337249756
mixture,dpm2_log,"DPM-2 + corrector, log sigma",10,2,3,0.6000000000000001,0.5868403911590576
mixture,dpm2_log,"DPM-2 + corrector, log sigma",10,2,3,0.7000000000000001,0.7030813694000244
mixture,dpm2_log,"DPM-2 + corrector, log sigma",10,2,3,0.8,0.8210846781730652
mixture,dpm2_log,"DPM-2 + corrector, log sigma",10,2,3,0.9,0.9312391877174377
mixture,dpm2_log,"DPM-2 + corrector, log sigma",10,2,3,1.0,1.0
mixture,dpm2_log,"DPM-2 + corrector, log sigma",50,2,3,0.0,0.0
mixture,dpm2_log,"DPM-2 + corrector, log sigma",50,2,3,0.1,0.09979873895645142
mixture,dpm2_log,"DPM-2 + corrector, log sigma",50,2,3,0.2,0.20008988678455353
mixture,dpm2_log,"DPM-2 + corrector, log sigma",50,2,3,0.30000000000000004,0.3013308644294739
mixture,dpm2_log,"DPM-2 + corrector, log sigma",50,2,3,0.4,0.4038994312286377
mixture,dpm2_log,"DPM-2 + corrector, log sigma",50,2,3,0.5,0.5080245137214661
mixture,dpm2_log,"DPM-2 + corrector, log sigma",50,2,3,0.6000000000000001,0.6136636137962341
mixture,dpm2_log,"DPM-2 + corrector, log sigma",50,2,3,0.7000000000000001,0.7202509641647339
mixture,dpm2_log,"DPM-2 + corrector, log sigma",50,2,3,0.8,0.826096773147583
mixture,dpm2_log,"DPM-2 + corrector, log sigma",50,2,3,0.9,0.9264860153198242
mixture,dpm2_log,"DPM-2 + corrector, log sigma",50,2,3,1.0,1.0
mixture,sigma_log_dpm,"Sigma-space DPM-1, log sigma",10,2,4,0.0,0.0
mixture,sigma_log_dpm,"Sigma-space DPM-1, log sigma",10,2,4,0.1,0.05341269075870514
mixture,sigma_log_dpm,"Sigma-space DPM-1, log sigma",10,2,4,0.2,0.10867229104042053
mixture,sigma_log_dpm,"Sigma-space DPM-1, log sigma",10,2,4,0.30000000000000004,0.16773080825805664
mixture,sigma_log_dpm,"Sigma-space DPM-1, log sigma",10,2,4,0.4,0.2327709197998047
mixture,sigma_log_dpm,"Sigma-space DPM-1, log sigma",10,2,4,0.5,0.3063817620277405
mixture,sigma_log_dpm,"Sigma-space DPM-1, log sigma",10,2,4,0.6000000000000001,0.3918428421020508
mixture,sigma_log_dpm,"Sigma-space DPM-1, log sigma",10,2,4,0.7000000000000001,0.4936405122280121
mixture,sigma_log_dpm,"Sigma-space DPM-1, log sigma",10,2,4,0.8,0.6185735464096069
mixture,sigma_log_dpm,"Sigma-space DPM-1, log sigma",10,2,4,0.9,0.7787072062492371
mixture,sigma_log_dpm,"Sigma-space DPM-1, log sigma",10,2,4,1.0,1.0
mixture,sigma_log_dpm,"Sigma-space DPM-1, log sigma",50,2,4,0.0,0.0
mixture,sigma_log_dpm,"Sigma-space DPM-1, log sigma",50,2,4,0.1,0.07298541069030762
mixture,sigma_log_dpm,"Sigma-space DPM-1, log sigma",50,2,4,0.2,0.14772379398345947
mixture,sigma_log_dpm,"Sigma-space DPM-1, log sigma",50,2,4,0.30000000000000004,0.22597965598106384
mixture,sigma_log_dpm,"Sigma-space DPM-1, log sigma",50,2,4,0.4,0.3095412254333496
mixture,sigma_log_dpm,"Sigma-space DPM-1, log sigma",50,2,4,0.5,0.40022969245910645
mixture,sigma_log_dpm,"Sigma-space DPM-1, log sigma",50,2,4,0.6000000000000001,0.49990126490592957
mixture,sigma_log_dpm,"Sigma-space DPM-1, log sigma",50,2,4,0.7000000000000001,0.6104121208190918
mixture,sigma_log_dpm,"Sigma-space DPM-1, log sigma",50,2,4,0.8,0.7334270477294922
mixture,sigma_log_dpm,"Sigma-space DPM-1, log sigma",50,2,4,0.9,0.8693171143531799
mixture,sigma_log_dpm,"Sigma-space DPM-1, log sigma",50,2,4,1.0,1.0
mixture,dpm2_log,"DPM-2 + corrector, log sigma",10,2,4,0.0,0.0
mixture,dpm2_log,"DPM-2 + corrector, log sigma",10,2,4,0.1,0.07732564210891724
mixture,dpm2_log,"DPM-2 + corrector, log sigma",10,2,4,0.2,0.1564464271068573
mixture,dpm2_log,"DPM-2 + corrector, log sigma",10,2,4,0.30000000000000004,0.23915480077266693
mixture,dpm2_log,"DPM-2 + corrector, log sigma",10,2,4,0.4,0.32722893357276917
mixture,dpm2_log,"DPM-2 + corrector, log sigma",10,2,4,0.5,0.42239606380462646
mixture,dpm2_log,"DPM-2 + corrector, log sigma",10,2,4,0.6000000000000001,0.5262378454208374
mixture,dpm2_log,"DPM-2 + corrector, log sigma",10,2,4,0.7000000000000001,0.6399403214454651
mixture,dpm2_log,"DPM-2 + corrector, log sigma",10,2,4,0.8,0.7635743618011475
mixture,dpm2_log,"DPM-2 + corrector, log sigma",10,2,4,0.9,0.8934551477432251
mixture,dpm2_log,"DPM-2 + corrector, log sigma",10,2,4,1.0,1.0
mixture,dpm2_log,"DPM-2 + corrector, log sigma",50,2,4,0.0,0.0
mixture,dpm2_log,"DPM-2 + corrector, log sigma",50,2,4,0.1,0.1003178209066391
mixture,dpm2_log,"DPM-2 + corrector, log sigma",50,2,4,0.2,0.20095917582511902
mixture,dpm2_log,"DPM-2 + corrector, log sigma",50,2,4,0.30000000000000004,0.30222606658935547
mixture,dpm2_log,"DPM-2 + corrector, log sigma",50,2,4,0.4,0.4043704867362976
mixture,dpm2_log,"DPM-2 + corrector, log sigma",50,2,4,0.5,0.5075491666793823
mixture,dpm2_log,"DPM-2 + corrector, log sigma",50,2,4,0.6000000000000001,0.6117402911186218
mixture,dpm2_log,"DPM-2 + corrector, log sigma",50,2,4,0.7000000000000001,0.7165683507919312
mixture,dpm2_log,"DPM-2 + corrector, log sigma",50,2,4,0.8,0.8208649158477783
mixture,dpm2_log,"DPM-2 + corrector, log sigma",50,2,4,0.9,0.921212911605835
mixture,dpm2_log,"DPM-2 + corrector, log sigma",50,2,4,1.0,1.0
mixture,sigma_log_dpm,"Sigma-space DPM-1, log sigma",10,2,5,0.0,0.0
mixture,sigma_log_dpm,"Sigma-space DPM-1, log sigma",10,2,5,0.1,0.1101403683423996
mixture,sigma_log_dpm,"Sigma-space DPM-1, log sigma",10,2,5,0.2,0.2198699414730072
mixture,sigma_log_dpm,"Sigma-space DPM-1, log sigma",10,2,5,0.30000000000000004,0.32876846194267273
mixture,sigma_log_dpm,"Sigma-space DPM-1, log sigma",10,2,5,0.4,0.43639281392097473
mixture,sigma_log_dpm,"Sigma-space DPM-1, log sigma",10,2,5,0.5,0.542254626750946
mixture,sigma_log_dpm,"Sigma-space DPM-1, log sigma",10,2,5,0.6000000000000001,0.6457764506340027
mixture,sigma_log_dpm,"Sigma-space DPM-1, log sigma",10,2,5,0.7000000000000001,0.746191143989563
mixture,sigma_log_dpm,"Sigma-space DPM-1, log sigma",10,2,5,0.8,0.8422723412513733
mixture,sigma_log_dpm,"Sigma-space DPM-1, log sigma",10,2,5,0.9,0.9313559532165527
mixture,sigma_log_dpm,"Sigma-space DPM-1, log sigma",10,2,5,1.0,1.0
mixture,sigma_log_dpm,"Sigma-space DPM-1, log sigma",50,2,5,0.0,0.0
mixture,sigma_log_dpm,"Sigma-space DPM-1, log sigma",50,2,5,0.1,0.11258497834205627
mixture,sigma_log_dpm,"Sigma-space DPM-1, log sigma",50,2,5,0.2,0.22480209171772003
mixture,sigma_log_dpm,"Sigma-space DPM-1, log sigma",50,2,5,0.30000000000000004,0.3362548351287842
mixture,sigma_log_dpm,"Sigma-space DPM-1, log sigma",50,2,5,0.4,0.44648322463035583
mixture,sigma_log_dpm,"Sigma-space DPM-1, log sigma",50,2,5,0.5,0.5549059510231018
mixture,sigma_log_dpm,"Sigma-space DPM-1, log sigma",50,2,5,0.6000000000000001,0.6607187986373901
mixture,sigma_log_dpm,"Sigma-space DPM-1, log sigma",50,2,5,0.7000000000000001,0.7626848220825195
mixture,sigma_log_dpm,"Sigma-space DPM-1, log sigma",50,2,5,0.8,0.8586267232894897
mixture,sigma_log_dpm,"Sigma-space DPM-1, log sigma",50,2,5,0.9,0.9438272714614868
mixture,sigma_log_dpm,"Sigma-space DPM-1, log sigma",50,2,5,1.0,1.0
mixture,dpm2_log,"DPM-2 + corrector, log sigma",10,2,5,0.0,0.0
mixture,dpm2_log,"DPM-2 + corrector, log sigma",10,2,5,0.1,0.12571871280670166
mixture,dpm2_log,"DPM-2 + corrector, log sigma",10,2,5,0.2,0.2503611445426941
mixture,dpm2_log,"DPM-2 + corrector, log sigma",10,2,5,0.30000000000000004,0.3727959394454956
mixture,dpm2_log,"DPM-2 + corrector, log sigma",10,2,5,0.4,0.49177393317222595
mixture,dpm2_log,"DPM-2 + corrector, log sigma",10,2,5,0.5,0.6058405637741089
mixture,dpm2_log,"DPM-2 + corrector, log sigma",10,2,5,0.6000000000000001,0.7132030129432678
mixture,dpm2_log,"DPM-2 + corrector, log sigma",10,2,5,0.7000000000000001,0.8114966154098511
mixture,dpm2_log,"DPM-2 + corrector, log sigma",10,2,5,0.8,0.8973059058189392
mixture,dpm2_log,"DPM-2 + corrector, log sigma",10,2,5,0.9,0.9649085998535156
mixture,dpm2_log,"DPM-2 + corrector, log sigma",10,2,5,1.0,1.0
mixture,dpm2_log,"DPM-2 + corrector, log sigma",50,2,5,0.0,0.0
mixture,dpm2_log,"DPM-2 + corrector, log sigma",50,2,5,0.1,0.12470775842666626
mixture,dpm2_log,"DPM-2 + corrector, log sigma",50,2,5,0.2,0.2483389526605606
mixture,dpm2_log,"DPM-2 + corrector, log sigma",50,2,5,0.30000000000000004,0.36977076530456543
mixture,dpm2_log,"DPM-2 + corrector, log sigma",50,2,5,0.4,0.48778027296066284
mixture,dpm2_log,"DPM-2 + corrector, log sigma",50,2,5,0.5,0.6009706258773804
mixture,dpm2_log,"DPM-2 + corrector, log sigma",50,2,5,0.6000000000000001,0.7076568603515625
mixture,dpm2_log,"DPM-2 + corrector, log sigma",50,2,5,0.7000000000000001,0.8056639432907104
mixture,dpm2_log,"DPM-2 + corrector, log sigma",50,2,5,0.8,0.8919034004211426
mixture,dpm2_log,"DPM-2 + corrector, log sigma",50,2,5,0.9,0.961225688457489
mixture,dpm2_log,"DPM-2 + corrector, log sigma",50,2,5,1.0,1.0
mixture,sigma_log_dpm,"Sigma-space DPM-1, log sigma",10,2,6,0.0,0.0
mixture,sigma_log_dpm,"Sigma-space DPM-1, log sigma",10,2,6,0.1,0.1077803373336792
mixture,sigma_log_dpm,"Sigma-space DPM-1, log sigma",10,2,6,0.2,0.21558493375778198
mixture,sigma_log_dpm,"Sigma-space DPM-1, log sigma",10,2,6,0.30000000000000004,0.3234024941921234
mixture,sigma_log_dpm,"Sigma-space DPM-1, log sigma",10,2,6,0.4,0.4311407506465912
mixture,sigma_log_dpm,"Sigma-space DPM-1, log sigma",10,2,6,0.5,0.5385529398918152
mixture,sigma_log_dpm,"Sigma-space DPM-1, log sigma",10,2,6,0.6000000000000001,0.6451065540313721
mixture,sigma_log_dpm,"Sigma-space DPM-1, log sigma",10,2,6,0.7000000000000001,0.7497131824493408
mixture,sigma_log_dpm,"Sigma-space DPM-1, log sigma",10,2,6,0.8,0.8500804305076599
mixture,sigma_log_dpm,"Sigma-space DPM-1, log sigma",10,2,6,0.9,0.9407110214233398
mixture,sigma_log_dpm,"Sigma-space DPM-1, log sigma",10,2,6,1.0,1.0
mixture,sigma_log_dpm,"Sigma-space DPM-1, log sigma",50,2,6,0.0,0.0
mixture,sigma_log_dpm,"Sigma-space DPM-1, log sigma",50,2,6,0.1,0.11144375801086426
mixture,sigma_log_dpm,"Sigma-space DPM-1, log sigma",50,2,6,0.2,0.22273343801498413
mixture,sigma_log_dpm,"Sigma-space DPM-1, log sigma",50,2,6,0.30000000000000004,0.3336710035800934
mixture,sigma_log_dpm,"Sigma-space DPM-1, log sigma",50,2,6,0.4,0.44396016001701355
mixture,sigma_log_dpm,"Sigma-space DPM-1, log sigma",50,2,6,0.5,0.5531207323074341
mixture,sigma_log_dpm,"Sigma-space DPM-1, log sigma",50,2,6,0.6000000000000001,0.6603416204452515
mixture,sigma_log_dpm,"Sigma-space DPM-1, log sigma",50,2,6,0.7000000000000001,0.7641888856887817
mixture,sigma_log_dpm,"Sigma-space DPM-1, log sigma",50,2,6,0.8,0.861930787563324
mixture,sigma_log_dpm,"Sigma-space DPM-1, log sigma",50,2,6,0.9,0.9475432634353638
mixture,sigma_log_dpm,"Sigma-space DPM-1, log sigma",50,2,6,1.0,1.0
mixture,dpm2_log,"DPM-2 + corrector, log sigma",10,2,6,0.0,0.0
mixture,dpm2_log,"DPM-2 + corrector, log sigma",10,2,6,0.1,0.13197746872901917
mixture,dpm2_log,"DPM-2 + corrector, log sigma",10,2,6,0.2,0.2624552249908447
mixture,dpm2_log,"DPM-2 + corrector, log sigma",10,2,6,0.30000000000000004,0.38987985253334045
mixture,dpm2_log,"DPM-2 + corrector, log sigma",10,2,6,0.4,0.5125818252563477
mixture,dpm2_log,"DPM-2 + corrector, log sigma",10,2,6,0.5,0.628693163394928
mixture,dpm2_log,"DPM-2 + corrector, log sigma",10,2,6,0.6000000000000001,0.7360244989395142
mixture,dpm2_log,"DPM-2 + corrector, log sigma",10,2,6,0.7000000000000001,0.8318579792976379
mixture,dpm2_log,"DPM-2 + corrector, log sigma",10,2,6,0.8,0.9125419855117798
mixture,dpm2_log,"DPM-2 + corrector, log sigma",10,2,6,0.9,0.9724989533424377
mixture,dpm2_log,"DPM-2 + corrector, log sigma",10,2,6,1.0,1.0
mixture,dpm2_log,"DPM-2 + corrector, log sigma",50,2,6,0.0,0.0
mixture,dpm2_log,"DPM-2 + corrector, log sigma",50,2,6,0.1,0.13177096843719482
mixture,dpm2_log,"DPM-2 + corrector, log sigma",50,2,6,0.2,0.26200202107429504
mixture,dpm2_log,"DPM-2 + corrector, log sigma",50,2,6,0.30000000000000004,0.38910651206970215
mixture,dpm2_log,"DPM-2 + corrector, log sigma",50,2,6,0.4,0.5113978385925293
mixture,dpm2_log,"DPM-2 + corrector, log sigma",50,2,6,0.5,0.6270176768302917
mixture,dpm2_log,"DPM-2 + corrector, log sigma",50,2,6,0.6000000000000001,0.7338303327560425
mixture,dpm2_log,"DPM-2 + corrector, log sigma",50,2,6,0.7000000000000001,0.8292430639266968
mixture,dpm2_log,"DPM-2 + corrector, log sigma",50,2,6,0.8,0.9098485112190247
mixture,dpm2_log,"DPM-2 + corrector, log sigma",50,2,6,0.9,0.9705168008804321
mixture,dpm2_log,"DPM-2 + corrector, log sigma",50,2,6,1.0,1.0
mixture,sigma_log_dpm,"Sigma-space DPM-1, log sigma",10,2,7,0.0,0.0
mixture,sigma_log_dpm,"Sigma-space DPM-1, log sigma",10,2,7,0.1,0.07071179151535034
mixture,sigma_log_dpm,"Sigma-space DPM-1, log sigma",10,2,7,0.2,0.14261339604854584
mixture,sigma_log_dpm,"Sigma-space DPM-1, log sigma",10,2,7,0.30000000000000004,0.21699143946170807
mixture,sigma_log_dpm,"Sigma-space DPM-1, log sigma",10,2,7,0.4,0.29534268379211426
mixture,sigma_log_dpm,"Sigma-space DPM-1, log sigma",10,2,7,0.5,0.3795226514339447
mixture,sigma_log_dpm,"Sigma-space DPM-1, log sigma",10,2,7,0.6000000000000001,0.47196370363235474
mixture,sigma_log_dpm,"Sigma-space DPM-1, log sigma",10,2,7,0.7000000000000001,0.5760156512260437
mixture,sigma_log_dpm,"Sigma-space DPM-1, log sigma",10,2,7,0.8,0.6964825391769409
mixture,sigma_log_dpm,"Sigma-space DPM-1, log sigma",10,2,7,0.9,0.8401544094085693
mixture,sigma_log_dpm,"Sigma-space DPM-1, log sigma",10,2,7,1.0,1.0
mixture,sigma_log_dpm,"Sigma-space DPM-1, log sigma",50,2,7,0.0,0.0
mixture,sigma_log_dpm,"Sigma-space DPM-1, log sigma",50,2,7,0.1,0.07596278190612793
mixture,sigma_log_dpm,"Sigma-space DPM-1, log sigma",50,2,7,0.2,0.1532553881406784
mixture,sigma_log_dpm,"Sigma-space DPM-1, log sigma",50,2,7,0.30000000000000004,0.23327916860580444
mixture,sigma_log_dpm,"Sigma-space DPM-1, log sigma",50,2,7,0.4,0.3175833821296692
mixture,sigma_log_dpm,"Sigma-space DPM-1, log sigma",50,2,7,0.5,0.4079517126083374
mixture,sigma_log_dpm,"Sigma-space DPM-1, log sigma",50,2,7,0.6000000000000001,0.5064940452575684
mixture,sigma_log_dpm,"Sigma-space DPM-1, log sigma",50,2,7,0.7000000000000001,0.615703284740448
mixture,sigma_log_dpm,"Sigma-space DPM-1, log sigma",50,2,7,0.8,0.7382627129554749
mixture,sigma_log_dpm,"Sigma-space DPM-1, log sigma",50,2,7,0.9,0.8752244710922241
mixture,sigma_log_dpm,"Sigma-space DPM-1, log sigma",50,2,7,1.0,1.0
mixture,dpm2_log,"DPM-2 + corrector, log sigma",10,2,7,0.0,0.0
mixture,dpm2_log,"DPM-2 + corrector, log sigma",10,2,7,0.1,0.08965028822422028
mixture,dpm2_log,"DPM-2 + corrector, log sigma",10,2,7,0.2,0.18076108396053314
mixture,dpm2_log,"DPM-2 + corrector, log sigma",10,2,7,0.30000000000000004,0.2747434377670288
mixture,dpm2_log,"DPM-2 + corrector, log sigma",10,2,7,0.4,0.37288999557495117
mixture,dpm2_log,"DPM-2 + corrector, log sigma",10,2,7,0.5,0.47625207901000977
mixture,dpm2_log,"DPM-2 + corrector, log sigma",10,2,7,0.6000000000000001,0.5854033827781677
mixture,dpm2_log,"DPM-2 + corrector, log sigma",10,2,7,0.7000000000000001,0.6999338865280151
mixture,dpm2_log,"DPM-2 + corrector, log sigma",10,2,7,0.8,0.8172261714935303
mixture,dpm2_log,"DPM-2 + corrector, log sigma",10,2,7,0.9,0.9287747144699097
mixture,dpm2_log,"DPM-2 + corrector, log sigma",10,2,7,1.0,1.0
mixture,dpm2_log,"DPM-2 + corrector, log sigma",50,2,7,0.0,0.0
mixture,dpm2_log,"DPM-2 + corrector, log sigma",50,2,7,0.1,0.1039348691701889
mixture,dpm2_log,"DPM-2 + corrector, log sigma",50,2,7,0.2,0.2081456184387207
mixture,dpm2_log,"DPM-2 + corrector, log sigma",50,2,7,0.30000000000000004,0.31286513805389404
mixture,dpm2_log,"DPM-2 + corrector, log sigma",50,2,7,0.4,0.41823068261146545
mixture,dpm2_log,"DPM-2 + corrector, log sigma",50,2,7,0.5,0.5242041945457458
mixture,dpm2_log,"DPM-2 + corrector, log sigma",50,2,7,0.6000000000000001,0.630437970161438
mixture,dpm2_log,"DPM-2 + corrector, log sigma",50,2,7,0.7000000000000001,0.7360105514526367
mixture,dpm2_log,"DPM-2 + corrector, log sigma",50,2,7,0.8,0.8388153910636902
mixture,dpm2_log,"DPM-2 + corrector, log sigma",50,2,7,0.9,0.9337078332901001
mixture,dpm2_log,"DPM-2 + corrector, log sigma",50,2,7,1.0,1.0
mixture,sigma_log_dpm,"Sigma-space DPM-1, log sigma",10,2,8,0.0,0.0
mixture,sigma_log_dpm,"Sigma-space DPM-1, log sigma",10,2,8,0.1,0.12264329195022583
mixture,sigma_log_dpm,"Sigma-space DPM-1, log sigma",10,2,8,0.2,0.24448886513710022
mixture,sigma_log_dpm,"Sigma-space DPM-1, log sigma",10,2,8,0.30000000000000004,0.36467617750167847
mixture,sigma_log_dpm,"Sigma-space DPM-1, log sigma",10,2,8,0.4,0.4822081923484802
mixture,sigma_log_dpm,"Sigma-space DPM-1, log sigma",10,2,8,0.5,0.5958471298217773
mixture,sigma_log_dpm,"Sigma-space DPM-1, log sigma",10,2,8,0.6000000000000001,0.7039530873298645
mixture,sigma_log_dpm,"Sigma-space DPM-1, log sigma",10,2,8,0.7000000000000001,0.8041939735412598
mixture,sigma_log_dpm,"Sigma-space DPM-1, log sigma",10,2,8,0.8,0.8929464817047119
mixture,sigma_log_dpm,"Sigma-space DPM-1, log sigma",10,2,8,0.9,0.9637377858161926
mixture,sigma_log_dpm,"Sigma-space DPM-1, log sigma",10,2,8,1.0,1.0
mixture,sigma_log_dpm,"Sigma-space DPM-1, log sigma",50,2,8,0.0,0.0
mixture,sigma_log_dpm,"Sigma-space DPM-1, log sigma",50,2,8,0.1,0.13245080411434174
mixture,sigma_log_dpm,"Sigma-space DPM-1, log sigma",50,2,8,0.2,0.2634292244911194
mixture,sigma_log_dpm,"Sigma-space DPM-1, log sigma",50,2,8,0.30000000000000004,0.39139944314956665
mixture,sigma_log_dpm,"Sigma-space DPM-1, log sigma",50,2,8,0.4,0.5146894454956055
mixture,sigma_log_dpm,"Sigma-space DPM-1, log sigma",50,2,8,0.5,0.6313948631286621
mixture,sigma_log_dpm,"Sigma-space DPM-1, log sigma",50,2,8,0.6000000000000001,0.7392385005950928
mixture,sigma_log_dpm,"Sigma-space DPM-1, log sigma",50,2,8,0.7000000000000001,0.8353381156921387
mixture,sigma_log_dpm,"Sigma-space DPM-1, log sigma",50,2,8,0.8,0.9157683849334717
mixture,sigma_log_dpm,"Sigma-space DPM-1, log sigma",50,2,8,0.9,0.9745512008666992
mixture,sigma_log_dpm,"Sigma-space DPM-1, log sigma",50,2,8,1.0,1.0
mixture,dpm2_log,"DPM-2 + corrector, log sigma",10,2,8,0.0,0.0
mixture,dpm2_log,"DPM-2 + corrector, log sigma",10,2,8,0.1,0.14357194304466248
mixture,dpm2_log,"DPM-2 + corrector, log sigma",10,2,8,0.2,0.2847576439380646
mixture,dpm2_log,"DPM-2 + corrector, log sigma",10,2,8,0.30000000000000004,0.4211311936378479
mixture,dpm2_log,"DPM-2 + corrector, log sigma",10,2,8,0.4,0.5501842498779297
mixture,dpm2_log,"DPM-2 + corrector, log sigma",10,2,8,0.5,0.6692720055580139
mixture,dpm2_log,"DPM-2 + corrector, log sigma",10,2,8,0.6000000000000001,0.7755433917045593
mixture,dpm2_log,"DPM-2 + corrector, log sigma",10,2,8,0.7000000000000001,0.8658376932144165
mixture,dpm2_log,"DPM-2 + corrector, log sigma",10,2,8,0.8,0.9365183115005493
mixture,dpm2_log,"DPM-2 + corrector, log sigma",10,2,8,0.9,0.9831675887107849
mixture,dpm2_log,"DPM-2 + corrector, log sigma",10,2,8,1.0,1.0
mixture,dpm2_log,"DPM-2 + corrector, log sigma",50,2,8,0.0,0.0
mixture,dpm2_log,"DPM-2 + corrector, log sigma",50,2,8,0.1,0.12669230997562408
mixture,dpm2_log,"DPM-2 + corrector, log sigma",50,2,8,0.2,0.25216126441955566
mixture,dpm2_log,"DPM-2 + corrector, log sigma",50,2,8,0.30000000000000004,0.3751392364501953
mixture,dpm2_log,"DPM-2 + corrector, log sigma",50,2,8,0.4,0.49426358938217163
mixture,dpm2_log,"DPM-2 + corrector, log sigma",50,2,8,0.5,0.6080063581466675
mixture,dpm2_log,"DPM-2 + corrector, log sigma",50,2,8,0.6000000000000001,0.714568018913269
mixture,dpm2_log,"DPM-2 + corrector, log sigma",50,2,8,0.7000000000000001,0.8116892576217651
mixture,dpm2_log,"DPM-2 + corrector, log sigma",50,2,8,0.8,0.8962616324424744
mixture,dpm2_log,"DPM-2 + corrector, log sigma",50,2,8,0.9,0.9632771015167236
mixture,dpm2_log,"DPM-2 + corrector, log sigma",50,2,8,1.0,1.0
mixture,sigma_log_dpm,"Sigma-space DPM-1, log sigma",10,2,9,0.0,0.0
mixture,sigma_log_dpm,"Sigma-space DPM-1, log sigma",10,2,9,0.1,0.13197629153728485
mixture,sigma_log_dpm,"Sigma-space DPM-1, log sigma",10,2,9,0.2,0.2623913288116455
mixture,sigma_log_dpm,"Sigma-space DPM-1, log sigma",10,2,9,0.30000000000000004,0.3896383047103882
mixture,sigma_log_dpm,"Sigma-space DPM-1, log sigma",10,2,9,0.4,0.5120126008987427
mixture,sigma_log_dpm,"Sigma-space DPM-1, log sigma",10,2,9,0.5,0.6276422739028931
mixture,sigma_log_dpm,"Sigma-space DPM-1, log sigma",10,2,9,0.6000000000000001,0.7343847751617432
mixture,sigma_log_dpm,"Sigma-space DPM-1, log sigma",10,2,9,0.7000000000000001,0.8296514749526978
mixture,sigma_log_dpm,"Sigma-space DPM-1, log sigma",10,2,9,0.8,0.9100589752197266
mixture,sigma_log_dpm,"Sigma-space DPM-1, log sigma",10,2,9,0.9,0.970539927482605
mixture,sigma_log_dpm,"Sigma-space DPM-1, log sigma",10,2,9,1.0,1.0
mixture,sigma_log_dpm,"Sigma-space DPM-1, log sigma",50,2,9,0.0,0.0
mixture,sigma_log_dpm,"Sigma-space DPM-1, log sigma",50,2,9,0.1,0.14741022884845734
mixture,sigma_log_dpm,"Sigma-space DPM-1, log sigma",50,2,9,0.2,0.29207760095596313
mixture,sigma_log_dpm,"Sigma-space DPM-1, log sigma",50,2,9,0.30000000000000004,0.4312359094619751
mixture,sigma_log_dpm,"Sigma-space DPM-1, log sigma",50,2,9,0.4,0.5620710849761963
mixture,sigma_log_dpm,"Sigma-space DPM-1, log sigma",50,2,9,0.5,0.6816917657852173
mixture,sigma_log_dpm,"Sigma-space DPM-1, log sigma",50,2,9,0.6000000000000001,0.7870959043502808
mixture,sigma_log_dpm,"Sigma-space DPM-1, log sigma",50,2,9,0.7000000000000001,0.8751269578933716
mixture,sigma_log_dpm,"Sigma-space DPM-1, log sigma",50,2,9,0.8,0.9424158334732056
mixture,sigma_log_dpm,"Sigma-space DPM-1, log sigma",50,2,9,0.9,0.9853121042251587
mixture,sigma_log_dpm,"Sigma-space DPM-1, log sigma",50,2,9,1.0,1.0
mixture,dpm2_log,"DPM-2 + corrector, log sigma",10,2,9,0.0,0.0
mixture,dpm2_log,"DPM-2 + corrector, log sigma",10,2,9,0.1,0.1463717669248581
mixture,dpm2_log,"DPM-2 + corrector, log sigma",10,2,9,0.2,0.29007917642593384
mixture,dpm2_log,"DPM-2 + corrector, log sigma",10,2,9,0.30000000000000004,0.42843344807624817
mixture,dpm2_log,"DPM-2 + corrector, log sigma",10,2,9,0.4,0.5586961507797241
mixture,dpm2_log,"DPM-2 + corrector, log sigma",10,2,9,0.5,0.6780470609664917
mixture,dpm2_log,"DPM-2 + corrector, log sigma",10,2,9,0.6000000000000001,0.7835460305213928
mixture,dpm2_log,"DPM-2 + corrector, log sigma",10,2,9,0.7000000000000001,0.8720792531967163
mixture,dpm2_log,"DPM-2 + corrector, log sigma",10,2,9,0.8,0.9402772188186646
mixture,dpm2_log,"DPM-2 + corrector, log sigma",10,2,9,0.9,0.9843769669532776
mixture,dpm2_log,"DPM-2 + corrector, log sigma",10,2,9,1.0,1.0
mixture,dpm2_log,"DPM-2 + corrector, log sigma",50,2,9,0.0,0.0
mixture,dpm2_log,"DPM-2 + corrector, log sigma",50,2,9,0.1,0.13698865473270416
mixture,dpm2_log,"DPM-2 + corrector, log sigma",50,2,9,0.2,0.27205637097358704
mixture,dpm2_log,"DPM-2 + corrector, log sigma",50,2,9,0.30000000000000004,0.4032401442527771
mixture,dpm2_log,"DPM-2 + corrector, log sigma",50,2,9,0.4,0.5284880995750427
mixture,dpm2_log,"DPM-2 + corrector, log sigma",50,2,9,0.5,0.6455972194671631
mixture,dpm2_log,"DPM-2 + corrector, log sigma",50,2,9,0.6000000000000001,0.7521258592605591
mixture,dpm2_log,"DPM-2 + corrector, log sigma",50,2,9,0.7000000000000001,0.8452494740486145
mixture,dpm2_log,"DPM-2 + corrector, log sigma",50,2,9,0.8,0.92148756980896
mixture,dpm2_log,"DPM-2 + corrector, log sigma",50,2,9,0.9,0.9760489463806152
mixture,dpm2_log,"DPM-2 + corrector, log sigma",50,2,9,1.0,1.0
mixture,sigma_log_dpm,"Sigma-space DPM-1, log sigma",10,2,10,0.0,0.0
mixture,sigma_log_dpm,"Sigma-space DPM-1, log sigma",10,2,10,0.1,0.1322118043899536
mixture,sigma_log_dpm,"Sigma-space DPM-1, log sigma",10,2,10,0.2,0.26289090514183044
mixture,sigma_log_dpm,"Sigma-space DPM-1, log sigma",10,2,10,0.30000000000000004,0.3904516100883484
mixture,sigma_log_dpm,"Sigma-space DPM-1, log sigma",10,2,10,0.4,0.5131951570510864
mixture,sigma_log_dpm,"Sigma-space DPM-1, log sigma",10,2,10,0.5,0.6292301416397095
mixture,sigma_log_dpm,"Sigma-space DPM-1, log sigma",10,2,10,0.6000000000000001,0.736356794834137
mixture,sigma_log_dpm,"Sigma-space DPM-1, log sigma",10,2,10,0.7000000000000001,0.8318741917610168
mixture,sigma_log_dpm,"Sigma-space DPM-1, log sigma",10,2,10,0.8,0.912206768989563
mixture,sigma_log_dpm,"Sigma-space DPM-1, log sigma",10,2,10,0.9,0.9719905853271484
mixture,sigma_log_dpm,"Sigma-space DPM-1, log sigma",10,2,10,1.0,1.0
mixture,sigma_log_dpm,"Sigma-space DPM-1, log sigma",50,2,10,0.0,0.0
mixture,sigma_log_dpm,"Sigma-space DPM-1, log sigma",50,2,10,0.1,0.13855132460594177
mixture,sigma_log_dpm,"Sigma-space DPM-1, log sigma",50,2,10,0.2,0.2751327157020569
mixture,sigma_log_dpm,"Sigma-space DPM-1, log sigma",50,2,10,0.30000000000000004,0.4077216386795044
mixture,sigma_log_dpm,"Sigma-space DPM-1, log sigma",50,2,10,0.4,0.5341842770576477
mixture,sigma_log_dpm,"Sigma-space DPM-1, log sigma",50,2,10,0.5,0.6522018313407898
mixture,sigma_log_dpm,"Sigma-space DPM-1, log sigma",50,2,10,0.6000000000000001,0.7591698169708252
mixture,sigma_log_dpm,"Sigma-space DPM-1, log sigma",50,2,10,0.7000000000000001,0.8520412445068359
mixture,sigma_log_dpm,"Sigma-space DPM-1, log sigma",50,2,10,0.8,0.92705237865448
mixture,sigma_log_dpm,"Sigma-space DPM-1, log sigma",50,2,10,0.9,0.9791359901428223
mixture,sigma_log_dpm,"Sigma-space DPM-1, log sigma",50,2,10,1.0,1.0
mixture,dpm2_log,"DPM-2 + corrector, log sigma",10,2,10,0.0,0.0
mixture,dpm2_log,"DPM-2 + corrector, log sigma",10,2,10,0.1,0.15295076370239258
mixture,dpm2_log,"DPM-2 + corrector, log sigma",10,2,10,0.2,0.302636981010437
mixture,dpm2_log,"DPM-2 + corrector, log sigma",10,2,10,0.30000000000000004,0.44579678773880005
mixture,dpm2_log,"DPM-2 + corrector, log sigma",10,2,10,0.4,0.5791767239570618
mixture,dpm2_log,"DPM-2 + corrector, log sigma",10,2,10,0.5,0.6995395421981812
mixture,dpm2_log,"DPM-2 + corrector, log sigma",10,2,10,0.6000000000000001,0.8036821484565735
mixture,dpm2_log,"DPM-2 + corrector, log sigma",10,2,10,0.7000000000000001,0.8884727954864502
mixture,dpm2_log,"DPM-2 + corrector, log sigma",10,2,10,0.8,0.9509356021881104
mixture,dpm2_log,"DPM-2 + corrector, log sigma",10,2,10,0.9,0.9884839057922363
mixture,dpm2_log,"DPM-2 + corrector, log sigma",10,2,10,1.0,1.0
mixture,dpm2_log,"DPM-2 + corrector, log sigma",50,2,10,0.0,0.0
mixture,dpm2_log,"DPM-2 + corrector, log sigma",50,2,10,0.1,0.13332338631153107
mixture,dpm2_log,"DPM-2 + corrector, log sigma",50,2,10,0.2,0.264983594417572
mixture,dpm2_log,"DPM-2 + corrector, log sigma",50,2,10,0.30000000000000004,0.3932732343673706
mixture,dpm2_log,"DPM-2 + corrector, log sigma",50,2,10,0.4,0.516391396522522
mixture,dpm2_log,"DPM-2 + corrector, log sigma",50,2,10,0.5,0.6323762536048889
mixture,dpm2_log,"DPM-2 + corrector, log sigma",50,2,10,0.6000000000000001,0.7390086054801941
mixture,dpm2_log,"DPM-2 + corrector, log sigma",50,2,10,0.7000000000000001,0.833646833896637
mixture,dpm2_log,"DPM-2 + corrector, log sigma",50,2,10,0.8,0.9129037261009216
mixture,dpm2_log,"DPM-2 + corrector, log sigma",50,2,10,0.9,0.9718317985534668
mixture,dpm2_log,"DPM-2 + corrector, log sigma",50,2,10,1.0,1.0
mixture,sigma_log_dpm,"Sigma-space DPM-1, log sigma",10,2,11,0.0,0.0
mixture,sigma_log_dpm,"Sigma-space DPM-1, log sigma",10,2,11,0.1,0.11833333969116211
mixture,sigma_log_dpm,"Sigma-space DPM-1, log sigma",10,2,11,0.2,0.23613010346889496
mixture,sigma_log_dpm,"Sigma-space DPM-1, log sigma",10,2,11,0.30000000000000004,0.35279959440231323
mixture,sigma_log_dpm,"Sigma-space DPM-1, log sigma",10,2,11,0.4,0.4676310420036316
mixture,sigma_log_dpm,"Sigma-space DPM-1, log sigma",10,2,11,0.5,0.5796954035758972
mixture,sigma_log_dpm,"Sigma-space DPM-1, log sigma",10,2,11,0.6000000000000001,0.6876822710037231
mixture,sigma_log_dpm,"Sigma-space DPM-1, log sigma",10,2,11,0.7000000000000001,0.7895909547805786
mixture,sigma_log_dpm,"Sigma-space DPM-1, log sigma",10,2,11,0.8,0.8820576667785645
mixture,sigma_log_dpm,"Sigma-space DPM-1, log sigma",10,2,11,0.9,0.95851069688797
mixture,sigma_log_dpm,"Sigma-space DPM-1, log sigma",10,2,11,1.0,1.0
mixture,sigma_log_dpm,"Sigma-space DPM-1, log sigma",50,2,11,0.0,0.0
mixture,sigma_log_dpm,"Sigma-space DPM-1, log sigma",50,2,11,0.1,0.11797893047332764
mixture,sigma_log_dpm,"Sigma-space DPM-1, log sigma",50,2,11,0.2,0.23526085913181305
mixture,sigma_log_dpm,"Sigma-space DPM-1, log sigma",50,2,11,0.30000000000000004,0.3511301279067993
mixture,sigma_log_dpm,"Sigma-space DPM-1, log sigma",50,2,11,0.4,0.46482476592063904
mixture,sigma_log_dpm,"Sigma-space DPM-1, log sigma",50,2,11,0.5,0.5754804015159607
mixture,sigma_log_dpm,"Sigma-space DPM-1, log sigma",50,2,11,0.6000000000000001,0.6820186972618103
mixture,sigma_log_dpm,"Sigma-space DPM-1, log sigma",50,2,11,0.7000000000000001,0.782898485660553
mixture,sigma_log_dpm,"Sigma-space DPM-1, log sigma",50,2,11,0.8,0.8755028247833252
mixture,sigma_log_dpm,"Sigma-space DPM-1, log sigma",50,2,11,0.9,0.9542645215988159
mixture,sigma_log_dpm,"Sigma-space DPM-1, log sigma",50,2,11,1.0,1.0
mixture,dpm2_log,"DPM-2 + corrector, log sigma",10,2,11,0.0,0.0
mixture,dpm2_log,"DPM-2 + corrector, log sigma",10,2,11,0.1,0.1413753479719162
mixture,dpm2_log,"DPM-2 + corrector, log sigma",10,2,11,0.2,0.2805662751197815
mixture,dpm2_log,"DPM-2 + corrector, log sigma",10,2,11,0.30000000000000004,0.4153398871421814
mixture,dpm2_log,"DPM-2 + corrector, log sigma",10,2,11,0.4,0.5433603525161743
mixture,dpm2_log,"DPM-2 + corrector, log sigma",10,2,11,0.5,0.6621224880218506
mixture,dpm2_log,"DPM-2 + corrector, log sigma",10,2,11,0.6000000000000001,0.7688616514205933
mixture,dpm2_log,"DPM-2 + corrector, log sigma",10,2,11,0.7000000000000001,0.860419511795044
mixture,dpm2_log,"DPM-2 + corrector, log sigma",10,2,11,0.8,0.9330209493637085
mixture,dpm2_log,"DPM-2 + corrector, log sigma",10,2,11,0.9,0.9818425178527832
mixture,dpm2_log,"DPM-2 + corrector, log sigma",10,2,11,1.0,1.0
mixture,dpm2_log,"DPM-2 + corrector, log sigma",50,2,11,0.0,0.0
mixture,dpm2_log,"DPM-2 + corrector, log sigma",50,2,11,0.1,0.12848012149333954
mixture,dpm2_log,"DPM-2 + corrector, log sigma",50,2,11,0.2,0.25562596321105957
mixture,dpm2_log,"DPM-2 + corrector, log sigma",50,2,11,0.30000000000000004,0.3800583481788635
mixture,dpm2_log,"DPM-2 + corrector, log sigma",50,2,11,0.4,0.50030118227005
mixture,dpm2_log,"DPM-2 + corrector, log sigma",50,2,11,0.5,0.6147112250328064
mixture,dpm2_log,"DPM-2 + corrector, log sigma",50,2,11,0.6000000000000001,0.7213716506958008
mixture,dpm2_log,"DPM-2 + corrector, log sigma",50,2,11,0.7000000000000001,0.8179064393043518
mixture,dpm2_log,"DPM-2 + corrector, log sigma",50,2,11,0.8,0.9011000990867615
mixture,dpm2_log,"DPM-2 + corrector, log sigma",50,2,11,0.9,0.9658905267715454
mixture,dpm2_log,"DPM-2 + corrector, log sigma",50,2,11,1.0,1.0
mixture,sigma_log_dpm,"Sigma-space DPM-1, log sigma",10,2,12,0.0,0.0
mixture,sigma_log_dpm,"Sigma-space DPM-1, log sigma",10,2,12,0.1,0.10345526039600372
mixture,sigma_log_dpm,"Sigma-space DPM-1, log sigma",10,2,12,0.2,0.2070380449295044
mixture,sigma_log_dpm,"Sigma-space DPM-1, log sigma",10,2,12,0.30000000000000004,0.3108791708946228
mixture,sigma_log_dpm,"Sigma-space DPM-1, log sigma",10,2,12,0.4,0.4151081442832947
mixture,sigma_log_dpm,"Sigma-space DPM-1, log sigma",10,2,12,0.5,0.5198235511779785
mixture,sigma_log_dpm,"Sigma-space DPM-1, log sigma",10,2,12,0.6000000000000001,0.6250084638595581
mixture,sigma_log_dpm,"Sigma-space DPM-1, log sigma",10,2,12,0.7000000000000001,0.7303000092506409
mixture,sigma_log_dpm,"Sigma-space DPM-1, log sigma",10,2,12,0.8,0.8343288898468018
mixture,sigma_log_dpm,"Sigma-space DPM-1, log sigma",10,2,12,0.9,0.9323949217796326
mixture,sigma_log_dpm,"Sigma-space DPM-1, log sigma",10,2,12,1.0,1.0
mixture,sigma_log_dpm,"Sigma-space DPM-1, log sigma",50,2,12,0.0,0.0
mixture,sigma_log_dpm,"Sigma-space DPM-1, log sigma",50,2,12,0.1,0.10902352631092072
mixture,sigma_log_dpm,"Sigma-space DPM-1, log sigma",50,2,12,0.2,0.21786245703697205
mixture,sigma_log_dpm,"Sigma-space DPM-1, log sigma",50,2,12,0.30000000000000004,0.32632267475128174
mixture,sigma_log_dpm,"Sigma-space DPM-1, log sigma",50,2,12,0.4,0.43418288230895996
mixture,sigma_log_dpm,"Sigma-space DPM-1, log sigma",50,2,12,0.5,0.541153073310852
mixture,sigma_log_dpm,"Sigma-space DPM-1, log sigma",50,2,12,0.6000000000000001,0.6467798948287964
mixture,sigma_log_dpm,"Sigma-space DPM-1, log sigma",50,2,12,0.7000000000000001,0.7502193450927734
mixture,sigma_log_dpm,"Sigma-space DPM-1, log sigma",50,2,12,0.8,0.8496296405792236
mixture,sigma_log_dpm,"Sigma-space DPM-1, log sigma",50,2,12,0.9,0.940136730670929
mixture,sigma_log_dpm,"Sigma-space DPM-1, log sigma",50,2,12,1.0,1.0
mixture,dpm2_log,"DPM-2 + corrector, log sigma",10,2,12,0.0,0.0
mixture,dpm2_log,"DPM-2 + corrector, log sigma",10,2,12,0.1,0.13226062059402466
mixture,dpm2_log,"DPM-2 + corrector, log sigma",10,2,12,0.2,0.2630958557128906
mixture,dpm2_log,"DPM-2 + corrector, log sigma",10,2,12,0.30000000000000004,0.3910118341445923
mixture,dpm2_log,"DPM-2 + corrector, log sigma",10,2,12,0.4,0.5143675804138184
mixture,dpm2_log,"DPM-2 + corrector, log sigma",10,2,12,0.5,0.6312709450721741
mixture,dpm2_log,"DPM-2 + corrector, log sigma",10,2,12,0.6000000000000001,0.7394254803657532
mixture,dpm2_log,"DPM-2 + corrector, log sigma",10,2,12,0.7000000000000001,0.835879921913147
mixture,dpm2_log,"DPM-2 + corrector, log sigma",10,2,12,0.8,0.9165599942207336
mixture,dpm2_log,"DPM-2 + corrector, log sigma",10,2,12,0.9,0.9752216339111328
mixture,dpm2_log,"DPM-2 + corrector, log sigma",10,2,12,1.0,1.0
mixture,dpm2_log,"DPM-2 + corrector, log sigma",50,2,12,0.0,0.0
mixture,dpm2_log,"DPM-2 + corrector, log sigma",50,2,12,0.1,0.13029618561267853
mixture,dpm2_log,"DPM-2 + corrector, log sigma",50,2,12,0.2,0.25914281606674194
mixture,dpm2_log,"DPM-2 + corrector, log sigma",50,2,12,0.30000000000000004,0.3850451409816742
mixture,dpm2_log,"DPM-2 + corrector, log sigma",50,2,12,0.4,0.5064100027084351
mixture,dpm2_log,"DPM-2 + corrector, log sigma",50,2,12,0.5,0.621475875377655
mixture,dpm2_log,"DPM-2 + corrector, log sigma",50,2,12,0.6000000000000001,0.7282072305679321
mixture,dpm2_log,"DPM-2 + corrector, log sigma",50,2,12,0.7000000000000001,0.8241128921508789
mixture,dpm2_log,"DPM-2 + corrector, log sigma",50,2,12,0.8,0.9058781862258911
mixture,dpm2_log,"DPM-2 + corrector, log sigma",50,2,12,0.9,0.9684133529663086
mixture,dpm2_log,"DPM-2 + corrector, log sigma",50,2,12,1.0,1.0
mixture,sigma_log_dpm,"Sigma-space DPM-1, log sigma",10,2,13,0.0,0.0
mixture,sigma_log_dpm,"Sigma-space DPM-1, log sigma",10,2,13,0.1,0.1312100887298584
mixture,sigma_log_dpm,"Sigma-space DPM-1, log sigma",10,2,13,0.2,0.26095616817474365
mixture,sigma_log_dpm,"Sigma-space DPM-1, log sigma",10,2,13,0.30000000000000004,0.3877214789390564
mixture,sigma_log_dpm,"Sigma-space DPM-1, log sigma",10,2,13,0.4,0.5098767280578613
mixture,sigma_log_dpm,"Sigma-space DPM-1, log sigma",10,2,13,0.5,0.6255991458892822
mixture,sigma_log_dpm,"Sigma-space DPM-1, log sigma",10,2,13,0.6000000000000001,0.7327556610107422
mixture,sigma_log_dpm,"Sigma-space DPM-1, log sigma",10,2,13,0.7000000000000001,0.8287026882171631
mixture,sigma_log_dpm,"Sigma-space DPM-1, log sigma",10,2,13,0.8,0.9098948240280151
mixture,sigma_log_dpm,"Sigma-space DPM-1, log sigma",10,2,13,0.9,0.9709115028381348
mixture,sigma_log_dpm,"Sigma-space DPM-1, log sigma",10,2,13,1.0,1.0
mixture,sigma_log_dpm,"Sigma-space DPM-1, log sigma",50,2,13,0.0,0.0
mixture,sigma_log_dpm,"Sigma-space DPM-1, log sigma",50,2,13,0.1,0.13499611616134644
mixture,sigma_log_dpm,"Sigma-space DPM-1, log sigma",50,2,13,0.2,0.2682817578315735
mixture,sigma_log_dpm,"Sigma-space DPM-1, log sigma",50,2,13,0.30000000000000004,0.39809179306030273
mixture,sigma_log_dpm,"Sigma-space DPM-1, log sigma",50,2,13,0.4,0.5225444436073303
mixture,sigma_log_dpm,"Sigma-space DPM-1, log sigma",50,2,13,0.5,0.639561653137207
mixture,sigma_log_dpm,"Sigma-space DPM-1, log sigma",50,2,13,0.6000000000000001,0.7467551231384277
mixture,sigma_log_dpm,"Sigma-space DPM-1, log sigma",50,2,13,0.7000000000000001,0.8412424325942993
mixture,sigma_log_dpm,"Sigma-space DPM-1, log sigma",50,2,13,0.8,0.919303297996521
mixture,sigma_log_dpm,"Sigma-space DPM-1, log sigma",50,2,13,0.9,0.9755858778953552
mixture,sigma_log_dpm,"Sigma-space DPM-1, log sigma",50,2,13,1.0,1.0
mixture,dpm2_log,"DPM-2 + corrector, log sigma",10,2,13,0.0,0.0
mixture,dpm2_log,"DPM-2 + corrector, log sigma",10,2,13,0.1,0.14079849421977997
mixture,dpm2_log,"DPM-2 + corrector, log sigma",10,2,13,0.2,0.2794022858142853
mixture,dpm2_log,"DPM-2 + corrector, log sigma",10,2,13,0.30000000000000004,0.4135769307613373
mixture,dpm2_log,"DPM-2 + corrector, log sigma",10,2,13,0.4,0.5410046577453613
mixture,dpm2_log,"DPM-2 + corrector, log sigma",10,2,13,0.5,0.659228503704071
mixture,dpm2_log,"DPM-2 + corrector, log sigma",10,2,13,0.6000000000000001,0.7655759453773499
mixture,dpm2_log,"DPM-2 + corrector, log sigma",10,2,13,0.7000000000000001,0.85704106092453
mixture,dpm2_log,"DPM-2 + corrector, log sigma",10,2,13,0.8,0.9300734400749207
mixture,dpm2_log,"DPM-2 + corrector, log sigma",10,2,13,0.9,0.9801186323165894
mixture,dpm2_log,"DPM-2 + corrector, log sigma",10,2,13,1.0,1.0
mixture,dpm2_log,"DPM-2 + corrector, log sigma",50,2,13,0.0,0.0
mixture,dpm2_log,"DPM-2 + corrector, log sigma",50,2,13,0.1,0.1306176334619522
mixture,dpm2_log,"DPM-2 + corrector, log sigma",50,2,13,0.2,0.25976425409317017
mixture,dpm2_log,"DPM-2 + corrector, log sigma",50,2,13,0.30000000000000004,0.38592302799224854
mixture,dpm2_log,"DPM-2 + corrector, log sigma",50,2,13,0.4,0.5074794292449951
mixture,dpm2_log,"DPM-2 + corrector, log sigma",50,2,13,0.5,0.6226502060890198
mixture,dpm2_log,"DPM-2 + corrector, log sigma",50,2,13,0.6000000000000001,0.7293791770935059
mixture,dpm2_log,"DPM-2 + corrector, log sigma",50,2,13,0.7000000000000001,0.8251561522483826
mixture,dpm2_log,"DPM-2 + corrector, log sigma",50,2,13,0.8,0.9066545963287354
mixture,dpm2_log,"DPM-2 + corrector, log sigma",50,2,13,0.9,0.9687938690185547
mixture,dpm2_log,"DPM-2 + corrector, log sigma",50,2,13,1.0,1.0
mixture,sigma_log_dpm,"Sigma-space DPM-1, log sigma",10,2,14,0.0,0.0
mixture,sigma_log_dpm,"Sigma-space DPM-1, log sigma",10,2,14,0.1,0.12150287628173828
mixture,sigma_log_dpm,"Sigma-space DPM-1, log sigma",10,2,14,0.2,0.24216105043888092
mixture,sigma_log_dpm,"Sigma-space DPM-1, log sigma",10,2,14,0.30000000000000004,0.36108216643333435
mixture,sigma_log_dpm,"Sigma-space DPM-1, log sigma",10,2,14,0.4,0.47727012634277344
mixture,sigma_log_dpm,"Sigma-space DPM-1, log sigma",10,2,14,0.5,0.5895464420318604
mixture,sigma_log_dpm,"Sigma-space DPM-1, log sigma",10,2,14,0.6000000000000001,0.69642573595047
mixture,sigma_log_dpm,"Sigma-space DPM-1, log sigma",10,2,14,0.7000000000000001,0.795890212059021
mixture,sigma_log_dpm,"Sigma-space DPM-1, log sigma",10,2,14,0.8,0.8849056363105774
mixture,sigma_log_dpm,"Sigma-space DPM-1, log sigma",10,2,14,0.9,0.9580771923065186
mixture,sigma_log_dpm,"Sigma-space DPM-1, log sigma",10,2,14,1.0,1.0
mixture,sigma_log_dpm,"Sigma-space DPM-1, log sigma",50,2,14,0.0,0.0
mixture,sigma_log_dpm,"Sigma-space DPM-1, log sigma",50,2,14,0.1,0.1243295818567276
mixture,sigma_log_dpm,"Sigma-space DPM-1, log sigma",50,2,14,0.2,0.24771295487880707
mixture,sigma_log_dpm,"Sigma-space DPM-1, log sigma",50,2,14,0.30000000000000004,0.3691438138484955
mixture,sigma_log_dpm,"Sigma-space DPM-1, log sigma",50,2,14,0.4,0.48748600482940674
mixture,sigma_log_dpm,"Sigma-space DPM-1, log sigma",50,2,14,0.5,0.6013774275779724
mixture,sigma_log_dpm,"Sigma-space DPM-1, log sigma",50,2,14,0.6000000000000001,0.7090837955474854
mixture,sigma_log_dpm,"Sigma-space DPM-1, log sigma",50,2,14,0.7000000000000001,0.8082417249679565
mixture,sigma_log_dpm,"Sigma-space DPM-1, log sigma",50,2,14,0.8,0.8953326344490051
mixture,sigma_log_dpm,"Sigma-space DPM-1, log sigma",50,2,14,0.9,0.9643163681030273
mixture,sigma_log_dpm,"Sigma-space DPM-1, log sigma",50,2,14,1.0,1.0
mixture,dpm2_log,"DPM-2 + corrector, log sigma",10,2,14,0.0,0.0
mixture,dpm2_log,"DPM-2 + corrector, log sigma",10,2,14,0.1,0.13826793432235718
mixture,dpm2_log,"DPM-2 + corrector, log sigma",10,2,14,0.2,0.27450457215309143
mixture,dpm2_log,"DPM-2 + corrector, log sigma",10,2,14,0.30000000000000004,0.40664082765579224
mixture,dpm2_log,"DPM-2 + corrector, log sigma",10,2,14,0.4,0.53252774477005
mixture,dpm2_log,"DPM-2 + corrector, log sigma",10,2,14,0.5,0.6498810052871704
mixture,dpm2_log,"DPM-2 + corrector, log sigma",10,2,14,0.6000000000000001,0.7562024593353271
mixture,dpm2_log,"DPM-2 + corrector, log sigma",10,2,14,0.7000000000000001,0.848650336265564
mixture,dpm2_log,"DPM-2 + corrector, log sigma",10,2,14,0.8,0.9237946271896362
mixture,dpm2_log,"DPM-2 + corrector, log sigma",10,2,14,0.9,0.9770275354385376
mixture,dpm2_log,"DPM-2 + corrector, log sigma",10,2,14,1.0,1.0
mixture,dpm2_log,"DPM-2 + corrector, log sigma",50,2,14,0.0,0.0
mixture,dpm2_log,"DPM-2 + corrector, log sigma",50,2,14,0.1,0.12031741440296173
mixture,dpm2_log,"DPM-2 + corrector, log sigma",50,2,14,0.2,0.2397865653038025
mixture,dpm2_log,"DPM-2 + corrector, log sigma",50,2,14,0.30000000000000004,0.35752028226852417
mixture,dpm2_log,"DPM-2 + corrector, log sigma",50,2,14,0.4,0.47254669666290283
mixture,dpm2_log,"DPM-2 + corrector, log sigma",50,2,14,0.5,0.5837447643280029
mixture,dpm2_log,"DPM-2 + corrector, log sigma",50,2,14,0.6000000000000001,0.6897432804107666
mixture,dpm2_log,"DPM-2 + corrector, log sigma",50,2,14,0.7000000000000001,0.7887347936630249
mixture,dpm2_log,"DPM-2 + corrector, log sigma",50,2,14,0.8,0.878074049949646
mixture,dpm2_log,"DPM-2 + corrector, log sigma",50,2,14,0.9,0.9531288146972656
mixture,dpm2_log,"DPM-2 + corrector, log sigma",50,2,14,1.0,1.0
mixture,sigma_log_dpm,"Sigma-space DPM-1, log sigma",10,2,15,0.0,0.0
mixture,sigma_log_dpm,"Sigma-space DPM-1, log sigma",10,2,15,0.1,0.12766829133033752
mixture,sigma_log_dpm,"Sigma-space DPM-1, log sigma",10,2,15,0.2,0.25409233570098877
mixture,sigma_log_dpm,"Sigma-space DPM-1, log sigma",10,2,15,0.30000000000000004,0.3779778778553009
mixture,sigma_log_dpm,"Sigma-space DPM-1, log sigma",10,2,15,0.4,0.49792295694351196
mixture,sigma_log_dpm,"Sigma-space DPM-1, log sigma",10,2,15,0.5,0.6123395562171936
mixture,sigma_log_dpm,"Sigma-space DPM-1, log sigma",10,2,15,0.6000000000000001,0.7193353176116943
mixture,sigma_log_dpm,"Sigma-space DPM-1, log sigma",10,2,15,0.7000000000000001,0.8165073394775391
mixture,sigma_log_dpm,"Sigma-space DPM-1, log sigma",10,2,15,0.8,0.9005225896835327
mixture,sigma_log_dpm,"Sigma-space DPM-1, log sigma",10,2,15,0.9,0.9660204648971558
mixture,sigma_log_dpm,"Sigma-space DPM-1, log sigma",10,2,15,1.0,1.0
mixture,sigma_log_dpm,"Sigma-space DPM-1, log sigma",50,2,15,0.0,0.0
mixture,sigma_log_dpm,"Sigma-space DPM-1, log sigma",50,2,15,0.1,0.1406242996454239
mixture,sigma_log_dpm,"Sigma-space DPM-1, log sigma",50,2,15,0.2,0.2790830731391907
mixture,sigma_log_dpm,"Sigma-space DPM-1, log sigma",50,2,15,0.30000000000000004,0.41316771507263184
mixture,sigma_log_dpm,"Sigma-space DPM-1, log sigma",50,2,15,0.4,0.5405792593955994
mixture,sigma_log_dpm,"Sigma-space DPM-1, log sigma",50,2,15,0.5,0.6588682532310486
mixture,sigma_log_dpm,"Sigma-space DPM-1, log sigma",50,2,15,0.6000000000000001,0.7653539180755615
mixture,sigma_log_dpm,"Sigma-space DPM-1, log sigma",50,2,15,0.7000000000000001,0.8569988012313843
mixture,sigma_log_dpm,"Sigma-space DPM-1, log sigma",50,2,15,0.8,0.9301905632019043
mixture,sigma_log_dpm,"Sigma-space DPM-1, log sigma",50,2,15,0.9,0.9802745580673218
mixture,sigma_log_dpm,"Sigma-space DPM-1, log sigma",50,2,15,1.0,1.0
mixture,dpm2_log,"DPM-2 + corrector, log sigma",10,2,15,0.0,0.0
mixture,dpm2_log,"DPM-2 + corrector, log sigma",10,2,15,0.1,0.14396913349628448
mixture,dpm2_log,"DPM-2 + corrector, log sigma",10,2,15,0.2,0.2854948043823242
mixture,dpm2_log,"DPM-2 + corrector, log sigma",10,2,15,0.30000000000000004,0.42209842801094055
mixture,dpm2_log,"DPM-2 + corrector, log sigma",10,2,15,0.4,0.5512286424636841
mixture,dpm2_log,"DPM-2 + corrector, log sigma",10,2,15,0.5,0.6702147722244263
mixture,dpm2_log,"DPM-2 + corrector, log sigma",10,2,15,0.6000000000000001,0.7762079834938049
mixture,dpm2_log,"DPM-2 + corrector, log sigma",10,2,15,0.7000000000000001,0.8660953044891357
mixture,dpm2_log,"DPM-2 + corrector, log sigma",10,2,15,0.8,0.9363625049591064
mixture,dpm2_log,"DPM-2 + corrector, log sigma",10,2,15,0.9,0.9828338623046875
mixture,dpm2_log,"DPM-2 + corrector, log sigma",10,2,15,1.0,1.0
mixture,dpm2_log,"DPM-2 + corrector, log sigma",50,2,15,0.0,0.0
mixture,dpm2_log,"DPM-2 + corrector, log sigma",50,2,15,0.1,0.13333304226398468
mixture,dpm2_log,"DPM-2 + corrector, log sigma",50,2,15,0.2,0.26500964164733887
mixture,dpm2_log,"DPM-2 + corrector, log sigma",50,2,15,0.30000000000000004,0.39332813024520874
mixture,dpm2_log,"DPM-2 + corrector, log sigma",50,2,15,0.4,0.5164912343025208
mixture,dpm2_log,"DPM-2 + corrector, log sigma",50,2,15,0.5,0.6325371861457825
mixture,dpm2_log,"DPM-2 + corrector, log sigma",50,2,15,0.6000000000000001,0.739240825176239
mixture,dpm2_log,"DPM-2 + corrector, log sigma",50,2,15,0.7000000000000001,0.8339452743530273
mixture,dpm2_log,"DPM-2 + corrector, log sigma",50,2,15,0.8,0.9132316708564758
mixture,dpm2_log,"DPM-2 + corrector, log sigma",50,2,15,0.9,0.9720920920372009
mixture,dpm2_log,"DPM-2 + corrector, log sigma",50,2,15,1.0,1.0
