n_observations,repeat,method,parameter,parameter_index,truth,analytic_map,analytic_std,estimate
2,0,joint_score,global,0,-0.11947858333587646,-0.029101144522428513,0.3985288441181183,-0.025901369750499725
2,0,joint_score,local,1,-0.1339401751756668,-0.4683169722557068,0.4105673134326935,-0.4685639441013336
2,0,joint_score,local,2,0.22376449406147003,0.4519473612308502,0.4105673134326935,0.44670164585113525
2,1,joint_score,global,0,-1.001737117767334,-1.1289575099945068,0.3985288441181183,-1.0591237545013428
2,1,joint_score,local,1,0.15220510959625244,0.24182920157909393,0.4105673134326935,0.17811816930770874
2,1,joint_score,local,2,-1.0331861972808838,-0.8768671154975891,0.4105673134326935,-0.9345272779464722
2,2,joint_score,global,0,0.4211232662200928,0.04894335940480232,0.3985288441181183,0.031601376831531525
2,2,joint_score,local,1,-0.36044979095458984,-0.1266530454158783,0.4105673134326935,-0.11117889732122421
2,2,joint_score,local,2,-0.27730417251586914,0.15418361127376556,0.4105673134326935,0.16814666986465454
2,3,joint_score,global,0,0.2611561715602875,-0.29613253474235535,0.3985288441181183,-0.3159237205982208
2,3,joint_score,local,1,-0.4102761149406433,-0.044214460998773575,0.4105673134326935,-0.028153467923402786
2,3,joint_score,local,2,-0.4099379777908325,-0.12236011028289795,0.4105673134326935,-0.1058819442987442
2,4,joint_score,global,0,0.4854675233364105,0.5548462271690369,0.3985288441181183,0.4513157606124878
2,4,joint_score,local,1,-0.22590585052967072,-0.28181904554367065,0.4105673134326935,-0.19118662178516388
2,4,joint_score,local,2,0.44101908802986145,0.5939195156097412,0.4105673134326935,0.6798201203346252
2,5,joint_score,global,0,-0.31491920351982117,-0.4120771288871765,0.3985288441181183,-0.42219358682632446
2,5,joint_score,local,1,-0.6174618005752563,-0.4840993583202362,0.4105673134326935,-0.4741950035095215
2,5,joint_score,local,2,0.8938155174255371,0.2523057162761688,0.4105673134326935,0.258235901594162
2,6,joint_score,global,0,0.010931744240224361,0.028679057955741882,0.3985288441181183,-0.03634694591164589
2,6,joint_score,local,1,-0.026557259261608124,-0.2268747091293335,0.4105673134326935,-0.1706511527299881
2,6,joint_score,local,2,0.271847665309906,0.24300652742385864,0.4105673134326935,0.2966885268688202
2,7,joint_score,global,0,2.012974500656128,1.2316491603851318,0.3985288441181183,1.124703288078308
2,7,joint_score,local,1,0.6366039514541626,1.1177992820739746,0.4105673134326935,1.2058556079864502
2,7,joint_score,local,2,-1.2038662433624268,-0.4249962866306305,0.4105673134326935,-0.3287229537963867
2,8,joint_score,global,0,-0.5700610280036926,-0.9190118908882141,0.3985288441181183,-0.8306857943534851
2,8,joint_score,local,1,-0.19795523583889008,-0.10831711441278458,0.4105673134326935,-0.18511205911636353
2,8,joint_score,local,2,-0.8182656168937683,-0.40862756967544556,0.4105673134326935,-0.4837969243526459
2,9,joint_score,global,0,-0.2414272576570511,-0.3218071758747101,0.3985288441181183,-0.3144569993019104
2,9,joint_score,local,1,-0.22999267280101776,-0.2132207155227661,0.4105673134326935,-0.2192552536725998
2,9,joint_score,local,2,0.05264123156666756,0.032203953713178635,0.4105673134326935,0.024854149669408798
2,10,joint_score,global,0,0.34667032957077026,0.48494958877563477,0.3985288441181183,0.4541139304637909
2,10,joint_score,local,1,0.5015133619308472,0.29554349184036255,0.4105673134326935,0.32146206498146057
2,10,joint_score,local,2,0.42784661054611206,-0.022759150713682175,0.4105673134326935,0.004864478018134832
2,11,joint_score,global,0,-0.4908963143825531,0.1908569037914276,0.3985288441181183,0.14327743649482727
2,11,joint_score,local,1,0.2448374480009079,-0.4441149830818176,0.4105673134326935,-0.40097594261169434
2,11,joint_score,local,2,0.8382197618484497,0.5514718294143677,0.4105673134326935,0.5892686247825623
2,12,joint_score,global,0,-0.9873399138450623,-0.711153507232666,0.3985288441181183,-0.622951328754425
2,12,joint_score,local,1,0.11558261513710022,-0.1813211441040039,0.4105673134326935,-0.2569815516471863
2,12,joint_score,local,2,0.17935049533843994,-0.2187025398015976,0.4105673134326935,-0.29416143894195557
2,13,joint_score,global,0,-0.2251424640417099,-0.012095067650079727,0.3985288441181183,-0.05709584429860115
2,13,joint_score,local,1,0.22511668503284454,0.23012271523475647,0.4105673134326935,0.26685699820518494
2,13,joint_score,local,2,0.2758639454841614,-0.23692601919174194,0.4105673134326935,-0.1976907104253769
2,14,joint_score,global,0,0.07671566307544708,0.159234881401062,0.3985288441181183,0.04608022794127464
2,14,joint_score,local,1,0.13299566507339478,0.3743381202220917,0.4105673134326935,0.4683835208415985
2,14,joint_score,local,2,-0.23763228952884674,-0.2847682237625122,0.4105673134326935,-0.18721064925193787
2,15,joint_score,global,0,0.03333522751927376,-0.25557324290275574,0.3985288441181183,-0.3963148891925812
2,15,joint_score,local,1,-0.6488416790962219,-0.06561750918626785,0.4105673134326935,0.05281440168619156
2,15,joint_score,local,2,0.05523166432976723,-0.07814254611730576,0.4105673134326935,0.0403565987944603
2,16,joint_score,global,0,-0.030110284686088562,-0.09245193749666214,0.3985288441181183,-0.1431715041399002
2,16,joint_score,local,1,-0.29875728487968445,-0.2564695477485657,0.4105673134326935,-0.21254201233386993
2,16,joint_score,local,2,0.2342097908258438,0.20446524024009705,0.4105673134326935,0.2459237426519394
2,17,joint_score,global,0,0.33720359206199646,0.8711866736412048,0.3985288441181183,0.8335431218147278
2,17,joint_score,local,1,0.5645630955696106,0.5570404529571533,0.4105673134326935,0.5884686708450317
2,17,joint_score,local,2,0.9117834568023682,-0.06699828803539276,0.4105673134326935,-0.03220904991030693
2,18,joint_score,global,0,-0.32266613841056824,-0.30449527502059937,0.3985288441181183,-0.3462568521499634
2,18,joint_score,local,1,-0.23159180581569672,-0.31693848967552185,0.4105673134326935,-0.28088903427124023
2,18,joint_score,local,2,0.2986130118370056,0.14565995335578918,0.4105673134326935,0.17922106385231018
2,19,joint_score,global,0,0.2606712877750397,0.07729384303092957,0.3985288441181183,0.06265602260828018
2,19,joint_score,local,1,-0.1576041877269745,0.1064700335264206,0.4105673134326935,0.11849094182252884
2,19,joint_score,local,2,-0.4295404255390167,-0.06299219280481339,0.4105673134326935,-0.05005702003836632
5,0,joint_score,global,0,0.06815804541110992,0.4128090441226959,0.27321159839630127,0.44216981530189514
5,0,joint_score,local,1,-0.20269550383090973,-0.43280041217803955,0.3277930021286011,-0.45408955216407776
5,0,joint_score,local,2,0.17038607597351074,-0.1409706026315689,0.3277930021286011,-0.16379965841770172
5,0,joint_score,local,3,0.18143399059772491,0.2787041962146759,0.32779303193092346,0.2536604404449463
5,0,joint_score,local,4,0.6675403118133545,0.22494320571422577,0.3277930021286011,0.20018331706523895
5,0,joint_score,local,5,0.34766513109207153,0.30232909321784973,0.3277930021286011,0.27716130018234253
5,1,joint_score,global,0,-0.011937925592064857,-0.010760405100882053,0.27321159839630127,0.06790793687105179
5,1,joint_score,local,1,0.1541675478219986,-0.03826294094324112,0.3277930021286011,-0.10453375428915024
5,1,joint_score,local,2,-1.2005586624145508,-0.6645494103431702,0.3277930021286011,-0.7275024056434631
5,1,joint_score,local,3,0.37095877528190613,0.1519164890050888,0.32779303193092346,0.08463817834854126
5,1,joint_score,local,4,0.8207607269287109,0.7827282547950745,0.3277930021286011,0.7121084332466125
5,1,joint_score,local,5,-0.04238589107990265,-0.2378847301006317,0.3277930021286011,-0.3030979633331299
5,2,joint_score,global,0,-0.15440891683101654,-0.10075272619724274,0.27321159839630127,-0.12141945958137512
5,2,joint_score,local,1,0.1495147943496704,0.13221095502376556,0.3277930021286011,0.14866498112678528
5,2,joint_score,local,2,-0.09377116709947586,-0.15456520020961761,0.3277930021286011,-0.13659211993217468
5,2,joint_score,local,3,0.1930929720401764,0.30658191442489624,0.32779303193092346,0.32211238145828247
5,2,joint_score,local,4,0.07709641754627228,0.0645701214671135,0.3277930021286011,0.08138249069452286
5,2,joint_score,local,5,-0.8342992067337036,-0.4054713249206543,0.3277930021286011,-0.38616955280303955
5,3,joint_score,global,0,0.32351893186569214,0.13746029138565063,0.27321159839630127,0.06154794245958328
5,3,joint_score,local,1,0.14742626249790192,0.1501348912715912,0.3277930021286011,0.2138642817735672
5,3,joint_score,local,2,-0.664179265499115,-0.2661718726158142,0.3277930021286011,-0.20024022459983826
5,3,joint_score,local,3,0.9332287907600403,0.9123902320861816,0.32779303193092346,0.9720867872238159
5,3,joint_score,local,4,-0.3912428617477417,-0.5480576157569885,0.3277930021286011,-0.480634868144989
5,3,joint_score,local,5,-0.5406906008720398,-0.17097434401512146,0.3277930021286011,-0.10554619878530502
5,4,joint_score,global,0,0.2747957706451416,0.48299404978752136,0.27321159839630127,0.5011977553367615
5,4,joint_score,local,1,1.203932762145996,0.9526631236076355,0.3277930021286011,0.9336864948272705
5,4,joint_score,local,2,0.03335801512002945,0.0967298224568367,0.3277930021286011,0.08228067308664322
5,4,joint_score,local,3,0.8169571757316589,0.22784222662448883,0.32779303193092346,0.21269939839839935
5,4,joint_score,local,4,-1.5253205299377441,-1.1369038820266724,0.3277930021286011,-1.1448278427124023
5,4,joint_score,local,5,0.19874747097492218,0.13135327398777008,0.3277930021286011,0.11672123521566391
5,5,joint_score,global,0,2.1692700386047363,1.9672950506210327,0.27321159839630127,1.778396487236023
5,5,joint_score,local,1,-0.22840090095996857,0.3648154139518738,0.3277930021286011,0.5282775163650513
5,5,joint_score,local,2,-0.00835380982607603,0.2769610285758972,0.3277930021286011,0.4408887028694153
5,5,joint_score,local,3,-0.3979406952857971,0.09581132978200912,0.32779303193092346,0.2606942057609558
5,5,joint_score,local,4,-0.20208367705345154,0.16779549419879913,0.3277930021286011,0.33229896426200867
5,5,joint_score,local,5,-0.19165658950805664,0.20122303068637848,0.3277930021286011,0.3655509352684021
5,6,joint_score,global,0,0.06697186082601547,-0.30692288279533386,0.27321159839630127,-0.31946831941604614
5,6,joint_score,local,1,-0.3289716839790344,-0.054282356053590775,0.3277930021286011,-0.04431625083088875
5,6,joint_score,local,2,-0.20799577236175537,0.09500153362751007,0.3277930021286011,0.10417451709508896
5,6,joint_score,local,3,1.1873127222061157,1.4935195446014404,0.32779303193092346,1.4952630996704102
5,6,joint_score,local,4,-1.4777324199676514,-0.7824398279190063,0.3277930021286011,-0.7686053514480591
5,6,joint_score,local,5,-1.2782058715820312,-0.9244431257247925,0.3277930021286011,-0.9098541736602783
5,7,joint_score,global,0,0.8283292651176453,0.31300050020217896,0.27321159839630127,0.2655456066131592
5,7,joint_score,local,1,-1.015785813331604,-0.49375632405281067,0.3277930021286011,-0.4501183331012726
5,7,joint_score,local,2,0.715410590171814,0.5944138169288635,0.3277930021286011,0.6322682499885559
5,7,joint_score,local,3,-0.21176287531852722,0.08963140845298767,0.32779303193092346,0.13016891479492188
5,7,joint_score,local,4,-0.9407802224159241,-0.028496794402599335,0.3277930021286011,0.012668636627495289
5,7,joint_score,local,5,-0.20418085157871246,0.014270824380218983,0.3277930021286011,0.05520925670862198
5,8,joint_score,global,0,0.3668089509010315,-0.16066798567771912,0.27321159839630127,-0.08925028890371323
5,8,joint_score,local,1,-0.10351765900850296,0.49250876903533936,0.3277930021286011,0.4291016459465027
5,8,joint_score,local,2,0.260679692029953,0.7887877225875854,0.3277930021286011,0.7238098382949829
5,8,joint_score,local,3,-1.2487239837646484,-0.859779417514801,0.32779303193092346,-0.916018545627594
5,8,joint_score,local,4,-0.7853634357452393,-0.5117348432540894,0.3277930021286011,-0.5698186159133911
5,8,joint_score,local,5,-0.3986167907714844,-0.00015841859567444772,0.3277930021286011,-0.06095423549413681
5,9,joint_score,global,0,-1.020025610923767,-0.33344700932502747,0.27321159839630127,-0.23063799738883972
5,9,joint_score,local,1,1.8317017555236816,0.9644737839698792,0.3277930021286011,0.8715420365333557
5,9,joint_score,local,2,0.45462265610694885,-0.09617612510919571,0.3277930021286011,-0.1834906041622162
5,9,joint_score,local,3,0.23420394957065582,-0.36337536573410034,0.32779303193092346,-0.4492747187614441
5,9,joint_score,local,4,0.36001813411712646,-0.6117212176322937,0.3277930021286011,-0.6963053941726685
5,9,joint_score,local,5,0.6421953439712524,-0.0807650163769722,0.3277930021286011,-0.16816143691539764
5,10,joint_score,global,0,-0.5400792956352234,-0.369832843542099,0.27321159839630127,-0.2756554186344147
5,10,joint_score,local,1,-0.5170289874076843,-0.46129369735717773,0.3277930021286011,-0.5395008325576782
5,10,joint_score,local,2,0.30458974838256836,-0.201567143201828,0.3277930021286011,-0.2811442017555237
5,10,joint_score,local,3,-0.294880211353302,0.03779130429029465,0.32779303193092346,-0.04304850473999977
5,10,joint_score,local,4,0.651076078414917,0.152536079287529,0.3277930021286011,0.0710906982421875
5,10,joint_score,local,5,0.3265525996685028,0.26450255513191223,0.3277930021286011,0.1824663281440735
5,11,joint_score,global,0,-0.8214489817619324,-0.3782590925693512,0.27321159839630127,-0.293555349111557
5,11,joint_score,local,1,-0.6261393427848816,-0.6583638787269592,0.3277930021286011,-0.7275247573852539
5,11,joint_score,local,2,1.2934246063232422,1.1446739435195923,0.3277930021286011,1.065907597541809
5,11,joint_score,local,3,0.7681416273117065,0.3593892753124237,0.32779303193092346,0.28480616211891174
5,11,joint_score,local,4,-0.3921982944011688,-0.8337722420692444,0.3277930021286011,-0.9020001292228699
5,11,joint_score,local,5,0.377040296792984,-0.22469811141490936,0.3277930021286011,-0.2961697578430176
5,12,joint_score,global,0,1.3247181177139282,1.0336252450942993,0.27321159839630127,0.9559922814369202
5,12,joint_score,local,1,-0.7401658892631531,-0.3769797682762146,0.3277930021286011,-0.3063275218009949
5,12,joint_score,local,2,-0.6457998752593994,-0.7499694228172302,0.3277930021286011,-0.6773373484611511
5,12,joint_score,local,3,0.23395419120788574,0.38375383615493774,0.32779303193092346,0.4503682553768158
5,12,joint_score,local,4,0.24163129925727844,0.3307374119758606,0.3277930021286011,0.3976339101791382
5,12,joint_score,local,5,0.9677578806877136,0.9938748478889465,0.3277930021286011,1.0572510957717896
5,13,joint_score,global,0,0.5972241759300232,0.8402950167655945,0.27321159839630127,0.7154105305671692
5,13,joint_score,local,1,1.2370657920837402,0.6412957906723022,0.3277930021286011,0.7458810210227966
5,13,joint_score,local,2,-0.4700704514980316,-0.7888668179512024,0.3277930021286011,-0.6767190098762512
5,13,joint_score,local,3,0.30722376704216003,0.1778365522623062,0.32779303193092346,0.2848721444606781
5,13,joint_score,local,4,1.2235207557678223,0.7411935925483704,0.3277930021286011,0.8452503681182861
5,13,joint_score,local,5,-0.2231476604938507,-0.2987937033176422,0.3277930021286011,-0.1892368346452713
5,14,joint_score,global,0,-0.9867763519287109,-1.0511457920074463,0.27321159839630127,-0.9211149215698242
5,14,joint_score,local,1,-0.3273314833641052,-0.4077252745628357,0.3277930021286011,-0.5185186862945557
5,14,joint_score,local,2,-0.4988853633403778,-0.0925753191113472,0.3277930021286011,-0.20503804087638855
5,14,joint_score,local,3,0.13627992570400238,0.31429508328437805,0.32779303193092346,0.19967804849147797
5,14,joint_score,local,4,-0.4147586226463318,-0.10950756818056107,0.3277930021286011,-0.22188067436218262
5,14,joint_score,local,5,0.022278930991888046,-0.29575595259666443,0.3277930021286011,-0.4071430265903473
5,15,joint_score,global,0,0.7951275706291199,0.8263766169548035,0.27321159839630127,0.7426969408988953
5,15,joint_score,local,1,0.4319509267807007,0.3333246111869812,0.3277930021286011,0.40469589829444885
5,15,joint_score,local,2,-0.04441502317786217,-0.1512306183576584,0.3277930021286011,-0.07728671282529831
5,15,joint_score,local,3,0.3230288028717041,0.1399112194776535,0.32779303193092346,0.2123090773820877
5,15,joint_score,local,4,0.5354657769203186,0.2858346104621887,0.3277930021286011,0.3574579954147339
5,15,joint_score,local,5,0.0718194916844368,-0.14300468564033508,0.3277930021286011,-0.06910385936498642
5,16,joint_score,global,0,-0.5939048528671265,-0.4642127752304077,0.27321159839630127,-0.4178621172904968
5,16,joint_score,local,1,1.2451156377792358,1.1628321409225464,0.3277930021286011,1.1161402463912964
5,16,joint_score,local,2,0.017392778769135475,-0.3941926062107086,0.3277930021286011,-0.4326338768005371
5,16,joint_score,local,3,0.008709565736353397,-0.08627165108919144,0.32779303193092346,-0.12634479999542236
5,16,joint_score,local,4,-0.9147202372550964,-0.7351235747337341,0.3277930021286011,-0.7717586755752563
5,16,joint_score,local,5,-0.23777811229228973,-0.2083657681941986,0.3277930021286011,-0.24779172241687775
5,17,joint_score,global,0,0.7876632213592529,0.40107154846191406,0.27321159839630127,0.2580823004245758
5,17,joint_score,local,1,-0.44050273299217224,-0.3589666485786438,0.3277930021286011,-0.23509858548641205
5,17,joint_score,local,2,-0.5714197754859924,-0.2551146149635315,0.3277930021286011,-0.13179829716682434
5,17,joint_score,local,3,-0.32469722628593445,0.24848000705242157,0.32779303193092346,0.36912086606025696
5,17,joint_score,local,4,0.3470023572444916,0.6339357495307922,0.3277930021286011,0.7525293231010437
5,17,joint_score,local,5,-0.28796860575675964,-0.04273158684372902,0.3277930021286011,0.07945692539215088
5,18,joint_score,global,0,-1.0325627326965332,-0.8453739285469055,0.27321159839630127,-0.7745722532272339
5,18,joint_score,local,1,0.19416964054107666,0.048506129533052444,0.3277930021286011,-0.01406047586351633
5,18,joint_score,local,2,-0.6703172922134399,-0.6533584594726562,0.3277930021286011,-0.7122179269790649
5,18,joint_score,local,3,0.5266778469085693,0.5479463338851929,0.32779303193092346,0.4827427864074707
5,18,joint_score,local,4,0.4842974841594696,0.02182053215801716,0.3277930021286011,-0.040604639798402786
5,18,joint_score,local,5,-0.65092933177948,-0.4404366612434387,0.3277930021286011,-0.5004217028617859
5,19,joint_score,global,0,-1.406301736831665,-1.6174297332763672,0.27321159839630127,-1.4082489013671875
5,19,joint_score,local,1,0.2399130016565323,0.7926906943321228,0.3277930021286011,0.6070323586463928
5,19,joint_score,local,2,-1.3271576166152954,-0.8427123427391052,0.3277930021286011,-1.0197420120239258
5,19,joint_score,local,3,-1.3096915483474731,-0.9668933153152466,0.32779303193092346,-1.143267035484314
5,19,joint_score,local,4,-0.5132309794425964,-0.4372073709964752,0.3277930021286011,-0.6163763999938965
5,19,joint_score,local,5,0.481021523475647,0.544315755367279,0.3277930021286011,0.3599669933319092
10,0,joint_score,global,0,-0.6654754877090454,-0.7599442601203918,0.19908177852630615,-0.5835859179496765
10,0,joint_score,local,1,0.8070006966590881,1.0150049924850464,0.2864077389240265,0.8584959506988525
10,0,joint_score,local,2,0.06027573347091675,0.6567931771278381,0.2864077687263489,0.5021572709083557
10,0,joint_score,local,3,-0.09055013954639435,0.14624202251434326,0.2864077389240265,-0.005723597016185522
10,0,joint_score,local,4,-0.2389196753501892,0.13227638602256775,0.2864077389240265,-0.019615817815065384
10,0,joint_score,local,5,-0.3828814923763275,-0.015347092412412167,0.2864077389240265,-0.1664678454399109
10,0,joint_score,local,6,-1.3298019170761108,-1.0934977531433105,0.2864077389240265,-1.2389800548553467
10,0,joint_score,local,7,-0.19552741944789886,0.15896648168563843,0.2864077389240265,0.006933982949703932
10,0,joint_score,local,8,-0.7178827524185181,-0.4164203107357025,0.2864077091217041,-0.5654439330101013
10,0,joint_score,local,9,-0.8805683851242065,-0.7822533249855042,0.2864077091217041,-0.929363489151001
10,0,joint_score,local,10,-0.42558756470680237,-0.22923721373081207,0.2864077389240265,-0.37923941016197205
10,1,joint_score,global,0,-1.2394750118255615,-0.7306312918663025,0.19908177852630615,-0.6286494731903076
10,1,joint_score,local,1,0.6102828979492188,0.264394074678421,0.2864077389240265,0.17471754550933838
10,1,joint_score,local,2,0.3600652813911438,-0.08004956692457199,0.2864077687263489,-0.16792245209217072
10,1,joint_score,local,3,-0.5634200572967529,-0.8051848411560059,0.2864077389240265,-0.8892627358436584
10,1,joint_score,local,4,0.5702318549156189,-0.005744908936321735,0.2864077389240265,-0.0940065011382103
10,1,joint_score,local,5,0.8823570609092712,0.6520938873291016,0.2864077389240265,0.5603880882263184
10,1,joint_score,local,6,-0.18844915926456451,-0.15908782184123993,0.2864077389240265,-0.24654734134674072
10,1,joint_score,local,7,0.5889348983764648,0.29843637347221375,0.2864077389240265,0.2085818648338318
10,1,joint_score,local,8,-0.012792238034307957,-0.39629071950912476,0.2864077091217041,-0.48250851035118103
10,1,joint_score,local,9,-0.5221303701400757,-0.7300934791564941,0.2864077091217041,-0.8145637512207031
10,1,joint_score,local,10,1.3314399719238281,0.5505443811416626,0.2864077389240265,0.4593704640865326
10,2,joint_score,global,0,1.6568622589111328,1.4859198331832886,0.19908177852630615,1.2522658109664917
10,2,joint_score,local,1,1.08888840675354,1.0060086250305176,0.2864077389240265,1.2024717330932617
10,2,joint_score,local,2,-0.6582986116409302,-0.38774728775024414,0.2864077687263489,-0.1839737743139267
10,2,joint_score,local,3,0.488394170999527,0.6636155843734741,0.2864077389240265,0.8618757724761963
10,2,joint_score,local,4,0.020018598064780235,-0.013417628593742847,0.2864077389240265,0.1883927285671234
10,2,joint_score,local,5,-0.41828417778015137,-0.24027295410633087,0.2864077389240265,-0.0372723713517189
10,2,joint_score,local,6,0.38915157318115234,0.457364946603775,0.2864077389240265,0.6567065119743347
10,2,joint_score,local,7,-0.27387338876724243,0.11139664798974991,0.2864077389240265,0.31255343556404114
10,2,joint_score,local,8,-0.6450670957565308,-0.18481644988059998,0.2864077091217041,0.01789412833750248
10,2,joint_score,local,9,-0.6892028450965881,-0.2532007694244385,0.2864077091217041,-0.05013160780072212
10,2,joint_score,local,10,-0.4488855004310608,-0.32310307025909424,0.2864077389240265,-0.11966768652200699
10,3,joint_score,global,0,0.6984899044036865,0.5589951276779175,0.19908177852630615,0.46249428391456604
10,3,joint_score,local,1,1.3994392156600952,1.459660530090332,0.2864077389240265,1.5351225137710571
10,3,joint_score,local,2,-1.6138255596160889,-1.7210402488708496,0.2864077687263489,-1.6287940740585327
10,3,joint_score,local,3,-0.042654819786548615,-0.019266558811068535,0.2864077389240265,0.06399981677532196
10,3,joint_score,local,4,-0.4677501618862152,-0.05550514534115791,0.2864077389240265,0.02795236185193062
10,3,joint_score,local,5,0.1174902692437172,-0.1335640847682953,0.2864077389240265,-0.04969509690999985
10,3,joint_score,local,6,0.37225234508514404,0.5735012292861938,0.2864077389240265,0.653639554977417
10,3,joint_score,local,7,-0.16936634480953217,-0.024406922981142998,0.2864077389240265,0.058886539191007614
10,3,joint_score,local,8,-0.3500509560108185,0.014254700392484665,0.2864077091217041,0.09734431654214859
10,3,joint_score,local,9,-0.6640621423721313,-0.3095810115337372,0.2864077091217041,-0.22478285431861877
10,3,joint_score,local,10,0.6168503761291504,0.5303803086280823,0.2864077389240265,0.6107470989227295
10,4,joint_score,global,0,0.5919769406318665,0.711907684803009,0.19908177852630615,0.566726565361023
10,4,joint_score,local,1,0.20073862373828888,0.2070106714963913,0.2864077389240265,0.3306536078453064
10,4,joint_score,local,2,-0.24463708698749542,-0.2892628312110901,0.2864077687263489,-0.1630411297082901
10,4,joint_score,local,3,-0.19228138029575348,0.1613922417163849,0.2864077389240265,0.2852730453014374
10,4,joint_score,local,4,-0.5454734563827515,-0.74420166015625,0.2864077389240265,-0.6156163215637207
10,4,joint_score,local,5,0.43275973200798035,0.22641752660274506,0.2864077389240265,0.34995973110198975
10,4,joint_score,local,6,0.016288144513964653,-0.4127587080001831,0.2864077389240265,-0.2858957350254059
10,4,joint_score,local,7,-0.2526799142360687,-0.4974530041217804,0.2864077389240265,-0.3701496720314026
10,4,joint_score,local,8,1.1444289684295654,0.8141739368438721,0.2864077091217041,0.9346626400947571
10,4,joint_score,local,9,0.9679737687110901,0.8380820751190186,0.2864077091217041,0.9584468007087708
10,4,joint_score,local,10,-0.022000601515173912,0.09705331921577454,0.2864077389240265,0.22126781940460205
10,5,joint_score,global,0,0.935477077960968,0.7809650897979736,0.19908177852630615,0.6197997331619263
10,5,joint_score,local,1,-0.33404743671417236,-0.24073000252246857,0.2864077389240265,-0.10103815793991089
10,5,joint_score,local,2,-0.889316976070404,-0.9227211475372314,0.2864077687263489,-0.7794581651687622
10,5,joint_score,local,3,0.48643332719802856,0.505905270576477,0.2864077389240265,0.6416887044906616
10,5,joint_score,local,4,0.4509110748767853,0.6846202611923218,0.2864077389240265,0.8194677233695984
10,5,joint_score,local,5,-0.19364267587661743,-0.09066184610128403,0.2864077389240265,0.04824448376893997
10,5,joint_score,local,6,-0.7011198997497559,-0.5616597533226013,0.2864077389240265,-0.42028769850730896
10,5,joint_score,local,7,0.11954034119844437,0.2549441456794739,0.2864077389240265,0.3920409679412842
10,5,joint_score,local,8,0.04067362844944,0.1436970829963684,0.2864077091217041,0.2813764810562134
10,5,joint_score,local,9,0.237075075507164,0.7743773460388184,0.2864077091217041,0.908754289150238
10,5,joint_score,local,10,-0.06499135494232178,-0.10847673565149307,0.2864077389240265,0.0305226668715477
10,6,joint_score,global,0,-0.2093636840581894,-0.010082606226205826,0.19908177852630615,-0.03599226102232933
10,6,joint_score,local,1,0.06011676788330078,-0.3236323595046997,0.2864077389240265,-0.3000856339931488
10,6,joint_score,local,2,0.7895933985710144,0.9109506607055664,0.2864077687263489,0.9280462861061096
10,6,joint_score,local,3,0.845020592212677,0.5446372628211975,0.2864077389240265,0.5636468529701233
10,6,joint_score,local,4,1.0501735210418701,0.6013747453689575,0.2864077389240265,0.6200878620147705
10,6,joint_score,local,5,-0.8446757197380066,-0.8394843935966492,0.2864077389240265,-0.8132421970367432
10,6,joint_score,local,6,0.5326802134513855,0.20223136246204376,0.2864077389240265,0.22303034365177155
10,6,joint_score,local,7,0.11576671153306961,-0.11161324381828308,0.2864077389240265,-0.08917434513568878
10,6,joint_score,local,8,0.501047670841217,0.4296993613243103,0.2864077091217041,0.4493098258972168
10,6,joint_score,local,9,-1.1317068338394165,-1.0897613763809204,0.2864077091217041,-1.0622121095657349
10,6,joint_score,local,10,-0.23599745333194733,-0.33007222414016724,0.2864077389240265,-0.30649182200431824
10,7,joint_score,global,0,0.7115066647529602,0.7336074113845825,0.19908177852630615,0.589600682258606
10,7,joint_score,local,1,0.9285280108451843,0.6667788624763489,0.2864077389240265,0.7870903611183167
10,7,joint_score,local,2,-0.08992233872413635,-0.14605823159217834,0.2864077687263489,-0.021498315036296844
10,7,joint_score,local,3,-0.09131473302841187,0.04478040337562561,0.2864077389240265,0.16834379732608795
10,7,joint_score,local,4,-0.7649125456809998,-0.5841370820999146,0.2864077389240265,-0.45728757977485657
10,7,joint_score,local,5,1.1152980327606201,0.7694337368011475,0.2864077389240265,0.8892086744308472
10,7,joint_score,local,6,0.466214120388031,0.2573856711387634,0.2864077389240265,0.3798370063304901
10,7,joint_score,local,7,-0.38239097595214844,-0.45696476101875305,0.2864077389240265,-0.33077940344810486
10,7,joint_score,local,8,0.26265090703964233,0.2511076033115387,0.2864077091217041,0.37359219789505005
10,7,joint_score,local,9,0.0686655342578888,-0.12434065341949463,0.2864077091217041,0.00010601245594443753
10,7,joint_score,local,10,-0.4229784309864044,-0.26532769203186035,0.2864077389240265,-0.1401442140340805
10,8,joint_score,global,0,-0.1813129186630249,-0.42390739917755127,0.19908177852630615,-0.3325039744377136
10,8,joint_score,local,1,0.4091981053352356,0.5993549823760986,0.2864077389240265,0.5177954435348511
10,8,joint_score,local,2,-0.5881692171096802,-0.45227187871932983,0.2864077687263489,-0.5283727645874023
10,8,joint_score,local,3,-0.13971678912639618,0.13288761675357819,0.2864077389240265,0.053748808801174164
10,8,joint_score,local,4,-0.03601329028606415,0.2719217836856842,0.2864077389240265,0.19206175208091736
10,8,joint_score,local,5,-1.207560420036316,-0.7990767359733582,0.2864077389240265,-0.873378336429596
10,8,joint_score,local,6,-0.013707933016121387,0.5772164463996887,0.2864077389240265,0.49577197432518005
10,8,joint_score,local,7,-1.1661314964294434,-0.8458226919174194,0.2864077389240265,-0.9198818802833557
10,8,joint_score,local,8,-0.5050488710403442,0.001277428469620645,0.2864077091217041,-0.07717771083116531
10,8,joint_score,local,9,0.17213234305381775,0.4689803123474121,0.2864077091217041,0.38809719681739807
10,8,joint_score,local,10,-0.4358980357646942,-0.1929159164428711,0.2864077389240265,-0.2703637182712555
10,9,joint_score,global,0,0.18166199326515198,0.49621525406837463,0.19908177852630615,0.4486972391605377
10,9,joint_score,local,1,-0.29060959815979004,-0.4725823700428009,0.2864077389240265,-0.4285193383693695
10,9,joint_score,local,2,0.4391898512840271,-0.08423368632793427,0.2864077687263489,-0.04219846427440643
10,9,joint_score,local,3,-0.28782936930656433,-0.47081390023231506,0.2864077389240265,-0.4267597496509552
10,9,joint_score,local,4,1.2241649627685547,0.7981919050216675,0.2864077389240265,0.8356189727783203
10,9,joint_score,local,5,0.6940047144889832,0.45664092898368835,0.2864077389240265,0.4958520233631134
10,9,joint_score,local,6,0.3348308801651001,0.3165440559387207,0.2864077389240265,0.3564864695072174
10,9,joint_score,local,7,-0.26263463497161865,-0.5537933707237244,0.2864077389240265,-0.509306013584137
10,9,joint_score,local,8,0.24023018777370453,-0.05794971436262131,0.2864077091217041,-0.016052210703492165
10,9,joint_score,local,9,1.2687273025512695,0.6550584435462952,0.2864077091217041,0.6932336688041687
10,9,joint_score,local,10,0.20806920528411865,-0.3079456090927124,0.2864077389240265,-0.26474258303642273
10,10,joint_score,global,0,0.8432750105857849,0.8708655834197998,0.19908177852630615,0.7684791684150696
10,10,joint_score,local,1,-0.45341697335243225,-0.4266773760318756,0.2864077389240265,-0.33540090918540955
10,10,joint_score,local,2,0.11948265135288239,0.02727077342569828,0.2864077687263489,0.11617361009120941
10,10,joint_score,local,3,0.19935740530490875,0.15973889827728271,0.2864077389240265,0.24794958531856537
10,10,joint_score,local,4,0.3208490312099457,0.4089166820049286,0.2864077389240265,0.49582400918006897
10,10,joint_score,local,5,-0.7620614767074585,-0.3986840844154358,0.2864077389240265,-0.30755385756492615
10,10,joint_score,local,6,0.34794920682907104,0.25009503960609436,0.2864077389240265,0.3378330171108246
10,10,joint_score,local,7,0.6233532428741455,0.3335539400577545,0.2864077389240265,0.420855313539505
10,10,joint_score,local,8,0.23195818066596985,0.3755325973033905,0.2864077091217041,0.46261492371559143
10,10,joint_score,local,9,-0.2322111278772354,-0.18993207812309265,0.2864077091217041,-0.09989321231842041
10,10,joint_score,local,10,-0.2779393792152405,-0.04995851218700409,0.2864077389240265,0.039348676800727844
10,11,joint_score,global,0,-0.21601121127605438,-0.0227900929749012,0.19908177852630615,-0.026162827387452126
10,11,joint_score,local,1,0.40683719515800476,0.44119569659233093,0.2864077389240265,0.4416605830192566
10,11,joint_score,local,2,-0.05974872037768364,-0.12168343365192413,0.2864077687263489,-0.11826299875974655
10,11,joint_score,local,3,0.35965603590011597,0.42365139722824097,0.2864077389240265,0.42420831322669983
10,11,joint_score,local,4,0.19408629834651947,0.3173549175262451,0.2864077389240265,0.3184700906276703
10,11,joint_score,local,5,-0.1701241433620453,-0.3129783570766449,0.2864077389240265,-0.30855345726013184
10,11,joint_score,local,6,0.8902584910392761,0.3258214294910431,0.2864077389240265,0.3268918991088867
10,11,joint_score,local,7,0.6971610188484192,0.3195591866970062,0.2864077389240265,0.3206624984741211
10,11,joint_score,local,8,-0.3126579523086548,-0.36415979266166687,0.2864077091217041,-0.3594661355018616
10,11,joint_score,local,9,-0.8409239649772644,-0.8390636444091797,0.2864077091217041,-0.8318763971328735
10,11,joint_score,local,10,-0.019368309527635574,-0.2025163620710373,0.2864077389240265,-0.1986716091632843
10,12,joint_score,global,0,-0.7436498999595642,-0.5652536153793335,0.19908177852630615,-0.4021030068397522
10,12,joint_score,local,1,0.49698102474212646,-0.21849818527698517,0.2864077389240265,-0.35682213306427
10,12,joint_score,local,2,0.5215104818344116,0.7400382161140442,0.2864077687263489,0.5966631174087524
10,12,joint_score,local,3,0.34316781163215637,-0.0016025054501369596,0.2864077389240265,-0.14106965065002441
10,12,joint_score,local,4,-0.077475406229496,-0.16002845764160156,0.2864077389240265,-0.2986606955528259
10,12,joint_score,local,5,0.45258840918540955,0.3472697138786316,0.2864077389240265,0.20596440136432648
10,12,joint_score,local,6,0.14768686890602112,0.07111028581857681,0.2864077389240265,-0.06873968988656998
10,12,joint_score,local,7,-0.06525541096925735,-0.3564591109752655,0.2864077389240265,-0.4940563440322876
10,12,joint_score,local,8,-0.04116715490818024,-0.6054578423500061,0.2864077091217041,-0.7417429089546204
10,12,joint_score,local,9,-0.37480491399765015,-0.34897303581237793,0.2864077091217041,-0.48660963773727417
10,12,joint_score,local,10,0.22170649468898773,0.2146434783935547,0.2864077389240265,0.07403714954853058
10,13,joint_score,global,0,-0.6772329211235046,-0.5660368204116821,0.19908177852630615,-0.4304391145706177
10,13,joint_score,local,1,0.07003897428512573,-0.012613504193723202,0.2864077389240265,-0.12874867022037506
10,13,joint_score,local,2,-0.4748658537864685,-0.5407729148864746,0.2864077687263489,-0.6541457772254944
10,13,joint_score,local,3,0.47666069865226746,0.6382980346679688,0.2864077389240265,0.5187579393386841
10,13,joint_score,local,4,-0.9901947975158691,-0.9573817849159241,0.2864077389240265,-1.0685755014419556
10,13,joint_score,local,5,1.013355016708374,0.9343709349632263,0.2864077389240265,0.8132823705673218
10,13,joint_score,local,6,0.260858416557312,0.1271926313638687,0.2864077389240265,0.010326406918466091
10,13,joint_score,local,7,-0.7779630422592163,-1.1018365621566772,0.2864077389240265,-1.2122751474380493
10,13,joint_score,local,8,1.0196186304092407,0.6330304145812988,0.2864077091217041,0.5135180354118347
10,13,joint_score,local,9,0.21519552171230316,-0.16947998106479645,0.2864077091217041,-0.28479501605033875
10,13,joint_score,local,10,0.10023407638072968,0.13079425692558289,0.2864077389240265,0.01390886027365923
10,14,joint_score,global,0,-0.6209328770637512,-0.7650273442268372,0.19908177852630615,-0.6005918383598328
10,14,joint_score,local,1,0.5220581889152527,0.3816322684288025,0.2864077389240265,0.23849689960479736
10,14,joint_score,local,2,-0.9632167816162109,-0.5069932341575623,0.2864077687263489,-0.6454890370368958
10,14,joint_score,local,3,0.250758558511734,0.6916658282279968,0.2864077389240265,0.546911358833313
10,14,joint_score,local,4,-0.38546255230903625,-0.6161953210830688,0.2864077389240265,-0.7541208863258362
10,14,joint_score,local,5,-0.2406303435564041,0.16950170695781708,0.2864077389240265,0.0274734515696764
10,14,joint_score,local,6,-0.22165629267692566,0.1629999428987503,0.2864077389240265,0.02100609987974167
10,14,joint_score,local,7,-1.1882349252700806,-0.7762277722358704,0.2864077389240265,-0.9133190512657166
10,14,joint_score,local,8,-0.08499255776405334,0.053174570202827454,0.2864077091217041,-0.08824613690376282
10,14,joint_score,local,9,0.8637716770172119,0.7100839018821716,0.2864077091217041,0.5652331113815308
10,14,joint_score,local,10,-0.553820013999939,-0.6999729871749878,0.2864077389240265,-0.8374622464179993
10,15,joint_score,global,0,0.39584651589393616,0.22572503983974457,0.19908177852630615,0.2128029763698578
10,15,joint_score,local,1,-0.2546561062335968,-0.27527308464050293,0.2864077389240265,-0.26226362586021423
10,15,joint_score,local,2,-1.1191468238830566,-1.0628681182861328,0.2864077687263489,-1.0457584857940674
10,15,joint_score,local,3,-0.711995542049408,-0.3529154658317566,0.2864077389240265,-0.3395015299320221
10,15,joint_score,local,4,-0.29088276624679565,0.2771061360836029,0.2864077389240265,0.28724005818367004
10,15,joint_score,local,5,0.265323281288147,0.6228895783424377,0.2864077389240265,0.6312237977981567
10,15,joint_score,local,6,-1.3891388177871704,-1.0653021335601807,0.2864077389240265,-1.0481798648834229
10,15,joint_score,local,7,0.5898434519767761,0.3166133761405945,0.2864077389240265,0.32654181122779846
10,15,joint_score,local,8,0.42902645468711853,0.5928698778152466,0.2864077091217041,0.6013604402542114
10,15,joint_score,local,9,0.8736634850502014,0.5563818216323853,0.2864077091217041,0.5650620460510254
10,15,joint_score,local,10,0.9389315247535706,0.5174673795700073,0.2864077389240265,0.5263497829437256
10,16,joint_score,global,0,0.25434839725494385,0.37806937098503113,0.19908177852630615,0.289658784866333
10,16,joint_score,local,1,0.5593185424804688,0.3731480538845062,0.2864077389240265,0.44698894023895264
10,16,joint_score,local,2,0.06248971447348595,-0.15077222883701324,0.2864077687263489,-0.074194997549057
10,16,joint_score,local,3,1.1177126169204712,0.750434160232544,0.2864077389240265,0.8223051428794861
10,16,joint_score,local,4,0.4390418827533722,-0.07772011309862137,0.2864077389240265,-0.001524588093161583
10,16,joint_score,local,5,0.2997180223464966,-0.02884570136666298,0.2864077389240265,0.04709470272064209
10,16,joint_score,local,6,0.23484037816524506,-0.11547694355249405,0.2864077389240265,-0.039084117859601974
10,16,joint_score,local,7,0.33273470401763916,0.05659414082765579,0.2864077389240265,0.1320885866880417
10,16,joint_score,local,8,-0.0802956148982048,-0.15884216129779816,0.2864077091217041,-0.0822228416800499
10,16,joint_score,local,9,-0.38488253951072693,-0.618645191192627,0.2864077091217041,-0.5396244525909424
10,16,joint_score,local,10,0.4642220139503479,0.18279357254505157,0.2864077389240265,0.2576286792755127
10,17,joint_score,global,0,-0.09761839359998703,-0.27003100514411926,0.19908177852630615,-0.1950148344039917
10,17,joint_score,local,1,-1.3177158832550049,-1.1233726739883423,0.2864077389240265,-1.1816987991333008
10,17,joint_score,local,2,0.19916848838329315,0.4451558589935303,0.2864077687263489,0.3786888122558594
10,17,joint_score,local,3,-0.2772728502750397,-0.35679736733436584,0.2864077389240265,-0.41910266876220703
10,17,joint_score,local,4,0.14594422280788422,0.3843461573123932,0.2864077389240265,0.3181948959827423
10,17,joint_score,local,5,0.2150697559118271,0.23113124072551727,0.2864077389240265,0.16577516496181488
10,17,joint_score,local,6,-0.7957090735435486,-0.5457446575164795,0.2864077389240265,-0.6070688962936401
10,17,joint_score,local,7,0.5676325559616089,0.602532148361206,0.2864077389240265,0.5352483987808228
10,17,joint_score,local,8,-0.5432697534561157,-0.37488698959350586,0.2864077091217041,-0.43709850311279297
10,17,joint_score,local,9,0.14903873205184937,0.5150036215782166,0.2864077091217041,0.44817429780960083
10,17,joint_score,local,10,-0.11219900101423264,0.07073871046304703,0.2864077389240265,0.006214958615601063
10,18,joint_score,global,0,-0.3370223939418793,-0.22991584241390228,0.19908177852630615,-0.2069222629070282
10,18,joint_score,local,1,-0.2089749425649643,-0.2535485029220581,0.2864077389240265,-0.27231791615486145
10,18,joint_score,local,2,-0.04306875169277191,0.10505048930644989,0.2864077687263489,0.08439867198467255
10,18,joint_score,local,3,0.9127284288406372,0.6842105388641357,0.2864077389240265,0.6605180501937866
10,18,joint_score,local,4,-0.14120453596115112,-0.13455069065093994,0.2864077389240265,-0.15394459664821625
10,18,joint_score,local,5,-0.2954673767089844,0.08374332636594772,0.2864077389240265,0.06320318579673767
10,18,joint_score,local,6,-1.1669853925704956,-1.2231208086013794,0.2864077389240265,-1.2367998361587524
10,18,joint_score,local,7,0.27846935391426086,0.07403258234262466,0.2864077389240265,0.053543347865343094
10,18,joint_score,local,8,0.04948451370000839,-0.13897760212421417,0.2864077091217041,-0.1583484709262848
10,18,joint_score,local,9,0.3696988523006439,0.5750209093093872,0.2864077091217041,0.5519017577171326
10,18,joint_score,local,10,-0.06496097147464752,0.09881090372800827,0.2864077389240265,0.07819180935621262
10,19,joint_score,global,0,1.4666951894760132,1.3725615739822388,0.19908177852630615,1.0819302797317505
10,19,joint_score,local,1,1.7435332536697388,1.257480263710022,0.2864077389240265,1.5004210472106934
10,19,joint_score,local,2,0.8293148875236511,0.6213322281837463,0.2864077687263489,0.8676061034202576
10,19,joint_score,local,3,-1.476986289024353,-0.997324526309967,0.2864077389240265,-0.7425695061683655
10,19,joint_score,local,4,-0.1646033674478531,0.053013842552900314,0.2864077389240265,0.30226558446884155
10,19,joint_score,local,5,0.2913028299808502,0.14032569527626038,0.2864077389240265,0.3891197144985199
10,19,joint_score,local,6,-0.3666030168533325,-0.22724522650241852,0.2864077389240265,0.023474983870983124
10,19,joint_score,local,7,0.0615042969584465,0.04492328315973282,0.2864077389240265,0.2942185401916504
10,19,joint_score,local,8,-0.006546015851199627,-0.3639279901981354,0.2864077091217041,-0.11249148845672607
10,19,joint_score,local,9,-0.0038980382960289717,-0.15595562756061554,0.2864077091217041,0.09439167380332947
10,19,joint_score,local,10,0.2057228535413742,0.39944273233413696,0.2864077389240265,0.6468806266784668
25,0,joint_score,global,0,-0.7753772139549255,-0.9085365533828735,0.12831684947013855,-0.7301161289215088
25,0,joint_score,local,1,-0.21279990673065186,-0.09849213063716888,0.25535979866981506,-0.2513491213321686
25,0,joint_score,local,2,0.2881261110305786,0.1520656794309616,0.2553596794605255,-0.002089792164042592
25,0,joint_score,local,3,-0.7295911908149719,-0.4516844153404236,0.2553597688674927,-0.6027116775512695
25,0,joint_score,local,4,-0.536129891872406,-0.358440101146698,0.2553597092628479,-0.5099497437477112
25,0,joint_score,local,5,-0.9995191693305969,-1.0424920320510864,0.2553596794605255,-1.1904582977294922
25,0,joint_score,local,6,-1.2463637590408325,-1.1445348262786865,0.2553596794605255,-1.2919738292694092
25,0,joint_score,local,7,-0.225833460688591,-0.10754536092281342,0.2553597092628479,-0.260356068611145
25,0,joint_score,local,8,-0.20938213169574738,0.3665207624435425,0.25535979866981506,0.21125364303588867
25,0,joint_score,local,9,0.7874411940574646,0.6002259850502014,0.2553597390651703,0.4437495768070221
25,0,joint_score,local,10,0.8428467512130737,0.7166957259178162,0.2553597390651703,0.559614360332489
25,0,joint_score,local,11,-0.02526114135980606,0.22501690685749054,0.2553597390651703,0.07048260420560837
25,0,joint_score,local,12,0.4293842613697052,0.8100435137748718,0.2553597092628479,0.6524784564971924
25,0,joint_score,local,13,0.3504854142665863,0.3893069922924042,0.2553597390651703,0.23392121493816376
25,0,joint_score,local,14,-0.3700026869773865,-0.17610201239585876,0.2553597390651703,-0.32855814695358276
25,0,joint_score,local,15,-0.9472807049751282,-0.538330078125,0.2553597390651703,-0.6889082193374634
25,0,joint_score,local,16,-0.3791019320487976,-0.4333641529083252,0.2553597092628479,-0.5844878554344177
25,0,joint_score,local,17,-0.782182514667511,-0.2112101912498474,0.2553597390651703,-0.363484650850296
25,0,joint_score,local,18,-0.184072807431221,-0.14823268353939056,0.2553597688674927,-0.30083248019218445
25,0,joint_score,local,19,0.007550472393631935,-0.28646063804626465,0.2553597390651703,-0.4383460581302643
25,0,joint_score,local,20,0.1684652864933014,0.5749343037605286,0.2553597092628479,0.4185863137245178
25,0,joint_score,local,21,-0.24165651202201843,-0.17106595635414124,0.2553597092628479,-0.3235487639904022
25,0,joint_score,local,22,0.0028366814367473125,-0.050134170800447464,0.2553597390651703,-0.20324325561523438
25,0,joint_score,local,23,-1.040362000465393,-0.5401299595832825,0.2553597092628479,-0.690700352191925
25,0,joint_score,local,24,1.2473833560943604,1.0951391458511353,0.2553597390651703,0.9360959529876709
25,0,joint_score,local,25,0.34113043546676636,0.3172401785850525,0.2553597092628479,0.16222801804542542
25,1,joint_score,global,0,0.8213249444961548,0.7222817540168762,0.12831684947013855,0.5988162159919739
25,1,joint_score,local,1,0.9200380444526672,0.7963218092918396,0.25535979866981506,0.898621678352356
25,1,joint_score,local,2,-0.27361929416656494,-0.07739348709583282,0.2553596794605255,0.02939530275762081
25,1,joint_score,local,3,-1.7589048147201538,-1.4847086668014526,0.2553597688674927,-1.3706893920898438
25,1,joint_score,local,4,-0.25129178166389465,-0.28339341282844543,0.2553597092628479,-0.17554685473442078
25,1,joint_score,local,5,0.3698689341545105,0.02722524106502533,0.2553596794605255,0.13347624242305756
25,1,joint_score,local,6,-0.42076191306114197,-0.09746811538934708,0.2553596794605255,0.00942535325884819
25,1,joint_score,local,7,0.3542916178703308,0.422719269990921,0.2553597092628479,0.5269389748573303
25,1,joint_score,local,8,-0.34223389625549316,-0.3723311126232147,0.25535979866981506,-0.2640272080898285
25,1,joint_score,local,9,0.16846606135368347,0.2684618830680847,0.2553597390651703,0.37347304821014404
25,1,joint_score,local,10,0.1276892125606537,-0.11908920109272003,0.2553597390651703,-0.012085607275366783
25,1,joint_score,local,11,0.014523560181260109,0.2235279381275177,0.2553597390651703,0.32877111434936523
25,1,joint_score,local,12,-0.07370900362730026,-0.08320444077253342,0.2553597092628479,0.0236149113625288
25,1,joint_score,local,13,1.1185879707336426,0.9991579055786133,0.2553597390651703,1.1004177331924438
25,1,joint_score,local,14,-0.13435015082359314,0.14635184407234192,0.2553597390651703,0.25199222564697266
25,1,joint_score,local,15,-0.5467957258224487,-0.6054648756980896,0.2553597390651703,-0.4959634244441986
25,1,joint_score,local,16,-0.3953922390937805,-0.38012388348579407,0.2553597092628479,-0.2717795968055725
25,1,joint_score,local,17,-0.16808488965034485,0.4216747581958771,0.2553597390651703,0.525899350643158
25,1,joint_score,local,18,-1.231579303741455,-0.5919317603111267,0.2553597688674927,-0.4824996888637543
25,1,joint_score,local,19,-0.13541114330291748,-0.4199860394001007,0.2553597390651703,-0.31143665313720703
25,1,joint_score,local,20,-0.48000532388687134,-0.4174707233905792,0.2553597092628479,-0.3089345097541809
25,1,joint_score,local,21,-0.23757152259349823,0.12751096487045288,0.2553597092628479,0.23324722051620483
25,1,joint_score,local,22,0.09731370210647583,0.34749966859817505,0.2553597390651703,0.45210546255111694
25,1,joint_score,local,23,0.43016740679740906,0.5370869636535645,0.2553597092628479,0.6407192945480347
25,1,joint_score,local,24,0.3270076811313629,0.3746108114719391,0.2553597390651703,0.47907769680023193
25,1,joint_score,local,25,0.7069923281669617,0.6466946005821228,0.2553597092628479,0.7497642040252686
25,2,joint_score,global,0,0.969791054725647,0.9686117172241211,0.12831684947013855,0.712716817855835
25,2,joint_score,local,1,-0.5780646800994873,-0.13737468421459198,0.25535979866981506,0.08231569081544876
25,2,joint_score,local,2,-0.25916528701782227,0.010872012004256248,0.2553596794605255,0.22979950904846191
25,2,joint_score,local,3,-0.3973570466041565,-0.18130891025066376,0.2553597688674927,0.03860773891210556
25,2,joint_score,local,4,-0.11188210546970367,-0.26568710803985596,0.2553597092628479,-0.04533693939447403
25,2,joint_score,local,5,1.0639489889144897,0.2868707776069641,0.2553596794605255,0.5043758153915405
25,2,joint_score,local,6,-0.6296566724777222,-0.8040140867233276,0.2553596794605255,-0.5808885097503662
25,2,joint_score,local,7,0.4713209271430969,0.35879001021385193,0.2553597092628479,0.5759240984916687
25,2,joint_score,local,8,0.15135960280895233,-0.12208455055952072,0.25535979866981506,0.09752687811851501
25,2,joint_score,local,9,0.6659170389175415,0.8006174564361572,0.2553597390651703,1.0154739618301392
25,2,joint_score,local,10,1.3911142349243164,0.997163712978363,0.2553597390651703,1.2110074758529663
25,2,joint_score,local,11,-0.2016831338405609,-0.223407581448555,0.2553597390651703,-0.0032734579872339964
25,2,joint_score,local,12,-0.7359666228294373,-0.3360055983066559,0.2553597092628479,-0.11529146134853363
25,2,joint_score,local,13,0.16533143818378448,0.2868060767650604,0.2553597390651703,0.5043126344680786
25,2,joint_score,local,14,0.2049531489610672,0.2520342171192169,0.2553597390651703,0.46971893310546875
25,2,joint_score,local,15,0.3885754346847534,0.41074150800704956,0.2553597390651703,0.6276080012321472
25,2,joint_score,local,16,-0.8995180726051331,-0.4098288118839264,0.2553597092628479,-0.1887342631816864
25,2,joint_score,local,17,0.7285913228988647,0.3206549882888794,0.2553597390651703,0.53798508644104
25,2,joint_score,local,18,-0.2927224338054657,-0.29108405113220215,0.2553597688674927,-0.07060206681489944
25,2,joint_score,local,19,0.8311285376548767,0.6763309836387634,0.2553597390651703,0.891829788684845
25,2,joint_score,local,20,-0.6662200689315796,-0.6111891269683838,0.2553597092628479,-0.38905733823776245
25,2,joint_score,local,21,-1.0940462350845337,-1.1376008987426758,0.2553597092628479,-0.9127576351165771
25,2,joint_score,local,22,0.3912442624568939,0.10747843235731125,0.2553597390651703,0.32590755820274353
25,2,joint_score,local,23,0.9423767924308777,0.8703290820121765,0.2553597092628479,1.084827184677124
25,2,joint_score,local,24,0.6580263376235962,0.40618470311164856,0.2553597390651703,0.6230747699737549
25,2,joint_score,local,25,-0.7032807469367981,-0.720453143119812,0.2553597092628479,-0.49775901436805725
25,3,joint_score,global,0,-0.039275508373975754,0.03512142226099968,0.12831684947013855,0.029910393059253693
25,3,joint_score,local,1,-0.8844468593597412,-0.5610952377319336,0.25535979866981506,-0.5537139773368835
25,3,joint_score,local,2,0.10181985050439835,-0.2987997233867645,0.2553596794605255,-0.292763888835907
25,3,joint_score,local,3,0.6612234711647034,0.4655308127403259,0.2553597688674927,0.4676472246646881
25,3,joint_score,local,4,1.0157536268234253,0.7278128266334534,0.2553597092628479,0.7285846471786499
25,3,joint_score,local,5,0.5320268273353577,0.28718629479408264,0.2553596794605255,0.29021742939949036
25,3,joint_score,local,6,0.15560288727283478,-0.05237516388297081,0.2553596794605255,-0.04760292172431946
25,3,joint_score,local,7,0.44659778475761414,0.09273812174797058,0.2553597092628479,0.09676621854305267
25,3,joint_score,local,8,0.8055626153945923,0.6521916389465332,0.25535979866981506,0.6533504724502563
25,3,joint_score,local,9,-0.4048175513744354,-0.3075423538684845,0.2553597390651703,-0.3014616370201111
25,3,joint_score,local,10,-0.7684817314147949,-1.0259952545166016,0.2553597390651703,-1.0162301063537598
25,3,joint_score,local,11,0.4789051115512848,0.01634887419641018,0.2553597390651703,0.020768743008375168
25,3,joint_score,local,12,0.9434658885002136,0.6062793731689453,0.2553597092628479,0.6076741218566895
25,3,joint_score,local,13,-0.8642674088478088,-0.6141005754470825,0.2553597390651703,-0.6064478754997253
25,3,joint_score,local,14,0.7464146614074707,0.7180399894714355,0.2553597390651703,0.7188615798950195
25,3,joint_score,local,15,0.1404111236333847,0.10629663616418839,0.2553597390651703,0.11025521159172058
25,3,joint_score,local,16,-0.4164605736732483,-0.7447591423988342,0.2553597092628479,-0.736436128616333
25,3,joint_score,local,17,-0.5766689777374268,-0.2749784588813782,0.2553597390651703,-0.2690647840499878
25,3,joint_score,local,18,-0.14821948111057281,-0.20157863199710846,0.2553597688674927,-0.19604121148586273
25,3,joint_score,local,19,-0.5138245820999146,-0.45753684639930725,0.2553597390651703,-0.45068708062171936
25,3,joint_score,local,20,-0.10220733284950256,-0.33254146575927734,0.2553597092628479,-0.32633256912231445
25,3,joint_score,local,21,1.5352258682250977,1.5211971998214722,0.2553597092628479,1.5179003477096558
25,3,joint_score,local,22,-0.23795390129089355,-0.4960438311100006,0.2553597390651703,-0.4889964163303375
25,3,joint_score,local,23,0.3660793900489807,0.15080881118774414,0.2553597092628479,0.15453924238681793
25,3,joint_score,local,24,-0.06900682300329208,-0.11893285065889359,0.2553597390651703,-0.11381935328245163
25,3,joint_score,local,25,0.39294883608818054,0.161605104804039,0.2553597092628479,0.16528011858463287
25,4,joint_score,global,0,-0.2719649076461792,-0.11683902889490128,0.12831684947013855,-0.08461686223745346
25,4,joint_score,local,1,0.2634749412536621,0.30350640416145325,0.25535979866981506,0.2743844985961914
25,4,joint_score,local,2,0.45931771397590637,0.2146977186203003,0.2553596794605255,0.18603308498859406
25,4,joint_score,local,3,0.8745281100273132,0.5846378803253174,0.2553597688674927,0.5540685653686523
25,4,joint_score,local,4,0.9318769574165344,0.8074066638946533,0.2553597092628479,0.7756912112236023
25,4,joint_score,local,5,0.1106516644358635,-0.2762131690979004,0.2553596794605255,-0.30235087871551514
25,4,joint_score,local,6,0.6588000655174255,0.2858264148235321,0.2553596794605255,0.2567954659461975
25,4,joint_score,local,7,0.5531814098358154,0.3205934166908264,0.2553597092628479,0.2913837432861328
25,4,joint_score,local,8,-0.5277859568595886,-0.849064826965332,0.25535979866981506,-0.8722531795501709
25,4,joint_score,local,9,-0.2883036732673645,-0.2253543883562088,0.2553597390651703,-0.25175365805625916
25,4,joint_score,local,10,0.46290692687034607,0.47177961468696594,0.2553597390651703,0.44179144501686096
25,4,joint_score,local,11,1.2431451082229614,0.9951211810112,0.2553597390651703,0.9624384045600891
25,4,joint_score,local,12,0.45599544048309326,0.34405019879341125,0.2553597092628479,0.31471943855285645
25,4,joint_score,local,13,-0.3397122919559479,-0.46038857102394104,0.2553597390651703,-0.48557838797569275
25,4,joint_score,local,14,-0.26226329803466797,-0.03040899522602558,0.2553597390651703,-0.05781213194131851
25,4,joint_score,local,15,0.26451006531715393,0.3979838192462921,0.2553597390651703,0.3683755695819855
25,4,joint_score,local,16,-0.1036839485168457,-0.45961371064186096,0.2553597092628479,-0.4848073720932007
25,4,joint_score,local,17,-0.34619230031967163,-0.48890987038612366,0.2553597390651703,-0.5139523148536682
25,4,joint_score,local,18,-0.18933267891407013,-0.5772992968559265,0.2553597688674927,-0.6018865704536438
25,4,joint_score,local,19,0.6142252683639526,0.5157332420349121,0.2553597390651703,0.48551857471466064
25,4,joint_score,local,20,-0.4604543149471283,-0.2859721779823303,0.2553597092628479,-0.3120596408843994
25,4,joint_score,local,21,-0.6490021347999573,-0.7897160053253174,0.2553597092628479,-0.8132105469703674
25,4,joint_score,local,22,-0.06099126860499382,-0.1482413113117218,0.2553597390651703,-0.1750377118587494
25,4,joint_score,local,23,-0.31510910391807556,-0.4422685205936432,0.2553597092628479,-0.4675515294075012
25,4,joint_score,local,24,-0.15123528242111206,-0.42348751425743103,0.2553597390651703,-0.44886699318885803
25,4,joint_score,local,25,0.3315710723400116,0.14987894892692566,0.2553597092628479,0.12154809385538101
25,5,joint_score,global,0,-0.08086919039487839,-0.03765428066253662,0.12831684947013855,0.009253520518541336
25,5,joint_score,local,1,0.05769812688231468,0.13179072737693787,0.25535979866981506,0.09137669950723648
25,5,joint_score,local,2,0.19896556437015533,0.17589128017425537,0.2553596794605255,0.13525067269802094
25,5,joint_score,local,3,-0.01904595084488392,0.09146575629711151,0.2553597688674927,0.051259011030197144
25,5,joint_score,local,4,-0.4036090075969696,-0.21908634901046753,0.2553597092628479,-0.2576965391635895
25,5,joint_score,local,5,0.7970712780952454,0.7377917170524597,0.2553596794605255,0.6942628026008606
25,5,joint_score,local,6,0.2721909284591675,0.26344624161720276,0.2553596794605255,0.22235552966594696
25,5,joint_score,local,7,-0.46414417028427124,-0.8094936609268188,0.2553597092628479,-0.8450686931610107
25,5,joint_score,local,8,-0.12728121876716614,-0.1561206877231598,0.25535979866981506,-0.19505445659160614
25,5,joint_score,local,9,-0.29350489377975464,-0.24041292071342468,0.2553597390651703,-0.2789135277271271
25,5,joint_score,local,10,-0.49483707547187805,-0.049288176000118256,0.2553597390651703,-0.088771291077137
25,5,joint_score,local,11,0.9845768809318542,0.9091259241104126,0.2553597390651703,0.8647158145904541
25,5,joint_score,local,12,-0.4165346920490265,-0.4579799175262451,0.2553597092628479,-0.4953621029853821
25,5,joint_score,local,13,1.0640754699707031,1.043808102607727,0.2553597390651703,0.9987053871154785
25,5,joint_score,local,14,0.8127060532569885,0.6617984175682068,0.2553597390651703,0.6186598539352417
25,5,joint_score,local,15,-0.9663550853729248,-0.813042402267456,0.2553597390651703,-0.848599374294281
25,5,joint_score,local,16,-0.41702255606651306,-0.39297914505004883,0.2553597092628479,-0.4306955635547638
25,5,joint_score,local,17,-0.15914592146873474,-0.06965368986129761,0.2553597390651703,-0.10903213918209076
25,5,joint_score,local,18,-0.44942981004714966,-0.5531997680664062,0.2553597688674927,-0.5900921821594238
25,5,joint_score,local,19,0.1464555859565735,0.2947819232940674,0.2553597390651703,0.2535299062728882
25,5,joint_score,local,20,-0.22060267627239227,0.14760391414165497,0.2553597092628479,0.10710861533880234
25,5,joint_score,local,21,-0.3027985990047455,-0.27390992641448975,0.2553597092628479,-0.3122383952140808
25,5,joint_score,local,22,-0.6037809252738953,-0.3559172749519348,0.2553597390651703,-0.3938240110874176
25,5,joint_score,local,23,-0.7302266955375671,-0.7840604186058044,0.2553597092628479,-0.8197663426399231
25,5,joint_score,local,24,1.3109536170959473,0.7327958941459656,0.2553597390651703,0.6892921328544617
25,5,joint_score,local,25,0.13537102937698364,-0.03633762151002884,0.2553597092628479,-0.0758872702717781
25,6,joint_score,global,0,-0.22670602798461914,-0.20029233396053314,0.12831684947013855,-0.1335757076740265
25,6,joint_score,local,1,0.1826784908771515,0.11733333021402359,0.25535979866981506,0.05978979170322418
25,6,joint_score,local,2,-0.4179339110851288,-0.1341647058725357,0.2553596794605255,-0.1904173195362091
25,6,joint_score,local,3,0.26463669538497925,0.04971728473901749,0.2553597688674927,-0.0074790287762880325
25,6,joint_score,local,4,-0.9940901398658752,-0.9715304374694824,0.2553597092628479,-1.0234839916229248
25,6,joint_score,local,5,-0.026324694976210594,0.14604511857032776,0.2553596794605255,0.08835411071777344
25,6,joint_score,local,6,0.11559827625751495,0.15506517887115479,0.2553596794605255,0.09732767939567566
25,6,joint_score,local,7,0.0343976765871048,-0.15513752400875092,0.2553597092628479,-0.2112821489572525
25,6,joint_score,local,8,0.24065077304840088,0.24163365364074707,0.25535979866981506,0.18345192074775696
25,6,joint_score,local,9,-0.6170065999031067,-0.7375748157501221,0.2553597390651703,-0.790728747844696
25,6,joint_score,local,10,0.8626174926757812,0.2290416657924652,0.2553597390651703,0.17092449963092804
25,6,joint_score,local,11,0.21266241371631622,0.2795059084892273,0.2553597390651703,0.2211296558380127
25,6,joint_score,local,12,0.0014836385380476713,0.09830727428197861,0.2553597092628479,0.040861234068870544
25,6,joint_score,local,13,0.5862002968788147,0.6972440481185913,0.2553597390651703,0.6367229223251343
25,6,joint_score,local,14,0.20041154325008392,0.36000606417655945,0.2553597390651703,0.30121657252311707
25,6,joint_score,local,15,-0.3432700037956238,-0.38055092096328735,0.2553597390651703,-0.43553823232650757
25,6,joint_score,local,16,0.2647833526134491,0.14145533740520477,0.2553597092628479,0.0837877094745636
25,6,joint_score,local,17,0.44232556223869324,0.301985502243042,0.2553597390651703,0.2434939295053482
25,6,joint_score,local,18,-0.09614522755146027,0.16872645914554596,0.2553597688674927,0.11091902107000351
25,6,joint_score,local,19,-0.11385231465101242,-0.18403001129627228,0.2553597390651703,-0.24002665281295776
25,6,joint_score,local,20,0.1701889932155609,-0.33138829469680786,0.2553597092628479,-0.3866283595561981
25,6,joint_score,local,21,-0.6272433996200562,-0.5381813049316406,0.2553597092628479,-0.592359721660614
25,6,joint_score,local,22,0.08052343130111694,0.2565918564796448,0.2553597390651703,0.19833314418792725
25,6,joint_score,local,23,-0.035148490220308304,-0.06484879553318024,0.2553597092628479,-0.12145723402500153
25,6,joint_score,local,24,-0.36003950238227844,-0.018355123698711395,0.2553597390651703,-0.0752021074295044
25,6,joint_score,local,25,0.10163065791130066,0.1604403257369995,0.2553597092628479,0.1026754304766655
25,7,joint_score,global,0,1.7960375547409058,1.8270503282546997,0.12831684947013855,1.4427317380905151
25,7,joint_score,local,1,0.4686936140060425,0.39783602952957153,0.25535979866981506,0.7257459759712219
25,7,joint_score,local,2,-0.00624325405806303,0.10954975336790085,0.2553596794605255,0.43894436955451965
25,7,joint_score,local,3,-1.1174286603927612,-0.6852416396141052,0.2553597688674927,-0.35175856947898865
25,7,joint_score,local,4,0.5595212578773499,0.8050398230552673,0.2553597092628479,1.1308525800704956
25,7,joint_score,local,5,-0.7434903383255005,-0.5424283146858215,0.2553596794605255,-0.20968151092529297
25,7,joint_score,local,6,-0.17850445210933685,-0.44655391573905945,0.2553596794605255,-0.11429578810930252
25,7,joint_score,local,7,-0.42827507853507996,0.38046830892562866,0.2553597092628479,0.708468496799469
25,7,joint_score,local,8,0.5598796606063843,0.4016731381416321,0.25535979866981506,0.7295626997947693
25,7,joint_score,local,9,-0.22107398509979248,-0.4493100047111511,0.2553597390651703,-0.11704354733228683
25,7,joint_score,local,10,1.13606595993042,0.9165633916854858,0.2553597390651703,1.2418065071105957
25,7,joint_score,local,11,-0.18889901041984558,-0.13304205238819122,0.2553597390651703,0.1976005882024765
25,7,joint_score,local,12,-0.38004133105278015,-0.8824774622917175,0.2553597092628479,-0.5479784607887268
25,7,joint_score,local,13,0.7070022225379944,0.676067590713501,0.2553597390651703,1.0025482177734375
25,7,joint_score,local,14,0.35852882266044617,0.47246691584587097,0.2553597390651703,0.7999958992004395
25,7,joint_score,local,15,0.9081969261169434,0.6587799191474915,0.2553597390651703,0.9853476881980896
25,7,joint_score,local,16,0.2495930790901184,0.24939589202404022,0.2553597092628479,0.5780736207962036
25,7,joint_score,local,17,-0.12583835422992706,0.0786622017621994,0.2553597390651703,0.40821516513824463
25,7,joint_score,local,18,0.22411565482616425,0.1305006593465805,0.2553597688674927,0.4597870111465454
25,7,joint_score,local,19,-1.5369714498519897,-1.092904806137085,0.2553597390651703,-0.7573222517967224
25,7,joint_score,local,20,0.24267853796482086,0.3791462481021881,0.2553597092628479,0.7071563005447388
25,7,joint_score,local,21,0.16758906841278076,0.2379901260137558,0.2553597092628479,0.5667240023612976
25,7,joint_score,local,22,-0.9648675322532654,-0.9189764857292175,0.2553597390651703,-0.5842892527580261
25,7,joint_score,local,23,0.3615497350692749,-0.08227622509002686,0.2553597092628479,0.24810655415058136
25,7,joint_score,local,24,0.6482840180397034,0.7413139343261719,0.2553597390651703,1.0674588680267334
25,7,joint_score,local,25,-0.2854820489883423,-0.37454622983932495,0.2553597092628479,-0.04266108572483063
25,8,joint_score,global,0,-0.5432652235031128,-0.6255117058753967,0.12831684947013855,-0.46612611413002014
25,8,joint_score,local,1,-0.23764349520206451,-0.0726044625043869,0.25535979866981506,-0.20869004726409912
25,8,joint_score,local,2,-0.08162887394428253,0.1494670957326889,0.2553596794605255,0.01223525870591402
25,8,joint_score,local,3,-1.1451172828674316,-0.6230645775794983,0.2553597688674927,-0.7563084959983826
25,8,joint_score,local,4,-0.23474837839603424,-0.05027470365166664,0.2553597092628479,-0.18647508323192596
25,8,joint_score,local,5,-0.7465466260910034,-0.80706387758255,0.2553596794605255,-0.9393591284751892
25,8,joint_score,local,6,-0.7014386653900146,-0.3435044586658478,0.2553596794605255,-0.47819310426712036
25,8,joint_score,local,7,-0.05746312066912651,0.2930942475795746,0.2553597092628479,0.1551211178302765
25,8,joint_score,local,8,0.8060243725776672,1.2981324195861816,0.25535979866981506,1.1549711227416992
25,8,joint_score,local,9,-0.29584425687789917,-0.20837746560573578,0.2553597390651703,-0.34376177191734314
25,8,joint_score,local,10,0.6135751605033875,0.5881116986274719,0.2553597390651703,0.448615700006485
25,8,joint_score,local,11,-0.37978652119636536,0.0488736592233181,0.2553597390651703,-0.08783941715955734
25,8,joint_score,local,12,-0.037849463522434235,0.4898747503757477,0.2553597092628479,0.35088539123535156
25,8,joint_score,local,13,-0.7351018786430359,-0.9033896923065186,0.2553597390651703,-1.0351872444152832
25,8,joint_score,local,14,-0.8780516982078552,-0.9623156189918518,0.2553597390651703,-1.0938092470169067
25,8,joint_score,local,15,-0.16324937343597412,0.18964436650276184,0.2553597390651703,0.05220521613955498
25,8,joint_score,local,16,0.19561541080474854,0.45683398842811584,0.2553597092628479,0.31801509857177734
25,8,joint_score,local,17,-0.14209681749343872,0.13481135666370392,0.2553597390651703,-0.0023446993436664343
25,8,joint_score,local,18,0.5121141076087952,0.6733353137969971,0.2553597688674927,0.533399224281311
25,8,joint_score,local,19,-0.479990154504776,-0.012685270980000496,0.2553597390651703,-0.14908075332641602
25,8,joint_score,local,20,-0.3330495357513428,-0.4428267180919647,0.2553597092628479,-0.5770015716552734
25,8,joint_score,local,21,0.7073878049850464,0.3101252019405365,0.2553597092628479,0.17206385731697083
25,8,joint_score,local,22,0.02974691241979599,0.3511371910572052,0.2553597390651703,0.21286390721797943
25,8,joint_score,local,23,-0.35137036442756653,-0.1697738766670227,0.2553597092628479,-0.30535826086997986
25,8,joint_score,local,24,-0.8340519070625305,-0.3765921890735626,0.2553597390651703,-0.5111086964607239
25,8,joint_score,local,25,-0.630624532699585,-0.36281105875968933,0.2553597092628479,-0.49739912152290344
25,9,joint_score,global,0,1.2351597547531128,1.4625202417373657,0.12831684947013855,1.1469253301620483
25,9,joint_score,local,1,-0.6354498863220215,-0.562600314617157,0.25535979866981506,-0.28886091709136963
25,9,joint_score,local,2,0.6422247886657715,0.1832720786333084,0.2553596794605255,0.45317453145980835
25,9,joint_score,local,3,0.6516661047935486,0.578053891658783,0.2553597688674927,0.8459247350692749
25,9,joint_score,local,4,-0.4283609688282013,-0.5904266238212585,0.2553597092628479,-0.3165460228919983
25,9,joint_score,local,5,0.15285666286945343,-0.2864688038825989,0.2553596794605255,-0.014151199720799923
25,9,joint_score,local,6,-0.3138885498046875,-0.4998876452445984,0.2553596794605255,-0.22646844387054443
25,9,joint_score,local,7,0.49227985739707947,0.14205391705036163,0.2553597092628479,0.4121675491333008
25,9,joint_score,local,8,0.3760005235671997,-0.0771726742386818,0.25535979866981506,0.19406767189502716
25,9,joint_score,local,9,0.4772768020629883,0.3040309548377991,0.2553597390651703,0.5733095407485962
25,9,joint_score,local,10,0.8824874758720398,0.947127640247345,0.2553597390651703,1.213098168373108
25,9,joint_score,local,11,0.6121589541435242,0.4048613905906677,0.2553597390651703,0.6736235022544861
25,9,joint_score,local,12,0.3742453157901764,-0.1993570178747177,0.2553597092628479,0.07251440733671188
25,9,joint_score,local,13,1.0192164182662964,0.49949440360069275,0.2553597390651703,0.7677698731422424
25,9,joint_score,local,14,0.9210819602012634,0.8269994258880615,0.2553597390651703,1.0935907363891602
25,9,joint_score,local,15,-0.3924843668937683,-0.48310768604278564,0.2553597390651703,-0.20977772772312164
25,9,joint_score,local,16,-0.6407598853111267,-0.48709577322006226,0.2553597092628479,-0.2137424200773239
25,9,joint_score,local,17,-0.5860808491706848,-0.8712812662124634,0.2553597390651703,-0.5959528088569641
25,9,joint_score,local,18,0.8119733929634094,0.42138049006462097,0.2553597688674927,0.6900569200515747
25,9,joint_score,local,19,0.6471800804138184,0.5147901177406311,0.2553597390651703,0.7829877734184265
25,9,joint_score,local,20,0.2651422321796417,0.22690096497535706,0.2553597092628479,0.4965800642967224
25,9,joint_score,local,21,0.6243926882743835,0.6708464026451111,0.2553597092628479,0.9382403492927551
25,9,joint_score,local,22,0.26016560196876526,-0.023001398891210556,0.2553597390651703,0.2479635626077652
25,9,joint_score,local,23,0.48171910643577576,0.22379592061042786,0.2553597092628479,0.4934905767440796
25,9,joint_score,local,24,-0.28112083673477173,-0.2917536795139313,0.2553597390651703,-0.019406549632549286
25,9,joint_score,local,25,-0.7011880874633789,-0.748809278011322,0.2553597092628479,-0.4741100072860718
25,10,joint_score,global,0,-0.25619229674339294,-0.10024914145469666,0.12831684947013855,-0.10713081806898117
25,10,joint_score,local,1,-0.1890532225370407,-0.3066127598285675,0.25535979866981506,-0.299516499042511
25,10,joint_score,local,2,0.2971818745136261,0.3218928873538971,0.2553596794605255,0.3257678151130676
25,10,joint_score,local,3,1.9994492530822754,1.722315788269043,0.2553597688674927,1.71901273727417
25,10,joint_score,local,4,-0.3467012345790863,-0.5875163674354553,0.2553597092628479,-0.5789808034896851
25,10,joint_score,local,5,0.0050252145156264305,-0.04389077425003052,0.2553596794605255,-0.03814118728041649
25,10,joint_score,local,6,0.018331993371248245,-0.24633750319480896,0.2553596794605255,-0.23955053091049194
25,10,joint_score,local,7,-0.14931491017341614,-0.09443700313568115,0.2553597092628479,-0.08842827379703522
25,10,joint_score,local,8,0.3662048578262329,0.34913304448127747,0.25535979866981506,0.3528682291507721
25,10,joint_score,local,9,-0.2533324658870697,-0.1466025710105896,0.2553597390651703,-0.14032623171806335
25,10,joint_score,local,10,-0.14124485850334167,-0.2076113522052765,0.2553597390651703,-0.20102249085903168
25,10,joint_score,local,11,0.23463529348373413,0.20560961961746216,0.2553597390651703,0.21008051931858063
25,10,joint_score,local,12,0.3772227466106415,0.20695236325263977,0.2553597092628479,0.21141642332077026
25,10,joint_score,local,13,0.6229982376098633,0.4902474284172058,0.2553597390651703,0.4932593107223511
25,10,joint_score,local,14,0.333554208278656,0.37444189190864563,0.2553597390651703,0.37804728746414185
25,10,joint_score,local,15,-0.0497254878282547,-0.20132799446582794,0.2553597390651703,-0.19477136433124542
25,10,joint_score,local,16,-0.7422960996627808,-0.8434382081031799,0.2553597092628479,-0.8335906863212585
25,10,joint_score,local,17,0.17362259328365326,0.3454516530036926,0.2553597390651703,0.34920603036880493
25,10,joint_score,local,18,-0.04948518052697182,-0.6811003684997559,0.2553597688674927,-0.6720847487449646
25,10,joint_score,local,19,0.03864550590515137,-0.049013249576091766,0.2553597390651703,-0.04323740303516388
25,10,joint_score,local,20,-0.6604017019271851,-0.6658514142036438,0.2553597092628479,-0.6569143533706665
25,10,joint_score,local,21,-0.33938050270080566,0.10268332064151764,0.2553597092628479,0.10768180340528488
25,10,joint_score,local,22,0.3864627778530121,-0.06446021050214767,0.2553597390651703,-0.05860516056418419
25,10,joint_score,local,23,-0.16480697691440582,-0.2233980894088745,0.2553597092628479,-0.2167283594608307
25,10,joint_score,local,24,-0.20750169456005096,-0.43616199493408203,0.2553597390651703,-0.42840203642845154
25,10,joint_score,local,25,0.8199818730354309,0.6226423382759094,0.2553597092628479,0.6249760389328003
25,11,joint_score,global,0,-0.736833930015564,-0.563133716583252,0.12831684947013855,-0.40166175365448
25,11,joint_score,local,1,0.15138883888721466,-0.38639843463897705,0.25535979866981506,-0.5224556922912598
25,11,joint_score,local,2,0.43182680010795593,0.644940972328186,0.2553596794605255,0.503596842288971
25,11,joint_score,local,3,-0.10599385201931,-0.040418196469545364,0.2553597688674927,-0.17824941873550415
25,11,joint_score,local,4,0.5474409461021423,0.36228373646736145,0.2553597092628479,0.22238875925540924
25,11,joint_score,local,5,0.5442491769790649,0.25415951013565063,0.2553596794605255,0.11481815576553345
25,11,joint_score,local,6,-0.21241679787635803,-0.6406360864639282,0.2553596794605255,-0.7753921747207642
25,11,joint_score,local,7,0.9653197526931763,0.6639577150344849,0.2553597092628479,0.5225163102149963
25,11,joint_score,local,8,-0.5226352214813232,-0.6456531286239624,0.25535979866981506,-0.7803815603256226
25,11,joint_score,local,9,0.33238235116004944,0.2543988823890686,0.2553597390651703,0.11505670845508575
25,11,joint_score,local,10,-0.6427761316299438,-0.6079309582710266,0.2553597390651703,-0.7428532242774963
25,11,joint_score,local,11,-0.035098277032375336,-0.39102208614349365,0.2553597390651703,-0.5270568132400513
25,11,joint_score,local,12,-0.35717275738716125,-0.5076611042022705,0.2553597092628479,-0.6430982947349548
25,11,joint_score,local,13,0.9035111665725708,0.47745540738105774,0.2553597390651703,0.3369690477848053
25,11,joint_score,local,14,0.9913170337677002,0.8155059218406677,0.2553597390651703,0.6732870936393738
25,11,joint_score,local,15,0.33187398314476013,0.2648916244506836,0.2553597390651703,0.12549537420272827
25,11,joint_score,local,16,0.04172356054186821,-0.060056570917367935,0.2553597092628479,-0.19778847694396973
25,11,joint_score,local,17,0.646554172039032,0.3818538784980774,0.2553597390651703,0.24185772240161896
25,11,joint_score,local,18,1.3500741720199585,0.8905785083770752,0.2553597688674927,0.7479745745658875
25,11,joint_score,local,19,-0.520444929599762,-0.3251769244670868,0.2553597390651703,-0.4615499675273895
25,11,joint_score,local,20,0.8044372200965881,0.3703678548336029,0.2553597092628479,0.23042991757392883
25,11,joint_score,local,21,0.18528784811496735,-0.12161803990602493,0.2553597092628479,-0.2590339183807373
25,11,joint_score,local,22,-0.1594410240650177,-0.09604672342538834,0.2553597390651703,-0.23359370231628418
25,11,joint_score,local,23,-1.2247637510299683,-1.0435792207717896,0.2553597092628479,-1.1762702465057373
25,11,joint_score,local,24,-0.25447672605514526,-0.4002078175544739,0.2553597390651703,-0.5361961126327515
25,11,joint_score,local,25,-0.04478142037987709,-0.4307335317134857,0.2553597092628479,-0.5665653347969055
25,12,joint_score,global,0,0.41499242186546326,0.36208441853523254,0.12831684947013855,0.24574796855449677
25,12,joint_score,local,1,1.7220159769058228,1.3082234859466553,0.25535979866981506,1.4008004665374756
25,12,joint_score,local,2,-0.3203830122947693,-0.024996759369969368,0.2553596794605255,0.07446100562810898
25,12,joint_score,local,3,1.061149001121521,0.8346678614616394,0.2553597688674927,0.9296886920928955
25,12,joint_score,local,4,-0.2939069867134094,-0.3270173966884613,0.2553597092628479,-0.2260017842054367
25,12,joint_score,local,5,-1.0330390930175781,-1.2944529056549072,0.2553596794605255,-1.188444972038269
25,12,joint_score,local,6,-0.8845923542976379,-0.42100828886032104,0.2553596794605255,-0.31950658559799194
25,12,joint_score,local,7,0.37749791145324707,0.6106368899345398,0.2553597092628479,0.7068145275115967
25,12,joint_score,local,8,0.5010420083999634,0.4713347852230072,0.25535979866981506,0.5682307481765747
25,12,joint_score,local,9,0.8452467918395996,0.9516090154647827,0.2553597390651703,1.046026587486267
25,12,joint_score,local,10,-0.9746138453483582,-0.7356523275375366,0.2553597390651703,-0.6325271725654602
25,12,joint_score,local,11,-0.22170905768871307,0.4434379041194916,0.2553597390651703,0.5404783487319946
25,12,joint_score,local,12,0.08459770679473877,0.04856415465474129,0.2553597092628479,0.1476428061723709
25,12,joint_score,local,13,-1.2835534811019897,-1.325366735458374,0.2553597390651703,-1.2191978693008423
25,12,joint_score,local,14,-0.5519213676452637,-0.48915475606918335,0.2553597390651703,-0.38730141520500183
25,12,joint_score,local,15,0.7740885019302368,0.5412120819091797,0.2553597390651703,0.6377478241920471
25,12,joint_score,local,16,0.7117586731910706,0.8553518652915955,0.2553597092628479,0.9502667784690857
25,12,joint_score,local,17,0.6592957377433777,0.4218779504299164,0.2553597390651703,0.5190295577049255
25,12,joint_score,local,18,-0.4152674376964569,-0.3435530662536621,0.2553597688674927,-0.24245144426822662
25,12,joint_score,local,19,-1.1419119834899902,-0.7414683103561401,0.2553597390651703,-0.6383130550384521
25,12,joint_score,local,20,-0.3627094626426697,-0.5000709891319275,0.2553597092628479,-0.3981616199016571
25,12,joint_score,local,21,-0.19110974669456482,0.1577514111995697,0.2553597092628479,0.2562660872936249
25,12,joint_score,local,22,-1.0600591897964478,-1.0097147226333618,0.2553597390651703,-0.905175507068634
25,12,joint_score,local,23,0.136236310005188,0.35815396904945374,0.2553597092628479,0.4556344449520111
25,12,joint_score,local,24,-0.04041946679353714,0.2436475306749344,0.2553597390651703,0.341718852519989
25,12,joint_score,local,25,0.5207652449607849,0.16965553164482117,0.2553597092628479,0.2681088447570801
25,13,joint_score,global,0,-1.4521902799606323,-1.3132479190826416,0.12831684947013855,-1.0216678380966187
25,13,joint_score,local,1,0.42037639021873474,0.7988154888153076,0.25535979866981506,0.5445837378501892
25,13,joint_score,local,2,-0.14700108766555786,-0.35654333233833313,0.2553596794605255,-0.6048352718353271
25,13,joint_score,local,3,0.3386223316192627,0.2645282745361328,0.2553597688674927,0.013043578714132309
25,13,joint_score,local,4,0.5723562240600586,0.1324303299188614,0.2553597092628479,-0.11837327480316162
25,13,joint_score,local,5,0.05387622117996216,-0.19443681836128235,0.2553596794605255,-0.44356152415275574
25,13,joint_score,local,6,-0.4275311231613159,-0.3059963285923004,0.2553596794605255,-0.5545499324798584
25,13,joint_score,local,7,0.38426411151885986,0.5276753306388855,0.2553597092628479,0.2748378813266754
25,13,joint_score,local,8,-0.9591402411460876,-1.0173075199127197,0.25535979866981506,-1.2621994018554688
25,13,joint_score,local,9,0.15696430206298828,0.0789802148938179,0.2553597390651703,-0.17154879868030548
25,13,joint_score,local,10,0.35530945658683777,0.10538677871227264,0.2553597390651703,-0.14527978003025055
25,13,joint_score,local,11,0.17071789503097534,0.05058775469660759,0.2553597390651703,-0.19979730248451233
25,13,joint_score,local,12,0.6047438979148865,0.6709107160568237,0.2553597092628479,0.41733497381210327
25,13,joint_score,local,13,-0.46754321455955505,-0.4688757359981537,0.2553597390651703,-0.7165906429290771
25,13,joint_score,local,14,0.05220877006649971,-0.16499096155166626,0.2553597390651703,-0.41426873207092285
25,13,joint_score,local,15,0.28190407156944275,0.08569251000881195,0.2553597390651703,-0.16487184166908264
25,13,joint_score,local,16,-0.293517142534256,-0.4451318681240082,0.2553597092628479,-0.6929691433906555
25,13,joint_score,local,17,0.17525818943977356,0.14407704770565033,0.2553597390651703,-0.10678866505622864
25,13,joint_score,local,18,0.4895794689655304,0.36354002356529236,0.2553597688674927,0.11154500395059586
25,13,joint_score,local,19,-0.23835404217243195,-0.6353886127471924,0.2553597390651703,-0.8822483420372009
25,13,joint_score,local,20,0.09864567965269089,-0.15581193566322327,0.2553597092628479,-0.4051370322704315
25,13,joint_score,local,21,0.6459737420082092,0.5995082855224609,0.2553597092628479,0.3463001251220703
25,13,joint_score,local,22,-0.22531720995903015,-0.318939745426178,0.2553597390651703,-0.5674254894256592
25,13,joint_score,local,23,-0.28056368231773376,-0.15906739234924316,0.2553597092628479,-0.4083747863769531
25,13,joint_score,local,24,0.17166779935359955,0.3403664231300354,0.2553597390651703,0.08849101513624191
25,13,joint_score,local,25,-0.776494026184082,-0.6786835789680481,0.2553597092628479,-0.9253189563751221
25,14,joint_score,global,0,-1.1229487657546997,-1.017764925956726,0.12831684947013855,-0.8333663940429688
25,14,joint_score,local,1,1.0180456638336182,0.8611130714416504,0.25535979866981506,0.697943925857544
25,14,joint_score,local,2,0.40071865916252136,0.46712547540664673,0.2553596794605255,0.305987685918808
25,14,joint_score,local,3,0.543129563331604,0.4714162349700928,0.2553597688674927,0.3102569282054901
25,14,joint_score,local,4,-0.4978742003440857,-0.6899954676628113,0.2553597092628479,-0.8451641201972961
25,14,joint_score,local,5,-0.6999022364616394,-1.0065851211547852,0.2553596794605255,-1.1601219177246094
25,14,joint_score,local,6,0.05165012925863266,0.06501230597496033,0.2553596794605255,-0.09405260533094406
25,14,joint_score,local,7,-0.8197706341743469,-0.4383011758327484,0.2553597092628479,-0.5947690606117249
25,14,joint_score,local,8,-0.6736769676208496,-0.6919958591461182,0.25535979866981506,-0.8471535444259644
25,14,joint_score,local,9,0.6978108882904053,0.47642406821250916,0.2553597390651703,0.31523987650871277
25,14,joint_score,local,10,0.8320485949516296,0.3860321044921875,0.2553597390651703,0.2253131866455078
25,14,joint_score,local,11,-0.590910017490387,-0.37031763792037964,0.2553597390651703,-0.5271357893943787
25,14,joint_score,local,12,-0.3823227286338806,-0.16845650970935822,0.2553597092628479,-0.3263165354728699
25,14,joint_score,local,13,-0.4125845730304718,-0.5547088980674744,0.2553597390651703,-0.7105767726898193
25,14,joint_score,local,14,0.1634495109319687,-0.10099053382873535,0.2553597390651703,-0.25919869542121887
25,14,joint_score,local,15,-0.19016677141189575,0.04599016532301903,0.2553597390651703,-0.11297464370727539
25,14,joint_score,local,16,0.7436323165893555,0.7078694105148315,0.2553597092628479,0.545489490032196
25,14,joint_score,local,17,-0.35878002643585205,-0.6036306619644165,0.2553597390651703,-0.7592453360557556
25,14,joint_score,local,18,0.09588567167520523,0.06166832149028778,0.2553597688674927,-0.09737797826528549
25,14,joint_score,local,19,-0.6830424070358276,-0.7321267127990723,0.2553597390651703,-0.887079656124115
25,14,joint_score,local,20,0.23665310442447662,-0.10659785568714142,0.2553597092628479,-0.26477721333503723
25,14,joint_score,local,21,1.078801155090332,0.7479385137557983,0.2553597092628479,0.5853524804115295
25,14,joint_score,local,22,0.29019927978515625,0.3137153387069702,0.2553597390651703,0.15336854755878448
25,14,joint_score,local,23,0.6997871994972229,0.6073920726776123,0.2553597092628479,0.44553065299987793
25,14,joint_score,local,24,-0.19462300837039948,-0.15477648377418518,0.2553597390651703,-0.31270715594291687
25,14,joint_score,local,25,-0.7526766061782837,-0.16568715870380402,0.2553597092628479,-0.3235613703727722
25,15,joint_score,global,0,-1.0672273635864258,-1.204426646232605,0.12831684947013855,-0.9310838580131531
25,15,joint_score,local,1,1.3597382307052612,1.0178859233856201,0.25535979866981506,0.7782030701637268
25,15,joint_score,local,2,-0.906409502029419,-0.624862015247345,0.2553596794605255,-0.856040894985199
25,15,joint_score,local,3,0.7727873921394348,0.766938328742981,0.2553597688674927,0.5285541415214539
25,15,joint_score,local,4,0.13878697156906128,-0.07784969359636307,0.2553597092628479,-0.3118586838245392
25,15,joint_score,local,5,-0.3227900564670563,-0.3230843245983124,0.2553596794605255,-0.5558249354362488
25,15,joint_score,local,6,-1.630091667175293,-1.2847384214401245,0.2553596794605255,-1.5125020742416382
25,15,joint_score,local,7,-0.377750962972641,-0.22659890353679657,0.2553597092628479,-0.4598391056060791
25,15,joint_score,local,8,0.8892954587936401,0.33996090292930603,0.25535979866981506,0.10378831624984741
25,15,joint_score,local,9,-0.7974273562431335,-0.4330156445503235,0.2553597390651703,-0.6651862263679504
25,15,joint_score,local,10,0.12390953302383423,0.4555855095386505,0.2553597390651703,0.21881386637687683
25,15,joint_score,local,11,0.026787951588630676,0.7071002721786499,0.2553597390651703,0.46902647614479065
25,15,joint_score,local,12,-0.7728786468505859,-0.533812403678894,0.2553597092628479,-0.7654633522033691
25,15,joint_score,local,13,0.010460246354341507,0.2242998331785202,0.2553597390651703,-0.011275540105998516
25,15,joint_score,local,14,0.07222028821706772,0.29520395398139954,0.2553597390651703,0.05926095321774483
25,15,joint_score,local,15,0.8246580958366394,0.610648512840271,0.2553597390651703,0.37307414412498474
25,15,joint_score,local,16,-0.817802906036377,-0.638490617275238,0.2553597092628479,-0.869599461555481
25,15,joint_score,local,17,-1.1131336688995361,-0.8510302901268005,0.2553597390651703,-1.081037998199463
25,15,joint_score,local,18,-0.14447355270385742,0.12426476180553436,0.2553597688674927,-0.11079148203134537
25,15,joint_score,local,19,-0.35206139087677,-0.050936322659254074,0.2553597390651703,-0.28508681058883667
25,15,joint_score,local,20,-0.7320576906204224,-0.37082639336586,0.2553597092628479,-0.6033207178115845
25,15,joint_score,local,21,0.3806185722351074,0.4042685031890869,0.2553597092628479,0.1677621304988861
25,15,joint_score,local,22,-0.34623920917510986,-0.1287958174943924,0.2553597390651703,-0.3625432252883911
25,15,joint_score,local,23,-0.47514835000038147,-0.16281984746456146,0.2553597092628479,-0.3963905870914459
25,15,joint_score,local,24,-0.2822796404361725,0.09375622868537903,0.2553597390651703,-0.14114245772361755
25,15,joint_score,local,25,0.04940259829163551,-0.010524590499699116,0.2553597092628479,-0.2448834329843521
25,16,joint_score,global,0,-0.8603854179382324,-0.6989837884902954,0.12831684947013855,-0.5493749976158142
25,16,joint_score,local,1,0.1662234365940094,0.11916584521532059,0.25535979866981506,-0.009852477349340916
25,16,joint_score,local,2,0.4933916926383972,0.14436663687229156,0.2553596794605255,0.015219246968626976
25,16,joint_score,local,3,0.12624961137771606,-0.021181700751185417,0.2553597688674927,-0.14948071539402008
25,16,joint_score,local,4,-0.07108109444379807,-0.13300000131130219,0.2553597092628479,-0.2607252895832062
25,16,joint_score,local,5,0.664095401763916,0.6234562993049622,0.2553596794605255,0.49185481667518616
25,16,joint_score,local,6,0.8869929909706116,0.5316034555435181,0.2553596794605255,0.40047135949134827
25,16,joint_score,local,7,0.8467474579811096,0.6778905987739563,0.2553597092628479,0.5460098385810852
25,16,joint_score,local,8,-0.3779390752315521,-0.22052517533302307,0.25535979866981506,-0.34780216217041016
25,16,joint_score,local,9,-0.26822465658187866,-0.6090757846832275,0.2553597390651703,-0.7343623042106628
25,16,joint_score,local,10,0.3268529176712036,-0.013728376477956772,0.2553597390651703,-0.14206552505493164
25,16,joint_score,local,11,-0.4877462089061737,-0.6932925581932068,0.2553597390651703,-0.8181474804878235
25,16,joint_score,local,12,1.1786495447158813,0.703873872756958,0.2553597092628479,0.57185959815979
25,16,joint_score,local,13,-0.385142982006073,-0.5614469647407532,0.2553597390651703,-0.6869785189628601
25,16,joint_score,local,14,0.4549151360988617,0.2995731234550476,0.2553597390651703,0.16963016986846924
25,16,joint_score,local,15,-0.6617684960365295,-0.6575787663459778,0.2553597390651703,-0.7826161980628967
25,16,joint_score,local,16,0.941715657711029,0.8525654077529907,0.2553597092628479,0.7197884917259216
25,16,joint_score,local,17,1.3583427667617798,0.937527060508728,0.2553597390651703,0.804315447807312
25,16,joint_score,local,18,-0.521033763885498,-0.7528867721557617,0.2553597688674927,-0.8774373531341553
25,16,joint_score,local,19,0.21269339323043823,0.1665213704109192,0.2553597390651703,0.03725922480225563
25,16,joint_score,local,20,-0.9186787009239197,-0.9901187419891357,0.2553597092628479,-1.1134544610977173
25,16,joint_score,local,21,-1.1663150787353516,-1.2090076208114624,0.2553597092628479,-1.3312218189239502
25,16,joint_score,local,22,0.049225181341171265,-0.501359760761261,0.2553597390651703,-0.6271994709968567
25,16,joint_score,local,23,-0.026159202679991722,-0.08339592814445496,0.2553597092628479,-0.21137665212154388
25,16,joint_score,local,24,1.0974379777908325,0.7594271898269653,0.2553597390651703,0.6271281838417053
25,16,joint_score,local,25,-0.13490822911262512,0.23747806251049042,0.2553597092628479,0.10785326361656189
25,17,joint_score,global,0,-0.6778585910797119,-0.6783890128135681,0.12831684947013855,-0.5724993944168091
25,17,joint_score,local,1,0.20911839604377747,0.8841793537139893,0.25535979866981506,0.7882014513015747
25,17,joint_score,local,2,-0.06785483658313751,0.12409127503633499,0.2553596794605255,0.03203117474913597
25,17,joint_score,local,3,0.6438238620758057,0.7198596000671387,0.2553597688674927,0.6247282028198242
25,17,joint_score,local,4,0.0806710496544838,0.21007360517978668,0.2553597092628479,0.1175711378455162
25,17,joint_score,local,5,-0.23742146790027618,-0.25011998414993286,0.2553596794605255,-0.34025147557258606
25,17,joint_score,local,6,0.4813893735408783,0.5202388167381287,0.2553596794605255,0.426136314868927
25,17,joint_score,local,7,0.45359450578689575,0.6093870401382446,0.2553597092628479,0.5148259997367859
25,17,joint_score,local,8,-0.4568897485733032,-0.27430522441864014,0.25535979866981506,-0.36431175470352173
25,17,joint_score,local,9,-0.4051927924156189,-0.1324891299009323,0.2553597390651703,-0.22322601079940796
25,17,joint_score,local,10,0.07213583588600159,-0.0940457135438919,0.2553597390651703,-0.1849815845489502
25,17,joint_score,local,11,-1.6941837072372437,-1.3606836795806885,0.2553597390651703,-1.445090651512146
25,17,joint_score,local,12,0.33506521582603455,0.28939691185951233,0.2553597092628479,0.19648417830467224
25,17,joint_score,local,13,-0.2890951931476593,-0.25678542256355286,0.2553597390651703,-0.34688302874565125
25,17,joint_score,local,14,-0.13375478982925415,0.05750857666134834,0.2553597390651703,-0.034209076315164566
25,17,joint_score,local,15,-0.1268395334482193,-0.12900467216968536,0.2553597390651703,-0.21976029872894287
25,17,joint_score,local,16,-0.006884056143462658,-0.3310045003890991,0.2553597092628479,-0.4207193851470947
25,17,joint_score,local,17,0.14833688735961914,0.337565153837204,0.2553597390651703,0.24440531432628632
25,17,joint_score,local,18,0.5219765901565552,0.36309725046157837,0.2553597688674927,0.2698052227497101
25,17,joint_score,local,19,-1.1476370096206665,-0.8445366621017456,0.2553597390651703,-0.9316051006317139
25,17,joint_score,local,20,-0.06636493653059006,0.10104512423276901,0.2553597092628479,0.009103212505578995
25,17,joint_score,local,21,-0.8540751934051514,-0.681976854801178,0.2553597092628479,-0.769882321357727
25,17,joint_score,local,22,-0.34580934047698975,-0.4883129596710205,0.2553597390651703,-0.5772169232368469
25,17,joint_score,local,23,-0.37920528650283813,-0.2715403139591217,0.2553597092628479,-0.36156126856803894
25,17,joint_score,local,24,0.1052202358841896,-0.06757646799087524,0.2553597390651703,-0.15864869952201843
25,17,joint_score,local,25,0.5442000031471252,0.5843456983566284,0.2553597092628479,0.48991361260414124
25,18,joint_score,global,0,0.2698563039302826,0.10560821741819382,0.12831684947013855,0.1081395298242569
25,18,joint_score,local,1,-0.2815832495689392,-0.17676779627799988,0.25535979866981506,-0.17768652737140656
25,18,joint_score,local,2,-0.2615213394165039,-0.18997310101985931,0.2553596794605255,-0.1908237636089325
25,18,joint_score,local,3,-0.5892548561096191,-0.33504125475883484,0.2553597688674927,-0.33514270186424255
25,18,joint_score,local,4,-0.5243009924888611,0.1425226628780365,0.2553597092628479,0.1399550884962082
25,18,joint_score,local,5,-0.36801451444625854,-0.31324002146720886,0.2553596794605255,-0.3134540617465973
25,18,joint_score,local,6,-0.23545482754707336,-0.15755370259284973,0.2553596794605255,-0.1585717797279358
25,18,joint_score,local,7,-1.1915452480316162,-1.116033911705017,0.2553597092628479,-1.1121032238006592
25,18,joint_score,local,8,0.2998046875,0.7881571650505066,0.25535979866981506,0.782255232334137
25,18,joint_score,local,9,0.94407057762146,1.0078593492507935,0.2553597390651703,1.0008233785629272
25,18,joint_score,local,10,-0.03189549967646599,0.23472273349761963,0.2553597390651703,0.23167897760868073
25,18,joint_score,local,11,-0.02245841920375824,0.13922064006328583,0.2553597390651703,0.13667011260986328
25,18,joint_score,local,12,-0.4150567352771759,-0.3519790768623352,0.2553597092628479,-0.35199305415153503
25,18,joint_score,local,13,0.05514189228415489,-0.03627718240022659,0.2553597390651703,-0.03792130947113037
25,18,joint_score,local,14,-0.3991428017616272,-0.08430305123329163,0.2553597390651703,-0.0856991559267044
25,18,joint_score,local,15,-1.395833969116211,-1.0233176946640015,0.2553597390651703,-1.0198653936386108
25,18,joint_score,local,16,0.2836180031299591,0.5599372982978821,0.2553597092628479,0.5552148818969727
25,18,joint_score,local,17,-0.6030741930007935,-0.4514831304550171,0.2553597390651703,-0.45098334550857544
25,18,joint_score,local,18,0.1959368735551834,0.5093300938606262,0.2553597688674927,0.50486820936203
25,18,joint_score,local,19,-0.1820911169052124,-0.016383476555347443,0.2553597390651703,-0.018130196258425713
25,18,joint_score,local,20,-0.5666369795799255,-0.17501385509967804,0.2553597092628479,-0.1759416162967682
25,18,joint_score,local,21,-0.06621819734573364,-0.20931975543498993,0.2553597092628479,-0.21007037162780762
25,18,joint_score,local,22,0.45573320984840393,0.9529593586921692,0.2553597390651703,0.9462072849273682
25,18,joint_score,local,23,-0.39914554357528687,-0.35790470242500305,0.2553597092628479,-0.3578881621360779
25,18,joint_score,local,24,1.055209994316101,0.978717029094696,0.2553597390651703,0.9718319773674011
25,18,joint_score,local,25,-0.8075734972953796,-0.2594257891178131,0.2553597092628479,-0.2599177360534668
25,19,joint_score,global,0,1.464375376701355,1.3258236646652222,0.12831684947013855,1.0017520189285278
25,19,joint_score,local,1,-0.12411820888519287,-0.2685711979866028,0.25535979866981506,0.010417172685265541
25,19,joint_score,local,2,-0.057855166494846344,-0.0029795083682984114,0.2553596794605255,0.27464523911476135
25,19,joint_score,local,3,-0.8005819916725159,-0.7427933812141418,0.2553597688674927,-0.4613684415817261
25,19,joint_score,local,4,-0.15029926598072052,-0.20623543858528137,0.2553597092628479,0.07243087887763977
25,19,joint_score,local,5,-0.058412011712789536,0.21246053278446198,0.2553596794605255,0.48897749185562134
25,19,joint_score,local,6,-0.7577560544013977,-0.6328096389770508,0.2553596794605255,-0.3519481420516968
25,19,joint_score,local,7,0.34231799840927124,0.20478834211826324,0.2553597092628479,0.48134541511535645
25,19,joint_score,local,8,-0.27958664298057556,-0.6398596167564392,0.25535979866981506,-0.3589634895324707
25,19,joint_score,local,9,-0.6552527546882629,-0.24033787846565247,0.2553597390651703,0.03850427269935608
25,19,joint_score,local,10,-0.46366873383522034,-0.08792640268802643,0.2553597390651703,0.1901342272758484
25,19,joint_score,local,11,1.3980772495269775,1.3446664810180664,0.2553597390651703,1.61536705493927
25,19,joint_score,local,12,-0.7407123446464539,-0.9205866456031799,0.2553597092628479,-0.6382474899291992
25,19,joint_score,local,13,-0.9654839634895325,-0.7097107768058777,0.2553597390651703,-0.42845454812049866
25,19,joint_score,local,14,0.712303102016449,0.47223740816116333,0.2553597390651703,0.7474210858345032
25,19,joint_score,local,15,0.3294256627559662,0.07274208962917328,0.2553597390651703,0.3499765992164612
25,19,joint_score,local,16,-0.06585633754730225,0.07625985145568848,0.2553597092628479,0.353478342294693
25,19,joint_score,local,17,-0.12189870327711105,0.12295562773942947,0.2553597390651703,0.3999325633049011
25,19,joint_score,local,18,0.7327553629875183,1.0215438604354858,0.2553597688674927,1.2939049005508423
25,19,joint_score,local,19,0.40164875984191895,0.4795343577861786,0.2553597390651703,0.7546812295913696
25,19,joint_score,local,20,0.11868500709533691,0.029609082266688347,0.2553597092628479,0.30706751346588135
25,19,joint_score,local,21,0.36912551522254944,0.41590118408203125,0.2553597092628479,0.6913745403289795
25,19,joint_score,local,22,-0.6132761240005493,-0.6898518204689026,0.2553597390651703,-0.40869736671447754
25,19,joint_score,local,23,0.4204549193382263,0.9833716750144958,0.2553597092628479,1.255929946899414
25,19,joint_score,local,24,0.24613599479198456,0.5921705365180969,0.2553597390651703,0.8667382597923279
25,19,joint_score,local,25,-0.1430940181016922,-0.14082707464694977,0.2553597092628479,0.13750605285167694
50,0,joint_score,global,0,0.6480909585952759,0.7711969614028931,0.09132298082113266,0.6526722311973572
50,0,joint_score,local,1,-0.5247451066970825,-0.49202290177345276,0.24353522062301636,-0.3871508836746216
50,0,joint_score,local,2,0.5434615015983582,0.4528743624687195,0.24353539943695068,0.552905261516571
50,0,joint_score,local,3,0.6566146612167358,0.6060065627098083,0.24353507161140442,0.7052605152130127
50,0,joint_score,local,4,0.12675869464874268,-0.19290077686309814,0.2435350865125656,-0.08955895155668259
50,0,joint_score,local,5,0.2576241195201874,0.27545493841171265,0.243535116314888,0.3763962984085083
50,0,joint_score,local,6,0.3317095637321472,0.3076944053173065,0.2435353398323059,0.40847039222717285
50,0,joint_score,local,7,0.44547295570373535,0.13157302141189575,0.24353544414043427,0.2332514375448227
50,0,joint_score,local,8,-0.019250843673944473,-0.1832774430513382,0.24353501200675964,-0.07998429238796234
50,0,joint_score,local,9,0.1676669418811798,-0.036353494971990585,0.24353526532649994,0.06618594378232956
50,0,joint_score,local,10,-0.4191754162311554,-0.2981005012989044,0.24353522062301636,-0.1942189633846283
50,0,joint_score,local,11,-1.362747311592102,-1.8709678649902344,0.24353495240211487,-1.759040117263794
50,0,joint_score,local,12,0.6712114810943604,0.13367754220962524,0.24353498220443726,0.23534995317459106
50,0,joint_score,local,13,-1.2817389965057373,-0.803433895111084,0.24353525042533875,-0.6969669461250305
50,0,joint_score,local,14,0.44233250617980957,0.5709054470062256,0.24353522062301636,0.670337975025177
50,0,joint_score,local,15,1.1493333578109741,0.7814399600028992,0.24353523552417755,0.879795491695404
50,0,joint_score,local,16,-0.3524496853351593,-0.48879286646842957,0.24353519082069397,-0.3839362859725952
50,0,joint_score,local,17,0.428697794675827,0.4279175102710724,0.24353523552417755,0.5280816555023193
50,0,joint_score,local,18,0.42342114448547363,0.27312126755714417,0.2435351461172104,0.3740793466567993
50,0,joint_score,local,19,0.1527913212776184,0.1980380117893219,0.2435353696346283,0.29937830567359924
50,0,joint_score,local,20,-0.17483776807785034,-0.3821955621242523,0.24353517591953278,-0.2778841257095337
50,0,joint_score,local,21,-0.06121199578046799,-0.2698180377483368,0.24353526532649994,-0.16608519852161407
50,0,joint_score,local,22,-0.32282036542892456,-0.8046918511390686,0.2435350865125656,-0.6982194185256958
50,0,joint_score,local,23,0.3612585961818695,-0.1118166372179985,0.2435351461172104,-0.008891926147043705
50,0,joint_score,local,24,0.08015073835849762,-0.06551311910152435,0.2435351014137268,0.037176020443439484
50,0,joint_score,local,25,0.06800564378499985,-0.3719532787799835,0.24353516101837158,-0.26769620180130005
50,0,joint_score,local,26,0.06930507719516754,0.1752154380083084,0.2435351461172104,0.2766725718975067
50,0,joint_score,local,27,-0.5213518142700195,-0.7517864108085632,0.24353526532649994,-0.6455836296081543
50,0,joint_score,local,28,-0.021245203912258148,-0.0820934996008873,0.2435350865125656,0.020680397748947144
50,0,joint_score,local,29,0.3887215852737427,0.11823360621929169,0.24353532493114471,0.21998079121112823
50,0,joint_score,local,30,1.0880705118179321,0.45412346720695496,0.24353520572185516,0.554153323173523
50,0,joint_score,local,31,-0.2295432835817337,-0.20951096713542938,0.24353528022766113,-0.10608436167240143
50,0,joint_score,local,32,1.505165457725525,1.4688072204589844,0.2435351312160492,1.5636451244354248
50,0,joint_score,local,33,1.506104826927185,1.1899359226226807,0.24353520572185516,1.286199927330017
50,0,joint_score,local,34,0.7880385518074036,0.5436216592788696,0.24353523552417755,0.6431933045387268
50,0,joint_score,local,35,0.22613473236560822,-0.015734899789094925,0.24353519082069397,0.08669834583997726
50,0,joint_score,local,36,-0.37512636184692383,0.33423447608947754,0.24353526532649994,0.4348770081996918
50,0,joint_score,local,37,-0.04916426166892052,0.014822553843259811,0.24353520572185516,0.11709976941347122
50,0,joint_score,local,38,0.32650330662727356,-0.03891051188111305,0.24353523552417755,0.06364083290100098
50,0,joint_score,local,39,-0.41672804951667786,-0.2896028161048889,0.24353520572185516,-0.18576735258102417
50,0,joint_score,local,40,1.006518840789795,0.8762326240539551,0.24353519082069397,0.9741026163101196
50,0,joint_score,local,41,-0.2341431826353073,-0.2896725833415985,0.24353523552417755,-0.1858367770910263
50,0,joint_score,local,42,0.03960365429520607,-0.2936601936817169,0.24353519082069397,-0.1898033320903778
50,0,joint_score,local,43,0.8832309246063232,0.5921387076377869,0.24353523552417755,0.6914608478546143
50,0,joint_score,local,44,-0.5683207511901855,-0.6394332647323608,0.24353520572185516,-0.5338073968887329
50,0,joint_score,local,45,0.2202354520559311,0.4089479148387909,0.24353520572185516,0.5092088580131531
50,0,joint_score,local,46,-0.6533512473106384,-0.6752645969390869,0.24353522062301636,-0.5694549679756165
50,0,joint_score,local,47,0.07865878939628601,-0.24290114641189575,0.24353520572185516,-0.1393038034439087
50,0,joint_score,local,48,-0.33878687024116516,-0.33027389645576477,0.24353520572185516,-0.22623023390769958
50,0,joint_score,local,49,-0.4646556079387665,-0.5051306486129761,0.24353522062301636,-0.40019166469573975
50,0,joint_score,local,50,0.9863283038139343,0.8346090912818909,0.24353522062301636,0.9326913356781006
50,1,joint_score,global,0,-0.5445113778114319,-0.46873700618743896,0.09132298082113266,-0.3542560338973999
50,1,joint_score,local,1,0.013088908977806568,-0.2507365942001343,0.24353522062301636,-0.34751808643341064
50,1,joint_score,local,2,-0.07391013950109482,-0.10457205772399902,0.24353539943695068,-0.20210029184818268
50,1,joint_score,local,3,-0.8191118240356445,-0.6910828948020935,0.24353507161140442,-0.7856072187423706
50,1,joint_score,local,4,1.2563092708587646,0.6298191547393799,0.2435350865125656,0.5285220146179199
50,1,joint_score,local,5,0.7116554975509644,0.5394164323806763,0.243535116314888,0.43858450651168823
50,1,joint_score,local,6,-0.20747607946395874,-0.5598344206809998,0.2435353398323059,-0.6550281047821045
50,1,joint_score,local,7,1.0800122022628784,1.1136384010314941,0.24353544414043427,1.0098578929901123
50,1,joint_score,local,8,-1.2796003818511963,-0.9371849894523621,0.24353501200675964,-1.03044855594635
50,1,joint_score,local,9,0.019716210663318634,-0.14219924807548523,0.24353526532649994,-0.23953674733638763
50,1,joint_score,local,10,-0.9469040632247925,-1.2039175033569336,0.24353522062301636,-1.2958108186721802
50,1,joint_score,local,11,-0.30294665694236755,-0.48733556270599365,0.24353495240211487,-0.5829055905342102
50,1,joint_score,local,12,-0.16191886365413666,0.03615143522620201,0.24353498220443726,-0.06210247799754143
50,1,joint_score,local,13,-0.5094948410987854,-0.6753393411636353,0.24353525042533875,-0.7699434161186218
50,1,joint_score,local,14,0.7389278411865234,0.7158963680267334,0.24353522062301636,0.6141566038131714
50,1,joint_score,local,15,0.02178337424993515,-0.021045859903097153,0.24353523552417755,-0.11900574713945389
50,1,joint_score,local,16,-0.5085543394088745,-0.3635062873363495,0.24353519082069397,-0.45970988273620605
50,1,joint_score,local,17,-0.602584958076477,-0.43255525827407837,0.24353523552417755,-0.5284043550491333
50,1,joint_score,local,18,0.4978941082954407,0.2808997333049774,0.2435351461172104,0.18139073252677917
50,1,joint_score,local,19,-0.4690609872341156,-0.2944667339324951,0.2435353696346283,-0.39102381467819214
50,1,joint_score,local,20,-0.20998738706111908,-0.46057745814323425,0.24353517591953278,-0.5562834143638611
50,1,joint_score,local,21,-0.08349403738975525,-0.2044307291507721,0.24353526532649994,-0.3014477491378784
50,1,joint_score,local,22,1.4470243453979492,1.3485593795776367,0.2435350865125656,1.2435756921768188
50,1,joint_score,local,23,1.4955329895019531,1.043402075767517,0.2435351461172104,0.9399846196174622
50,1,joint_score,local,24,0.414004921913147,0.5584782361984253,0.2435351014137268,0.45754653215408325
50,1,joint_score,local,25,0.7610758543014526,0.7087908387184143,0.24353516101837158,0.6070883870124817
50,1,joint_score,local,26,0.4320540130138397,0.17971527576446533,0.2435351461172104,0.0807260051369667
50,1,joint_score,local,27,-0.31618359684944153,-0.3403390347957611,0.24353526532649994,-0.4366609752178192
50,1,joint_score,local,28,0.3577970862388611,0.19339865446090698,0.2435350865125656,0.0943392887711525
50,1,joint_score,local,29,0.08018654584884644,-0.18930299580097198,0.24353532493114471,-0.2863982021808624
50,1,joint_score,local,30,0.4017474949359894,0.5177958607673645,0.24353520572185516,0.41707244515419006
50,1,joint_score,local,31,0.19716395437717438,0.34623396396636963,0.24353528022766113,0.24639010429382324
50,1,joint_score,local,32,-0.2499966025352478,-0.5724678635597229,0.2435351312160492,-0.6675993204116821
50,1,joint_score,local,33,0.3420441448688507,0.1060643345117569,0.24353520572185516,0.007453603204339743
50,1,joint_score,local,34,0.9323300719261169,0.7247051000595093,0.24353523552417755,0.6229203939437866
50,1,joint_score,local,35,0.33752959966659546,0.40955838561058044,0.24353519082069397,0.30939120054244995
50,1,joint_score,local,36,-0.4920197129249573,-0.6411833167076111,0.24353526532649994,-0.7359602451324463
50,1,joint_score,local,37,-0.009944254532456398,0.02680419385433197,0.24353520572185516,-0.07139982283115387
50,1,joint_score,local,38,0.12564589083194733,0.19954103231430054,0.24353523552417755,0.10045111924409866
50,1,joint_score,local,39,-0.9866943955421448,-1.374533772468567,0.24353520572185516,-1.4655503034591675
50,1,joint_score,local,40,-0.8546944260597229,-0.8446539044380188,0.24353519082069397,-0.9383887648582458
50,1,joint_score,local,41,-0.06316104531288147,-0.3951137363910675,0.24353523552417755,-0.4911534786224365
50,1,joint_score,local,42,0.5437512397766113,0.22334089875221252,0.24353519082069397,0.12412837892770767
50,1,joint_score,local,43,1.0447674989700317,0.7279866933822632,0.24353523552417755,0.6261861324310303
50,1,joint_score,local,44,0.035057660192251205,0.35700443387031555,0.24353520572185516,0.25710684061050415
50,1,joint_score,local,45,-0.48912185430526733,-0.1159670352935791,0.24353520572185516,-0.21343889832496643
50,1,joint_score,local,46,-0.4327654242515564,-0.2328021377325058,0.24353522062301636,-0.3296748995780945
50,1,joint_score,local,47,0.8032195568084717,0.7024859189987183,0.24353520572185516,0.6008155941963196
50,1,joint_score,local,48,0.32088589668273926,0.3035968542098999,0.24353520572185516,0.2039722055196762
50,1,joint_score,local,49,-0.03464779630303383,-0.04005344212055206,0.24353522062301636,-0.1379154920578003
50,1,joint_score,local,50,-0.7611116766929626,-0.6817514300346375,0.24353522062301636,-0.7763219475746155
50,2,joint_score,global,0,-0.7034302353858948,-0.5460328459739685,0.09132298082113266,-0.39716142416000366
50,2,joint_score,local,1,0.7715915441513062,0.6060981154441833,0.24353522062301636,0.4756544530391693
50,2,joint_score,local,2,1.0339301824569702,0.7095173597335815,0.24353539943695068,0.578546404838562
50,2,joint_score,local,3,0.8787920475006104,0.6428532600402832,0.24353507161140442,0.5122215151786804
50,2,joint_score,local,4,-1.0366926193237305,-0.9915507435798645,0.2435350865125656,-1.1138205528259277
50,2,joint_score,local,5,0.2696824371814728,0.6049599051475525,0.243535116314888,0.47452422976493835
50,2,joint_score,local,6,0.5931034684181213,0.31096503138542175,0.2435353398323059,0.18203246593475342
50,2,joint_score,local,7,0.2021079957485199,-0.3475068509578705,0.24353544414043427,-0.473069429397583
50,2,joint_score,local,8,0.549662709236145,0.21803966164588928,0.24353501200675964,0.08957985788583755
50,2,joint_score,local,9,-0.3406645655632019,-0.265832781791687,0.24353526532649994,-0.39181461930274963
50,2,joint_score,local,10,0.19572363793849945,0.1273302137851715,0.24353522062301636,-0.0006655721226707101
50,2,joint_score,local,11,-0.37348848581314087,-0.4194469749927521,0.24353495240211487,-0.5446457862854004
50,2,joint_score,local,12,-0.35978248715400696,-0.431880921125412,0.24353498220443726,-0.5570162534713745
50,2,joint_score,local,13,-0.2943940758705139,-1.0313135385513306,0.24353525042533875,-1.1533796787261963
50,2,joint_score,local,14,-0.45113062858581543,-0.7896379828453064,0.24353522062301636,-0.9129403829574585
50,2,joint_score,local,15,0.16966240108013153,0.15839236974716187,0.24353523552417755,0.03023860976099968
50,2,joint_score,local,16,-0.25819844007492065,-0.09797756373882294,0.24353519082069397,-0.2248193621635437
50,2,joint_score,local,17,0.2636871635913849,-0.24093525111675262,0.24353523552417755,-0.3670453131198883
50,2,joint_score,local,18,0.5426902174949646,0.1431197077035904,0.2435351461172104,0.015043606981635094
50,2,joint_score,local,19,0.24306489527225494,-0.05889089033007622,0.2435353696346283,-0.18593251705169678
50,2,joint_score,local,20,-0.21597544848918915,-0.5630013942718506,0.24353517591953278,-0.6874646544456482
50,2,joint_score,local,21,0.8145143389701843,0.6800408959388733,0.24353526532649994,0.5492201447486877
50,2,joint_score,local,22,0.31412220001220703,0.006419001612812281,0.2435350865125656,-0.12095753848552704
50,2,joint_score,local,23,-0.03390056639909744,-0.4431666135787964,0.2435351461172104,-0.5682406425476074
50,2,joint_score,local,24,-0.08683816343545914,-0.230199933052063,0.2435351014137268,-0.356365442276001
50,2,joint_score,local,25,-0.417661190032959,-0.41783449053764343,0.24353516101837158,-0.5430393815040588
50,2,joint_score,local,26,0.2601514458656311,0.00487527996301651,0.2435351461172104,-0.12249213457107544
50,2,joint_score,local,27,0.16583432257175446,-0.5147058963775635,0.24353526532649994,-0.6394156217575073
50,2,joint_score,local,28,-0.0655391588807106,-0.17328663170337677,0.2435350865125656,-0.2997431755065918
50,2,joint_score,local,29,0.047528333961963654,0.05853359401226044,0.24353532493114471,-0.06910739094018936
50,2,joint_score,local,30,0.824976921081543,0.4556048810482025,0.24353520572185516,0.32593101263046265
50,2,joint_score,local,31,1.4049099683761597,1.2037947177886963,0.24353528022766113,1.070291519165039
50,2,joint_score,local,32,-1.1339541673660278,-0.717473566532135,0.2435351312160492,-0.8411455154418945
50,2,joint_score,local,33,-0.2824687361717224,-0.1924719214439392,0.24353520572185516,-0.3188289999961853
50,2,joint_score,local,34,1.3255375623703003,0.9512099027633667,0.24353523552417755,0.8189996480941772
50,2,joint_score,local,35,-0.6150397658348083,-0.7002539038658142,0.24353519082069397,-0.8240124583244324
50,2,joint_score,local,36,0.0703771635890007,0.016691146418452263,0.24353526532649994,-0.11073596775531769
50,2,joint_score,local,37,1.1644445657730103,0.8358289003372192,0.24353520572185516,0.7042104601860046
50,2,joint_score,local,38,-0.12171699851751328,0.08972644060850143,0.24353523552417755,-0.03807402774691582
50,2,joint_score,local,39,0.6219453811645508,0.40892985463142395,0.24353520572185516,0.2794952392578125
50,2,joint_score,local,40,-0.83648282289505,-1.0504968166351318,0.24353519082069397,-1.1724649667739868
50,2,joint_score,local,41,0.09824474900960922,0.3479363024234772,0.24353523552417755,0.21881453692913055
50,2,joint_score,local,42,0.6472026109695435,0.5015966892242432,0.24353519082069397,0.3716881573200226
50,2,joint_score,local,43,0.4786220192909241,0.40256616473197937,0.24353523552417755,0.2731647789478302
50,2,joint_score,local,44,-1.2987525463104248,-1.064031720161438,0.24353520572185516,-1.1859291791915894
50,2,joint_score,local,45,-0.4738074541091919,-0.6749662160873413,0.24353520572185516,-0.7988547086715698
50,2,joint_score,local,46,-0.3615230917930603,-0.20912021398544312,0.24353522062301636,-0.33539241552352905
50,2,joint_score,local,47,0.4862421751022339,0.325729638338089,0.24353520572185516,0.19672080874443054
50,2,joint_score,local,48,0.07003525644540787,0.4189978539943695,0.24353520572185516,0.2895115613937378
50,2,joint_score,local,49,1.6449010372161865,1.011539101600647,0.24353522062301636,0.8790206909179688
50,2,joint_score,local,50,0.38752901554107666,0.07756772637367249,0.24353522062301636,-0.05017172172665596
50,3,joint_score,global,0,0.6996573805809021,0.5820448994636536,0.09132298082113266,0.488643616437912
50,3,joint_score,local,1,0.2613428235054016,0.7524813413619995,0.24353522062301636,0.8292065858840942
50,3,joint_score,local,2,-1.1082972288131714,-1.0768080949783325,0.24353539943695068,-0.9906993508338928
50,3,joint_score,local,3,-0.12740536034107208,-0.2232501208782196,0.24353507161140442,-0.14151865243911743
50,3,joint_score,local,4,0.3283878266811371,0.11027565598487854,0.2435350865125656,0.19029578566551208
50,3,joint_score,local,5,0.25220155715942383,0.23512408137321472,0.243535116314888,0.31450170278549194
50,3,joint_score,local,6,-0.31588995456695557,-0.4874391257762909,0.2435353398323059,-0.4043535590171814
50,3,joint_score,local,7,-1.102107286453247,-0.9306508898735046,0.24353544414043427,-0.8452897667884827
50,3,joint_score,local,8,0.02672181837260723,0.06124740093946457,0.24353501200675964,0.14152057468891144
50,3,joint_score,local,9,0.041019756346940994,0.20207805931568146,0.24353526532649994,0.2816268801689148
50,3,joint_score,local,10,0.0030341630335897207,-0.07202272117137909,0.24353522062301636,0.00893387384712696
50,3,joint_score,local,11,-0.31531575322151184,-0.10964786261320114,0.24353495240211487,-0.02849831059575081
50,3,joint_score,local,12,0.09191020578145981,0.17506955564022064,0.24353498220443726,0.2547590732574463
50,3,joint_score,local,13,1.499098539352417,1.0216960906982422,0.24353525042533875,1.0970408916473389
50,3,joint_score,local,14,-0.13588084280490875,-0.07722896337509155,0.24353522062301636,0.0037530679255723953
50,3,joint_score,local,15,0.11984527856111526,0.15556436777114868,0.24353523552417755,0.23535239696502686
50,3,joint_score,local,16,0.4957965612411499,0.31680625677108765,0.24353519082069397,0.3957675099372864
50,3,joint_score,local,17,-1.1465352773666382,-0.856078028678894,0.24353523552417755,-0.7710994482040405
50,3,joint_score,local,18,0.39469435811042786,0.6158961653709412,0.2435351461172104,0.6933238506317139
50,3,joint_score,local,19,-0.7592794895172119,-0.8908368349075317,0.2435353696346283,-0.8056793212890625
50,3,joint_score,local,20,0.7279199957847595,0.8284193873405457,0.24353517591953278,0.9047559499740601
50,3,joint_score,local,21,-0.3560900092124939,0.066815085709095,0.24353526532649994,0.147056445479393
50,3,joint_score,local,22,0.4388636648654938,0.746394157409668,0.2435350865125656,0.8231523633003235
50,3,joint_score,local,23,-0.1697540432214737,-0.1875036507844925,0.2435351461172104,-0.10595719516277313
50,3,joint_score,local,24,-0.06105756759643555,0.01872895658016205,0.2435351014137268,0.09921899437904358
50,3,joint_score,local,25,0.6474933624267578,0.860323965549469,0.24353516101837158,0.9364961981773376
50,3,joint_score,local,26,0.19633899629116058,0.30387595295906067,0.2435351461172104,0.3829026222229004
50,3,joint_score,local,27,0.32105982303619385,-0.04023769125342369,0.24353526532649994,0.04055510833859444
50,3,joint_score,local,28,-0.03661010041832924,-0.227840393781662,0.2435350865125656,-0.14608603715896606
50,3,joint_score,local,29,0.7094565629959106,0.595005214214325,0.24353532493114471,0.6725366115570068
50,3,joint_score,local,30,0.19843359291553497,0.24304577708244324,0.24353520572185516,0.3223845064640045
50,3,joint_score,local,31,0.3369106352329254,0.22117264568805695,0.24353528022766113,0.30062371492385864
50,3,joint_score,local,32,0.8619759678840637,0.7279056310653687,0.2435351312160492,0.804757297039032
50,3,joint_score,local,33,-0.8555136919021606,-0.5042746067047119,0.24353520572185516,-0.4211021363735199
50,3,joint_score,local,34,-0.3195290267467499,-0.13885217905044556,0.24353523552417755,-0.05755406990647316
50,3,joint_score,local,35,-1.055705189704895,-0.4990062713623047,0.24353519082069397,-0.41586148738861084
50,3,joint_score,local,36,-0.8025758266448975,-0.7410225868225098,0.24353526532649994,-0.656635582447052
50,3,joint_score,local,37,-0.8036037087440491,-0.5109924674034119,0.24353520572185516,-0.4277859926223755
50,3,joint_score,local,38,0.7959163784980774,0.6921912431716919,0.24353523552417755,0.7692246437072754
50,3,joint_score,local,39,0.016579236835241318,0.035603512078523636,0.24353520572185516,0.11600615084171295
50,3,joint_score,local,40,0.14721651375293732,0.40945711731910706,0.24353519082069397,0.4879423975944519
50,3,joint_score,local,41,-0.5229664444923401,-0.24935941398143768,0.24353523552417755,-0.16749510169029236
50,3,joint_score,local,42,-0.3417612612247467,-0.23842349648475647,0.24353519082069397,-0.15661469101905823
50,3,joint_score,local,43,0.04335436597466469,0.31076693534851074,0.24353523552417755,0.3897574543952942
50,3,joint_score,local,44,-0.32040300965309143,-0.11712570488452911,0.24353520572185516,-0.035939618945121765
50,3,joint_score,local,45,-0.6361305117607117,-0.6140018105506897,0.24353520572185516,-0.5302662253379822
50,3,joint_score,local,46,-0.7457901835441589,-0.6038408875465393,0.24353522062301636,-0.5201575756072998
50,3,joint_score,local,47,-0.7567175030708313,-0.46418529748916626,0.24353520572185516,-0.381218284368515
50,3,joint_score,local,48,-0.6829952001571655,-0.15906879305839539,0.24353520572185516,-0.07766737043857574
50,3,joint_score,local,49,0.03546631336212158,0.41966649889945984,0.24353522062301636,0.4980992376804352
50,3,joint_score,local,50,0.12675148248672485,0.22146980464458466,0.24353522062301636,0.30091893672943115
50,4,joint_score,global,0,-0.6732224822044373,-0.7508919835090637,0.09132298082113266,-0.5550596117973328
50,4,joint_score,local,1,-0.20667009055614471,-0.1489737182855606,0.24353522062301636,-0.31581807136535645
50,4,joint_score,local,2,0.19886207580566406,0.5036933422088623,0.24353539943695068,0.3335256278514862
50,4,joint_score,local,3,0.073466457426548,0.0651652067899704,0.24353507161140442,-0.10277138650417328
50,4,joint_score,local,4,-0.39271292090415955,-0.19136670231819153,0.2435350865125656,-0.3579956591129303
50,4,joint_score,local,5,0.3830840289592743,-0.09188269078731537,0.243535116314888,-0.2590154707431793
50,4,joint_score,local,6,0.09427019208669662,-0.015577076934278011,0.2435353398323059,-0.18309897184371948
50,4,joint_score,local,7,-0.17430172860622406,-0.21565434336662292,0.24353544414043427,-0.3821568489074707
50,4,joint_score,local,8,-0.5440948605537415,-0.4097878932952881,0.24353501200675964,-0.5753065943717957
50,4,joint_score,local,9,0.3670526146888733,0.331780344247818,0.24353526532649994,0.16248595714569092
50,4,joint_score,local,10,-0.4638011157512665,-0.7211486101150513,0.24353522062301636,-0.8850798606872559
50,4,joint_score,local,11,-0.6081399917602539,-0.49339598417282104,0.24353495240211487,-0.6584887504577637
50,4,joint_score,local,12,-0.012128042988479137,0.13795778155326843,0.24353498220443726,-0.030350781977176666
50,4,joint_score,local,13,-0.5279167890548706,-0.2564033269882202,0.24353525042533875,-0.42270174622535706
50,4,joint_score,local,14,0.4351428747177124,0.8232308030128479,0.24353522062301636,0.651432454586029
50,4,joint_score,local,15,0.648250937461853,0.5625511407852173,0.24353523552417755,0.3920808434486389
50,4,joint_score,local,16,-0.4524523913860321,-0.07892446219921112,0.24353519082069397,-0.2461274415254593
50,4,joint_score,local,17,0.16950763761997223,-0.08481892198324203,0.24353523552417755,-0.25199079513549805
50,4,joint_score,local,18,0.2658018469810486,0.02223086729645729,0.2435351461172104,-0.14548784494400024
50,4,joint_score,local,19,-0.3400629758834839,-0.36896154284477234,0.2435353696346283,-0.5346853733062744
50,4,joint_score,local,20,-0.9000216126441956,-0.9806844592094421,0.24353517591953278,-1.1432931423187256
50,4,joint_score,local,21,-0.11090399324893951,-0.040989477187395096,0.24353526532649994,-0.20838266611099243
50,4,joint_score,local,22,-0.5183446407318115,-0.8419557809829712,0.2435350865125656,-1.0052721500396729
50,4,joint_score,local,23,-0.07799876481294632,-0.15430301427841187,0.2435351461172104,-0.3211190104484558
50,4,joint_score,local,24,-0.7017098069190979,-0.5015785694122314,0.2435351014137268,-0.6666276454925537
50,4,joint_score,local,25,0.15939892828464508,0.39043349027633667,0.24353516101837158,0.2208414226770401
50,4,joint_score,local,26,-0.13607986271381378,-0.07151243090629578,0.2435351461172104,-0.23875118792057037
50,4,joint_score,local,27,-0.07874400913715363,-0.13270017504692078,0.24353526532649994,-0.2996288537979126
50,4,joint_score,local,28,-0.2661263346672058,-0.5096386671066284,0.2435350865125656,-0.6746459603309631
50,4,joint_score,local,29,0.7831313014030457,0.9326128959655762,0.24353532493114471,0.7602577805519104
50,4,joint_score,local,30,-0.05147397890686989,-0.2225157469511032,0.24353520572185516,-0.3889857232570648
50,4,joint_score,local,31,1.3466626405715942,1.6221009492874146,0.24353528022766113,1.4462311267852783
50,4,joint_score,local,32,0.3920234739780426,0.03396853432059288,0.2435351312160492,-0.13380859792232513
50,4,joint_score,local,33,-0.26983627676963806,-0.2979285717010498,0.24353520572185516,-0.4640128016471863
50,4,joint_score,local,34,0.7589715719223022,1.0482217073440552,0.24353523552417755,0.8752766251564026
50,4,joint_score,local,35,-1.0733232498168945,-0.6450034379959106,0.24353519082069397,-0.8093189001083374
50,4,joint_score,local,36,-0.48731091618537903,-0.4866282641887665,0.24353526532649994,-0.6517509818077087
50,4,joint_score,local,37,-1.1796247959136963,-1.0925239324569702,0.24353520572185516,-1.254560112953186
50,4,joint_score,local,38,0.8954432606697083,0.5898066163063049,0.24353523552417755,0.4192000925540924
50,4,joint_score,local,39,-0.9178016185760498,-0.38109689950942993,0.24353520572185516,-0.5467576384544373
50,4,joint_score,local,40,-0.3092076778411865,-0.272684782743454,0.24353519082069397,-0.43889909982681274
50,4,joint_score,local,41,0.28766027092933655,0.5568788647651672,0.24353523552417755,0.38643839955329895
50,4,joint_score,local,42,0.43428993225097656,0.40884774923324585,0.24353519082069397,0.2391613870859146
50,4,joint_score,local,43,0.18349120020866394,0.2555188536643982,0.24353523552417755,0.08661427348852158
50,4,joint_score,local,44,-0.27377262711524963,-0.3591262996196747,0.24353520572185516,-0.5248991250991821
50,4,joint_score,local,45,0.003402120666578412,0.2562716007232666,0.24353520572185516,0.08736269921064377
50,4,joint_score,local,46,1.0124279260635376,0.6862578988075256,0.24353522062301636,0.5151577591896057
50,4,joint_score,local,47,0.6856653690338135,0.8713080883026123,0.24353520572185516,0.6992655396461487
50,4,joint_score,local,48,0.02536820061504841,0.14787934720516205,0.24353520572185516,-0.020477822050452232
50,4,joint_score,local,49,-0.05148812383413315,-0.36486637592315674,0.24353522062301636,-0.5306107401847839
50,4,joint_score,local,50,-0.5989211797714233,-0.2364168018102646,0.24353522062301636,-0.402816504240036
50,5,joint_score,global,0,-0.3065107464790344,-0.31626659631729126,0.09132298082113266,-0.29549241065979004
50,5,joint_score,local,1,-0.6110197305679321,-0.2879084646701813,0.24353522062301636,-0.3048968017101288
50,5,joint_score,local,2,0.14722634851932526,0.07947304099798203,0.24353539943695068,0.06060820072889328
50,5,joint_score,local,3,-0.3091910183429718,-0.21620036661624908,0.24353507161140442,-0.23355600237846375
50,5,joint_score,local,4,-1.0146490335464478,-0.8232511878013611,0.2435350865125656,-0.83750319480896
50,5,joint_score,local,5,-0.004293614067137241,0.08770241588354111,0.243535116314888,0.0687951147556305
50,5,joint_score,local,6,-0.01492780540138483,0.06660966575145721,0.2435353398323059,0.04780985414981842
50,5,joint_score,local,7,-0.19486425817012787,-0.13502444326877594,0.24353544414043427,-0.1527930498123169
50,5,joint_score,local,8,-0.15414726734161377,0.09790685027837753,0.24353501200675964,0.07894516736268997
50,5,joint_score,local,9,-0.4533308446407318,-0.47089383006095886,0.24353526532649994,-0.4869462847709656
50,5,joint_score,local,10,-0.32632309198379517,-0.15630057454109192,0.24353522062301636,-0.17396265268325806
50,5,joint_score,local,11,0.9636123180389404,0.8798356056213379,0.24353495240211487,0.8568786382675171
50,5,joint_score,local,12,-0.5390640497207642,-0.8709259033203125,0.24353498220443726,-0.8849363327026367
50,5,joint_score,local,13,-0.19040732085704803,-0.38213711977005005,0.24353525042533875,-0.3986443877220154
50,5,joint_score,local,14,-0.2500441372394562,0.010030873119831085,0.24353522062301636,-0.008480953983962536
50,5,joint_score,local,15,1.5151628255844116,1.5539941787719727,0.24353523552417755,1.5275888442993164
50,5,joint_score,local,16,1.0108765363693237,1.0555598735809326,0.24353519082069397,1.031702995300293
50,5,joint_score,local,17,0.7758392095565796,0.614048957824707,0.24353523552417755,0.5924487113952637
50,5,joint_score,local,18,-0.7043089270591736,-0.6598526239395142,0.2435351461172104,-0.6749409437179565
50,5,joint_score,local,19,0.8335531949996948,0.48838886618614197,0.2435353696346283,0.4674305319786072
50,5,joint_score,local,20,-0.4597644805908203,-0.43865543603897095,0.24353517591953278,-0.45487409830093384
50,5,joint_score,local,21,-0.33079463243484497,-0.35173484683036804,0.24353526532649994,-0.3683955669403076
50,5,joint_score,local,22,0.44244837760925293,0.429790735244751,0.2435350865125656,0.40913325548171997
50,5,joint_score,local,23,0.35773763060569763,-0.1112988069653511,0.2435351461172104,-0.12918928265571594
50,5,joint_score,local,24,0.5417960286140442,0.5737717747688293,0.2435351014137268,0.5523784160614014
50,5,joint_score,local,25,-0.36666592955589294,-0.3082895874977112,0.24353516101837158,-0.325173556804657
50,5,joint_score,local,26,0.019418461248278618,0.09820584207773209,0.2435351461172104,0.07924360781908035
50,5,joint_score,local,27,0.7346553802490234,0.4689035415649414,0.24353526532649994,0.4480450749397278
50,5,joint_score,local,28,-0.7577188611030579,-0.7187784314155579,0.2435350865125656,-0.7335649132728577
50,5,joint_score,local,29,0.5269304513931274,0.708659827709198,0.24353532493114471,0.686576783657074
50,5,joint_score,local,30,-0.6171833872795105,-0.9179386496543884,0.24353520572185516,-0.9317066073417664
50,5,joint_score,local,31,0.28029459714889526,0.05728280171751976,0.24353528022766113,0.03852926567196846
50,5,joint_score,local,32,-0.3598598837852478,-0.6090991497039795,0.2435351312160492,-0.6244462728500366
50,5,joint_score,local,33,0.05028009042143822,0.23186329007148743,0.24353520572185516,0.21221806108951569
50,5,joint_score,local,34,-0.7775536775588989,-0.5622098445892334,0.24353523552417755,-0.5777959823608398
50,5,joint_score,local,35,0.21936872601509094,0.41125309467315674,0.24353519082069397,0.39069128036499023
50,5,joint_score,local,36,0.27851369976997375,0.215662881731987,0.24353526532649994,0.19610074162483215
50,5,joint_score,local,37,-0.7473304271697998,-0.6421380639076233,0.24353520572185516,-0.6573148965835571
50,5,joint_score,local,38,0.2336927056312561,0.16613712906837463,0.24353523552417755,0.14682841300964355
50,5,joint_score,local,39,-0.7478705048561096,-0.917346715927124,0.24353520572185516,-0.9311167597770691
50,5,joint_score,local,40,0.3576042652130127,0.29657068848609924,0.24353519082069397,0.2765939235687256
50,5,joint_score,local,41,-0.17970001697540283,-0.4263184070587158,0.24353523552417755,-0.4425986409187317
50,5,joint_score,local,42,0.6347278952598572,0.4823053181171417,0.24353519082069397,0.46137940883636475
50,5,joint_score,local,43,0.4312382638454437,0.25929248332977295,0.24353523552417755,0.23950672149658203
50,5,joint_score,local,44,0.2676837742328644,0.5784358978271484,0.24353520572185516,0.5570189356803894
50,5,joint_score,local,45,-0.12016446143388748,-0.1773330271244049,0.24353520572185516,-0.19488678872585297
50,5,joint_score,local,46,-0.2546246647834778,-0.13848340511322021,0.24353522062301636,-0.15623578429222107
50,5,joint_score,local,47,0.8447257876396179,0.8395540118217468,0.24353520572185516,0.8168016672134399
50,5,joint_score,local,48,-0.5524922609329224,-0.5939474701881409,0.24353520572185516,-0.6093713045120239
50,5,joint_score,local,49,-0.042821187525987625,-0.0789240300655365,0.24353522062301636,-0.0969805121421814
50,5,joint_score,local,50,0.11750748008489609,0.06586901098489761,0.24353522062301636,0.04707203432917595
50,6,joint_score,global,0,0.5915895104408264,0.5783339738845825,0.09132298082113266,0.4477666914463043
50,6,joint_score,local,1,0.028510548174381256,0.15668371319770813,0.24353522062301636,0.2678537368774414
50,6,joint_score,local,2,-0.2275029420852661,0.00385118555277586,0.24353539943695068,0.11580036580562592
50,6,joint_score,local,3,-0.312109112739563,-0.24725259840488434,0.24353507161140442,-0.13401508331298828
50,6,joint_score,local,4,-0.5956920981407166,-0.3784613311290741,0.2435350865125656,-0.2645536959171295
50,6,joint_score,local,5,-0.7113702297210693,-0.34881067276000977,0.243535116314888,-0.23505665361881256
50,6,joint_score,local,6,-0.5652485489845276,-0.11436202377080917,0.2435353398323059,-0.0018062598537653685
50,6,joint_score,local,7,0.7534592747688293,0.44443410634994507,0.24353544414043427,0.554129958152771
50,6,joint_score,local,8,-0.7748445868492126,-1.0508387088775635,0.24353501200675964,-0.9334911704063416
50,6,joint_score,local,9,0.6614311933517456,1.0730443000793457,0.24353526532649994,1.1795265674591064
50,6,joint_score,local,10,0.2425612509250641,0.22202487289905548,0.24353522062301636,0.33286288380622864
50,6,joint_score,local,11,0.5357553958892822,0.5699577331542969,0.24353495240211487,0.679016649723053
50,6,joint_score,local,12,0.13101395964622498,0.05911378189921379,0.24353498220443726,0.17078551650047302
50,6,joint_score,local,13,-0.30801501870155334,-0.12706632912158966,0.24353525042533875,-0.014443152584135532
50,6,joint_score,local,14,-0.6325384974479675,-0.6031135320663452,0.24353522062301636,-0.4880561828613281
50,6,joint_score,local,15,-0.5448784828186035,-0.27897271513938904,0.24353523552417755,-0.16557323932647705
50,6,joint_score,local,16,0.5268576741218567,0.4153706431388855,0.24353519082069397,0.5252193212509155
50,6,joint_score,local,17,-0.7876436710357666,-0.38625138998031616,0.24353523552417755,-0.27230265736579895
50,6,joint_score,local,18,-0.1654786914587021,0.18181180953979492,0.2435351461172104,0.2928556501865387
50,6,joint_score,local,19,-0.6164842247962952,-0.17863185703754425,0.2435353696346283,-0.06574520468711853
50,6,joint_score,local,20,-0.47410354018211365,-0.4967227876186371,0.24353517591953278,-0.3822084367275238
50,6,joint_score,local,21,-0.1288822591304779,-0.5454392433166504,0.24353526532649994,-0.4306790232658386
50,6,joint_score,local,22,0.4741232991218567,0.5763399004936218,0.2435350865125656,0.6853652596473694
50,6,joint_score,local,23,0.7147943377494812,0.46107545495033264,0.2435351461172104,0.5706885457038879
50,6,joint_score,local,24,0.5565354228019714,0.3089861571788788,0.2435351014137268,0.419378399848938
50,6,joint_score,local,25,-0.6511490941047668,-0.42315012216567993,0.24353516101837158,-0.30901339650154114
50,6,joint_score,local,26,0.21169506013393402,-0.030509624630212784,0.2435351461172104,0.08161845803260803
50,6,joint_score,local,27,-0.6044173240661621,-0.4701266586780548,0.24353526532649994,-0.35574859380722046
50,6,joint_score,local,28,-0.4742257595062256,-0.39673665165901184,0.2435350865125656,-0.2827351987361908
50,6,joint_score,local,29,-1.3139616250991821,-1.2022370100021362,0.24353532493114471,-1.084114909172058
50,6,joint_score,local,30,0.4880039393901825,0.1851527988910675,0.24353520572185516,0.29617825150489807
50,6,joint_score,local,31,0.0891503393650055,0.27416664361953735,0.24353528022766113,0.3847365975379944
50,6,joint_score,local,32,0.24500703811645508,0.44916629791259766,0.2435351312160492,0.5588416457176208
50,6,joint_score,local,33,-0.4133560061454773,-0.46697378158569336,0.24353520572185516,-0.3526131808757782
50,6,joint_score,local,34,-0.263451486825943,-0.38809049129486084,0.24353523552417755,-0.27413293719291687
50,6,joint_score,local,35,-0.21915720403194427,0.037088606506586075,0.24353519082069397,0.14887048304080963
50,6,joint_score,local,36,-0.5193474292755127,-0.5599770545959473,0.24353526532649994,-0.4451412260532379
50,6,joint_score,local,37,0.05085301399230957,0.3184504210948944,0.24353520572185516,0.428793340921402
50,6,joint_score,local,38,-0.09370090067386627,-0.0312715545296669,0.24353523552417755,0.08085949718952179
50,6,joint_score,local,39,-0.41977566480636597,-0.337667852640152,0.24353520572185516,-0.2239692062139511
50,6,joint_score,local,40,0.8634189367294312,0.6530005931854248,0.24353519082069397,0.7616333961486816
50,6,joint_score,local,41,0.8265722990036011,0.9149361848831177,0.24353523552417755,1.0222280025482178
50,6,joint_score,local,42,1.0177258253097534,1.0753419399261475,0.24353519082069397,1.1818137168884277
50,6,joint_score,local,43,0.1602931022644043,0.2973749339580536,0.24353523552417755,0.40782517194747925
50,6,joint_score,local,44,-0.415535569190979,-0.506752610206604,0.24353520572185516,-0.3921889662742615
50,6,joint_score,local,45,-1.270072102546692,-0.9891188740730286,0.24353520572185516,-0.872087299823761
50,6,joint_score,local,46,0.7135528326034546,0.3782796561717987,0.24353522062301636,0.4883171021938324
50,6,joint_score,local,47,-0.3774076998233795,-0.3365512788295746,0.24353520572185516,-0.22285772860050201
50,6,joint_score,local,48,1.620987057685852,1.2660259008407593,0.24353520572185516,1.3715211153030396
50,6,joint_score,local,49,0.32245972752571106,0.6242852807044983,0.24353522062301636,0.7330639362335205
50,6,joint_score,local,50,0.00277665164321661,0.27441146969795227,0.24353522062301636,0.3849792778491974
50,7,joint_score,global,0,0.13072767853736877,0.16721197962760925,0.09132298082113266,0.1569851040840149
50,7,joint_score,local,1,0.18383678793907166,0.13423442840576172,0.24353522062301636,0.14267030358314514
50,7,joint_score,local,2,0.2972407937049866,0.07634791731834412,0.24353539943695068,0.08507724106311798
50,7,joint_score,local,3,-0.23969124257564545,-0.09748983383178711,0.24353507161140442,-0.08787574619054794
50,7,joint_score,local,4,-1.014852523803711,-0.45456546545028687,0.2435350865125656,-0.4431363046169281
50,7,joint_score,local,5,0.0829385370016098,0.1814091056585312,0.243535116314888,0.18960504233837128
50,7,joint_score,local,6,0.2640865445137024,0.46374672651290894,0.2435353398323059,0.4705066978931427
50,7,joint_score,local,7,-0.506899893283844,-0.6361307501792908,0.24353544414043427,-0.623777449131012
50,7,joint_score,local,8,0.49052679538726807,0.4529035687446594,0.24353501200675964,0.4597206115722656
50,7,joint_score,local,9,0.48171746730804443,0.3509193956851959,0.24353526532649994,0.35825368762016296
50,7,joint_score,local,10,0.15483100712299347,0.11240528523921967,0.24353522062301636,0.12095274031162262
50,7,joint_score,local,11,0.5416877269744873,0.5244191884994507,0.24353495240211487,0.5308732390403748
50,7,joint_score,local,12,-0.8270221948623657,-0.4743959903717041,0.24353498220443726,-0.46286633610725403
50,7,joint_score,local,13,-0.7584887146949768,-0.5517646074295044,0.24353525042533875,-0.5398407578468323
50,7,joint_score,local,14,0.9143958687782288,0.44603002071380615,0.24353522062301636,0.4528811573982239
50,7,joint_score,local,15,-0.07872911542654037,-0.34055638313293457,0.24353523552417755,-0.3297065198421478
50,7,joint_score,local,16,-0.4138052761554718,-0.37071287631988525,0.24353519082069397,-0.35970962047576904
50,7,joint_score,local,17,-0.2205163687467575,-0.0036556345876306295,0.24353523552417755,0.005481363274157047
50,7,joint_score,local,18,0.12883839011192322,0.6380908489227295,0.2435351461172104,0.6439661979675293
50,7,joint_score,local,19,0.5168005228042603,0.4895741939544678,0.2435353696346283,0.4962031841278076
50,7,joint_score,local,20,-0.000425985868787393,0.068949855864048,0.24353517591953278,0.07771819084882736
50,7,joint_score,local,21,-0.14626458287239075,-0.19470219314098358,0.24353526532649994,-0.18459437787532806
50,7,joint_score,local,22,-0.1476219892501831,-0.2004225254058838,0.2435350865125656,-0.19028526544570923
50,7,joint_score,local,23,0.7159649133682251,0.6677681803703308,0.2435351461172104,0.6734920144081116
50,7,joint_score,local,24,-0.06812050193548203,-0.19163523614406586,0.2435351014137268,-0.1815427541732788
50,7,joint_score,local,25,0.11599411815404892,0.35602837800979614,0.24353516101837158,0.3633370101451874
50,7,joint_score,local,26,1.0092123746871948,0.5661172866821289,0.2435351461172104,0.5723581314086914
50,7,joint_score,local,27,0.8390076160430908,0.7214303016662598,0.24353526532649994,0.7268813252449036
50,7,joint_score,local,28,-0.25864583253860474,-0.17379450798034668,0.2435350865125656,-0.1637926697731018
50,7,joint_score,local,29,-0.8668575286865234,-0.4275379180908203,0.24353532493114471,-0.4162459075450897
50,7,joint_score,local,30,-0.28066161274909973,-0.31688493490219116,0.24353520572185516,-0.30615565180778503
50,7,joint_score,local,31,-0.7711864113807678,-0.6214874982833862,0.24353528022766113,-0.609209418296814
50,7,joint_score,local,32,-0.05291084572672844,-0.06039116531610489,0.2435351312160492,-0.05096578598022461
50,7,joint_score,local,33,0.7696578502655029,0.6322072148323059,0.24353520572185516,0.6381114721298218
50,7,joint_score,local,34,-0.0905994102358818,0.2955644130706787,0.24353523552417755,0.30318015813827515
50,7,joint_score,local,35,0.42886829376220703,0.025040753185749054,0.24353519082069397,0.03403157740831375
50,7,joint_score,local,36,-0.3110060393810272,-0.3748190701007843,0.24353526532649994,-0.36379557847976685
50,7,joint_score,local,37,-0.9586570858955383,-0.9055695533752441,0.24353520572185516,-0.8918477892875671
50,7,joint_score,local,38,0.27470675110816956,0.008608229458332062,0.24353523552417755,0.017682451754808426
50,7,joint_score,local,39,-0.01326765026897192,0.06408318877220154,0.24353520572185516,0.07287562638521194
50,7,joint_score,local,40,-0.2802378833293915,0.07201363146305084,0.24353519082069397,0.0807659924030304
50,7,joint_score,local,41,-0.1940554827451706,-0.2431102693080902,0.24353523552417755,-0.2327560931444168
50,7,joint_score,local,42,0.3585079610347748,0.03248753398656845,0.24353519082069397,0.041440658271312714
50,7,joint_score,local,43,-0.030301319435238838,0.1623704731464386,0.24353523552417755,0.17066313326358795
50,7,joint_score,local,44,-0.042586132884025574,-0.27726757526397705,0.24353520572185516,-0.26673993468284607
50,7,joint_score,local,45,0.05627940967679024,0.17123280465602875,0.24353520572185516,0.17948059737682343
50,7,joint_score,local,46,-1.6972357034683228,-1.3678585290908813,0.24353522062301636,-1.3517861366271973
50,7,joint_score,local,47,0.47478798031806946,0.17942115664482117,0.24353520572185516,0.18762731552124023
50,7,joint_score,local,48,0.16868804395198822,-0.11336427181959152,0.24353520572185516,-0.10366971790790558
50,7,joint_score,local,49,-0.3380339443683624,-0.12193115055561066,0.24353522062301636,-0.11219297349452972
50,7,joint_score,local,50,0.8386192321777344,0.7206987738609314,0.24353522062301636,0.7261532545089722
50,8,joint_score,global,0,-0.08653330057859421,-0.2579113841056824,0.09132298082113266,-0.22355522215366364
50,8,joint_score,local,1,0.10287033766508102,0.14654287695884705,0.24353522062301636,0.11603528261184692
50,8,joint_score,local,2,-1.3998960256576538,-1.235625147819519,0.24353539943695068,-1.2591116428375244
50,8,joint_score,local,3,0.45182278752326965,0.6369094252586365,0.24353507161140442,0.6039126515388489
50,8,joint_score,local,4,-1.6669474840164185,-0.9748525023460388,0.2435350865125656,-0.9996675848960876
50,8,joint_score,local,5,-0.24300773441791534,-0.545216977596283,0.243535116314888,-0.5722116827964783
50,8,joint_score,local,6,0.03348321467638016,0.27062758803367615,0.2435353398323059,0.23949050903320312
50,8,joint_score,local,7,0.037026140838861465,0.0905153676867485,0.24353544414043427,0.06029292568564415
50,8,joint_score,local,8,0.6656094789505005,0.5555294156074524,0.24353501200675964,0.5229451060295105
50,8,joint_score,local,9,-0.020754417404532433,0.21797411143779755,0.24353526532649994,0.1871040165424347
50,8,joint_score,local,10,0.7916703820228577,1.127858281135559,0.24353522062301636,1.0923677682876587
50,8,joint_score,local,11,-0.5128976702690125,-0.23501034080982208,0.24353495240211487,-0.26358187198638916
50,8,joint_score,local,12,-0.49047496914863586,-0.36358821392059326,0.24353498220443726,-0.39150696992874146
50,8,joint_score,local,13,0.24733245372772217,0.3534485399723053,0.24353525042533875,0.3218899667263031
50,8,joint_score,local,14,-0.9405910968780518,-0.5138370990753174,0.24353522062301636,-0.5409917831420898
50,8,joint_score,local,15,0.5267647504806519,0.7547698020935059,0.24353523552417755,0.7211736440658569
50,8,joint_score,local,16,-1.1079928874969482,-0.8856755495071411,0.24353519082069397,-0.9109423160552979
50,8,joint_score,local,17,-0.6300712823867798,-0.39230892062187195,0.24353523552417755,-0.4200805425643921
50,8,joint_score,local,18,0.04693857952952385,0.2662552297115326,0.2435351461172104,0.23513954877853394
50,8,joint_score,local,19,0.2545875012874603,0.29760992527008057,0.2435353696346283,0.2663348615169525
50,8,joint_score,local,20,0.5279437899589539,0.5342295169830322,0.24353517591953278,0.5017532706260681
50,8,joint_score,local,21,-0.37140312790870667,-0.3159749209880829,0.24353526532649994,-0.34413307905197144
50,8,joint_score,local,22,-0.5533705949783325,-0.4732823669910431,0.2435350865125656,-0.5006435513496399
50,8,joint_score,local,23,-0.6895440220832825,-0.9372667074203491,0.2435351461172104,-0.9622716307640076
50,8,joint_score,local,24,0.379218727350235,0.5192029476165771,0.2435351014137268,0.4868035912513733
50,8,joint_score,local,25,0.6494001150131226,0.8653600811958313,0.24353516101837158,0.8312033414840698
50,8,joint_score,local,26,0.1690923124551773,0.3868280351161957,0.2435351461172104,0.3551005721092224
50,8,joint_score,local,27,0.20345327258110046,0.21563953161239624,0.24353526532649994,0.18478067219257355
50,8,joint_score,local,28,-0.4612697958946228,-0.6706834435462952,0.2435350865125656,-0.6970426440238953
50,8,joint_score,local,29,-0.7810934782028198,-0.6704690456390381,0.24353532493114471,-0.696827232837677
50,8,joint_score,local,30,-0.41837558150291443,0.13567277789115906,0.24353520572185516,0.10522036999464035
50,8,joint_score,local,31,-0.39758551120758057,-0.3998914659023285,0.24353528022766113,-0.4276246130466461
50,8,joint_score,local,32,-0.18404431641101837,-0.44125601649284363,0.2435351312160492,-0.46877917647361755
50,8,joint_score,local,33,0.1603849083185196,-0.02175195701420307,0.24353520572185516,-0.05140475556254387
50,8,joint_score,local,34,-0.002994048409163952,0.25559985637664795,0.24353523552417755,0.22453846037387848
50,8,joint_score,local,35,0.5858035683631897,0.24674265086650848,0.24353519082069397,0.21572691202163696
50,8,joint_score,local,36,0.0739920437335968,0.032203178852796555,0.24353526532649994,0.002276689512655139
50,8,joint_score,local,37,-0.7808573246002197,-0.7145934104919434,0.24353520572185516,-0.7407282590866089
50,8,joint_score,local,38,0.6508989334106445,0.3897327482700348,0.24353523552417755,0.35799089074134827
50,8,joint_score,local,39,-0.20282664895057678,-0.2798946499824524,0.24353520572185516,-0.3082365095615387
50,8,joint_score,local,40,-0.8849393725395203,-0.46655553579330444,0.24353519082069397,-0.4939503073692322
50,8,joint_score,local,41,-0.8413098454475403,-0.8052976727485657,0.24353523552417755,-0.830971896648407
50,8,joint_score,local,42,0.43831706047058105,0.26820242404937744,0.24353519082069397,0.23707722127437592
50,8,joint_score,local,43,-0.15292076766490936,0.057468969374895096,0.24353523552417755,0.027414070442318916
50,8,joint_score,local,44,1.0562695264816284,1.0118905305862427,0.24353520572185516,0.9769896864891052
50,8,joint_score,local,45,0.41821229457855225,0.5809767246246338,0.24353520572185516,0.548263430595398
50,8,joint_score,local,46,-0.333911657333374,-0.051718179136514664,0.24353522062301636,-0.08121892809867859
50,8,joint_score,local,47,-0.5295966267585754,-0.7789340615272522,0.24353520572185516,-0.8047422766685486
50,8,joint_score,local,48,-0.23200130462646484,0.11318967491388321,0.24353520572185516,0.08285170048475266
50,8,joint_score,local,49,1.2466219663619995,1.365066409111023,0.24353522062301636,1.3283714056015015
50,8,joint_score,local,50,0.01960042119026184,0.3325628936290741,0.24353522062301636,0.3011108934879303
50,9,joint_score,global,0,0.13024835288524628,0.11471318453550339,0.09132298082113266,0.07183652371168137
50,9,joint_score,local,1,0.45464932918548584,0.714501142501831,0.24353522062301636,0.7474129796028137
50,9,joint_score,local,2,-0.2917247414588928,-0.33148428797721863,0.24353539943695068,-0.29324132204055786
50,9,joint_score,local,3,-1.0350176095962524,-0.956784188747406,0.24353507161140442,-0.9153553247451782
50,9,joint_score,local,4,-0.26743581891059875,-0.15458931028842926,0.2435350865125656,-0.11724785715341568
50,9,joint_score,local,5,1.0534926652908325,0.6670752763748169,0.243535116314888,0.7002295255661011
50,9,joint_score,local,6,-1.2152069807052612,-1.0441293716430664,0.2435353398323059,-1.0022528171539307
50,9,joint_score,local,7,-0.5834868550300598,-0.7407337427139282,0.24353544414043427,-0.7004033923149109
50,9,joint_score,local,8,-0.40068700909614563,-0.6477245688438416,0.24353501200675964,-0.60787034034729
50,9,joint_score,local,9,-0.41757187247276306,-0.28525370359420776,0.24353526532649994,-0.24724605679512024
50,9,joint_score,local,10,0.2798992097377777,0.4154506027698517,0.24353522062301636,0.44988712668418884
50,9,joint_score,local,11,-0.6952073574066162,-0.5609592795372009,0.24353495240211487,-0.5215473771095276
50,9,joint_score,local,12,0.5419049263000488,0.31354060769081116,0.24353498220443726,0.34849730134010315
50,9,joint_score,local,13,-0.8597834706306458,-0.708839476108551,0.24353525042533875,-0.6686723232269287
50,9,joint_score,local,14,0.8925357460975647,0.5864621996879578,0.24353522062301636,0.6200268268585205
50,9,joint_score,local,15,0.8335309624671936,0.49108898639678955,0.24353523552417755,0.5251396298408508
50,9,joint_score,local,16,0.46543967723846436,0.40578585863113403,0.24353519082069397,0.4402714967727661
50,9,joint_score,local,17,-0.15262599289417267,-0.5232843160629272,0.24353523552417755,-0.4840632975101471
50,9,joint_score,local,18,0.3285476565361023,0.09991941601037979,0.2435351461172104,0.13596424460411072
50,9,joint_score,local,19,0.44151708483695984,0.3607170879840851,0.2435353696346283,0.39543190598487854
50,9,joint_score,local,20,0.6423743963241577,0.6228112578392029,0.24353517591953278,0.6561911106109619
50,9,joint_score,local,21,-0.42676684260368347,-0.5656314492225647,0.24353526532649994,-0.526195228099823
50,9,joint_score,local,22,0.06427580863237381,-0.10486718267202377,0.2435350865125656,-0.06777886301279068
50,9,joint_score,local,23,-0.4443930983543396,-0.13539598882198334,0.2435351461172104,-0.09815249592065811
50,9,joint_score,local,24,-0.1875978261232376,0.03610365465283394,0.2435351014137268,0.0724734365940094
50,9,joint_score,local,25,0.47859305143356323,0.27412620186805725,0.24353516101837158,0.3092828691005707
50,9,joint_score,local,26,1.2445074319839478,1.0081062316894531,0.2435351461172104,1.0395230054855347
50,9,joint_score,local,27,0.5291823744773865,0.1326969712972641,0.24353526532649994,0.16857445240020752
50,9,joint_score,local,28,-0.3852067291736603,-0.12197695672512054,0.2435350865125656,-0.08480174094438553
50,9,joint_score,local,29,0.4762926399707794,0.4571426808834076,0.24353532493114471,0.4913659393787384
50,9,joint_score,local,30,-0.27813300490379333,0.19951237738132477,0.24353520572185516,0.2350495457649231
50,9,joint_score,local,31,0.32718420028686523,0.28427472710609436,0.24353528022766113,0.3193795382976532
50,9,joint_score,local,32,-0.9049256443977356,-1.2748901844024658,0.2435351312160492,-1.2318400144577026
50,9,joint_score,local,33,-0.024640629068017006,-0.025922853499650955,0.24353520572185516,0.01076287031173706
50,9,joint_score,local,34,-0.7134997248649597,-0.8506731390953064,0.24353523552417755,-0.8097832202911377
50,9,joint_score,local,35,0.17042097449302673,0.04687751829624176,0.24353519082069397,0.08319211006164551
50,9,joint_score,local,36,0.33266496658325195,0.28387725353240967,0.24353526532649994,0.3189839720726013
50,9,joint_score,local,37,-0.6526221632957458,-0.5465589761734009,0.24353520572185516,-0.5072198510169983
50,9,joint_score,local,38,0.21035629510879517,-0.14101694524288177,0.24353523552417755,-0.10374458879232407
50,9,joint_score,local,39,0.2656629979610443,0.22544459998607635,0.24353520572185516,0.26084932684898376
50,9,joint_score,local,40,0.3495059311389923,0.6967679262161255,0.24353519082069397,0.729770839214325
50,9,joint_score,local,41,-0.7336742281913757,-0.8574546575546265,0.24353523552417755,-0.8165306448936462
50,9,joint_score,local,42,0.09472312778234482,0.3321191072463989,0.24353519082069397,0.36698028445243835
50,9,joint_score,local,43,0.282147616147995,-0.04008886218070984,0.24353523552417755,-0.0033310477156192064
50,9,joint_score,local,44,0.8274700045585632,0.903617262840271,0.24353520572185516,0.9355654120445251
50,9,joint_score,local,45,0.6789107322692871,0.3304274380207062,0.24353520572185516,0.3652968406677246
50,9,joint_score,local,46,0.09694983810186386,-0.08610426634550095,0.24353522062301636,-0.04911169409751892
50,9,joint_score,local,47,0.18681268393993378,0.3135055601596832,0.24353520572185516,0.348461389541626
50,9,joint_score,local,48,0.994884192943573,1.0945531129837036,0.24353520572185516,1.1255279779434204
50,9,joint_score,local,49,0.5157429575920105,0.26454126834869385,0.24353522062301636,0.2997466027736664
50,9,joint_score,local,50,-0.7541043162345886,-0.7921604514122009,0.24353522062301636,-0.7515694499015808
50,10,joint_score,global,0,1.6654901504516602,1.6307950019836426,0.09132298082113266,1.2670146226882935
50,10,joint_score,local,1,-0.6998826265335083,-0.8881881833076477,0.24353522062301636,-0.571646511554718
50,10,joint_score,local,2,-0.1494676023721695,-0.20678137242794037,0.24353539943695068,0.10628163069486618
50,10,joint_score,local,3,-0.7998892068862915,-0.667555570602417,0.24353507161140442,-0.35213592648506165
50,10,joint_score,local,4,0.45324429869651794,0.32743266224861145,0.2435350865125656,0.6377848386764526
50,10,joint_score,local,5,0.0453314408659935,0.13298381865024567,0.243535116314888,0.4443188011646271
50,10,joint_score,local,6,0.19423805177211761,0.20430278778076172,0.2435353398323059,0.5152760744094849
50,10,joint_score,local,7,0.5615993142127991,0.6598628759384155,0.24353544414043427,0.9685153365135193
50,10,joint_score,local,8,-0.9582124948501587,-1.133569598197937,0.24353501200675964,-0.815774142742157
50,10,joint_score,local,9,-0.024707674980163574,-0.1933169811964035,0.24353526532649994,0.11968597769737244
50,10,joint_score,local,10,-0.449449747800827,-0.20517365634441376,0.24353522062301636,0.10789366066455841
50,10,joint_score,local,11,0.7397407293319702,0.6184899806976318,0.24353495240211487,0.9273634552955627
50,10,joint_score,local,12,0.38387247920036316,0.35421785712242126,0.24353498220443726,0.6644378900527954
50,10,joint_score,local,13,-1.1259104013442993,-1.105658769607544,0.24353525042533875,-0.7880051136016846
50,10,joint_score,local,14,0.09416789561510086,0.11252686381340027,0.24353522062301636,0.4239734411239624
50,10,joint_score,local,15,-1.092590093612671,-0.7927488088607788,0.24353523552417755,-0.47669097781181335
50,10,joint_score,local,16,1.0239170789718628,0.9337595105171204,0.24353519082069397,1.2410252094268799
50,10,joint_score,local,17,0.960736095905304,0.7974525690078735,0.24353523552417755,1.1054096221923828
50,10,joint_score,local,18,0.9644796848297119,1.1781151294708252,0.2435351461172104,1.4841371774673462
50,10,joint_score,local,19,0.5578736662864685,0.642899751663208,0.2435353696346283,0.9516443014144897
50,10,joint_score,local,20,-0.4444843828678131,-0.14381791651248932,0.24353517591953278,0.1689361035823822
50,10,joint_score,local,21,0.1842237114906311,0.6825313568115234,0.24353526532649994,0.9910679459571838
50,10,joint_score,local,22,-0.5298653841018677,-0.664086103439331,0.2435350865125656,-0.34868308901786804
50,10,joint_score,local,23,-0.5019686818122864,-0.4691874086856842,0.2435351461172104,-0.15478138625621796
50,10,joint_score,local,24,-0.7623676061630249,-0.7818377614021301,0.2435351014137268,-0.46583619713783264
50,10,joint_score,local,25,-0.010203803889453411,-0.05072958767414093,0.24353516101837158,0.26154816150665283
50,10,joint_score,local,26,-0.05664491280913353,-0.019852224737405777,0.2435351461172104,0.29226651787757874
50,10,joint_score,local,27,0.1909172385931015,0.36551621556282043,0.24353526532649994,0.675675630569458
50,10,joint_score,local,28,-0.7328996658325195,-0.5144988298416138,0.2435350865125656,-0.19985921680927277
50,10,joint_score,local,29,0.37885427474975586,0.4624866247177124,0.24353532493114471,0.7721467018127441
50,10,joint_score,local,30,-0.7653238773345947,-0.819108784198761,0.24353520572185516,-0.5029169917106628
50,10,joint_score,local,31,0.2044251412153244,0.112058125436306,0.24353528022766113,0.4235071837902069
50,10,joint_score,local,32,0.1565435826778412,-0.06401490420103073,0.2435351312160492,0.24833008646965027
50,10,joint_score,local,33,0.14538756012916565,0.20619633793830872,0.24353520572185516,0.5171629190444946
50,10,joint_score,local,34,-0.16937652230262756,-0.11872542649507523,0.24353523552417755,0.19389773905277252
50,10,joint_score,local,35,0.055170293897390366,-0.04010917991399765,0.24353519082069397,0.2721112370491028
50,10,joint_score,local,36,-0.1355592906475067,0.3010229468345642,0.24353526532649994,0.6115049719810486
50,10,joint_score,local,37,0.31984660029411316,0.10498736053705215,0.24353520572185516,0.41646963357925415
50,10,joint_score,local,38,-0.017308713868260384,-0.28861331939697266,0.24353523552417755,0.024871081113815308
50,10,joint_score,local,39,-0.04611899331212044,-0.013464702293276787,0.24353520572185516,0.298621267080307
50,10,joint_score,local,40,0.5904451608657837,0.7846453785896301,0.24353519082069397,1.0926686525344849
50,10,joint_score,local,41,0.7298973798751831,0.9049986004829407,0.24353523552417755,1.212406039237976
50,10,joint_score,local,42,-0.32296496629714966,-0.052986953407526016,0.24353519082069397,0.2593008577823639
50,10,joint_score,local,43,0.6605871915817261,0.4230668544769287,0.24353523552417755,0.7329285144805908
50,10,joint_score,local,44,0.327316552400589,0.21596114337444305,0.24353520572185516,0.5268775820732117
50,10,joint_score,local,45,-1.4233657121658325,-0.7853612899780273,0.24353520572185516,-0.4693436920642853
50,10,joint_score,local,46,-0.07774898409843445,-0.27293047308921814,0.24353522062301636,0.04047732800245285
50,10,joint_score,local,47,-0.11706310510635376,-0.07592930644750595,0.24353520572185516,0.23647533357143402
50,10,joint_score,local,48,-0.1542816013097763,0.04019512981176376,0.24353520572185516,0.35200774669647217
50,10,joint_score,local,49,-0.047224633395671844,0.07872573286294937,0.24353522062301636,0.3903428614139557
50,10,joint_score,local,50,0.2259361743927002,0.6411240100860596,0.24353522062301636,0.9498757123947144
50,11,joint_score,global,0,-0.8010764122009277,-0.7782710790634155,0.09132298082113266,-0.6239436864852905
50,11,joint_score,local,1,-0.35361865162849426,0.15878361463546753,0.24353522062301636,0.025357849895954132
50,11,joint_score,local,2,0.7413702011108398,0.6110671162605286,0.24353539943695068,0.47533905506134033
50,11,joint_score,local,3,0.19257690012454987,0.13828985393047333,0.24353507161140442,0.004967133980244398
50,11,joint_score,local,4,-0.18601100146770477,-0.14705170691013336,0.2435350865125656,-0.2789190709590912
50,11,joint_score,local,5,0.10282855480909348,0.6746376156806946,0.243535116314888,0.5385854244232178
50,11,joint_score,local,6,-0.1352756917476654,-0.778706431388855,0.2435353398323059,-0.9073503613471985
50,11,joint_score,local,7,0.06450504064559937,0.24370667338371277,0.24353544414043427,0.1098497286438942
50,11,joint_score,local,8,-0.05993430316448212,-0.17168943583965302,0.24353501200675964,-0.3034334182739258
50,11,joint_score,local,9,0.45962557196617126,0.43246400356292725,0.24353526532649994,0.29764360189437866
50,11,joint_score,local,10,0.01353408396244049,-0.31011372804641724,0.24353522062301636,-0.4411514103412628
50,11,joint_score,local,11,-0.3115881681442261,-0.3435863256454468,0.24353495240211487,-0.4744541049003601
50,11,joint_score,local,12,-0.3031783103942871,-0.28438979387283325,0.24353498220443726,-0.4155600070953369
50,11,joint_score,local,13,-1.2009154558181763,-1.3624155521392822,0.24353525042533875,-1.4880871772766113
50,11,joint_score,local,14,-0.33289965987205505,-0.4334138333797455,0.24353522062301636,-0.5638219714164734
50,11,joint_score,local,15,0.5924561619758606,0.025945333763957024,0.24353523552417755,-0.10680428892374039
50,11,joint_score,local,16,-0.39432063698768616,-0.28676721453666687,0.24353519082069397,-0.4179233908653259
50,11,joint_score,local,17,0.45969781279563904,0.45173051953315735,0.24353523552417755,0.31681063771247864
50,11,joint_score,local,18,-0.39358392357826233,-0.3217703104019165,0.2435351461172104,-0.4527493417263031
50,11,joint_score,local,19,-0.16828382015228271,-0.05960604548454285,0.2435353696346283,-0.1919194906949997
50,11,joint_score,local,20,-0.45211541652679443,-0.22229132056236267,0.24353517591953278,-0.353776752948761
50,11,joint_score,local,21,-0.3549225628376007,-0.32608312368392944,0.24353526532649994,-0.4570344090461731
50,11,joint_score,local,22,-0.18486687541007996,0.057839617133140564,0.2435350865125656,-0.07507247477769852
50,11,joint_score,local,23,-0.07417310774326324,-0.05529982969164848,0.2435351461172104,-0.18763254582881927
50,11,joint_score,local,24,0.10741309076547623,-0.01447098795324564,0.2435351014137268,-0.14701463282108307
50,11,joint_score,local,25,0.39562496542930603,0.3273409903049469,0.24353516101837158,0.19305700063705444
50,11,joint_score,local,26,0.225029855966568,0.18343767523765564,0.2435351461172104,0.04988627880811691
50,11,joint_score,local,27,0.7899794578552246,0.441394567489624,0.24353526532649994,0.3065261244773865
50,11,joint_score,local,28,0.5899473428726196,0.8514649868011475,0.2435350865125656,0.7145083546638489
50,11,joint_score,local,29,-0.48349130153656006,-0.6032410264015198,0.24353532493114471,-0.7327801585197449
50,11,joint_score,local,30,0.41258105635643005,0.16832992434501648,0.24353520572185516,0.03485441580414772
50,11,joint_score,local,31,-0.23287047445774078,-0.21605779230594635,0.24353528022766113,-0.347573846578598
50,11,joint_score,local,32,-0.7052245736122131,-0.900844156742096,0.2435351312160492,-1.0288690328598022
50,11,joint_score,local,33,0.6972004771232605,0.8233606219291687,0.24353520572185516,0.6865479946136475
50,11,joint_score,local,34,-0.17905236780643463,-0.17525462806224823,0.24353523552417755,-0.3069774806499481
50,11,joint_score,local,35,0.7000975608825684,0.4126441776752472,0.24353519082069397,0.27792590856552124
50,11,joint_score,local,36,0.32510966062545776,0.21938708424568176,0.24353526532649994,0.08565403521060944
50,11,joint_score,local,37,0.2710638642311096,0.2855304181575775,0.24353520572185516,0.15145929157733917
50,11,joint_score,local,38,-0.2461138218641281,-0.2507319152355194,0.24353523552417755,-0.3820684254169464
50,11,joint_score,local,39,0.6670531034469604,0.4202398359775543,0.24353520572185516,0.285482257604599
50,11,joint_score,local,40,0.6363061666488647,0.3065057098865509,0.24353519082069397,0.1723257452249527
50,11,joint_score,local,41,-0.6557098031044006,-0.3871332108974457,0.24353523552417755,-0.5177751779556274
50,11,joint_score,local,42,0.8830612301826477,0.847328245639801,0.24353519082069397,0.7103927135467529
50,11,joint_score,local,43,0.25620293617248535,0.26491138339042664,0.24353523552417755,0.1309453397989273
50,11,joint_score,local,44,-0.9231298565864563,-0.9237099289894104,0.24353520572185516,-1.0516167879104614
50,11,joint_score,local,45,-0.07049676775932312,-0.044978514313697815,0.24353520572185516,-0.17736539244651794
50,11,joint_score,local,46,-0.03715299814939499,-0.1459251493215561,0.24353522062301636,-0.2777976989746094
50,11,joint_score,local,47,0.06884892284870148,-0.04044485092163086,0.24353520572185516,-0.17285498976707458
50,11,joint_score,local,48,0.266539603471756,0.17506538331508636,0.24353520572185516,0.041557248681783676
50,11,joint_score,local,49,-0.12179739773273468,-0.22649963200092316,0.24353522062301636,-0.35796138644218445
50,11,joint_score,local,50,-0.15268424153327942,0.07329470664262772,0.24353522062301636,-0.059695035219192505
50,12,joint_score,global,0,0.9636991620063782,1.043798565864563,0.09132298082113266,0.7933247685432434
50,12,joint_score,local,1,-0.4926173985004425,-0.7665361762046814,0.24353522062301636,-0.5480104088783264
50,12,joint_score,local,2,1.2226529121398926,0.9605962038040161,0.24353539943695068,1.1702921390533447
50,12,joint_score,local,3,-0.5033448934555054,-1.0959980487823486,0.24353507161140442,-0.8757890462875366
50,12,joint_score,local,4,0.06480415910482407,-0.24827811121940613,0.2435350865125656,-0.03240043297410011
50,12,joint_score,local,5,-0.5294345021247864,-0.4495072364807129,0.243535116314888,-0.2326042205095291
50,12,joint_score,local,6,-0.4644675552845001,-0.6431982517242432,0.2435353398323059,-0.4253045618534088
50,12,joint_score,local,7,0.6530649662017822,0.6411209106445312,0.24353544414043427,0.8524524569511414
50,12,joint_score,local,8,0.7910545468330383,0.7262821793556213,0.24353501200675964,0.9371864199638367
50,12,joint_score,local,9,0.7844836115837097,0.5255172848701477,0.24353526532649994,0.7374428510665894
50,12,joint_score,local,10,-0.29523709416389465,-0.42945486307144165,0.24353522062301636,-0.21264804899692535
50,12,joint_score,local,11,0.8949329257011414,1.0204674005508423,0.24353495240211487,1.2298707962036133
50,12,joint_score,local,12,0.5148730874061584,0.32029590010643005,0.24353498220443726,0.5332736968994141
50,12,joint_score,local,13,-1.0253289937973022,-1.2590996026992798,0.24353525042533875,-1.0380558967590332
50,12,joint_score,local,14,-1.377560019493103,-1.3669894933700562,0.24353522062301636,-1.1453962326049805
50,12,joint_score,local,15,0.5404425263404846,0.5624248385429382,0.24353523552417755,0.7741630673408508
50,12,joint_score,local,16,0.40538179874420166,0.388445645570755,0.24353519082069397,0.601073145866394
50,12,joint_score,local,17,0.7351219654083252,0.680367648601532,0.24353523552417755,0.8915034532546997
50,12,joint_score,local,18,-0.70726078748703,-0.7665044069290161,0.2435351461172104,-0.5479769706726074
50,12,joint_score,local,19,-0.527553141117096,-0.42480483651161194,0.2435353696346283,-0.20802275836467743
50,12,joint_score,local,20,0.44617709517478943,-0.08717494457960129,0.24353517591953278,0.1278826743364334
50,12,joint_score,local,21,1.2041516304016113,1.4503446817398071,0.24353526532649994,1.6575431823730469
50,12,joint_score,local,22,-0.4661473035812378,-0.14988206326961517,0.2435350865125656,0.06549587845802307
50,12,joint_score,local,23,-0.9350161552429199,-0.5691550374031067,0.2435351461172104,-0.3516394793987274
50,12,joint_score,local,24,0.22286534309387207,0.04820140823721886,0.2435351014137268,0.2625662386417389
50,12,joint_score,local,25,0.21922673285007477,-0.27131709456443787,0.24353516101837158,-0.05532096326351166
50,12,joint_score,local,26,0.46607038378715515,0.6962521076202393,0.2435351461172104,0.9073063731193542
50,12,joint_score,local,27,-0.11388285458087921,-0.21474719047546387,0.24353526532649994,0.000961990503128618
50,12,joint_score,local,28,-0.8178279399871826,-0.3647337257862091,0.2435350865125656,-0.14826081693172455
50,12,joint_score,local,29,0.1855723261833191,0.22845087945461273,0.24353532493114471,0.4418926537036896
50,12,joint_score,local,30,0.4204736053943634,0.1666288524866104,0.24353520572185516,0.3803887963294983
50,12,joint_score,local,31,0.47506004571914673,0.16708871722221375,0.24353528022766113,0.380845844745636
50,12,joint_score,local,32,0.7441452145576477,0.38713812828063965,0.2435351312160492,0.5997710824012756
50,12,joint_score,local,33,0.6651516556739807,0.5809412598609924,0.24353520572185516,0.7925833463668823
50,12,joint_score,local,34,-0.5969817638397217,-0.5848978757858276,0.24353523552417755,-0.36729878187179565
50,12,joint_score,local,35,-0.1015588790178299,-0.41233837604522705,0.24353519082069397,-0.19562307000160217
50,12,joint_score,local,36,0.24167399108409882,0.32523784041404724,0.24353526532649994,0.5381858944892883
50,12,joint_score,local,37,-0.8776096105575562,-1.465200662612915,0.24353520572185516,-1.2431070804595947
50,12,joint_score,local,38,-0.6459773182868958,-0.9465492963790894,0.24353523552417755,-0.7271049618721008
50,12,joint_score,local,39,0.7848631739616394,0.2555161118507385,0.24353520572185516,0.46882152557373047
50,12,joint_score,local,40,0.698505163192749,0.8272011876106262,0.24353519082069397,1.0375864505767822
50,12,joint_score,local,41,-0.48620128631591797,-0.47879815101623535,0.24353523552417755,-0.2617434859275818
50,12,joint_score,local,42,-0.37539082765579224,-0.5992744565010071,0.24353519082069397,-0.38160327076911926
50,12,joint_score,local,43,0.1564992517232895,0.05808388069272041,0.24353523552417755,0.27239611744880676
50,12,joint_score,local,44,0.2858012318611145,0.3887271285057068,0.24353520572185516,0.6013506650924683
50,12,joint_score,local,45,0.3250185549259186,0.02147482894361019,0.24353520572185516,0.23597528040409088
50,12,joint_score,local,46,1.2038518190383911,0.8649154901504517,0.24353522062301636,1.0751078128814697
50,12,joint_score,local,47,1.8347145318984985,1.3912954330444336,0.24353520572185516,1.5987989902496338
50,12,joint_score,local,48,-0.16967616975307465,-0.07307716459035873,0.24353520572185516,0.14190569519996643
50,12,joint_score,local,49,0.22313085198402405,0.27954813838005066,0.24353522062301636,0.4927300214767456
50,12,joint_score,local,50,0.6662225723266602,0.2920597195625305,0.24353522062301636,0.5051784515380859
50,13,joint_score,global,0,-0.6281013488769531,-0.7917001843452454,0.09132298082113266,-0.5906561613082886
50,13,joint_score,local,1,0.14752914011478424,-0.07473722845315933,0.24353522062301636,-0.24648158252239227
50,13,joint_score,local,2,0.8724035620689392,0.7794365882873535,0.24353539943695068,0.6033192276954651
50,13,joint_score,local,3,0.9552109241485596,1.1579504013061523,0.24353507161140442,0.9798915982246399
50,13,joint_score,local,4,0.02070200815796852,0.08626625686883926,0.2435350865125656,-0.08630392700433731
50,13,joint_score,local,5,-1.060056447982788,-0.41950586438179016,0.243535116314888,-0.5894818902015686
50,13,joint_score,local,6,-0.21236258745193481,-0.08145514875650406,0.2435353398323059,-0.2531629800796509
50,13,joint_score,local,7,0.2773154377937317,0.10616270452737808,0.24353544414043427,-0.06650713086128235
50,13,joint_score,local,8,-1.3940569162368774,-1.2177125215530396,0.24353501200675964,-1.3836064338684082
50,13,joint_score,local,9,0.23130930960178375,0.490106999874115,0.24353526532649994,0.31546899676322937
50,13,joint_score,local,10,-0.12384214252233505,-0.26234203577041626,0.24353522062301636,-0.4331282377243042
50,13,joint_score,local,11,-0.5694382786750793,-0.262918084859848,0.24353495240211487,-0.4337019622325897
50,13,joint_score,local,12,-1.3386709690093994,-0.7667088508605957,0.24353498220443726,-0.9349127411842346
50,13,joint_score,local,13,0.20897330343723297,0.1451745629310608,0.24353525042533875,-0.02769884094595909
50,13,joint_score,local,14,-0.3541584014892578,0.214849054813385,0.24353522062301636,0.04161994159221649
50,13,joint_score,local,15,0.8683488368988037,1.0333203077316284,0.24353523552417755,0.8558976650238037
50,13,joint_score,local,16,-0.2441406100988388,-0.02112559787929058,0.24353519082069397,-0.1931469887495041
50,13,joint_score,local,17,0.13969454169273376,0.2082768827676773,0.24353523552417755,0.0350811742246151
50,13,joint_score,local,18,0.14173373579978943,0.12458454817533493,0.2435351461172104,-0.04818339645862579
50,13,joint_score,local,19,-0.5221537947654724,-0.17207619547843933,0.2435353696346283,-0.3433232009410858
50,13,joint_score,local,20,0.07187081128358841,-0.16810491681098938,0.24353517591953278,-0.33937308192253113
50,13,joint_score,local,21,-0.1490364521741867,-0.10945717990398407,0.24353526532649994,-0.28102174401283264
50,13,joint_score,local,22,0.9080697894096375,0.758574366569519,0.2435350865125656,0.5825600624084473
50,13,joint_score,local,23,0.5399532318115234,0.7278794050216675,0.2435351461172104,0.5520251989364624
50,13,joint_score,local,24,0.4787389934062958,0.7174574136734009,0.2435351014137268,0.5416544675827026
50,13,joint_score,local,25,-1.2569177150726318,-0.7058685421943665,0.24353516101837158,-0.8743808269500732
50,13,joint_score,local,26,-0.8763249516487122,-0.31824764609336853,0.2435351461172104,-0.4887453019618988
50,13,joint_score,local,27,-0.3072497844696045,-0.24582253396511078,0.24353526532649994,-0.41669201850891113
50,13,joint_score,local,28,0.8806759715080261,1.0232397317886353,0.2435350865125656,0.845871090888977
50,13,joint_score,local,29,-0.6692383289337158,-0.5264891386032104,0.24353532493114471,-0.6959179639816284
50,13,joint_score,local,30,-0.4314228892326355,-0.03080507554113865,0.24353520572185516,-0.2027754932641983
50,13,joint_score,local,31,-0.4341738522052765,-0.20248839259147644,0.24353528022766113,-0.3735792934894562
50,13,joint_score,local,32,-0.6862075328826904,-0.3954290747642517,0.2435351312160492,-0.5655315518379211
50,13,joint_score,local,33,-0.7754173874855042,-0.7979620695114136,0.24353520572185516,-0.966001570224762
50,13,joint_score,local,34,0.44104328751564026,0.09164930880069733,0.24353523552417755,-0.08094803243875504
50,13,joint_score,local,35,-1.069790005683899,-1.1141902208328247,0.24353519082069397,-1.2806087732315063
50,13,joint_score,local,36,0.40183737874031067,0.46720966696739197,0.24353526532649994,0.29268932342529297
50,13,joint_score,local,37,-0.22151269018650055,-0.0714615136384964,0.24353520572185516,-0.2432224005460739
50,13,joint_score,local,38,-0.356121689081192,0.018062889575958252,0.24353523552417755,-0.15415583550930023
50,13,joint_score,local,39,0.5937492847442627,1.0355706214904785,0.24353520572185516,0.8581386208534241
50,13,joint_score,local,40,-0.6520707011222839,-0.30570387840270996,0.24353519082069397,-0.4762657880783081
50,13,joint_score,local,41,-0.27993518114089966,-0.25213027000427246,0.24353523552417755,-0.4229653775691986
50,13,joint_score,local,42,-0.1327650099992752,-0.2315071076154709,0.24353519082069397,-0.40244895219802856
50,13,joint_score,local,43,0.0712461918592453,0.42810848355293274,0.24353523552417755,0.25378867983818054
50,13,joint_score,local,44,0.08750429004430771,-0.04760534688830376,0.24353520572185516,-0.2194882333278656
50,13,joint_score,local,45,0.21391266584396362,0.6565629243850708,0.24353520572185516,0.48107174038887024
50,13,joint_score,local,46,-0.7853126525878906,-0.6278128623962402,0.24353522062301636,-0.7967240214347839
50,13,joint_score,local,47,-0.37679287791252136,-0.635952889919281,0.24353520572185516,-0.804822564125061
50,13,joint_score,local,48,0.396219402551651,0.5450629591941833,0.24353520572185516,0.37014317512512207
50,13,joint_score,local,49,-0.1692170798778534,0.011377616785466671,0.24353522062301636,-0.1608087569475174
50,13,joint_score,local,50,-1.596268892288208,-1.2065728902816772,0.24353522062301636,-1.3725197315216064
50,14,joint_score,global,0,0.5173210501670837,0.4765775501728058,0.09132298082113266,0.3810271918773651
50,14,joint_score,local,1,0.7323259115219116,0.7266020774841309,0.24353522062301636,0.804990291595459
50,14,joint_score,local,2,-0.62767493724823,-0.4215272068977356,0.24353539943695068,-0.3372863531112671
50,14,joint_score,local,3,1.0831406116485596,0.9374960064888,0.24353507161140442,1.0148111581802368
50,14,joint_score,local,4,-0.04072799161076546,-0.016558673232793808,0.2435350865125656,0.0656193196773529
50,14,joint_score,local,5,0.6763167381286621,0.4960508644580841,0.243535116314888,0.5756137371063232
50,14,joint_score,local,6,0.14424340426921844,0.06874921172857285,0.2435353398323059,0.15049007534980774
50,14,joint_score,local,7,-0.8893038630485535,-0.44100087881088257,0.24353544414043427,-0.35665982961654663
50,14,joint_score,local,8,0.1381884664297104,0.15097996592521667,0.24353501200675964,0.23230506479740143
50,14,joint_score,local,9,-0.2616490423679352,-0.36666759848594666,0.24353526532649994,-0.282705157995224
50,14,joint_score,local,10,-0.7922318577766418,-0.4920015335083008,0.24353522062301636,-0.4073984622955322
50,14,joint_score,local,11,1.0154626369476318,1.1173453330993652,0.24353495240211487,1.1937460899353027
50,14,joint_score,local,12,-0.07490094751119614,0.03492442145943642,0.24353498220443726,0.11684104055166245
50,14,joint_score,local,13,-0.7973496317863464,-0.9221547245979309,0.24353525042533875,-0.8353585600852966
50,14,joint_score,local,14,-0.33264410495758057,-0.5855270624160767,0.24353522062301636,-0.5004479885101318
50,14,joint_score,local,15,-0.6574299931526184,-0.5495544672012329,0.24353523552417755,-0.4646589457988739
50,14,joint_score,local,16,-0.37905216217041016,0.17441444098949432,0.24353519082069397,0.2556190490722656
50,14,joint_score,local,17,0.16361480951309204,-0.11548572778701782,0.24353523552417755,-0.03280353918671608
50,14,joint_score,local,18,0.30624136328697205,0.4337855279445648,0.2435351461172104,0.5136684775352478
50,14,joint_score,local,19,1.0765045881271362,0.8909263014793396,0.2435353696346283,0.9684758186340332
50,14,joint_score,local,20,0.04097764939069748,0.0020145135931670666,0.24353517591953278,0.08409787714481354
50,14,joint_score,local,21,-0.8027820587158203,-0.5535148978233337,0.24353526532649994,-0.46860066056251526
50,14,joint_score,local,22,0.6354184150695801,0.6409978866577148,0.2435350865125656,0.7198241949081421
50,14,joint_score,local,23,0.45046189427375793,0.33354640007019043,0.2435351461172104,0.41393810510635376
50,14,joint_score,local,24,0.6193512082099915,0.481458455324173,0.2435351014137268,0.561098039150238
50,14,joint_score,local,25,-0.15130376815795898,-0.02867850661277771,0.24353516101837158,0.05356063321232796
50,14,joint_score,local,26,0.050804253667593,-0.10164742916822433,0.2435351461172104,-0.01903597079217434
50,14,joint_score,local,27,-0.925220251083374,-0.7084514498710632,0.24353526532649994,-0.6227453947067261
50,14,joint_score,local,28,-0.12035404145717621,0.054561637341976166,0.2435350865125656,0.13637675344944
50,14,joint_score,local,29,-1.299626350402832,-0.7698796987533569,0.24353532493114471,-0.6838613152503967
50,14,joint_score,local,30,-0.017616061493754387,0.2000223845243454,0.24353520572185516,0.2810957133769989
50,14,joint_score,local,31,-0.21039138734340668,-0.26176318526268005,0.24353528022766113,-0.17833490669727325
50,14,joint_score,local,32,0.6474558115005493,0.7679994702339172,0.2435351312160492,0.8461773991584778
50,14,joint_score,local,33,0.08661536872386932,-0.07016296684741974,0.24353520572185516,0.012287340126931667
50,14,joint_score,local,34,0.054488398134708405,0.17901897430419922,0.24353523552417755,0.26019951701164246
50,14,joint_score,local,35,-0.4157995283603668,-0.1916504055261612,0.24353519082069397,-0.1085810735821724
50,14,joint_score,local,36,-0.2053881585597992,-0.15857401490211487,0.24353526532649994,-0.07567358016967773
50,14,joint_score,local,37,-0.19643038511276245,-0.5476322770118713,0.24353520572185516,-0.462747722864151
50,14,joint_score,local,38,-0.7372649908065796,-0.2769700586795807,0.24353523552417755,-0.19346600770950317
50,14,joint_score,local,39,-0.9443405270576477,-0.9765809178352356,0.24353520572185516,-0.889509379863739
50,14,joint_score,local,40,0.7397313714027405,0.5384321212768555,0.24353519082069397,0.6177799701690674
50,14,joint_score,local,41,0.14384840428829193,-0.07575622946023941,0.24353523552417755,0.006722580175846815
50,14,joint_score,local,42,-0.07622162997722626,0.04318343847990036,0.24353519082069397,0.12505610287189484
50,14,joint_score,local,43,-0.6476146578788757,-0.4944484531879425,0.24353523552417755,-0.40983495116233826
50,14,joint_score,local,44,0.08575262874364853,0.10161503404378891,0.24353520572185516,0.18318937718868256
50,14,joint_score,local,45,-0.27325505018234253,-0.17577114701271057,0.24353520572185516,-0.09278222918510437
50,14,joint_score,local,46,-0.2799709141254425,0.09319312125444412,0.24353522062301636,0.17481084167957306
50,14,joint_score,local,47,1.3334547281265259,1.2806357145309448,0.24353520572185516,1.3561992645263672
50,14,joint_score,local,48,-0.345946729183197,-0.14634673297405243,0.24353520572185516,-0.063508041203022
50,14,joint_score,local,49,0.485801637172699,0.5540424585342407,0.24353522062301636,0.633310079574585
50,14,joint_score,local,50,-0.20363110303878784,-0.5856425166130066,0.24353522062301636,-0.5005636811256409
50,15,joint_score,global,0,-0.398794025182724,-0.5336204171180725,0.09132298082113266,-0.44345787167549133
50,15,joint_score,local,1,-0.08783772587776184,-0.09138791263103485,0.24353522062301636,-0.1686287820339203
50,15,joint_score,local,2,-0.9029577374458313,-0.394284725189209,0.24353539943695068,-0.46996939182281494
50,15,joint_score,local,3,-0.3487514555454254,0.004449707921594381,0.24353507161140442,-0.07328352332115173
50,15,joint_score,local,4,0.2434188574552536,-0.027762994170188904,0.2435350865125656,-0.10533031821250916
50,15,joint_score,local,5,0.35536837577819824,0.8913919925689697,0.243535116314888,0.8091148138046265
50,15,joint_score,local,6,0.40958893299102783,0.762371301651001,0.2435353398323059,0.6807536482810974
50,15,joint_score,local,7,-0.6221315860748291,-0.5738903880119324,0.24353544414043427,-0.648655354976654
50,15,joint_score,local,8,-0.35891371965408325,0.28843793272972107,0.24353501200675964,0.20924867689609528
50,15,joint_score,local,9,0.04912712797522545,-0.044860564172267914,0.24353526532649994,-0.122340127825737
50,15,joint_score,local,10,0.2873193323612213,0.4849596321582794,0.24353522062301636,0.40476229786872864
50,15,joint_score,local,11,-0.2447229027748108,0.11537621170282364,0.24353495240211487,0.03707360476255417
50,15,joint_score,local,12,-0.5011689066886902,-0.22070129215717316,0.24353498220443726,-0.29728198051452637
50,15,joint_score,local,13,-0.3581840693950653,0.012936465442180634,0.24353525042533875,-0.06484023481607437
50,15,joint_score,local,14,-0.47001880407333374,-0.35952070355415344,0.24353522062301636,-0.4353877902030945
50,15,joint_score,local,15,0.2327219843864441,0.2563731372356415,0.24353523552417755,0.17734874784946442
50,15,joint_score,local,16,-0.5753727555274963,-0.48185357451438904,0.24353519082069397,-0.5570939183235168
50,15,joint_score,local,17,-1.0745733976364136,-1.0692163705825806,0.24353523552417755,-1.141444444656372
50,15,joint_score,local,18,-0.49100562930107117,-0.2578812837600708,0.2435351461172104,-0.3342709541320801
50,15,joint_score,local,19,0.8577913641929626,0.8358513116836548,0.2435353696346283,0.7538549304008484
50,15,joint_score,local,20,-0.19796739518642426,0.23631377518177032,0.24353517591953278,0.15739133954048157
50,15,joint_score,local,21,-0.8012043833732605,-0.36637431383132935,0.24353526532649994,-0.44220414757728577
50,15,joint_score,local,22,-0.21046893298625946,-0.1339663565158844,0.2435350865125656,-0.21099011600017548
50,15,joint_score,local,23,-0.10116064548492432,0.20790418982505798,0.2435351461172104,0.12912970781326294
50,15,joint_score,local,24,0.4424807131290436,0.7484832406044006,0.2435351014137268,0.6669366359710693
50,15,joint_score,local,25,0.44459399580955505,0.31668177247047424,0.24353516101837158,0.2373487800359726
50,15,joint_score,local,26,-0.8786263465881348,-0.7502999305725098,0.2435351461172104,-0.8241633176803589
50,15,joint_score,local,27,-0.7364274263381958,-0.9940045475959778,0.24353526532649994,-1.0666186809539795
50,15,joint_score,local,28,0.2441016286611557,0.09282883256673813,0.2435350865125656,0.014642724767327309
50,15,joint_score,local,29,0.35026246309280396,0.43474164605140686,0.24353532493114471,0.3548033833503723
50,15,joint_score,local,30,0.4237164556980133,0.96889728307724,0.24353520572185516,0.8862201571464539
50,15,joint_score,local,31,-0.24895723164081573,-0.23340226709842682,0.24353528022766113,-0.3099157512187958
50,15,joint_score,local,32,0.6753890514373779,0.8185019493103027,0.2435351312160492,0.7365962862968445
50,15,joint_score,local,33,-0.8313230276107788,-0.5657808780670166,0.24353520572185516,-0.6405899524688721
50,15,joint_score,local,34,0.2747385799884796,0.3500312864780426,0.24353523552417755,0.2705270051956177
50,15,joint_score,local,35,-0.44714540243148804,-0.18413054943084717,0.24353519082069397,-0.260895699262619
50,15,joint_score,local,36,0.07015086710453033,-0.14767566323280334,0.24353526532649994,-0.22462715208530426
50,15,joint_score,local,37,-0.3595193326473236,0.379265159368515,0.24353520572185516,0.2996113896369934
50,15,joint_score,local,38,0.10596734285354614,0.5356935262680054,0.24353523552417755,0.455238401889801
50,15,joint_score,local,39,0.2613203525543213,0.37272313237190247,0.24353520572185516,0.2931031882762909
50,15,joint_score,local,40,0.30051180720329285,0.2629786729812622,0.24353519082069397,0.1839202493429184
50,15,joint_score,local,41,-0.3936033844947815,-0.1358027458190918,0.24353523552417755,-0.2128157913684845
50,15,joint_score,local,42,-0.12967267632484436,-0.34169405698776245,0.24353519082069397,-0.4176522195339203
50,15,joint_score,local,43,-1.6192848682403564,-1.0538372993469238,0.24353523552417755,-1.1261435747146606
50,15,joint_score,local,44,0.344211220741272,0.34485140442848206,0.24353520572185516,0.26537421345710754
50,15,joint_score,local,45,-0.1626393049955368,-0.025040995329618454,0.24353520572185516,-0.10262230783700943
50,15,joint_score,local,46,-0.10319129377603531,0.23441414535045624,0.24353522062301636,0.15550248324871063
50,15,joint_score,local,47,-0.3291398584842682,-0.4739837944507599,0.24353520572185516,-0.5492634177207947
50,15,joint_score,local,48,-0.059666749089956284,-0.5133383870124817,0.24353520572185516,-0.5884160995483398
50,15,joint_score,local,49,-0.45525434613227844,-0.31851857900619507,0.24353522062301636,-0.39459526538848877
50,15,joint_score,local,50,-0.5897213220596313,-0.49738970398902893,0.24353522062301636,-0.5725497007369995
50,16,joint_score,global,0,0.3795331120491028,0.3238872289657593,0.09132298082113266,0.22515735030174255
50,16,joint_score,local,1,0.28567370772361755,0.11630773544311523,0.24353522062301636,0.20005683600902557
50,16,joint_score,local,2,1.2159980535507202,1.2518976926803589,0.24353539943695068,1.32986581325531
50,16,joint_score,local,3,-0.3492056727409363,-0.43109366297721863,0.24353507161140442,-0.34455960988998413
50,16,joint_score,local,4,-0.16290614008903503,-0.30824872851371765,0.2435350865125656,-0.22233977913856506
50,16,joint_score,local,5,-0.36530110239982605,0.0767037570476532,0.243535116314888,0.16065354645252228
50,16,joint_score,local,6,0.6962367296218872,0.5503969192504883,0.2435353398323059,0.6319363713264465
50,16,joint_score,local,7,0.049094609916210175,0.26097750663757324,0.24353544414043427,0.3439895510673523
50,16,joint_score,local,8,0.073269784450531,0.5431777238845825,0.24353501200675964,0.6247571706771851
50,16,joint_score,local,9,0.6412781476974487,0.6760668754577637,0.24353526532649994,0.7569680213928223
50,16,joint_score,local,10,-0.6181066036224365,-0.6595777869224548,0.24353522062301636,-0.5718807578086853
50,16,joint_score,local,11,-0.033826958388090134,-0.019651491194963455,0.24353495240211487,0.06479045003652573
50,16,joint_score,local,12,-0.7010527849197388,-0.6903507709503174,0.24353498220443726,-0.6024984121322632
50,16,joint_score,local,13,0.2805590033531189,0.21831093728542328,0.24353525042533875,0.3015415668487549
50,16,joint_score,local,14,-0.1338556408882141,0.02786564826965332,0.24353522062301636,0.11206506192684174
50,16,joint_score,local,15,-0.15192639827728271,-0.12399578839540482,0.24353523552417755,-0.03902365267276764
50,16,joint_score,local,16,-0.5834079384803772,-0.5421842336654663,0.24353519082069397,-0.4550844430923462
50,16,joint_score,local,17,-0.6139137744903564,-0.45821380615234375,0.24353523552417755,-0.3715415298938751
50,16,joint_score,local,18,-0.18616671860218048,-0.2533975839614868,0.2435351461172104,-0.16776680946350098
50,16,joint_score,local,19,0.5131655335426331,0.44134587049484253,0.2435353696346283,0.5234412550926208
50,16,joint_score,local,20,-0.10635750740766525,0.029143385589122772,0.24353517591953278,0.11333690583705902
50,16,joint_score,local,21,-0.5046449899673462,-0.11652843654155731,0.24353526532649994,-0.03159555047750473
50,16,joint_score,local,22,0.16740036010742188,0.1086188405752182,0.2435350865125656,0.19240809977054596
50,16,joint_score,local,23,0.050201259553432465,-0.06306411325931549,0.2435351461172104,0.02159702777862549
50,16,joint_score,local,24,-0.8641816973686218,-0.9969766736030579,0.2435351014137268,-0.9075642824172974
50,16,joint_score,local,25,1.230297327041626,0.9182700514793396,0.24353516101837158,0.9979400634765625
50,16,joint_score,local,26,-0.2580487132072449,-0.10589560866355896,0.2435351461172104,-0.021016104146838188
50,16,joint_score,local,27,-0.14059080183506012,0.057842615991830826,0.24353526532649994,0.141889750957489
50,16,joint_score,local,28,-0.7505208253860474,-0.8247898817062378,0.2435350865125656,-0.7362534403800964
50,16,joint_score,local,29,0.7843257784843445,0.662621259689331,0.24353532493114471,0.7435903549194336
50,16,joint_score,local,30,0.15141457319259644,0.38836169242858887,0.24353520572185516,0.47072726488113403
50,16,joint_score,local,31,-0.4279395043849945,-0.5250577926635742,0.24353528022766113,-0.4380452632904053
50,16,joint_score,local,32,-0.5317514538764954,-0.4256254732608795,0.2435351312160492,-0.3391191363334656
50,16,joint_score,local,33,0.04220549017190933,-0.0006143400096334517,0.24353520572185516,0.08372975140810013
50,16,joint_score,local,34,-0.7288352251052856,-0.5199238061904907,0.24353523552417755,-0.4329373836517334
50,16,joint_score,local,35,0.46336933970451355,0.7119820713996887,0.24353519082069397,0.7927007079124451
50,16,joint_score,local,36,0.6119758486747742,0.7701771259307861,0.24353526532649994,0.850599467754364
50,16,joint_score,local,37,0.5260907411575317,0.748024046421051,0.24353520572185516,0.8285596966743469
50,16,joint_score,local,38,0.15328724682331085,-0.02106400392949581,0.24353523552417755,0.06338366866111755
50,16,joint_score,local,39,0.10897715389728546,-0.19754427671432495,0.24353520572185516,-0.11219849437475204
50,16,joint_score,local,40,0.9671507477760315,1.270480751991272,0.24353519082069397,1.3483586311340332
50,16,joint_score,local,41,-0.06879399716854095,-0.015391773544251919,0.24353523552417755,0.06902722269296646
50,16,joint_score,local,42,0.6510082483291626,0.7817147970199585,0.24353519082069397,0.8620795011520386
50,16,joint_score,local,43,-0.3061816096305847,-0.1789342612028122,0.24353523552417755,-0.09368323534727097
50,16,joint_score,local,44,-0.1801404058933258,0.0289326012134552,0.24353520572185516,0.1131262332201004
50,16,joint_score,local,45,0.1270393431186676,0.20338281989097595,0.24353520572185516,0.2866891026496887
50,16,joint_score,local,46,-0.7397090792655945,-0.6905794739723206,0.24353522062301636,-0.6027252078056335
50,16,joint_score,local,47,-0.3689725995063782,-0.09342741221189499,0.24353520572185516,-0.0086110420525074
50,16,joint_score,local,48,-0.3946188986301422,-0.07536175101995468,0.24353520572185516,0.009362494572997093
50,16,joint_score,local,49,-0.2646438479423523,-0.8184477090835571,0.24353522062301636,-0.729942798614502
50,16,joint_score,local,50,-1.6960827112197876,-1.504474401473999,0.24353522062301636,-1.4124794006347656
50,17,joint_score,global,0,0.723003089427948,0.673640787601471,0.09132298082113266,0.541228711605072
50,17,joint_score,local,1,-0.2716526389122009,-0.3124522566795349,0.24353522062301636,-0.19705262780189514
50,17,joint_score,local,2,1.46422278881073,1.4351967573165894,0.24353539943695068,1.541661024093628
50,17,joint_score,local,3,-0.13187569379806519,-0.009822122752666473,0.24353507161140442,0.10403221100568771
50,17,joint_score,local,4,0.02387540228664875,-0.1646793633699417,0.2435350865125656,-0.05003448203206062
50,17,joint_score,local,5,1.454005241394043,1.5820670127868652,0.243535116314888,1.6877855062484741
50,17,joint_score,local,6,-1.1788681745529175,-1.331926941871643,0.2435353398323059,-1.211318016052246
50,17,joint_score,local,7,-0.4936208128929138,-0.1730574071407318,0.24353544414043427,-0.058371253311634064
50,17,joint_score,local,8,0.302990198135376,0.136659637093544,0.24353501200675964,0.24976684153079987
50,17,joint_score,local,9,0.037995047867298126,-0.03615161031484604,0.24353526532649994,0.07783593237400055
50,17,joint_score,local,10,-0.5158138275146484,-0.5798728466033936,0.24353522062301636,-0.4631049335002899
50,17,joint_score,local,11,-0.01545035745948553,0.11166571080684662,0.24353495240211487,0.22490030527114868
50,17,joint_score,local,12,0.5208437442779541,0.22496487200260162,0.24353498220443726,0.3376210629940033
50,17,joint_score,local,13,0.04451059550046921,0.15021368861198425,0.24353525042533875,0.2632500231266022
50,17,joint_score,local,14,-0.80485600233078,-0.9073977470397949,0.24353522062301636,-0.7889575958251953
50,17,joint_score,local,15,0.9772869348526001,0.6882117986679077,0.24353523552417755,0.7984988689422607
50,17,joint_score,local,16,0.14786405861377716,0.3277275860309601,0.24353519082069397,0.4398573935031891
50,17,joint_score,local,17,0.36286497116088867,0.6703557372093201,0.24353523552417755,0.7807343006134033
50,17,joint_score,local,18,0.5430615544319153,0.639365017414093,0.2435351461172104,0.7499035000801086
50,17,joint_score,local,19,0.394819974899292,0.16166071593761444,0.2435353696346283,0.2746388018131256
50,17,joint_score,local,20,-0.2174360305070877,-0.13573934137821198,0.24353517591953278,-0.02124113403260708
50,17,joint_score,local,21,-0.8655571341514587,-0.7285852432250977,0.24353526532649994,-0.6110602617263794
50,17,joint_score,local,22,-0.2336997538805008,0.15639366209506989,0.2435350865125656,0.26939937472343445
50,17,joint_score,local,23,0.6759000420570374,0.939402163028717,0.2435351461172104,1.0484052896499634
50,17,joint_score,local,24,-0.5062923431396484,-0.2509731650352478,0.2435351014137268,-0.13588745892047882
50,17,joint_score,local,25,0.06801062077283859,0.3030758202075958,0.24353516101837158,0.41533035039901733
50,17,joint_score,local,26,0.44489142298698425,0.32775065302848816,0.2435351461172104,0.43987926840782166
50,17,joint_score,local,27,-0.15302425622940063,-0.5103079676628113,0.24353526532649994,-0.39389631152153015
50,17,joint_score,local,28,1.242997407913208,1.0309569835662842,0.2435350865125656,1.1394942998886108
50,17,joint_score,local,29,-0.7907124757766724,-0.4592724144458771,0.24353532493114471,-0.343123197555542
50,17,joint_score,local,30,-0.2552421987056732,-0.06035599485039711,0.24353520572185516,0.05375631898641586
50,17,joint_score,local,31,-0.6904032826423645,-0.6973985433578491,0.24353528022766113,-0.5800313949584961
50,17,joint_score,local,32,0.43992164731025696,0.6586150527000427,0.2435351312160492,0.7690541744232178
50,17,joint_score,local,33,-0.16313602030277252,-0.37098702788352966,0.24353520572185516,-0.25528910756111145
50,17,joint_score,local,34,-1.2679331302642822,-0.5789102911949158,0.24353523552417755,-0.46214810013771057
50,17,joint_score,local,35,0.18348513543605804,0.27159759402275085,0.24353519082069397,0.38401201367378235
50,17,joint_score,local,36,0.8887794613838196,0.8636521697044373,0.24353526532649994,0.9730414152145386
50,17,joint_score,local,37,-0.41338586807250977,0.26227110624313354,0.24353520572185516,0.3747336268424988
50,17,joint_score,local,38,-0.8959254622459412,-1.264732003211975,0.24353523552417755,-1.1444677114486694
50,17,joint_score,local,39,0.00478323083370924,0.2943073809146881,0.24353520572185516,0.40660610795021057
50,17,joint_score,local,40,0.7476090788841248,0.66509610414505,0.24353519082069397,0.7755018472671509
50,17,joint_score,local,41,-0.7647898197174072,-0.5930446982383728,0.24353523552417755,-0.47621145844459534
50,17,joint_score,local,42,-0.38144922256469727,-0.47519242763519287,0.24353519082069397,-0.3589610457420349
50,17,joint_score,local,43,-0.6381109952926636,-0.25609877705574036,0.24353523552417755,-0.14098753035068512
50,17,joint_score,local,44,-0.21630389988422394,-0.27490535378456116,0.24353520572185516,-0.15969792008399963
50,17,joint_score,local,45,-0.3188652992248535,-0.6631132364273071,0.24353520572185516,-0.5459215044975281
50,17,joint_score,local,46,0.558046817779541,0.49773797392845154,0.24353522062301636,0.6089984178543091
50,17,joint_score,local,47,-0.2347297966480255,-0.20433951914310455,0.24353520572185516,-0.08949210494756699
50,17,joint_score,local,48,0.05751415342092514,-0.013362197205424309,0.24353520572185516,0.10050934553146362
50,17,joint_score,local,49,-0.7567421197891235,-0.9665130972862244,0.24353522062301636,-0.8477716445922852
50,17,joint_score,local,50,-0.26049694418907166,-0.0008457684307359159,0.24353522062301636,0.11296185851097107
50,18,joint_score,global,0,1.0418219566345215,1.0351505279541016,0.09132298082113266,0.8320683836936951
50,18,joint_score,local,1,-0.1732793152332306,0.038422465324401855,0.24353522062301636,0.212766632437706
50,18,joint_score,local,2,-0.177840918302536,0.06984575092792511,0.24353539943695068,0.2440251260995865
50,18,joint_score,local,3,0.44796380400657654,0.473666250705719,0.24353507161140442,0.6457998752593994
50,18,joint_score,local,4,-0.14420804381370544,-0.19357137382030487,0.2435350865125656,-0.0180478747934103
50,18,joint_score,local,5,-0.30427229404449463,-0.11173221468925476,0.243535116314888,0.06337220221757889
50,18,joint_score,local,6,0.19623421132564545,0.011745540425181389,0.2435353398323059,0.1862231194972992
50,18,joint_score,local,7,-0.08783549070358276,0.1386829912662506,0.24353544414043427,0.3125155568122864
50,18,joint_score,local,8,-0.5762761831283569,-0.6951292753219604,0.24353501200675964,-0.5170543193817139
50,18,joint_score,local,9,-0.6764459013938904,-0.46962910890579224,0.24353526532649994,-0.292701780796051
50,18,joint_score,local,10,0.19433559477329254,0.5569793581962585,0.24353522062301636,0.728689968585968
50,18,joint_score,local,11,0.14269627630710602,0.17759276926517487,0.24353495240211487,0.35123375058174133
50,18,joint_score,local,12,-0.5642133355140686,-0.2473820000886917,0.24353498220443726,-0.07158280164003372
50,18,joint_score,local,13,0.5454027056694031,0.3735523521900177,0.24353525042533875,0.5461944937705994
50,18,joint_score,local,14,-0.08025220781564713,0.012495220638811588,0.24353522062301636,0.1869720220565796
50,18,joint_score,local,15,0.6789609789848328,0.7145625948905945,0.24353523552417755,0.8854712247848511
50,18,joint_score,local,16,-0.024865124374628067,-0.058316368609666824,0.24353519082069397,0.11652166396379471
50,18,joint_score,local,17,-0.5653707385063171,-0.28972986340522766,0.24353523552417755,-0.11371668428182602
50,18,joint_score,local,18,-0.21743348240852356,0.04334981366991997,0.2435351461172104,0.21767207980155945
50,18,joint_score,local,19,-0.2623884081840515,-0.45697715878486633,0.2435353696346283,-0.2801133096218109
50,18,joint_score,local,20,-0.33887970447540283,-0.3307282626628876,0.24353517591953278,-0.154505655169487
50,18,joint_score,local,21,0.004067401867359877,0.3398579955101013,0.24353526532649994,0.5126672387123108
50,18,joint_score,local,22,0.6850353479385376,0.4195682406425476,0.2435350865125656,0.5919771790504456
50,18,joint_score,local,23,0.35404953360557556,0.3067406713962555,0.2435351461172104,0.47971946001052856
50,18,joint_score,local,24,-0.9711174964904785,-0.6284477710723877,0.2435351014137268,-0.45071420073509216
50,18,joint_score,local,25,0.21367667615413666,0.29423147439956665,0.24353516101837158,0.46727555990219116
50,18,joint_score,local,26,-0.5464407205581665,-1.0878278017044067,0.2435351461172104,-0.9077596664428711
50,18,joint_score,local,27,-0.6667423844337463,-0.17719052731990814,0.24353526532649994,-0.0017490893369540572
50,18,joint_score,local,28,-0.4514285624027252,-0.6768993735313416,0.2435350865125656,-0.49891939759254456
50,18,joint_score,local,29,0.0815364420413971,0.19370895624160767,0.24353532493114471,0.3672620952129364
50,18,joint_score,local,30,-0.4174725413322449,-0.006608101073652506,0.24353520572185516,0.1679651141166687
50,18,joint_score,local,31,-0.7224028706550598,-0.41439101099967957,0.24353528022766113,-0.2377440482378006
50,18,joint_score,local,32,1.5888699293136597,1.4757938385009766,0.2435351312160492,1.6428331136703491
50,18,joint_score,local,33,-0.8855488896369934,-0.5764008164405823,0.24353520572185516,-0.39893192052841187
50,18,joint_score,local,34,-0.5750855207443237,0.25386151671409607,0.24353523552417755,0.4271106719970703
50,18,joint_score,local,35,0.49906376004219055,0.24854041635990143,0.24353519082069397,0.42181503772735596
50,18,joint_score,local,36,0.7424492835998535,1.1106185913085938,0.24353526532649994,1.2795099020004272
50,18,joint_score,local,37,0.28327706456184387,0.15590958297252655,0.24353520572185516,0.3296559751033783
50,18,joint_score,local,38,-0.22001558542251587,-0.4966888129711151,0.24353523552417755,-0.31962692737579346
50,18,joint_score,local,39,-0.14581501483917236,-0.4850265383720398,0.24353520572185516,-0.30802208185195923
50,18,joint_score,local,40,0.1869875192642212,-0.1413206160068512,0.24353519082069397,0.033937569707632065
50,18,joint_score,local,41,1.3525574207305908,0.8705852627754211,0.24353523552417755,1.040697455406189
50,18,joint_score,local,42,-0.018577558919787407,0.1811346858739853,0.24353519082069397,0.3547534644603729
50,18,joint_score,local,43,-1.5102356672286987,-1.357730507850647,0.24353523552417755,-1.1762902736663818
50,18,joint_score,local,44,-0.18085888028144836,-0.2930007874965668,0.24353520572185516,-0.11697307229042053
50,18,joint_score,local,45,0.3812555968761444,0.7174616456031799,0.24353520572185516,0.8883540630340576
50,18,joint_score,local,46,-0.24431735277175903,-0.5192790627479553,0.24353522062301636,-0.3420998752117157
50,18,joint_score,local,47,0.8445770144462585,0.8361313939094543,0.24353520572185516,1.006420612335205
50,18,joint_score,local,48,-0.42967137694358826,-0.36118900775909424,0.24353520572185516,-0.18481358885765076
50,18,joint_score,local,49,0.0023483322001993656,0.003283581230789423,0.24353522062301636,0.1778073012828827
50,18,joint_score,local,50,0.7725085616111755,0.6391499638557434,0.24353522062301636,0.8104413151741028
50,19,joint_score,global,0,1.6729965209960938,1.7371110916137695,0.09132298082113266,1.3423434495925903
50,19,joint_score,local,1,1.144901990890503,0.747948408126831,0.24353522062301636,1.0826399326324463
50,19,joint_score,local,2,0.0073328218422830105,0.18776428699493408,0.24353539943695068,0.525297999382019
50,19,joint_score,local,3,-0.605364203453064,-0.35928213596343994,0.24353507161140442,-0.018951240926980972
50,19,joint_score,local,4,-0.6252893805503845,-1.0157623291015625,0.2435350865125656,-0.6720929741859436
50,19,joint_score,local,5,-0.10391931980848312,-0.3740307688713074,0.243535116314888,-0.03363383188843727
50,19,joint_score,local,6,0.044828515499830246,-0.17643755674362183,0.2435353398323059,0.1629556268453598
50,19,joint_score,local,7,1.093864917755127,0.7834151983261108,0.24353544414043427,1.117920160293579
50,19,joint_score,local,8,0.5666840672492981,0.338510662317276,0.24353501200675964,0.6752932667732239
50,19,joint_score,local,9,0.7483366131782532,0.8391143679618835,0.24353526532649994,1.173340082168579
50,19,joint_score,local,10,-0.6400296688079834,-0.47547635436058044,0.24353522062301636,-0.1345505714416504
50,19,joint_score,local,11,1.4882197380065918,1.057231068611145,0.24353495240211487,1.3903559446334839
50,19,joint_score,local,12,-0.24430367350578308,-0.2316865772008896,0.24353498220443726,0.1079990342259407
50,19,joint_score,local,13,0.3476363718509674,0.3323541283607483,0.24353525042533875,0.6691654324531555
50,19,joint_score,local,14,-0.7813724279403687,-1.0876668691635132,0.24353522062301636,-0.7436296939849854
50,19,joint_score,local,15,1.033555269241333,0.8743279576301575,0.24353523552417755,1.2083790302276611
50,19,joint_score,local,16,-0.4464810788631439,-0.7217965722084045,0.24353519082069397,-0.37961965799331665
50,19,joint_score,local,17,-1.261013388633728,-1.0483810901641846,0.24353523552417755,-0.7045430541038513
50,19,joint_score,local,18,0.3348475694656372,0.13796445727348328,0.2435351461172104,0.4757671058177948
50,19,joint_score,local,19,0.08354927599430084,0.03408156335353851,0.2435353696346283,0.3724096119403839
50,19,joint_score,local,20,0.05817742273211479,0.06000829115509987,0.24353517591953278,0.398206889629364
50,19,joint_score,local,21,0.059944603592157364,0.2687501907348633,0.24353526532649994,0.6058753132820129
50,19,joint_score,local,22,-0.5162801742553711,-0.6558777093887329,0.2435350865125656,-0.31403809785842896
50,19,joint_score,local,23,0.7781343460083008,0.6182550191879272,0.2435351461172104,0.9536022543907166
50,19,joint_score,local,24,0.09383709728717804,-0.05061936378479004,0.2435351014137268,0.2881406545639038
50,19,joint_score,local,25,0.40746212005615234,0.058822110295295715,0.24353516101837158,0.39702099561691284
50,19,joint_score,local,26,1.473999261856079,1.0058387517929077,0.2435351461172104,1.3392194509506226
50,19,joint_score,local,27,0.4569264054298401,0.2948945462703705,0.24353526532649994,0.6318963766098022
50,19,joint_score,local,28,0.20692665874958038,-0.39658400416374207,0.2435350865125656,-0.05606376379728317
50,19,joint_score,local,29,-0.6535508036613464,-0.3197358548641205,0.24353532493114471,0.020388443022966385
50,19,joint_score,local,30,0.00747270230203867,0.08163793385028839,0.24353520572185516,0.41972318291664124
50,19,joint_score,local,31,-0.20360924303531647,-0.23246262967586517,0.24353528022766113,0.1072218045592308
50,19,joint_score,local,32,0.38589000701904297,0.24114933609962463,0.2435351312160492,0.5784236192703247
50,19,joint_score,local,33,-0.15337300300598145,-0.4877386689186096,0.24353520572185516,-0.14675849676132202
50,19,joint_score,local,34,0.8304303884506226,0.46916788816452026,0.24353523552417755,0.8052794933319092
50,19,joint_score,local,35,0.8546671271324158,0.9064499735832214,0.24353519082069397,1.2403322458267212
50,19,joint_score,local,36,0.31428074836730957,0.5914257168769836,0.24353526532649994,0.926910400390625
50,19,joint_score,local,37,-0.2224627584218979,-0.14545811712741852,0.24353520572185516,0.19377903640270233
50,19,joint_score,local,38,0.39826682209968567,0.40725353360176086,0.24353523552417755,0.7436755895614624
50,19,joint_score,local,39,-0.4435434639453888,-0.11064628511667252,0.24353520572185516,0.22841395437717438
50,19,joint_score,local,40,-0.03404289484024048,0.1433034986257553,0.24353519082069397,0.48107650876045227
50,19,joint_score,local,41,0.3514302968978882,0.0021189108956605196,0.24353523552417755,0.3406067192554474
50,19,joint_score,local,42,-0.02059490978717804,0.06339516490697861,0.24353519082069397,0.40157172083854675
50,19,joint_score,local,43,-0.1968248337507248,-0.09382104128599167,0.24353523552417755,0.2451554536819458
50,19,joint_score,local,44,-0.22690199315547943,-0.21866819262504578,0.24353520572185516,0.12094205617904663
50,19,joint_score,local,45,-1.5914313793182373,-1.7418012619018555,0.24353520572185516,-1.3944364786148071
50,19,joint_score,local,46,0.7713034749031067,0.7543160319328308,0.24353522062301636,1.0889768600463867
50,19,joint_score,local,47,0.07969924807548523,0.16378259658813477,0.24353520572185516,0.5014488101005554
50,19,joint_score,local,48,-0.4790841042995453,-0.5208801031112671,0.24353520572185516,-0.1797291785478592
50,19,joint_score,local,49,1.0155595541000366,0.47041648626327515,0.24353522062301636,0.806523323059082
50,19,joint_score,local,50,-0.5980635285377502,-0.491825133562088,0.24353522062301636,-0.15082108974456787
