training_scheme,variant,variant_label,family,timesteps,model_seed,observation,repeat,runtime_s,runtime_per_sample_ms,mean_error,covariance_error,posterior_error
uniform,legacy_time_dpm,Legacy time-space DPM-1,DPM predictor,5,0,0,0,0.0950279220123775,0.1267038960165033,0.2211767733097076,0.1361419707536697,0.4662203192710876
uniform,legacy_time_dpm,Legacy time-space DPM-1,DPM predictor,5,0,0,1,0.0157058010227046,0.0209410680302729,0.2222611308097839,0.1480919867753982,0.4550344944000244
uniform,legacy_time_dpm,Legacy time-space DPM-1,DPM predictor,10,0,0,0,0.0290049750474281,0.0386733000632375,0.2330027371644973,0.2346101850271225,0.6603793501853943
uniform,legacy_time_dpm,Legacy time-space DPM-1,DPM predictor,10,0,0,1,0.0283312040264718,0.0377749387019624,0.2137190699577331,0.2326458990573883,0.5504651665687561
uniform,legacy_time_dpm,Legacy time-space DPM-1,DPM predictor,20,0,0,0,0.0590726219816133,0.0787634959754844,0.2293535470962524,0.245817169547081,0.5655811429023743
uniform,legacy_time_dpm,Legacy time-space DPM-1,DPM predictor,20,0,0,1,0.0602487649885006,0.0803316866513341,0.1992163509130478,0.2573280930519104,0.590320885181427
uniform,legacy_time_dpm,Legacy time-space DPM-1,DPM predictor,50,0,0,0,0.1467225829837843,0.1956301106450458,0.2290319949388504,0.3056160509586334,0.5935989618301392
uniform,legacy_time_dpm,Legacy time-space DPM-1,DPM predictor,50,0,0,1,0.1486904469784349,0.1982539293045798,0.1880901455879211,0.2386774122714996,0.472885251045227
uniform,sigma_uniform_dpm,"Sigma-space DPM-1, uniform t",DPM predictor,5,0,0,0,0.0138985089724883,0.0185313452966511,0.1815602779388427,0.1276749223470688,0.3337403535842895
uniform,sigma_uniform_dpm,"Sigma-space DPM-1, uniform t",DPM predictor,5,0,0,1,0.0155534810037352,0.0207379746716469,0.1845448613166809,0.1408487558364868,0.3639317750930786
uniform,sigma_uniform_dpm,"Sigma-space DPM-1, uniform t",DPM predictor,10,0,0,0,0.030347266991157,0.0404630226548761,0.187264546751976,0.1791707277297973,0.3634561896324157
uniform,sigma_uniform_dpm,"Sigma-space DPM-1, uniform t",DPM predictor,10,0,0,1,0.0288489939994178,0.0384653253325571,0.1750534474849701,0.1797489672899246,0.3184050321578979
uniform,sigma_uniform_dpm,"Sigma-space DPM-1, uniform t",DPM predictor,20,0,0,0,0.0593209229991771,0.0790945639989028,0.2003067582845688,0.1949793100357055,0.3635373115539551
uniform,sigma_uniform_dpm,"Sigma-space DPM-1, uniform t",DPM predictor,20,0,0,1,0.0600321959936991,0.0800429279915988,0.1692204922437667,0.2044863849878311,0.3561475276947021
uniform,sigma_uniform_dpm,"Sigma-space DPM-1, uniform t",DPM predictor,50,0,0,0,0.1520961380447261,0.2027948507263014,0.2123871147632599,0.2663827836513519,0.4555432200431824
uniform,sigma_uniform_dpm,"Sigma-space DPM-1, uniform t",DPM predictor,50,0,0,1,0.1523528699763119,0.2031371599684159,0.1725662648677826,0.2036472856998443,0.3453532457351684
uniform,sigma_log_dpm,"Sigma-space DPM-1, log sigma",DPM predictor,5,0,0,0,0.0142094499897211,0.0189459333196282,0.2035506516695022,0.0856267288327217,0.3634726405143738
uniform,sigma_log_dpm,"Sigma-space DPM-1, log sigma",DPM predictor,5,0,0,1,0.0153292200411669,0.0204389600548893,0.2045722752809524,0.0964942872524261,0.3661572933197021
uniform,sigma_log_dpm,"Sigma-space DPM-1, log sigma",DPM predictor,10,0,0,0,0.0296377969789318,0.0395170626385758,0.2058306336402893,0.1690462231636047,0.4372609257698059
uniform,sigma_log_dpm,"Sigma-space DPM-1, log sigma",DPM predictor,10,0,0,1,0.0300571510451845,0.0400762013935794,0.1903838962316513,0.1685098856687545,0.3649433255195617
uniform,sigma_log_dpm,"Sigma-space DPM-1, log sigma",DPM predictor,20,0,0,0,0.0607343689771369,0.0809791586361825,0.2088635414838791,0.1922417730093002,0.4015161395072937
uniform,sigma_log_dpm,"Sigma-space DPM-1, log sigma",DPM predictor,20,0,0,1,0.0593770620180293,0.0791694160240392,0.1792965531349182,0.2018854916095733,0.4039140939712524
uniform,sigma_log_dpm,"Sigma-space DPM-1, log sigma",DPM predictor,50,0,0,0,0.1469577699899673,0.1959436933199564,0.2158956378698349,0.2658077478408813,0.4756948351860046
uniform,sigma_log_dpm,"Sigma-space DPM-1, log sigma",DPM predictor,50,0,0,1,0.1493444200023077,0.1991258933364103,0.176338329911232,0.2035008668899536,0.3654972910881042
uniform,dpm2_log,"DPM-2 + corrector, log sigma",Overall sampler,5,0,0,0,0.106415509013459,0.1418873453512787,0.086985558271408,0.2060330957174301,0.1940490007400512
uniform,dpm2_log,"DPM-2 + corrector, log sigma",Overall sampler,5,0,0,1,0.1025382350198924,0.1367176466931899,0.1216509118676185,0.2265733778476715,0.2365432381629943
uniform,dpm2_log,"DPM-2 + corrector, log sigma",Overall sampler,10,0,0,0,0.1459308150224387,0.1945744200299183,0.1530538350343704,0.2129814475774765,0.2919560670852661
uniform,dpm2_log,"DPM-2 + corrector, log sigma",Overall sampler,10,0,0,1,0.1471307789906859,0.1961743719875812,0.1492409408092498,0.177500918507576,0.2311238646507263
uniform,dpm2_log,"DPM-2 + corrector, log sigma",Overall sampler,20,0,0,0,0.2408938660519197,0.3211918214025597,0.126247227191925,0.1587880998849868,0.1456494331359863
uniform,dpm2_log,"DPM-2 + corrector, log sigma",Overall sampler,20,0,0,1,0.233418546966277,0.3112247292883694,0.0991447940468788,0.1932459771633148,0.1725632548332214
uniform,dpm2_log,"DPM-2 + corrector, log sigma",Overall sampler,50,0,0,0,0.5208430589991622,0.6944574119988829,0.0617774501442909,0.1075446233153343,0.068102478981018
uniform,dpm2_log,"DPM-2 + corrector, log sigma",Overall sampler,50,0,0,1,0.5073909370112233,0.6765212493482977,0.0711129605770111,0.0989690124988555,0.0648308992385864
uniform,legacy_drift_euler,Legacy drift-only Euler,Euler update,5,0,0,0,0.0137729750131256,0.0183639666841675,0.1292423009872436,0.1328566968441009,10.913479804992676
uniform,legacy_drift_euler,Legacy drift-only Euler,Euler update,5,0,0,1,0.0150527590303681,0.0200703453738242,0.13245590031147,0.130241721868515,12.258136749267578
uniform,legacy_drift_euler,Legacy drift-only Euler,Euler update,10,0,0,0,0.0294170179986394,0.0392226906648526,0.1088191494345665,0.1430062055587768,10.76890754699707
uniform,legacy_drift_euler,Legacy drift-only Euler,Euler update,10,0,0,1,0.029725887987297,0.039634517316396,0.1081510111689567,0.1435533016920089,12.000864028930664
uniform,legacy_drift_euler,Legacy drift-only Euler,Euler update,20,0,0,0,0.0646673300070688,0.0862231066760917,0.1065487042069435,0.1515592336654663,13.684635162353516
uniform,legacy_drift_euler,Legacy drift-only Euler,Euler update,20,0,0,1,0.0664573560352437,0.0886098080469916,0.0909147709608078,0.1507979929447174,12.06745147705078
uniform,legacy_drift_euler,Legacy drift-only Euler,Euler update,50,0,0,0,0.1510342529509216,0.2013790039345622,0.1020501479506492,0.1519560813903808,15.068317413330078
uniform,legacy_drift_euler,Legacy drift-only Euler,Euler update,50,0,0,1,0.1510119910235516,0.2013493213647355,0.0879439115524292,0.1578094214200973,15.25340461730957
uniform,em_uniform,"Euler--Maruyama, uniform t",Euler update,5,0,0,0,0.0140902920393273,0.0187870560524364,0.0795078054070472,0.8912283778190613,2.935134172439575
uniform,em_uniform,"Euler--Maruyama, uniform t",Euler update,5,0,0,1,0.015295130026061,0.0203935067014147,0.1489222049713134,1.0229145288467407,3.250277519226074
uniform,em_uniform,"Euler--Maruyama, uniform t",Euler update,10,0,0,0,0.0309971339884214,0.0413295119845618,0.1622157096862793,0.5247122049331665,1.3279118537902832
uniform,em_uniform,"Euler--Maruyama, uniform t",Euler update,10,0,0,1,0.0305394530296325,0.0407192707061767,0.1594859212636947,0.3995805382728576,1.0625485181808472
uniform,em_uniform,"Euler--Maruyama, uniform t",Euler update,20,0,0,0,0.0598559270147234,0.0798079026862979,0.1293354332447052,0.3255263268947601,0.5485495924949646
uniform,em_uniform,"Euler--Maruyama, uniform t",Euler update,20,0,0,1,0.0634448070195503,0.0845930760260671,0.0975395515561103,0.3491566777229309,0.6046084761619568
uniform,em_uniform,"Euler--Maruyama, uniform t",Euler update,50,0,0,0,0.1531264140503481,0.2041685520671308,0.0869590267539024,0.2261602580547332,0.2425364851951599
uniform,em_uniform,"Euler--Maruyama, uniform t",Euler update,50,0,0,1,0.1518741669715382,0.2024988892953843,0.061175487935543,0.2367840111255645,0.2657978534698486
uniform,em_log,"Euler--Maruyama, log sigma",Euler update,5,0,0,0,0.0152752259746193,0.0203669679661591,0.1116968691349029,1.4331616163253784,3.46965765953064
uniform,em_log,"Euler--Maruyama, log sigma",Euler update,5,0,0,1,0.015690664993599,0.020920886658132,0.1659377366304397,1.5504573583602903,3.922247648239136
uniform,em_log,"Euler--Maruyama, log sigma",Euler update,10,0,0,0,0.0310893669957295,0.0414524893276393,0.1380679458379745,0.4804831147193908,0.7480074167251587
uniform,em_log,"Euler--Maruyama, log sigma",Euler update,10,0,0,1,0.0318131649983115,0.042417553331082,0.1324537843465805,0.3873980343341827,0.5799769163131714
uniform,em_log,"Euler--Maruyama, log sigma",Euler update,20,0,0,0,0.0639267800142988,0.0852357066857318,0.1188948005437851,0.2535492777824402,0.2594733834266662
uniform,em_log,"Euler--Maruyama, log sigma",Euler update,20,0,0,1,0.0622916540014557,0.0830555386686076,0.0936712399125099,0.2828044295310974,0.2806767225265503
uniform,em_log,"Euler--Maruyama, log sigma",Euler update,50,0,0,0,0.1525402879924513,0.2033870506566018,0.0829865112900734,0.1983370631933212,0.1611883640289306
uniform,em_log,"Euler--Maruyama, log sigma",Euler update,50,0,0,1,0.1526657109498046,0.2035542812664061,0.0768722593784332,0.1760168522596359,0.129773199558258
uniform,legacy_time_dpm,Legacy time-space DPM-1,DPM predictor,5,0,1,0,0.0148749949876219,0.0198333266501625,0.422097772359848,0.1664891541004181,1.7216300964355469
uniform,legacy_time_dpm,Legacy time-space DPM-1,DPM predictor,5,0,1,1,0.0145445800153538,0.0193927733538051,0.4229693412780761,0.1808328926563263,1.7581489086151123
uniform,legacy_time_dpm,Legacy time-space DPM-1,DPM predictor,10,0,1,0,0.0301416809670627,0.0401889079560836,0.3992083370685577,0.2375828474760055,1.6573405265808103
uniform,legacy_time_dpm,Legacy time-space DPM-1,DPM predictor,10,0,1,1,0.0279356059618294,0.0372474746157725,0.3841964900493622,0.2071952521800995,1.5210075378417969
uniform,legacy_time_dpm,Legacy time-space DPM-1,DPM predictor,20,0,1,0,0.0582235140027478,0.0776313520036637,0.3365870416164398,0.3077341914176941,1.3756706714630127
uniform,legacy_time_dpm,Legacy time-space DPM-1,DPM predictor,20,0,1,1,0.0580482940422371,0.0773977253896494,0.3632264733314514,0.269326388835907,1.4606119394302368
uniform,legacy_time_dpm,Legacy time-space DPM-1,DPM predictor,50,0,1,0,0.145437023951672,0.1939160319355627,0.3427001237869262,0.2630103230476379,1.345122456550598
uniform,legacy_time_dpm,Legacy time-space DPM-1,DPM predictor,50,0,1,1,0.1493946890113875,0.19919291868185,0.3472047746181488,0.2605237364768982,1.3686832189559937
uniform,sigma_uniform_dpm,"Sigma-space DPM-1, uniform t",DPM predictor,5,0,1,0,0.0141391219804063,0.0188521626405417,0.3254228234291076,0.1501493901014328,1.1359291076660156
uniform,sigma_uniform_dpm,"Sigma-space DPM-1, uniform t",DPM predictor,5,0,1,1,0.0158042369876056,0.0210723159834742,0.3261114060878753,0.1626950055360794,1.1395138502120972
uniform,sigma_uniform_dpm,"Sigma-space DPM-1, uniform t",DPM predictor,10,0,1,0,0.0293400030350312,0.0391200040467083,0.3015981018543243,0.1786938905715942,1.0107120275497437
uniform,sigma_uniform_dpm,"Sigma-space DPM-1, uniform t",DPM predictor,10,0,1,1,0.0292568010045215,0.0390090680060287,0.2896727621555328,0.1517299115657806,0.930087685585022
uniform,sigma_uniform_dpm,"Sigma-space DPM-1, uniform t",DPM predictor,20,0,1,0,0.059464996040333,0.0792866613871107,0.2745131850242615,0.2480124235153198,0.9311482310295104
uniform,sigma_uniform_dpm,"Sigma-space DPM-1, uniform t",DPM predictor,20,0,1,1,0.0575884509598836,0.0767846012798448,0.2957236468791961,0.2125444114208221,1.000868797302246
uniform,sigma_uniform_dpm,"Sigma-space DPM-1, uniform t",DPM predictor,50,0,1,0,0.1507232490112073,0.2009643320149431,0.3035062849521637,0.2239843755960464,1.0615241527557373
uniform,sigma_uniform_dpm,"Sigma-space DPM-1, uniform t",DPM predictor,50,0,1,1,0.1532504759961739,0.2043339679948985,0.3076597452163696,0.2217011898756027,1.0801054239273071
uniform,sigma_log_dpm,"Sigma-space DPM-1, log sigma",DPM predictor,5,0,1,0,0.0158970470074564,0.0211960626766085,0.3878465592861175,0.1090780198574066,1.4654970169067385
uniform,sigma_log_dpm,"Sigma-space DPM-1, log sigma",DPM predictor,5,0,1,1,0.0151407939847558,0.0201877253130078,0.3894112706184387,0.1218032389879226,1.481659173965454
uniform,sigma_log_dpm,"Sigma-space DPM-1, log sigma",DPM predictor,10,0,1,0,0.0302475970238447,0.0403301293651262,0.3474169373512268,0.1693385988473892,1.251772403717041
uniform,sigma_log_dpm,"Sigma-space DPM-1, log sigma",DPM predictor,10,0,1,1,0.030035700998269,0.0400476013310253,0.334584891796112,0.1432434320449829,1.1548864841461182
uniform,sigma_log_dpm,"Sigma-space DPM-1, log sigma",DPM predictor,20,0,1,0,0.0608614130178466,0.0811485506904621,0.29788938164711,0.2452084869146347,1.054043889045715
uniform,sigma_log_dpm,"Sigma-space DPM-1, log sigma",DPM predictor,20,0,1,1,0.0621302659856155,0.0828403546474874,0.3207561075687408,0.2107411175966262,1.133267879486084
uniform,sigma_log_dpm,"Sigma-space DPM-1, log sigma",DPM predictor,50,0,1,0,0.153185429982841,0.2042472399771213,0.3143079578876495,0.2243782579898834,1.123426079750061
uniform,sigma_log_dpm,"Sigma-space DPM-1, log sigma",DPM predictor,50,0,1,1,0.1478147430461831,0.1970863240615775,0.3185181319713592,0.2220564484596252,1.1430764198303225
uniform,dpm2_log,"DPM-2 + corrector, log sigma",Overall sampler,5,0,1,0,0.1036985670216381,0.1382647560288508,0.1613332033157348,0.2537190318107605,0.4712579250335693
uniform,dpm2_log,"DPM-2 + corrector, log sigma",Overall sampler,5,0,1,1,0.1025110380141995,0.1366813840189328,0.1526428908109665,0.215105652809143,0.4101357460021972
uniform,dpm2_log,"DPM-2 + corrector, log sigma",Overall sampler,10,0,1,0,0.1512045140261761,0.2016060187015682,0.1912291795015335,0.2109310030937194,0.5189292430877686
uniform,dpm2_log,"DPM-2 + corrector, log sigma",Overall sampler,10,0,1,1,0.1500935109797865,0.200124681306382,0.1932240277528762,0.2266276031732559,0.5398551225662231
uniform,dpm2_log,"DPM-2 + corrector, log sigma",Overall sampler,20,0,1,0,0.2424137290217913,0.3232183053623885,0.1343555897474289,0.1858261078596115,0.3118371367454529
uniform,dpm2_log,"DPM-2 + corrector, log sigma",Overall sampler,20,0,1,1,0.238541676022578,0.318055568030104,0.1309277564287185,0.1810620278120041,0.2905568480491638
uniform,dpm2_log,"DPM-2 + corrector, log sigma",Overall sampler,50,0,1,0,0.5105862750206143,0.6807817000274857,0.0793691426515579,0.088544487953186,0.1135857105255127
uniform,dpm2_log,"DPM-2 + corrector, log sigma",Overall sampler,50,0,1,1,0.5018623200012371,0.6691497600016495,0.0851495042443275,0.0943837687373161,0.1027805805206298
uniform,legacy_drift_euler,Legacy drift-only Euler,Euler update,5,0,1,0,0.0149774879682809,0.0199699839577078,0.1812067031860351,0.1279274523258209,4.97874116897583
uniform,legacy_drift_euler,Legacy drift-only Euler,Euler update,5,0,1,1,0.0149873599875718,0.0199831466500957,0.1806971132755279,0.1257591396570205,4.381916999816895
uniform,legacy_drift_euler,Legacy drift-only Euler,Euler update,10,0,1,0,0.0301196879590861,0.0401595839454482,0.1263777911663055,0.1441247314214706,7.321212291717529
uniform,legacy_drift_euler,Legacy drift-only Euler,Euler update,10,0,1,1,0.0297119149472564,0.0396158865963419,0.1244193091988563,0.1475838720798492,7.972343921661377
uniform,legacy_drift_euler,Legacy drift-only Euler,Euler update,20,0,1,0,0.0596058149822056,0.0794744199762741,0.1012122109532356,0.146769642829895,8.444633483886719
uniform,legacy_drift_euler,Legacy drift-only Euler,Euler update,20,0,1,1,0.0605843130033463,0.0807790840044617,0.104371391236782,0.1496864408254623,9.14855670928955
uniform,legacy_drift_euler,Legacy drift-only Euler,Euler update,50,0,1,0,0.1515676109702326,0.2020901479603102,0.0922111272811889,0.1562906354665756,10.21895980834961
uniform,legacy_drift_euler,Legacy drift-only Euler,Euler update,50,0,1,1,0.1513160920003429,0.2017547893337905,0.0928753018379211,0.1567342728376388,9.906540870666504
uniform,em_uniform,"Euler--Maruyama, uniform t",Euler update,5,0,1,0,0.0154800180462189,0.0206400240616252,0.2759149670600891,0.9388784170150756,3.640802383422852
uniform,em_uniform,"Euler--Maruyama, uniform t",Euler update,5,0,1,1,0.0138023859472014,0.0184031812629352,0.2419434189796447,0.8966519236564636,3.575162172317505
uniform,em_uniform,"Euler--Maruyama, uniform t",Euler update,10,0,1,0,0.0298540369840338,0.0398053826453785,0.1743017733097076,0.4820509254932403,1.355699896812439
uniform,em_uniform,"Euler--Maruyama, uniform t",Euler update,10,0,1,1,0.0313974329619668,0.0418632439492891,0.1716998219490051,0.5249505043029785,1.3385229110717771
uniform,em_uniform,"Euler--Maruyama, uniform t",Euler update,20,0,1,0,0.0612897420069202,0.081719656009227,0.1117814183235168,0.3462995886802673,0.6652671098709106
uniform,em_uniform,"Euler--Maruyama, uniform t",Euler update,20,0,1,1,0.0615698639885522,0.0820931519847363,0.1250496953725814,0.2860995829105377,0.60773766040802
uniform,em_uniform,"Euler--Maruyama, uniform t",Euler update,50,0,1,0,0.1531581330345943,0.2042108440461258,0.1169491857290268,0.2510795295238495,0.3912550806999206
uniform,em_uniform,"Euler--Maruyama, uniform t",Euler update,50,0,1,1,0.1550252999877557,0.2067003999836743,0.1135536059737205,0.236421912908554,0.3696180582046509
uniform,em_log,"Euler--Maruyama, log sigma",Euler update,5,0,1,0,0.0142410479602403,0.0189880639469871,0.2654324173927307,1.3103811740875244,4.170849800109863
uniform,em_log,"Euler--Maruyama, log sigma",Euler update,5,0,1,1,0.0152142430306412,0.0202856573741883,0.2898935973644256,1.365650653839111,4.133734703063965
uniform,em_log,"Euler--Maruyama, log sigma",Euler update,10,0,1,0,0.029659317980986,0.0395457573079814,0.1387644559144973,0.4584622979164123,0.8316764831542969
uniform,em_log,"Euler--Maruyama, log sigma",Euler update,10,0,1,1,0.0300276330090127,0.040036844012017,0.1505683809518814,0.5176769495010376,0.8979495763778687
uniform,em_log,"Euler--Maruyama, log sigma",Euler update,20,0,1,0,0.0676488219760358,0.0901984293013811,0.1164440810680389,0.264433741569519,0.3868951797485351
uniform,em_log,"Euler--Maruyama, log sigma",Euler update,20,0,1,1,0.0591804899740964,0.0789073199654619,0.0998653247952461,0.2657835185527801,0.3470553159713745
uniform,em_log,"Euler--Maruyama, log sigma",Euler update,50,0,1,0,0.1509293770068325,0.2012391693424433,0.1058853566646575,0.1514257192611694,0.210473895072937
uniform,em_log,"Euler--Maruyama, log sigma",Euler update,50,0,1,1,0.1503666450153105,0.200488860020414,0.1052887737751007,0.1700213402509689,0.2238528132438659
uniform,legacy_time_dpm,Legacy time-space DPM-1,DPM predictor,5,0,2,0,0.0139494940522126,0.0185993254029502,0.306950032711029,0.1250838041305542,0.3098018169403076
uniform,legacy_time_dpm,Legacy time-space DPM-1,DPM predictor,5,0,2,1,0.0136340110329911,0.0181786813773214,0.2998221516609192,0.1229817941784858,0.282936155796051
uniform,legacy_time_dpm,Legacy time-space DPM-1,DPM predictor,10,0,2,0,0.0281725939712487,0.0375634586283316,0.2090341001749038,0.3018561899662018,0.4482014775276184
uniform,legacy_time_dpm,Legacy time-space DPM-1,DPM predictor,10,0,2,1,0.0282363690203055,0.0376484920270741,0.2586007714271545,0.2359059154987335,0.387617826461792
uniform,legacy_time_dpm,Legacy time-space DPM-1,DPM predictor,20,0,2,0,0.0561053389683365,0.0748071186244487,0.2620246112346649,0.2599592506885528,0.4845991134643554
uniform,legacy_time_dpm,Legacy time-space DPM-1,DPM predictor,20,0,2,1,0.0565872740116901,0.0754496986822535,0.2857640981674194,0.247905433177948,0.4479333162307739
uniform,legacy_time_dpm,Legacy time-space DPM-1,DPM predictor,50,0,2,0,0.1467449649935588,0.1956599533247451,0.2445754706859588,0.2179855406284332,0.3420259952545166
uniform,legacy_time_dpm,Legacy time-space DPM-1,DPM predictor,50,0,2,1,0.143757622980047,0.1916768306400627,0.2764028906822204,0.2086100876331329,0.3574961423873901
uniform,sigma_uniform_dpm,"Sigma-space DPM-1, uniform t",DPM predictor,5,0,2,0,0.0156182930222712,0.0208243906963616,0.2896684408187866,0.1187932640314102,0.2928640842437744
uniform,sigma_uniform_dpm,"Sigma-space DPM-1, uniform t",DPM predictor,5,0,2,1,0.0136448370176367,0.0181931160235156,0.283042848110199,0.118629939854145,0.304051399230957
uniform,sigma_uniform_dpm,"Sigma-space DPM-1, uniform t",DPM predictor,10,0,2,0,0.0296204730402678,0.0394939640536904,0.1902997195720672,0.2434045970439911,0.2561467289924621
uniform,sigma_uniform_dpm,"Sigma-space DPM-1, uniform t",DPM predictor,10,0,2,1,0.0296924859867431,0.0395899813156574,0.2379728108644485,0.1842685341835022,0.2379310727119445
uniform,sigma_uniform_dpm,"Sigma-space DPM-1, uniform t",DPM predictor,20,0,2,0,0.0587650709785521,0.0783534279714028,0.2428076118230819,0.2070468366146087,0.2978063821792602
uniform,sigma_uniform_dpm,"Sigma-space DPM-1, uniform t",DPM predictor,20,0,2,1,0.0594382099807262,0.0792509466409683,0.2663095593452453,0.1957975327968597,0.2879327535629272
uniform,sigma_uniform_dpm,"Sigma-space DPM-1, uniform t",DPM predictor,50,0,2,0,0.1478997300146147,0.1971996400194863,0.2333795875310897,0.1844311505556106,0.2503661513328552
uniform,sigma_uniform_dpm,"Sigma-space DPM-1, uniform t",DPM predictor,50,0,2,1,0.1521887519629672,0.2029183359506229,0.2643395066261291,0.1754404455423355,0.2676341533660888
uniform,sigma_log_dpm,"Sigma-space DPM-1, log sigma",DPM predictor,5,0,2,0,0.015651594963856,0.0208687932851413,0.3047704100608825,0.0728005617856979,0.2577345371246338
uniform,sigma_log_dpm,"Sigma-space DPM-1, log sigma",DPM predictor,5,0,2,1,0.0144733620109036,0.0192978160145382,0.2987270355224609,0.0732467100024223,0.2474871277809143
uniform,sigma_log_dpm,"Sigma-space DPM-1, log sigma",DPM predictor,10,0,2,0,0.0305509860045276,0.0407346480060368,0.2001728862524032,0.2278595566749572,0.2741194367408752
uniform,sigma_log_dpm,"Sigma-space DPM-1, log sigma",DPM predictor,10,0,2,1,0.030727380013559,0.0409698400180786,0.2464222311973571,0.1706030070781707,0.2455229759216308
uniform,sigma_log_dpm,"Sigma-space DPM-1, log sigma",DPM predictor,20,0,2,0,0.0624331760336644,0.0832442347115526,0.2477533668279647,0.2034672200679779,0.3266768455505371
uniform,sigma_log_dpm,"Sigma-space DPM-1, log sigma",DPM predictor,20,0,2,1,0.0601177589851431,0.0801570119801908,0.2705472409725189,0.1925051510334015,0.3088073134422302
uniform,sigma_log_dpm,"Sigma-space DPM-1, log sigma",DPM predictor,50,0,2,0,0.1493076889892108,0.1990769186522811,0.2352798879146576,0.1838956624269485,0.2609385251998901
uniform,sigma_log_dpm,"Sigma-space DPM-1, log sigma",DPM predictor,50,0,2,1,0.1520788729540072,0.2027718306053429,0.2660253345966339,0.1750125288963318,0.2776994109153747
uniform,dpm2_log,"DPM-2 + corrector, log sigma",Overall sampler,5,0,2,0,0.106029808986932,0.1413730786492427,0.1897437870502472,0.2132245898246765,0.2504022717475891
uniform,dpm2_log,"DPM-2 + corrector, log sigma",Overall sampler,5,0,2,1,0.1068338019540533,0.1424450692720711,0.2335769087076187,0.1880523711442947,0.2460131645202636
uniform,dpm2_log,"DPM-2 + corrector, log sigma",Overall sampler,10,0,2,0,0.1504375579534098,0.2005834106045464,0.1316571086645126,0.2529908418655395,0.224946916103363
uniform,dpm2_log,"DPM-2 + corrector, log sigma",Overall sampler,10,0,2,1,0.1501588780083693,0.2002118373444924,0.2007051706314087,0.192262053489685,0.2085428237915039
uniform,dpm2_log,"DPM-2 + corrector, log sigma",Overall sampler,20,0,2,0,0.251104975992348,0.334806634656464,0.1678964495658874,0.1881735473871231,0.1785656213760376
uniform,dpm2_log,"DPM-2 + corrector, log sigma",Overall sampler,20,0,2,1,0.2488526829984039,0.3318035773312052,0.1583652794361114,0.1579335927963256,0.1481978297233581
uniform,dpm2_log,"DPM-2 + corrector, log sigma",Overall sampler,50,0,2,0,0.5270750900381245,0.7027667867174993,0.0962136462330818,0.0919193997979164,0.0625468492507934
uniform,dpm2_log,"DPM-2 + corrector, log sigma",Overall sampler,50,0,2,1,0.5267103060032241,0.7022804080042988,0.1402355432510376,0.0820105001330375,0.0787992477416992
uniform,legacy_drift_euler,Legacy drift-only Euler,Euler update,5,0,2,0,0.0150944909546524,0.0201259879395365,0.2209376245737075,0.1365474909543991,12.26232624053955
uniform,legacy_drift_euler,Legacy drift-only Euler,Euler update,5,0,2,1,0.0137002149713225,0.0182669532950967,0.2177140116691589,0.1372580677270889,13.412115097045898
uniform,legacy_drift_euler,Legacy drift-only Euler,Euler update,10,0,2,0,0.0303802679991349,0.0405070239988466,0.1468929350376129,0.1398803740739822,11.109726905822754
uniform,legacy_drift_euler,Legacy drift-only Euler,Euler update,10,0,2,1,0.0295170039753429,0.0393560053004572,0.1648519188165664,0.1472983211278915,12.450165748596191
uniform,legacy_drift_euler,Legacy drift-only Euler,Euler update,20,0,2,0,0.0598094149609096,0.0797458866145461,0.1475159525871276,0.1555334776639938,12.040419578552246
uniform,legacy_drift_euler,Legacy drift-only Euler,Euler update,20,0,2,1,0.0602073479676619,0.0802764639568825,0.1563248038291931,0.1556406170129776,13.22712516784668
uniform,legacy_drift_euler,Legacy drift-only Euler,Euler update,50,0,2,0,0.1546034999773837,0.206137999969845,0.129702091217041,0.1644335240125656,16.166461944580078
uniform,legacy_drift_euler,Legacy drift-only Euler,Euler update,50,0,2,1,0.162726825044956,0.2169691000599414,0.1398974061012268,0.1652227491140365,16.34701156616211
uniform,em_uniform,"Euler--Maruyama, uniform t",Euler update,5,0,2,0,0.014384564012289,0.019179418683052,0.243356317281723,0.9908719062805176,3.330813407897949
uniform,em_uniform,"Euler--Maruyama, uniform t",Euler update,5,0,2,1,0.0151561489910818,0.0202081986547758,0.3531274497509002,0.9114692807197572,3.220290184020996
uniform,em_uniform,"Euler--Maruyama, uniform t",Euler update,10,0,2,0,0.0297301370301283,0.0396401827068378,0.161683514714241,0.5199328660964966,1.137807846069336
uniform,em_uniform,"Euler--Maruyama, uniform t",Euler update,10,0,2,1,0.0298346939962357,0.0397795919949809,0.2061438560485839,0.4430789351463318,1.166217565536499
uniform,em_uniform,"Euler--Maruyama, uniform t",Euler update,20,0,2,0,0.0602688579820096,0.0803584773093462,0.162090316414833,0.366858571767807,0.6266025900840759
uniform,em_uniform,"Euler--Maruyama, uniform t",Euler update,20,0,2,1,0.062215908023063,0.0829545440307508,0.1818383485078811,0.3317718505859375,0.6123442649841309
uniform,em_uniform,"Euler--Maruyama, uniform t",Euler update,50,0,2,0,0.1723979079979472,0.2298638773305962,0.1199282109737396,0.2168568819761276,0.2525712251663208
uniform,em_uniform,"Euler--Maruyama, uniform t",Euler update,50,0,2,1,0.1650845989934168,0.2201127986578891,0.1856271028518676,0.1855156868696212,0.2322496771812439
uniform,em_log,"Euler--Maruyama, log sigma",Euler update,5,0,2,0,0.0157988650025799,0.0210651533367733,0.2630928456783294,1.6805464029312134,4.300743579864502
uniform,em_log,"Euler--Maruyama, log sigma",Euler update,5,0,2,1,0.0143110479693859,0.0190813972925146,0.321298211812973,1.463823914527893,4.054673194885254
uniform,em_log,"Euler--Maruyama, log sigma",Euler update,10,0,2,0,0.030674994981382,0.0408999933085093,0.1338411420583725,0.4911575019359588,0.6918324828147888
uniform,em_log,"Euler--Maruyama, log sigma",Euler update,10,0,2,1,0.0309415189549326,0.0412553586065769,0.2035489827394485,0.4707754850387573,0.7029706239700317
uniform,em_log,"Euler--Maruyama, log sigma",Euler update,20,0,2,0,0.0611171260243281,0.0814895013657708,0.1564458608627319,0.2684068083763122,0.2928709983825683
uniform,em_log,"Euler--Maruyama, log sigma",Euler update,20,0,2,1,0.0607635889900848,0.0810181186534464,0.1356755197048187,0.2577035427093506,0.2782232165336609
uniform,em_log,"Euler--Maruyama, log sigma",Euler update,50,0,2,0,0.15339704597136,0.20452939462848,0.1213226094841957,0.1695528030395507,0.1399096846580505
uniform,em_log,"Euler--Maruyama, log sigma",Euler update,50,0,2,1,0.1530478690401651,0.2040638253868868,0.1704710721969604,0.1528984606266021,0.1510251760482788
uniform,legacy_time_dpm,Legacy time-space DPM-1,DPM predictor,5,0,3,0,0.0135388619964942,0.0180518159953256,1.3240714073181152,0.1807407885789871,3.995067834854126
uniform,legacy_time_dpm,Legacy time-space DPM-1,DPM predictor,5,0,3,1,0.0152283849893137,0.020304513319085,1.3049027919769287,0.1950578391551971,3.753008365631104
uniform,legacy_time_dpm,Legacy time-space DPM-1,DPM predictor,10,0,3,0,0.0285525100189261,0.0380700133585681,1.1763023138046265,0.2964673638343811,3.1581525802612305
uniform,legacy_time_dpm,Legacy time-space DPM-1,DPM predictor,10,0,3,1,0.0292318450519815,0.038975793402642,1.2077009677886963,0.2662299871444702,3.3459253311157227
uniform,legacy_time_dpm,Legacy time-space DPM-1,DPM predictor,20,0,3,0,0.0583313179668039,0.0777750906224052,1.2368580102920532,0.3181980550289154,3.3883092403411865
uniform,legacy_time_dpm,Legacy time-space DPM-1,DPM predictor,20,0,3,1,0.0578188350191339,0.0770917800255119,1.200753927230835,0.3276124894618988,3.3320701122283936
uniform,legacy_time_dpm,Legacy time-space DPM-1,DPM predictor,50,0,3,0,0.1454395649489015,0.1939194199318687,1.146573543548584,0.2926931977272033,3.023958683013916
uniform,legacy_time_dpm,Legacy time-space DPM-1,DPM predictor,50,0,3,1,0.1469324300414882,0.1959099067219843,1.183521032333374,0.3116601109504699,3.10305118560791
uniform,sigma_uniform_dpm,"Sigma-space DPM-1, uniform t",DPM predictor,5,0,3,0,0.0141904769698157,0.0189206359597543,1.2640622854232788,0.1696196645498275,3.426657199859619
uniform,sigma_uniform_dpm,"Sigma-space DPM-1, uniform t",DPM predictor,5,0,3,1,0.0150647310074418,0.0200863080099225,1.244942307472229,0.1902471035718917,3.2395153045654297
uniform,sigma_uniform_dpm,"Sigma-space DPM-1, uniform t",DPM predictor,10,0,3,0,0.028354128007777,0.0378055040103693,1.0941731929779053,0.2398295253515243,2.569822072982788
uniform,sigma_uniform_dpm,"Sigma-space DPM-1, uniform t",DPM predictor,10,0,3,1,0.0291976600419729,0.0389302133892973,1.123114824295044,0.2109958827495575,2.7405848503112797
uniform,sigma_uniform_dpm,"Sigma-space DPM-1, uniform t",DPM predictor,20,0,3,0,0.0598741919966414,0.0798322559955219,1.1640865802764893,0.2629646360874176,2.890690565109253
uniform,sigma_uniform_dpm,"Sigma-space DPM-1, uniform t",DPM predictor,20,0,3,1,0.0594571130350232,0.0792761507133642,1.129102110862732,0.2698526084423065,2.810920000076294
uniform,sigma_uniform_dpm,"Sigma-space DPM-1, uniform t",DPM predictor,50,0,3,0,0.150120498961769,0.2001606652823587,1.1017999649047852,0.2541854083538055,2.717592239379883
uniform,sigma_uniform_dpm,"Sigma-space DPM-1, uniform t",DPM predictor,50,0,3,1,0.1595047500450164,0.2126730000600218,1.1372642517089844,0.2731798887252807,2.80033802986145
uniform,sigma_log_dpm,"Sigma-space DPM-1, log sigma",DPM predictor,5,0,3,0,0.0149957239627838,0.019994298617045,1.262891173362732,0.1336839497089386,3.644245862960816
uniform,sigma_log_dpm,"Sigma-space DPM-1, log sigma",DPM predictor,5,0,3,1,0.0172094259760342,0.022945901301379,1.2446445226669312,0.1471791565418243,3.423502206802368
uniform,sigma_log_dpm,"Sigma-space DPM-1, log sigma",DPM predictor,10,0,3,0,0.0300962160108611,0.0401282880144814,1.11198890209198,0.2270044237375259,2.7368569374084477
uniform,sigma_log_dpm,"Sigma-space DPM-1, log sigma",DPM predictor,10,0,3,1,0.0316533909644931,0.0422045212859908,1.1407920122146606,0.200313851237297,2.915900468826294
uniform,sigma_log_dpm,"Sigma-space DPM-1, log sigma",DPM predictor,20,0,3,0,0.0623686779872514,0.0831582373163352,1.1763991117477417,0.2592074275016784,2.996998071670532
uniform,sigma_log_dpm,"Sigma-space DPM-1, log sigma",DPM predictor,20,0,3,1,0.0619001590530388,0.0825335454040517,1.1418465375900269,0.2662723958492279,2.923601627349853
uniform,sigma_log_dpm,"Sigma-space DPM-1, log sigma",DPM predictor,50,0,3,0,0.1541963529889471,0.2055951373185962,1.1079347133636477,0.2538889348506927,2.768638134002685
uniform,sigma_log_dpm,"Sigma-space DPM-1, log sigma",DPM predictor,50,0,3,1,0.155112408043351,0.2068165440578013,1.143369436264038,0.2723022103309631,2.848618268966675
uniform,dpm2_log,"DPM-2 + corrector, log sigma",Overall sampler,5,0,3,0,0.1099251160048879,0.1465668213398506,0.8414129018783569,0.2949325144290924,1.6831198930740356
uniform,dpm2_log,"DPM-2 + corrector, log sigma",Overall sampler,5,0,3,1,0.1063779490068554,0.1418372653424739,0.8908416032791138,0.2763870358467102,1.815973281860352
uniform,dpm2_log,"DPM-2 + corrector, log sigma",Overall sampler,10,0,3,0,0.1505884659709409,0.2007846212945878,0.901130199432373,0.2753255069255829,1.7953426837921145
uniform,dpm2_log,"DPM-2 + corrector, log sigma",Overall sampler,10,0,3,1,0.1513432459905743,0.2017909946540991,0.917077660560608,0.2402222007513046,1.9336504936218264
uniform,dpm2_log,"DPM-2 + corrector, log sigma",Overall sampler,20,0,3,0,0.2409940189681947,0.3213253586242596,0.8275529742240906,0.2605645358562469,1.5320427417755127
uniform,dpm2_log,"DPM-2 + corrector, log sigma",Overall sampler,20,0,3,1,0.2376686070347204,0.316891476046294,0.8216942548751831,0.2188553512096405,1.5346189737319946
uniform,dpm2_log,"DPM-2 + corrector, log sigma",Overall sampler,50,0,3,0,0.5251623259973712,0.7002164346631616,0.6497831344604492,0.1178654283285141,0.9741895794868468
uniform,dpm2_log,"DPM-2 + corrector, log sigma",Overall sampler,50,0,3,1,0.5247731999843381,0.6996975999791175,0.63664710521698,0.1308834552764892,0.932977557182312
uniform,legacy_drift_euler,Legacy drift-only Euler,Euler update,5,0,3,0,0.0146342170191928,0.0195122893589238,1.1096700429916382,0.1321472078561782,7.549472808837891
uniform,legacy_drift_euler,Legacy drift-only Euler,Euler update,5,0,3,1,0.0136678550043143,0.0182238066724191,1.100918173789978,0.1282290369272232,7.393596649169922
uniform,legacy_drift_euler,Legacy drift-only Euler,Euler update,10,0,3,0,0.029515457979869,0.0393539439731588,0.8943595886230469,0.1456865817308426,7.488377094268799
uniform,legacy_drift_euler,Legacy drift-only Euler,Euler update,10,0,3,1,0.0299132440122775,0.0398843253497034,0.9047536849975586,0.1491927206516266,7.973361492156982
uniform,legacy_drift_euler,Legacy drift-only Euler,Euler update,20,0,3,0,0.0598553150193765,0.0798070866925021,0.8303403854370117,0.1539492905139923,8.2638521194458
uniform,legacy_drift_euler,Legacy drift-only Euler,Euler update,20,0,3,1,0.0602405759855173,0.0803207679806898,0.8186817765235901,0.1547811180353164,7.891786098480225
uniform,legacy_drift_euler,Legacy drift-only Euler,Euler update,50,0,3,0,0.1568488649791106,0.2091318199721475,0.7448936700820923,0.1633863896131515,8.800390243530273
uniform,legacy_drift_euler,Legacy drift-only Euler,Euler update,50,0,3,1,0.1518291020183824,0.2024388026911765,0.7554799914360046,0.1613598465919494,9.171655654907228
uniform,em_uniform,"Euler--Maruyama, uniform t",Euler update,5,0,3,0,0.0143531439825892,0.0191375253101189,1.1347887516021729,1.051649570465088,5.340980529785156
uniform,em_uniform,"Euler--Maruyama, uniform t",Euler update,5,0,3,1,0.0144857370178215,0.019314316023762,1.186542510986328,1.0474600791931152,5.5586652755737305
uniform,em_uniform,"Euler--Maruyama, uniform t",Euler update,10,0,3,0,0.0290786569821648,0.0387715426428864,0.9329743981361388,0.5424111485481262,2.704946517944336
uniform,em_uniform,"Euler--Maruyama, uniform t",Euler update,10,0,3,1,0.0295785990310832,0.0394381320414443,0.9388517141342164,0.5452356338500977,2.8999197483062744
uniform,em_uniform,"Euler--Maruyama, uniform t",Euler update,20,0,3,0,0.059955873992294,0.0799411653230587,0.8439233899116516,0.4458945691585541,2.051270008087158
uniform,em_uniform,"Euler--Maruyama, uniform t",Euler update,20,0,3,1,0.0600098459981381,0.0800131279975175,0.8561261296272278,0.3892291784286499,2.0462801456451416
uniform,em_uniform,"Euler--Maruyama, uniform t",Euler update,50,0,3,0,0.1530910760047845,0.204121434673046,0.7975407838821411,0.2807003259658813,1.632279872894287
uniform,em_uniform,"Euler--Maruyama, uniform t",Euler update,50,0,3,1,0.1574095989926718,0.2098794653235624,0.7921640872955322,0.2438538074493408,1.5750203132629397
uniform,em_log,"Euler--Maruyama, log sigma",Euler update,5,0,3,0,0.0144823569571599,0.0193098092762132,1.1234651803970337,1.6855605840682983,6.5500078201293945
uniform,em_log,"Euler--Maruyama, log sigma",Euler update,5,0,3,1,0.0155697980080731,0.0207597306774308,1.1678729057312012,1.933887600898743,7.308326721191406
uniform,em_log,"Euler--Maruyama, log sigma",Euler update,10,0,3,0,0.0296948950272053,0.0395931933696071,0.9017579555511476,0.5469931364059448,2.2888941764831543
uniform,em_log,"Euler--Maruyama, log sigma",Euler update,10,0,3,1,0.0299183339811861,0.0398911119749148,0.8935120701789856,0.5607309341430664,2.4396681785583496
uniform,em_log,"Euler--Maruyama, log sigma",Euler update,20,0,3,0,0.059368583955802,0.0791581119410693,0.768480122089386,0.3854764401912689,1.5777192115783691
uniform,em_log,"Euler--Maruyama, log sigma",Euler update,20,0,3,1,0.059310381009709,0.0790805080129454,0.7681933045387268,0.3189243972301483,1.5180834531784058
uniform,em_log,"Euler--Maruyama, log sigma",Euler update,50,0,3,0,0.1521062140236608,0.2028082853648811,0.7560036182403564,0.2087763994932174,1.3561818599700928
uniform,em_log,"Euler--Maruyama, log sigma",Euler update,50,0,3,1,0.1560999540379271,0.2081332720505694,0.7515292763710022,0.2153593152761459,1.333398938179016
uniform,legacy_time_dpm,Legacy time-space DPM-1,DPM predictor,5,1,0,0,0.014979637984652,0.0199728506462027,0.2496770471334457,0.1520721316337585,0.5782002806663513
uniform,legacy_time_dpm,Legacy time-space DPM-1,DPM predictor,5,1,0,1,0.0143672470003366,0.0191563293337821,0.2497738599777221,0.1648702770471573,0.560272753238678
uniform,legacy_time_dpm,Legacy time-space DPM-1,DPM predictor,10,1,0,0,0.0282095120055601,0.0376126826740801,0.2596221268177032,0.2545047700405121,0.7818511724472046
uniform,legacy_time_dpm,Legacy time-space DPM-1,DPM predictor,10,1,0,1,0.0307424779748544,0.0409899706331392,0.2395389974117279,0.2507748305797577,0.6587084531784058
uniform,legacy_time_dpm,Legacy time-space DPM-1,DPM predictor,20,1,0,0,0.0577560980455018,0.0770081307273358,0.2546930313110351,0.2676341831684112,0.6750490069389343
uniform,legacy_time_dpm,Legacy time-space DPM-1,DPM predictor,20,1,0,1,0.0567094740108586,0.0756126320144782,0.2231359183788299,0.2802601158618927,0.6962267756462097
uniform,legacy_time_dpm,Legacy time-space DPM-1,DPM predictor,50,1,0,0,0.1437183360103517,0.1916244480138023,0.2547059059143066,0.3310858309268951,0.703727662563324
uniform,legacy_time_dpm,Legacy time-space DPM-1,DPM predictor,50,1,0,1,0.1449807540047913,0.1933076720063885,0.211463987827301,0.2609671652317047,0.569036066532135
uniform,sigma_uniform_dpm,"Sigma-space DPM-1, uniform t",DPM predictor,5,1,0,0,0.0145204929867759,0.0193606573157012,0.2081222981214523,0.1441170573234558,0.3776359558105469
uniform,sigma_uniform_dpm,"Sigma-space DPM-1, uniform t",DPM predictor,5,1,0,1,0.0149359650094993,0.0199146200126657,0.2100863754749298,0.1585892438888549,0.3927009105682373
uniform,sigma_uniform_dpm,"Sigma-space DPM-1, uniform t",DPM predictor,10,1,0,0,0.0316335190436802,0.0421780253915737,0.2132414579391479,0.1997490376234054,0.4399243593215942
uniform,sigma_uniform_dpm,"Sigma-space DPM-1, uniform t",DPM predictor,10,1,0,1,0.0302051450125873,0.0402735266834497,0.2001804113388061,0.1987290829420089,0.3791148662567138
uniform,sigma_uniform_dpm,"Sigma-space DPM-1, uniform t",DPM predictor,20,1,0,0,0.0616334619699046,0.0821779492932061,0.2253029495477676,0.2173784673213958,0.4441450834274292
uniform,sigma_uniform_dpm,"Sigma-space DPM-1, uniform t",DPM predictor,20,1,0,1,0.0612497449619695,0.0816663266159594,0.1928437650203704,0.2281054109334945,0.4372508525848388
uniform,sigma_uniform_dpm,"Sigma-space DPM-1, uniform t",DPM predictor,50,1,0,0,0.149722604022827,0.1996301386971026,0.2377048134803772,0.2922875583171844,0.548633873462677
uniform,sigma_uniform_dpm,"Sigma-space DPM-1, uniform t",DPM predictor,50,1,0,1,0.1528938470291905,0.2038584627055873,0.1955370754003524,0.2261306196451187,0.4249261617660522
uniform,sigma_log_dpm,"Sigma-space DPM-1, log sigma",DPM predictor,5,1,0,0,0.0171362120308913,0.0228482827078551,0.2436397671699524,0.1076948195695877,0.4783161282539367
uniform,sigma_log_dpm,"Sigma-space DPM-1, log sigma",DPM predictor,5,1,0,1,0.0147760619875043,0.0197014159833391,0.244483932852745,0.1195183098316192,0.4726530909538269
uniform,sigma_log_dpm,"Sigma-space DPM-1, log sigma",DPM predictor,10,1,0,0,0.0324742469820193,0.0432989959760258,0.2356223613023758,0.1912759095430374,0.5442085266113281
uniform,sigma_log_dpm,"Sigma-space DPM-1, log sigma",DPM predictor,10,1,0,1,0.0323293449473567,0.0431057932631423,0.2195034027099609,0.1893073469400406,0.4574077725410461
uniform,sigma_log_dpm,"Sigma-space DPM-1, log sigma",DPM predictor,20,1,0,0,0.0650499609764665,0.0867332813019553,0.2351555079221725,0.2148728668689727,0.4947628378868103
uniform,sigma_log_dpm,"Sigma-space DPM-1, log sigma",DPM predictor,20,1,0,1,0.0639629740035161,0.0852839653380215,0.2039824277162552,0.2257617563009262,0.4956374764442444
uniform,sigma_log_dpm,"Sigma-space DPM-1, log sigma",DPM predictor,50,1,0,0,0.1584935989812947,0.2113247986417263,0.2415805906057357,0.2916867434978485,0.5733345150947571
uniform,sigma_log_dpm,"Sigma-space DPM-1, log sigma",DPM predictor,50,1,0,1,0.1561770940315909,0.2082361253754546,0.1996525973081588,0.225866824388504,0.4493497610092163
uniform,dpm2_log,"DPM-2 + corrector, log sigma",Overall sampler,5,1,0,0,0.1081223980290815,0.1441631973721087,0.098394751548767,0.238198310136795,0.250610888004303
uniform,dpm2_log,"DPM-2 + corrector, log sigma",Overall sampler,5,1,0,1,0.1064296379918232,0.1419061839890976,0.1356658786535263,0.2583565711975097,0.2958874106407165
uniform,dpm2_log,"DPM-2 + corrector, log sigma",Overall sampler,10,1,0,0,0.1509614689857699,0.2012819586476932,0.1752831041812896,0.2441907823085785,0.3743125200271606
uniform,dpm2_log,"DPM-2 + corrector, log sigma",Overall sampler,10,1,0,1,0.1568274050368927,0.209103206715857,0.1700079888105392,0.2039661556482315,0.2969645261764526
uniform,dpm2_log,"DPM-2 + corrector, log sigma",Overall sampler,20,1,0,0,0.2488345610327087,0.3317794147102783,0.1462520360946655,0.1854219883680343,0.1901038885116577
uniform,dpm2_log,"DPM-2 + corrector, log sigma",Overall sampler,20,1,0,1,0.2517386660329066,0.3356515547105421,0.1183881685137748,0.2270272076129913,0.2304939031600952
uniform,dpm2_log,"DPM-2 + corrector, log sigma",Overall sampler,50,1,0,0,0.531202596030198,0.708270128040264,0.0744949504733085,0.1387116312980651,0.0969979763031005
uniform,dpm2_log,"DPM-2 + corrector, log sigma",Overall sampler,50,1,0,1,0.538806841999758,0.718409122666344,0.0836093127727508,0.1294972002506256,0.090652585029602
uniform,legacy_drift_euler,Legacy drift-only Euler,Euler update,5,1,0,0,0.0151657499955035,0.0202209999940047,0.1440331041812896,0.1304503679275512,4.696634769439697
uniform,legacy_drift_euler,Legacy drift-only Euler,Euler update,5,1,0,1,0.0152547929901629,0.0203397239868839,0.1464129835367202,0.1276937574148178,5.098201274871826
uniform,legacy_drift_euler,Legacy drift-only Euler,Euler update,10,1,0,0,0.0296862890245392,0.0395817186993857,0.1208358705043792,0.1418754756450653,5.692955493927002
uniform,legacy_drift_euler,Legacy drift-only Euler,Euler update,10,1,0,1,0.0312968490179628,0.0417291320239504,0.117764338850975,0.1421911269426345,5.99555253982544
uniform,legacy_drift_euler,Legacy drift-only Euler,Euler update,20,1,0,0,0.0628624859964475,0.0838166479952633,0.1142553389072418,0.1503420025110244,7.271307945251465
uniform,legacy_drift_euler,Legacy drift-only Euler,Euler update,20,1,0,1,0.0632287880289368,0.0843050507052491,0.0999106094241142,0.1491389125585556,6.483058929443359
uniform,legacy_drift_euler,Legacy drift-only Euler,Euler update,50,1,0,0,0.1548324950272217,0.2064433267029623,0.1087862327694892,0.1501575112342834,8.1231107711792
uniform,legacy_drift_euler,Legacy drift-only Euler,Euler update,50,1,0,1,0.1548024819931015,0.2064033093241354,0.0935754999518394,0.1569614261388778,7.911557197570801
uniform,em_uniform,"Euler--Maruyama, uniform t",Euler update,5,1,0,0,0.0154908830299973,0.0206545107066631,0.1100004687905311,0.9241349697113036,3.0373544692993164
uniform,em_uniform,"Euler--Maruyama, uniform t",Euler update,5,1,0,1,0.0145847550011239,0.0194463400014986,0.1838188916444778,1.050701141357422,3.371600389480591
uniform,em_uniform,"Euler--Maruyama, uniform t",Euler update,10,1,0,0,0.0314183040172793,0.041891072023039,0.1892332881689071,0.562027633190155,1.446300029754639
uniform,em_uniform,"Euler--Maruyama, uniform t",Euler update,10,1,0,1,0.0300688670249655,0.0400918226999541,0.1862009018659591,0.428745299577713,1.1601853370666504
uniform,em_uniform,"Euler--Maruyama, uniform t",Euler update,20,1,0,0,0.0620578160160221,0.0827437546880294,0.1506587266921997,0.3568640053272247,0.6281618475914001
uniform,em_uniform,"Euler--Maruyama, uniform t",Euler update,20,1,0,1,0.0635013620485551,0.0846684827314068,0.1178832277655601,0.3839937448501587,0.6847058534622192
uniform,em_uniform,"Euler--Maruyama, uniform t",Euler update,50,1,0,0,0.1737144069629721,0.2316192092839628,0.1035924181342125,0.2611168622970581,0.3073610067367553
uniform,em_uniform,"Euler--Maruyama, uniform t",Euler update,50,1,0,1,0.1566762110451236,0.2089016147268315,0.0768026039004325,0.2697609364986419,0.3250586986541748
uniform,em_log,"Euler--Maruyama, log sigma",Euler update,5,1,0,0,0.0158977010287344,0.0211969347049792,0.159267172217369,1.488716959953308,3.6990292072296143
uniform,em_log,"Euler--Maruyama, log sigma",Euler update,5,1,0,1,0.0160963399684987,0.021461786624665,0.2106868028640747,1.603682279586792,4.181990146636963
uniform,em_log,"Euler--Maruyama, log sigma",Euler update,10,1,0,0,0.0321490819915197,0.0428654426553597,0.16819728910923,0.5279552936553955,0.8716434836387634
uniform,em_log,"Euler--Maruyama, log sigma",Euler update,10,1,0,1,0.0306418070103973,0.0408557426805297,0.1632166355848312,0.4305596053600311,0.6911262273788452
uniform,em_log,"Euler--Maruyama, log sigma",Euler update,20,1,0,0,0.0636819280334748,0.0849092373779664,0.1397204101085662,0.2874453365802765,0.3239576816558838
uniform,em_log,"Euler--Maruyama, log sigma",Euler update,20,1,0,1,0.0629913819720968,0.0839885092961291,0.1148526296019554,0.3249185383319855,0.3566025495529175
uniform,em_log,"Euler--Maruyama, log sigma",Euler update,50,1,0,0,0.1568901319988072,0.2091868426650762,0.1006568893790245,0.2344747185707092,0.2200891971588134
uniform,em_log,"Euler--Maruyama, log sigma",Euler update,50,1,0,1,0.1569370650104247,0.2092494200138996,0.0936491936445236,0.210480585694313,0.1799662709236145
uniform,legacy_time_dpm,Legacy time-space DPM-1,DPM predictor,5,1,1,0,0.0144307789742015,0.0192410386322687,0.4502657353878021,0.1773990988731384,1.9160404205322263
uniform,legacy_time_dpm,Legacy time-space DPM-1,DPM predictor,5,1,1,1,0.0135303760180249,0.0180405013573666,0.4504970908164978,0.1910579353570938,1.9536144733428955
uniform,legacy_time_dpm,Legacy time-space DPM-1,DPM predictor,10,1,1,0,0.0297225969843566,0.0396301293124755,0.4245031177997589,0.2469534277915954,1.8272697925567627
uniform,legacy_time_dpm,Legacy time-space DPM-1,DPM predictor,10,1,1,1,0.0292422120110131,0.0389896160146842,0.408835768699646,0.2173466682434082,1.6820666790008545
uniform,legacy_time_dpm,Legacy time-space DPM-1,DPM predictor,20,1,1,0,0.0593674730043858,0.0791566306725144,0.3575362861156463,0.3173317313194275,1.5164413452148438
uniform,legacy_time_dpm,Legacy time-space DPM-1,DPM predictor,20,1,1,1,0.0594256670447066,0.0792342227262755,0.3837300539016723,0.2780368626117706,1.6101503372192385
uniform,legacy_time_dpm,Legacy time-space DPM-1,DPM predictor,50,1,1,0,0.1515799169428646,0.2021065559238195,0.3649448156356811,0.2728335559368133,1.489079475402832
uniform,legacy_time_dpm,Legacy time-space DPM-1,DPM predictor,50,1,1,1,0.1527810259722173,0.203708034629623,0.3693439066410064,0.2738243341445923,1.5166183710098269
uniform,sigma_uniform_dpm,"Sigma-space DPM-1, uniform t",DPM predictor,5,1,1,0,0.0143591100350022,0.0191454800466696,0.3514289855957031,0.1611035466194152,1.2767270803451538
uniform,sigma_uniform_dpm,"Sigma-space DPM-1, uniform t",DPM predictor,5,1,1,1,0.0158164710155688,0.0210886280207584,0.3507620394229889,0.173552930355072,1.2879858016967771
uniform,sigma_uniform_dpm,"Sigma-space DPM-1, uniform t",DPM predictor,10,1,1,0,0.0302291790139861,0.0403055720186481,0.327221155166626,0.1893480271100998,1.1481804847717283
uniform,sigma_uniform_dpm,"Sigma-space DPM-1, uniform t",DPM predictor,10,1,1,1,0.0311090399627573,0.0414787199503431,0.3147302865982055,0.1628388166427612,1.058774709701538
uniform,sigma_uniform_dpm,"Sigma-space DPM-1, uniform t",DPM predictor,20,1,1,0,0.062156597035937,0.0828754627145826,0.2955629527568817,0.2595916986465454,1.053005337715149
uniform,sigma_uniform_dpm,"Sigma-space DPM-1, uniform t",DPM predictor,20,1,1,1,0.0623558799852617,0.0831411733136822,0.3161064684391022,0.2229654490947723,1.130259990692139
uniform,sigma_uniform_dpm,"Sigma-space DPM-1, uniform t",DPM predictor,50,1,1,0,0.1566174589679576,0.2088232786239435,0.3258416652679443,0.2345130145549774,1.1927915811538696
uniform,sigma_uniform_dpm,"Sigma-space DPM-1, uniform t",DPM predictor,50,1,1,1,0.15601355797844,0.2080180773045867,0.3299822211265564,0.2358098775148391,1.217292547225952
uniform,sigma_log_dpm,"Sigma-space DPM-1, log sigma",DPM predictor,5,1,1,0,0.0165646619861945,0.0220862159815927,0.4247985184192657,0.1274700164794922,1.701857328414917
uniform,sigma_log_dpm,"Sigma-space DPM-1, log sigma",DPM predictor,5,1,1,1,0.0161741420160979,0.0215655226881305,0.4245714843273163,0.1407216340303421,1.718217134475708
uniform,sigma_log_dpm,"Sigma-space DPM-1, log sigma",DPM predictor,10,1,1,0,0.0312646050006151,0.0416861400008201,0.3755757510662079,0.1824135929346084,1.4246772527694702
uniform,sigma_log_dpm,"Sigma-space DPM-1, log sigma",DPM predictor,10,1,1,1,0.0316320079728029,0.0421760106304039,0.3620714247226715,0.1565838307142257,1.317516565322876
uniform,sigma_log_dpm,"Sigma-space DPM-1, log sigma",DPM predictor,20,1,1,0,0.0631527010118588,0.0842036013491451,0.3197572827339172,0.2570957839488983,1.1885768175125122
uniform,sigma_log_dpm,"Sigma-space DPM-1, log sigma",DPM predictor,20,1,1,1,0.0626130679738707,0.0834840906318277,0.3420629203319549,0.2212563604116439,1.2756285667419434
uniform,sigma_log_dpm,"Sigma-space DPM-1, log sigma",DPM predictor,50,1,1,0,0.156243022007402,0.2083240293432027,0.3368558287620544,0.2347804754972458,1.259464144706726
uniform,sigma_log_dpm,"Sigma-space DPM-1, log sigma",DPM predictor,50,1,1,1,0.1533208669861778,0.2044278226482371,0.3409660160541534,0.2360136806964874,1.2843070030212402
uniform,dpm2_log,"DPM-2 + corrector, log sigma",Overall sampler,5,1,1,0,0.1136259909835644,0.1515013213114192,0.1789146214723587,0.2742152512073517,0.5493655204772949
uniform,dpm2_log,"DPM-2 + corrector, log sigma",Overall sampler,5,1,1,1,0.1218099989928305,0.1624133319904407,0.1698511242866516,0.2365592271089553,0.4876596927642822
uniform,dpm2_log,"DPM-2 + corrector, log sigma",Overall sampler,10,1,1,0,0.164536839001812,0.219382452002416,0.2134595662355423,0.2274859100580215,0.6157284379005432
uniform,dpm2_log,"DPM-2 + corrector, log sigma",Overall sampler,10,1,1,1,0.1589068849571049,0.2118758466094732,0.2150581032037735,0.2473151087760925,0.6436991095542908
uniform,dpm2_log,"DPM-2 + corrector, log sigma",Overall sampler,20,1,1,0,0.2490029860055074,0.3320039813406765,0.1526403725147247,0.2049784660339355,0.3873021602630615
uniform,dpm2_log,"DPM-2 + corrector, log sigma",Overall sampler,20,1,1,1,0.2439005000051111,0.3252006666734814,0.1462111622095108,0.2012822926044464,0.3637092113494873
uniform,dpm2_log,"DPM-2 + corrector, log sigma",Overall sampler,50,1,1,0,0.522817584045697,0.6970901120609293,0.0937311798334121,0.1087432354688644,0.1588740348815918
uniform,dpm2_log,"DPM-2 + corrector, log sigma",Overall sampler,50,1,1,1,0.5194440410123207,0.6925920546830943,0.098330058157444,0.112746961414814,0.1455087661743164
uniform,legacy_drift_euler,Legacy drift-only Euler,Euler update,5,1,1,0,0.0154660010011866,0.0206213346682488,0.2072542756795883,0.1292784810066223,4.41148567199707
uniform,legacy_drift_euler,Legacy drift-only Euler,Euler update,5,1,1,1,0.0155223140027374,0.0206964186703165,0.2071263045072555,0.1271708011627197,3.956806182861328
uniform,legacy_drift_euler,Legacy drift-only Euler,Euler update,10,1,1,0,0.0292415499570779,0.0389887332761039,0.1487569957971573,0.1476078480482101,6.987961292266846
uniform,legacy_drift_euler,Legacy drift-only Euler,Euler update,10,1,1,1,0.0308407429838553,0.0411209906451404,0.1465247720479965,0.1511654555797577,7.423357963562012
uniform,legacy_drift_euler,Legacy drift-only Euler,Euler update,20,1,1,0,0.0613082879572175,0.0817443839429567,0.122289128601551,0.1516357958316803,7.780750274658203
uniform,legacy_drift_euler,Legacy drift-only Euler,Euler update,20,1,1,1,0.0607793779927305,0.0810391706569741,0.1255827695131302,0.1551442891359329,8.358254432678223
uniform,legacy_drift_euler,Legacy drift-only Euler,Euler update,50,1,1,0,0.1548457960016094,0.2064610613354792,0.1141056343913078,0.1616923809051513,9.606029510498049
uniform,legacy_drift_euler,Legacy drift-only Euler,Euler update,50,1,1,1,0.1589169600047171,0.2118892800062894,0.1143299862742424,0.1613255888223648,9.331008911132812
uniform,em_uniform,"Euler--Maruyama, uniform t",Euler update,5,1,1,0,0.0157793120015412,0.0210390826687216,0.2926194071769714,0.9491053223609924,3.7304511070251465
uniform,em_uniform,"Euler--Maruyama, uniform t",Euler update,5,1,1,1,0.0144978199969045,0.0193304266625394,0.2609400153160095,0.9095706343650818,3.669938087463379
uniform,em_uniform,"Euler--Maruyama, uniform t",Euler update,10,1,1,0,0.0316117060137912,0.0421489413517216,0.1972736865282058,0.5048901438713074,1.4564799070358276
uniform,em_uniform,"Euler--Maruyama, uniform t",Euler update,10,1,1,1,0.0309508690261282,0.0412678253681709,0.1951919347047805,0.5498685836791992,1.4467179775238037
uniform,em_uniform,"Euler--Maruyama, uniform t",Euler update,20,1,1,0,0.0644438510062173,0.0859251346749564,0.1308143436908722,0.3712906539440155,0.7473269104957581
uniform,em_uniform,"Euler--Maruyama, uniform t",Euler update,20,1,1,1,0.0646160619799047,0.0861547493065397,0.137326955795288,0.306440532207489,0.6816553473472595
uniform,em_uniform,"Euler--Maruyama, uniform t",Euler update,50,1,1,0,0.1561858659842983,0.2082478213123977,0.1354041099548339,0.2763866484165191,0.4709192514419555
uniform,em_uniform,"Euler--Maruyama, uniform t",Euler update,50,1,1,1,0.1656097680097445,0.2208130240129927,0.1324066966772079,0.2585398554801941,0.4433962106704712
uniform,em_log,"Euler--Maruyama, log sigma",Euler update,5,1,1,0,0.0165434050140902,0.0220578733521203,0.2887983322143554,1.359343647956848,4.435823917388916
uniform,em_log,"Euler--Maruyama, log sigma",Euler update,5,1,1,1,0.0165411939960904,0.0220549253281205,0.3209422528743744,1.4017127752304075,4.379246711730957
uniform,em_log,"Euler--Maruyama, log sigma",Euler update,10,1,1,0,0.0318089270149357,0.042411902686581,0.160415917634964,0.4908055067062378,0.9430331587791444
uniform,em_log,"Euler--Maruyama, log sigma",Euler update,10,1,1,1,0.0342052530031651,0.0456070040042201,0.1738111227750778,0.5536801815032959,1.0166842937469482
uniform,em_log,"Euler--Maruyama, log sigma",Euler update,20,1,1,0,0.0622649239958263,0.0830198986611018,0.1346129924058914,0.2903977632522583,0.4677103757858276
uniform,em_log,"Euler--Maruyama, log sigma",Euler update,20,1,1,1,0.0636207580100745,0.084827677346766,0.1163053661584854,0.2952901721000671,0.4269574880599975
uniform,em_log,"Euler--Maruyama, log sigma",Euler update,50,1,1,0,0.1591366680222563,0.2121822240296751,0.1225825399160385,0.1722184270620346,0.2753844857215881
uniform,em_log,"Euler--Maruyama, log sigma",Euler update,50,1,1,1,0.1639734089840203,0.2186312119786938,0.1226014792919159,0.1902120560407638,0.2880552411079407
uniform,legacy_time_dpm,Legacy time-space DPM-1,DPM predictor,5,1,2,0,0.0138081359909847,0.0184108479879796,0.3301090896129608,0.1367127150297165,0.3363203406333923
uniform,legacy_time_dpm,Legacy time-space DPM-1,DPM predictor,5,1,2,1,0.0144254940096288,0.0192339920128385,0.3233439922332763,0.1326991021633148,0.3086721301078796
uniform,legacy_time_dpm,Legacy time-space DPM-1,DPM predictor,10,1,2,0,0.0294570120167918,0.0392760160223891,0.2254309058189392,0.3213310241699219,0.4660751819610595
uniform,legacy_time_dpm,Legacy time-space DPM-1,DPM predictor,10,1,2,1,0.0284474979853257,0.0379299973137676,0.2784412801265716,0.2528401017189026,0.4045096635818481
uniform,legacy_time_dpm,Legacy time-space DPM-1,DPM predictor,20,1,2,0,0.0603706039837561,0.0804941386450082,0.2778097987174988,0.2800804674625397,0.5012564063072205
uniform,legacy_time_dpm,Legacy time-space DPM-1,DPM predictor,20,1,2,1,0.0595205099671147,0.079360679956153,0.3045843839645386,0.2683600783348083,0.4703379869461059
uniform,legacy_time_dpm,Legacy time-space DPM-1,DPM predictor,50,1,2,0,0.1496645250008441,0.1995527000011255,0.2619098424911499,0.2371135801076889,0.3570064306259155
uniform,legacy_time_dpm,Legacy time-space DPM-1,DPM predictor,50,1,2,1,0.1520189630100503,0.2026919506800671,0.2981674373149872,0.2303675711154937,0.389630913734436
uniform,sigma_uniform_dpm,"Sigma-space DPM-1, uniform t",DPM predictor,5,1,2,0,0.0158902350231073,0.0211869800308098,0.3112554848194122,0.1336813122034073,0.3245604038238525
uniform,sigma_uniform_dpm,"Sigma-space DPM-1, uniform t",DPM predictor,5,1,2,1,0.0156405080342665,0.0208540107123553,0.3047992587089538,0.1313438713550567,0.337069034576416
uniform,sigma_uniform_dpm,"Sigma-space DPM-1, uniform t",DPM predictor,10,1,2,0,0.0300442990264855,0.0400590653686473,0.2057792693376541,0.2663055658340454,0.2836675643920898
uniform,sigma_uniform_dpm,"Sigma-space DPM-1, uniform t",DPM predictor,10,1,2,1,0.0307895930018275,0.0410527906691034,0.256872296333313,0.2047237753868103,0.2713457345962524
uniform,sigma_uniform_dpm,"Sigma-space DPM-1, uniform t",DPM predictor,20,1,2,0,0.0617759550223127,0.0823679400297502,0.2578954994678497,0.229568675160408,0.321323812007904
uniform,sigma_uniform_dpm,"Sigma-space DPM-1, uniform t",DPM predictor,20,1,2,1,0.0613762389984913,0.0818349853313217,0.2845263183116913,0.2184711396694183,0.3183467984199524
uniform,sigma_uniform_dpm,"Sigma-space DPM-1, uniform t",DPM predictor,50,1,2,0,0.1552080879919231,0.2069441173225641,0.2505467236042022,0.2051682025194168,0.2724083065986633
uniform,sigma_uniform_dpm,"Sigma-space DPM-1, uniform t",DPM predictor,50,1,2,1,0.155852081021294,0.2078027746950586,0.2860981523990631,0.1988943964242935,0.3062145709991455
uniform,sigma_log_dpm,"Sigma-space DPM-1, log sigma",DPM predictor,5,1,2,0,0.0167580849956721,0.0223441133275628,0.3103825151920318,0.0953766480088234,0.2666620016098022
uniform,sigma_log_dpm,"Sigma-space DPM-1, log sigma",DPM predictor,5,1,2,1,0.0155431739985942,0.0207242319981257,0.3045723438262939,0.0934475064277648,0.2541053891181946
uniform,sigma_log_dpm,"Sigma-space DPM-1, log sigma",DPM predictor,10,1,2,0,0.029745184991043,0.039660246654724,0.2112328857183456,0.2537952959537506,0.2988669872283935
uniform,sigma_log_dpm,"Sigma-space DPM-1, log sigma",DPM predictor,10,1,2,1,0.0323218320263549,0.0430957760351399,0.2614622712135315,0.1934186369180679,0.2696374058723449
uniform,sigma_log_dpm,"Sigma-space DPM-1, log sigma",DPM predictor,20,1,2,0,0.0611428810516372,0.0815238414021829,0.261798620223999,0.2266487777233123,0.347696840763092
uniform,sigma_log_dpm,"Sigma-space DPM-1, log sigma",DPM predictor,20,1,2,1,0.0611009479616768,0.0814679306155691,0.2877753376960754,0.2158150672912597,0.3357284069061279
uniform,sigma_log_dpm,"Sigma-space DPM-1, log sigma",DPM predictor,50,1,2,0,0.1545939670177176,0.2061252893569568,0.2521794438362121,0.2045779377222061,0.2809640765190124
uniform,sigma_log_dpm,"Sigma-space DPM-1, log sigma",DPM predictor,50,1,2,1,0.1579687130288221,0.2106249507050961,0.2875052392482757,0.1983837485313415,0.3144906759262085
uniform,dpm2_log,"DPM-2 + corrector, log sigma",Overall sampler,5,1,2,0,0.1117400730145163,0.1489867640193551,0.2148504108190536,0.2432265430688858,0.2829054594039917
uniform,dpm2_log,"DPM-2 + corrector, log sigma",Overall sampler,5,1,2,1,0.1062788030249066,0.1417050706998755,0.2638438045978546,0.2157049924135208,0.28741455078125
uniform,dpm2_log,"DPM-2 + corrector, log sigma",Overall sampler,10,1,2,0,0.1506386059918441,0.2008514746557921,0.153487890958786,0.2854803800582886,0.2643717527389526
uniform,dpm2_log,"DPM-2 + corrector, log sigma",Overall sampler,10,1,2,1,0.1521692649694159,0.2028923532925546,0.2264321744441986,0.2193665355443954,0.2459002137184143
uniform,dpm2_log,"DPM-2 + corrector, log sigma",Overall sampler,20,1,2,0,0.2474819719791412,0.329975962638855,0.1884217113256454,0.2141898572444915,0.2110178470611572
uniform,dpm2_log,"DPM-2 + corrector, log sigma",Overall sampler,20,1,2,1,0.2410422709654085,0.3213896946205447,0.1813411563634872,0.1855666637420654,0.1796002388000488
uniform,dpm2_log,"DPM-2 + corrector, log sigma",Overall sampler,50,1,2,0,0.5236618180060759,0.6982157573414346,0.122406356036663,0.1172470971941948,0.0975890159606933
uniform,dpm2_log,"DPM-2 + corrector, log sigma",Overall sampler,50,1,2,1,0.5301143400138244,0.7068191200184325,0.1699901968240738,0.1099463105201721,0.1264330148696899
uniform,legacy_drift_euler,Legacy drift-only Euler,Euler update,5,1,2,0,0.0154057469917461,0.0205409959889948,0.2618244588375091,0.135407954454422,15.116288185119627
uniform,legacy_drift_euler,Legacy drift-only Euler,Euler update,5,1,2,1,0.0155035670031793,0.0206714226709057,0.2587068974971771,0.136260911822319,16.272802352905273
uniform,legacy_drift_euler,Legacy drift-only Euler,Euler update,10,1,2,0,0.0305132979992777,0.0406843973323702,0.1858161836862564,0.1373828500509262,17.82383155822754
uniform,legacy_drift_euler,Legacy drift-only Euler,Euler update,10,1,2,1,0.030787652998697,0.0410502039982626,0.2064346224069595,0.1453885734081268,21.935274124145508
uniform,legacy_drift_euler,Legacy drift-only Euler,Euler update,20,1,2,0,0.0629885360249318,0.083984714699909,0.1883080899715423,0.1526396572589874,18.99168968200684
uniform,legacy_drift_euler,Legacy drift-only Euler,Euler update,20,1,2,1,0.0630958559922874,0.0841278079897165,0.1984087377786636,0.1529164165258407,20.91757202148437
uniform,legacy_drift_euler,Legacy drift-only Euler,Euler update,50,1,2,0,0.1584158570040017,0.2112211426720023,0.1722555309534073,0.1615195572376251,27.87977409362793
uniform,legacy_drift_euler,Legacy drift-only Euler,Euler update,50,1,2,1,0.156574519991409,0.208766026655212,0.1849923580884933,0.1620713025331497,26.943981170654297
uniform,em_uniform,"Euler--Maruyama, uniform t",Euler update,5,1,2,0,0.0159084560000337,0.0212112746667116,0.2599445879459381,1.019252061843872,3.390860319137573
uniform,em_uniform,"Euler--Maruyama, uniform t",Euler update,5,1,2,1,0.0149257890298031,0.0199010520397375,0.3738605678081512,0.9360391497612,3.26652193069458
uniform,em_uniform,"Euler--Maruyama, uniform t",Euler update,10,1,2,0,0.0336037739762105,0.0448050319682806,0.1858302950859069,0.5515270233154297,1.1721158027648926
uniform,em_uniform,"Euler--Maruyama, uniform t",Euler update,10,1,2,1,0.0309814090142026,0.0413085453522702,0.2328349351882934,0.4718017876148224,1.1919317245483398
uniform,em_uniform,"Euler--Maruyama, uniform t",Euler update,20,1,2,0,0.0641144880210049,0.0854859840280066,0.1870498210191726,0.3971025645732879,0.6552083492279053
uniform,em_uniform,"Euler--Maruyama, uniform t",Euler update,20,1,2,1,0.0648362489882856,0.0864483319843808,0.2096411883831024,0.3625233769416809,0.6481341123580933
uniform,em_uniform,"Euler--Maruyama, uniform t",Euler update,50,1,2,0,0.1596561400219798,0.2128748533626397,0.1477218866348266,0.2445023506879806,0.2854989171028137
uniform,em_uniform,"Euler--Maruyama, uniform t",Euler update,50,1,2,1,0.1588507890119217,0.2118010520158956,0.216364100575447,0.2085056006908416,0.2632866501808166
uniform,em_log,"Euler--Maruyama, log sigma",Euler update,5,1,2,0,0.014625022013206,0.0195000293509413,0.2626626491546631,1.759905219078064,4.586301326751709
uniform,em_log,"Euler--Maruyama, log sigma",Euler update,5,1,2,1,0.0158503269776701,0.0211337693035602,0.3284119367599487,1.5333091020584106,4.31593132019043
uniform,em_log,"Euler--Maruyama, log sigma",Euler update,10,1,2,0,0.0328888069489039,0.0438517425985386,0.1510387808084488,0.540097177028656,0.750451385974884
uniform,em_log,"Euler--Maruyama, log sigma",Euler update,10,1,2,1,0.0311117529636248,0.0414823372848331,0.2228467017412185,0.5150675177574158,0.7478195428848267
uniform,em_log,"Euler--Maruyama, log sigma",Euler update,20,1,2,0,0.0651915210182778,0.0869220280243704,0.1777989119291305,0.2994397580623626,0.3239014148712158
uniform,em_log,"Euler--Maruyama, log sigma",Euler update,20,1,2,1,0.0644053119467571,0.0858737492623428,0.1587634831666946,0.2908295691013336,0.311337947845459
uniform,em_log,"Euler--Maruyama, log sigma",Euler update,50,1,2,0,0.1610900700325146,0.2147867600433528,0.1454043090343475,0.1971821188926696,0.1702079176902771
uniform,em_log,"Euler--Maruyama, log sigma",Euler update,50,1,2,1,0.1600070970016531,0.2133427960022042,0.1999306827783584,0.1833959817886352,0.1947423815727234
uniform,legacy_time_dpm,Legacy time-space DPM-1,DPM predictor,5,1,3,0,0.014057683001738,0.0187435773356507,1.3494311571121216,0.1922714710235595,4.0138092041015625
uniform,legacy_time_dpm,Legacy time-space DPM-1,DPM predictor,5,1,3,1,0.0153774689533747,0.020503291937833,1.3314701318740845,0.2080932855606079,3.784624576568604
uniform,legacy_time_dpm,Legacy time-space DPM-1,DPM predictor,10,1,3,0,0.029090225987602,0.0387869679834693,1.1955630779266355,0.3103498518466949,3.169846534729004
uniform,legacy_time_dpm,Legacy time-space DPM-1,DPM predictor,10,1,3,1,0.0301653820206411,0.0402205093608548,1.2266916036605835,0.2784353792667389,3.3428776264190674
uniform,legacy_time_dpm,Legacy time-space DPM-1,DPM predictor,20,1,3,0,0.0600757659994997,0.0801010213326662,1.255879521369934,0.3388823568820953,3.407783269882202
uniform,legacy_time_dpm,Legacy time-space DPM-1,DPM predictor,20,1,3,1,0.0609959820285439,0.0813279760380586,1.2186521291732788,0.3440528810024261,3.344651460647583
uniform,legacy_time_dpm,Legacy time-space DPM-1,DPM predictor,50,1,3,0,0.1537232900154777,0.2049643866873035,1.1614621877670288,0.3124695718288421,3.023894786834717
uniform,legacy_time_dpm,Legacy time-space DPM-1,DPM predictor,50,1,3,1,0.1527669160277582,0.2036892213703443,1.198060393333435,0.3339861631393432,3.1061832904815674
uniform,sigma_uniform_dpm,"Sigma-space DPM-1, uniform t",DPM predictor,5,1,3,0,0.0153869880014099,0.0205159840018798,1.2862392663955688,0.187086209654808,3.4506070613861084
uniform,sigma_uniform_dpm,"Sigma-space DPM-1, uniform t",DPM predictor,5,1,3,1,0.01491917995736,0.0198922399431467,1.268452525138855,0.2081181108951568,3.2774696350097656
uniform,sigma_uniform_dpm,"Sigma-space DPM-1, uniform t",DPM predictor,10,1,3,0,0.0300347969750873,0.0400463959667831,1.1124078035354614,0.2585815489292145,2.587825298309326
uniform,sigma_uniform_dpm,"Sigma-space DPM-1, uniform t",DPM predictor,10,1,3,1,0.0319040389731526,0.0425387186308701,1.1413180828094482,0.2281618267297744,2.7455086708068848
uniform,sigma_uniform_dpm,"Sigma-space DPM-1, uniform t",DPM predictor,20,1,3,0,0.0616558849578723,0.0822078466104964,1.1819175481796265,0.287567675113678,2.909329891204834
uniform,sigma_uniform_dpm,"Sigma-space DPM-1, uniform t",DPM predictor,20,1,3,1,0.0615610030363313,0.0820813373817751,1.1457513570785522,0.2899936139583587,2.8257369995117188
uniform,sigma_uniform_dpm,"Sigma-space DPM-1, uniform t",DPM predictor,50,1,3,0,0.15692969301017,0.2092395906802266,1.115082621574402,0.2759201824665069,2.7140603065490723
uniform,sigma_uniform_dpm,"Sigma-space DPM-1, uniform t",DPM predictor,50,1,3,1,0.161163981014397,0.214885308019196,1.1503260135650637,0.297433078289032,2.800997018814087
uniform,sigma_log_dpm,"Sigma-space DPM-1, log sigma",DPM predictor,5,1,3,0,0.0145543569815345,0.0194058093087126,1.2980817556381226,0.1610647290945053,3.68164587020874
uniform,sigma_log_dpm,"Sigma-space DPM-1, log sigma",DPM predictor,5,1,3,1,0.015778606000822,0.0210381413344293,1.2808127403259275,0.176309123635292,3.4760937690734863
uniform,sigma_log_dpm,"Sigma-space DPM-1, log sigma",DPM predictor,10,1,3,0,0.0316258269594982,0.0421677692793309,1.130376935005188,0.2478616535663604,2.7493433952331543
uniform,sigma_log_dpm,"Sigma-space DPM-1, log sigma",DPM predictor,10,1,3,1,0.0308355080196633,0.0411140106928845,1.1589549779891968,0.2189597487449646,2.9120137691497803
uniform,sigma_log_dpm,"Sigma-space DPM-1, log sigma",DPM predictor,20,1,3,0,0.0617205949965864,0.0822941266621152,1.1932737827301023,0.2837825715541839,3.008598566055298
uniform,sigma_log_dpm,"Sigma-space DPM-1, log sigma",DPM predictor,20,1,3,1,0.062286511005368,0.0830486813404907,1.1575767993927002,0.2863625288009643,2.9319162368774414
uniform,sigma_log_dpm,"Sigma-space DPM-1, log sigma",DPM predictor,50,1,3,0,0.1573027859558351,0.2097370479411135,1.120768904685974,0.2752978503704071,2.7620859146118164
uniform,sigma_log_dpm,"Sigma-space DPM-1, log sigma",DPM predictor,50,1,3,1,0.1584246219717897,0.2112328292957196,1.1560173034667969,0.2962985634803772,2.846220016479492
uniform,dpm2_log,"DPM-2 + corrector, log sigma",Overall sampler,5,1,3,0,0.1091191660379991,0.1454922213839987,0.841221809387207,0.3213036060333252,1.67003071308136
uniform,dpm2_log,"DPM-2 + corrector, log sigma",Overall sampler,5,1,3,1,0.1071397560299374,0.1428530080399165,0.8915613293647766,0.3009413182735443,1.8004151582717896
uniform,dpm2_log,"DPM-2 + corrector, log sigma",Overall sampler,10,1,3,0,0.1544257350033149,0.2059009800044199,0.90889710187912,0.2950970232486725,1.7985992431640625
uniform,dpm2_log,"DPM-2 + corrector, log sigma",Overall sampler,10,1,3,1,0.1552026849822141,0.2069369133096188,0.9229572415351868,0.2620067894458771,1.917949914932251
uniform,dpm2_log,"DPM-2 + corrector, log sigma",Overall sampler,20,1,3,0,0.2483402990037575,0.3311203986716767,0.8345746994018555,0.285063624382019,1.5365947484970093
uniform,dpm2_log,"DPM-2 + corrector, log sigma",Overall sampler,20,1,3,1,0.253078834968619,0.3374384466248254,0.8247078061103821,0.2374127507209777,1.5182013511657717
uniform,dpm2_log,"DPM-2 + corrector, log sigma",Overall sampler,50,1,3,0,0.5341895270394161,0.7122527027192215,0.6465001702308655,0.1330002099275589,0.9479774832725524
uniform,dpm2_log,"DPM-2 + corrector, log sigma",Overall sampler,50,1,3,1,0.5311493829940446,0.7081991773253927,0.6317899227142334,0.1462875306606292,0.9141144156455994
uniform,legacy_drift_euler,Legacy drift-only Euler,Euler update,5,1,3,0,0.0156029149657115,0.0208038866209487,1.136884331703186,0.1260178685188293,7.358107566833496
uniform,legacy_drift_euler,Legacy drift-only Euler,Euler update,5,1,3,1,0.0156981129548512,0.0209308172731349,1.1287972927093506,0.1219118610024452,7.277770042419434
uniform,legacy_drift_euler,Legacy drift-only Euler,Euler update,10,1,3,0,0.0318088549538515,0.0424118066051354,0.9073243737220764,0.1418849378824234,7.811292171478271
uniform,legacy_drift_euler,Legacy drift-only Euler,Euler update,10,1,3,1,0.0314458099892362,0.041927746652315,0.9178284406661988,0.1455716639757156,8.278064727783203
uniform,legacy_drift_euler,Legacy drift-only Euler,Euler update,20,1,3,0,0.0624711039708927,0.0832948052945236,0.8368608355522156,0.1509836018085479,8.806727409362793
uniform,legacy_drift_euler,Legacy drift-only Euler,Euler update,20,1,3,1,0.0625050150556489,0.0833400200741986,0.8251875638961792,0.1519147157669067,8.432136535644531
uniform,legacy_drift_euler,Legacy drift-only Euler,Euler update,50,1,3,0,0.1551589450100436,0.2068785933467249,0.7445530295372009,0.1613529771566391,9.6635103225708
uniform,legacy_drift_euler,Legacy drift-only Euler,Euler update,50,1,3,1,0.1586716190213337,0.2115621586951116,0.7553596496582031,0.1589389741420745,10.090829849243164
uniform,em_uniform,"Euler--Maruyama, uniform t",Euler update,5,1,3,0,0.0157788299839012,0.0210384399785349,1.166058897972107,1.061510682106018,5.432697772979736
uniform,em_uniform,"Euler--Maruyama, uniform t",Euler update,5,1,3,1,0.0156974620185792,0.0209299493581056,1.21724534034729,1.0581810474395752,5.623053550720215
uniform,em_uniform,"Euler--Maruyama, uniform t",Euler update,10,1,3,0,0.0308966810116544,0.0411955746822059,0.9575141072273254,0.5556125640869141,2.754082679748535
uniform,em_uniform,"Euler--Maruyama, uniform t",Euler update,10,1,3,1,0.0328678959631361,0.0438238612841814,0.96156907081604,0.5635572671890259,2.9391064643859863
uniform,em_uniform,"Euler--Maruyama, uniform t",Euler update,20,1,3,0,0.0637829810148105,0.085043974686414,0.8605625629425049,0.4712544977664947,2.0791127681732178
uniform,em_uniform,"Euler--Maruyama, uniform t",Euler update,20,1,3,1,0.0635515690082684,0.0847354253443578,0.8697590231895447,0.4036500155925751,2.0549473762512207
uniform,em_uniform,"Euler--Maruyama, uniform t",Euler update,50,1,3,0,0.1566727029858157,0.2088969373144209,0.8065400719642639,0.299651950597763,1.630654215812683
uniform,em_uniform,"Euler--Maruyama, uniform t",Euler update,50,1,3,1,0.159065444022417,0.2120872586965561,0.7988325357437134,0.2632265090942383,1.570081114768982
uniform,em_log,"Euler--Maruyama, log sigma",Euler update,5,1,3,0,0.0158588510239496,0.0211451346985995,1.1763209104537964,1.7368687391281128,6.85275411605835
uniform,em_log,"Euler--Maruyama, log sigma",Euler update,5,1,3,1,0.0163773790118284,0.0218365053491046,1.2230868339538574,1.97019636631012,7.536314010620117
uniform,em_log,"Euler--Maruyama, log sigma",Euler update,10,1,3,0,0.0324122169986367,0.0432162893315156,0.9258694052696228,0.5789569616317749,2.354201555252075
uniform,em_log,"Euler--Maruyama, log sigma",Euler update,10,1,3,1,0.0330415189964696,0.0440553586619595,0.9154127240180968,0.5908961296081543,2.516587734222412
uniform,em_log,"Euler--Maruyama, log sigma",Euler update,20,1,3,0,0.0640441729919985,0.0853922306559979,0.781550943851471,0.4147942364215851,1.6017351150512695
uniform,em_log,"Euler--Maruyama, log sigma",Euler update,20,1,3,1,0.0649322880199179,0.0865763840265572,0.7760860919952393,0.3378064632415771,1.519355535507202
uniform,em_log,"Euler--Maruyama, log sigma",Euler update,50,1,3,0,0.1585484379902482,0.2113979173203309,0.7603275775909424,0.2300007492303848,1.3489089012145996
uniform,em_log,"Euler--Maruyama, log sigma",Euler update,50,1,3,1,0.1564435110194608,0.2085913480259478,0.7547275424003601,0.2344116270542144,1.325481653213501
uniform,legacy_time_dpm,Legacy time-space DPM-1,DPM predictor,5,2,0,0,0.0148298040148802,0.0197730720198402,0.2549810111522674,0.147111713886261,0.5829814076423645
uniform,legacy_time_dpm,Legacy time-space DPM-1,DPM predictor,5,2,0,1,0.0138900860329158,0.0185201147105544,0.2562085390090942,0.1590907573699951,0.5659459233283997
uniform,legacy_time_dpm,Legacy time-space DPM-1,DPM predictor,10,2,0,0,0.0308553979848511,0.0411405306464682,0.2606732845306396,0.2497417479753494,0.764836311340332
uniform,legacy_time_dpm,Legacy time-space DPM-1,DPM predictor,10,2,0,1,0.0296186169725842,0.039491489296779,0.2421089261770248,0.2459923923015594,0.6389013528823853
uniform,legacy_time_dpm,Legacy time-space DPM-1,DPM predictor,20,2,0,0,0.0625000590225681,0.0833334120300908,0.2562395632266998,0.2594977617263794,0.6445589065551758
uniform,legacy_time_dpm,Legacy time-space DPM-1,DPM predictor,20,2,0,1,0.0622630369616672,0.0830173826155563,0.2248173058032989,0.2712053954601288,0.6709858775138855
uniform,legacy_time_dpm,Legacy time-space DPM-1,DPM predictor,50,2,0,0,0.1532218239735812,0.2042957652981082,0.2576084733009338,0.321322500705719,0.6724570989608765
uniform,legacy_time_dpm,Legacy time-space DPM-1,DPM predictor,50,2,0,1,0.1487743839970789,0.1983658453294386,0.2138043642044067,0.2518432438373565,0.5333030223846436
uniform,sigma_uniform_dpm,"Sigma-space DPM-1, uniform t",DPM predictor,5,2,0,0,0.0150133770075626,0.0200178360100835,0.2127538174390792,0.1385828256607055,0.400766372680664
uniform,sigma_uniform_dpm,"Sigma-space DPM-1, uniform t",DPM predictor,5,2,0,1,0.0141446120105683,0.0188594826807578,0.2154909074306488,0.1519184410572052,0.4231159687042236
uniform,sigma_uniform_dpm,"Sigma-space DPM-1, uniform t",DPM predictor,10,2,0,0,0.0304996100021526,0.0406661466695368,0.2120207548141479,0.1957190036773681,0.4262845516204834
uniform,sigma_uniform_dpm,"Sigma-space DPM-1, uniform t",DPM predictor,10,2,0,1,0.0299130029743537,0.0398840039658049,0.2009156495332718,0.1946751326322555,0.3736384510993957
uniform,sigma_uniform_dpm,"Sigma-space DPM-1, uniform t",DPM predictor,20,2,0,0,0.0618932580109685,0.0825243440146247,0.2260486781597137,0.2096065133810043,0.4215509295463562
uniform,sigma_uniform_dpm,"Sigma-space DPM-1, uniform t",DPM predictor,20,2,0,1,0.0629142150282859,0.0838856200377146,0.1934867352247238,0.2191623598337173,0.4135787487030029
uniform,sigma_uniform_dpm,"Sigma-space DPM-1, uniform t",DPM predictor,50,2,0,0,0.157382111006882,0.2098428146758427,0.2404637336730957,0.2824856042861938,0.5223662257194519
uniform,sigma_uniform_dpm,"Sigma-space DPM-1, uniform t",DPM predictor,50,2,0,1,0.1536604019929655,0.2048805359906206,0.1977460831403732,0.2174177914857864,0.3968864679336548
uniform,sigma_log_dpm,"Sigma-space DPM-1, log sigma",DPM predictor,5,2,0,0,0.0145644290023483,0.0194192386697977,0.2414498180150985,0.1116017550230026,0.4724586606025696
uniform,sigma_log_dpm,"Sigma-space DPM-1, log sigma",DPM predictor,5,2,0,1,0.0145354869891889,0.0193806493189185,0.2434849292039871,0.1234291195869445,0.4739304184913635
uniform,sigma_log_dpm,"Sigma-space DPM-1, log sigma",DPM predictor,10,2,0,0,0.0317766409716568,0.0423688546288758,0.2347182929515838,0.1888683289289474,0.5226948857307434
uniform,sigma_log_dpm,"Sigma-space DPM-1, log sigma",DPM predictor,10,2,0,1,0.0305329160182736,0.0407105546910315,0.2203968316316604,0.1867073625326156,0.4388707280158996
uniform,sigma_log_dpm,"Sigma-space DPM-1, log sigma",DPM predictor,20,2,0,0,0.0606771010207012,0.0809028013609349,0.2366269081830978,0.2078639417886734,0.4683168530464172
uniform,sigma_log_dpm,"Sigma-space DPM-1, log sigma",DPM predictor,20,2,0,1,0.0625918070436455,0.0834557427248607,0.2050123810768127,0.2176434993743896,0.4700841307640075
uniform,sigma_log_dpm,"Sigma-space DPM-1, log sigma",DPM predictor,50,2,0,0,0.1571657670428976,0.2095543560571968,0.2446995973587036,0.2822588384151459,0.5462584495544434
uniform,sigma_log_dpm,"Sigma-space DPM-1, log sigma",DPM predictor,50,2,0,1,0.1577334590256214,0.2103112787008285,0.2021763175725937,0.2174009680747985,0.4196599721908569
uniform,dpm2_log,"DPM-2 + corrector, log sigma",Overall sampler,5,2,0,0,0.1060386990429833,0.1413849320573111,0.109222799539566,0.2199121266603469,0.216956079006195
uniform,dpm2_log,"DPM-2 + corrector, log sigma",Overall sampler,5,2,0,1,0.1084763019462116,0.1446350692616154,0.1442097872495651,0.2415438890457153,0.2639621496200561
uniform,dpm2_log,"DPM-2 + corrector, log sigma",Overall sampler,10,2,0,0,0.1527276160195469,0.2036368213593959,0.1811910569667816,0.2291459441184997,0.3406437039375305
uniform,dpm2_log,"DPM-2 + corrector, log sigma",Overall sampler,10,2,0,1,0.1637936280458234,0.2183915040610979,0.1780391186475753,0.1906622946262359,0.2725395560264587
uniform,dpm2_log,"DPM-2 + corrector, log sigma",Overall sampler,20,2,0,0,0.2458857040037401,0.3278476053383201,0.1579397618770599,0.1740677654743194,0.1822240352630615
uniform,dpm2_log,"DPM-2 + corrector, log sigma",Overall sampler,20,2,0,1,0.2437152710044756,0.3249536946726342,0.1282638609409332,0.209908902645111,0.2090540528297424
uniform,dpm2_log,"DPM-2 + corrector, log sigma",Overall sampler,50,2,0,0,0.5231441109790467,0.6975254813053956,0.0928266048431396,0.1239600628614425,0.0990129709243774
uniform,dpm2_log,"DPM-2 + corrector, log sigma",Overall sampler,50,2,0,1,0.5370072809746489,0.7160097079661986,0.1036936864256858,0.1139151751995086,0.094642162322998
uniform,legacy_drift_euler,Legacy drift-only Euler,Euler update,5,2,0,0,0.0143202029867097,0.0190936039822797,0.1607861816883087,0.1323362290859222,7.03020715713501
uniform,legacy_drift_euler,Legacy drift-only Euler,Euler update,5,2,0,1,0.0170425469987094,0.0227233959982792,0.1642879843711853,0.1294922530651092,7.973688125610352
uniform,legacy_drift_euler,Legacy drift-only Euler,Euler update,10,2,0,0,0.031340506975539,0.041787342634052,0.1441605687141418,0.1442739367485046,10.125859260559082
uniform,legacy_drift_euler,Legacy drift-only Euler,Euler update,10,2,0,1,0.0330685389926657,0.0440913853235542,0.1437664031982422,0.1448567360639572,11.668044090270996
uniform,legacy_drift_euler,Legacy drift-only Euler,Euler update,20,2,0,0,0.0648767100065015,0.0865022800086687,0.1465702652931213,0.1531615704298019,14.463964462280272
uniform,legacy_drift_euler,Legacy drift-only Euler,Euler update,20,2,0,1,0.0625686650164425,0.08342488668859,0.1303854286670684,0.1523942798376083,13.0841064453125
uniform,legacy_drift_euler,Legacy drift-only Euler,Euler update,50,2,0,0,0.1580442789709195,0.2107257052945594,0.1450428366661071,0.1536877155303955,16.147741317749023
uniform,legacy_drift_euler,Legacy drift-only Euler,Euler update,50,2,0,1,0.1539188809692859,0.2052251746257146,0.1314988732337951,0.1594361960887909,17.7535343170166
uniform,em_uniform,"Euler--Maruyama, uniform t",Euler update,5,2,0,0,0.0157228659954853,0.0209638213273137,0.1203337907791137,0.903485894203186,3.006103515625
uniform,em_uniform,"Euler--Maruyama, uniform t",Euler update,5,2,0,1,0.0154238840332254,0.0205651787109673,0.1935106962919235,1.0318397283554075,3.3409109115600586
uniform,em_uniform,"Euler--Maruyama, uniform t",Euler update,10,2,0,0,0.0302114210207946,0.0402818946943928,0.194791629910469,0.541735053062439,1.3884096145629885
uniform,em_uniform,"Euler--Maruyama, uniform t",Euler update,10,2,0,1,0.031541678996291,0.0420555719950546,0.1916415244340896,0.4129388332366943,1.1017647981643677
uniform,em_uniform,"Euler--Maruyama, uniform t",Euler update,20,2,0,0,0.0616400770377367,0.082186769383649,0.1592844575643539,0.3418480157852173,0.5793664455413818
uniform,em_uniform,"Euler--Maruyama, uniform t",Euler update,20,2,0,1,0.0615035690134391,0.0820047586845855,0.1282392591238021,0.3635296821594238,0.627265214920044
uniform,em_uniform,"Euler--Maruyama, uniform t",Euler update,50,2,0,0,0.1670075469883158,0.2226767293177545,0.1171497851610183,0.243441641330719,0.2680598497390747
uniform,em_uniform,"Euler--Maruyama, uniform t",Euler update,50,2,0,1,0.1577300369972363,0.2103067159963151,0.0902604460716247,0.251052051782608,0.2821497917175293
uniform,em_log,"Euler--Maruyama, log sigma",Euler update,5,2,0,0,0.0154361849999986,0.0205815799999982,0.1624216735363006,1.4635815620422363,3.610865592956543
uniform,em_log,"Euler--Maruyama, log sigma",Euler update,5,2,0,1,0.0145952550228685,0.0194603400304913,0.2139711827039718,1.5667051076889038,4.027437686920166
uniform,em_log,"Euler--Maruyama, log sigma",Euler update,10,2,0,0,0.0317569419858045,0.0423425893144061,0.1732117831707,0.5054558515548706,0.8105769753456116
uniform,em_log,"Euler--Maruyama, log sigma",Euler update,10,2,0,1,0.0305446390411816,0.0407261853882422,0.1686002761125564,0.4112475216388702,0.6316904425621033
uniform,em_log,"Euler--Maruyama, log sigma",Euler update,20,2,0,0,0.0626772330142557,0.0835696440190076,0.1523774862289428,0.2720982432365417,0.2931385636329651
uniform,em_log,"Euler--Maruyama, log sigma",Euler update,20,2,0,1,0.0615625440259464,0.0820833920345952,0.1259661316871643,0.3001005351543426,0.3109140396118164
uniform,em_log,"Euler--Maruyama, log sigma",Euler update,50,2,0,0,0.155114023014903,0.2068186973532041,0.1135326698422432,0.2174243628978729,0.1934541463851928
uniform,em_log,"Euler--Maruyama, log sigma",Euler update,50,2,0,1,0.1579968230216764,0.2106624306955685,0.1083914190530777,0.192952811717987,0.1576905250549316
uniform,legacy_time_dpm,Legacy time-space DPM-1,DPM predictor,5,2,1,0,0.0139267320046201,0.0185689760061601,0.4604581594467163,0.1847502440214157,1.9962658882141116
uniform,legacy_time_dpm,Legacy time-space DPM-1,DPM predictor,5,2,1,1,0.0145577669609338,0.0194103559479117,0.4610723853111267,0.20192252099514,2.0450124740600586
uniform,legacy_time_dpm,Legacy time-space DPM-1,DPM predictor,10,2,1,0,0.0298315720283426,0.0397754293711235,0.4228597581386566,0.2570618391036987,1.8346080780029297
uniform,legacy_time_dpm,Legacy time-space DPM-1,DPM predictor,10,2,1,1,0.0291536739678122,0.0388715652904162,0.4073506891727447,0.2252002507448196,1.685889720916748
uniform,legacy_time_dpm,Legacy time-space DPM-1,DPM predictor,20,2,1,0,0.059627567010466,0.0795034226806213,0.353136271238327,0.3284851908683777,1.5062144994735718
uniform,legacy_time_dpm,Legacy time-space DPM-1,DPM predictor,20,2,1,1,0.0582966610090807,0.0777288813454409,0.3788242936134338,0.2880456745624542,1.591804265975952
uniform,legacy_time_dpm,Legacy time-space DPM-1,DPM predictor,50,2,1,0,0.1431594640016555,0.1908792853355407,0.3578344285488128,0.2839386761188507,1.4617592096328735
uniform,legacy_time_dpm,Legacy time-space DPM-1,DPM predictor,50,2,1,1,0.1389764630002901,0.1853019506670534,0.3603964745998382,0.2801821529865265,1.473515868186951
uniform,sigma_uniform_dpm,"Sigma-space DPM-1, uniform t",DPM predictor,5,2,1,0,0.0147679750225506,0.0196906333634008,0.3571467101573944,0.1672135293483734,1.3111934661865234
uniform,sigma_uniform_dpm,"Sigma-space DPM-1, uniform t",DPM predictor,5,2,1,1,0.0139819350442849,0.0186425800590465,0.3577122986316681,0.1824899315834045,1.326525092124939
uniform,sigma_uniform_dpm,"Sigma-space DPM-1, uniform t",DPM predictor,10,2,1,0,0.0290015439968556,0.0386687253291408,0.3170541822910309,0.1983776986598968,1.097874402999878
uniform,sigma_uniform_dpm,"Sigma-space DPM-1, uniform t",DPM predictor,10,2,1,1,0.0305056429933756,0.0406741906578342,0.3050909638404846,0.1698669344186782,1.008718729019165
uniform,sigma_uniform_dpm,"Sigma-space DPM-1, uniform t",DPM predictor,20,2,1,0,0.0599462160025723,0.0799282880034297,0.2851254940032959,0.2691888213157654,1.0088627338409424
uniform,sigma_uniform_dpm,"Sigma-space DPM-1, uniform t",DPM predictor,20,2,1,1,0.0598453319980762,0.079793775997435,0.3054114580154419,0.2320462167263031,1.0752768516540527
uniform,sigma_uniform_dpm,"Sigma-space DPM-1, uniform t",DPM predictor,50,2,1,0,0.1473520700237713,0.1964694266983618,0.3151718378067016,0.245242029428482,1.1473948955535889
uniform,sigma_uniform_dpm,"Sigma-space DPM-1, uniform t",DPM predictor,50,2,1,1,0.149402551993262,0.1992034026576827,0.3174289464950561,0.2416674792766571,1.153903603553772
uniform,sigma_log_dpm,"Sigma-space DPM-1, log sigma",DPM predictor,5,2,1,0,0.0142067080014385,0.0189422773352513,0.4204380512237549,0.1429317891597747,1.6807663440704346
uniform,sigma_log_dpm,"Sigma-space DPM-1, log sigma",DPM predictor,5,2,1,1,0.0148590410244651,0.0198120546992868,0.4214695394039154,0.1592273861169815,1.7107264995574951
uniform,sigma_log_dpm,"Sigma-space DPM-1, log sigma",DPM predictor,10,2,1,0,0.029999389022123,0.0399991853628307,0.3655619323253631,0.1934667527675628,1.3724735975265503
uniform,sigma_log_dpm,"Sigma-space DPM-1, log sigma",DPM predictor,10,2,1,1,0.0303256689803674,0.0404342253071566,0.352224051952362,0.1654946953058242,1.263260841369629
uniform,sigma_log_dpm,"Sigma-space DPM-1, log sigma",DPM predictor,20,2,1,0,0.0610486060031689,0.0813981413375586,0.3099543750286102,0.2682344913482666,1.1475927829742432
uniform,sigma_log_dpm,"Sigma-space DPM-1, log sigma",DPM predictor,20,2,1,1,0.0620654780068434,0.0827539706757913,0.3318058550357818,0.2313870340585708,1.223414182662964
uniform,sigma_log_dpm,"Sigma-space DPM-1, log sigma",DPM predictor,50,2,1,0,0.149789246963337,0.199718995951116,0.3266285359859466,0.2459334135055542,1.2158241271972656
uniform,sigma_log_dpm,"Sigma-space DPM-1, log sigma",DPM predictor,50,2,1,1,0.1484651670325547,0.1979535560434063,0.328935295343399,0.2423833608627319,1.2234442234039309
uniform,dpm2_log,"DPM-2 + corrector, log sigma",Overall sampler,5,2,1,0,0.1026457899715751,0.1368610532954335,0.1602025032043457,0.2735688388347626,0.4875705242156982
uniform,dpm2_log,"DPM-2 + corrector, log sigma",Overall sampler,5,2,1,1,0.103852136991918,0.1384695159892241,0.1526229679584503,0.2341402918100357,0.4294096827507019
uniform,dpm2_log,"DPM-2 + corrector, log sigma",Overall sampler,10,2,1,0,0.1476341239758767,0.1968454986345023,0.1981711387634277,0.2307495921850204,0.5554094910621643
uniform,dpm2_log,"DPM-2 + corrector, log sigma",Overall sampler,10,2,1,1,0.1485274530132301,0.1980366040176401,0.1998742818832397,0.2471228539943695,0.5758908987045288
uniform,dpm2_log,"DPM-2 + corrector, log sigma",Overall sampler,20,2,1,0,0.2371495590195991,0.3161994120261321,0.1361757665872573,0.210606575012207,0.3360206484794616
uniform,dpm2_log,"DPM-2 + corrector, log sigma",Overall sampler,20,2,1,1,0.2375446510268375,0.3167262013691167,0.1271255612373352,0.2036142498254776,0.3087917566299438
uniform,dpm2_log,"DPM-2 + corrector, log sigma",Overall sampler,50,2,1,0,0.515160660026595,0.68688088003546,0.0759987980127334,0.1065362393856048,0.108099341392517
uniform,dpm2_log,"DPM-2 + corrector, log sigma",Overall sampler,50,2,1,1,0.5126613509492017,0.683548467932269,0.0915583819150924,0.1128664165735244,0.107231855392456
uniform,legacy_drift_euler,Legacy drift-only Euler,Euler update,5,2,1,0,0.0139276949921622,0.0185702599895497,0.2025642544031143,0.1226563528180122,2.870303153991699
uniform,legacy_drift_euler,Legacy drift-only Euler,Euler update,5,2,1,1,0.0147076460416428,0.0196101947221905,0.2015681564807891,0.1200758069753646,2.568584680557251
uniform,legacy_drift_euler,Legacy drift-only Euler,Euler update,10,2,1,0,0.0296840509981848,0.0395787346642464,0.1174535378813743,0.1414208263158798,4.0219902992248535
uniform,legacy_drift_euler,Legacy drift-only Euler,Euler update,10,2,1,1,0.0299405739642679,0.0399207652856906,0.1152714192867279,0.1450294703245163,4.397496700286865
uniform,legacy_drift_euler,Legacy drift-only Euler,Euler update,20,2,1,0,0.0598347269697114,0.0797796359596153,0.0829746276140213,0.144608661532402,5.162232398986816
uniform,legacy_drift_euler,Legacy drift-only Euler,Euler update,20,2,1,1,0.0611549169989302,0.081539889331907,0.0839094147086143,0.1481330543756485,5.53306245803833
uniform,legacy_drift_euler,Legacy drift-only Euler,Euler update,50,2,1,0,0.1518626359757036,0.2024835146342714,0.0722963735461235,0.1548504084348678,6.726479530334473
uniform,legacy_drift_euler,Legacy drift-only Euler,Euler update,50,2,1,1,0.1520444439956918,0.2027259253275891,0.073130264878273,0.1555606126785278,6.546653747558594
uniform,em_uniform,"Euler--Maruyama, uniform t",Euler update,5,2,1,0,0.0140884660067968,0.0187846213423957,0.3091208040714264,0.9535767436027528,3.8144049644470215
uniform,em_uniform,"Euler--Maruyama, uniform t",Euler update,5,2,1,1,0.015866380999796,0.0211551746663947,0.2789484858512878,0.9185117483139038,3.767148971557617
uniform,em_uniform,"Euler--Maruyama, uniform t",Euler update,10,2,1,0,0.0300496640265919,0.0400662187021225,0.1929994970560073,0.5025390982627869,1.4304084777832031
uniform,em_uniform,"Euler--Maruyama, uniform t",Euler update,10,2,1,1,0.0303898139973171,0.0405197519964228,0.1900318264961242,0.5484798550605774,1.4144434928894043
uniform,em_uniform,"Euler--Maruyama, uniform t",Euler update,20,2,1,0,0.0616912259720265,0.0822549679627021,0.1211590990424156,0.3713211715221405,0.7174803018569946
uniform,em_uniform,"Euler--Maruyama, uniform t",Euler update,20,2,1,1,0.0601033710408955,0.0801378280545274,0.1243261694908142,0.3061278462409973,0.6437729001045227
uniform,em_uniform,"Euler--Maruyama, uniform t",Euler update,50,2,1,0,0.152065908012446,0.2027545440165946,0.1234096512198448,0.272604376077652,0.4211071729660034
uniform,em_uniform,"Euler--Maruyama, uniform t",Euler update,50,2,1,1,0.1509632170200348,0.2012842893600464,0.126250073313713,0.2571746706962585,0.4022253751754761
uniform,em_log,"Euler--Maruyama, log sigma",Euler update,5,2,1,0,0.0157417849986813,0.0209890466649085,0.2909024357795715,1.3464773893356323,4.375022411346436
uniform,em_log,"Euler--Maruyama, log sigma",Euler update,5,2,1,1,0.0141968759708106,0.0189291679610808,0.3245159685611725,1.4051525592803955,4.358011245727539
uniform,em_log,"Euler--Maruyama, log sigma",Euler update,10,2,1,0,0.0300223029917106,0.0400297373222808,0.1522720009088516,0.489174485206604,0.8972781300544739
uniform,em_log,"Euler--Maruyama, log sigma",Euler update,10,2,1,1,0.0302900490351021,0.0403867320468028,0.1642735600471496,0.5465731024742126,0.9670722484588624
uniform,em_log,"Euler--Maruyama, log sigma",Euler update,20,2,1,0,0.0609798899968154,0.0813065199957539,0.1220521852374076,0.2916305959224701,0.4261677861213684
uniform,em_log,"Euler--Maruyama, log sigma",Euler update,20,2,1,1,0.0617896710173226,0.0823862280230969,0.1016153991222381,0.2906696200370788,0.3813148736953735
uniform,em_log,"Euler--Maruyama, log sigma",Euler update,50,2,1,0,0.1553638189798221,0.2071517586397628,0.1065132766962051,0.1712741255760193,0.224714457988739
uniform,em_log,"Euler--Maruyama, log sigma",Euler update,50,2,1,1,0.1589290110277943,0.2119053480370591,0.112098254263401,0.1904139816761016,0.2432754635810852
uniform,legacy_time_dpm,Legacy time-space DPM-1,DPM predictor,5,2,2,0,0.0153473380487412,0.0204631173983216,0.310294359922409,0.1359235048294067,0.3280144333839416
uniform,legacy_time_dpm,Legacy time-space DPM-1,DPM predictor,5,2,2,1,0.0133942519896663,0.0178590026528884,0.3025125861167907,0.133800208568573,0.2974302768707275
uniform,legacy_time_dpm,Legacy time-space DPM-1,DPM predictor,10,2,2,0,0.0295335309929214,0.0393780413238952,0.211796686053276,0.3217901885509491,0.4687299728393554
uniform,legacy_time_dpm,Legacy time-space DPM-1,DPM predictor,10,2,2,1,0.028490133001469,0.0379868440019587,0.2612025737762451,0.2514612674713135,0.3946483135223388
uniform,legacy_time_dpm,Legacy time-space DPM-1,DPM predictor,20,2,2,0,0.0575711510027758,0.0767615346703678,0.2646993398666382,0.2789218127727508,0.5014861822128296
uniform,legacy_time_dpm,Legacy time-space DPM-1,DPM predictor,20,2,2,1,0.0578428030130453,0.0771237373507271,0.2881097495555877,0.2680231630802154,0.4625722169876098
uniform,legacy_time_dpm,Legacy time-space DPM-1,DPM predictor,50,2,2,0,0.1436972919618711,0.1915963892824947,0.2461490929126739,0.2370868027210235,0.3504526615142822
uniform,legacy_time_dpm,Legacy time-space DPM-1,DPM predictor,50,2,2,1,0.1475199239794165,0.1966932319725553,0.2789037525653839,0.2287448197603225,0.3761125802993774
uniform,sigma_uniform_dpm,"Sigma-space DPM-1, uniform t",DPM predictor,5,2,2,0,0.0140883309650234,0.0187844412866979,0.2966858148574829,0.1336629092693328,0.3173538446426391
uniform,sigma_uniform_dpm,"Sigma-space DPM-1, uniform t",DPM predictor,5,2,2,1,0.0155471719917841,0.0207295626557121,0.2892837822437286,0.1328980177640915,0.3293260335922241
uniform,sigma_uniform_dpm,"Sigma-space DPM-1, uniform t",DPM predictor,10,2,2,0,0.0294465500046499,0.0392620666728665,0.1926518827676773,0.26850026845932,0.2840264439582824
uniform,sigma_uniform_dpm,"Sigma-space DPM-1, uniform t",DPM predictor,10,2,2,1,0.0288922819891013,0.038523042652135,0.2407382428646087,0.2051117718219757,0.2638704180717468
uniform,sigma_uniform_dpm,"Sigma-space DPM-1, uniform t",DPM predictor,20,2,2,0,0.0593616149853915,0.0791488199805219,0.2448679059743881,0.2293020188808441,0.3165953159332275
uniform,sigma_uniform_dpm,"Sigma-space DPM-1, uniform t",DPM predictor,20,2,2,1,0.0601910490076988,0.0802547320102651,0.2681731879711151,0.2192678600549698,0.3069270849227905
uniform,sigma_uniform_dpm,"Sigma-space DPM-1, uniform t",DPM predictor,50,2,2,0,0.1502460520132444,0.2003280693509926,0.2344507724046707,0.2056233882904052,0.2639429569244385
uniform,sigma_uniform_dpm,"Sigma-space DPM-1, uniform t",DPM predictor,50,2,2,1,0.1508053260040469,0.2010737680053959,0.2665500938892364,0.1975118219852447,0.2886919379234314
uniform,sigma_log_dpm,"Sigma-space DPM-1, log sigma",DPM predictor,5,2,2,0,0.0145827529486268,0.0194436705981691,0.2952245473861694,0.1027626395225524,0.2639229893684387
uniform,sigma_log_dpm,"Sigma-space DPM-1, log sigma",DPM predictor,5,2,2,1,0.0154102270025759,0.0205469693367679,0.288709431886673,0.102445088326931,0.249021291732788
uniform,sigma_log_dpm,"Sigma-space DPM-1, log sigma",DPM predictor,10,2,2,0,0.0328813869855366,0.0438418493140488,0.1965805441141128,0.2563528418540954,0.2999630570411682
uniform,sigma_log_dpm,"Sigma-space DPM-1, log sigma",DPM predictor,10,2,2,1,0.0306930849910713,0.0409241133214285,0.2435281872749328,0.1941370517015457,0.2596465945243835
uniform,sigma_log_dpm,"Sigma-space DPM-1, log sigma",DPM predictor,20,2,2,0,0.058942535019014,0.0785900466920187,0.247706189751625,0.226339042186737,0.3446195721626282
uniform,sigma_log_dpm,"Sigma-space DPM-1, log sigma",DPM predictor,20,2,2,1,0.06027564604301,0.0803675280573467,0.2704965472221374,0.2162778079509735,0.3253138065338135
uniform,sigma_log_dpm,"Sigma-space DPM-1, log sigma",DPM predictor,50,2,2,0,0.1528256169985979,0.2037674893314639,0.235648825764656,0.2049980163574218,0.2728728652000427
uniform,sigma_log_dpm,"Sigma-space DPM-1, log sigma",DPM predictor,50,2,2,1,0.1480230200104415,0.1973640266805887,0.2675251066684723,0.1970781087875366,0.2977414131164551
uniform,dpm2_log,"DPM-2 + corrector, log sigma",Overall sampler,5,2,2,0,0.1043422039947472,0.139122938659663,0.1965062320232391,0.2433954328298568,0.2763496041297912
uniform,dpm2_log,"DPM-2 + corrector, log sigma",Overall sampler,5,2,2,1,0.1045647739665582,0.1394196986220777,0.2434062063694,0.2158918529748916,0.2732592821121216
uniform,dpm2_log,"DPM-2 + corrector, log sigma",Overall sampler,10,2,2,0,0.1525931479991413,0.2034575306655218,0.1305025070905685,0.2829799354076385,0.2536476254463196
uniform,dpm2_log,"DPM-2 + corrector, log sigma",Overall sampler,10,2,2,1,0.1515593529911711,0.2020791373215615,0.2020890414714813,0.2178068161010742,0.227746307849884
uniform,dpm2_log,"DPM-2 + corrector, log sigma",Overall sampler,20,2,2,0,0.243988879956305,0.3253185066084067,0.1678101867437362,0.2170694321393966,0.2019208669662475
uniform,dpm2_log,"DPM-2 + corrector, log sigma",Overall sampler,20,2,2,1,0.2517071400070563,0.3356095200094084,0.157737597823143,0.1877351850271225,0.1683760285377502
uniform,dpm2_log,"DPM-2 + corrector, log sigma",Overall sampler,50,2,2,0,0.525478188006673,0.7006375840088973,0.0944510847330093,0.121054507791996,0.0839695930480957
uniform,dpm2_log,"DPM-2 + corrector, log sigma",Overall sampler,50,2,2,1,0.527379863022361,0.7031731506964812,0.139579564332962,0.1121916100382804,0.1026606559753418
uniform,legacy_drift_euler,Legacy drift-only Euler,Euler update,5,2,2,0,0.0165757380309514,0.0221009840412686,0.2263768762350082,0.1361685097217559,9.553082466125488
uniform,legacy_drift_euler,Legacy drift-only Euler,Euler update,5,2,2,1,0.015290131967049,0.0203868426227321,0.223115935921669,0.1361977308988571,10.612430572509766
uniform,legacy_drift_euler,Legacy drift-only Euler,Euler update,10,2,2,0,0.031367844028864,0.0418237920384854,0.1532022953033447,0.1378161013126373,10.778032302856444
uniform,legacy_drift_euler,Legacy drift-only Euler,Euler update,10,2,2,1,0.0304902970092371,0.0406537293456494,0.1713494807481765,0.1458306163549423,12.668004989624023
uniform,legacy_drift_euler,Legacy drift-only Euler,Euler update,20,2,2,0,0.0618910189950838,0.0825213586601118,0.1528355777263641,0.1534184664487838,12.15473747253418
uniform,legacy_drift_euler,Legacy drift-only Euler,Euler update,20,2,2,1,0.0649464799789711,0.0865953066386282,0.161514937877655,0.1538372933864593,13.05251407623291
uniform,legacy_drift_euler,Legacy drift-only Euler,Euler update,50,2,2,0,0.1572251479956321,0.2096335306608428,0.1341432929039001,0.1623338162899017,18.512531280517575
uniform,legacy_drift_euler,Legacy drift-only Euler,Euler update,50,2,2,1,0.1549958899850025,0.2066611866466701,0.1445529758930206,0.1631926745176315,17.9827823638916
uniform,em_uniform,"Euler--Maruyama, uniform t",Euler update,5,2,2,0,0.0152184030157513,0.0202912040210018,0.2480535209178924,1.004078984260559,3.352071046829224
uniform,em_uniform,"Euler--Maruyama, uniform t",Euler update,5,2,2,1,0.0155404499964788,0.0207205999953051,0.3574297428131103,0.9186381101608276,3.223519325256348
uniform,em_uniform,"Euler--Maruyama, uniform t",Euler update,10,2,2,0,0.031177642988041,0.0415701906507213,0.1656707525253296,0.5482262969017029,1.1515355110168457
uniform,em_uniform,"Euler--Maruyama, uniform t",Euler update,10,2,2,1,0.0305069250171072,0.0406759000228097,0.2114802300930023,0.464914858341217,1.1584391593933103
uniform,em_uniform,"Euler--Maruyama, uniform t",Euler update,20,2,2,0,0.0622816149843856,0.0830421533125142,0.1659543365240097,0.3984383344650268,0.6456334590911865
uniform,em_uniform,"Euler--Maruyama, uniform t",Euler update,20,2,2,1,0.0625451559899374,0.0833935413199166,0.1860387176275253,0.3631262481212616,0.6299364566802979
uniform,em_uniform,"Euler--Maruyama, uniform t",Euler update,50,2,2,0,0.1545371650136076,0.2060495533514768,0.1214078888297081,0.2450301200151443,0.2711842656135559
uniform,em_uniform,"Euler--Maruyama, uniform t",Euler update,50,2,2,1,0.1567469759611413,0.2089959679481884,0.189791202545166,0.2119034677743911,0.2474551796913147
uniform,em_log,"Euler--Maruyama, log sigma",Euler update,5,2,2,0,0.0152760330238379,0.0203680440317839,0.2523363530635834,1.7186909914016724,4.397561550140381
uniform,em_log,"Euler--Maruyama, log sigma",Euler update,5,2,2,1,0.0146170749794691,0.0194894333059589,0.3111100494861603,1.4998786449432373,4.152689933776856
uniform,em_log,"Euler--Maruyama, log sigma",Euler update,10,2,2,0,0.0319231789908371,0.0425642386544495,0.1316789835691452,0.5335264801979065,0.7277686595916748
uniform,em_log,"Euler--Maruyama, log sigma",Euler update,10,2,2,1,0.0315459039993584,0.0420612053324778,0.204784408211708,0.508543848991394,0.7223818302154541
uniform,em_log,"Euler--Maruyama, log sigma",Euler update,20,2,2,0,0.0622464960324578,0.082995328043277,0.1573863476514816,0.2999941706657409,0.3146995306015014
uniform,em_log,"Euler--Maruyama, log sigma",Euler update,20,2,2,1,0.0615432519698515,0.0820576692931354,0.1358285993337631,0.2901456356048584,0.2998514175415039
uniform,em_log,"Euler--Maruyama, log sigma",Euler update,50,2,2,0,0.1556701710214838,0.2075602280286451,0.1216080412268638,0.1992571055889129,0.1610611081123352
uniform,em_log,"Euler--Maruyama, log sigma",Euler update,50,2,2,1,0.1589947920292616,0.2119930560390154,0.1721181422472,0.1827067136764526,0.1745964884757995
uniform,legacy_time_dpm,Legacy time-space DPM-1,DPM predictor,5,2,3,0,0.0147993380087427,0.0197324506783237,1.3428401947021484,0.1901106387376785,4.012746810913086
uniform,legacy_time_dpm,Legacy time-space DPM-1,DPM predictor,5,2,3,1,0.0148209200124256,0.0197612266832341,1.3229124546051023,0.2045106589794159,3.76813554763794
uniform,legacy_time_dpm,Legacy time-space DPM-1,DPM predictor,10,2,3,0,0.0298517550108954,0.0398023400145272,1.1909993886947632,0.2993105947971344,3.150094747543335
uniform,legacy_time_dpm,Legacy time-space DPM-1,DPM predictor,10,2,3,1,0.0459572740364819,0.0612763653819759,1.22139310836792,0.2698394358158111,3.318176507949829
uniform,legacy_time_dpm,Legacy time-space DPM-1,DPM predictor,20,2,3,0,0.0875216069980524,0.1166954759974032,1.249592900276184,0.3253425061702728,3.3759610652923584
uniform,legacy_time_dpm,Legacy time-space DPM-1,DPM predictor,20,2,3,1,0.0859185589943081,0.1145580786590774,1.21147358417511,0.3293457925319671,3.294885635375977
uniform,legacy_time_dpm,Legacy time-space DPM-1,DPM predictor,50,2,3,0,0.1921687689609825,0.2562250252813101,1.1560173034667969,0.2996620833873749,2.9934840202331543
uniform,legacy_time_dpm,Legacy time-space DPM-1,DPM predictor,50,2,3,1,0.167094390024431,0.2227925200325747,1.1905673742294312,0.3172595798969269,3.0591719150543213
uniform,sigma_uniform_dpm,"Sigma-space DPM-1, uniform t",DPM predictor,5,2,3,0,0.0158631690428592,0.0211508920571456,1.2819594144821167,0.1751243323087692,3.426018238067627
uniform,sigma_uniform_dpm,"Sigma-space DPM-1, uniform t",DPM predictor,5,2,3,1,0.0151106609846465,0.0201475479795287,1.2623445987701416,0.1955689787864685,3.241771697998047
uniform,sigma_uniform_dpm,"Sigma-space DPM-1, uniform t",DPM predictor,10,2,3,0,0.0312321799574419,0.0416429066099226,1.1077629327774048,0.2430583089590072,2.551877737045288
uniform,sigma_uniform_dpm,"Sigma-space DPM-1, uniform t",DPM predictor,10,2,3,1,0.0309997420408763,0.041332989387835,1.135547757148743,0.2151738703250885,2.7035393714904785
uniform,sigma_uniform_dpm,"Sigma-space DPM-1, uniform t",DPM predictor,20,2,3,0,0.0621860869578085,0.0829147826104114,1.1746398210525513,0.2716944515705108,2.869251251220703
uniform,sigma_uniform_dpm,"Sigma-space DPM-1, uniform t",DPM predictor,20,2,3,1,0.0613347649923525,0.0817796866564701,1.1374305486679075,0.272951602935791,2.768756628036499
uniform,sigma_uniform_dpm,"Sigma-space DPM-1, uniform t",DPM predictor,50,2,3,0,0.155782955000177,0.2077106066669027,1.109026312828064,0.2623944580554962,2.680625438690185
uniform,sigma_uniform_dpm,"Sigma-space DPM-1, uniform t",DPM predictor,50,2,3,1,0.1562879360280931,0.2083839147041241,1.1420564651489258,0.2800585031509399,2.7521002292633057
uniform,sigma_log_dpm,"Sigma-space DPM-1, log sigma",DPM predictor,5,2,3,0,0.0150401190039701,0.0200534920052935,1.2751303911209106,0.1569931954145431,3.582240581512451
uniform,sigma_log_dpm,"Sigma-space DPM-1, log sigma",DPM predictor,5,2,3,1,0.0154738610144704,0.0206318146859606,1.25583815574646,0.1720016151666641,3.366997003555298
uniform,sigma_log_dpm,"Sigma-space DPM-1, log sigma",DPM predictor,10,2,3,0,0.0307795800035819,0.0410394400047759,1.120110273361206,0.2377717047929763,2.707771062850952
uniform,sigma_log_dpm,"Sigma-space DPM-1, log sigma",DPM predictor,10,2,3,1,0.0320019909995608,0.0426693213327477,1.1479846239089966,0.2110719233751297,2.8669450283050537
uniform,sigma_log_dpm,"Sigma-space DPM-1, log sigma",DPM predictor,20,2,3,0,0.0637351499754004,0.0849801999672005,1.184359788894653,0.2705888450145721,2.970224618911743
uniform,sigma_log_dpm,"Sigma-space DPM-1, log sigma",DPM predictor,20,2,3,1,0.0622647879645228,0.0830197172860304,1.1475690603256226,0.2722554802894592,2.8772804737091064
uniform,sigma_log_dpm,"Sigma-space DPM-1, log sigma",DPM predictor,50,2,3,0,0.1562016440439038,0.208268858725205,1.1141996383666992,0.262981653213501,2.730349063873291
uniform,sigma_log_dpm,"Sigma-space DPM-1, log sigma",DPM predictor,50,2,3,1,0.1452415739768184,0.1936554319690913,1.1472392082214355,0.2800938785076141,2.798504590988159
uniform,dpm2_log,"DPM-2 + corrector, log sigma",Overall sampler,5,2,3,0,0.1020929560181684,0.1361239413575579,0.8360750079154968,0.3034855425357818,1.6268179416656494
uniform,dpm2_log,"DPM-2 + corrector, log sigma",Overall sampler,5,2,3,1,0.1036466869991272,0.138195582665503,0.885381281375885,0.2866887748241424,1.7576621770858765
uniform,dpm2_log,"DPM-2 + corrector, log sigma",Overall sampler,10,2,3,0,0.14852265099762,0.1980302013301601,0.9055678248405457,0.2833826243877411,1.7832303047180176
uniform,dpm2_log,"DPM-2 + corrector, log sigma",Overall sampler,10,2,3,1,0.1495393190416507,0.199385758722201,0.9176891446113586,0.2476150840520858,1.886744737625122
uniform,dpm2_log,"DPM-2 + corrector, log sigma",Overall sampler,20,2,3,0,0.2469341060495935,0.3292454747327913,0.8278217911720276,0.2678194046020508,1.501774549484253
uniform,dpm2_log,"DPM-2 + corrector, log sigma",Overall sampler,20,2,3,1,0.2437650740030221,0.3250200986706962,0.817836344242096,0.2272954434156417,1.4809401035308838
uniform,dpm2_log,"DPM-2 + corrector, log sigma",Overall sampler,50,2,3,0,0.5091216469882056,0.6788288626509408,0.6431782245635986,0.1273858994245529,0.9362590909004213
uniform,dpm2_log,"DPM-2 + corrector, log sigma",Overall sampler,50,2,3,1,0.5197119169752114,0.6929492226336151,0.6264690160751343,0.1445380300283432,0.8920880556106567
uniform,legacy_drift_euler,Legacy drift-only Euler,Euler update,5,2,3,0,0.0150664700195193,0.0200886266926924,1.1290993690490725,0.1269534826278686,6.988320350646973
uniform,legacy_drift_euler,Legacy drift-only Euler,Euler update,5,2,3,1,0.013890973990783,0.0185212986543774,1.1192859411239624,0.122628316283226,6.782492637634277
uniform,legacy_drift_euler,Legacy drift-only Euler,Euler update,10,2,3,0,0.029906318988651,0.039875091984868,0.9026622772216796,0.1419826298952102,7.04289436340332
uniform,legacy_drift_euler,Legacy drift-only Euler,Euler update,10,2,3,1,0.0294273869949392,0.0392365159932524,0.913490355014801,0.1453898847103119,7.500876903533935
uniform,legacy_drift_euler,Legacy drift-only Euler,Euler update,20,2,3,0,0.0606736890040338,0.0808982520053784,0.8325151205062866,0.1505014151334762,7.837393760681152
uniform,legacy_drift_euler,Legacy drift-only Euler,Euler update,20,2,3,1,0.0611182149732485,0.0814909532976647,0.8206526041030884,0.1511788070201873,7.534623146057129
uniform,legacy_drift_euler,Legacy drift-only Euler,Euler update,50,2,3,0,0.152060569031164,0.2027474253748854,0.7400637269020081,0.1598258167505264,8.3138427734375
uniform,legacy_drift_euler,Legacy drift-only Euler,Euler update,50,2,3,1,0.1478555659996345,0.1971407546661794,0.750048816204071,0.15778449177742,8.714215278625488
uniform,em_uniform,"Euler--Maruyama, uniform t",Euler update,5,2,3,0,0.0153514789999462,0.020468638666595,1.169273018836975,1.0288375616073608,5.35455846786499
uniform,em_uniform,"Euler--Maruyama, uniform t",Euler update,5,2,3,1,0.0139023950323462,0.0185365267097949,1.2184025049209597,1.0301681756973269,5.545935153961182
uniform,em_uniform,"Euler--Maruyama, uniform t",Euler update,10,2,3,0,0.0298257249523885,0.0397676332698514,0.9608002305030824,0.5316295027732849,2.7280564308166504
uniform,em_uniform,"Euler--Maruyama, uniform t",Euler update,10,2,3,1,0.0295557859935797,0.0394077146581063,0.963741660118103,0.536207914352417,2.877470016479492
uniform,em_uniform,"Euler--Maruyama, uniform t",Euler update,20,2,3,0,0.0602093189954757,0.0802790919939677,0.8597269058227539,0.4471033811569214,2.026486873626709
uniform,em_uniform,"Euler--Maruyama, uniform t",Euler update,20,2,3,1,0.0604957120376639,0.0806609493835518,0.8687120676040649,0.3859398961067199,2.011512041091919
uniform,em_uniform,"Euler--Maruyama, uniform t",Euler update,50,2,3,0,0.1513577440055087,0.2018103253406783,0.8039689660072327,0.2851315438747406,1.5989351272583008
uniform,em_uniform,"Euler--Maruyama, uniform t",Euler update,50,2,3,1,0.1557351669762283,0.2076468893016378,0.7967569828033447,0.2530756890773773,1.5386714935302734
uniform,em_log,"Euler--Maruyama, log sigma",Euler update,5,2,3,0,0.0143817700445652,0.0191756933927536,1.1537883281707764,1.6771433353424072,6.551292419433594
uniform,em_log,"Euler--Maruyama, log sigma",Euler update,5,2,3,1,0.0155780460336245,0.0207707280448327,1.196534276008606,1.9105349779129028,7.237825393676758
uniform,em_log,"Euler--Maruyama, log sigma",Euler update,10,2,3,0,0.0302524860017001,0.0403366480022668,0.921400547027588,0.5535101294517517,2.297086000442505
uniform,em_log,"Euler--Maruyama, log sigma",Euler update,10,2,3,1,0.0303645439562387,0.0404860586083183,0.9093506932258606,0.564069926738739,2.431168556213379
uniform,em_log,"Euler--Maruyama, log sigma",Euler update,20,2,3,0,0.061645028006751,0.0821933706756681,0.777259111404419,0.3901272118091583,1.5506104230880735
uniform,em_log,"Euler--Maruyama, log sigma",Euler update,20,2,3,1,0.0607291419873945,0.080972189316526,0.7726185917854309,0.3234612345695495,1.472973346710205
uniform,em_log,"Euler--Maruyama, log sigma",Euler update,50,2,3,0,0.1549459689995274,0.2065946253327032,0.7583057880401611,0.2178751677274704,1.332606077194214
uniform,em_log,"Euler--Maruyama, log sigma",Euler update,50,2,3,1,0.1553849109914153,0.2071798813218871,0.7503190040588379,0.2270067483186721,1.2938851118087769
mixture,legacy_time_dpm,Legacy time-space DPM-1,DPM predictor,5,0,0,0,0.0137434109929017,0.0183245479905356,0.2446789294481277,0.1563280671834945,0.543140709400177
mixture,legacy_time_dpm,Legacy time-space DPM-1,DPM predictor,5,0,0,1,0.0151631380431354,0.0202175173908472,0.2457620948553085,0.1708709299564361,0.5309483408927917
mixture,legacy_time_dpm,Legacy time-space DPM-1,DPM predictor,10,0,0,0,0.0291932389955036,0.0389243186606715,0.2497556805610656,0.2707179188728332,0.744968831539154
mixture,legacy_time_dpm,Legacy time-space DPM-1,DPM predictor,10,0,0,1,0.0293174299877136,0.0390899066502849,0.2313334941864013,0.2663017511367798,0.6311290860176086
mixture,legacy_time_dpm,Legacy time-space DPM-1,DPM predictor,20,0,0,0,0.058353831002023,0.0778051080026974,0.2487110048532486,0.2906239628791809,0.6689741015434265
mixture,legacy_time_dpm,Legacy time-space DPM-1,DPM predictor,20,0,0,1,0.0580990349990315,0.0774653799987087,0.2156392931938171,0.3019351065158844,0.696395754814148
mixture,legacy_time_dpm,Legacy time-space DPM-1,DPM predictor,50,0,0,0,0.1489351380150765,0.198580184020102,0.2503611445426941,0.3639160990715027,0.727543830871582
mixture,legacy_time_dpm,Legacy time-space DPM-1,DPM predictor,50,0,0,1,0.1480212829774245,0.197361710636566,0.2071230858564376,0.2913845479488373,0.5908921957015991
mixture,sigma_uniform_dpm,"Sigma-space DPM-1, uniform t",DPM predictor,5,0,0,0,0.0146243560011498,0.0194991413348664,0.197845920920372,0.1498765051364898,0.3722003698348999
mixture,sigma_uniform_dpm,"Sigma-space DPM-1, uniform t",DPM predictor,5,0,0,1,0.0141893590334802,0.0189191453779737,0.2006107866764068,0.1659177541732788,0.4003861546516418
mixture,sigma_uniform_dpm,"Sigma-space DPM-1, uniform t",DPM predictor,10,0,0,0,0.0319977960316464,0.0426637280421952,0.1993709653615951,0.2224661856889724,0.4195550680160522
mixture,sigma_uniform_dpm,"Sigma-space DPM-1, uniform t",DPM predictor,10,0,0,1,0.0293727630050852,0.0391636840067803,0.1880982369184494,0.220493882894516,0.3677263259887695
mixture,sigma_uniform_dpm,"Sigma-space DPM-1, uniform t",DPM predictor,20,0,0,0,0.0621254330035299,0.0828339106713732,0.2197527140378952,0.2469361424446106,0.4511095881462097
mixture,sigma_uniform_dpm,"Sigma-space DPM-1, uniform t",DPM predictor,20,0,0,1,0.0601456059957854,0.0801941413277139,0.1855617314577102,0.256504088640213,0.4501036405563354
mixture,sigma_uniform_dpm,"Sigma-space DPM-1, uniform t",DPM predictor,50,0,0,0,0.1511944170342758,0.2015925560457011,0.2346761971712112,0.3303617238998413,0.5835772156715393
mixture,sigma_uniform_dpm,"Sigma-space DPM-1, uniform t",DPM predictor,50,0,0,1,0.1534862710395828,0.2046483613861104,0.1923454403877258,0.2614640593528747,0.4572234749794006
mixture,sigma_log_dpm,"Sigma-space DPM-1, log sigma",DPM predictor,5,0,0,0,0.0142506349948234,0.0190008466597646,0.2403181344270706,0.1310840100049972,0.4775136709213257
mixture,sigma_log_dpm,"Sigma-space DPM-1, log sigma",DPM predictor,5,0,0,1,0.0152058829553425,0.0202745106071233,0.2415055632591247,0.1454225033521652,0.4733177423477173
mixture,sigma_log_dpm,"Sigma-space DPM-1, log sigma",DPM predictor,10,0,0,0,0.0304694069782271,0.0406258759709695,0.2327681183815002,0.2221826612949371,0.5614579916000366
mixture,sigma_log_dpm,"Sigma-space DPM-1, log sigma",DPM predictor,10,0,0,1,0.0303569649695418,0.0404759532927225,0.2176047563552856,0.2189565896987915,0.4760729074478149
mixture,sigma_log_dpm,"Sigma-space DPM-1, log sigma",DPM predictor,20,0,0,0,0.0600398950045928,0.0800531933394571,0.2341976165771484,0.2479078471660614,0.5185156464576721
mixture,sigma_log_dpm,"Sigma-space DPM-1, log sigma",DPM predictor,20,0,0,1,0.0607237860094755,0.0809650480126341,0.2011290192604065,0.2578530609607696,0.5278520584106445
mixture,sigma_log_dpm,"Sigma-space DPM-1, log sigma",DPM predictor,50,0,0,0,0.1499541469966061,0.1999388626621415,0.2400650084018707,0.3308712244033813,0.6137552261352539
mixture,sigma_log_dpm,"Sigma-space DPM-1, log sigma",DPM predictor,50,0,0,1,0.1508448459790088,0.2011264613053451,0.197843998670578,0.2620985209941864,0.4862198829650879
mixture,dpm2_log,"DPM-2 + corrector, log sigma",Overall sampler,5,0,0,0,0.1038912169751711,0.1385216226335615,0.0923758447170257,0.2942926287651062,0.3452291488647461
mixture,dpm2_log,"DPM-2 + corrector, log sigma",Overall sampler,5,0,0,1,0.1035115899867378,0.1380154533156504,0.1310096681118011,0.320172518491745,0.3860279321670532
mixture,dpm2_log,"DPM-2 + corrector, log sigma",Overall sampler,10,0,0,0,0.1524153379723429,0.2032204506297906,0.1775809824466705,0.295777827501297,0.4389852881431579
mixture,dpm2_log,"DPM-2 + corrector, log sigma",Overall sampler,10,0,0,1,0.1486265449784696,0.1981687266379594,0.1738168448209762,0.2554864585399627,0.360923171043396
mixture,dpm2_log,"DPM-2 + corrector, log sigma",Overall sampler,20,0,0,0,0.2403103790129535,0.3204138386839379,0.1484977006912231,0.2357988953590393,0.2469847202301025
mixture,dpm2_log,"DPM-2 + corrector, log sigma",Overall sampler,20,0,0,1,0.2358930380432866,0.3145240507243822,0.1169420927762985,0.2800998091697693,0.2884050011634826
mixture,dpm2_log,"DPM-2 + corrector, log sigma",Overall sampler,50,0,0,0,0.5076806469587609,0.6769075292783479,0.071955107152462,0.1973585486412048,0.14221853017807
mixture,dpm2_log,"DPM-2 + corrector, log sigma",Overall sampler,50,0,0,1,0.5115554679650813,0.6820739572867751,0.0835823565721511,0.1850160807371139,0.1318927407264709
mixture,legacy_drift_euler,Legacy drift-only Euler,Euler update,5,0,0,0,0.0145356369903311,0.0193808493204414,0.1490692347288131,0.1254922002553939,6.5150465965271
mixture,legacy_drift_euler,Legacy drift-only Euler,Euler update,5,0,0,1,0.0151150419842451,0.0201533893123269,0.1519286483526229,0.1222448274493217,7.21277379989624
mixture,legacy_drift_euler,Legacy drift-only Euler,Euler update,10,0,0,0,0.0305418490315787,0.0407224653754383,0.1240227818489074,0.1355805844068527,7.465381622314453
mixture,legacy_drift_euler,Legacy drift-only Euler,Euler update,10,0,0,1,0.0295136480126529,0.0393515306835373,0.1228893399238586,0.1363975554704666,8.080817222595215
mixture,legacy_drift_euler,Legacy drift-only Euler,Euler update,20,0,0,0,0.0607570629799738,0.0810094173066318,0.1236409395933151,0.1438254117965698,8.790034294128418
mixture,legacy_drift_euler,Legacy drift-only Euler,Euler update,20,0,0,1,0.060354251996614,0.0804723359954853,0.1074703261256218,0.142920508980751,7.722504615783691
mixture,legacy_drift_euler,Legacy drift-only Euler,Euler update,50,0,0,0,0.1520075750304386,0.2026767667072514,0.1218790039420127,0.1428468823432922,9.395830154418944
mixture,legacy_drift_euler,Legacy drift-only Euler,Euler update,50,0,0,1,0.150947371032089,0.2012631613761186,0.1062273159623146,0.1501020640134811,9.424792289733888
mixture,em_uniform,"Euler--Maruyama, uniform t",Euler update,5,0,0,0,0.0156448740162886,0.0208598320217182,0.1086253896355629,0.9228270649909972,2.982871532440185
mixture,em_uniform,"Euler--Maruyama, uniform t",Euler update,5,0,0,1,0.0142731190426275,0.01903082539017,0.1768373996019363,1.0565903186798096,3.3025054931640625
mixture,em_uniform,"Euler--Maruyama, uniform t",Euler update,10,0,0,0,0.0303307180292904,0.0404409573723872,0.1731499135494232,0.5854147672653198,1.4292724132537842
mixture,em_uniform,"Euler--Maruyama, uniform t",Euler update,10,0,0,1,0.0299374269670806,0.0399165692894409,0.1737294644117355,0.4499554634094238,1.1479239463806152
mixture,em_uniform,"Euler--Maruyama, uniform t",Euler update,20,0,0,0,0.061589814024046,0.0821197520320614,0.1418555974960327,0.3977145254611969,0.6849909424781799
mixture,em_uniform,"Euler--Maruyama, uniform t",Euler update,20,0,0,1,0.0623699480202049,0.0831599306936065,0.1092730611562728,0.4222877025604248,0.7520858645439148
mixture,em_uniform,"Euler--Maruyama, uniform t",Euler update,50,0,0,0,0.1542698600096628,0.2056931466795504,0.099312387406826,0.3078165650367737,0.3816632628440857
mixture,em_uniform,"Euler--Maruyama, uniform t",Euler update,50,0,0,1,0.1534056559903547,0.2045408746538063,0.069950096309185,0.3173659443855285,0.4052726626396179
mixture,em_log,"Euler--Maruyama, log sigma",Euler update,5,0,0,0,0.0157094149617478,0.0209458866156637,0.1554894894361496,1.5734221935272217,3.845484972000122
mixture,em_log,"Euler--Maruyama, log sigma",Euler update,5,0,0,1,0.0142247410258278,0.0189663213677704,0.2063682824373245,1.6965500116348269,4.328987121582031
mixture,em_log,"Euler--Maruyama, log sigma",Euler update,10,0,0,0,0.0311446929699741,0.0415262572932988,0.1611160337924957,0.5950824022293091,0.9894918203353882
mixture,em_log,"Euler--Maruyama, log sigma",Euler update,10,0,0,1,0.0316981059731915,0.0422641412975887,0.1577004194259643,0.4936768114566803,0.8010688424110413
mixture,em_log,"Euler--Maruyama, log sigma",Euler update,20,0,0,0,0.0621019450481981,0.0828025933975974,0.13908152282238,0.3465908765792846,0.417734682559967
mixture,em_log,"Euler--Maruyama, log sigma",Euler update,20,0,0,1,0.0623251809738576,0.0831002412984768,0.1101922690868377,0.3841667473316192,0.446887731552124
mixture,em_log,"Euler--Maruyama, log sigma",Euler update,50,0,0,0,0.1547012400114908,0.2062683200153211,0.0957724228501319,0.2922317385673523,0.2946367859840393
mixture,em_log,"Euler--Maruyama, log sigma",Euler update,50,0,0,1,0.1575851839734241,0.2101135786312321,0.0908329039812088,0.2653768658638,0.2501672506332397
mixture,legacy_time_dpm,Legacy time-space DPM-1,DPM predictor,5,0,1,0,0.0135201780358329,0.0180269040477772,0.4468422532081604,0.1862037032842636,1.900494933128357
mixture,legacy_time_dpm,Legacy time-space DPM-1,DPM predictor,5,0,1,1,0.015066382009536,0.020088509346048,0.4473331272602081,0.2013613879680633,1.934309959411621
mixture,legacy_time_dpm,Legacy time-space DPM-1,DPM predictor,10,0,1,0,0.0330579869914799,0.0440773159886399,0.4178864657878876,0.272323340177536,1.8069019317626955
mixture,legacy_time_dpm,Legacy time-space DPM-1,DPM predictor,10,0,1,1,0.0321725120302289,0.0428966827069719,0.4033237993717193,0.2393585443496704,1.6669563055038452
mixture,legacy_time_dpm,Legacy time-space DPM-1,DPM predictor,20,0,1,0,0.0623177579836919,0.0830903439782559,0.3557392060756683,0.3588900566101074,1.549506902694702
mixture,legacy_time_dpm,Legacy time-space DPM-1,DPM predictor,20,0,1,1,0.0616057279985398,0.0821409706647197,0.3831403255462646,0.316970556974411,1.6408674716949463
mixture,legacy_time_dpm,Legacy time-space DPM-1,DPM predictor,50,0,1,0,0.1471937900059856,0.1962583866746475,0.3661538362503052,0.3229211866855621,1.557355284690857
mixture,legacy_time_dpm,Legacy time-space DPM-1,DPM predictor,50,0,1,1,0.1472658599959686,0.1963544799946248,0.369457870721817,0.3171877861022949,1.567540407180786
mixture,sigma_uniform_dpm,"Sigma-space DPM-1, uniform t",DPM predictor,5,0,1,0,0.0143581879674457,0.0191442506232609,0.3422600030899048,0.1751775294542312,1.27378511428833
mixture,sigma_uniform_dpm,"Sigma-space DPM-1, uniform t",DPM predictor,5,0,1,1,0.0159942129976116,0.0213256173301488,0.3427739143371582,0.1898272782564163,1.279133439064026
mixture,sigma_uniform_dpm,"Sigma-space DPM-1, uniform t",DPM predictor,10,0,1,0,0.0313778910203836,0.0418371880271782,0.3154024481773376,0.2230605036020279,1.1343034505844116
mixture,sigma_uniform_dpm,"Sigma-space DPM-1, uniform t",DPM predictor,10,0,1,1,0.0315755800111219,0.0421007733481625,0.3040002286434173,0.1929133236408233,1.0501309633255005
mixture,sigma_uniform_dpm,"Sigma-space DPM-1, uniform t",DPM predictor,20,0,1,0,0.0639416569611057,0.0852555426148076,0.2941918075084686,0.309464156627655,1.1002750396728516
mixture,sigma_uniform_dpm,"Sigma-space DPM-1, uniform t",DPM predictor,20,0,1,1,0.0599796469905413,0.0799728626540551,0.3170434534549713,0.2702686488628387,1.1756237745285034
mixture,sigma_uniform_dpm,"Sigma-space DPM-1, uniform t",DPM predictor,50,0,1,0,0.1542403069906868,0.205653742654249,0.3288963437080383,0.2903849482536316,1.276961088180542
mixture,sigma_uniform_dpm,"Sigma-space DPM-1, uniform t",DPM predictor,50,0,1,1,0.1477466679643839,0.1969955572858452,0.3318277299404144,0.2850285768508911,1.2835006713867188
mixture,sigma_log_dpm,"Sigma-space DPM-1, log sigma",DPM predictor,5,0,1,0,0.015515268954914,0.0206870252732187,0.4229855835437774,0.1617492437362671,1.7227885723114014
mixture,sigma_log_dpm,"Sigma-space DPM-1, log sigma",DPM predictor,5,0,1,1,0.0142112949979491,0.0189483933305988,0.4240125715732574,0.1762884557247162,1.748897671699524
mixture,sigma_log_dpm,"Sigma-space DPM-1, log sigma",DPM predictor,10,0,1,0,0.0299553759978152,0.0399405013304203,0.3768452703952789,0.2242129445075988,1.478632926940918
mixture,sigma_log_dpm,"Sigma-space DPM-1, log sigma",DPM predictor,10,0,1,1,0.0302440910018049,0.0403254546690732,0.3639857769012451,0.1942251324653625,1.3691788911819458
mixture,sigma_log_dpm,"Sigma-space DPM-1, log sigma",DPM predictor,20,0,1,0,0.0610529219848103,0.0814038959797471,0.3227925300598144,0.3109700679779053,1.2672330141067505
mixture,sigma_log_dpm,"Sigma-space DPM-1, log sigma",DPM predictor,20,0,1,1,0.0590886150021106,0.0787848200028141,0.3471696376800537,0.2718529999256134,1.3529775142669678
mixture,sigma_log_dpm,"Sigma-space DPM-1, log sigma",DPM predictor,50,0,1,0,0.1487985550193116,0.1983980733590821,0.3411280810832977,0.2914180755615234,1.3528038263320925
mixture,sigma_log_dpm,"Sigma-space DPM-1, log sigma",DPM predictor,50,0,1,1,0.1497656620340421,0.1996875493787229,0.3441809713840484,0.2861276566982269,1.360602855682373
mixture,dpm2_log,"DPM-2 + corrector, log sigma",Overall sampler,5,0,1,0,0.1039156230399385,0.1385541640532513,0.1791784912347793,0.3557397723197937,0.6872822046279907
mixture,dpm2_log,"DPM-2 + corrector, log sigma",Overall sampler,5,0,1,1,0.1025800229981541,0.1367733639975389,0.1696256250143051,0.308069109916687,0.6149630546569824
mixture,dpm2_log,"DPM-2 + corrector, log sigma",Overall sampler,10,0,1,0,0.1469356919988058,0.1959142559984078,0.2159156650304794,0.2977431118488312,0.7184997797012329
mixture,dpm2_log,"DPM-2 + corrector, log sigma",Overall sampler,10,0,1,1,0.1467325639678165,0.1956434186237553,0.2181963473558426,0.3147956132888794,0.7369122505187988
mixture,dpm2_log,"DPM-2 + corrector, log sigma",Overall sampler,20,0,1,0,0.2400319629814475,0.3200426173085968,0.1515496671199798,0.2755978405475616,0.4652142524719238
mixture,dpm2_log,"DPM-2 + corrector, log sigma",Overall sampler,20,0,1,1,0.2396374369855038,0.3195165826473385,0.1467281281948089,0.2700773775577545,0.4370105266571045
mixture,dpm2_log,"DPM-2 + corrector, log sigma",Overall sampler,50,0,1,0,0.5091761439689435,0.6789015252919247,0.0856617465615272,0.1721263527870178,0.1860381960868835
mixture,dpm2_log,"DPM-2 + corrector, log sigma",Overall sampler,50,0,1,1,0.5130680250003934,0.6840907000005245,0.0904403924942016,0.1817958056926727,0.1941242814064026
mixture,legacy_drift_euler,Legacy drift-only Euler,Euler update,5,0,1,0,0.0140793700120411,0.0187724933493882,0.2164359539747238,0.1196671649813652,4.864921569824219
mixture,legacy_drift_euler,Legacy drift-only Euler,Euler update,5,0,1,1,0.0150021139997988,0.0200028186663985,0.2155256122350692,0.1172390878200531,4.4723968505859375
mixture,legacy_drift_euler,Legacy drift-only Euler,Euler update,10,0,1,0,0.030185898009222,0.040247864012296,0.1466753929853439,0.1355752646923065,5.755977630615234
mixture,legacy_drift_euler,Legacy drift-only Euler,Euler update,10,0,1,1,0.0304998100036755,0.040666413338234,0.144526794552803,0.1396079957485199,6.164237976074219
mixture,legacy_drift_euler,Legacy drift-only Euler,Euler update,20,0,1,0,0.0595459259930066,0.0793945679906755,0.1178353652358055,0.1369796991348266,5.839224815368652
mixture,legacy_drift_euler,Legacy drift-only Euler,Euler update,20,0,1,1,0.0598810390220023,0.0798413853626698,0.1218042969703674,0.1408899575471878,6.262454032897949
mixture,legacy_drift_euler,Legacy drift-only Euler,Euler update,50,0,1,0,0.1524763500201515,0.2033018000268688,0.1085060834884643,0.1468541175127029,6.80411434173584
mixture,legacy_drift_euler,Legacy drift-only Euler,Euler update,50,0,1,1,0.1502257969696074,0.2003010626261433,0.1089082807302475,0.1474207490682602,6.688712596893311
mixture,em_uniform,"Euler--Maruyama, uniform t",Euler update,5,0,1,0,0.0151683129952289,0.0202244173269718,0.2903835475444793,0.9713516235351562,3.72461462020874
mixture,em_uniform,"Euler--Maruyama, uniform t",Euler update,5,0,1,1,0.0141193669987842,0.0188258226650456,0.2577479779720306,0.9316999316215516,3.679101705551148
mixture,em_uniform,"Euler--Maruyama, uniform t",Euler update,10,0,1,0,0.0299833119497634,0.0399777492663512,0.1812066584825515,0.5449398756027222,1.4835240840911863
mixture,em_uniform,"Euler--Maruyama, uniform t",Euler update,10,0,1,1,0.0304264400037936,0.0405685866717249,0.1787972152233123,0.5905970335006714,1.4559311866760254
mixture,em_uniform,"Euler--Maruyama, uniform t",Euler update,20,0,1,0,0.0613531270064413,0.0818041693419218,0.1183089315891265,0.4268410503864288,0.8266560435295105
mixture,em_uniform,"Euler--Maruyama, uniform t",Euler update,20,0,1,1,0.0616711780312471,0.0822282373749961,0.1316062808036804,0.3581836223602295,0.7637918591499329
mixture,em_uniform,"Euler--Maruyama, uniform t",Euler update,50,0,1,0,0.153017096046824,0.2040227947290986,0.1254047006368637,0.3358139395713806,0.5533456802368164
mixture,em_uniform,"Euler--Maruyama, uniform t",Euler update,50,0,1,1,0.155124167969916,0.206832223959888,0.1225927248597145,0.3199144005775451,0.5339594483375549
mixture,em_log,"Euler--Maruyama, log sigma",Euler update,5,0,1,0,0.0143668669625185,0.0191558226166913,0.2806473672389984,1.4485223293304443,4.61006498336792
mixture,em_log,"Euler--Maruyama, log sigma",Euler update,5,0,1,1,0.0151203899877145,0.0201605199836194,0.3137495517730713,1.513624906539917,4.590483665466309
mixture,em_log,"Euler--Maruyama, log sigma",Euler update,10,0,1,0,0.0300519610173068,0.0400692813564091,0.1490587592124939,0.5801205635070801,1.0965712070465088
mixture,em_log,"Euler--Maruyama, log sigma",Euler update,10,0,1,1,0.0301041869679465,0.0401389159572621,0.1628407537937164,0.6395728588104248,1.153827667236328
mixture,em_log,"Euler--Maruyama, log sigma",Euler update,20,0,1,0,0.0598356319824233,0.0797808426432311,0.126471996307373,0.3654937744140625,0.5800336599349976
mixture,em_log,"Euler--Maruyama, log sigma",Euler update,20,0,1,1,0.0596903400146402,0.0795871200195203,0.107559360563755,0.3696387410163879,0.5382027626037598
mixture,em_log,"Euler--Maruyama, log sigma",Euler update,50,0,1,0,0.1558471670141443,0.2077962226855258,0.116220898926258,0.234917551279068,0.3419234752655029
mixture,em_log,"Euler--Maruyama, log sigma",Euler update,50,0,1,1,0.1551171640167012,0.2068228853556017,0.1148548796772956,0.260083258152008,0.37404865026474
mixture,legacy_time_dpm,Legacy time-space DPM-1,DPM predictor,5,0,2,0,0.0136609679902903,0.0182146239870538,0.3069221973419189,0.1371211558580398,0.3056559562683105
mixture,legacy_time_dpm,Legacy time-space DPM-1,DPM predictor,5,0,2,1,0.0144740069517865,0.0192986759357154,0.3001583516597748,0.1342109143733978,0.2812051177024841
mixture,legacy_time_dpm,Legacy time-space DPM-1,DPM predictor,10,0,2,0,0.0281179910525679,0.0374906547367572,0.2111826390028,0.3313110470771789,0.4775241613388061
mixture,legacy_time_dpm,Legacy time-space DPM-1,DPM predictor,10,0,2,1,0.0277557180379517,0.0370076240506023,0.2625907659530639,0.2617102563381195,0.4087296724319458
mixture,legacy_time_dpm,Legacy time-space DPM-1,DPM predictor,20,0,2,0,0.057866743998602,0.0771556586648027,0.268782377243042,0.2982942759990692,0.5365326404571533
mixture,legacy_time_dpm,Legacy time-space DPM-1,DPM predictor,20,0,2,1,0.0576163189834915,0.0768217586446553,0.2944006323814392,0.2865998446941376,0.5012394189834595
mixture,legacy_time_dpm,Legacy time-space DPM-1,DPM predictor,50,0,2,0,0.1471125590032898,0.196150078671053,0.2547163963317871,0.2616711854934692,0.4058932065963745
mixture,legacy_time_dpm,Legacy time-space DPM-1,DPM predictor,50,0,2,1,0.1478145869914442,0.1970861159885923,0.288736492395401,0.2519868910312652,0.4294204711914062
mixture,sigma_uniform_dpm,"Sigma-space DPM-1, uniform t",DPM predictor,5,0,2,0,0.0155097679817117,0.0206796906422823,0.2953925132751465,0.1340611726045608,0.3326815366744995
mixture,sigma_uniform_dpm,"Sigma-space DPM-1, uniform t",DPM predictor,5,0,2,1,0.0138503140187822,0.0184670853583763,0.2888888716697693,0.1332796961069107,0.3455603122711181
mixture,sigma_uniform_dpm,"Sigma-space DPM-1, uniform t",DPM predictor,10,0,2,0,0.0293643479817546,0.0391524639756729,0.1959515213966369,0.2836536467075348,0.297679603099823
mixture,sigma_uniform_dpm,"Sigma-space DPM-1, uniform t",DPM predictor,10,0,2,1,0.0290827529970556,0.0387770039960742,0.2457881271839141,0.2197183072566986,0.272590696811676
mixture,sigma_uniform_dpm,"Sigma-space DPM-1, uniform t",DPM predictor,20,0,2,0,0.0592860159813426,0.0790480213084568,0.2531502544879913,0.2548085153102875,0.3594505190849304
mixture,sigma_uniform_dpm,"Sigma-space DPM-1, uniform t",DPM predictor,20,0,2,1,0.0590566570172086,0.0787422093562781,0.2787683606147766,0.2437434643507003,0.3475686907768249
mixture,sigma_uniform_dpm,"Sigma-space DPM-1, uniform t",DPM predictor,50,0,2,0,0.1531333739985712,0.2041778319980949,0.2459980398416519,0.2341261953115463,0.3168755173683166
mixture,sigma_uniform_dpm,"Sigma-space DPM-1, uniform t",DPM predictor,50,0,2,1,0.1535097809974104,0.2046797079965472,0.27945476770401,0.224649891257286,0.3401606678962707
mixture,sigma_log_dpm,"Sigma-space DPM-1, log sigma",DPM predictor,5,0,2,0,0.0141614860040135,0.0188819813386847,0.3048227727413177,0.1136884167790412,0.2771260142326355
mixture,sigma_log_dpm,"Sigma-space DPM-1, log sigma",DPM predictor,5,0,2,1,0.0157683200086466,0.0210244266781955,0.2995858490467071,0.1118785738945007,0.2598474025726318
mixture,sigma_log_dpm,"Sigma-space DPM-1, log sigma",DPM predictor,10,0,2,0,0.0306639050249941,0.0408852066999922,0.2041801959276199,0.2805933058261871,0.343230128288269
mixture,sigma_log_dpm,"Sigma-space DPM-1, log sigma",DPM predictor,10,0,2,1,0.0305912859621457,0.040788381282861,0.2537923753261566,0.2171588987112045,0.2988659143447876
mixture,sigma_log_dpm,"Sigma-space DPM-1, log sigma",DPM predictor,20,0,2,0,0.0599753580172546,0.0799671440230061,0.2580406367778778,0.2552091181278229,0.4007288217544555
mixture,sigma_log_dpm,"Sigma-space DPM-1, log sigma",DPM predictor,20,0,2,1,0.0620444869855418,0.0827259826473891,0.2832183539867401,0.2441463619470596,0.3803563117980957
mixture,sigma_log_dpm,"Sigma-space DPM-1, log sigma",DPM predictor,50,0,2,0,0.1507753829937428,0.2010338439916571,0.2478305846452713,0.2344634383916854,0.330828309059143
mixture,sigma_log_dpm,"Sigma-space DPM-1, log sigma",DPM predictor,50,0,2,1,0.1526369979837909,0.2035159973117212,0.2811928391456604,0.2252404391765594,0.354357361793518
mixture,dpm2_log,"DPM-2 + corrector, log sigma",Overall sampler,5,0,2,0,0.1050731879658997,0.1400975839545329,0.2237622290849685,0.2992035746574402,0.3938422203063965
mixture,dpm2_log,"DPM-2 + corrector, log sigma",Overall sampler,5,0,2,1,0.1058748519863002,0.1411664693150669,0.2729265093803406,0.2690212726593017,0.3876939415931701
mixture,dpm2_log,"DPM-2 + corrector, log sigma",Overall sampler,10,0,2,0,0.1482988090137951,0.1977317453517268,0.1459011137485504,0.3389233350753784,0.3374928832054138
mixture,dpm2_log,"DPM-2 + corrector, log sigma",Overall sampler,10,0,2,1,0.1458992019761353,0.1945322693015138,0.2218310087919235,0.2670746743679046,0.3068294525146484
mixture,dpm2_log,"DPM-2 + corrector, log sigma",Overall sampler,20,0,2,0,0.2428980319527909,0.3238640426037212,0.1879512369632721,0.2663590013980865,0.2754921913146972
mixture,dpm2_log,"DPM-2 + corrector, log sigma",Overall sampler,20,0,2,1,0.239140939025674,0.3188545853675653,0.1786698997020721,0.2346525341272354,0.2437708973884582
mixture,dpm2_log,"DPM-2 + corrector, log sigma",Overall sampler,50,0,2,0,0.5171601639594883,0.6895468852793177,0.1196843311190605,0.1724563837051391,0.1318675279617309
mixture,dpm2_log,"DPM-2 + corrector, log sigma",Overall sampler,50,0,2,1,0.5223758629872464,0.6965011506496618,0.1683183908462524,0.1607275307178497,0.1478320956230163
mixture,legacy_drift_euler,Legacy drift-only Euler,Euler update,5,0,2,0,0.0157268309849314,0.0209691079799085,0.2280553132295608,0.1328749507665634,13.79599952697754
mixture,legacy_drift_euler,Legacy drift-only Euler,Euler update,5,0,2,1,0.0141228989814408,0.0188305319752544,0.2249810546636581,0.1337917149066925,14.753479957580566
mixture,legacy_drift_euler,Legacy drift-only Euler,Euler update,10,0,2,0,0.0305170799838379,0.0406894399784505,0.1578533202409744,0.1339617222547531,10.542688369750977
mixture,legacy_drift_euler,Legacy drift-only Euler,Euler update,10,0,2,1,0.0298662750283256,0.0398217000377674,0.1770523786544799,0.1420834809541702,12.079408645629885
mixture,legacy_drift_euler,Legacy drift-only Euler,Euler update,20,0,2,0,0.0603182720369659,0.0804243627159545,0.1634280830621719,0.1489735692739486,10.66659450531006
mixture,legacy_drift_euler,Legacy drift-only Euler,Euler update,20,0,2,1,0.0605923630064353,0.0807898173419137,0.1730495244264602,0.1491392701864242,11.657456398010254
mixture,legacy_drift_euler,Legacy drift-only Euler,Euler update,50,0,2,0,0.1607163299922831,0.2142884399897108,0.1487651616334915,0.1576345711946487,14.060383796691896
mixture,legacy_drift_euler,Legacy drift-only Euler,Euler update,50,0,2,1,0.1656899910303764,0.2209199880405018,0.1601335704326629,0.1584905982017517,13.978636741638184
mixture,em_uniform,"Euler--Maruyama, uniform t",Euler update,5,0,2,0,0.0165486479527317,0.0220648639369756,0.2428559213876724,1.011360764503479,3.2919397354125977
mixture,em_uniform,"Euler--Maruyama, uniform t",Euler update,5,0,2,1,0.0154078339692205,0.0205437786256273,0.353604793548584,0.9258382320404052,3.162465333938598
mixture,em_uniform,"Euler--Maruyama, uniform t",Euler update,10,0,2,0,0.031758113997057,0.0423441519960761,0.1701004356145858,0.5755556225776672,1.2092108726501465
mixture,em_uniform,"Euler--Maruyama, uniform t",Euler update,10,0,2,1,0.0313685309956781,0.0418247079942375,0.2176716178655624,0.4880665838718414,1.2229268550872805
mixture,em_uniform,"Euler--Maruyama, uniform t",Euler update,20,0,2,0,0.0640983839984983,0.0854645119979977,0.1775757372379303,0.4378909766674042,0.7467333674430847
mixture,em_uniform,"Euler--Maruyama, uniform t",Euler update,20,0,2,1,0.0635272599756717,0.0847030133008956,0.1998808681964874,0.3995331227779388,0.7316468954086304
mixture,em_uniform,"Euler--Maruyama, uniform t",Euler update,50,0,2,0,0.1605087540228851,0.2140116720305135,0.1380979120731353,0.2894877195358276,0.3701598644256592
mixture,em_uniform,"Euler--Maruyama, uniform t",Euler update,50,0,2,1,0.16097417101264,0.2146322280168533,0.2086731940507888,0.2505978345870971,0.3349277973175049
mixture,em_log,"Euler--Maruyama, log sigma",Euler update,5,0,2,0,0.0159011959913186,0.0212015946550915,0.2621435225009918,1.8353397846221924,4.661098480224609
mixture,em_log,"Euler--Maruyama, log sigma",Euler update,5,0,2,1,0.0154983659740537,0.0206644879654049,0.3257408738136291,1.5990272760391235,4.374174118041992
mixture,em_log,"Euler--Maruyama, log sigma",Euler update,10,0,2,0,0.0314096859656274,0.0418795812875032,0.1449675410985946,0.6037026047706604,0.8855862617492676
mixture,em_log,"Euler--Maruyama, log sigma",Euler update,10,0,2,1,0.0315690499846823,0.0420920666462431,0.2230612188577652,0.583971381187439,0.8994548916816711
mixture,em_log,"Euler--Maruyama, log sigma",Euler update,20,0,2,0,0.0640917919808998,0.0854557226411998,0.1770787090063095,0.3604120910167694,0.4412221908569336
mixture,em_log,"Euler--Maruyama, log sigma",Euler update,20,0,2,1,0.0635365920024924,0.0847154560033232,0.1540183424949646,0.3487529456615448,0.421626329421997
mixture,em_log,"Euler--Maruyama, log sigma",Euler update,50,0,2,0,0.1542780390009284,0.2057040520012378,0.1422543078660965,0.2514891624450683,0.2489913702011108
mixture,em_log,"Euler--Maruyama, log sigma",Euler update,50,0,2,1,0.1549860950326547,0.2066481267102062,0.1959115713834762,0.2321832478046417,0.260877251625061
mixture,legacy_time_dpm,Legacy time-space DPM-1,DPM predictor,5,0,3,0,0.0140177519642747,0.0186903359523663,1.3437446355819702,0.1818378567695617,3.918354988098145
mixture,legacy_time_dpm,Legacy time-space DPM-1,DPM predictor,5,0,3,1,0.0133894640021026,0.0178526186694701,1.3241956233978271,0.1992940157651901,3.6881747245788574
mixture,legacy_time_dpm,Legacy time-space DPM-1,DPM predictor,10,0,3,0,0.0289358859881758,0.0385811813175678,1.1971577405929563,0.3076193928718567,3.121090650558472
mixture,legacy_time_dpm,Legacy time-space DPM-1,DPM predictor,10,0,3,1,0.0293982129660435,0.039197617288058,1.228209376335144,0.2758475244045257,3.285072326660156
mixture,legacy_time_dpm,Legacy time-space DPM-1,DPM predictor,20,0,3,0,0.0580960400402545,0.0774613867203394,1.2706362009048462,0.336119532585144,3.4153151512146
mixture,legacy_time_dpm,Legacy time-space DPM-1,DPM predictor,20,0,3,1,0.0586804870399646,0.0782406493866195,1.231224775314331,0.3444322943687439,3.3265633583068848
mixture,legacy_time_dpm,Legacy time-space DPM-1,DPM predictor,50,0,3,0,0.1450809270027093,0.1934412360036125,1.1885571479797363,0.3185529410839081,3.0871541500091557
mixture,legacy_time_dpm,Legacy time-space DPM-1,DPM predictor,50,0,3,1,0.1447015600278973,0.1929354133705298,1.22415292263031,0.3360835909843445,3.168285846710205
mixture,sigma_uniform_dpm,"Sigma-space DPM-1, uniform t",DPM predictor,5,0,3,0,0.0162915799883194,0.0217221066510925,1.280803680419922,0.1755992323160171,3.3634653091430664
mixture,sigma_uniform_dpm,"Sigma-space DPM-1, uniform t",DPM predictor,5,0,3,1,0.0137284070369787,0.0183045427159716,1.2612333297729492,0.1979793608188629,3.1941404342651367
mixture,sigma_uniform_dpm,"Sigma-space DPM-1, uniform t",DPM predictor,10,0,3,0,0.0305057800142094,0.0406743733522792,1.1176038980484009,0.2569532990455627,2.570117235183716
mixture,sigma_uniform_dpm,"Sigma-space DPM-1, uniform t",DPM predictor,10,0,3,1,0.0303543909685686,0.0404725212914248,1.146496295928955,0.2267662584781646,2.726444721221924
mixture,sigma_uniform_dpm,"Sigma-space DPM-1, uniform t",DPM predictor,20,0,3,0,0.0615824970300309,0.0821099960400412,1.2069541215896606,0.2887051403522491,2.977950096130371
mixture,sigma_uniform_dpm,"Sigma-space DPM-1, uniform t",DPM predictor,20,0,3,1,0.0627888310118578,0.0837184413491437,1.168205976486206,0.2950208485126495,2.868084192276001
mixture,sigma_uniform_dpm,"Sigma-space DPM-1, uniform t",DPM predictor,50,0,3,0,0.1556478669517673,0.2075304892690231,1.151685357093811,0.2861058413982391,2.8251655101776123
mixture,sigma_uniform_dpm,"Sigma-space DPM-1, uniform t",DPM predictor,50,0,3,1,0.1520526560489088,0.2027368747318784,1.186107516288757,0.3035756349563598,2.9135475158691406
mixture,sigma_log_dpm,"Sigma-space DPM-1, log sigma",DPM predictor,5,0,3,0,0.0140585650224238,0.0187447533632318,1.31730854511261,0.1538187116384506,3.755861282348633
mixture,sigma_log_dpm,"Sigma-space DPM-1, log sigma",DPM predictor,5,0,3,1,0.016183657979127,0.021578210638836,1.2987098693847656,0.1704879105091095,3.5422050952911377
mixture,sigma_log_dpm,"Sigma-space DPM-1, log sigma",DPM predictor,10,0,3,0,0.030630838999059,0.040841118665412,1.1607574224472046,0.2565971612930298,2.8481481075286865
mixture,sigma_log_dpm,"Sigma-space DPM-1, log sigma",DPM predictor,10,0,3,1,0.0304167660069651,0.0405556880092869,1.1897557973861694,0.2274811118841171,3.01167893409729
mixture,sigma_log_dpm,"Sigma-space DPM-1, log sigma",DPM predictor,20,0,3,0,0.0623853969736956,0.0831805292982608,1.230860471725464,0.289380818605423,3.135340452194214
mixture,sigma_log_dpm,"Sigma-space DPM-1, log sigma",DPM predictor,20,0,3,1,0.0623065030085854,0.0830753373447805,1.1924562454223633,0.2964982986450195,3.0320749282836914
mixture,sigma_log_dpm,"Sigma-space DPM-1, log sigma",DPM predictor,50,0,3,0,0.1552909650490619,0.2070546200654159,1.1614655256271362,0.2870645821094513,2.8917782306671143
mixture,sigma_log_dpm,"Sigma-space DPM-1, log sigma",DPM predictor,50,0,3,1,0.155149987025652,0.2068666493675361,1.1958732604980469,0.3041315972805023,2.9771728515625
mixture,dpm2_log,"DPM-2 + corrector, log sigma",Overall sampler,5,0,3,0,0.1027707689790986,0.1370276919721315,0.9143493175506592,0.368839293718338,1.909984827041626
mixture,dpm2_log,"DPM-2 + corrector, log sigma",Overall sampler,5,0,3,1,0.1038741479860618,0.1384988639814158,0.9676105976104736,0.3480042815208435,2.056889772415161
mixture,dpm2_log,"DPM-2 + corrector, log sigma",Overall sampler,10,0,3,0,0.1494811589946039,0.1993082119928052,0.9751501083374025,0.3396697640419006,2.0289294719696045
mixture,dpm2_log,"DPM-2 + corrector, log sigma",Overall sampler,10,0,3,1,0.1489863109891303,0.1986484146521737,0.9881455898284912,0.2964860498905182,2.137420654296875
mixture,dpm2_log,"DPM-2 + corrector, log sigma",Overall sampler,20,0,3,0,0.2379073760239407,0.3172098346985876,0.8992587924003601,0.3263658285140991,1.7485690116882324
mixture,dpm2_log,"DPM-2 + corrector, log sigma",Overall sampler,20,0,3,1,0.2399136759922839,0.3198849013230453,0.8913655877113342,0.2839402854442596,1.7284657955169678
mixture,dpm2_log,"DPM-2 + corrector, log sigma",Overall sampler,50,0,3,0,0.5039969370118342,0.671995916015779,0.7286198735237122,0.1833786815404892,1.1768956184387207
mixture,dpm2_log,"DPM-2 + corrector, log sigma",Overall sampler,50,0,3,1,0.5139532110188156,0.6852709480250875,0.7136996388435364,0.2074500769376754,1.1305491924285889
mixture,legacy_drift_euler,Legacy drift-only Euler,Euler update,5,0,3,0,0.0145488940179348,0.0193985253572464,1.1423940658569336,0.1277599781751632,7.971225261688232
mixture,legacy_drift_euler,Legacy drift-only Euler,Euler update,5,0,3,1,0.015166366007179,0.0202218213429053,1.1334112882614136,0.1234566867351532,7.917377948760986
mixture,legacy_drift_euler,Legacy drift-only Euler,Euler update,10,0,3,0,0.0295162160182371,0.0393549546909829,0.9295923709869384,0.1408409476280212,8.164224624633789
mixture,legacy_drift_euler,Legacy drift-only Euler,Euler update,10,0,3,1,0.0297308320295996,0.0396411093727996,0.9405530691146852,0.1443085372447967,8.685555458068848
mixture,legacy_drift_euler,Legacy drift-only Euler,Euler update,20,0,3,0,0.0606790130259469,0.0809053507012625,0.8860682845115662,0.1480433195829391,9.0118408203125
mixture,legacy_drift_euler,Legacy drift-only Euler,Euler update,20,0,3,1,0.060517064994201,0.080689419992268,0.8737552762031555,0.1483311653137207,8.618001937866211
mixture,legacy_drift_euler,Legacy drift-only Euler,Euler update,50,0,3,0,0.1520708299940452,0.2027611066587269,0.8148900866508484,0.1565594524145126,9.457489967346191
mixture,legacy_drift_euler,Legacy drift-only Euler,Euler update,50,0,3,1,0.1524176099919714,0.2032234799892952,0.8256831169128418,0.1543904393911361,9.97418212890625
mixture,em_uniform,"Euler--Maruyama, uniform t",Euler update,5,0,3,0,0.0143694030120968,0.0191592040161291,1.1522682905197144,1.056192398071289,5.247575759887695
mixture,em_uniform,"Euler--Maruyama, uniform t",Euler update,5,0,3,1,0.0142798849847167,0.019039846646289,1.2024167776107788,1.0567247867584229,5.434381484985352
mixture,em_uniform,"Euler--Maruyama, uniform t",Euler update,10,0,3,0,0.0301391769899055,0.040185569319874,0.958571434020996,0.5683420300483704,2.7215800285339355
mixture,em_uniform,"Euler--Maruyama, uniform t",Euler update,10,0,3,1,0.0306962219765409,0.0409282959687213,0.9624789953231812,0.565785825252533,2.877568483352661
mixture,em_uniform,"Euler--Maruyama, uniform t",Euler update,20,0,3,0,0.0616643250104971,0.0822191000139961,0.8822942972183228,0.4968011677265167,2.140869617462158
mixture,em_uniform,"Euler--Maruyama, uniform t",Euler update,20,0,3,1,0.0616734339855611,0.0822312453140815,0.8948265314102173,0.431860089302063,2.126308917999268
mixture,em_uniform,"Euler--Maruyama, uniform t",Euler update,50,0,3,0,0.1538719520322047,0.2051626027096063,0.852769672870636,0.3341567516326904,1.773159742355347
mixture,em_uniform,"Euler--Maruyama, uniform t",Euler update,50,0,3,1,0.1531392429606057,0.2041856572808077,0.8460337519645691,0.2958095967769623,1.7059504985809326
mixture,em_log,"Euler--Maruyama, log sigma",Euler update,5,0,3,0,0.0149282439961098,0.0199043253281464,1.1763981580734253,1.7906547784805298,6.724514961242676
mixture,em_log,"Euler--Maruyama, log sigma",Euler update,5,0,3,1,0.0157825089991092,0.0210433453321456,1.222028136253357,2.0369906425476074,7.431439399719238
mixture,em_log,"Euler--Maruyama, log sigma",Euler update,10,0,3,0,0.0303816439700312,0.0405088586267083,0.9610480666160583,0.6318026185035706,2.4820098876953125
mixture,em_log,"Euler--Maruyama, log sigma",Euler update,10,0,3,1,0.0301053160219453,0.0401404213625937,0.9487912654876708,0.6363161206245422,2.602741003036499
mixture,em_log,"Euler--Maruyama, log sigma",Euler update,20,0,3,0,0.060659482027404,0.080879309369872,0.8294118046760559,0.4648474454879761,1.765832781791687
mixture,em_log,"Euler--Maruyama, log sigma",Euler update,20,0,3,1,0.0608847620314918,0.0811796827086557,0.8267815709114075,0.3952422142028808,1.6857353448867798
mixture,em_log,"Euler--Maruyama, log sigma",Euler update,50,0,3,0,0.1553198250476271,0.2070931000635028,0.8252069354057312,0.271274209022522,1.550504207611084
mixture,em_log,"Euler--Maruyama, log sigma",Euler update,50,0,3,1,0.1591524600517004,0.2122032800689339,0.819823145866394,0.2852657437324524,1.5212032794952393
mixture,legacy_time_dpm,Legacy time-space DPM-1,DPM predictor,5,1,0,0,0.0152114700176753,0.020281960023567,0.2516900300979614,0.1579175293445587,0.5788872241973877
mixture,legacy_time_dpm,Legacy time-space DPM-1,DPM predictor,5,1,0,1,0.0140351639711298,0.0187135519615064,0.2538032233715057,0.1719134449958801,0.5735474824905396
mixture,legacy_time_dpm,Legacy time-space DPM-1,DPM predictor,10,1,0,0,0.0285896389978006,0.0381195186637342,0.2598631680011749,0.2700937986373901,0.786645770072937
mixture,legacy_time_dpm,Legacy time-space DPM-1,DPM predictor,10,1,0,1,0.0303248909767717,0.0404331879690289,0.2387429922819137,0.2677876949310303,0.6648070812225342
mixture,legacy_time_dpm,Legacy time-space DPM-1,DPM predictor,20,1,0,0,0.0599664329783991,0.0799552439711988,0.2535549402236938,0.2900107800960541,0.6905403137207031
mixture,legacy_time_dpm,Legacy time-space DPM-1,DPM predictor,20,1,0,1,0.0594099269947037,0.0792132359929382,0.2215089648962021,0.305104523897171,0.7197059392929077
mixture,legacy_time_dpm,Legacy time-space DPM-1,DPM predictor,50,1,0,0,0.1750995269976556,0.2334660359968741,0.2510618567466736,0.3663040101528168,0.7388507723808289
mixture,legacy_time_dpm,Legacy time-space DPM-1,DPM predictor,50,1,0,1,0.1486346230376511,0.1981794973835349,0.208482414484024,0.290011465549469,0.5966130495071411
mixture,sigma_uniform_dpm,"Sigma-space DPM-1, uniform t",DPM predictor,5,1,0,0,0.0153776679653674,0.0205035572871565,0.2066891938447952,0.1524088680744171,0.4439153671264648
mixture,sigma_uniform_dpm,"Sigma-space DPM-1, uniform t",DPM predictor,5,1,0,1,0.0147712280158884,0.0196949706878513,0.2107086777687072,0.1675583571195602,0.4854905605316162
mixture,sigma_uniform_dpm,"Sigma-space DPM-1, uniform t",DPM predictor,10,1,0,0,0.0305600750143639,0.0407467666858186,0.2119049429893493,0.2228523194789886,0.4684843420982361
mixture,sigma_uniform_dpm,"Sigma-space DPM-1, uniform t",DPM predictor,10,1,0,1,0.0304098710184916,0.0405464946913222,0.1972955018281936,0.2232648879289627,0.4101647734642029
mixture,sigma_uniform_dpm,"Sigma-space DPM-1, uniform t",DPM predictor,20,1,0,0,0.0603140660095959,0.0804187546794613,0.2229147851467132,0.2465261965990066,0.4740661382675171
mixture,sigma_uniform_dpm,"Sigma-space DPM-1, uniform t",DPM predictor,20,1,0,1,0.0628195900353603,0.0837594533804804,0.1898800581693649,0.2603051662445068,0.4745853543281555
mixture,sigma_uniform_dpm,"Sigma-space DPM-1, uniform t",DPM predictor,50,1,0,0,0.1529936800361611,0.2039915733815481,0.2332588583230972,0.3325640857219696,0.5926467180252075
mixture,sigma_uniform_dpm,"Sigma-space DPM-1, uniform t",DPM predictor,50,1,0,1,0.1556564469938166,0.2075419293250888,0.1916284412145614,0.2599261701107025,0.4608775973320007
mixture,sigma_log_dpm,"Sigma-space DPM-1, log sigma",DPM predictor,5,1,0,0,0.0155543180298991,0.0207390907065322,0.2455377280712127,0.1309048235416412,0.5237390995025635
mixture,sigma_log_dpm,"Sigma-space DPM-1, log sigma",DPM predictor,5,1,0,1,0.0144224910181947,0.0192299880242596,0.2475286126136779,0.1434518545866012,0.5251835584640503
mixture,sigma_log_dpm,"Sigma-space DPM-1, log sigma",DPM predictor,10,1,0,0,0.0318039619596675,0.04240528261289,0.2352507710456848,0.2204897403717041,0.5826311111450195
mixture,sigma_log_dpm,"Sigma-space DPM-1, log sigma",DPM predictor,10,1,0,1,0.0312898830161429,0.0417198440215239,0.2173534035682678,0.220421478152275,0.4931560754776001
mixture,sigma_log_dpm,"Sigma-space DPM-1, log sigma",DPM predictor,20,1,0,0,0.0614556520013138,0.0819408693350851,0.2327980101108551,0.2463354617357254,0.5272440314292908
mixture,sigma_log_dpm,"Sigma-space DPM-1, log sigma",DPM predictor,20,1,0,1,0.0611239819554612,0.0814986426072816,0.2011998742818832,0.2602890729904175,0.5381249785423279
mixture,sigma_log_dpm,"Sigma-space DPM-1, log sigma",DPM predictor,50,1,0,0,0.1525478099938482,0.2033970799917976,0.237163558602333,0.3327547609806061,0.6182283163070679
mixture,sigma_log_dpm,"Sigma-space DPM-1, log sigma",DPM predictor,50,1,0,1,0.1535770139889791,0.2047693519853055,0.1956836283206939,0.2600558400154114,0.4854137897491455
mixture,dpm2_log,"DPM-2 + corrector, log sigma",Overall sampler,5,1,0,0,0.1087549150106497,0.1450065533475329,0.0839325189590454,0.2855171263217926,0.3087841272354126
mixture,dpm2_log,"DPM-2 + corrector, log sigma",Overall sampler,5,1,0,1,0.1069626649841666,0.1426168866455555,0.1230683997273445,0.310665875673294,0.3551373481750488
mixture,dpm2_log,"DPM-2 + corrector, log sigma",Overall sampler,10,1,0,0,0.1518503260449506,0.2024671013932675,0.1681478172540664,0.2953396737575531,0.4278879165649414
mixture,dpm2_log,"DPM-2 + corrector, log sigma",Overall sampler,10,1,0,1,0.1499807920190505,0.1999743893587341,0.1629585474729538,0.2512416839599609,0.345131516456604
mixture,dpm2_log,"DPM-2 + corrector, log sigma",Overall sampler,20,1,0,0,0.2441269099945202,0.3255025466593603,0.1361838430166244,0.2373353391885757,0.2406905889511108
mixture,dpm2_log,"DPM-2 + corrector, log sigma",Overall sampler,20,1,0,1,0.2430890850373543,0.3241187800498058,0.1075175702571868,0.2799689173698425,0.282946228981018
mixture,dpm2_log,"DPM-2 + corrector, log sigma",Overall sampler,50,1,0,0,0.5234439800260589,0.6979253067014118,0.0581529960036277,0.1940823495388031,0.1357674598693847
mixture,dpm2_log,"DPM-2 + corrector, log sigma",Overall sampler,50,1,0,1,0.5210198929999024,0.6946931906665365,0.0676500722765922,0.1847846955060959,0.1272791624069214
mixture,legacy_drift_euler,Legacy drift-only Euler,Euler update,5,1,0,0,0.0149004409904591,0.0198672546539455,0.1510323286056518,0.1228659078478813,9.812844276428224
mixture,legacy_drift_euler,Legacy drift-only Euler,Euler update,5,1,0,1,0.015505863004364,0.0206744840058187,0.1550077646970749,0.1197638064622879,10.952845573425291
mixture,legacy_drift_euler,Legacy drift-only Euler,Euler update,10,1,0,0,0.0310967020341195,0.041462269378826,0.1188148409128189,0.1330434828996658,8.257794380187988
mixture,legacy_drift_euler,Legacy drift-only Euler,Euler update,10,1,0,1,0.0295005859807133,0.0393341146409511,0.1155681684613227,0.1337286233901977,9.121053695678713
mixture,legacy_drift_euler,Legacy drift-only Euler,Euler update,20,1,0,0,0.0621719060000032,0.0828958746666709,0.1074260920286178,0.1416910290718078,10.084836959838867
mixture,legacy_drift_euler,Legacy drift-only Euler,Euler update,20,1,0,1,0.0625828260090202,0.0834437680120269,0.0925131738185882,0.1405365914106369,9.128986358642578
mixture,legacy_drift_euler,Legacy drift-only Euler,Euler update,50,1,0,0,0.1549116590176709,0.2065488786902278,0.0977621302008628,0.1404850482940673,10.972490310668944
mixture,legacy_drift_euler,Legacy drift-only Euler,Euler update,50,1,0,1,0.1547506040078587,0.206334138677145,0.0820533484220504,0.1489198952913284,11.085410118103027
mixture,em_uniform,"Euler--Maruyama, uniform t",Euler update,5,1,0,0,0.0154784439946524,0.0206379253262033,0.1047764867544174,0.9303074479103088,3.0062222480773926
mixture,em_uniform,"Euler--Maruyama, uniform t",Euler update,5,1,0,1,0.0149585169856436,0.0199446893141915,0.1760204285383224,1.069000244140625,3.349716901779175
mixture,em_uniform,"Euler--Maruyama, uniform t",Euler update,10,1,0,0,0.0309295649640262,0.0412394199520349,0.1834242641925811,0.591005265712738,1.469477653503418
mixture,em_uniform,"Euler--Maruyama, uniform t",Euler update,10,1,0,1,0.0318945749895647,0.0425260999860862,0.1817700117826461,0.4544827938079834,1.187313437461853
mixture,em_uniform,"Euler--Maruyama, uniform t",Euler update,20,1,0,0,0.0620955170015804,0.0827940226687739,0.1443305909633636,0.401325523853302,0.6979874968528748
mixture,em_uniform,"Euler--Maruyama, uniform t",Euler update,20,1,0,1,0.0627354619791731,0.0836472826388975,0.1095865294337272,0.4275704622268677,0.7540173530578613
mixture,em_uniform,"Euler--Maruyama, uniform t",Euler update,50,1,0,0,0.1588604660355486,0.2118139547140648,0.0950029268860817,0.3094575107097626,0.3749539852142334
mixture,em_uniform,"Euler--Maruyama, uniform t",Euler update,50,1,0,1,0.1572397819836624,0.2096530426448832,0.0666190534830093,0.3189824819564819,0.3991150856018066
mixture,em_log,"Euler--Maruyama, log sigma",Euler update,5,1,0,0,0.0155661409953609,0.0207548546604812,0.1511690616607666,1.5923765897750854,3.9168953895568848
mixture,em_log,"Euler--Maruyama, log sigma",Euler update,5,1,0,1,0.015452619001735,0.0206034920023133,0.2056565135717392,1.7063350677490234,4.383358478546143
mixture,em_log,"Euler--Maruyama, log sigma",Euler update,10,1,0,0,0.0314703449839726,0.0419604599786301,0.1596385836601257,0.6030528545379639,0.9964879751205444
mixture,em_log,"Euler--Maruyama, log sigma",Euler update,10,1,0,1,0.0320417520124465,0.0427223360165953,0.1544380635023117,0.5003117322921753,0.8069947957992554
mixture,em_log,"Euler--Maruyama, log sigma",Euler update,20,1,0,0,0.0620860829949379,0.0827814439932505,0.1312374025583267,0.3526982367038727,0.4147082567214966
mixture,em_log,"Euler--Maruyama, log sigma",Euler update,20,1,0,1,0.0627610619994811,0.0836814159993082,0.1034723669290542,0.3872605562210083,0.4403743743896484
mixture,em_log,"Euler--Maruyama, log sigma",Euler update,50,1,0,0,0.1578218599897809,0.2104291466530412,0.0881433263421058,0.2911937832832336,0.2849100828170776
mixture,em_log,"Euler--Maruyama, log sigma",Euler update,50,1,0,1,0.1580989310168661,0.2107985746891548,0.0810428783297538,0.2663256227970123,0.2426015138626098
mixture,legacy_time_dpm,Legacy time-space DPM-1,DPM predictor,5,1,1,0,0.014302625961136,0.0190701679481814,0.4516828656196594,0.2008062750101089,1.951185703277588
mixture,legacy_time_dpm,Legacy time-space DPM-1,DPM predictor,5,1,1,1,0.0139467080007307,0.0185956106676409,0.4509311616420746,0.2166554480791092,1.977499723434448
mixture,legacy_time_dpm,Legacy time-space DPM-1,DPM predictor,10,1,1,0,0.0300625180243514,0.0400833573658019,0.4240378141403198,0.2829387187957763,1.8570868968963623
mixture,legacy_time_dpm,Legacy time-space DPM-1,DPM predictor,10,1,1,1,0.0292184429708868,0.0389579239611824,0.4085816740989685,0.249857097864151,1.7099144458770752
mixture,legacy_time_dpm,Legacy time-space DPM-1,DPM predictor,20,1,1,0,0.0592267640167847,0.0789690186890463,0.3583355247974396,0.3680209815502167,1.567896604537964
mixture,legacy_time_dpm,Legacy time-space DPM-1,DPM predictor,20,1,1,1,0.0592532589798793,0.0790043453065057,0.3850271105766296,0.3193192183971405,1.6521391868591309
mixture,legacy_time_dpm,Legacy time-space DPM-1,DPM predictor,50,1,1,0,0.1497495120274834,0.1996660160366445,0.3651135861873626,0.3215424716472626,1.5410242080688477
mixture,legacy_time_dpm,Legacy time-space DPM-1,DPM predictor,50,1,1,1,0.1511565819964744,0.2015421093286325,0.3697015941143036,0.3202199935913086,1.566622018814087
mixture,sigma_uniform_dpm,"Sigma-space DPM-1, uniform t",DPM predictor,5,1,1,0,0.0150201629730872,0.0200268839641163,0.3480170667171478,0.187963992357254,1.3315691947937012
mixture,sigma_uniform_dpm,"Sigma-space DPM-1, uniform t",DPM predictor,5,1,1,1,0.0141293199849314,0.018839093313242,0.3470214903354645,0.2030139565467834,1.3250513076782229
mixture,sigma_uniform_dpm,"Sigma-space DPM-1, uniform t",DPM predictor,10,1,1,0,0.0303779019741341,0.0405038692988455,0.3243163824081421,0.2323730587959289,1.1897945404052734
mixture,sigma_uniform_dpm,"Sigma-space DPM-1, uniform t",DPM predictor,10,1,1,1,0.0304917889880016,0.0406557186506688,0.3120681047439575,0.2023191750049591,1.1007286310195925
mixture,sigma_uniform_dpm,"Sigma-space DPM-1, uniform t",DPM predictor,20,1,1,0,0.0608197110123001,0.0810929480164001,0.295735239982605,0.3168075978755951,1.114344835281372
mixture,sigma_uniform_dpm,"Sigma-space DPM-1, uniform t",DPM predictor,20,1,1,1,0.0610235520289279,0.0813647360385706,0.3175571262836456,0.2706295549869537,1.1832938194274902
mixture,sigma_uniform_dpm,"Sigma-space DPM-1, uniform t",DPM predictor,50,1,1,0,0.1541980690089985,0.2055974253453314,0.326169341802597,0.2875232994556427,1.253091812133789
mixture,sigma_uniform_dpm,"Sigma-space DPM-1, uniform t",DPM predictor,50,1,1,1,0.153083732991945,0.20411164398926,0.3303611278533935,0.2864760458469391,1.2736719846725464
mixture,sigma_log_dpm,"Sigma-space DPM-1, log sigma",DPM predictor,5,1,1,0,0.0155467139557003,0.0207289519409338,0.4327805042266845,0.173347070813179,1.8095645904541016
mixture,sigma_log_dpm,"Sigma-space DPM-1, log sigma",DPM predictor,5,1,1,1,0.0153161230264231,0.0204214973685642,0.4323968291282654,0.1901998817920684,1.8249629735946653
mixture,sigma_log_dpm,"Sigma-space DPM-1, log sigma",DPM predictor,10,1,1,0,0.0295995569904334,0.0394660759872446,0.3778810203075409,0.2318717241287231,1.4942411184310913
mixture,sigma_log_dpm,"Sigma-space DPM-1, log sigma",DPM predictor,10,1,1,1,0.0306580259930342,0.0408773679907123,0.3643923699855804,0.2013220787048339,1.3815655708312988
mixture,sigma_log_dpm,"Sigma-space DPM-1, log sigma",DPM predictor,20,1,1,0,0.0613634889596141,0.0818179852794855,0.3214585483074188,0.3167844116687774,1.260873794555664
mixture,sigma_log_dpm,"Sigma-space DPM-1, log sigma",DPM predictor,20,1,1,1,0.0623014690354466,0.0830686253805955,0.3449700772762298,0.2710333168506622,1.3387885093688965
mixture,sigma_log_dpm,"Sigma-space DPM-1, log sigma",DPM predictor,50,1,1,0,0.1535892349784262,0.2047856466379016,0.3376107811927795,0.28823122382164,1.322446584701538
mixture,sigma_log_dpm,"Sigma-space DPM-1, log sigma",DPM predictor,50,1,1,1,0.152990362024866,0.203987149366488,0.3418830037117004,0.2872325778007507,1.3445498943328855
mixture,dpm2_log,"DPM-2 + corrector, log sigma",Overall sampler,5,1,1,0,0.105425034998916,0.1405667133318881,0.1687042266130447,0.3453813195228576,0.6163291931152344
mixture,dpm2_log,"DPM-2 + corrector, log sigma",Overall sampler,5,1,1,1,0.1056452509947121,0.1408603346596161,0.1591296941041946,0.3031125962734222,0.550485372543335
mixture,dpm2_log,"DPM-2 + corrector, log sigma",Overall sampler,10,1,1,0,0.1520031159743666,0.2026708212991555,0.209096685051918,0.2976469397544861,0.6822506785392761
mixture,dpm2_log,"DPM-2 + corrector, log sigma",Overall sampler,10,1,1,1,0.1520584760000929,0.2027446346667905,0.2110281884670257,0.3167813718318939,0.7070326209068298
mixture,dpm2_log,"DPM-2 + corrector, log sigma",Overall sampler,20,1,1,0,0.2365956929861568,0.3154609239815424,0.1492998003959655,0.2776417732238769,0.4524075984954834
mixture,dpm2_log,"DPM-2 + corrector, log sigma",Overall sampler,20,1,1,1,0.2319723229738883,0.3092964306318511,0.1465865820646286,0.2712025046348572,0.4259639978408813
mixture,dpm2_log,"DPM-2 + corrector, log sigma",Overall sampler,50,1,1,0,0.4997420700383372,0.6663227600511163,0.0851345434784889,0.1755080074071884,0.1868478059768676
mixture,dpm2_log,"DPM-2 + corrector, log sigma",Overall sampler,50,1,1,1,0.5052754519856535,0.673700602647538,0.0872968882322311,0.1803671419620514,0.1843451857566833
mixture,legacy_drift_euler,Legacy drift-only Euler,Euler update,5,1,1,0,0.0141277749789878,0.0188370333053171,0.2227678447961807,0.1085310578346252,6.527503967285156
mixture,legacy_drift_euler,Legacy drift-only Euler,Euler update,5,1,1,1,0.0151666339952498,0.0202221786603331,0.2210562378168106,0.1061488166451454,5.90349006652832
mixture,legacy_drift_euler,Legacy drift-only Euler,Euler update,10,1,1,0,0.0292987439897842,0.039064991986379,0.1539986431598663,0.125965267419815,7.082545280456543
mixture,legacy_drift_euler,Legacy drift-only Euler,Euler update,10,1,1,1,0.0291615580208599,0.0388820773611466,0.1519448161125183,0.1297873854637146,7.5861310958862305
mixture,legacy_drift_euler,Legacy drift-only Euler,Euler update,20,1,1,0,0.0589267800096422,0.0785690400128563,0.1231916174292564,0.1290203332901001,7.167688369750977
mixture,legacy_drift_euler,Legacy drift-only Euler,Euler update,20,1,1,1,0.0602647310006432,0.0803529746675243,0.1275989264249801,0.1331387162208557,7.843732357025146
mixture,legacy_drift_euler,Legacy drift-only Euler,Euler update,50,1,1,0,0.1501614730223082,0.2002152973630776,0.110827587544918,0.139396920800209,8.205768585205078
mixture,legacy_drift_euler,Legacy drift-only Euler,Euler update,50,1,1,1,0.1523955389857292,0.2031940519809723,0.1111594215035438,0.1398543864488601,8.09819221496582
mixture,em_uniform,"Euler--Maruyama, uniform t",Euler update,5,1,1,0,0.0156334789935499,0.0208446386580665,0.2956590950489044,0.9832015633583068,3.772200584411621
mixture,em_uniform,"Euler--Maruyama, uniform t",Euler update,5,1,1,1,0.0140046869637444,0.0186729159516592,0.2633991241455078,0.9430372714996338,3.720514059066773
mixture,em_uniform,"Euler--Maruyama, uniform t",Euler update,10,1,1,0,0.0305714340065605,0.0407619120087474,0.19035604596138,0.5538461804389954,1.508311748504639
mixture,em_uniform,"Euler--Maruyama, uniform t",Euler update,10,1,1,1,0.0297560049802996,0.0396746733070661,0.1885741055011749,0.6033428907394409,1.4915941953659058
mixture,em_uniform,"Euler--Maruyama, uniform t",Euler update,20,1,1,0,0.0617124520358629,0.0822832693811506,0.123808167874813,0.4307640492916107,0.8204854726791382
mixture,em_uniform,"Euler--Maruyama, uniform t",Euler update,20,1,1,1,0.0599262930336408,0.0799017240448544,0.1361946314573288,0.3627863824367523,0.7584778070449829
mixture,em_uniform,"Euler--Maruyama, uniform t",Euler update,50,1,1,0,0.1499081210349686,0.1998774947132915,0.127523124217987,0.3404874801635742,0.5432713031768799
mixture,em_uniform,"Euler--Maruyama, uniform t",Euler update,50,1,1,1,0.1523964329971932,0.2031952439962575,0.1250416785478592,0.3221550285816192,0.5196544528007507
mixture,em_log,"Euler--Maruyama, log sigma",Euler update,5,1,1,0,0.0154139990336261,0.0205519987115015,0.2926593124866485,1.4698268175125122,4.742001056671143
mixture,em_log,"Euler--Maruyama, log sigma",Euler update,5,1,1,1,0.0141383499721996,0.0188511332962661,0.3261970579624176,1.5374925136566162,4.75267219543457
mixture,em_log,"Euler--Maruyama, log sigma",Euler update,10,1,1,0,0.030413984961342,0.040551979948456,0.1520168632268905,0.5833893418312073,1.079719305038452
mixture,em_log,"Euler--Maruyama, log sigma",Euler update,10,1,1,1,0.0306841260171495,0.040912168022866,0.1640277653932571,0.6502082347869873,1.1517279148101809
mixture,em_log,"Euler--Maruyama, log sigma",Euler update,20,1,1,0,0.060024484002497,0.0800326453366627,0.1263525933027267,0.368533581495285,0.5599039793014526
mixture,em_log,"Euler--Maruyama, log sigma",Euler update,20,1,1,1,0.0601536289905197,0.0802048386540263,0.1090826243162155,0.3734451234340668,0.5197505950927734
mixture,em_log,"Euler--Maruyama, log sigma",Euler update,50,1,1,0,0.1515121249831281,0.2020161666441708,0.1157078146934509,0.238953486084938,0.3314955830574035
mixture,em_log,"Euler--Maruyama, log sigma",Euler update,50,1,1,1,0.1535371270147152,0.2047161693529536,0.1142410710453987,0.2579270899295807,0.3543905019760132
mixture,legacy_time_dpm,Legacy time-space DPM-1,DPM predictor,5,1,2,0,0.0137552570085972,0.0183403426781296,0.3236144185066223,0.1416449099779129,0.3650307059288025
mixture,legacy_time_dpm,Legacy time-space DPM-1,DPM predictor,5,1,2,1,0.0141098769963718,0.0188131693284958,0.3187762498855591,0.1403494030237198,0.3354323506355285
mixture,legacy_time_dpm,Legacy time-space DPM-1,DPM predictor,10,1,2,0,0.0291921200114302,0.0389228266819069,0.2207558155059814,0.3444817960262298,0.5512164831161499
mixture,legacy_time_dpm,Legacy time-space DPM-1,DPM predictor,10,1,2,1,0.0302684599882923,0.0403579466510564,0.2740123271942138,0.2714120745658874,0.4755690097808838
mixture,legacy_time_dpm,Legacy time-space DPM-1,DPM predictor,20,1,2,0,0.0608998360112309,0.0811997813483079,0.2769283950328827,0.3068629801273346,0.6047627329826355
mixture,legacy_time_dpm,Legacy time-space DPM-1,DPM predictor,20,1,2,1,0.0582104690256528,0.0776139587008704,0.3032126128673553,0.2900595366954803,0.5531095862388611
mixture,legacy_time_dpm,Legacy time-space DPM-1,DPM predictor,50,1,2,0,0.146106097032316,0.1948081293764213,0.2612041532993316,0.2666815221309662,0.4478228092193603
mixture,legacy_time_dpm,Legacy time-space DPM-1,DPM predictor,50,1,2,1,0.1455948939546942,0.1941265252729257,0.2967400848865509,0.257852166891098,0.4702109098434448
mixture,sigma_uniform_dpm,"Sigma-space DPM-1, uniform t",DPM predictor,5,1,2,0,0.0161529239849187,0.0215372319798916,0.3051564395427704,0.1378946602344513,0.3007264733314514
mixture,sigma_uniform_dpm,"Sigma-space DPM-1, uniform t",DPM predictor,5,1,2,1,0.0141879389993846,0.0189172519991795,0.3007245659828186,0.1388924568891525,0.3051137924194336
mixture,sigma_uniform_dpm,"Sigma-space DPM-1, uniform t",DPM predictor,10,1,2,0,0.0304188900045119,0.0405585200060159,0.2004418820142746,0.295307993888855,0.3255702257156372
mixture,sigma_uniform_dpm,"Sigma-space DPM-1, uniform t",DPM predictor,10,1,2,1,0.0304934220039285,0.040657896005238,0.2524760961532593,0.2278734892606735,0.2882848978042602
mixture,sigma_uniform_dpm,"Sigma-space DPM-1, uniform t",DPM predictor,20,1,2,0,0.0605779649922624,0.0807706199896832,0.2577599287033081,0.261038601398468,0.3966225981712341
mixture,sigma_uniform_dpm,"Sigma-space DPM-1, uniform t",DPM predictor,20,1,2,1,0.0608206249889917,0.081094166651989,0.2841261327266693,0.2448718398809433,0.3706954717636108
mixture,sigma_uniform_dpm,"Sigma-space DPM-1, uniform t",DPM predictor,50,1,2,0,0.1503486589645035,0.200464878619338,0.2505351901054382,0.2374648749828338,0.3424326181411743
mixture,sigma_uniform_dpm,"Sigma-space DPM-1, uniform t",DPM predictor,50,1,2,1,0.1512314709834754,0.2016419613113006,0.2855863571166992,0.2287953943014145,0.3660195469856262
mixture,sigma_log_dpm,"Sigma-space DPM-1, log sigma",DPM predictor,5,1,2,0,0.0146547780022956,0.0195397040030608,0.3107862770557403,0.1060907766222953,0.299760639667511
mixture,sigma_log_dpm,"Sigma-space DPM-1, log sigma",DPM predictor,5,1,2,1,0.0157384459744207,0.020984594632561,0.3067588210105896,0.1096891239285469,0.2806380987167358
mixture,sigma_log_dpm,"Sigma-space DPM-1, log sigma",DPM predictor,10,1,2,0,0.0301727760233916,0.0402303680311888,0.2090672552585601,0.2900695502758026,0.3843402862548828
mixture,sigma_log_dpm,"Sigma-space DPM-1, log sigma",DPM predictor,10,1,2,1,0.0297332989866845,0.0396443986489127,0.2605412006378174,0.2219874858856201,0.3312197923660278
mixture,sigma_log_dpm,"Sigma-space DPM-1, log sigma",DPM predictor,20,1,2,0,0.0618542190059088,0.0824722920078784,0.2631816267967224,0.2604933083057403,0.443131148815155
mixture,sigma_log_dpm,"Sigma-space DPM-1, log sigma",DPM predictor,20,1,2,1,0.0618767709820531,0.0825023613094041,0.2888553738594055,0.2440986186265945,0.407865047454834
mixture,sigma_log_dpm,"Sigma-space DPM-1, log sigma",DPM predictor,50,1,2,0,0.1520393920363858,0.2027191893818477,0.2526676952838897,0.2373564839363098,0.3584663867950439
mixture,sigma_log_dpm,"Sigma-space DPM-1, log sigma",DPM predictor,50,1,2,1,0.1512366880197078,0.2016489173596104,0.2874513864517212,0.2287670820951461,0.3816568255424499
mixture,dpm2_log,"DPM-2 + corrector, log sigma",Overall sampler,5,1,2,0,0.1042906080256216,0.1390541440341621,0.2129410356283188,0.2924593091011047,0.3830702304840088
mixture,dpm2_log,"DPM-2 + corrector, log sigma",Overall sampler,5,1,2,1,0.1054124779766425,0.1405499706355234,0.2637999355792999,0.2623099386692047,0.3734364509582519
mixture,dpm2_log,"DPM-2 + corrector, log sigma",Overall sampler,10,1,2,0,0.1487783750053495,0.1983711666737993,0.1478517055511474,0.3440948128700256,0.352786660194397
mixture,dpm2_log,"DPM-2 + corrector, log sigma",Overall sampler,10,1,2,1,0.1495993499993346,0.1994657999991128,0.2243934273719787,0.2686660587787628,0.3183187246322632
mixture,dpm2_log,"DPM-2 + corrector, log sigma",Overall sampler,20,1,2,0,0.2403620000113733,0.320482666681831,0.1853280067443847,0.2722972333431244,0.2837715148925781
mixture,dpm2_log,"DPM-2 + corrector, log sigma",Overall sampler,20,1,2,1,0.2398641069885343,0.3198188093180458,0.1768668293952942,0.2357537299394607,0.2485890388488769
mixture,dpm2_log,"DPM-2 + corrector, log sigma",Overall sampler,50,1,2,0,0.5061015039682388,0.6748020052909851,0.1114348471164703,0.1722194552421569,0.1282815337181091
mixture,dpm2_log,"DPM-2 + corrector, log sigma",Overall sampler,50,1,2,1,0.5004895119927824,0.6673193493237098,0.16243377327919,0.1623351871967315,0.1452551484107971
mixture,legacy_drift_euler,Legacy drift-only Euler,Euler update,5,1,2,0,0.014844050980173,0.019792067973564,0.2526239156723022,0.1297106146812439,7.458687782287598
mixture,legacy_drift_euler,Legacy drift-only Euler,Euler update,5,1,2,1,0.0134633950074203,0.0179511933432271,0.2514720261096954,0.130332738161087,8.112244606018066
mixture,legacy_drift_euler,Legacy drift-only Euler,Euler update,10,1,2,0,0.0295950029976665,0.0394600039968887,0.1753209382295608,0.128943458199501,6.966866493225098
mixture,legacy_drift_euler,Legacy drift-only Euler,Euler update,10,1,2,1,0.0296745229861699,0.0395660306482265,0.1969657093286514,0.1379989981651306,7.912630558013916
mixture,legacy_drift_euler,Legacy drift-only Euler,Euler update,20,1,2,0,0.0599654950201511,0.0799539933602015,0.1799181699752807,0.1450298428535461,7.693747520446777
mixture,legacy_drift_euler,Legacy drift-only Euler,Euler update,20,1,2,1,0.0596657250425778,0.0795543000567704,0.1906929314136505,0.1455606967210769,8.402399063110352
mixture,legacy_drift_euler,Legacy drift-only Euler,Euler update,50,1,2,0,0.1518559849937446,0.2024746466583261,0.1639491319656372,0.1544579267501831,10.363030433654783
mixture,legacy_drift_euler,Legacy drift-only Euler,Euler update,50,1,2,1,0.1528136149863712,0.203751486648495,0.1765758544206619,0.1552834957838058,10.751825332641602
mixture,em_uniform,"Euler--Maruyama, uniform t",Euler update,5,1,2,0,0.0139405200025066,0.0185873600033422,0.2583976089954376,1.0368651151657104,3.453863859176636
mixture,em_uniform,"Euler--Maruyama, uniform t",Euler update,5,1,2,1,0.0150210669962689,0.0200280893283585,0.3722409904003143,0.9557371735572816,3.335706949234009
mixture,em_uniform,"Euler--Maruyama, uniform t",Euler update,10,1,2,0,0.0296500609838403,0.0395334146451205,0.1755503565073013,0.5916511416435242,1.2729449272155762
mixture,em_uniform,"Euler--Maruyama, uniform t",Euler update,10,1,2,1,0.0300075630075298,0.0400100840100397,0.2240331768989563,0.506422758102417,1.2955152988433838
mixture,em_uniform,"Euler--Maruyama, uniform t",Euler update,20,1,2,0,0.0602105460129678,0.0802807280172904,0.1774239242076873,0.4470742344856262,0.7759820818901062
mixture,em_uniform,"Euler--Maruyama, uniform t",Euler update,20,1,2,1,0.0601166919805109,0.0801555893073479,0.2014240175485611,0.4077256023883819,0.7609345316886902
mixture,em_uniform,"Euler--Maruyama, uniform t",Euler update,50,1,2,0,0.152379737002775,0.2031729826703667,0.1362721920013427,0.2941040694713592,0.3831417560577392
mixture,em_uniform,"Euler--Maruyama, uniform t",Euler update,50,1,2,1,0.1507484390167519,0.2009979186890026,0.2085204273462295,0.2562791407108307,0.350223958492279
mixture,em_log,"Euler--Maruyama, log sigma",Euler update,5,1,2,0,0.0154131969902664,0.0205509293203552,0.2645587623119354,1.867858409881592,4.874501705169678
mixture,em_log,"Euler--Maruyama, log sigma",Euler update,5,1,2,1,0.0140501550049521,0.0187335400066028,0.3290973305702209,1.6383837461471558,4.593494892120361
mixture,em_log,"Euler--Maruyama, log sigma",Euler update,10,1,2,0,0.0299636729760095,0.0399515639680127,0.1429670602083206,0.6234362721443176,0.9406391978263856
mixture,em_log,"Euler--Maruyama, log sigma",Euler update,10,1,2,1,0.0296207810170017,0.0394943746893356,0.2175687700510025,0.5985350608825684,0.9432761669158936
mixture,em_log,"Euler--Maruyama, log sigma",Euler update,20,1,2,0,0.0605361959896981,0.0807149279862642,0.1719028651714325,0.3674473166465759,0.4511486291885376
mixture,em_log,"Euler--Maruyama, log sigma",Euler update,20,1,2,1,0.060006096959114,0.0800081292788187,0.1505118459463119,0.3541235029697418,0.4341050386428833
mixture,em_log,"Euler--Maruyama, log sigma",Euler update,50,1,2,0,0.1505543529638089,0.2007391372850785,0.1371545642614364,0.2525676786899566,0.2503734827041626
mixture,em_log,"Euler--Maruyama, log sigma",Euler update,50,1,2,1,0.1563193679903634,0.2084258239871511,0.1929679214954376,0.2361726909875869,0.2648211717605591
mixture,legacy_time_dpm,Legacy time-space DPM-1,DPM predictor,5,1,3,0,0.0147413489758037,0.0196551319677382,1.3545206785202026,0.1744898557662964,3.9749674797058105
mixture,legacy_time_dpm,Legacy time-space DPM-1,DPM predictor,5,1,3,1,0.0134401629911735,0.0179202173215647,1.3354308605194092,0.1911539286375045,3.740102052688599
mixture,legacy_time_dpm,Legacy time-space DPM-1,DPM predictor,10,1,3,0,0.0285666789859533,0.0380889053146044,1.2085239887237549,0.3078004419803619,3.156463623046875
mixture,legacy_time_dpm,Legacy time-space DPM-1,DPM predictor,10,1,3,1,0.0281588470097631,0.0375451293463508,1.2394604682922363,0.2725589275360107,3.3218436241149902
mixture,legacy_time_dpm,Legacy time-space DPM-1,DPM predictor,20,1,3,0,0.0573509270325303,0.0764679027100404,1.275105595588684,0.3369154632091522,3.4259402751922607
mixture,legacy_time_dpm,Legacy time-space DPM-1,DPM predictor,20,1,3,1,0.0583933260058984,0.0778577680078645,1.2344584465026855,0.3450692296028137,3.3391520977020264
mixture,legacy_time_dpm,Legacy time-space DPM-1,DPM predictor,50,1,3,0,0.1434358070255257,0.1912477427007009,1.1858298778533936,0.3190032839775085,3.073527336120605
mixture,legacy_time_dpm,Legacy time-space DPM-1,DPM predictor,50,1,3,1,0.1488305680104531,0.1984407573472708,1.2223875522613523,0.3378767371177673,3.1592066287994385
mixture,sigma_uniform_dpm,"Sigma-space DPM-1, uniform t",DPM predictor,5,1,3,0,0.013914365961682,0.0185524879489094,1.2886284589767456,0.1703003644943237,3.3926568031311035
mixture,sigma_uniform_dpm,"Sigma-space DPM-1, uniform t",DPM predictor,5,1,3,1,0.0150693299947306,0.0200924399929742,1.269843578338623,0.1918737441301345,3.2312607765197754
mixture,sigma_uniform_dpm,"Sigma-space DPM-1, uniform t",DPM predictor,10,1,3,0,0.030259474995546,0.040345966660728,1.130329728126526,0.263454407453537,2.6124684810638428
mixture,sigma_uniform_dpm,"Sigma-space DPM-1, uniform t",DPM predictor,10,1,3,1,0.0301615679636597,0.0402154239515463,1.1592541933059692,0.2292299568653106,2.768112897872925
mixture,sigma_uniform_dpm,"Sigma-space DPM-1, uniform t",DPM predictor,20,1,3,0,0.059849225974176,0.0797989679655681,1.2082303762435913,0.2932212650775909,2.979324579238892
mixture,sigma_uniform_dpm,"Sigma-space DPM-1, uniform t",DPM predictor,20,1,3,1,0.06132927298313,0.0817723639775067,1.1684536933898926,0.2986052930355072,2.872427225112915
mixture,sigma_uniform_dpm,"Sigma-space DPM-1, uniform t",DPM predictor,50,1,3,0,0.1496058049960993,0.1994744066614657,1.1444941759109497,0.2878647148609161,2.7982017993927
mixture,sigma_uniform_dpm,"Sigma-space DPM-1, uniform t",DPM predictor,50,1,3,1,0.153686714998912,0.2049156199985494,1.1799118518829346,0.3067293465137481,2.8896851539611816
mixture,sigma_log_dpm,"Sigma-space DPM-1, log sigma",DPM predictor,5,1,3,0,0.0162666990072466,0.0216889320096621,1.3305180072784424,0.1583340317010879,3.860630512237549
mixture,sigma_log_dpm,"Sigma-space DPM-1, log sigma",DPM predictor,5,1,3,1,0.0149239060119725,0.0198985413492967,1.311598777770996,0.1748999059200287,3.628797292709351
mixture,sigma_log_dpm,"Sigma-space DPM-1, log sigma",DPM predictor,10,1,3,0,0.0314396389876492,0.0419195186501989,1.1607903242111206,0.261735051870346,2.8588340282440186
mixture,sigma_log_dpm,"Sigma-space DPM-1, log sigma",DPM predictor,10,1,3,1,0.0304146620328538,0.0405528827104717,1.1897037029266355,0.2280137538909912,3.0246691703796387
mixture,sigma_log_dpm,"Sigma-space DPM-1, log sigma",DPM predictor,20,1,3,0,0.0614434059825725,0.0819245413100967,1.2249380350112915,0.2929413020610809,3.113966464996338
mixture,sigma_log_dpm,"Sigma-space DPM-1, log sigma",DPM predictor,20,1,3,1,0.0604139789938926,0.0805519719918568,1.185398817062378,0.2986526489257812,3.014921188354492
mixture,sigma_log_dpm,"Sigma-space DPM-1, log sigma",DPM predictor,50,1,3,0,0.151152379985433,0.2015365066472441,1.1517612934112549,0.2882368266582489,2.8568477630615234
mixture,sigma_log_dpm,"Sigma-space DPM-1, log sigma",DPM predictor,50,1,3,1,0.1591924609965644,0.2122566146620859,1.1871933937072754,0.3066673874855041,2.9452333450317383
mixture,dpm2_log,"DPM-2 + corrector, log sigma",Overall sampler,5,1,3,0,0.1042014209670014,0.1389352279560019,0.8742153644561768,0.3529535233974457,1.776322603225708
mixture,dpm2_log,"DPM-2 + corrector, log sigma",Overall sampler,5,1,3,1,0.1044251630082726,0.1392335506776968,0.9267038702964784,0.3309585750102997,1.9134794473648071
mixture,dpm2_log,"DPM-2 + corrector, log sigma",Overall sampler,10,1,3,0,0.1498785800067708,0.1998381066756943,0.949505090713501,0.3345634937286377,1.943669319152832
mixture,dpm2_log,"DPM-2 + corrector, log sigma",Overall sampler,10,1,3,1,0.1511950700078159,0.2015934266770879,0.9625005125999452,0.2929601371288299,2.061805963516236
mixture,dpm2_log,"DPM-2 + corrector, log sigma",Overall sampler,20,1,3,0,0.2517361689824611,0.3356482253099481,0.8739052414894104,0.3231124579906463,1.67728590965271
mixture,dpm2_log,"DPM-2 + corrector, log sigma",Overall sampler,20,1,3,1,0.2435238669859245,0.3246984893145661,0.8640376925468445,0.2799923717975616,1.667823076248169
mixture,dpm2_log,"DPM-2 + corrector, log sigma",Overall sampler,50,1,3,0,0.5220906040049158,0.6961208053398877,0.6892839670181274,0.1760479658842086,1.0805943012237549
mixture,dpm2_log,"DPM-2 + corrector, log sigma",Overall sampler,50,1,3,1,0.5113757130457088,0.6818342840609452,0.6744699478149414,0.1967733502388,1.0585384368896484
mixture,legacy_drift_euler,Legacy drift-only Euler,Euler update,5,1,3,0,0.0144526700023561,0.0192702266698082,1.1453721523284912,0.1323504894971847,8.673074722290039
mixture,legacy_drift_euler,Legacy drift-only Euler,Euler update,5,1,3,1,0.0159623590297997,0.0212831453730662,1.1364396810531616,0.1282564848661422,8.750946998596191
mixture,legacy_drift_euler,Legacy drift-only Euler,Euler update,10,1,3,0,0.0313390400260686,0.0417853867014249,0.9327754974365234,0.1425453573465347,8.710160255432129
mixture,legacy_drift_euler,Legacy drift-only Euler,Euler update,10,1,3,1,0.030776812986005,0.0410357506480068,0.9437592029571532,0.1464736312627792,9.226927757263184
mixture,legacy_drift_euler,Legacy drift-only Euler,Euler update,20,1,3,0,0.0614598540123552,0.0819464720164736,0.8727195262908936,0.1496125161647796,9.445631980895996
mixture,legacy_drift_euler,Legacy drift-only Euler,Euler update,20,1,3,1,0.0604765269672498,0.0806353692896664,0.8600568175315857,0.150048479437828,9.025375366210938
mixture,legacy_drift_euler,Legacy drift-only Euler,Euler update,50,1,3,0,0.1495438119745813,0.1993917492994417,0.7861490249633789,0.1579832434654235,9.852656364440918
mixture,legacy_drift_euler,Legacy drift-only Euler,Euler update,50,1,3,1,0.1527478490024805,0.203663798669974,0.7971165776252747,0.1558766961097717,10.388957977294922
mixture,em_uniform,"Euler--Maruyama, uniform t",Euler update,5,1,3,0,0.0159349020104855,0.0212465360139807,1.1641489267349243,1.042077660560608,5.238419532775879
mixture,em_uniform,"Euler--Maruyama, uniform t",Euler update,5,1,3,1,0.0146398509969003,0.0195198013292004,1.212304949760437,1.0426440238952637,5.399481773376465
mixture,em_uniform,"Euler--Maruyama, uniform t",Euler update,10,1,3,0,0.0311354590230621,0.0415139453640828,0.9719704389572144,0.5659101605415344,2.744182825088501
mixture,em_uniform,"Euler--Maruyama, uniform t",Euler update,10,1,3,1,0.0311487800208851,0.0415317066945135,0.9739590883255004,0.5665544867515564,2.9020867347717285
mixture,em_uniform,"Euler--Maruyama, uniform t",Euler update,20,1,3,0,0.0638517839834094,0.0851357119778792,0.8838274478912354,0.4968712925910949,2.1476755142211914
mixture,em_uniform,"Euler--Maruyama, uniform t",Euler update,20,1,3,1,0.0699898379971273,0.0933197839961697,0.8933558464050293,0.4321270883083343,2.1233556270599365
mixture,em_uniform,"Euler--Maruyama, uniform t",Euler update,50,1,3,0,0.1528938579722307,0.2038584772963076,0.839800238609314,0.3300893008708954,1.7367669343948364
mixture,em_uniform,"Euler--Maruyama, uniform t",Euler update,50,1,3,1,0.1529552419669926,0.2039403226226568,0.8313613533973694,0.2934252917766571,1.6753485202789309
mixture,em_log,"Euler--Maruyama, log sigma",Euler update,5,1,3,0,0.0147199049824848,0.0196265399766465,1.2013812065124512,1.806128740310669,6.939195156097412
mixture,em_log,"Euler--Maruyama, log sigma",Euler update,5,1,3,1,0.0158980070264078,0.0211973427018771,1.2460672855377195,2.0589263439178467,7.629565715789795
mixture,em_log,"Euler--Maruyama, log sigma",Euler update,10,1,3,0,0.0314097629743628,0.041879683965817,0.9575952291488647,0.628526508808136,2.4807937145233154
mixture,em_log,"Euler--Maruyama, log sigma",Euler update,10,1,3,1,0.0308267050422728,0.041102273389697,0.944372534751892,0.6436952948570251,2.6399154663085938
mixture,em_log,"Euler--Maruyama, log sigma",Euler update,20,1,3,0,0.0634777609957382,0.0846370146609842,0.8143596053123474,0.4622808992862701,1.7375807762145996
mixture,em_log,"Euler--Maruyama, log sigma",Euler update,20,1,3,1,0.0625088060041889,0.0833450746722519,0.8085776567459106,0.3896806240081787,1.6584570407867432
mixture,em_log,"Euler--Maruyama, log sigma",Euler update,50,1,3,0,0.1539601720287464,0.2052802293716619,0.79898601770401,0.2675985395908355,1.4814354181289673
mixture,em_log,"Euler--Maruyama, log sigma",Euler update,50,1,3,1,0.1522375149652362,0.2029833532869815,0.7934276461601257,0.2792214751243591,1.4683992862701416
mixture,legacy_time_dpm,Legacy time-space DPM-1,DPM predictor,5,2,0,0,0.0144747049780562,0.0192996066374083,0.2309020459651947,0.1313215941190719,0.4873907566070556
mixture,legacy_time_dpm,Legacy time-space DPM-1,DPM predictor,5,2,0,1,0.0140910929767414,0.0187881239689886,0.2325138598680496,0.1451506316661834,0.4842625260353088
mixture,legacy_time_dpm,Legacy time-space DPM-1,DPM predictor,10,2,0,0,0.0295625510043464,0.0394167346724619,0.2369225025177002,0.2405776530504226,0.6516642570495605
mixture,legacy_time_dpm,Legacy time-space DPM-1,DPM predictor,10,2,0,1,0.0293479399988427,0.0391305866651237,0.2174362987279892,0.2378586679697036,0.5502145290374756
mixture,legacy_time_dpm,Legacy time-space DPM-1,DPM predictor,20,2,0,0,0.0586341270245611,0.0781788360327482,0.2365863025188446,0.2664933800697326,0.6036118268966675
mixture,legacy_time_dpm,Legacy time-space DPM-1,DPM predictor,20,2,0,1,0.0584458029479719,0.0779277372639626,0.2050603479146957,0.2778511047363281,0.6166589856147766
mixture,legacy_time_dpm,Legacy time-space DPM-1,DPM predictor,50,2,0,0,0.1497910739853978,0.1997214319805304,0.2401369959115982,0.343135803937912,0.6647137999534607
mixture,legacy_time_dpm,Legacy time-space DPM-1,DPM predictor,50,2,0,1,0.1468991810106672,0.1958655746808896,0.1975420117378235,0.271018385887146,0.5387749671936035
mixture,sigma_uniform_dpm,"Sigma-space DPM-1, uniform t",DPM predictor,5,2,0,0,0.0141433899989351,0.0188578533319135,0.1904017031192779,0.1199397295713424,0.4116237163543701
mixture,sigma_uniform_dpm,"Sigma-space DPM-1, uniform t",DPM predictor,5,2,0,1,0.0151707360055297,0.020227648007373,0.1939074099063873,0.1344152837991714,0.4538547396659851
mixture,sigma_uniform_dpm,"Sigma-space DPM-1, uniform t",DPM predictor,10,2,0,0,0.0288569190306589,0.0384758920408785,0.1862212568521499,0.1914077848196029,0.3703785538673401
mixture,sigma_uniform_dpm,"Sigma-space DPM-1, uniform t",DPM predictor,10,2,0,1,0.0288505269563756,0.0384673692751675,0.1740104109048843,0.1908570528030395,0.3295888900756836
mixture,sigma_uniform_dpm,"Sigma-space DPM-1, uniform t",DPM predictor,20,2,0,0,0.0592671149643138,0.0790228199524184,0.2084083557128906,0.2261756211519241,0.4098750948905945
mixture,sigma_uniform_dpm,"Sigma-space DPM-1, uniform t",DPM predictor,20,2,0,1,0.0604886739747598,0.0806515652996798,0.1755930930376052,0.2361987382173538,0.3979750871658325
mixture,sigma_uniform_dpm,"Sigma-space DPM-1, uniform t",DPM predictor,50,2,0,0,0.1523805759497918,0.2031741012663891,0.2253343015909195,0.3135615289211273,0.5377347469329834
mixture,sigma_uniform_dpm,"Sigma-space DPM-1, uniform t",DPM predictor,50,2,0,1,0.1515637660049833,0.2020850213399777,0.1833865940570831,0.2445438504219055,0.4188529253005981
mixture,sigma_log_dpm,"Sigma-space DPM-1, log sigma",DPM predictor,5,2,0,0,0.0153190770070068,0.0204254360093424,0.2266001105308532,0.1101103574037551,0.4272485971450805
mixture,sigma_log_dpm,"Sigma-space DPM-1, log sigma",DPM predictor,5,2,0,1,0.0141479140147566,0.0188638853530089,0.2290036678314209,0.1246927678585052,0.4368269443511963
mixture,sigma_log_dpm,"Sigma-space DPM-1, log sigma",DPM predictor,10,2,0,0,0.0296271429979242,0.0395028573305656,0.2201414108276367,0.2030020058155059,0.5019771456718445
mixture,sigma_log_dpm,"Sigma-space DPM-1, log sigma",DPM predictor,10,2,0,1,0.0297573379939422,0.0396764506585896,0.2039348483085632,0.200957104563713,0.4246175289154053
mixture,sigma_log_dpm,"Sigma-space DPM-1, log sigma",DPM predictor,20,2,0,0,0.0607122280052863,0.0809496373403817,0.2228550463914871,0.2327171564102172,0.4793592691421509
mixture,sigma_log_dpm,"Sigma-space DPM-1, log sigma",DPM predictor,20,2,0,1,0.0610349670168943,0.0813799560225258,0.1909302473068237,0.2428916692733764,0.4772551655769348
mixture,sigma_log_dpm,"Sigma-space DPM-1, log sigma",DPM predictor,50,2,0,0,0.1515459110378287,0.202061214717105,0.230568453669548,0.3161988258361816,0.5693085789680481
mixture,sigma_log_dpm,"Sigma-space DPM-1, log sigma",DPM predictor,50,2,0,1,0.1529526169761084,0.2039368226348112,0.1887157261371612,0.2470775544643402,0.4494922161102295
mixture,dpm2_log,"DPM-2 + corrector, log sigma",Overall sampler,5,2,0,0,0.1045710149919614,0.1394280199892819,0.0985527485609054,0.2932822704315185,0.3551276922225952
mixture,dpm2_log,"DPM-2 + corrector, log sigma",Overall sampler,5,2,0,1,0.1027310109930113,0.136974681324015,0.1395337283611297,0.3165839612483978,0.400835633277893
mixture,dpm2_log,"DPM-2 + corrector, log sigma",Overall sampler,10,2,0,0,0.1491871470352634,0.1989161960470179,0.1687760204076767,0.2928360402584076,0.4259102344512939
mixture,dpm2_log,"DPM-2 + corrector, log sigma",Overall sampler,10,2,0,1,0.1496543769608251,0.1995391692811002,0.1636170744895935,0.2503573596477508,0.347130537033081
mixture,dpm2_log,"DPM-2 + corrector, log sigma",Overall sampler,20,2,0,0,0.2421790799708105,0.3229054399610807,0.1368331760168075,0.2313054352998733,0.2358924150466919
mixture,dpm2_log,"DPM-2 + corrector, log sigma",Overall sampler,20,2,0,1,0.2363589160377159,0.3151452213836213,0.1079230085015297,0.2715393900871277,0.2755025625228882
mixture,dpm2_log,"DPM-2 + corrector, log sigma",Overall sampler,50,2,0,0,0.5249436030280776,0.6999248040374368,0.0629410445690155,0.1923089027404785,0.1391069293022155
mixture,dpm2_log,"DPM-2 + corrector, log sigma",Overall sampler,50,2,0,1,0.5253655599663034,0.7004874132884046,0.0732517018914222,0.1828590929508209,0.1296330690383911
mixture,legacy_drift_euler,Legacy drift-only Euler,Euler update,5,2,0,0,0.01532457198482,0.0204327626464267,0.1239964291453361,0.1378843039274215,7.639740467071533
mixture,legacy_drift_euler,Legacy drift-only Euler,Euler update,5,2,0,1,0.0149661810137331,0.0199549080183108,0.1268163323402404,0.1351396888494491,8.1639404296875
mixture,legacy_drift_euler,Legacy drift-only Euler,Euler update,10,2,0,0,0.0306130510289222,0.0408174013718962,0.0961831212043762,0.1459303647279739,8.146485328674316
mixture,legacy_drift_euler,Legacy drift-only Euler,Euler update,10,2,0,1,0.0347882090136408,0.0463842786848545,0.0935241281986236,0.1463980078697204,8.818339347839355
mixture,legacy_drift_euler,Legacy drift-only Euler,Euler update,20,2,0,0,0.0619075980503112,0.0825434640670816,0.0933498218655586,0.1517859399318695,9.08378791809082
mixture,legacy_drift_euler,Legacy drift-only Euler,Euler update,20,2,0,1,0.0622189420391805,0.082958589385574,0.0795781537890434,0.1509416103363037,8.28784465789795
mixture,legacy_drift_euler,Legacy drift-only Euler,Euler update,50,2,0,0,0.1550639249617234,0.2067518999489645,0.0912585332989692,0.149258553981781,9.352466583251951
mixture,legacy_drift_euler,Legacy drift-only Euler,Euler update,50,2,0,1,0.1502181160030886,0.2002908213374515,0.0762462988495826,0.1567957401275634,9.434932708740234
mixture,em_uniform,"Euler--Maruyama, uniform t",Euler update,5,2,0,0,0.0141552799614146,0.0188737066152195,0.0968683734536171,0.8638317584991455,2.8143789768218994
mixture,em_uniform,"Euler--Maruyama, uniform t",Euler update,5,2,0,1,0.0156408320181071,0.0208544426908095,0.1648234128952026,0.9825409054756165,3.0913965702056885
mixture,em_uniform,"Euler--Maruyama, uniform t",Euler update,10,2,0,0,0.0303329149610362,0.040443886614715,0.1625074595212936,0.5363073348999023,1.274364948272705
mixture,em_uniform,"Euler--Maruyama, uniform t",Euler update,10,2,0,1,0.0300550989923067,0.0400734653230756,0.1613329648971557,0.4092674851417541,1.0363874435424805
mixture,em_uniform,"Euler--Maruyama, uniform t",Euler update,20,2,0,0,0.0606423359713517,0.0808564479618022,0.131581038236618,0.3674307763576507,0.6169815063476562
mixture,em_uniform,"Euler--Maruyama, uniform t",Euler update,20,2,0,1,0.0603346590069122,0.0804462120092163,0.0989314615726471,0.3909350037574768,0.6731207370758057
mixture,em_uniform,"Euler--Maruyama, uniform t",Euler update,50,2,0,0,0.1518041509552858,0.2024055346070478,0.0893104672431945,0.2883788645267486,0.3493072986602783
mixture,em_uniform,"Euler--Maruyama, uniform t",Euler update,50,2,0,1,0.1531547179911285,0.204206290654838,0.0607519075274467,0.3003289699554443,0.3780071139335632
mixture,em_log,"Euler--Maruyama, log sigma",Euler update,5,2,0,0,0.0156669769785366,0.0208893026380489,0.1327011436223983,1.4727102518081665,3.3632161617279053
mixture,em_log,"Euler--Maruyama, log sigma",Euler update,5,2,0,1,0.0145168689778074,0.0193558253037432,0.1744279861450195,1.581899881362915,3.770953416824341
mixture,em_log,"Euler--Maruyama, log sigma",Euler update,10,2,0,0,0.0305034129996784,0.0406712173329045,0.1518034636974334,0.564160943031311,0.898248016834259
mixture,em_log,"Euler--Maruyama, log sigma",Euler update,10,2,0,1,0.0304500889615155,0.0406001186153541,0.1464177072048187,0.4632386267185211,0.7178901433944702
mixture,em_log,"Euler--Maruyama, log sigma",Euler update,20,2,0,0,0.0613278160453774,0.0817704213938365,0.1291382014751434,0.3352468311786651,0.3959826231002807
mixture,em_log,"Euler--Maruyama, log sigma",Euler update,20,2,0,1,0.0615341329830698,0.0820455106440931,0.1016286835074424,0.3684307336807251,0.4183313250541687
mixture,em_log,"Euler--Maruyama, log sigma",Euler update,50,2,0,0,0.1551323419553227,0.206843122607097,0.0876005813479423,0.2805019617080688,0.2797714471817016
mixture,em_log,"Euler--Maruyama, log sigma",Euler update,50,2,0,1,0.1545171560137532,0.2060228746850043,0.0815010070800781,0.2551600337028503,0.2360714673995971
mixture,legacy_time_dpm,Legacy time-space DPM-1,DPM predictor,5,2,1,0,0.0134410379687324,0.0179213839583098,0.4266990721225738,0.1549273431301117,1.7431328296661377
mixture,legacy_time_dpm,Legacy time-space DPM-1,DPM predictor,5,2,1,1,0.0145901279756799,0.0194535039675732,0.4256327748298645,0.1659365743398666,1.7548789978027344
mixture,legacy_time_dpm,Legacy time-space DPM-1,DPM predictor,10,2,1,0,0.0284457469824701,0.0379276626432935,0.3888374865055084,0.232942059636116,1.5660622119903564
mixture,legacy_time_dpm,Legacy time-space DPM-1,DPM predictor,10,2,1,1,0.0289708569762296,0.0386278093016395,0.3755880892276764,0.2034293860197067,1.449832320213318
mixture,legacy_time_dpm,Legacy time-space DPM-1,DPM predictor,20,2,1,0,0.0572338239871896,0.0763117653162529,0.3312689960002899,0.3127932250499725,1.3280324935913086
mixture,legacy_time_dpm,Legacy time-space DPM-1,DPM predictor,20,2,1,1,0.0576009600190445,0.0768012800253927,0.3576923608779907,0.2767345607280731,1.4254587888717651
mixture,legacy_time_dpm,Legacy time-space DPM-1,DPM predictor,50,2,1,0,0.1477889670059085,0.1970519560078779,0.342621386051178,0.2832131683826446,1.3516747951507568
mixture,legacy_time_dpm,Legacy time-space DPM-1,DPM predictor,50,2,1,1,0.1476479049888439,0.1968638733184586,0.347196877002716,0.2825605273246765,1.3775428533554075
mixture,sigma_uniform_dpm,"Sigma-space DPM-1, uniform t",DPM predictor,5,2,1,0,0.0142920120269991,0.0190560160359988,0.319867879152298,0.134178027510643,1.2319279909133911
mixture,sigma_uniform_dpm,"Sigma-space DPM-1, uniform t",DPM predictor,5,2,1,1,0.015563937020488,0.0207519160273174,0.3179278969764709,0.1437567621469497,1.2054457664489746
mixture,sigma_uniform_dpm,"Sigma-space DPM-1, uniform t",DPM predictor,10,2,1,0,0.0299093679641373,0.0398791572855164,0.2785958349704742,0.1814604848623275,0.9568090438842772
mixture,sigma_uniform_dpm,"Sigma-space DPM-1, uniform t",DPM predictor,10,2,1,1,0.0299252679687924,0.0399003572917232,0.2691458761692047,0.1553400754928589,0.9004481434822083
mixture,sigma_uniform_dpm,"Sigma-space DPM-1, uniform t",DPM predictor,20,2,1,0,0.059088610985782,0.0787848146477093,0.2683448493480682,0.2662245333194732,0.9220093488693236
mixture,sigma_uniform_dpm,"Sigma-space DPM-1, uniform t",DPM predictor,20,2,1,1,0.0601257680100388,0.0801676906800518,0.2894037663936615,0.2325340360403061,1.005153775215149
mixture,sigma_uniform_dpm,"Sigma-space DPM-1, uniform t",DPM predictor,50,2,1,0,0.1537016609800048,0.2049355479733397,0.3057412505149841,0.2540249228477478,1.100788116455078
mixture,sigma_uniform_dpm,"Sigma-space DPM-1, uniform t",DPM predictor,50,2,1,1,0.1554182050167583,0.2072242733556777,0.3101328015327453,0.2537069618701935,1.124287724494934
mixture,sigma_log_dpm,"Sigma-space DPM-1, log sigma",DPM predictor,5,2,1,0,0.0144802720169536,0.0193070293559382,0.3964946568012237,0.1306847631931305,1.5497550964355469
mixture,sigma_log_dpm,"Sigma-space DPM-1, log sigma",DPM predictor,5,2,1,1,0.0154085649992339,0.0205447533323119,0.3942994177341461,0.1399997621774673,1.542879343032837
mixture,sigma_log_dpm,"Sigma-space DPM-1, log sigma",DPM predictor,10,2,1,0,0.0305165160098113,0.0406886880130817,0.3498041331768036,0.1944969147443771,1.2933580875396729
mixture,sigma_log_dpm,"Sigma-space DPM-1, log sigma",DPM predictor,10,2,1,1,0.0298297679983079,0.0397730239977439,0.3381508588790893,0.1676895171403885,1.2025260925292969
mixture,sigma_log_dpm,"Sigma-space DPM-1, log sigma",DPM predictor,20,2,1,0,0.0607470149989239,0.0809960199985653,0.3001790642738342,0.2736406624317169,1.0935401916503906
mixture,sigma_log_dpm,"Sigma-space DPM-1, log sigma",DPM predictor,20,2,1,1,0.0614948479924351,0.0819931306565801,0.3235527873039245,0.2401194274425506,1.1848822832107544
mixture,sigma_log_dpm,"Sigma-space DPM-1, log sigma",DPM predictor,50,2,1,0,0.1499240980483591,0.1998987973978122,0.3189566433429718,0.2572492659091949,1.178242564201355
mixture,sigma_log_dpm,"Sigma-space DPM-1, log sigma",DPM predictor,50,2,1,1,0.1538439220166765,0.2051252293555686,0.3233627080917358,0.2568930387496948,1.202480673789978
mixture,dpm2_log,"DPM-2 + corrector, log sigma",Overall sampler,5,2,1,0,0.1044164169579744,0.1392218892772992,0.1799002885818481,0.3354232311248779,0.6311776638031006
mixture,dpm2_log,"DPM-2 + corrector, log sigma",Overall sampler,5,2,1,1,0.1032001160201616,0.1376001546935489,0.1707387715578079,0.2917597591876983,0.5640194416046143
mixture,dpm2_log,"DPM-2 + corrector, log sigma",Overall sampler,10,2,1,0,0.147725160990376,0.1969668813205013,0.2012942433357238,0.2782898247241974,0.6284354329109192
mixture,dpm2_log,"DPM-2 + corrector, log sigma",Overall sampler,10,2,1,1,0.1504185500089079,0.2005580666785439,0.2044264823198318,0.2957879602909088,0.6574572324752808
mixture,dpm2_log,"DPM-2 + corrector, log sigma",Overall sampler,20,2,1,0,0.2404588640201836,0.3206118186935782,0.1389985531568527,0.2512459754943847,0.3947359323501587
mixture,dpm2_log,"DPM-2 + corrector, log sigma",Overall sampler,20,2,1,1,0.23817012301879,0.3175601640250534,0.1343719512224197,0.2451778948307037,0.3678663969039917
mixture,dpm2_log,"DPM-2 + corrector, log sigma",Overall sampler,50,2,1,0,0.5133938529761508,0.6845251373015344,0.0790724754333496,0.1598272323608398,0.1638403534889221
mixture,dpm2_log,"DPM-2 + corrector, log sigma",Overall sampler,50,2,1,1,0.5118117679958232,0.6824156906610975,0.0844648256897926,0.1654576063156128,0.1637104153633117
mixture,legacy_drift_euler,Legacy drift-only Euler,Euler update,5,2,1,0,0.0140577669953927,0.0187436893271903,0.1967930346727371,0.1331681758165359,6.6123127937316895
mixture,legacy_drift_euler,Legacy drift-only Euler,Euler update,5,2,1,1,0.0149067199672572,0.0198756266230096,0.1962188929319381,0.1314790099859237,6.018523216247559
mixture,legacy_drift_euler,Legacy drift-only Euler,Euler update,10,2,1,0,0.0295999720110557,0.0394666293480744,0.1286571770906448,0.1470513492822647,8.451691627502441
mixture,legacy_drift_euler,Legacy drift-only Euler,Euler update,10,2,1,1,0.0300813739886507,0.0401084986515343,0.1264958679676056,0.1508475542068481,9.037222862243652
mixture,legacy_drift_euler,Legacy drift-only Euler,Euler update,20,2,1,0,0.0603289159480482,0.0804385545973976,0.1089217662811279,0.1481894701719284,7.733587265014648
mixture,legacy_drift_euler,Legacy drift-only Euler,Euler update,20,2,1,1,0.0592490060371346,0.0789986747161795,0.1131915301084518,0.1514918953180313,8.451876640319824
mixture,legacy_drift_euler,Legacy drift-only Euler,Euler update,50,2,1,0,0.1531434269854799,0.2041912359806398,0.1017998680472374,0.1558523923158645,8.523213386535645
mixture,legacy_drift_euler,Legacy drift-only Euler,Euler update,50,2,1,1,0.1506899670348502,0.200919956046467,0.1020472645759582,0.1559351235628128,8.534137725830078
mixture,em_uniform,"Euler--Maruyama, uniform t",Euler update,5,2,1,0,0.0143557229894213,0.0191409639858951,0.2691935300827026,0.8783957362174988,3.319432258605957
mixture,em_uniform,"Euler--Maruyama, uniform t",Euler update,5,2,1,1,0.0157489639823324,0.0209986186431099,0.2321048080921173,0.8401828408241272,3.278838396072388
mixture,em_uniform,"Euler--Maruyama, uniform t",Euler update,10,2,1,0,0.0300260150106623,0.0400346866808831,0.1619460880756378,0.4786151945590973,1.233304142951965
mixture,em_uniform,"Euler--Maruyama, uniform t",Euler update,10,2,1,1,0.0301469929981976,0.0401959906642635,0.1585870534181594,0.5213043689727783,1.2144017219543457
mixture,em_uniform,"Euler--Maruyama, uniform t",Euler update,20,2,1,0,0.0605571359628811,0.0807428479505081,0.1046803444623947,0.3780189752578735,0.6727939248085022
mixture,em_uniform,"Euler--Maruyama, uniform t",Euler update,20,2,1,1,0.0613588390406221,0.0818117853874961,0.1177978292107582,0.3125719130039215,0.6189703941345215
mixture,em_uniform,"Euler--Maruyama, uniform t",Euler update,50,2,1,0,0.1545318869757466,0.2060425159676621,0.1160301119089126,0.3054126501083374,0.4656907320022583
mixture,em_uniform,"Euler--Maruyama, uniform t",Euler update,50,2,1,1,0.156514173024334,0.2086855640324453,0.1143745705485344,0.2868317365646362,0.4417903423309326
mixture,em_log,"Euler--Maruyama, log sigma",Euler update,5,2,1,0,0.0157782259630039,0.0210376346173385,0.220406949520111,1.3209125995635986,3.732499599456787
mixture,em_log,"Euler--Maruyama, log sigma",Euler update,5,2,1,1,0.0141978890169411,0.0189305186892549,0.2479053437709808,1.380547046661377,3.670268058776856
mixture,em_log,"Euler--Maruyama, log sigma",Euler update,10,2,1,0,0.0301409530220553,0.0401879373627404,0.1280015259981155,0.5287784337997437,0.8840050101280212
mixture,em_log,"Euler--Maruyama, log sigma",Euler update,10,2,1,1,0.030359933967702,0.0404799119569361,0.1412498354911804,0.5853073596954346,0.9585780501365662
mixture,em_log,"Euler--Maruyama, log sigma",Euler update,20,2,1,0,0.0615766960545443,0.082102261406059,0.1140812337398529,0.3350667357444763,0.4830073118209839
mixture,em_log,"Euler--Maruyama, log sigma",Euler update,20,2,1,1,0.0616481030010618,0.0821974706680824,0.0953599587082862,0.3368811905384063,0.4396708011627197
mixture,em_log,"Euler--Maruyama, log sigma",Euler update,50,2,1,0,0.1536662260186858,0.2048883013582478,0.1064931973814964,0.2144364863634109,0.2859319448471069
mixture,em_log,"Euler--Maruyama, log sigma",Euler update,50,2,1,1,0.1525143290054984,0.2033524386739979,0.1059138104319572,0.234302744269371,0.3077307939529419
mixture,legacy_time_dpm,Legacy time-space DPM-1,DPM predictor,5,2,2,0,0.013785580988042,0.0183807746507227,0.2924349904060364,0.1206043809652328,0.2829416990280151
mixture,legacy_time_dpm,Legacy time-space DPM-1,DPM predictor,5,2,2,1,0.0138539570034481,0.0184719426712642,0.285999059677124,0.1169819682836532,0.2587494254112243
mixture,legacy_time_dpm,Legacy time-space DPM-1,DPM predictor,10,2,2,0,0.0295608490123413,0.0394144653497884,0.1993898302316665,0.3055154085159302,0.4142180681228637
mixture,legacy_time_dpm,Legacy time-space DPM-1,DPM predictor,10,2,2,1,0.0287124490132555,0.0382832653510073,0.2495874017477035,0.2406117469072342,0.3567290902137756
mixture,legacy_time_dpm,Legacy time-space DPM-1,DPM predictor,20,2,2,0,0.0575710620032623,0.0767614160043497,0.2577758133411407,0.2786129713058471,0.4805114269256592
mixture,legacy_time_dpm,Legacy time-space DPM-1,DPM predictor,20,2,2,1,0.0562144050491042,0.0749525400654723,0.282327800989151,0.2692263424396515,0.4503202438354492
mixture,legacy_time_dpm,Legacy time-space DPM-1,DPM predictor,50,2,2,0,0.1481261079898104,0.1975014773197472,0.2451061606407165,0.2486815452575683,0.368554949760437
mixture,legacy_time_dpm,Legacy time-space DPM-1,DPM predictor,50,2,2,1,0.1647832120070234,0.2197109493426978,0.2794388830661773,0.2412577420473098,0.3940343260765075
mixture,sigma_uniform_dpm,"Sigma-space DPM-1, uniform t",DPM predictor,5,2,2,0,0.014009402017109,0.0186792026894787,0.2747036516666412,0.1142615601420402,0.3618146181106567
mixture,sigma_uniform_dpm,"Sigma-space DPM-1, uniform t",DPM predictor,5,2,2,1,0.0154251409694552,0.0205668546259403,0.2684029936790466,0.1117616891860961,0.3909385800361633
mixture,sigma_uniform_dpm,"Sigma-space DPM-1, uniform t",DPM predictor,10,2,2,0,0.0289953419705852,0.0386604559607803,0.1815518140792846,0.2535741627216339,0.2620992064476013
mixture,sigma_uniform_dpm,"Sigma-space DPM-1, uniform t",DPM predictor,10,2,2,1,0.0290276919840835,0.0387035893121113,0.2307229191064834,0.1951945275068283,0.2552663087844848
mixture,sigma_uniform_dpm,"Sigma-space DPM-1, uniform t",DPM predictor,20,2,2,0,0.0598716519889421,0.0798288693185895,0.2421914935111999,0.2366366237401962,0.3191863894462585
mixture,sigma_uniform_dpm,"Sigma-space DPM-1, uniform t",DPM predictor,20,2,2,1,0.0594153240090236,0.0792204320120314,0.2669813334941864,0.227860614657402,0.3138723969459533
mixture,sigma_uniform_dpm,"Sigma-space DPM-1, uniform t",DPM predictor,50,2,2,0,0.1510025750030763,0.2013367666707684,0.237296462059021,0.2234100997447967,0.2906584143638611
mixture,sigma_uniform_dpm,"Sigma-space DPM-1, uniform t",DPM predictor,50,2,2,1,0.1510334789636545,0.2013779719515393,0.271343320608139,0.2162483781576156,0.3167893290519714
mixture,sigma_log_dpm,"Sigma-space DPM-1, log sigma",DPM predictor,5,2,2,0,0.0142841699998825,0.0190455599998434,0.2930696904659271,0.098489761352539,0.2593253254890442
mixture,sigma_log_dpm,"Sigma-space DPM-1, log sigma",DPM predictor,5,2,2,1,0.0152010300080291,0.0202680400107055,0.2880946695804596,0.095559686422348,0.2460362911224365
mixture,sigma_log_dpm,"Sigma-space DPM-1, log sigma",DPM predictor,10,2,2,0,0.0299068969907239,0.0398758626542985,0.1964764595031738,0.2629673480987549,0.3049225807189941
mixture,sigma_log_dpm,"Sigma-space DPM-1, log sigma",DPM predictor,10,2,2,1,0.0296008849982172,0.0394678466642896,0.2461188733577728,0.2031456977128982,0.2718743085861206
mixture,sigma_log_dpm,"Sigma-space DPM-1, log sigma",DPM predictor,20,2,2,0,0.0588563159690238,0.0784750879586984,0.2507735192775726,0.2429769784212112,0.3683674335479736
mixture,sigma_log_dpm,"Sigma-space DPM-1, log sigma",DPM predictor,20,2,2,1,0.0611265589832328,0.0815020786443104,0.2751826643943786,0.234213501214981,0.3529397845268249
mixture,sigma_log_dpm,"Sigma-space DPM-1, log sigma",DPM predictor,50,2,2,0,0.1508897510357201,0.2011863347142934,0.2403830140829086,0.225670114159584,0.3067905306816101
mixture,sigma_log_dpm,"Sigma-space DPM-1, log sigma",DPM predictor,50,2,2,1,0.1606798610300757,0.2142398147067676,0.2743216454982757,0.2185493260622024,0.3330168128013611
mixture,dpm2_log,"DPM-2 + corrector, log sigma",Overall sampler,5,2,2,0,0.1130347329890355,0.150712977318714,0.2039203941822052,0.3022498190402984,0.3901017308235168
mixture,dpm2_log,"DPM-2 + corrector, log sigma",Overall sampler,5,2,2,1,0.102513505029492,0.1366846733726561,0.2558391094207763,0.2682377099990845,0.3732843399047851
mixture,dpm2_log,"DPM-2 + corrector, log sigma",Overall sampler,10,2,2,0,0.1559456189861521,0.2079274919815361,0.1402450948953628,0.33507239818573,0.3277856111526489
mixture,dpm2_log,"DPM-2 + corrector, log sigma",Overall sampler,10,2,2,1,0.1580117080011405,0.210682277334854,0.2180297523736953,0.2641209065914154,0.2990064620971679
mixture,dpm2_log,"DPM-2 + corrector, log sigma",Overall sampler,20,2,2,0,0.2400244620512239,0.3200326160682986,0.1797865778207779,0.2565118074417114,0.2570828199386596
mixture,dpm2_log,"DPM-2 + corrector, log sigma",Overall sampler,20,2,2,1,0.2440508379950188,0.3254011173266917,0.1697727292776107,0.2286651283502578,0.2271617650985717
mixture,dpm2_log,"DPM-2 + corrector, log sigma",Overall sampler,50,2,2,0,0.5196819079574198,0.692909210609893,0.1110991239547729,0.1711337119340896,0.1256412863731384
mixture,dpm2_log,"DPM-2 + corrector, log sigma",Overall sampler,50,2,2,1,0.5099915989558212,0.6799887986077616,0.1629891693592071,0.1609592288732528,0.1448493003845214
mixture,legacy_drift_euler,Legacy drift-only Euler,Euler update,5,2,2,0,0.0138053780538029,0.0184071707384039,0.2107351422309875,0.1437985897064209,19.28721237182617
mixture,legacy_drift_euler,Legacy drift-only Euler,Euler update,5,2,2,1,0.0149483830318786,0.0199311773758381,0.2083144038915634,0.1440783888101577,20.7996826171875
mixture,legacy_drift_euler,Legacy drift-only Euler,Euler update,10,2,2,0,0.0291349670151248,0.0388466226868331,0.1521178185939788,0.1427319794893264,15.419229507446287
mixture,legacy_drift_euler,Legacy drift-only Euler,Euler update,10,2,2,1,0.0291490859817713,0.0388654479756951,0.1706117093563079,0.1504170298576355,18.5566349029541
mixture,legacy_drift_euler,Legacy drift-only Euler,Euler update,20,2,2,0,0.0599494740017689,0.0799326320023586,0.164147213101387,0.1544056832790374,14.09893798828125
mixture,legacy_drift_euler,Legacy drift-only Euler,Euler update,20,2,2,1,0.0606248349649831,0.0808331132866442,0.1727700680494308,0.1549980193376541,15.496869087219238
mixture,legacy_drift_euler,Legacy drift-only Euler,Euler update,50,2,2,0,0.1622950449818745,0.216393393309166,0.1571971923112869,0.1612701267004013,18.005006790161133
mixture,legacy_drift_euler,Legacy drift-only Euler,Euler update,50,2,2,1,0.1722800980205647,0.229706797360753,0.1678094714879989,0.1623473614454269,18.01220703125
mixture,em_uniform,"Euler--Maruyama, uniform t",Euler update,5,2,2,0,0.0139790559769608,0.0186387413026144,0.2254295349121093,0.9537766575813292,3.147960662841797
mixture,em_uniform,"Euler--Maruyama, uniform t",Euler update,5,2,2,1,0.0152841840172186,0.0203789120229582,0.3340198397636413,0.874406635761261,3.0228068828582764
mixture,em_uniform,"Euler--Maruyama, uniform t",Euler update,10,2,2,0,0.0297812210046686,0.0397082946728915,0.1513866037130355,0.5277209877967834,1.0890653133392334
mixture,em_uniform,"Euler--Maruyama, uniform t",Euler update,10,2,2,1,0.0299220369779504,0.0398960493039339,0.1979040205478668,0.4509230852127075,1.109872341156006
mixture,em_uniform,"Euler--Maruyama, uniform t",Euler update,20,2,2,0,0.0604961729841306,0.0806615639788409,0.1606567800045013,0.406856894493103,0.6691854000091553
mixture,em_uniform,"Euler--Maruyama, uniform t",Euler update,20,2,2,1,0.0607150219730101,0.0809533626306802,0.1815863847732544,0.3712113499641418,0.6541368961334229
mixture,em_uniform,"Euler--Maruyama, uniform t",Euler update,50,2,2,0,0.1565016490058042,0.2086688653410723,0.1249862909317016,0.2728503346443176,0.3303019404411316
mixture,em_uniform,"Euler--Maruyama, uniform t",Euler update,50,2,2,1,0.1568043400184251,0.2090724533579001,0.1965183168649673,0.2376760691404342,0.303057849407196
mixture,em_log,"Euler--Maruyama, log sigma",Euler update,5,2,2,0,0.0161647070199251,0.0215529426932334,0.2460456937551498,1.718203067779541,4.202797889709473
mixture,em_log,"Euler--Maruyama, log sigma",Euler update,5,2,2,1,0.0142596699879504,0.0190128933172673,0.3114823400974273,1.5011229515075684,3.9394052028656006
mixture,em_log,"Euler--Maruyama, log sigma",Euler update,10,2,2,0,0.0304582159733399,0.0406109546311199,0.13163723051548,0.5694699883460999,0.803482174873352
mixture,em_log,"Euler--Maruyama, log sigma",Euler update,10,2,2,1,0.0300245740218088,0.0400327653624117,0.2068569958209991,0.5429648756980896,0.8078224658966064
mixture,em_log,"Euler--Maruyama, log sigma",Euler update,20,2,2,0,0.0609545340412296,0.0812727120549728,0.1631168127059936,0.3407096564769745,0.3989088535308838
mixture,em_log,"Euler--Maruyama, log sigma",Euler update,20,2,2,1,0.0606625410146079,0.0808833880194773,0.1412814557552337,0.3342130184173584,0.3858754634857178
mixture,em_log,"Euler--Maruyama, log sigma",Euler update,50,2,2,0,0.1568636129959486,0.2091514839945981,0.1302385777235031,0.2427576184272766,0.2288760542869568
mixture,em_log,"Euler--Maruyama, log sigma",Euler update,50,2,2,1,0.1615683510317467,0.2154244680423289,0.1869236677885055,0.2249343693256378,0.2434982061386108
mixture,legacy_time_dpm,Legacy time-space DPM-1,DPM predictor,5,2,3,0,0.0145726940245367,0.0194302586993823,1.3147422075271606,0.1670347303152084,3.864524602890015
mixture,legacy_time_dpm,Legacy time-space DPM-1,DPM predictor,5,2,3,1,0.015482336981222,0.0206431159749627,1.295421481132507,0.1837044507265091,3.633840084075928
mixture,legacy_time_dpm,Legacy time-space DPM-1,DPM predictor,10,2,3,0,0.0289722770103253,0.0386297026804337,1.1806716918945312,0.2992792725563049,3.1014132499694824
mixture,legacy_time_dpm,Legacy time-space DPM-1,DPM predictor,10,2,3,1,0.0288085779757238,0.0384114373009651,1.2111696004867554,0.2696089744567871,3.273267269134521
mixture,legacy_time_dpm,Legacy time-space DPM-1,DPM predictor,20,2,3,0,0.0571131460019387,0.0761508613359183,1.256447672843933,0.3366308808326721,3.424333095550537
mixture,legacy_time_dpm,Legacy time-space DPM-1,DPM predictor,20,2,3,1,0.0565247450140304,0.0753663266853739,1.2181715965270996,0.3429718315601349,3.3419666290283203
mixture,legacy_time_dpm,Legacy time-space DPM-1,DPM predictor,50,2,3,0,0.1532214899780228,0.2042953199706971,1.176565647125244,0.3256060779094696,3.1171998977661133
mixture,legacy_time_dpm,Legacy time-space DPM-1,DPM predictor,50,2,3,1,0.1492328359745443,0.1989771146327257,1.2132877111434937,0.3467712998390198,3.192381858825684
mixture,sigma_uniform_dpm,"Sigma-space DPM-1, uniform t",DPM predictor,5,2,3,0,0.0154564650147221,0.0206086200196295,1.2495824098587036,0.1530544012784958,3.3062994480133057
mixture,sigma_uniform_dpm,"Sigma-space DPM-1, uniform t",DPM predictor,5,2,3,1,0.0138500630273483,0.0184667507031311,1.2304041385650637,0.1746057271957397,3.1336395740509038
mixture,sigma_uniform_dpm,"Sigma-space DPM-1, uniform t",DPM predictor,10,2,3,0,0.0301679819822311,0.0402239759763081,1.105597734451294,0.2506047785282135,2.560358047485352
mixture,sigma_uniform_dpm,"Sigma-space DPM-1, uniform t",DPM predictor,10,2,3,1,0.0305164519813843,0.0406886026418457,1.1337119340896606,0.2230535894632339,2.7184178829193115
mixture,sigma_uniform_dpm,"Sigma-space DPM-1, uniform t",DPM predictor,20,2,3,0,0.0616027280339039,0.0821369707118719,1.1970527172088623,0.294836550951004,2.9961557388305664
mixture,sigma_uniform_dpm,"Sigma-space DPM-1, uniform t",DPM predictor,20,2,3,1,0.0591745299752801,0.0788993733003735,1.159447193145752,0.2996241748332977,2.895081043243408
mixture,sigma_uniform_dpm,"Sigma-space DPM-1, uniform t",DPM predictor,50,2,3,0,0.1480331820202991,0.1973775760270655,1.141862392425537,0.2977624237537384,2.859684467315674
mixture,sigma_uniform_dpm,"Sigma-space DPM-1, uniform t",DPM predictor,50,2,3,1,0.1516656770254485,0.202220902700598,1.17753005027771,0.3194116055965423,2.9419214725494385
mixture,sigma_log_dpm,"Sigma-space DPM-1, log sigma",DPM predictor,5,2,3,0,0.0142577050137333,0.0190102733516444,1.3092187643051147,0.1477766036987304,3.787149429321289
mixture,sigma_log_dpm,"Sigma-space DPM-1, log sigma",DPM predictor,5,2,3,1,0.0162577340379357,0.0216769787172476,1.2899317741394043,0.1648688614368438,3.563562154769897
mixture,sigma_log_dpm,"Sigma-space DPM-1, log sigma",DPM predictor,10,2,3,0,0.0306444629677571,0.0408592839570095,1.1520169973373413,0.2613308429718017,2.8626205921173096
mixture,sigma_log_dpm,"Sigma-space DPM-1, log sigma",DPM predictor,10,2,3,1,0.0302576170070096,0.0403434893426795,1.1810115575790403,0.233754500746727,3.0317444801330566
mixture,sigma_log_dpm,"Sigma-space DPM-1, log sigma",DPM predictor,20,2,3,0,0.0594965029740706,0.0793286706320941,1.2217615842819214,0.3007268905639648,3.162372589111328
mixture,sigma_log_dpm,"Sigma-space DPM-1, log sigma",DPM predictor,20,2,3,1,0.0606401090044528,0.0808534786726037,1.18451988697052,0.3056633472442627,3.0678188800811768
mixture,sigma_log_dpm,"Sigma-space DPM-1, log sigma",DPM predictor,50,2,3,0,0.1500306479865685,0.2000408639820913,1.151648759841919,0.3001687526702881,2.927372455596924
mixture,sigma_log_dpm,"Sigma-space DPM-1, log sigma",DPM predictor,50,2,3,1,0.1512401240179315,0.2016534986905753,1.187463641166687,0.3215434551239013,3.007822036743164
mixture,dpm2_log,"DPM-2 + corrector, log sigma",Overall sampler,5,2,3,0,0.1055165879661217,0.1406887839548289,0.8992398977279663,0.4010091722011566,1.963752269744873
mixture,dpm2_log,"DPM-2 + corrector, log sigma",Overall sampler,5,2,3,1,0.1080390179995447,0.144052023999393,0.954051673412323,0.3810229301452636,2.109004259109497
mixture,dpm2_log,"DPM-2 + corrector, log sigma",Overall sampler,10,2,3,0,0.1528091590153053,0.2037455453537404,0.9629172682762146,0.3668637871742248,2.056100845336914
mixture,dpm2_log,"DPM-2 + corrector, log sigma",Overall sampler,10,2,3,1,0.1511820669984445,0.2015760893312593,0.9780147075653076,0.3273555636405945,2.184077024459839
mixture,dpm2_log,"DPM-2 + corrector, log sigma",Overall sampler,20,2,3,0,0.2431226160260848,0.3241634880347798,0.8858321309089661,0.3496767282485962,1.7633721828460691
mixture,dpm2_log,"DPM-2 + corrector, log sigma",Overall sampler,20,2,3,1,0.2438820280367508,0.3251760373823344,0.8773421049118042,0.3046563267707824,1.747746229171753
mixture,dpm2_log,"DPM-2 + corrector, log sigma",Overall sampler,50,2,3,0,0.5170461570378393,0.6893948760504524,0.7087779641151428,0.2150577455759048,1.164849877357483
mixture,dpm2_log,"DPM-2 + corrector, log sigma",Overall sampler,50,2,3,1,0.5252270339988172,0.700302711998423,0.6925253868103027,0.2404198795557022,1.1254498958587646
mixture,legacy_drift_euler,Legacy drift-only Euler,Euler update,5,2,3,0,0.014644649985712,0.0195261999809493,1.1035375595092771,0.1351863592863083,8.285083770751953
mixture,legacy_drift_euler,Legacy drift-only Euler,Euler update,5,2,3,1,0.0151199960382655,0.0201599947176873,1.0947935581207275,0.1310046166181564,8.15536117553711
mixture,legacy_drift_euler,Legacy drift-only Euler,Euler update,10,2,3,0,0.0303984060301445,0.0405312080401927,0.9087062478065492,0.1421374827623367,7.722522258758545
mixture,legacy_drift_euler,Legacy drift-only Euler,Euler update,10,2,3,1,0.0301448730169795,0.0401931640226393,0.9190388917922974,0.1458654105663299,8.235001564025879
mixture,legacy_drift_euler,Legacy drift-only Euler,Euler update,20,2,3,0,0.0622784419683739,0.0830379226244986,0.8648896813392639,0.1468827873468399,8.142375946044922
mixture,legacy_drift_euler,Legacy drift-only Euler,Euler update,20,2,3,1,0.0620253990055061,0.0827005320073415,0.85172039270401,0.1475271880626678,7.784072875976562
mixture,legacy_drift_euler,Legacy drift-only Euler,Euler update,50,2,3,0,0.1540998590062372,0.205466478674983,0.7904605269432068,0.1538601070642471,8.352465629577637
mixture,legacy_drift_euler,Legacy drift-only Euler,Euler update,50,2,3,1,0.1564270119997672,0.208569349333023,0.8018043637275696,0.1513166427612304,8.790165901184082
mixture,em_uniform,"Euler--Maruyama, uniform t",Euler update,5,2,3,0,0.0161363899824209,0.0215151866432279,1.1219159364700315,0.999971568584442,5.106282234191895
mixture,em_uniform,"Euler--Maruyama, uniform t",Euler update,5,2,3,1,0.0148906050017103,0.0198541400022804,1.1688687801361084,1.000659704208374,5.282073497772217
mixture,em_uniform,"Euler--Maruyama, uniform t",Euler update,10,2,3,0,0.0315456939861178,0.0420609253148237,0.9437455534934998,0.550048828125,2.709248781204224
mixture,em_uniform,"Euler--Maruyama, uniform t",Euler update,10,2,3,1,0.0307429240201599,0.0409905653602133,0.946522295475006,0.5518480539321899,2.870626926422119
mixture,em_uniform,"Euler--Maruyama, uniform t",Euler update,20,2,3,0,0.0622482890030369,0.0829977186707158,0.8671255111694336,0.4948171973228454,2.1544029712677
mixture,em_uniform,"Euler--Maruyama, uniform t",Euler update,20,2,3,1,0.0641169550362974,0.0854892733817299,0.8806948661804199,0.4331636130809784,2.146737098693848
mixture,em_uniform,"Euler--Maruyama, uniform t",Euler update,50,2,3,0,0.1574468259932473,0.2099291013243297,0.8378785848617554,0.3528952598571777,1.8079349994659424
mixture,em_uniform,"Euler--Maruyama, uniform t",Euler update,50,2,3,1,0.1587141439667903,0.211618858622387,0.8292977809906006,0.3187624514102936,1.731548309326172
mixture,em_log,"Euler--Maruyama, log sigma",Euler update,5,2,3,0,0.014540952979587,0.019387937306116,1.1646040678024292,1.6986311674118042,6.500367641448975
mixture,em_log,"Euler--Maruyama, log sigma",Euler update,5,2,3,1,0.0157003449858166,0.0209337933144221,1.2098876237869265,1.9440491199493408,7.2109527587890625
mixture,em_log,"Euler--Maruyama, log sigma",Euler update,10,2,3,0,0.0304859179886989,0.0406478906515985,0.9510448575019836,0.6378154158592224,2.533450126647949
mixture,em_log,"Euler--Maruyama, log sigma",Euler update,10,2,3,1,0.0312048720079474,0.0416064960105965,0.9396806955337524,0.6406523585319519,2.662700891494751
mixture,em_log,"Euler--Maruyama, log sigma",Euler update,20,2,3,0,0.0616820020368322,0.082242669382443,0.8163848519325256,0.4804035425186157,1.8086717128753664
mixture,em_log,"Euler--Maruyama, log sigma",Euler update,20,2,3,1,0.0613435549894347,0.0817914066525797,0.8134421706199646,0.4112006723880768,1.7285172939300537
mixture,em_log,"Euler--Maruyama, log sigma",Euler update,50,2,3,0,0.1541124380310066,0.2054832507080088,0.8088292479515076,0.2972046434879303,1.5686043500900269
mixture,em_log,"Euler--Maruyama, log sigma",Euler update,50,2,3,1,0.1543848990113474,0.2058465320151299,0.8028192520141602,0.3132811486721039,1.542565107345581
mixture,dpm2_uniform,"DPM-2 + corrector, uniform t",Overall sampler,5,0,0,0,5.687971352017485,7.58396180268998,0.10807275027036667,0.2885901629924774,0.4601992964744568
mixture,dpm2_uniform,"DPM-2 + corrector, uniform t",Overall sampler,5,0,0,1,3.7115178129752167,4.948690417300289,0.14495131373405457,0.3298012316226959,0.5614849925041199
mixture,dpm2_uniform,"DPM-2 + corrector, uniform t",Overall sampler,10,0,0,0,4.597891327983234,6.130521770644312,0.11079362779855728,0.2612189054489136,0.28160953521728516
mixture,dpm2_uniform,"DPM-2 + corrector, uniform t",Overall sampler,10,0,0,1,4.816016716999002,6.421355622665335,0.09579160064458847,0.27821651101112366,0.30696213245391846
mixture,dpm2_uniform,"DPM-2 + corrector, uniform t",Overall sampler,20,0,0,0,9.085967291961424,12.114623055948565,0.12368092685937881,0.23776985704898834,0.2511175870895386
mixture,dpm2_uniform,"DPM-2 + corrector, uniform t",Overall sampler,20,0,0,1,9.58974040299654,12.78632053732872,0.07817541062831879,0.2424263060092926,0.21119707822799683
mixture,dpm2_uniform,"DPM-2 + corrector, uniform t",Overall sampler,50,0,0,0,21.159071661008056,28.21209554801074,0.10203420370817184,0.2224384993314743,0.18512064218521118
mixture,dpm2_uniform,"DPM-2 + corrector, uniform t",Overall sampler,50,0,0,1,22.722652663011104,30.29687021734814,0.037337809801101685,0.19729986786842346,0.15420067310333252
mixture,dpm2_uniform,"DPM-2 + corrector, uniform t",Overall sampler,5,0,1,0,3.534191818034742,4.712255757379656,0.17311523854732513,0.30978068709373474,0.7039268016815186
mixture,dpm2_uniform,"DPM-2 + corrector, uniform t",Overall sampler,5,0,1,1,3.4037517289980315,4.538335638664042,0.19205176830291748,0.3623749017715454,0.8617128729820251
mixture,dpm2_uniform,"DPM-2 + corrector, uniform t",Overall sampler,10,0,1,0,2.7235999449621886,3.631466593282918,0.14650525152683258,0.27945613861083984,0.46717947721481323
mixture,dpm2_uniform,"DPM-2 + corrector, uniform t",Overall sampler,10,0,1,1,3.2972829319769517,4.3963772426359355,0.1279943883419037,0.24150879681110382,0.37801092863082886
mixture,dpm2_uniform,"DPM-2 + corrector, uniform t",Overall sampler,20,0,1,0,6.084954951948021,8.113273269264027,0.10586667060852051,0.2438926249742508,0.3279910683631897
mixture,dpm2_uniform,"DPM-2 + corrector, uniform t",Overall sampler,20,0,1,1,8.359620162984356,11.146160217312476,0.09428847581148148,0.22962598502635956,0.2830691933631897
mixture,dpm2_uniform,"DPM-2 + corrector, uniform t",Overall sampler,50,0,1,0,13.42776645597769,17.903688607970253,0.058942753821611404,0.20195643603801727,0.19191646575927734
mixture,dpm2_uniform,"DPM-2 + corrector, uniform t",Overall sampler,50,0,1,1,11.326417347008828,15.10188979601177,0.09239799529314041,0.206993967294693,0.222572922706604
mixture,dpm2_uniform,"DPM-2 + corrector, uniform t",Overall sampler,5,0,2,0,2.305309141986072,3.073745522648096,0.16919364035129547,0.2660682201385498,0.3936738967895508
mixture,dpm2_uniform,"DPM-2 + corrector, uniform t",Overall sampler,5,0,2,1,1.9881653039483353,2.650887071931114,0.15019407868385315,0.2647276818752289,0.4666385054588318
mixture,dpm2_uniform,"DPM-2 + corrector, uniform t",Overall sampler,10,0,2,0,3.650043295987416,4.866724394649888,0.19007599353790283,0.28862446546554565,0.35846710205078125
mixture,dpm2_uniform,"DPM-2 + corrector, uniform t",Overall sampler,10,0,2,1,4.257687192992307,5.676916257323076,0.1613921970129013,0.2211582064628601,0.2549843192100525
mixture,dpm2_uniform,"DPM-2 + corrector, uniform t",Overall sampler,20,0,2,0,6.524887455976568,8.69984994130209,0.19805337488651276,0.26896747946739197,0.30706679821014404
mixture,dpm2_uniform,"DPM-2 + corrector, uniform t",Overall sampler,20,0,2,1,8.506370942981448,11.341827923975265,0.15745997428894043,0.20908279716968536,0.21070796251296997
mixture,dpm2_uniform,"DPM-2 + corrector, uniform t",Overall sampler,50,0,2,0,14.900330293981824,19.867107058642432,0.13848046958446503,0.21225473284721375,0.18953555822372437
mixture,dpm2_uniform,"DPM-2 + corrector, uniform t",Overall sampler,50,0,2,1,18.430589028983377,24.574118705311168,0.07582730054855347,0.1796751171350479,0.13246989250183105
mixture,dpm2_uniform,"DPM-2 + corrector, uniform t",Overall sampler,5,0,3,0,6.906649436976295,9.208865915968394,0.9854291677474976,0.3698471486568451,2.217513084411621
mixture,dpm2_uniform,"DPM-2 + corrector, uniform t",Overall sampler,5,0,3,1,3.896854728984181,5.195806305312241,0.9423797726631165,0.3461471199989319,2.2067747116088867
mixture,dpm2_uniform,"DPM-2 + corrector, uniform t",Overall sampler,10,0,3,0,5.78741028701188,7.716547049349174,0.8298787474632263,0.2361164540052414,1.603652834892273
mixture,dpm2_uniform,"DPM-2 + corrector, uniform t",Overall sampler,10,0,3,1,7.665327952010557,10.220437269347409,0.8797149062156677,0.25378379225730896,1.781114101409912
mixture,dpm2_uniform,"DPM-2 + corrector, uniform t",Overall sampler,20,0,3,0,12.1306559680379,16.174207957383867,0.8617464900016785,0.24063640832901,1.6559556722640991
mixture,dpm2_uniform,"DPM-2 + corrector, uniform t",Overall sampler,20,0,3,1,14.555876412952784,19.407835217270378,0.831535816192627,0.2380872517824173,1.5687358379364014
mixture,dpm2_uniform,"DPM-2 + corrector, uniform t",Overall sampler,50,0,3,0,7.319280505995266,9.759040674660355,0.6707834005355835,0.18746988475322723,1.1025514602661133
mixture,dpm2_uniform,"DPM-2 + corrector, uniform t",Overall sampler,50,0,3,1,9.911854656005744,13.215806208007658,0.6980653405189514,0.2480780929327011,1.1857779026031494
mixture,dpm2_uniform,"DPM-2 + corrector, uniform t",Overall sampler,5,1,0,0,2.209238159004599,2.9456508786727986,0.08726360648870468,0.3528154194355011,0.5551167130470276
mixture,dpm2_uniform,"DPM-2 + corrector, uniform t",Overall sampler,5,1,0,1,2.4935151420067996,3.324686856009066,0.1258895993232727,0.4019971191883087,0.6777294874191284
mixture,dpm2_uniform,"DPM-2 + corrector, uniform t",Overall sampler,10,1,0,0,3.8297038730233908,5.106271830697854,0.09113112092018127,0.31997159123420715,0.3594204783439636
mixture,dpm2_uniform,"DPM-2 + corrector, uniform t",Overall sampler,10,1,0,1,4.2577650240273215,5.677020032036428,0.07297582179307938,0.3500526547431946,0.41258060932159424
mixture,dpm2_uniform,"DPM-2 + corrector, uniform t",Overall sampler,20,1,0,0,7.995511721994262,10.66068229599235,0.10049866139888763,0.2969352900981903,0.32271015644073486
mixture,dpm2_uniform,"DPM-2 + corrector, uniform t",Overall sampler,20,1,0,1,4.222141476988327,5.629521969317769,0.055210039019584656,0.3042284846305847,0.2958719730377197
mixture,dpm2_uniform,"DPM-2 + corrector, uniform t",Overall sampler,50,1,0,0,9.92621225095354,13.234949667938054,0.0712461844086647,0.2772284150123596,0.24226057529449463
mixture,dpm2_uniform,"DPM-2 + corrector, uniform t",Overall sampler,50,1,0,1,12.890341915015597,17.18712255335413,0.038547124713659286,0.24467380344867706,0.21474748849868774
mixture,dpm2_uniform,"DPM-2 + corrector, uniform t",Overall sampler,5,1,1,0,2.9923879269626923,3.9898505692835897,0.17490516602993011,0.38523349165916443,0.8316499590873718
mixture,dpm2_uniform,"DPM-2 + corrector, uniform t",Overall sampler,5,1,1,1,2.782576458004769,3.7101019440063587,0.19320467114448547,0.45714977383613586,1.0375652313232422
mixture,dpm2_uniform,"DPM-2 + corrector, uniform t",Overall sampler,10,1,1,0,3.7691986620193347,5.02559821602578,0.1472986340522766,0.35986799001693726,0.6075358390808105
mixture,dpm2_uniform,"DPM-2 + corrector, uniform t",Overall sampler,10,1,1,1,3.8200177649850957,5.093357019980128,0.13553111255168915,0.30597347021102905,0.4958016872406006
mixture,dpm2_uniform,"DPM-2 + corrector, uniform t",Overall sampler,20,1,1,0,4.380944937001914,5.841259916002552,0.09992148727178574,0.3127371668815613,0.4374023675918579
mixture,dpm2_uniform,"DPM-2 + corrector, uniform t",Overall sampler,20,1,1,1,5.807664733962156,7.743552978616208,0.09067214280366898,0.3080366253852844,0.39386820793151855
mixture,dpm2_uniform,"DPM-2 + corrector, uniform t",Overall sampler,50,1,1,0,9.534728222992271,12.712970963989696,0.04649319872260094,0.2648744285106659,0.2762610912322998
mixture,dpm2_uniform,"DPM-2 + corrector, uniform t",Overall sampler,50,1,1,1,12.16864574997453,16.22486099996604,0.08363426476716995,0.2706020176410675,0.29542040824890137
mixture,dpm2_uniform,"DPM-2 + corrector, uniform t",Overall sampler,5,1,2,0,2.587079280987382,3.4494390413165092,0.152501180768013,0.2956744432449341,0.44347429275512695
mixture,dpm2_uniform,"DPM-2 + corrector, uniform t",Overall sampler,5,1,2,1,2.720786638034042,3.6277155173787228,0.13010533154010773,0.2950541079044342,0.5310845375061035
mixture,dpm2_uniform,"DPM-2 + corrector, uniform t",Overall sampler,10,1,2,0,3.4373978229705244,4.583197097294033,0.17438720166683197,0.33562320470809937,0.4520604610443115
mixture,dpm2_uniform,"DPM-2 + corrector, uniform t",Overall sampler,10,1,2,1,4.1335665410151705,5.511422054686894,0.14745204150676727,0.2539016008377075,0.3139692544937134
mixture,dpm2_uniform,"DPM-2 + corrector, uniform t",Overall sampler,20,1,2,0,5.240899449971039,6.987865933294718,0.17794157564640045,0.3249826431274414,0.387190580368042
mixture,dpm2_uniform,"DPM-2 + corrector, uniform t",Overall sampler,20,1,2,1,6.763862063991837,9.018482751989117,0.13640351593494415,0.2421824038028717,0.2532805800437927
mixture,dpm2_uniform,"DPM-2 + corrector, uniform t",Overall sampler,50,1,2,0,12.406166757980827,16.54155567730777,0.12223899364471436,0.2480180561542511,0.23177510499954224
mixture,dpm2_uniform,"DPM-2 + corrector, uniform t",Overall sampler,50,1,2,1,12.61464922199957,16.819532295999426,0.05358744040131569,0.21099501848220825,0.17886197566986084
mixture,dpm2_uniform,"DPM-2 + corrector, uniform t",Overall sampler,5,1,3,0,2.8122249220032245,3.7496332293376327,0.9981390237808228,0.457884281873703,2.4403905868530273
mixture,dpm2_uniform,"DPM-2 + corrector, uniform t",Overall sampler,5,1,3,1,3.2021805639960803,4.269574085328107,0.947640597820282,0.41912561655044556,2.3922200202941895
mixture,dpm2_uniform,"DPM-2 + corrector, uniform t",Overall sampler,10,1,3,0,3.2101258150069043,4.280167753342539,0.8422303199768066,0.30122196674346924,1.7881314754486084
mixture,dpm2_uniform,"DPM-2 + corrector, uniform t",Overall sampler,10,1,3,1,3.7198636530083604,4.959818204011147,0.8987694382667542,0.33322662115097046,2.005075693130493
mixture,dpm2_uniform,"DPM-2 + corrector, uniform t",Overall sampler,20,1,3,0,7.285359048983082,9.713812065310776,0.880965530872345,0.3095637857913971,1.8767319917678833
mixture,dpm2_uniform,"DPM-2 + corrector, uniform t",Overall sampler,20,1,3,1,5.711287919955794,7.615050559941058,0.8462502956390381,0.29870596528053284,1.7661826610565186
mixture,dpm2_uniform,"DPM-2 + corrector, uniform t",Overall sampler,50,1,3,0,8.830655410012696,11.77420721335026,0.6711715459823608,0.23807884752750397,1.2727686166763306
mixture,dpm2_uniform,"DPM-2 + corrector, uniform t",Overall sampler,50,1,3,1,15.085067906009499,20.11342387467933,0.7018112540245056,0.31456124782562256,1.388073205947876
mixture,dpm2_uniform,"DPM-2 + corrector, uniform t",Overall sampler,5,2,0,0,2.2833766450057738,3.0445021933410317,0.0839943066239357,0.2935371696949005,0.4809086322784424
mixture,dpm2_uniform,"DPM-2 + corrector, uniform t",Overall sampler,5,2,0,1,2.3622884349897504,3.1497179133196673,0.11964152753353119,0.3343019187450409,0.5851871967315674
mixture,dpm2_uniform,"DPM-2 + corrector, uniform t",Overall sampler,10,2,0,0,2.7918855979805812,3.722514130640775,0.08285342901945114,0.2703450918197632,0.2924051284790039
mixture,dpm2_uniform,"DPM-2 + corrector, uniform t",Overall sampler,10,2,0,1,3.736255197029095,4.981673596038793,0.06643714010715485,0.2863026559352875,0.31906408071517944
mixture,dpm2_uniform,"DPM-2 + corrector, uniform t",Overall sampler,20,2,0,0,6.499650860961992,8.666201147949323,0.09263408184051514,0.25047966837882996,0.26691633462905884
mixture,dpm2_uniform,"DPM-2 + corrector, uniform t",Overall sampler,20,2,0,1,5.954262445040513,7.93901659338735,0.04551426321268082,0.2514245808124542,0.22528111934661865
mixture,dpm2_uniform,"DPM-2 + corrector, uniform t",Overall sampler,50,2,0,0,9.636721834016498,12.848962445355331,0.06582552194595337,0.2290128916501999,0.18944233655929565
mixture,dpm2_uniform,"DPM-2 + corrector, uniform t",Overall sampler,50,2,0,1,13.650924127025064,18.20123216936675,0.04120832309126854,0.20054487884044647,0.1670045256614685
mixture,dpm2_uniform,"DPM-2 + corrector, uniform t",Overall sampler,5,2,1,0,1.7715689329779707,2.3620919106372944,0.17793257534503937,0.31071892380714417,0.7237884402275085
mixture,dpm2_uniform,"DPM-2 + corrector, uniform t",Overall sampler,5,2,1,1,3.071949159959331,4.0959322132791085,0.19538220763206482,0.3629334568977356,0.8773166537284851
mixture,dpm2_uniform,"DPM-2 + corrector, uniform t",Overall sampler,10,2,1,0,5.145731893018819,6.860975857358426,0.13791631162166595,0.28177890181541443,0.45849883556365967
mixture,dpm2_uniform,"DPM-2 + corrector, uniform t",Overall sampler,10,2,1,1,3.1701077049947344,4.226810273326312,0.12977223098278046,0.24300213158130646,0.37447047233581543
mixture,dpm2_uniform,"DPM-2 + corrector, uniform t",Overall sampler,20,2,1,0,4.958422223979142,6.611229631972189,0.09574618190526962,0.2497446984052658,0.3328092694282532
mixture,dpm2_uniform,"DPM-2 + corrector, uniform t",Overall sampler,20,2,1,1,6.5600694789900444,8.74675930532006,0.08802270144224167,0.2359769493341446,0.2855653762817383
mixture,dpm2_uniform,"DPM-2 + corrector, uniform t",Overall sampler,50,2,1,0,11.79243689600844,15.72324919467792,0.04472500830888748,0.20065830647945404,0.18660002946853638
mixture,dpm2_uniform,"DPM-2 + corrector, uniform t",Overall sampler,50,2,1,1,12.010268295009155,16.013691060012206,0.07372656464576721,0.20770363509655,0.2173442840576172
mixture,dpm2_uniform,"DPM-2 + corrector, uniform t",Overall sampler,5,2,2,0,3.827320642012637,5.103094189350183,0.18065476417541504,0.2701281011104584,0.42748212814331055
mixture,dpm2_uniform,"DPM-2 + corrector, uniform t",Overall sampler,5,2,2,1,2.892372714006342,3.856496952008456,0.1608855128288269,0.26926928758621216,0.5073144435882568
mixture,dpm2_uniform,"DPM-2 + corrector, uniform t",Overall sampler,10,2,2,0,3.962320661987178,5.283094215982904,0.20198145508766174,0.2899889647960663,0.38716280460357666
mixture,dpm2_uniform,"DPM-2 + corrector, uniform t",Overall sampler,10,2,2,1,5.288794076011982,7.051725434682642,0.17180274426937103,0.2235792577266693,0.28070229291915894
mixture,dpm2_uniform,"DPM-2 + corrector, uniform t",Overall sampler,20,2,2,0,8.062230762036052,10.749641016048068,0.20954085886478424,0.2716522812843323,0.3365408182144165
mixture,dpm2_uniform,"DPM-2 + corrector, uniform t",Overall sampler,20,2,2,1,7.6043839160120115,10.139178554682681,0.16858568787574768,0.21580371260643005,0.24417006969451904
mixture,dpm2_uniform,"DPM-2 + corrector, uniform t",Overall sampler,50,2,2,0,11.544704250001814,15.39293900000242,0.1490197479724884,0.21460089087486267,0.21546298265457153
mixture,dpm2_uniform,"DPM-2 + corrector, uniform t",Overall sampler,50,2,2,1,7.341028530965559,9.788038041287413,0.0868387445807457,0.17956200242042542,0.14722466468811035
mixture,dpm2_uniform,"DPM-2 + corrector, uniform t",Overall sampler,5,2,3,0,1.3488136399537325,1.7984181866049767,0.9837838411331177,0.41704508662223816,2.273388385772705
mixture,dpm2_uniform,"DPM-2 + corrector, uniform t",Overall sampler,5,2,3,1,1.5696318129776046,2.0928424173034728,0.9374430775642395,0.3889058232307434,2.240201234817505
mixture,dpm2_uniform,"DPM-2 + corrector, uniform t",Overall sampler,10,2,3,0,3.054296477988828,4.072395303985104,0.8221740126609802,0.28801485896110535,1.619950294494629
mixture,dpm2_uniform,"DPM-2 + corrector, uniform t",Overall sampler,10,2,3,1,3.079512052994687,4.1060160706595825,0.8781967759132385,0.3071414530277252,1.806039810180664
mixture,dpm2_uniform,"DPM-2 + corrector, uniform t",Overall sampler,20,2,3,0,3.6728296949877404,4.897106259983654,0.8654249906539917,0.29799380898475647,1.7292494773864746
mixture,dpm2_uniform,"DPM-2 + corrector, uniform t",Overall sampler,20,2,3,1,2.5191093320026994,3.3588124426702657,0.8331153988838196,0.29405832290649414,1.6176117658615112
mixture,dpm2_uniform,"DPM-2 + corrector, uniform t",Overall sampler,50,2,3,0,6.138034272997174,8.184045697329566,0.6586688756942749,0.2340232878923416,1.1076140403747559
mixture,dpm2_uniform,"DPM-2 + corrector, uniform t",Overall sampler,50,2,3,1,6.84087889501825,9.121171860024333,0.6893932223320007,0.29828718304634094,1.210217833518982
